tabela,variavel_id,variavel,unidade,nivel,localidade_id,localidade,periodo,Classes de rendimento total e variação patrimonial mensal familiar,Tipos de despesa,valor_original,valor
6715,1201,Despesa monetária e não monetária média mensal familiar,Reais,Brasil,1,Brasil,2018,Total,1 Despesa total,4649.03,4649.03
6715,1201,Despesa monetária e não monetária média mensal familiar,Reais,Unidade da Federação,11,Rondônia,2018,Total,1 Despesa total,3157.71,3157.71
6715,1201,Despesa monetária e não monetária média mensal familiar,Reais,Unidade da Federação,12,Acre,2018,Total,1 Despesa total,3651.59,3651.59
6715,1201,Despesa monetária e não monetária média mensal familiar,Reais,Unidade da Federação,13,Amazonas,2018,Total,1 Despesa total,3218.87,3218.87
6715,1201,Despesa monetária e não monetária média mensal familiar,Reais,Unidade da Federação,14,Roraima,2018,Total,1 Despesa total,3346.81,3346.81
6715,1201,Despesa monetária e não monetária média mensal familiar,Reais,Unidade da Federação,15,Pará,2018,Total,1 Despesa total,3124.69,3124.69
6715,1201,Despesa monetária e não monetária média mensal familiar,Reais,Unidade da Federação,16,Amapá,2018,Total,1 Despesa total,4451.32,4451.32
6715,1201,Despesa monetária e não monetária média mensal familiar,Reais,Unidade da Federação,17,Tocantins,2018,Total,1 Despesa total,2552.53,2552.53
6715,1201,Despesa monetária e não monetária média mensal familiar,Reais,Unidade da Federação,21,Maranhão,2018,Total,1 Despesa total,2620.93,2620.93
6715,1201,Despesa monetária e não monetária média mensal familiar,Reais,Unidade da Federação,22,Piauí,2018,Total,1 Despesa total,2841.37,2841.37
6715,1201,Despesa monetária e não monetária média mensal familiar,Reais,Unidade da Federação,23,Ceará,2018,Total,1 Despesa total,2830.34,2830.34
6715,1201,Despesa monetária e não monetária média mensal familiar,Reais,Unidade da Federação,24,Rio Grande do Norte,2018,Total,1 Despesa total,3910.53,3910.53
6715,1201,Despesa monetária e não monetária média mensal familiar,Reais,Unidade da Federação,25,Paraíba,2018,Total,1 Despesa total,2893.59,2893.59
6715,1201,Despesa monetária e não monetária média mensal familiar,Reais,Unidade da Federação,26,Pernambuco,2018,Total,1 Despesa total,3442.75,3442.75
6715,1201,Despesa monetária e não monetária média mensal familiar,Reais,Unidade da Federação,27,Alagoas,2018,Total,1 Despesa total,2417.84,2417.84
6715,1201,Despesa monetária e não monetária média mensal familiar,Reais,Unidade da Federação,28,Sergipe,2018,Total,1 Despesa total,3924.18,3924.18
6715,1201,Despesa monetária e não monetária média mensal familiar,Reais,Unidade da Federação,29,Bahia,2018,Total,1 Despesa total,3423.63,3423.63
6715,1201,Despesa monetária e não monetária média mensal familiar,Reais,Unidade da Federação,31,Minas Gerais,2018,Total,1 Despesa total,4390.72,4390.72
6715,1201,Despesa monetária e não monetária média mensal familiar,Reais,Unidade da Federação,32,Espírito Santo,2018,Total,1 Despesa total,4041.14,4041.14
6715,1201,Despesa monetária e não monetária média mensal familiar,Reais,Unidade da Federação,33,Rio de Janeiro,2018,Total,1 Despesa total,4611.78,4611.78
6715,1201,Despesa monetária e não monetária média mensal familiar,Reais,Unidade da Federação,35,São Paulo,2018,Total,1 Despesa total,6312.16,6312.16
6715,1201,Despesa monetária e não monetária média mensal familiar,Reais,Unidade da Federação,41,Paraná,2018,Total,1 Despesa total,5115.09,5115.09
6715,1201,Despesa monetária e não monetária média mensal familiar,Reais,Unidade da Federação,42,Santa Catarina,2018,Total,1 Despesa total,4931.18,4931.18
6715,1201,Despesa monetária e não monetária média mensal familiar,Reais,Unidade da Federação,43,Rio Grande do Sul,2018,Total,1 Despesa total,5195.32,5195.32
6715,1201,Despesa monetária e não monetária média mensal familiar,Reais,Unidade da Federação,50,Mato Grosso do Sul,2018,Total,1 Despesa total,4903.67,4903.67
6715,1201,Despesa monetária e não monetária média mensal familiar,Reais,Unidade da Federação,51,Mato Grosso,2018,Total,1 Despesa total,4739.83,4739.83
6715,1201,Despesa monetária e não monetária média mensal familiar,Reais,Unidade da Federação,52,Goiás,2018,Total,1 Despesa total,4872.92,4872.92
6715,1201,Despesa monetária e não monetária média mensal familiar,Reais,Unidade da Federação,53,Distrito Federal,2018,Total,1 Despesa total,9874.73,9874.73
6715,1201,Despesa monetária e não monetária média mensal familiar,Reais,Brasil,1,Brasil,2018,Total,2.1 Despesas de consumo,3764.51,3764.51
6715,1201,Despesa monetária e não monetária média mensal familiar,Reais,Unidade da Federação,11,Rondônia,2018,Total,2.1 Despesas de consumo,2566.77,2566.77
6715,1201,Despesa monetária e não monetária média mensal familiar,Reais,Unidade da Federação,12,Acre,2018,Total,2.1 Despesas de consumo,2897.46,2897.46
6715,1201,Despesa monetária e não monetária média mensal familiar,Reais,Unidade da Federação,13,Amazonas,2018,Total,2.1 Despesas de consumo,2696.00,2696.0
6715,1201,Despesa monetária e não monetária média mensal familiar,Reais,Unidade da Federação,14,Roraima,2018,Total,2.1 Despesas de consumo,2701.37,2701.37
6715,1201,Despesa monetária e não monetária média mensal familiar,Reais,Unidade da Federação,15,Pará,2018,Total,2.1 Despesas de consumo,2615.29,2615.29
6715,1201,Despesa monetária e não monetária média mensal familiar,Reais,Unidade da Federação,16,Amapá,2018,Total,2.1 Despesas de consumo,3613.20,3613.2
6715,1201,Despesa monetária e não monetária média mensal familiar,Reais,Unidade da Federação,17,Tocantins,2018,Total,2.1 Despesas de consumo,2139.12,2139.12
6715,1201,Despesa monetária e não monetária média mensal familiar,Reais,Unidade da Federação,21,Maranhão,2018,Total,2.1 Despesas de consumo,2228.67,2228.67
6715,1201,Despesa monetária e não monetária média mensal familiar,Reais,Unidade da Federação,22,Piauí,2018,Total,2.1 Despesas de consumo,2428.64,2428.64
6715,1201,Despesa monetária e não monetária média mensal familiar,Reais,Unidade da Federação,23,Ceará,2018,Total,2.1 Despesas de consumo,2375.65,2375.65
6715,1201,Despesa monetária e não monetária média mensal familiar,Reais,Unidade da Federação,24,Rio Grande do Norte,2018,Total,2.1 Despesas de consumo,3336.17,3336.17
6715,1201,Despesa monetária e não monetária média mensal familiar,Reais,Unidade da Federação,25,Paraíba,2018,Total,2.1 Despesas de consumo,2349.91,2349.91
6715,1201,Despesa monetária e não monetária média mensal familiar,Reais,Unidade da Federação,26,Pernambuco,2018,Total,2.1 Despesas de consumo,2889.14,2889.14
6715,1201,Despesa monetária e não monetária média mensal familiar,Reais,Unidade da Federação,27,Alagoas,2018,Total,2.1 Despesas de consumo,2018.02,2018.02
6715,1201,Despesa monetária e não monetária média mensal familiar,Reais,Unidade da Federação,28,Sergipe,2018,Total,2.1 Despesas de consumo,3276.79,3276.79
6715,1201,Despesa monetária e não monetária média mensal familiar,Reais,Unidade da Federação,29,Bahia,2018,Total,2.1 Despesas de consumo,2906.56,2906.56
6715,1201,Despesa monetária e não monetária média mensal familiar,Reais,Unidade da Federação,31,Minas Gerais,2018,Total,2.1 Despesas de consumo,3635.92,3635.92
6715,1201,Despesa monetária e não monetária média mensal familiar,Reais,Unidade da Federação,32,Espírito Santo,2018,Total,2.1 Despesas de consumo,3287.27,3287.27
6715,1201,Despesa monetária e não monetária média mensal familiar,Reais,Unidade da Federação,33,Rio de Janeiro,2018,Total,2.1 Despesas de consumo,3753.21,3753.21
6715,1201,Despesa monetária e não monetária média mensal familiar,Reais,Unidade da Federação,35,São Paulo,2018,Total,2.1 Despesas de consumo,5080.59,5080.59
6715,1201,Despesa monetária e não monetária média mensal familiar,Reais,Unidade da Federação,41,Paraná,2018,Total,2.1 Despesas de consumo,3863.38,3863.38
6715,1201,Despesa monetária e não monetária média mensal familiar,Reais,Unidade da Federação,42,Santa Catarina,2018,Total,2.1 Despesas de consumo,4090.41,4090.41
6715,1201,Despesa monetária e não monetária média mensal familiar,Reais,Unidade da Federação,43,Rio Grande do Sul,2018,Total,2.1 Despesas de consumo,4170.46,4170.46
6715,1201,Despesa monetária e não monetária média mensal familiar,Reais,Unidade da Federação,50,Mato Grosso do Sul,2018,Total,2.1 Despesas de consumo,3937.28,3937.28
6715,1201,Despesa monetária e não monetária média mensal familiar,Reais,Unidade da Federação,51,Mato Grosso,2018,Total,2.1 Despesas de consumo,3830.03,3830.03
6715,1201,Despesa monetária e não monetária média mensal familiar,Reais,Unidade da Federação,52,Goiás,2018,Total,2.1 Despesas de consumo,3777.75,3777.75
6715,1201,Despesa monetária e não monetária média mensal familiar,Reais,Unidade da Federação,53,Distrito Federal,2018,Total,2.1 Despesas de consumo,6994.48,6994.48
6715,1201,Despesa monetária e não monetária média mensal familiar,Reais,Brasil,1,Brasil,2018,Total,2.1.1 Alimentação,658.23,658.23
6715,1201,Despesa monetária e não monetária média mensal familiar,Reais,Unidade da Federação,11,Rondônia,2018,Total,2.1.1 Alimentação,386.79,386.79
6715,1201,Despesa monetária e não monetária média mensal familiar,Reais,Unidade da Federação,12,Acre,2018,Total,2.1.1 Alimentação,637.28,637.28
6715,1201,Despesa monetária e não monetária média mensal familiar,Reais,Unidade da Federação,13,Amazonas,2018,Total,2.1.1 Alimentação,557.70,557.7
6715,1201,Despesa monetária e não monetária média mensal familiar,Reais,Unidade da Federação,14,Roraima,2018,Total,2.1.1 Alimentação,545.88,545.88
6715,1201,Despesa monetária e não monetária média mensal familiar,Reais,Unidade da Federação,15,Pará,2018,Total,2.1.1 Alimentação,608.43,608.43
6715,1201,Despesa monetária e não monetária média mensal familiar,Reais,Unidade da Federação,16,Amapá,2018,Total,2.1.1 Alimentação,894.87,894.87
6715,1201,Despesa monetária e não monetária média mensal familiar,Reais,Unidade da Federação,17,Tocantins,2018,Total,2.1.1 Alimentação,294.00,294.0
6715,1201,Despesa monetária e não monetária média mensal familiar,Reais,Unidade da Federação,21,Maranhão,2018,Total,2.1.1 Alimentação,498.60,498.6
6715,1201,Despesa monetária e não monetária média mensal familiar,Reais,Unidade da Federação,22,Piauí,2018,Total,2.1.1 Alimentação,647.17,647.17
6715,1201,Despesa monetária e não monetária média mensal familiar,Reais,Unidade da Federação,23,Ceará,2018,Total,2.1.1 Alimentação,526.53,526.53
6715,1201,Despesa monetária e não monetária média mensal familiar,Reais,Unidade da Federação,24,Rio Grande do Norte,2018,Total,2.1.1 Alimentação,820.21,820.21
6715,1201,Despesa monetária e não monetária média mensal familiar,Reais,Unidade da Federação,25,Paraíba,2018,Total,2.1.1 Alimentação,496.10,496.1
6715,1201,Despesa monetária e não monetária média mensal familiar,Reais,Unidade da Federação,26,Pernambuco,2018,Total,2.1.1 Alimentação,587.35,587.35
6715,1201,Despesa monetária e não monetária média mensal familiar,Reais,Unidade da Federação,27,Alagoas,2018,Total,2.1.1 Alimentação,390.71,390.71
6715,1201,Despesa monetária e não monetária média mensal familiar,Reais,Unidade da Federação,28,Sergipe,2018,Total,2.1.1 Alimentação,794.97,794.97
6715,1201,Despesa monetária e não monetária média mensal familiar,Reais,Unidade da Federação,29,Bahia,2018,Total,2.1.1 Alimentação,626.61,626.61
6715,1201,Despesa monetária e não monetária média mensal familiar,Reais,Unidade da Federação,31,Minas Gerais,2018,Total,2.1.1 Alimentação,688.51,688.51
6715,1201,Despesa monetária e não monetária média mensal familiar,Reais,Unidade da Federação,32,Espírito Santo,2018,Total,2.1.1 Alimentação,465.51,465.51
6715,1201,Despesa monetária e não monetária média mensal familiar,Reais,Unidade da Federação,33,Rio de Janeiro,2018,Total,2.1.1 Alimentação,596.14,596.14
6715,1201,Despesa monetária e não monetária média mensal familiar,Reais,Unidade da Federação,35,São Paulo,2018,Total,2.1.1 Alimentação,751.62,751.62
6715,1201,Despesa monetária e não monetária média mensal familiar,Reais,Unidade da Federação,41,Paraná,2018,Total,2.1.1 Alimentação,641.75,641.75
6715,1201,Despesa monetária e não monetária média mensal familiar,Reais,Unidade da Federação,42,Santa Catarina,2018,Total,2.1.1 Alimentação,698.67,698.67
6715,1201,Despesa monetária e não monetária média mensal familiar,Reais,Unidade da Federação,43,Rio Grande do Sul,2018,Total,2.1.1 Alimentação,736.69,736.69
6715,1201,Despesa monetária e não monetária média mensal familiar,Reais,Unidade da Federação,50,Mato Grosso do Sul,2018,Total,2.1.1 Alimentação,806.48,806.48
6715,1201,Despesa monetária e não monetária média mensal familiar,Reais,Unidade da Federação,51,Mato Grosso,2018,Total,2.1.1 Alimentação,708.29,708.29
6715,1201,Despesa monetária e não monetária média mensal familiar,Reais,Unidade da Federação,52,Goiás,2018,Total,2.1.1 Alimentação,652.88,652.88
6715,1201,Despesa monetária e não monetária média mensal familiar,Reais,Unidade da Federação,53,Distrito Federal,2018,Total,2.1.1 Alimentação,876.27,876.27
6715,1201,Despesa monetária e não monetária média mensal familiar,Reais,Brasil,1,Brasil,2018,Total,2.1.8 Recreação e cultura,96.16,96.16
6715,1201,Despesa monetária e não monetária média mensal familiar,Reais,Unidade da Federação,11,Rondônia,2018,Total,2.1.8 Recreação e cultura,78.77,78.77
6715,1201,Despesa monetária e não monetária média mensal familiar,Reais,Unidade da Federação,12,Acre,2018,Total,2.1.8 Recreação e cultura,70.66,70.66
6715,1201,Despesa monetária e não monetária média mensal familiar,Reais,Unidade da Federação,13,Amazonas,2018,Total,2.1.8 Recreação e cultura,74.59,74.59
6715,1201,Despesa monetária e não monetária média mensal familiar,Reais,Unidade da Federação,14,Roraima,2018,Total,2.1.8 Recreação e cultura,54.50,54.5
6715,1201,Despesa monetária e não monetária média mensal familiar,Reais,Unidade da Federação,15,Pará,2018,Total,2.1.8 Recreação e cultura,63.04,63.04
6715,1201,Despesa monetária e não monetária média mensal familiar,Reais,Unidade da Federação,16,Amapá,2018,Total,2.1.8 Recreação e cultura,83.43,83.43
6715,1201,Despesa monetária e não monetária média mensal familiar,Reais,Unidade da Federação,17,Tocantins,2018,Total,2.1.8 Recreação e cultura,52.48,52.48
6715,1201,Despesa monetária e não monetária média mensal familiar,Reais,Unidade da Federação,21,Maranhão,2018,Total,2.1.8 Recreação e cultura,64.16,64.16
6715,1201,Despesa monetária e não monetária média mensal familiar,Reais,Unidade da Federação,22,Piauí,2018,Total,2.1.8 Recreação e cultura,33.12,33.12
6715,1201,Despesa monetária e não monetária média mensal familiar,Reais,Unidade da Federação,23,Ceará,2018,Total,2.1.8 Recreação e cultura,54.28,54.28
6715,1201,Despesa monetária e não monetária média mensal familiar,Reais,Unidade da Federação,24,Rio Grande do Norte,2018,Total,2.1.8 Recreação e cultura,91.19,91.19
6715,1201,Despesa monetária e não monetária média mensal familiar,Reais,Unidade da Federação,25,Paraíba,2018,Total,2.1.8 Recreação e cultura,75.39,75.39
6715,1201,Despesa monetária e não monetária média mensal familiar,Reais,Unidade da Federação,26,Pernambuco,2018,Total,2.1.8 Recreação e cultura,72.99,72.99
6715,1201,Despesa monetária e não monetária média mensal familiar,Reais,Unidade da Federação,27,Alagoas,2018,Total,2.1.8 Recreação e cultura,49.34,49.34
6715,1201,Despesa monetária e não monetária média mensal familiar,Reais,Unidade da Federação,28,Sergipe,2018,Total,2.1.8 Recreação e cultura,73.72,73.72
6715,1201,Despesa monetária e não monetária média mensal familiar,Reais,Unidade da Federação,29,Bahia,2018,Total,2.1.8 Recreação e cultura,75.39,75.39
6715,1201,Despesa monetária e não monetária média mensal familiar,Reais,Unidade da Federação,31,Minas Gerais,2018,Total,2.1.8 Recreação e cultura,95.09,95.09
6715,1201,Despesa monetária e não monetária média mensal familiar,Reais,Unidade da Federação,32,Espírito Santo,2018,Total,2.1.8 Recreação e cultura,69.96,69.96
6715,1201,Despesa monetária e não monetária média mensal familiar,Reais,Unidade da Federação,33,Rio de Janeiro,2018,Total,2.1.8 Recreação e cultura,109.07,109.07
6715,1201,Despesa monetária e não monetária média mensal familiar,Reais,Unidade da Federação,35,São Paulo,2018,Total,2.1.8 Recreação e cultura,122.13,122.13
6715,1201,Despesa monetária e não monetária média mensal familiar,Reais,Unidade da Federação,41,Paraná,2018,Total,2.1.8 Recreação e cultura,105.92,105.92
6715,1201,Despesa monetária e não monetária média mensal familiar,Reais,Unidade da Federação,42,Santa Catarina,2018,Total,2.1.8 Recreação e cultura,93.05,93.05
6715,1201,Despesa monetária e não monetária média mensal familiar,Reais,Unidade da Federação,43,Rio Grande do Sul,2018,Total,2.1.8 Recreação e cultura,112.85,112.85
6715,1201,Despesa monetária e não monetária média mensal familiar,Reais,Unidade da Federação,50,Mato Grosso do Sul,2018,Total,2.1.8 Recreação e cultura,89.84,89.84
6715,1201,Despesa monetária e não monetária média mensal familiar,Reais,Unidade da Federação,51,Mato Grosso,2018,Total,2.1.8 Recreação e cultura,82.67,82.67
6715,1201,Despesa monetária e não monetária média mensal familiar,Reais,Unidade da Federação,52,Goiás,2018,Total,2.1.8 Recreação e cultura,95.56,95.56
6715,1201,Despesa monetária e não monetária média mensal familiar,Reais,Unidade da Federação,53,Distrito Federal,2018,Total,2.1.8 Recreação e cultura,243.24,243.24
6715,1201,Despesa monetária e não monetária média mensal familiar,Reais,Brasil,1,Brasil,2018,Total,2.1.8.4 Recreações e esportes,21.55,21.55
6715,1201,Despesa monetária e não monetária média mensal familiar,Reais,Unidade da Federação,11,Rondônia,2018,Total,2.1.8.4 Recreações e esportes,7.97,7.97
6715,1201,Despesa monetária e não monetária média mensal familiar,Reais,Unidade da Federação,12,Acre,2018,Total,2.1.8.4 Recreações e esportes,8.38,8.38
6715,1201,Despesa monetária e não monetária média mensal familiar,Reais,Unidade da Federação,13,Amazonas,2018,Total,2.1.8.4 Recreações e esportes,13.89,13.89
6715,1201,Despesa monetária e não monetária média mensal familiar,Reais,Unidade da Federação,14,Roraima,2018,Total,2.1.8.4 Recreações e esportes,11.11,11.11
6715,1201,Despesa monetária e não monetária média mensal familiar,Reais,Unidade da Federação,15,Pará,2018,Total,2.1.8.4 Recreações e esportes,10.44,10.44
6715,1201,Despesa monetária e não monetária média mensal familiar,Reais,Unidade da Federação,16,Amapá,2018,Total,2.1.8.4 Recreações e esportes,21.12,21.12
6715,1201,Despesa monetária e não monetária média mensal familiar,Reais,Unidade da Federação,17,Tocantins,2018,Total,2.1.8.4 Recreações e esportes,4.93,4.93
6715,1201,Despesa monetária e não monetária média mensal familiar,Reais,Unidade da Federação,21,Maranhão,2018,Total,2.1.8.4 Recreações e esportes,6.52,6.52
6715,1201,Despesa monetária e não monetária média mensal familiar,Reais,Unidade da Federação,22,Piauí,2018,Total,2.1.8.4 Recreações e esportes,6.31,6.31
6715,1201,Despesa monetária e não monetária média mensal familiar,Reais,Unidade da Federação,23,Ceará,2018,Total,2.1.8.4 Recreações e esportes,9.75,9.75
6715,1201,Despesa monetária e não monetária média mensal familiar,Reais,Unidade da Federação,24,Rio Grande do Norte,2018,Total,2.1.8.4 Recreações e esportes,17.85,17.85
6715,1201,Despesa monetária e não monetária média mensal familiar,Reais,Unidade da Federação,25,Paraíba,2018,Total,2.1.8.4 Recreações e esportes,10.21,10.21
6715,1201,Despesa monetária e não monetária média mensal familiar,Reais,Unidade da Federação,26,Pernambuco,2018,Total,2.1.8.4 Recreações e esportes,12.91,12.91
6715,1201,Despesa monetária e não monetária média mensal familiar,Reais,Unidade da Federação,27,Alagoas,2018,Total,2.1.8.4 Recreações e esportes,5.14,5.14
6715,1201,Despesa monetária e não monetária média mensal familiar,Reais,Unidade da Federação,28,Sergipe,2018,Total,2.1.8.4 Recreações e esportes,12.48,12.48
6715,1201,Despesa monetária e não monetária média mensal familiar,Reais,Unidade da Federação,29,Bahia,2018,Total,2.1.8.4 Recreações e esportes,15.87,15.87
6715,1201,Despesa monetária e não monetária média mensal familiar,Reais,Unidade da Federação,31,Minas Gerais,2018,Total,2.1.8.4 Recreações e esportes,22.64,22.64
6715,1201,Despesa monetária e não monetária média mensal familiar,Reais,Unidade da Federação,32,Espírito Santo,2018,Total,2.1.8.4 Recreações e esportes,12.65,12.65
6715,1201,Despesa monetária e não monetária média mensal familiar,Reais,Unidade da Federação,33,Rio de Janeiro,2018,Total,2.1.8.4 Recreações e esportes,26.06,26.06
6715,1201,Despesa monetária e não monetária média mensal familiar,Reais,Unidade da Federação,35,São Paulo,2018,Total,2.1.8.4 Recreações e esportes,32.47,32.47
6715,1201,Despesa monetária e não monetária média mensal familiar,Reais,Unidade da Federação,41,Paraná,2018,Total,2.1.8.4 Recreações e esportes,23.08,23.08
6715,1201,Despesa monetária e não monetária média mensal familiar,Reais,Unidade da Federação,42,Santa Catarina,2018,Total,2.1.8.4 Recreações e esportes,22.61,22.61
6715,1201,Despesa monetária e não monetária média mensal familiar,Reais,Unidade da Federação,43,Rio Grande do Sul,2018,Total,2.1.8.4 Recreações e esportes,27.86,27.86
6715,1201,Despesa monetária e não monetária média mensal familiar,Reais,Unidade da Federação,50,Mato Grosso do Sul,2018,Total,2.1.8.4 Recreações e esportes,15.33,15.33
6715,1201,Despesa monetária e não monetária média mensal familiar,Reais,Unidade da Federação,51,Mato Grosso,2018,Total,2.1.8.4 Recreações e esportes,13.02,13.02
6715,1201,Despesa monetária e não monetária média mensal familiar,Reais,Unidade da Federação,52,Goiás,2018,Total,2.1.8.4 Recreações e esportes,15.63,15.63
6715,1201,Despesa monetária e não monetária média mensal familiar,Reais,Unidade da Federação,53,Distrito Federal,2018,Total,2.1.8.4 Recreações e esportes,52.06,52.06
6715,1201,Despesa monetária e não monetária média mensal familiar,Reais,Brasil,1,Brasil,2018,Até 1.908 Reais,1 Despesa total,1500.73,1500.73
6715,1201,Despesa monetária e não monetária média mensal familiar,Reais,Unidade da Federação,11,Rondônia,2018,Até 1.908 Reais,1 Despesa total,1335.58,1335.58
6715,1201,Despesa monetária e não monetária média mensal familiar,Reais,Unidade da Federação,12,Acre,2018,Até 1.908 Reais,1 Despesa total,1701.07,1701.07
6715,1201,Despesa monetária e não monetária média mensal familiar,Reais,Unidade da Federação,13,Amazonas,2018,Até 1.908 Reais,1 Despesa total,1482.29,1482.29
6715,1201,Despesa monetária e não monetária média mensal familiar,Reais,Unidade da Federação,14,Roraima,2018,Até 1.908 Reais,1 Despesa total,1326.83,1326.83
6715,1201,Despesa monetária e não monetária média mensal familiar,Reais,Unidade da Federação,15,Pará,2018,Até 1.908 Reais,1 Despesa total,1514.62,1514.62
6715,1201,Despesa monetária e não monetária média mensal familiar,Reais,Unidade da Federação,16,Amapá,2018,Até 1.908 Reais,1 Despesa total,1972.46,1972.46
6715,1201,Despesa monetária e não monetária média mensal familiar,Reais,Unidade da Federação,17,Tocantins,2018,Até 1.908 Reais,1 Despesa total,1403.54,1403.54
6715,1201,Despesa monetária e não monetária média mensal familiar,Reais,Unidade da Federação,21,Maranhão,2018,Até 1.908 Reais,1 Despesa total,1514.72,1514.72
6715,1201,Despesa monetária e não monetária média mensal familiar,Reais,Unidade da Federação,22,Piauí,2018,Até 1.908 Reais,1 Despesa total,1307.97,1307.97
6715,1201,Despesa monetária e não monetária média mensal familiar,Reais,Unidade da Federação,23,Ceará,2018,Até 1.908 Reais,1 Despesa total,1284.38,1284.38
6715,1201,Despesa monetária e não monetária média mensal familiar,Reais,Unidade da Federação,24,Rio Grande do Norte,2018,Até 1.908 Reais,1 Despesa total,1515.11,1515.11
6715,1201,Despesa monetária e não monetária média mensal familiar,Reais,Unidade da Federação,25,Paraíba,2018,Até 1.908 Reais,1 Despesa total,1287.74,1287.74
6715,1201,Despesa monetária e não monetária média mensal familiar,Reais,Unidade da Federação,26,Pernambuco,2018,Até 1.908 Reais,1 Despesa total,1343.21,1343.21
6715,1201,Despesa monetária e não monetária média mensal familiar,Reais,Unidade da Federação,27,Alagoas,2018,Até 1.908 Reais,1 Despesa total,1222.74,1222.74
6715,1201,Despesa monetária e não monetária média mensal familiar,Reais,Unidade da Federação,28,Sergipe,2018,Até 1.908 Reais,1 Despesa total,1375.70,1375.7
6715,1201,Despesa monetária e não monetária média mensal familiar,Reais,Unidade da Federação,29,Bahia,2018,Até 1.908 Reais,1 Despesa total,1363.98,1363.98
6715,1201,Despesa monetária e não monetária média mensal familiar,Reais,Unidade da Federação,31,Minas Gerais,2018,Até 1.908 Reais,1 Despesa total,1501.78,1501.78
6715,1201,Despesa monetária e não monetária média mensal familiar,Reais,Unidade da Federação,32,Espírito Santo,2018,Até 1.908 Reais,1 Despesa total,1503.75,1503.75
6715,1201,Despesa monetária e não monetária média mensal familiar,Reais,Unidade da Federação,33,Rio de Janeiro,2018,Até 1.908 Reais,1 Despesa total,1580.67,1580.67
6715,1201,Despesa monetária e não monetária média mensal familiar,Reais,Unidade da Federação,35,São Paulo,2018,Até 1.908 Reais,1 Despesa total,1750.16,1750.16
6715,1201,Despesa monetária e não monetária média mensal familiar,Reais,Unidade da Federação,41,Paraná,2018,Até 1.908 Reais,1 Despesa total,1484.43,1484.43
6715,1201,Despesa monetária e não monetária média mensal familiar,Reais,Unidade da Federação,42,Santa Catarina,2018,Até 1.908 Reais,1 Despesa total,1854.17,1854.17
6715,1201,Despesa monetária e não monetária média mensal familiar,Reais,Unidade da Federação,43,Rio Grande do Sul,2018,Até 1.908 Reais,1 Despesa total,1754.45,1754.45
6715,1201,Despesa monetária e não monetária média mensal familiar,Reais,Unidade da Federação,50,Mato Grosso do Sul,2018,Até 1.908 Reais,1 Despesa total,1724.45,1724.45
6715,1201,Despesa monetária e não monetária média mensal familiar,Reais,Unidade da Federação,51,Mato Grosso,2018,Até 1.908 Reais,1 Despesa total,1701.94,1701.94
6715,1201,Despesa monetária e não monetária média mensal familiar,Reais,Unidade da Federação,52,Goiás,2018,Até 1.908 Reais,1 Despesa total,1707.40,1707.4
6715,1201,Despesa monetária e não monetária média mensal familiar,Reais,Unidade da Federação,53,Distrito Federal,2018,Até 1.908 Reais,1 Despesa total,1874.45,1874.45
6715,1201,Despesa monetária e não monetária média mensal familiar,Reais,Brasil,1,Brasil,2018,Até 1.908 Reais,2.1 Despesas de consumo,1388.29,1388.29
6715,1201,Despesa monetária e não monetária média mensal familiar,Reais,Unidade da Federação,11,Rondônia,2018,Até 1.908 Reais,2.1 Despesas de consumo,1203.45,1203.45
6715,1201,Despesa monetária e não monetária média mensal familiar,Reais,Unidade da Federação,12,Acre,2018,Até 1.908 Reais,2.1 Despesas de consumo,1547.72,1547.72
6715,1201,Despesa monetária e não monetária média mensal familiar,Reais,Unidade da Federação,13,Amazonas,2018,Até 1.908 Reais,2.1 Despesas de consumo,1391.24,1391.24
6715,1201,Despesa monetária e não monetária média mensal familiar,Reais,Unidade da Federação,14,Roraima,2018,Até 1.908 Reais,2.1 Despesas de consumo,1233.72,1233.72
6715,1201,Despesa monetária e não monetária média mensal familiar,Reais,Unidade da Federação,15,Pará,2018,Até 1.908 Reais,2.1 Despesas de consumo,1412.09,1412.09
6715,1201,Despesa monetária e não monetária média mensal familiar,Reais,Unidade da Federação,16,Amapá,2018,Até 1.908 Reais,2.1 Despesas de consumo,1872.64,1872.64
6715,1201,Despesa monetária e não monetária média mensal familiar,Reais,Unidade da Federação,17,Tocantins,2018,Até 1.908 Reais,2.1 Despesas de consumo,1245.82,1245.82
6715,1201,Despesa monetária e não monetária média mensal familiar,Reais,Unidade da Federação,21,Maranhão,2018,Até 1.908 Reais,2.1 Despesas de consumo,1353.36,1353.36
6715,1201,Despesa monetária e não monetária média mensal familiar,Reais,Unidade da Federação,22,Piauí,2018,Até 1.908 Reais,2.1 Despesas de consumo,1224.51,1224.51
6715,1201,Despesa monetária e não monetária média mensal familiar,Reais,Unidade da Federação,23,Ceará,2018,Até 1.908 Reais,2.1 Despesas de consumo,1194.45,1194.45
6715,1201,Despesa monetária e não monetária média mensal familiar,Reais,Unidade da Federação,24,Rio Grande do Norte,2018,Até 1.908 Reais,2.1 Despesas de consumo,1422.85,1422.85
6715,1201,Despesa monetária e não monetária média mensal familiar,Reais,Unidade da Federação,25,Paraíba,2018,Até 1.908 Reais,2.1 Despesas de consumo,1190.07,1190.07
6715,1201,Despesa monetária e não monetária média mensal familiar,Reais,Unidade da Federação,26,Pernambuco,2018,Até 1.908 Reais,2.1 Despesas de consumo,1258.52,1258.52
6715,1201,Despesa monetária e não monetária média mensal familiar,Reais,Unidade da Federação,27,Alagoas,2018,Até 1.908 Reais,2.1 Despesas de consumo,1116.97,1116.97
6715,1201,Despesa monetária e não monetária média mensal familiar,Reais,Unidade da Federação,28,Sergipe,2018,Até 1.908 Reais,2.1 Despesas de consumo,1300.66,1300.66
6715,1201,Despesa monetária e não monetária média mensal familiar,Reais,Unidade da Federação,29,Bahia,2018,Até 1.908 Reais,2.1 Despesas de consumo,1281.15,1281.15
6715,1201,Despesa monetária e não monetária média mensal familiar,Reais,Unidade da Federação,31,Minas Gerais,2018,Até 1.908 Reais,2.1 Despesas de consumo,1392.69,1392.69
6715,1201,Despesa monetária e não monetária média mensal familiar,Reais,Unidade da Federação,32,Espírito Santo,2018,Até 1.908 Reais,2.1 Despesas de consumo,1358.65,1358.65
6715,1201,Despesa monetária e não monetária média mensal familiar,Reais,Unidade da Federação,33,Rio de Janeiro,2018,Até 1.908 Reais,2.1 Despesas de consumo,1463.16,1463.16
6715,1201,Despesa monetária e não monetária média mensal familiar,Reais,Unidade da Federação,35,São Paulo,2018,Até 1.908 Reais,2.1 Despesas de consumo,1622.83,1622.83
6715,1201,Despesa monetária e não monetária média mensal familiar,Reais,Unidade da Federação,41,Paraná,2018,Até 1.908 Reais,2.1 Despesas de consumo,1362.72,1362.72
6715,1201,Despesa monetária e não monetária média mensal familiar,Reais,Unidade da Federação,42,Santa Catarina,2018,Até 1.908 Reais,2.1 Despesas de consumo,1737.24,1737.24
6715,1201,Despesa monetária e não monetária média mensal familiar,Reais,Unidade da Federação,43,Rio Grande do Sul,2018,Até 1.908 Reais,2.1 Despesas de consumo,1617.23,1617.23
6715,1201,Despesa monetária e não monetária média mensal familiar,Reais,Unidade da Federação,50,Mato Grosso do Sul,2018,Até 1.908 Reais,2.1 Despesas de consumo,1508.85,1508.85
6715,1201,Despesa monetária e não monetária média mensal familiar,Reais,Unidade da Federação,51,Mato Grosso,2018,Até 1.908 Reais,2.1 Despesas de consumo,1555.87,1555.87
6715,1201,Despesa monetária e não monetária média mensal familiar,Reais,Unidade da Federação,52,Goiás,2018,Até 1.908 Reais,2.1 Despesas de consumo,1539.49,1539.49
6715,1201,Despesa monetária e não monetária média mensal familiar,Reais,Unidade da Federação,53,Distrito Federal,2018,Até 1.908 Reais,2.1 Despesas de consumo,1749.26,1749.26
6715,1201,Despesa monetária e não monetária média mensal familiar,Reais,Brasil,1,Brasil,2018,Até 1.908 Reais,2.1.1 Alimentação,329.84,329.84
6715,1201,Despesa monetária e não monetária média mensal familiar,Reais,Unidade da Federação,11,Rondônia,2018,Até 1.908 Reais,2.1.1 Alimentação,203.78,203.78
6715,1201,Despesa monetária e não monetária média mensal familiar,Reais,Unidade da Federação,12,Acre,2018,Até 1.908 Reais,2.1.1 Alimentação,473.75,473.75
6715,1201,Despesa monetária e não monetária média mensal familiar,Reais,Unidade da Federação,13,Amazonas,2018,Até 1.908 Reais,2.1.1 Alimentação,386.44,386.44
6715,1201,Despesa monetária e não monetária média mensal familiar,Reais,Unidade da Federação,14,Roraima,2018,Até 1.908 Reais,2.1.1 Alimentação,309.14,309.14
6715,1201,Despesa monetária e não monetária média mensal familiar,Reais,Unidade da Federação,15,Pará,2018,Até 1.908 Reais,2.1.1 Alimentação,411.20,411.2
6715,1201,Despesa monetária e não monetária média mensal familiar,Reais,Unidade da Federação,16,Amapá,2018,Até 1.908 Reais,2.1.1 Alimentação,643.36,643.36
6715,1201,Despesa monetária e não monetária média mensal familiar,Reais,Unidade da Federação,17,Tocantins,2018,Até 1.908 Reais,2.1.1 Alimentação,181.80,181.8
6715,1201,Despesa monetária e não monetária média mensal familiar,Reais,Unidade da Federação,21,Maranhão,2018,Até 1.908 Reais,2.1.1 Alimentação,355.40,355.4
6715,1201,Despesa monetária e não monetária média mensal familiar,Reais,Unidade da Federação,22,Piauí,2018,Até 1.908 Reais,2.1.1 Alimentação,425.72,425.72
6715,1201,Despesa monetária e não monetária média mensal familiar,Reais,Unidade da Federação,23,Ceará,2018,Até 1.908 Reais,2.1.1 Alimentação,339.64,339.64
6715,1201,Despesa monetária e não monetária média mensal familiar,Reais,Unidade da Federação,24,Rio Grande do Norte,2018,Até 1.908 Reais,2.1.1 Alimentação,454.58,454.58
6715,1201,Despesa monetária e não monetária média mensal familiar,Reais,Unidade da Federação,25,Paraíba,2018,Até 1.908 Reais,2.1.1 Alimentação,320.58,320.58
6715,1201,Despesa monetária e não monetária média mensal familiar,Reais,Unidade da Federação,26,Pernambuco,2018,Até 1.908 Reais,2.1.1 Alimentação,344.50,344.5
6715,1201,Despesa monetária e não monetária média mensal familiar,Reais,Unidade da Federação,27,Alagoas,2018,Até 1.908 Reais,2.1.1 Alimentação,269.13,269.13
6715,1201,Despesa monetária e não monetária média mensal familiar,Reais,Unidade da Federação,28,Sergipe,2018,Até 1.908 Reais,2.1.1 Alimentação,405.37,405.37
6715,1201,Despesa monetária e não monetária média mensal familiar,Reais,Unidade da Federação,29,Bahia,2018,Até 1.908 Reais,2.1.1 Alimentação,350.18,350.18
6715,1201,Despesa monetária e não monetária média mensal familiar,Reais,Unidade da Federação,31,Minas Gerais,2018,Até 1.908 Reais,2.1.1 Alimentação,327.38,327.38
6715,1201,Despesa monetária e não monetária média mensal familiar,Reais,Unidade da Federação,32,Espírito Santo,2018,Até 1.908 Reais,2.1.1 Alimentação,225.66,225.66
6715,1201,Despesa monetária e não monetária média mensal familiar,Reais,Unidade da Federação,33,Rio de Janeiro,2018,Até 1.908 Reais,2.1.1 Alimentação,275.91,275.91
6715,1201,Despesa monetária e não monetária média mensal familiar,Reais,Unidade da Federação,35,São Paulo,2018,Até 1.908 Reais,2.1.1 Alimentação,297.23,297.23
6715,1201,Despesa monetária e não monetária média mensal familiar,Reais,Unidade da Federação,41,Paraná,2018,Até 1.908 Reais,2.1.1 Alimentação,282.30,282.3
6715,1201,Despesa monetária e não monetária média mensal familiar,Reais,Unidade da Federação,42,Santa Catarina,2018,Até 1.908 Reais,2.1.1 Alimentação,358.42,358.42
6715,1201,Despesa monetária e não monetária média mensal familiar,Reais,Unidade da Federação,43,Rio Grande do Sul,2018,Até 1.908 Reais,2.1.1 Alimentação,314.88,314.88
6715,1201,Despesa monetária e não monetária média mensal familiar,Reais,Unidade da Federação,50,Mato Grosso do Sul,2018,Até 1.908 Reais,2.1.1 Alimentação,331.91,331.91
6715,1201,Despesa monetária e não monetária média mensal familiar,Reais,Unidade da Federação,51,Mato Grosso,2018,Até 1.908 Reais,2.1.1 Alimentação,309.53,309.53
6715,1201,Despesa monetária e não monetária média mensal familiar,Reais,Unidade da Federação,52,Goiás,2018,Até 1.908 Reais,2.1.1 Alimentação,276.62,276.62
6715,1201,Despesa monetária e não monetária média mensal familiar,Reais,Unidade da Federação,53,Distrito Federal,2018,Até 1.908 Reais,2.1.1 Alimentação,327.16,327.16
6715,1201,Despesa monetária e não monetária média mensal familiar,Reais,Brasil,1,Brasil,2018,Até 1.908 Reais,2.1.8 Recreação e cultura,25.79,25.79
6715,1201,Despesa monetária e não monetária média mensal familiar,Reais,Unidade da Federação,11,Rondônia,2018,Até 1.908 Reais,2.1.8 Recreação e cultura,24.82,24.82
6715,1201,Despesa monetária e não monetária média mensal familiar,Reais,Unidade da Federação,12,Acre,2018,Até 1.908 Reais,2.1.8 Recreação e cultura,31.94,31.94
6715,1201,Despesa monetária e não monetária média mensal familiar,Reais,Unidade da Federação,13,Amazonas,2018,Até 1.908 Reais,2.1.8 Recreação e cultura,36.78,36.78
6715,1201,Despesa monetária e não monetária média mensal familiar,Reais,Unidade da Federação,14,Roraima,2018,Até 1.908 Reais,2.1.8 Recreação e cultura,14.50,14.5
6715,1201,Despesa monetária e não monetária média mensal familiar,Reais,Unidade da Federação,15,Pará,2018,Até 1.908 Reais,2.1.8 Recreação e cultura,32.11,32.11
6715,1201,Despesa monetária e não monetária média mensal familiar,Reais,Unidade da Federação,16,Amapá,2018,Até 1.908 Reais,2.1.8 Recreação e cultura,29.76,29.76
6715,1201,Despesa monetária e não monetária média mensal familiar,Reais,Unidade da Federação,17,Tocantins,2018,Até 1.908 Reais,2.1.8 Recreação e cultura,42.84,42.84
6715,1201,Despesa monetária e não monetária média mensal familiar,Reais,Unidade da Federação,21,Maranhão,2018,Até 1.908 Reais,2.1.8 Recreação e cultura,33.40,33.4
6715,1201,Despesa monetária e não monetária média mensal familiar,Reais,Unidade da Federação,22,Piauí,2018,Até 1.908 Reais,2.1.8 Recreação e cultura,11.85,11.85
6715,1201,Despesa monetária e não monetária média mensal familiar,Reais,Unidade da Federação,23,Ceará,2018,Até 1.908 Reais,2.1.8 Recreação e cultura,16.24,16.24
6715,1201,Despesa monetária e não monetária média mensal familiar,Reais,Unidade da Federação,24,Rio Grande do Norte,2018,Até 1.908 Reais,2.1.8 Recreação e cultura,20.36,20.36
6715,1201,Despesa monetária e não monetária média mensal familiar,Reais,Unidade da Federação,25,Paraíba,2018,Até 1.908 Reais,2.1.8 Recreação e cultura,27.02,27.02
6715,1201,Despesa monetária e não monetária média mensal familiar,Reais,Unidade da Federação,26,Pernambuco,2018,Até 1.908 Reais,2.1.8 Recreação e cultura,18.97,18.97
6715,1201,Despesa monetária e não monetária média mensal familiar,Reais,Unidade da Federação,27,Alagoas,2018,Até 1.908 Reais,2.1.8 Recreação e cultura,28.00,28.0
6715,1201,Despesa monetária e não monetária média mensal familiar,Reais,Unidade da Federação,28,Sergipe,2018,Até 1.908 Reais,2.1.8 Recreação e cultura,21.45,21.45
6715,1201,Despesa monetária e não monetária média mensal familiar,Reais,Unidade da Federação,29,Bahia,2018,Até 1.908 Reais,2.1.8 Recreação e cultura,20.72,20.72
6715,1201,Despesa monetária e não monetária média mensal familiar,Reais,Unidade da Federação,31,Minas Gerais,2018,Até 1.908 Reais,2.1.8 Recreação e cultura,24.94,24.94
6715,1201,Despesa monetária e não monetária média mensal familiar,Reais,Unidade da Federação,32,Espírito Santo,2018,Até 1.908 Reais,2.1.8 Recreação e cultura,19.82,19.82
6715,1201,Despesa monetária e não monetária média mensal familiar,Reais,Unidade da Federação,33,Rio de Janeiro,2018,Até 1.908 Reais,2.1.8 Recreação e cultura,24.92,24.92
6715,1201,Despesa monetária e não monetária média mensal familiar,Reais,Unidade da Federação,35,São Paulo,2018,Até 1.908 Reais,2.1.8 Recreação e cultura,33.47,33.47
6715,1201,Despesa monetária e não monetária média mensal familiar,Reais,Unidade da Federação,41,Paraná,2018,Até 1.908 Reais,2.1.8 Recreação e cultura,24.66,24.66
6715,1201,Despesa monetária e não monetária média mensal familiar,Reais,Unidade da Federação,42,Santa Catarina,2018,Até 1.908 Reais,2.1.8 Recreação e cultura,31.39,31.39
6715,1201,Despesa monetária e não monetária média mensal familiar,Reais,Unidade da Federação,43,Rio Grande do Sul,2018,Até 1.908 Reais,2.1.8 Recreação e cultura,25.89,25.89
6715,1201,Despesa monetária e não monetária média mensal familiar,Reais,Unidade da Federação,50,Mato Grosso do Sul,2018,Até 1.908 Reais,2.1.8 Recreação e cultura,24.94,24.94
6715,1201,Despesa monetária e não monetária média mensal familiar,Reais,Unidade da Federação,51,Mato Grosso,2018,Até 1.908 Reais,2.1.8 Recreação e cultura,26.88,26.88
6715,1201,Despesa monetária e não monetária média mensal familiar,Reais,Unidade da Federação,52,Goiás,2018,Até 1.908 Reais,2.1.8 Recreação e cultura,25.84,25.84
6715,1201,Despesa monetária e não monetária média mensal familiar,Reais,Unidade da Federação,53,Distrito Federal,2018,Até 1.908 Reais,2.1.8 Recreação e cultura,41.63,41.63
6715,1201,Despesa monetária e não monetária média mensal familiar,Reais,Brasil,1,Brasil,2018,Até 1.908 Reais,2.1.8.4 Recreações e esportes,3.94,3.94
6715,1201,Despesa monetária e não monetária média mensal familiar,Reais,Unidade da Federação,11,Rondônia,2018,Até 1.908 Reais,2.1.8.4 Recreações e esportes,0.92,0.92
6715,1201,Despesa monetária e não monetária média mensal familiar,Reais,Unidade da Federação,12,Acre,2018,Até 1.908 Reais,2.1.8.4 Recreações e esportes,5.46,5.46
6715,1201,Despesa monetária e não monetária média mensal familiar,Reais,Unidade da Federação,13,Amazonas,2018,Até 1.908 Reais,2.1.8.4 Recreações e esportes,6.08,6.08
6715,1201,Despesa monetária e não monetária média mensal familiar,Reais,Unidade da Federação,14,Roraima,2018,Até 1.908 Reais,2.1.8.4 Recreações e esportes,4.23,4.23
6715,1201,Despesa monetária e não monetária média mensal familiar,Reais,Unidade da Federação,15,Pará,2018,Até 1.908 Reais,2.1.8.4 Recreações e esportes,4.64,4.64
6715,1201,Despesa monetária e não monetária média mensal familiar,Reais,Unidade da Federação,16,Amapá,2018,Até 1.908 Reais,2.1.8.4 Recreações e esportes,5.30,5.3
6715,1201,Despesa monetária e não monetária média mensal familiar,Reais,Unidade da Federação,17,Tocantins,2018,Até 1.908 Reais,2.1.8.4 Recreações e esportes,3.31,3.31
6715,1201,Despesa monetária e não monetária média mensal familiar,Reais,Unidade da Federação,21,Maranhão,2018,Até 1.908 Reais,2.1.8.4 Recreações e esportes,2.87,2.87
6715,1201,Despesa monetária e não monetária média mensal familiar,Reais,Unidade da Federação,22,Piauí,2018,Até 1.908 Reais,2.1.8.4 Recreações e esportes,1.74,1.74
6715,1201,Despesa monetária e não monetária média mensal familiar,Reais,Unidade da Federação,23,Ceará,2018,Até 1.908 Reais,2.1.8.4 Recreações e esportes,1.92,1.92
6715,1201,Despesa monetária e não monetária média mensal familiar,Reais,Unidade da Federação,24,Rio Grande do Norte,2018,Até 1.908 Reais,2.1.8.4 Recreações e esportes,2.80,2.8
6715,1201,Despesa monetária e não monetária média mensal familiar,Reais,Unidade da Federação,25,Paraíba,2018,Até 1.908 Reais,2.1.8.4 Recreações e esportes,1.54,1.54
6715,1201,Despesa monetária e não monetária média mensal familiar,Reais,Unidade da Federação,26,Pernambuco,2018,Até 1.908 Reais,2.1.8.4 Recreações e esportes,2.31,2.31
6715,1201,Despesa monetária e não monetária média mensal familiar,Reais,Unidade da Federação,27,Alagoas,2018,Até 1.908 Reais,2.1.8.4 Recreações e esportes,1.24,1.24
6715,1201,Despesa monetária e não monetária média mensal familiar,Reais,Unidade da Federação,28,Sergipe,2018,Até 1.908 Reais,2.1.8.4 Recreações e esportes,2.36,2.36
6715,1201,Despesa monetária e não monetária média mensal familiar,Reais,Unidade da Federação,29,Bahia,2018,Até 1.908 Reais,2.1.8.4 Recreações e esportes,1.93,1.93
6715,1201,Despesa monetária e não monetária média mensal familiar,Reais,Unidade da Federação,31,Minas Gerais,2018,Até 1.908 Reais,2.1.8.4 Recreações e esportes,2.67,2.67
6715,1201,Despesa monetária e não monetária média mensal familiar,Reais,Unidade da Federação,32,Espírito Santo,2018,Até 1.908 Reais,2.1.8.4 Recreações e esportes,2.71,2.71
6715,1201,Despesa monetária e não monetária média mensal familiar,Reais,Unidade da Federação,33,Rio de Janeiro,2018,Até 1.908 Reais,2.1.8.4 Recreações e esportes,4.40,4.4
6715,1201,Despesa monetária e não monetária média mensal familiar,Reais,Unidade da Federação,35,São Paulo,2018,Até 1.908 Reais,2.1.8.4 Recreações e esportes,9.21,9.21
6715,1201,Despesa monetária e não monetária média mensal familiar,Reais,Unidade da Federação,41,Paraná,2018,Até 1.908 Reais,2.1.8.4 Recreações e esportes,2.61,2.61
6715,1201,Despesa monetária e não monetária média mensal familiar,Reais,Unidade da Federação,42,Santa Catarina,2018,Até 1.908 Reais,2.1.8.4 Recreações e esportes,8.34,8.34
6715,1201,Despesa monetária e não monetária média mensal familiar,Reais,Unidade da Federação,43,Rio Grande do Sul,2018,Até 1.908 Reais,2.1.8.4 Recreações e esportes,8.05,8.05
6715,1201,Despesa monetária e não monetária média mensal familiar,Reais,Unidade da Federação,50,Mato Grosso do Sul,2018,Até 1.908 Reais,2.1.8.4 Recreações e esportes,1.35,1.35
6715,1201,Despesa monetária e não monetária média mensal familiar,Reais,Unidade da Federação,51,Mato Grosso,2018,Até 1.908 Reais,2.1.8.4 Recreações e esportes,4.13,4.13
6715,1201,Despesa monetária e não monetária média mensal familiar,Reais,Unidade da Federação,52,Goiás,2018,Até 1.908 Reais,2.1.8.4 Recreações e esportes,4.32,4.32
6715,1201,Despesa monetária e não monetária média mensal familiar,Reais,Unidade da Federação,53,Distrito Federal,2018,Até 1.908 Reais,2.1.8.4 Recreações e esportes,12.55,12.55
6715,1201,Despesa monetária e não monetária média mensal familiar,Reais,Brasil,1,Brasil,2018,Mais de 1.908 a 2.862 Reais,1 Despesa total,2350.74,2350.74
6715,1201,Despesa monetária e não monetária média mensal familiar,Reais,Unidade da Federação,11,Rondônia,2018,Mais de 1.908 a 2.862 Reais,1 Despesa total,1979.97,1979.97
6715,1201,Despesa monetária e não monetária média mensal familiar,Reais,Unidade da Federação,12,Acre,2018,Mais de 1.908 a 2.862 Reais,1 Despesa total,2406.55,2406.55
6715,1201,Despesa monetária e não monetária média mensal familiar,Reais,Unidade da Federação,13,Amazonas,2018,Mais de 1.908 a 2.862 Reais,1 Despesa total,2292.91,2292.91
6715,1201,Despesa monetária e não monetária média mensal familiar,Reais,Unidade da Federação,14,Roraima,2018,Mais de 1.908 a 2.862 Reais,1 Despesa total,2132.61,2132.61
6715,1201,Despesa monetária e não monetária média mensal familiar,Reais,Unidade da Federação,15,Pará,2018,Mais de 1.908 a 2.862 Reais,1 Despesa total,2575.22,2575.22
6715,1201,Despesa monetária e não monetária média mensal familiar,Reais,Unidade da Federação,16,Amapá,2018,Mais de 1.908 a 2.862 Reais,1 Despesa total,2700.34,2700.34
6715,1201,Despesa monetária e não monetária média mensal familiar,Reais,Unidade da Federação,17,Tocantins,2018,Mais de 1.908 a 2.862 Reais,1 Despesa total,2197.62,2197.62
6715,1201,Despesa monetária e não monetária média mensal familiar,Reais,Unidade da Federação,21,Maranhão,2018,Mais de 1.908 a 2.862 Reais,1 Despesa total,2273.57,2273.57
6715,1201,Despesa monetária e não monetária média mensal familiar,Reais,Unidade da Federação,22,Piauí,2018,Mais de 1.908 a 2.862 Reais,1 Despesa total,2072.19,2072.19
6715,1201,Despesa monetária e não monetária média mensal familiar,Reais,Unidade da Federação,23,Ceará,2018,Mais de 1.908 a 2.862 Reais,1 Despesa total,2013.65,2013.65
6715,1201,Despesa monetária e não monetária média mensal familiar,Reais,Unidade da Federação,24,Rio Grande do Norte,2018,Mais de 1.908 a 2.862 Reais,1 Despesa total,2460.32,2460.32
6715,1201,Despesa monetária e não monetária média mensal familiar,Reais,Unidade da Federação,25,Paraíba,2018,Mais de 1.908 a 2.862 Reais,1 Despesa total,2002.00,2002.0
6715,1201,Despesa monetária e não monetária média mensal familiar,Reais,Unidade da Federação,26,Pernambuco,2018,Mais de 1.908 a 2.862 Reais,1 Despesa total,2162.17,2162.17
6715,1201,Despesa monetária e não monetária média mensal familiar,Reais,Unidade da Federação,27,Alagoas,2018,Mais de 1.908 a 2.862 Reais,1 Despesa total,1927.90,1927.9
6715,1201,Despesa monetária e não monetária média mensal familiar,Reais,Unidade da Federação,28,Sergipe,2018,Mais de 1.908 a 2.862 Reais,1 Despesa total,2258.43,2258.43
6715,1201,Despesa monetária e não monetária média mensal familiar,Reais,Unidade da Federação,29,Bahia,2018,Mais de 1.908 a 2.862 Reais,1 Despesa total,2193.30,2193.3
6715,1201,Despesa monetária e não monetária média mensal familiar,Reais,Unidade da Federação,31,Minas Gerais,2018,Mais de 1.908 a 2.862 Reais,1 Despesa total,2271.56,2271.56
6715,1201,Despesa monetária e não monetária média mensal familiar,Reais,Unidade da Federação,32,Espírito Santo,2018,Mais de 1.908 a 2.862 Reais,1 Despesa total,2206.90,2206.9
6715,1201,Despesa monetária e não monetária média mensal familiar,Reais,Unidade da Federação,33,Rio de Janeiro,2018,Mais de 1.908 a 2.862 Reais,1 Despesa total,2371.68,2371.68
6715,1201,Despesa monetária e não monetária média mensal familiar,Reais,Unidade da Federação,35,São Paulo,2018,Mais de 1.908 a 2.862 Reais,1 Despesa total,2644.07,2644.07
6715,1201,Despesa monetária e não monetária média mensal familiar,Reais,Unidade da Federação,41,Paraná,2018,Mais de 1.908 a 2.862 Reais,1 Despesa total,2239.79,2239.79
6715,1201,Despesa monetária e não monetária média mensal familiar,Reais,Unidade da Federação,42,Santa Catarina,2018,Mais de 1.908 a 2.862 Reais,1 Despesa total,2696.02,2696.02
6715,1201,Despesa monetária e não monetária média mensal familiar,Reais,Unidade da Federação,43,Rio Grande do Sul,2018,Mais de 1.908 a 2.862 Reais,1 Despesa total,2468.78,2468.78
6715,1201,Despesa monetária e não monetária média mensal familiar,Reais,Unidade da Federação,50,Mato Grosso do Sul,2018,Mais de 1.908 a 2.862 Reais,1 Despesa total,2287.44,2287.44
6715,1201,Despesa monetária e não monetária média mensal familiar,Reais,Unidade da Federação,51,Mato Grosso,2018,Mais de 1.908 a 2.862 Reais,1 Despesa total,2404.05,2404.05
6715,1201,Despesa monetária e não monetária média mensal familiar,Reais,Unidade da Federação,52,Goiás,2018,Mais de 1.908 a 2.862 Reais,1 Despesa total,2435.02,2435.02
6715,1201,Despesa monetária e não monetária média mensal familiar,Reais,Unidade da Federação,53,Distrito Federal,2018,Mais de 1.908 a 2.862 Reais,1 Despesa total,2564.97,2564.97
6715,1201,Despesa monetária e não monetária média mensal familiar,Reais,Brasil,1,Brasil,2018,Mais de 1.908 a 2.862 Reais,2.1 Despesas de consumo,2111.32,2111.32
6715,1201,Despesa monetária e não monetária média mensal familiar,Reais,Unidade da Federação,11,Rondônia,2018,Mais de 1.908 a 2.862 Reais,2.1 Despesas de consumo,1742.64,1742.64
6715,1201,Despesa monetária e não monetária média mensal familiar,Reais,Unidade da Federação,12,Acre,2018,Mais de 1.908 a 2.862 Reais,2.1 Despesas de consumo,2138.40,2138.4
6715,1201,Despesa monetária e não monetária média mensal familiar,Reais,Unidade da Federação,13,Amazonas,2018,Mais de 1.908 a 2.862 Reais,2.1 Despesas de consumo,2093.96,2093.96
6715,1201,Despesa monetária e não monetária média mensal familiar,Reais,Unidade da Federação,14,Roraima,2018,Mais de 1.908 a 2.862 Reais,2.1 Despesas de consumo,1978.52,1978.52
6715,1201,Despesa monetária e não monetária média mensal familiar,Reais,Unidade da Federação,15,Pará,2018,Mais de 1.908 a 2.862 Reais,2.1 Despesas de consumo,2297.59,2297.59
6715,1201,Despesa monetária e não monetária média mensal familiar,Reais,Unidade da Federação,16,Amapá,2018,Mais de 1.908 a 2.862 Reais,2.1 Despesas de consumo,2554.86,2554.86
6715,1201,Despesa monetária e não monetária média mensal familiar,Reais,Unidade da Federação,17,Tocantins,2018,Mais de 1.908 a 2.862 Reais,2.1 Despesas de consumo,1913.33,1913.33
6715,1201,Despesa monetária e não monetária média mensal familiar,Reais,Unidade da Federação,21,Maranhão,2018,Mais de 1.908 a 2.862 Reais,2.1 Despesas de consumo,1973.81,1973.81
6715,1201,Despesa monetária e não monetária média mensal familiar,Reais,Unidade da Federação,22,Piauí,2018,Mais de 1.908 a 2.862 Reais,2.1 Despesas de consumo,1849.57,1849.57
6715,1201,Despesa monetária e não monetária média mensal familiar,Reais,Unidade da Federação,23,Ceará,2018,Mais de 1.908 a 2.862 Reais,2.1 Despesas de consumo,1774.02,1774.02
6715,1201,Despesa monetária e não monetária média mensal familiar,Reais,Unidade da Federação,24,Rio Grande do Norte,2018,Mais de 1.908 a 2.862 Reais,2.1 Despesas de consumo,2207.80,2207.8
6715,1201,Despesa monetária e não monetária média mensal familiar,Reais,Unidade da Federação,25,Paraíba,2018,Mais de 1.908 a 2.862 Reais,2.1 Despesas de consumo,1742.42,1742.42
6715,1201,Despesa monetária e não monetária média mensal familiar,Reais,Unidade da Federação,26,Pernambuco,2018,Mais de 1.908 a 2.862 Reais,2.1 Despesas de consumo,1968.61,1968.61
6715,1201,Despesa monetária e não monetária média mensal familiar,Reais,Unidade da Federação,27,Alagoas,2018,Mais de 1.908 a 2.862 Reais,2.1 Despesas de consumo,1695.51,1695.51
6715,1201,Despesa monetária e não monetária média mensal familiar,Reais,Unidade da Federação,28,Sergipe,2018,Mais de 1.908 a 2.862 Reais,2.1 Despesas de consumo,2106.09,2106.09
6715,1201,Despesa monetária e não monetária média mensal familiar,Reais,Unidade da Federação,29,Bahia,2018,Mais de 1.908 a 2.862 Reais,2.1 Despesas de consumo,1990.78,1990.78
6715,1201,Despesa monetária e não monetária média mensal familiar,Reais,Unidade da Federação,31,Minas Gerais,2018,Mais de 1.908 a 2.862 Reais,2.1 Despesas de consumo,2039.02,2039.02
6715,1201,Despesa monetária e não monetária média mensal familiar,Reais,Unidade da Federação,32,Espírito Santo,2018,Mais de 1.908 a 2.862 Reais,2.1 Despesas de consumo,1946.34,1946.34
6715,1201,Despesa monetária e não monetária média mensal familiar,Reais,Unidade da Federação,33,Rio de Janeiro,2018,Mais de 1.908 a 2.862 Reais,2.1 Despesas de consumo,2146.10,2146.1
6715,1201,Despesa monetária e não monetária média mensal familiar,Reais,Unidade da Federação,35,São Paulo,2018,Mais de 1.908 a 2.862 Reais,2.1 Despesas de consumo,2385.59,2385.59
6715,1201,Despesa monetária e não monetária média mensal familiar,Reais,Unidade da Federação,41,Paraná,2018,Mais de 1.908 a 2.862 Reais,2.1 Despesas de consumo,2001.22,2001.22
6715,1201,Despesa monetária e não monetária média mensal familiar,Reais,Unidade da Federação,42,Santa Catarina,2018,Mais de 1.908 a 2.862 Reais,2.1 Despesas de consumo,2399.55,2399.55
6715,1201,Despesa monetária e não monetária média mensal familiar,Reais,Unidade da Federação,43,Rio Grande do Sul,2018,Mais de 1.908 a 2.862 Reais,2.1 Despesas de consumo,2236.29,2236.29
6715,1201,Despesa monetária e não monetária média mensal familiar,Reais,Unidade da Federação,50,Mato Grosso do Sul,2018,Mais de 1.908 a 2.862 Reais,2.1 Despesas de consumo,2113.18,2113.18
6715,1201,Despesa monetária e não monetária média mensal familiar,Reais,Unidade da Federação,51,Mato Grosso,2018,Mais de 1.908 a 2.862 Reais,2.1 Despesas de consumo,2175.92,2175.92
6715,1201,Despesa monetária e não monetária média mensal familiar,Reais,Unidade da Federação,52,Goiás,2018,Mais de 1.908 a 2.862 Reais,2.1 Despesas de consumo,2170.94,2170.94
6715,1201,Despesa monetária e não monetária média mensal familiar,Reais,Unidade da Federação,53,Distrito Federal,2018,Mais de 1.908 a 2.862 Reais,2.1 Despesas de consumo,2320.32,2320.32
6715,1201,Despesa monetária e não monetária média mensal familiar,Reais,Brasil,1,Brasil,2018,Mais de 1.908 a 2.862 Reais,2.1.1 Alimentação,449.21,449.21
6715,1201,Despesa monetária e não monetária média mensal familiar,Reais,Unidade da Federação,11,Rondônia,2018,Mais de 1.908 a 2.862 Reais,2.1.1 Alimentação,290.27,290.27
6715,1201,Despesa monetária e não monetária média mensal familiar,Reais,Unidade da Federação,12,Acre,2018,Mais de 1.908 a 2.862 Reais,2.1.1 Alimentação,592.63,592.63
6715,1201,Despesa monetária e não monetária média mensal familiar,Reais,Unidade da Federação,13,Amazonas,2018,Mais de 1.908 a 2.862 Reais,2.1.1 Alimentação,536.46,536.46
6715,1201,Despesa monetária e não monetária média mensal familiar,Reais,Unidade da Federação,14,Roraima,2018,Mais de 1.908 a 2.862 Reais,2.1.1 Alimentação,460.37,460.37
6715,1201,Despesa monetária e não monetária média mensal familiar,Reais,Unidade da Federação,15,Pará,2018,Mais de 1.908 a 2.862 Reais,2.1.1 Alimentação,546.44,546.44
6715,1201,Despesa monetária e não monetária média mensal familiar,Reais,Unidade da Federação,16,Amapá,2018,Mais de 1.908 a 2.862 Reais,2.1.1 Alimentação,747.85,747.85
6715,1201,Despesa monetária e não monetária média mensal familiar,Reais,Unidade da Federação,17,Tocantins,2018,Mais de 1.908 a 2.862 Reais,2.1.1 Alimentação,295.17,295.17
6715,1201,Despesa monetária e não monetária média mensal familiar,Reais,Unidade da Federação,21,Maranhão,2018,Mais de 1.908 a 2.862 Reais,2.1.1 Alimentação,500.85,500.85
6715,1201,Despesa monetária e não monetária média mensal familiar,Reais,Unidade da Federação,22,Piauí,2018,Mais de 1.908 a 2.862 Reais,2.1.1 Alimentação,583.43,583.43
6715,1201,Despesa monetária e não monetária média mensal familiar,Reais,Unidade da Federação,23,Ceará,2018,Mais de 1.908 a 2.862 Reais,2.1.1 Alimentação,449.39,449.39
6715,1201,Despesa monetária e não monetária média mensal familiar,Reais,Unidade da Federação,24,Rio Grande do Norte,2018,Mais de 1.908 a 2.862 Reais,2.1.1 Alimentação,682.87,682.87
6715,1201,Despesa monetária e não monetária média mensal familiar,Reais,Unidade da Federação,25,Paraíba,2018,Mais de 1.908 a 2.862 Reais,2.1.1 Alimentação,466.40,466.4
6715,1201,Despesa monetária e não monetária média mensal familiar,Reais,Unidade da Federação,26,Pernambuco,2018,Mais de 1.908 a 2.862 Reais,2.1.1 Alimentação,486.34,486.34
6715,1201,Despesa monetária e não monetária média mensal familiar,Reais,Unidade da Federação,27,Alagoas,2018,Mais de 1.908 a 2.862 Reais,2.1.1 Alimentação,382.08,382.08
6715,1201,Despesa monetária e não monetária média mensal familiar,Reais,Unidade da Federação,28,Sergipe,2018,Mais de 1.908 a 2.862 Reais,2.1.1 Alimentação,621.48,621.48
6715,1201,Despesa monetária e não monetária média mensal familiar,Reais,Unidade da Federação,29,Bahia,2018,Mais de 1.908 a 2.862 Reais,2.1.1 Alimentação,534.74,534.74
6715,1201,Despesa monetária e não monetária média mensal familiar,Reais,Unidade da Federação,31,Minas Gerais,2018,Mais de 1.908 a 2.862 Reais,2.1.1 Alimentação,470.26,470.26
6715,1201,Despesa monetária e não monetária média mensal familiar,Reais,Unidade da Federação,32,Espírito Santo,2018,Mais de 1.908 a 2.862 Reais,2.1.1 Alimentação,308.44,308.44
6715,1201,Despesa monetária e não monetária média mensal familiar,Reais,Unidade da Federação,33,Rio de Janeiro,2018,Mais de 1.908 a 2.862 Reais,2.1.1 Alimentação,373.29,373.29
6715,1201,Despesa monetária e não monetária média mensal familiar,Reais,Unidade da Federação,35,São Paulo,2018,Mais de 1.908 a 2.862 Reais,2.1.1 Alimentação,388.88,388.88
6715,1201,Despesa monetária e não monetária média mensal familiar,Reais,Unidade da Federação,41,Paraná,2018,Mais de 1.908 a 2.862 Reais,2.1.1 Alimentação,364.60,364.6
6715,1201,Despesa monetária e não monetária média mensal familiar,Reais,Unidade da Federação,42,Santa Catarina,2018,Mais de 1.908 a 2.862 Reais,2.1.1 Alimentação,483.26,483.26
6715,1201,Despesa monetária e não monetária média mensal familiar,Reais,Unidade da Federação,43,Rio Grande do Sul,2018,Mais de 1.908 a 2.862 Reais,2.1.1 Alimentação,433.73,433.73
6715,1201,Despesa monetária e não monetária média mensal familiar,Reais,Unidade da Federação,50,Mato Grosso do Sul,2018,Mais de 1.908 a 2.862 Reais,2.1.1 Alimentação,544.75,544.75
6715,1201,Despesa monetária e não monetária média mensal familiar,Reais,Unidade da Federação,51,Mato Grosso,2018,Mais de 1.908 a 2.862 Reais,2.1.1 Alimentação,467.46,467.46
6715,1201,Despesa monetária e não monetária média mensal familiar,Reais,Unidade da Federação,52,Goiás,2018,Mais de 1.908 a 2.862 Reais,2.1.1 Alimentação,445.91,445.91
6715,1201,Despesa monetária e não monetária média mensal familiar,Reais,Unidade da Federação,53,Distrito Federal,2018,Mais de 1.908 a 2.862 Reais,2.1.1 Alimentação,359.25,359.25
6715,1201,Despesa monetária e não monetária média mensal familiar,Reais,Brasil,1,Brasil,2018,Mais de 1.908 a 2.862 Reais,2.1.8 Recreação e cultura,40.75,40.75
6715,1201,Despesa monetária e não monetária média mensal familiar,Reais,Unidade da Federação,11,Rondônia,2018,Mais de 1.908 a 2.862 Reais,2.1.8 Recreação e cultura,53.14,53.14
6715,1201,Despesa monetária e não monetária média mensal familiar,Reais,Unidade da Federação,12,Acre,2018,Mais de 1.908 a 2.862 Reais,2.1.8 Recreação e cultura,46.28,46.28
6715,1201,Despesa monetária e não monetária média mensal familiar,Reais,Unidade da Federação,13,Amazonas,2018,Mais de 1.908 a 2.862 Reais,2.1.8 Recreação e cultura,58.05,58.05
6715,1201,Despesa monetária e não monetária média mensal familiar,Reais,Unidade da Federação,14,Roraima,2018,Mais de 1.908 a 2.862 Reais,2.1.8 Recreação e cultura,29.49,29.49
6715,1201,Despesa monetária e não monetária média mensal familiar,Reais,Unidade da Federação,15,Pará,2018,Mais de 1.908 a 2.862 Reais,2.1.8 Recreação e cultura,61.02,61.02
6715,1201,Despesa monetária e não monetária média mensal familiar,Reais,Unidade da Federação,16,Amapá,2018,Mais de 1.908 a 2.862 Reais,2.1.8 Recreação e cultura,62.68,62.68
6715,1201,Despesa monetária e não monetária média mensal familiar,Reais,Unidade da Federação,17,Tocantins,2018,Mais de 1.908 a 2.862 Reais,2.1.8 Recreação e cultura,45.76,45.76
6715,1201,Despesa monetária e não monetária média mensal familiar,Reais,Unidade da Federação,21,Maranhão,2018,Mais de 1.908 a 2.862 Reais,2.1.8 Recreação e cultura,39.04,39.04
6715,1201,Despesa monetária e não monetária média mensal familiar,Reais,Unidade da Federação,22,Piauí,2018,Mais de 1.908 a 2.862 Reais,2.1.8 Recreação e cultura,21.31,21.31
6715,1201,Despesa monetária e não monetária média mensal familiar,Reais,Unidade da Federação,23,Ceará,2018,Mais de 1.908 a 2.862 Reais,2.1.8 Recreação e cultura,27.27,27.27
6715,1201,Despesa monetária e não monetária média mensal familiar,Reais,Unidade da Federação,24,Rio Grande do Norte,2018,Mais de 1.908 a 2.862 Reais,2.1.8 Recreação e cultura,38.44,38.44
6715,1201,Despesa monetária e não monetária média mensal familiar,Reais,Unidade da Federação,25,Paraíba,2018,Mais de 1.908 a 2.862 Reais,2.1.8 Recreação e cultura,43.41,43.41
6715,1201,Despesa monetária e não monetária média mensal familiar,Reais,Unidade da Federação,26,Pernambuco,2018,Mais de 1.908 a 2.862 Reais,2.1.8 Recreação e cultura,42.58,42.58
6715,1201,Despesa monetária e não monetária média mensal familiar,Reais,Unidade da Federação,27,Alagoas,2018,Mais de 1.908 a 2.862 Reais,2.1.8 Recreação e cultura,36.11,36.11
6715,1201,Despesa monetária e não monetária média mensal familiar,Reais,Unidade da Federação,28,Sergipe,2018,Mais de 1.908 a 2.862 Reais,2.1.8 Recreação e cultura,38.07,38.07
6715,1201,Despesa monetária e não monetária média mensal familiar,Reais,Unidade da Federação,29,Bahia,2018,Mais de 1.908 a 2.862 Reais,2.1.8 Recreação e cultura,35.76,35.76
6715,1201,Despesa monetária e não monetária média mensal familiar,Reais,Unidade da Federação,31,Minas Gerais,2018,Mais de 1.908 a 2.862 Reais,2.1.8 Recreação e cultura,34.24,34.24
6715,1201,Despesa monetária e não monetária média mensal familiar,Reais,Unidade da Federação,32,Espírito Santo,2018,Mais de 1.908 a 2.862 Reais,2.1.8 Recreação e cultura,41.07,41.07
6715,1201,Despesa monetária e não monetária média mensal familiar,Reais,Unidade da Federação,33,Rio de Janeiro,2018,Mais de 1.908 a 2.862 Reais,2.1.8 Recreação e cultura,44.48,44.48
6715,1201,Despesa monetária e não monetária média mensal familiar,Reais,Unidade da Federação,35,São Paulo,2018,Mais de 1.908 a 2.862 Reais,2.1.8 Recreação e cultura,44.43,44.43
6715,1201,Despesa monetária e não monetária média mensal familiar,Reais,Unidade da Federação,41,Paraná,2018,Mais de 1.908 a 2.862 Reais,2.1.8 Recreação e cultura,40.46,40.46
6715,1201,Despesa monetária e não monetária média mensal familiar,Reais,Unidade da Federação,42,Santa Catarina,2018,Mais de 1.908 a 2.862 Reais,2.1.8 Recreação e cultura,36.15,36.15
6715,1201,Despesa monetária e não monetária média mensal familiar,Reais,Unidade da Federação,43,Rio Grande do Sul,2018,Mais de 1.908 a 2.862 Reais,2.1.8 Recreação e cultura,39.97,39.97
6715,1201,Despesa monetária e não monetária média mensal familiar,Reais,Unidade da Federação,50,Mato Grosso do Sul,2018,Mais de 1.908 a 2.862 Reais,2.1.8 Recreação e cultura,32.04,32.04
6715,1201,Despesa monetária e não monetária média mensal familiar,Reais,Unidade da Federação,51,Mato Grosso,2018,Mais de 1.908 a 2.862 Reais,2.1.8 Recreação e cultura,53.25,53.25
6715,1201,Despesa monetária e não monetária média mensal familiar,Reais,Unidade da Federação,52,Goiás,2018,Mais de 1.908 a 2.862 Reais,2.1.8 Recreação e cultura,44.66,44.66
6715,1201,Despesa monetária e não monetária média mensal familiar,Reais,Unidade da Federação,53,Distrito Federal,2018,Mais de 1.908 a 2.862 Reais,2.1.8 Recreação e cultura,42.70,42.7
6715,1201,Despesa monetária e não monetária média mensal familiar,Reais,Brasil,1,Brasil,2018,Mais de 1.908 a 2.862 Reais,2.1.8.4 Recreações e esportes,6.43,6.43
6715,1201,Despesa monetária e não monetária média mensal familiar,Reais,Unidade da Federação,11,Rondônia,2018,Mais de 1.908 a 2.862 Reais,2.1.8.4 Recreações e esportes,5.55,5.55
6715,1201,Despesa monetária e não monetária média mensal familiar,Reais,Unidade da Federação,12,Acre,2018,Mais de 1.908 a 2.862 Reais,2.1.8.4 Recreações e esportes,2.42,2.42
6715,1201,Despesa monetária e não monetária média mensal familiar,Reais,Unidade da Federação,13,Amazonas,2018,Mais de 1.908 a 2.862 Reais,2.1.8.4 Recreações e esportes,6.26,6.26
6715,1201,Despesa monetária e não monetária média mensal familiar,Reais,Unidade da Federação,14,Roraima,2018,Mais de 1.908 a 2.862 Reais,2.1.8.4 Recreações e esportes,8.41,8.41
6715,1201,Despesa monetária e não monetária média mensal familiar,Reais,Unidade da Federação,15,Pará,2018,Mais de 1.908 a 2.862 Reais,2.1.8.4 Recreações e esportes,6.98,6.98
6715,1201,Despesa monetária e não monetária média mensal familiar,Reais,Unidade da Federação,16,Amapá,2018,Mais de 1.908 a 2.862 Reais,2.1.8.4 Recreações e esportes,11.10,11.1
6715,1201,Despesa monetária e não monetária média mensal familiar,Reais,Unidade da Federação,17,Tocantins,2018,Mais de 1.908 a 2.862 Reais,2.1.8.4 Recreações e esportes,4.92,4.92
6715,1201,Despesa monetária e não monetária média mensal familiar,Reais,Unidade da Federação,21,Maranhão,2018,Mais de 1.908 a 2.862 Reais,2.1.8.4 Recreações e esportes,3.51,3.51
6715,1201,Despesa monetária e não monetária média mensal familiar,Reais,Unidade da Federação,22,Piauí,2018,Mais de 1.908 a 2.862 Reais,2.1.8.4 Recreações e esportes,3.21,3.21
6715,1201,Despesa monetária e não monetária média mensal familiar,Reais,Unidade da Federação,23,Ceará,2018,Mais de 1.908 a 2.862 Reais,2.1.8.4 Recreações e esportes,4.50,4.5
6715,1201,Despesa monetária e não monetária média mensal familiar,Reais,Unidade da Federação,24,Rio Grande do Norte,2018,Mais de 1.908 a 2.862 Reais,2.1.8.4 Recreações e esportes,5.57,5.57
6715,1201,Despesa monetária e não monetária média mensal familiar,Reais,Unidade da Federação,25,Paraíba,2018,Mais de 1.908 a 2.862 Reais,2.1.8.4 Recreações e esportes,4.09,4.09
6715,1201,Despesa monetária e não monetária média mensal familiar,Reais,Unidade da Federação,26,Pernambuco,2018,Mais de 1.908 a 2.862 Reais,2.1.8.4 Recreações e esportes,5.43,5.43
6715,1201,Despesa monetária e não monetária média mensal familiar,Reais,Unidade da Federação,27,Alagoas,2018,Mais de 1.908 a 2.862 Reais,2.1.8.4 Recreações e esportes,3.30,3.3
6715,1201,Despesa monetária e não monetária média mensal familiar,Reais,Unidade da Federação,28,Sergipe,2018,Mais de 1.908 a 2.862 Reais,2.1.8.4 Recreações e esportes,4.74,4.74
6715,1201,Despesa monetária e não monetária média mensal familiar,Reais,Unidade da Federação,29,Bahia,2018,Mais de 1.908 a 2.862 Reais,2.1.8.4 Recreações e esportes,4.39,4.39
6715,1201,Despesa monetária e não monetária média mensal familiar,Reais,Unidade da Federação,31,Minas Gerais,2018,Mais de 1.908 a 2.862 Reais,2.1.8.4 Recreações e esportes,5.72,5.72
6715,1201,Despesa monetária e não monetária média mensal familiar,Reais,Unidade da Federação,32,Espírito Santo,2018,Mais de 1.908 a 2.862 Reais,2.1.8.4 Recreações e esportes,4.06,4.06
6715,1201,Despesa monetária e não monetária média mensal familiar,Reais,Unidade da Federação,33,Rio de Janeiro,2018,Mais de 1.908 a 2.862 Reais,2.1.8.4 Recreações e esportes,6.57,6.57
6715,1201,Despesa monetária e não monetária média mensal familiar,Reais,Unidade da Federação,35,São Paulo,2018,Mais de 1.908 a 2.862 Reais,2.1.8.4 Recreações e esportes,9.00,9.0
6715,1201,Despesa monetária e não monetária média mensal familiar,Reais,Unidade da Federação,41,Paraná,2018,Mais de 1.908 a 2.862 Reais,2.1.8.4 Recreações e esportes,9.65,9.65
6715,1201,Despesa monetária e não monetária média mensal familiar,Reais,Unidade da Federação,42,Santa Catarina,2018,Mais de 1.908 a 2.862 Reais,2.1.8.4 Recreações e esportes,7.80,7.8
6715,1201,Despesa monetária e não monetária média mensal familiar,Reais,Unidade da Federação,43,Rio Grande do Sul,2018,Mais de 1.908 a 2.862 Reais,2.1.8.4 Recreações e esportes,7.22,7.22
6715,1201,Despesa monetária e não monetária média mensal familiar,Reais,Unidade da Federação,50,Mato Grosso do Sul,2018,Mais de 1.908 a 2.862 Reais,2.1.8.4 Recreações e esportes,4.03,4.03
6715,1201,Despesa monetária e não monetária média mensal familiar,Reais,Unidade da Federação,51,Mato Grosso,2018,Mais de 1.908 a 2.862 Reais,2.1.8.4 Recreações e esportes,5.57,5.57
6715,1201,Despesa monetária e não monetária média mensal familiar,Reais,Unidade da Federação,52,Goiás,2018,Mais de 1.908 a 2.862 Reais,2.1.8.4 Recreações e esportes,7.85,7.85
6715,1201,Despesa monetária e não monetária média mensal familiar,Reais,Unidade da Federação,53,Distrito Federal,2018,Mais de 1.908 a 2.862 Reais,2.1.8.4 Recreações e esportes,6.08,6.08
6715,1201,Despesa monetária e não monetária média mensal familiar,Reais,Brasil,1,Brasil,2018,Mais de 2.862 a 5.724 Reais,1 Despesa total,3705.24,3705.24
6715,1201,Despesa monetária e não monetária média mensal familiar,Reais,Unidade da Federação,11,Rondônia,2018,Mais de 2.862 a 5.724 Reais,1 Despesa total,3341.66,3341.66
6715,1201,Despesa monetária e não monetária média mensal familiar,Reais,Unidade da Federação,12,Acre,2018,Mais de 2.862 a 5.724 Reais,1 Despesa total,3867.31,3867.31
6715,1201,Despesa monetária e não monetária média mensal familiar,Reais,Unidade da Federação,13,Amazonas,2018,Mais de 2.862 a 5.724 Reais,1 Despesa total,3402.85,3402.85
6715,1201,Despesa monetária e não monetária média mensal familiar,Reais,Unidade da Federação,14,Roraima,2018,Mais de 2.862 a 5.724 Reais,1 Despesa total,3062.43,3062.43
6715,1201,Despesa monetária e não monetária média mensal familiar,Reais,Unidade da Federação,15,Pará,2018,Mais de 2.862 a 5.724 Reais,1 Despesa total,3567.32,3567.32
6715,1201,Despesa monetária e não monetária média mensal familiar,Reais,Unidade da Federação,16,Amapá,2018,Mais de 2.862 a 5.724 Reais,1 Despesa total,4065.98,4065.98
6715,1201,Despesa monetária e não monetária média mensal familiar,Reais,Unidade da Federação,17,Tocantins,2018,Mais de 2.862 a 5.724 Reais,1 Despesa total,3240.34,3240.34
6715,1201,Despesa monetária e não monetária média mensal familiar,Reais,Unidade da Federação,21,Maranhão,2018,Mais de 2.862 a 5.724 Reais,1 Despesa total,3494.45,3494.45
6715,1201,Despesa monetária e não monetária média mensal familiar,Reais,Unidade da Federação,22,Piauí,2018,Mais de 2.862 a 5.724 Reais,1 Despesa total,3265.19,3265.19
6715,1201,Despesa monetária e não monetária média mensal familiar,Reais,Unidade da Federação,23,Ceará,2018,Mais de 2.862 a 5.724 Reais,1 Despesa total,3334.21,3334.21
6715,1201,Despesa monetária e não monetária média mensal familiar,Reais,Unidade da Federação,24,Rio Grande do Norte,2018,Mais de 2.862 a 5.724 Reais,1 Despesa total,3796.46,3796.46
6715,1201,Despesa monetária e não monetária média mensal familiar,Reais,Unidade da Federação,25,Paraíba,2018,Mais de 2.862 a 5.724 Reais,1 Despesa total,3432.70,3432.7
6715,1201,Despesa monetária e não monetária média mensal familiar,Reais,Unidade da Federação,26,Pernambuco,2018,Mais de 2.862 a 5.724 Reais,1 Despesa total,3589.70,3589.7
6715,1201,Despesa monetária e não monetária média mensal familiar,Reais,Unidade da Federação,27,Alagoas,2018,Mais de 2.862 a 5.724 Reais,1 Despesa total,3384.59,3384.59
6715,1201,Despesa monetária e não monetária média mensal familiar,Reais,Unidade da Federação,28,Sergipe,2018,Mais de 2.862 a 5.724 Reais,1 Despesa total,3708.99,3708.99
6715,1201,Despesa monetária e não monetária média mensal familiar,Reais,Unidade da Federação,29,Bahia,2018,Mais de 2.862 a 5.724 Reais,1 Despesa total,3794.95,3794.95
6715,1201,Despesa monetária e não monetária média mensal familiar,Reais,Unidade da Federação,31,Minas Gerais,2018,Mais de 2.862 a 5.724 Reais,1 Despesa total,3697.32,3697.32
6715,1201,Despesa monetária e não monetária média mensal familiar,Reais,Unidade da Federação,32,Espírito Santo,2018,Mais de 2.862 a 5.724 Reais,1 Despesa total,3439.63,3439.63
6715,1201,Despesa monetária e não monetária média mensal familiar,Reais,Unidade da Federação,33,Rio de Janeiro,2018,Mais de 2.862 a 5.724 Reais,1 Despesa total,3467.02,3467.02
6715,1201,Despesa monetária e não monetária média mensal familiar,Reais,Unidade da Federação,35,São Paulo,2018,Mais de 2.862 a 5.724 Reais,1 Despesa total,3879.87,3879.87
6715,1201,Despesa monetária e não monetária média mensal familiar,Reais,Unidade da Federação,41,Paraná,2018,Mais de 2.862 a 5.724 Reais,1 Despesa total,3753.91,3753.91
6715,1201,Despesa monetária e não monetária média mensal familiar,Reais,Unidade da Federação,42,Santa Catarina,2018,Mais de 2.862 a 5.724 Reais,1 Despesa total,3783.96,3783.96
6715,1201,Despesa monetária e não monetária média mensal familiar,Reais,Unidade da Federação,43,Rio Grande do Sul,2018,Mais de 2.862 a 5.724 Reais,1 Despesa total,3693.68,3693.68
6715,1201,Despesa monetária e não monetária média mensal familiar,Reais,Unidade da Federação,50,Mato Grosso do Sul,2018,Mais de 2.862 a 5.724 Reais,1 Despesa total,3870.21,3870.21
6715,1201,Despesa monetária e não monetária média mensal familiar,Reais,Unidade da Federação,51,Mato Grosso,2018,Mais de 2.862 a 5.724 Reais,1 Despesa total,3892.72,3892.72
6715,1201,Despesa monetária e não monetária média mensal familiar,Reais,Unidade da Federação,52,Goiás,2018,Mais de 2.862 a 5.724 Reais,1 Despesa total,3788.90,3788.9
6715,1201,Despesa monetária e não monetária média mensal familiar,Reais,Unidade da Federação,53,Distrito Federal,2018,Mais de 2.862 a 5.724 Reais,1 Despesa total,4182.13,4182.13
6715,1201,Despesa monetária e não monetária média mensal familiar,Reais,Brasil,1,Brasil,2018,Mais de 2.862 a 5.724 Reais,2.1 Despesas de consumo,3221.51,3221.51
6715,1201,Despesa monetária e não monetária média mensal familiar,Reais,Unidade da Federação,11,Rondônia,2018,Mais de 2.862 a 5.724 Reais,2.1 Despesas de consumo,2781.43,2781.43
6715,1201,Despesa monetária e não monetária média mensal familiar,Reais,Unidade da Federação,12,Acre,2018,Mais de 2.862 a 5.724 Reais,2.1 Despesas de consumo,3279.31,3279.31
6715,1201,Despesa monetária e não monetária média mensal familiar,Reais,Unidade da Federação,13,Amazonas,2018,Mais de 2.862 a 5.724 Reais,2.1 Despesas de consumo,2978.79,2978.79
6715,1201,Despesa monetária e não monetária média mensal familiar,Reais,Unidade da Federação,14,Roraima,2018,Mais de 2.862 a 5.724 Reais,2.1 Despesas de consumo,2629.38,2629.38
6715,1201,Despesa monetária e não monetária média mensal familiar,Reais,Unidade da Federação,15,Pará,2018,Mais de 2.862 a 5.724 Reais,2.1 Despesas de consumo,3038.54,3038.54
6715,1201,Despesa monetária e não monetária média mensal familiar,Reais,Unidade da Federação,16,Amapá,2018,Mais de 2.862 a 5.724 Reais,2.1 Despesas de consumo,3639.19,3639.19
6715,1201,Despesa monetária e não monetária média mensal familiar,Reais,Unidade da Federação,17,Tocantins,2018,Mais de 2.862 a 5.724 Reais,2.1 Despesas de consumo,2802.40,2802.4
6715,1201,Despesa monetária e não monetária média mensal familiar,Reais,Unidade da Federação,21,Maranhão,2018,Mais de 2.862 a 5.724 Reais,2.1 Despesas de consumo,2967.55,2967.55
6715,1201,Despesa monetária e não monetária média mensal familiar,Reais,Unidade da Federação,22,Piauí,2018,Mais de 2.862 a 5.724 Reais,2.1 Despesas de consumo,2863.30,2863.3
6715,1201,Despesa monetária e não monetária média mensal familiar,Reais,Unidade da Federação,23,Ceará,2018,Mais de 2.862 a 5.724 Reais,2.1 Despesas de consumo,2846.20,2846.2
6715,1201,Despesa monetária e não monetária média mensal familiar,Reais,Unidade da Federação,24,Rio Grande do Norte,2018,Mais de 2.862 a 5.724 Reais,2.1 Despesas de consumo,3291.88,3291.88
6715,1201,Despesa monetária e não monetária média mensal familiar,Reais,Unidade da Federação,25,Paraíba,2018,Mais de 2.862 a 5.724 Reais,2.1 Despesas de consumo,2900.37,2900.37
6715,1201,Despesa monetária e não monetária média mensal familiar,Reais,Unidade da Federação,26,Pernambuco,2018,Mais de 2.862 a 5.724 Reais,2.1 Despesas de consumo,3092.91,3092.91
6715,1201,Despesa monetária e não monetária média mensal familiar,Reais,Unidade da Federação,27,Alagoas,2018,Mais de 2.862 a 5.724 Reais,2.1 Despesas de consumo,2887.30,2887.3
6715,1201,Despesa monetária e não monetária média mensal familiar,Reais,Unidade da Federação,28,Sergipe,2018,Mais de 2.862 a 5.724 Reais,2.1 Despesas de consumo,3342.97,3342.97
6715,1201,Despesa monetária e não monetária média mensal familiar,Reais,Unidade da Federação,29,Bahia,2018,Mais de 2.862 a 5.724 Reais,2.1 Despesas de consumo,3278.76,3278.76
6715,1201,Despesa monetária e não monetária média mensal familiar,Reais,Unidade da Federação,31,Minas Gerais,2018,Mais de 2.862 a 5.724 Reais,2.1 Despesas de consumo,3247.30,3247.3
6715,1201,Despesa monetária e não monetária média mensal familiar,Reais,Unidade da Federação,32,Espírito Santo,2018,Mais de 2.862 a 5.724 Reais,2.1 Despesas de consumo,2920.22,2920.22
6715,1201,Despesa monetária e não monetária média mensal familiar,Reais,Unidade da Federação,33,Rio de Janeiro,2018,Mais de 2.862 a 5.724 Reais,2.1 Despesas de consumo,3068.23,3068.23
6715,1201,Despesa monetária e não monetária média mensal familiar,Reais,Unidade da Federação,35,São Paulo,2018,Mais de 2.862 a 5.724 Reais,2.1 Despesas de consumo,3407.82,3407.82
6715,1201,Despesa monetária e não monetária média mensal familiar,Reais,Unidade da Federação,41,Paraná,2018,Mais de 2.862 a 5.724 Reais,2.1 Despesas de consumo,3223.75,3223.75
6715,1201,Despesa monetária e não monetária média mensal familiar,Reais,Unidade da Federação,42,Santa Catarina,2018,Mais de 2.862 a 5.724 Reais,2.1 Despesas de consumo,3305.41,3305.41
6715,1201,Despesa monetária e não monetária média mensal familiar,Reais,Unidade da Federação,43,Rio Grande do Sul,2018,Mais de 2.862 a 5.724 Reais,2.1 Despesas de consumo,3185.33,3185.33
6715,1201,Despesa monetária e não monetária média mensal familiar,Reais,Unidade da Federação,50,Mato Grosso do Sul,2018,Mais de 2.862 a 5.724 Reais,2.1 Despesas de consumo,3345.30,3345.3
6715,1201,Despesa monetária e não monetária média mensal familiar,Reais,Unidade da Federação,51,Mato Grosso,2018,Mais de 2.862 a 5.724 Reais,2.1 Despesas de consumo,3384.13,3384.13
6715,1201,Despesa monetária e não monetária média mensal familiar,Reais,Unidade da Federação,52,Goiás,2018,Mais de 2.862 a 5.724 Reais,2.1 Despesas de consumo,3201.74,3201.74
6715,1201,Despesa monetária e não monetária média mensal familiar,Reais,Unidade da Federação,53,Distrito Federal,2018,Mais de 2.862 a 5.724 Reais,2.1 Despesas de consumo,3606.80,3606.8
6715,1201,Despesa monetária e não monetária média mensal familiar,Reais,Brasil,1,Brasil,2018,Mais de 2.862 a 5.724 Reais,2.1.1 Alimentação,634.41,634.41
6715,1201,Despesa monetária e não monetária média mensal familiar,Reais,Unidade da Federação,11,Rondônia,2018,Mais de 2.862 a 5.724 Reais,2.1.1 Alimentação,456.11,456.11
6715,1201,Despesa monetária e não monetária média mensal familiar,Reais,Unidade da Federação,12,Acre,2018,Mais de 2.862 a 5.724 Reais,2.1.1 Alimentação,767.97,767.97
6715,1201,Despesa monetária e não monetária média mensal familiar,Reais,Unidade da Federação,13,Amazonas,2018,Mais de 2.862 a 5.724 Reais,2.1.1 Alimentação,618.46,618.46
6715,1201,Despesa monetária e não monetária média mensal familiar,Reais,Unidade da Federação,14,Roraima,2018,Mais de 2.862 a 5.724 Reais,2.1.1 Alimentação,491.33,491.33
6715,1201,Despesa monetária e não monetária média mensal familiar,Reais,Unidade da Federação,15,Pará,2018,Mais de 2.862 a 5.724 Reais,2.1.1 Alimentação,652.92,652.92
6715,1201,Despesa monetária e não monetária média mensal familiar,Reais,Unidade da Federação,16,Amapá,2018,Mais de 2.862 a 5.724 Reais,2.1.1 Alimentação,931.67,931.67
6715,1201,Despesa monetária e não monetária média mensal familiar,Reais,Unidade da Federação,17,Tocantins,2018,Mais de 2.862 a 5.724 Reais,2.1.1 Alimentação,351.87,351.87
6715,1201,Despesa monetária e não monetária média mensal familiar,Reais,Unidade da Federação,21,Maranhão,2018,Mais de 2.862 a 5.724 Reais,2.1.1 Alimentação,649.10,649.1
6715,1201,Despesa monetária e não monetária média mensal familiar,Reais,Unidade da Federação,22,Piauí,2018,Mais de 2.862 a 5.724 Reais,2.1.1 Alimentação,760.46,760.46
6715,1201,Despesa monetária e não monetária média mensal familiar,Reais,Unidade da Federação,23,Ceará,2018,Mais de 2.862 a 5.724 Reais,2.1.1 Alimentação,672.62,672.62
6715,1201,Despesa monetária e não monetária média mensal familiar,Reais,Unidade da Federação,24,Rio Grande do Norte,2018,Mais de 2.862 a 5.724 Reais,2.1.1 Alimentação,869.46,869.46
6715,1201,Despesa monetária e não monetária média mensal familiar,Reais,Unidade da Federação,25,Paraíba,2018,Mais de 2.862 a 5.724 Reais,2.1.1 Alimentação,592.40,592.4
6715,1201,Despesa monetária e não monetária média mensal familiar,Reais,Unidade da Federação,26,Pernambuco,2018,Mais de 2.862 a 5.724 Reais,2.1.1 Alimentação,688.70,688.7
6715,1201,Despesa monetária e não monetária média mensal familiar,Reais,Unidade da Federação,27,Alagoas,2018,Mais de 2.862 a 5.724 Reais,2.1.1 Alimentação,540.63,540.63
6715,1201,Despesa monetária e não monetária média mensal familiar,Reais,Unidade da Federação,28,Sergipe,2018,Mais de 2.862 a 5.724 Reais,2.1.1 Alimentação,927.25,927.25
6715,1201,Despesa monetária e não monetária média mensal familiar,Reais,Unidade da Federação,29,Bahia,2018,Mais de 2.862 a 5.724 Reais,2.1.1 Alimentação,778.11,778.11
6715,1201,Despesa monetária e não monetária média mensal familiar,Reais,Unidade da Federação,31,Minas Gerais,2018,Mais de 2.862 a 5.724 Reais,2.1.1 Alimentação,682.91,682.91
6715,1201,Despesa monetária e não monetária média mensal familiar,Reais,Unidade da Federação,32,Espírito Santo,2018,Mais de 2.862 a 5.724 Reais,2.1.1 Alimentação,484.72,484.72
6715,1201,Despesa monetária e não monetária média mensal familiar,Reais,Unidade da Federação,33,Rio de Janeiro,2018,Mais de 2.862 a 5.724 Reais,2.1.1 Alimentação,553.66,553.66
6715,1201,Despesa monetária e não monetária média mensal familiar,Reais,Unidade da Federação,35,São Paulo,2018,Mais de 2.862 a 5.724 Reais,2.1.1 Alimentação,589.26,589.26
6715,1201,Despesa monetária e não monetária média mensal familiar,Reais,Unidade da Federação,41,Paraná,2018,Mais de 2.862 a 5.724 Reais,2.1.1 Alimentação,594.64,594.64
6715,1201,Despesa monetária e não monetária média mensal familiar,Reais,Unidade da Federação,42,Santa Catarina,2018,Mais de 2.862 a 5.724 Reais,2.1.1 Alimentação,595.04,595.04
6715,1201,Despesa monetária e não monetária média mensal familiar,Reais,Unidade da Federação,43,Rio Grande do Sul,2018,Mais de 2.862 a 5.724 Reais,2.1.1 Alimentação,630.77,630.77
6715,1201,Despesa monetária e não monetária média mensal familiar,Reais,Unidade da Federação,50,Mato Grosso do Sul,2018,Mais de 2.862 a 5.724 Reais,2.1.1 Alimentação,798.39,798.39
6715,1201,Despesa monetária e não monetária média mensal familiar,Reais,Unidade da Federação,51,Mato Grosso,2018,Mais de 2.862 a 5.724 Reais,2.1.1 Alimentação,734.14,734.14
6715,1201,Despesa monetária e não monetária média mensal familiar,Reais,Unidade da Federação,52,Goiás,2018,Mais de 2.862 a 5.724 Reais,2.1.1 Alimentação,635.55,635.55
6715,1201,Despesa monetária e não monetária média mensal familiar,Reais,Unidade da Federação,53,Distrito Federal,2018,Mais de 2.862 a 5.724 Reais,2.1.1 Alimentação,587.35,587.35
6715,1201,Despesa monetária e não monetária média mensal familiar,Reais,Brasil,1,Brasil,2018,Mais de 2.862 a 5.724 Reais,2.1.8 Recreação e cultura,72.08,72.08
6715,1201,Despesa monetária e não monetária média mensal familiar,Reais,Unidade da Federação,11,Rondônia,2018,Mais de 2.862 a 5.724 Reais,2.1.8 Recreação e cultura,89.86,89.86
6715,1201,Despesa monetária e não monetária média mensal familiar,Reais,Unidade da Federação,12,Acre,2018,Mais de 2.862 a 5.724 Reais,2.1.8 Recreação e cultura,75.84,75.84
6715,1201,Despesa monetária e não monetária média mensal familiar,Reais,Unidade da Federação,13,Amazonas,2018,Mais de 2.862 a 5.724 Reais,2.1.8 Recreação e cultura,88.49,88.49
6715,1201,Despesa monetária e não monetária média mensal familiar,Reais,Unidade da Federação,14,Roraima,2018,Mais de 2.862 a 5.724 Reais,2.1.8 Recreação e cultura,41.24,41.24
6715,1201,Despesa monetária e não monetária média mensal familiar,Reais,Unidade da Federação,15,Pará,2018,Mais de 2.862 a 5.724 Reais,2.1.8 Recreação e cultura,89.40,89.4
6715,1201,Despesa monetária e não monetária média mensal familiar,Reais,Unidade da Federação,16,Amapá,2018,Mais de 2.862 a 5.724 Reais,2.1.8 Recreação e cultura,96.17,96.17
6715,1201,Despesa monetária e não monetária média mensal familiar,Reais,Unidade da Federação,17,Tocantins,2018,Mais de 2.862 a 5.724 Reais,2.1.8 Recreação e cultura,66.49,66.49
6715,1201,Despesa monetária e não monetária média mensal familiar,Reais,Unidade da Federação,21,Maranhão,2018,Mais de 2.862 a 5.724 Reais,2.1.8 Recreação e cultura,101.40,101.4
6715,1201,Despesa monetária e não monetária média mensal familiar,Reais,Unidade da Federação,22,Piauí,2018,Mais de 2.862 a 5.724 Reais,2.1.8 Recreação e cultura,42.00,42.0
6715,1201,Despesa monetária e não monetária média mensal familiar,Reais,Unidade da Federação,23,Ceará,2018,Mais de 2.862 a 5.724 Reais,2.1.8 Recreação e cultura,61.70,61.7
6715,1201,Despesa monetária e não monetária média mensal familiar,Reais,Unidade da Federação,24,Rio Grande do Norte,2018,Mais de 2.862 a 5.724 Reais,2.1.8 Recreação e cultura,93.70,93.7
6715,1201,Despesa monetária e não monetária média mensal familiar,Reais,Unidade da Federação,25,Paraíba,2018,Mais de 2.862 a 5.724 Reais,2.1.8 Recreação e cultura,98.00,98.0
6715,1201,Despesa monetária e não monetária média mensal familiar,Reais,Unidade da Federação,26,Pernambuco,2018,Mais de 2.862 a 5.724 Reais,2.1.8 Recreação e cultura,76.43,76.43
6715,1201,Despesa monetária e não monetária média mensal familiar,Reais,Unidade da Federação,27,Alagoas,2018,Mais de 2.862 a 5.724 Reais,2.1.8 Recreação e cultura,81.96,81.96
6715,1201,Despesa monetária e não monetária média mensal familiar,Reais,Unidade da Federação,28,Sergipe,2018,Mais de 2.862 a 5.724 Reais,2.1.8 Recreação e cultura,73.67,73.67
6715,1201,Despesa monetária e não monetária média mensal familiar,Reais,Unidade da Federação,29,Bahia,2018,Mais de 2.862 a 5.724 Reais,2.1.8 Recreação e cultura,98.80,98.8
6715,1201,Despesa monetária e não monetária média mensal familiar,Reais,Unidade da Federação,31,Minas Gerais,2018,Mais de 2.862 a 5.724 Reais,2.1.8 Recreação e cultura,69.31,69.31
6715,1201,Despesa monetária e não monetária média mensal familiar,Reais,Unidade da Federação,32,Espírito Santo,2018,Mais de 2.862 a 5.724 Reais,2.1.8 Recreação e cultura,60.45,60.45
6715,1201,Despesa monetária e não monetária média mensal familiar,Reais,Unidade da Federação,33,Rio de Janeiro,2018,Mais de 2.862 a 5.724 Reais,2.1.8 Recreação e cultura,69.36,69.36
6715,1201,Despesa monetária e não monetária média mensal familiar,Reais,Unidade da Federação,35,São Paulo,2018,Mais de 2.862 a 5.724 Reais,2.1.8 Recreação e cultura,63.48,63.48
6715,1201,Despesa monetária e não monetária média mensal familiar,Reais,Unidade da Federação,41,Paraná,2018,Mais de 2.862 a 5.724 Reais,2.1.8 Recreação e cultura,68.58,68.58
6715,1201,Despesa monetária e não monetária média mensal familiar,Reais,Unidade da Federação,42,Santa Catarina,2018,Mais de 2.862 a 5.724 Reais,2.1.8 Recreação e cultura,63.56,63.56
6715,1201,Despesa monetária e não monetária média mensal familiar,Reais,Unidade da Federação,43,Rio Grande do Sul,2018,Mais de 2.862 a 5.724 Reais,2.1.8 Recreação e cultura,75.28,75.28
6715,1201,Despesa monetária e não monetária média mensal familiar,Reais,Unidade da Federação,50,Mato Grosso do Sul,2018,Mais de 2.862 a 5.724 Reais,2.1.8 Recreação e cultura,72.71,72.71
6715,1201,Despesa monetária e não monetária média mensal familiar,Reais,Unidade da Federação,51,Mato Grosso,2018,Mais de 2.862 a 5.724 Reais,2.1.8 Recreação e cultura,62.73,62.73
6715,1201,Despesa monetária e não monetária média mensal familiar,Reais,Unidade da Federação,52,Goiás,2018,Mais de 2.862 a 5.724 Reais,2.1.8 Recreação e cultura,72.42,72.42
6715,1201,Despesa monetária e não monetária média mensal familiar,Reais,Unidade da Federação,53,Distrito Federal,2018,Mais de 2.862 a 5.724 Reais,2.1.8 Recreação e cultura,102.99,102.99
6715,1201,Despesa monetária e não monetária média mensal familiar,Reais,Brasil,1,Brasil,2018,Mais de 2.862 a 5.724 Reais,2.1.8.4 Recreações e esportes,14.41,14.41
6715,1201,Despesa monetária e não monetária média mensal familiar,Reais,Unidade da Federação,11,Rondônia,2018,Mais de 2.862 a 5.724 Reais,2.1.8.4 Recreações e esportes,7.52,7.52
6715,1201,Despesa monetária e não monetária média mensal familiar,Reais,Unidade da Federação,12,Acre,2018,Mais de 2.862 a 5.724 Reais,2.1.8.4 Recreações e esportes,9.41,9.41
6715,1201,Despesa monetária e não monetária média mensal familiar,Reais,Unidade da Federação,13,Amazonas,2018,Mais de 2.862 a 5.724 Reais,2.1.8.4 Recreações e esportes,16.16,16.16
6715,1201,Despesa monetária e não monetária média mensal familiar,Reais,Unidade da Federação,14,Roraima,2018,Mais de 2.862 a 5.724 Reais,2.1.8.4 Recreações e esportes,15.44,15.44
6715,1201,Despesa monetária e não monetária média mensal familiar,Reais,Unidade da Federação,15,Pará,2018,Mais de 2.862 a 5.724 Reais,2.1.8.4 Recreações e esportes,13.77,13.77
6715,1201,Despesa monetária e não monetária média mensal familiar,Reais,Unidade da Federação,16,Amapá,2018,Mais de 2.862 a 5.724 Reais,2.1.8.4 Recreações e esportes,22.15,22.15
6715,1201,Despesa monetária e não monetária média mensal familiar,Reais,Unidade da Federação,17,Tocantins,2018,Mais de 2.862 a 5.724 Reais,2.1.8.4 Recreações e esportes,5.33,5.33
6715,1201,Despesa monetária e não monetária média mensal familiar,Reais,Unidade da Federação,21,Maranhão,2018,Mais de 2.862 a 5.724 Reais,2.1.8.4 Recreações e esportes,10.23,10.23
6715,1201,Despesa monetária e não monetária média mensal familiar,Reais,Unidade da Federação,22,Piauí,2018,Mais de 2.862 a 5.724 Reais,2.1.8.4 Recreações e esportes,7.44,7.44
6715,1201,Despesa monetária e não monetária média mensal familiar,Reais,Unidade da Federação,23,Ceará,2018,Mais de 2.862 a 5.724 Reais,2.1.8.4 Recreações e esportes,11.97,11.97
6715,1201,Despesa monetária e não monetária média mensal familiar,Reais,Unidade da Federação,24,Rio Grande do Norte,2018,Mais de 2.862 a 5.724 Reais,2.1.8.4 Recreações e esportes,18.15,18.15
6715,1201,Despesa monetária e não monetária média mensal familiar,Reais,Unidade da Federação,25,Paraíba,2018,Mais de 2.862 a 5.724 Reais,2.1.8.4 Recreações e esportes,10.16,10.16
6715,1201,Despesa monetária e não monetária média mensal familiar,Reais,Unidade da Federação,26,Pernambuco,2018,Mais de 2.862 a 5.724 Reais,2.1.8.4 Recreações e esportes,11.80,11.8
6715,1201,Despesa monetária e não monetária média mensal familiar,Reais,Unidade da Federação,27,Alagoas,2018,Mais de 2.862 a 5.724 Reais,2.1.8.4 Recreações e esportes,10.08,10.08
6715,1201,Despesa monetária e não monetária média mensal familiar,Reais,Unidade da Federação,28,Sergipe,2018,Mais de 2.862 a 5.724 Reais,2.1.8.4 Recreações e esportes,8.96,8.96
6715,1201,Despesa monetária e não monetária média mensal familiar,Reais,Unidade da Federação,29,Bahia,2018,Mais de 2.862 a 5.724 Reais,2.1.8.4 Recreações e esportes,26.37,26.37
6715,1201,Despesa monetária e não monetária média mensal familiar,Reais,Unidade da Federação,31,Minas Gerais,2018,Mais de 2.862 a 5.724 Reais,2.1.8.4 Recreações e esportes,15.08,15.08
6715,1201,Despesa monetária e não monetária média mensal familiar,Reais,Unidade da Federação,32,Espírito Santo,2018,Mais de 2.862 a 5.724 Reais,2.1.8.4 Recreações e esportes,9.08,9.08
6715,1201,Despesa monetária e não monetária média mensal familiar,Reais,Unidade da Federação,33,Rio de Janeiro,2018,Mais de 2.862 a 5.724 Reais,2.1.8.4 Recreações e esportes,14.15,14.15
6715,1201,Despesa monetária e não monetária média mensal familiar,Reais,Unidade da Federação,35,São Paulo,2018,Mais de 2.862 a 5.724 Reais,2.1.8.4 Recreações e esportes,12.54,12.54
6715,1201,Despesa monetária e não monetária média mensal familiar,Reais,Unidade da Federação,41,Paraná,2018,Mais de 2.862 a 5.724 Reais,2.1.8.4 Recreações e esportes,19.25,19.25
6715,1201,Despesa monetária e não monetária média mensal familiar,Reais,Unidade da Federação,42,Santa Catarina,2018,Mais de 2.862 a 5.724 Reais,2.1.8.4 Recreações e esportes,15.01,15.01
6715,1201,Despesa monetária e não monetária média mensal familiar,Reais,Unidade da Federação,43,Rio Grande do Sul,2018,Mais de 2.862 a 5.724 Reais,2.1.8.4 Recreações e esportes,17.43,17.43
6715,1201,Despesa monetária e não monetária média mensal familiar,Reais,Unidade da Federação,50,Mato Grosso do Sul,2018,Mais de 2.862 a 5.724 Reais,2.1.8.4 Recreações e esportes,10.90,10.9
6715,1201,Despesa monetária e não monetária média mensal familiar,Reais,Unidade da Federação,51,Mato Grosso,2018,Mais de 2.862 a 5.724 Reais,2.1.8.4 Recreações e esportes,9.09,9.09
6715,1201,Despesa monetária e não monetária média mensal familiar,Reais,Unidade da Federação,52,Goiás,2018,Mais de 2.862 a 5.724 Reais,2.1.8.4 Recreações e esportes,13.20,13.2
6715,1201,Despesa monetária e não monetária média mensal familiar,Reais,Unidade da Federação,53,Distrito Federal,2018,Mais de 2.862 a 5.724 Reais,2.1.8.4 Recreações e esportes,18.02,18.02
6715,1201,Despesa monetária e não monetária média mensal familiar,Reais,Brasil,1,Brasil,2018,Mais de 5.724 a 9.540 Reais,1 Despesa total,6326.50,6326.5
6715,1201,Despesa monetária e não monetária média mensal familiar,Reais,Unidade da Federação,11,Rondônia,2018,Mais de 5.724 a 9.540 Reais,1 Despesa total,5939.42,5939.42
6715,1201,Despesa monetária e não monetária média mensal familiar,Reais,Unidade da Federação,12,Acre,2018,Mais de 5.724 a 9.540 Reais,1 Despesa total,6435.35,6435.35
6715,1201,Despesa monetária e não monetária média mensal familiar,Reais,Unidade da Federação,13,Amazonas,2018,Mais de 5.724 a 9.540 Reais,1 Despesa total,5551.84,5551.84
6715,1201,Despesa monetária e não monetária média mensal familiar,Reais,Unidade da Federação,14,Roraima,2018,Mais de 5.724 a 9.540 Reais,1 Despesa total,5457.18,5457.18
6715,1201,Despesa monetária e não monetária média mensal familiar,Reais,Unidade da Federação,15,Pará,2018,Mais de 5.724 a 9.540 Reais,1 Despesa total,5482.31,5482.31
6715,1201,Despesa monetária e não monetária média mensal familiar,Reais,Unidade da Federação,16,Amapá,2018,Mais de 5.724 a 9.540 Reais,1 Despesa total,6025.50,6025.5
6715,1201,Despesa monetária e não monetária média mensal familiar,Reais,Unidade da Federação,17,Tocantins,2018,Mais de 5.724 a 9.540 Reais,1 Despesa total,4755.94,4755.94
6715,1201,Despesa monetária e não monetária média mensal familiar,Reais,Unidade da Federação,21,Maranhão,2018,Mais de 5.724 a 9.540 Reais,1 Despesa total,6327.58,6327.58
6715,1201,Despesa monetária e não monetária média mensal familiar,Reais,Unidade da Federação,22,Piauí,2018,Mais de 5.724 a 9.540 Reais,1 Despesa total,5995.30,5995.3
6715,1201,Despesa monetária e não monetária média mensal familiar,Reais,Unidade da Federação,23,Ceará,2018,Mais de 5.724 a 9.540 Reais,1 Despesa total,5934.52,5934.52
6715,1201,Despesa monetária e não monetária média mensal familiar,Reais,Unidade da Federação,24,Rio Grande do Norte,2018,Mais de 5.724 a 9.540 Reais,1 Despesa total,7053.78,7053.78
6715,1201,Despesa monetária e não monetária média mensal familiar,Reais,Unidade da Federação,25,Paraíba,2018,Mais de 5.724 a 9.540 Reais,1 Despesa total,5918.60,5918.6
6715,1201,Despesa monetária e não monetária média mensal familiar,Reais,Unidade da Federação,26,Pernambuco,2018,Mais de 5.724 a 9.540 Reais,1 Despesa total,6312.92,6312.92
6715,1201,Despesa monetária e não monetária média mensal familiar,Reais,Unidade da Federação,27,Alagoas,2018,Mais de 5.724 a 9.540 Reais,1 Despesa total,5793.43,5793.43
6715,1201,Despesa monetária e não monetária média mensal familiar,Reais,Unidade da Federação,28,Sergipe,2018,Mais de 5.724 a 9.540 Reais,1 Despesa total,6977.10,6977.1
6715,1201,Despesa monetária e não monetária média mensal familiar,Reais,Unidade da Federação,29,Bahia,2018,Mais de 5.724 a 9.540 Reais,1 Despesa total,6427.49,6427.49
6715,1201,Despesa monetária e não monetária média mensal familiar,Reais,Unidade da Federação,31,Minas Gerais,2018,Mais de 5.724 a 9.540 Reais,1 Despesa total,6575.93,6575.93
6715,1201,Despesa monetária e não monetária média mensal familiar,Reais,Unidade da Federação,32,Espírito Santo,2018,Mais de 5.724 a 9.540 Reais,1 Despesa total,5541.52,5541.52
6715,1201,Despesa monetária e não monetária média mensal familiar,Reais,Unidade da Federação,33,Rio de Janeiro,2018,Mais de 5.724 a 9.540 Reais,1 Despesa total,6030.19,6030.19
6715,1201,Despesa monetária e não monetária média mensal familiar,Reais,Unidade da Federação,35,São Paulo,2018,Mais de 5.724 a 9.540 Reais,1 Despesa total,6502.80,6502.8
6715,1201,Despesa monetária e não monetária média mensal familiar,Reais,Unidade da Federação,41,Paraná,2018,Mais de 5.724 a 9.540 Reais,1 Despesa total,6639.66,6639.66
6715,1201,Despesa monetária e não monetária média mensal familiar,Reais,Unidade da Federação,42,Santa Catarina,2018,Mais de 5.724 a 9.540 Reais,1 Despesa total,5843.82,5843.82
6715,1201,Despesa monetária e não monetária média mensal familiar,Reais,Unidade da Federação,43,Rio Grande do Sul,2018,Mais de 5.724 a 9.540 Reais,1 Despesa total,5839.26,5839.26
6715,1201,Despesa monetária e não monetária média mensal familiar,Reais,Unidade da Federação,50,Mato Grosso do Sul,2018,Mais de 5.724 a 9.540 Reais,1 Despesa total,6417.25,6417.25
6715,1201,Despesa monetária e não monetária média mensal familiar,Reais,Unidade da Federação,51,Mato Grosso,2018,Mais de 5.724 a 9.540 Reais,1 Despesa total,6549.20,6549.2
6715,1201,Despesa monetária e não monetária média mensal familiar,Reais,Unidade da Federação,52,Goiás,2018,Mais de 5.724 a 9.540 Reais,1 Despesa total,6998.81,6998.81
6715,1201,Despesa monetária e não monetária média mensal familiar,Reais,Unidade da Federação,53,Distrito Federal,2018,Mais de 5.724 a 9.540 Reais,1 Despesa total,7012.77,7012.77
6715,1201,Despesa monetária e não monetária média mensal familiar,Reais,Brasil,1,Brasil,2018,Mais de 5.724 a 9.540 Reais,2.1 Despesas de consumo,5245.63,5245.63
6715,1201,Despesa monetária e não monetária média mensal familiar,Reais,Unidade da Federação,11,Rondônia,2018,Mais de 5.724 a 9.540 Reais,2.1 Despesas de consumo,4782.07,4782.07
6715,1201,Despesa monetária e não monetária média mensal familiar,Reais,Unidade da Federação,12,Acre,2018,Mais de 5.724 a 9.540 Reais,2.1 Despesas de consumo,4750.21,4750.21
6715,1201,Despesa monetária e não monetária média mensal familiar,Reais,Unidade da Federação,13,Amazonas,2018,Mais de 5.724 a 9.540 Reais,2.1 Despesas de consumo,4547.78,4547.78
6715,1201,Despesa monetária e não monetária média mensal familiar,Reais,Unidade da Federação,14,Roraima,2018,Mais de 5.724 a 9.540 Reais,2.1 Despesas de consumo,4370.36,4370.36
6715,1201,Despesa monetária e não monetária média mensal familiar,Reais,Unidade da Federação,15,Pará,2018,Mais de 5.724 a 9.540 Reais,2.1 Despesas de consumo,4308.45,4308.45
6715,1201,Despesa monetária e não monetária média mensal familiar,Reais,Unidade da Federação,16,Amapá,2018,Mais de 5.724 a 9.540 Reais,2.1 Despesas de consumo,4703.09,4703.09
6715,1201,Despesa monetária e não monetária média mensal familiar,Reais,Unidade da Federação,17,Tocantins,2018,Mais de 5.724 a 9.540 Reais,2.1 Despesas de consumo,3757.47,3757.47
6715,1201,Despesa monetária e não monetária média mensal familiar,Reais,Unidade da Federação,21,Maranhão,2018,Mais de 5.724 a 9.540 Reais,2.1 Despesas de consumo,5121.72,5121.72
6715,1201,Despesa monetária e não monetária média mensal familiar,Reais,Unidade da Federação,22,Piauí,2018,Mais de 5.724 a 9.540 Reais,2.1 Despesas de consumo,5060.21,5060.21
6715,1201,Despesa monetária e não monetária média mensal familiar,Reais,Unidade da Federação,23,Ceará,2018,Mais de 5.724 a 9.540 Reais,2.1 Despesas de consumo,4916.75,4916.75
6715,1201,Despesa monetária e não monetária média mensal familiar,Reais,Unidade da Federação,24,Rio Grande do Norte,2018,Mais de 5.724 a 9.540 Reais,2.1 Despesas de consumo,6027.37,6027.37
6715,1201,Despesa monetária e não monetária média mensal familiar,Reais,Unidade da Federação,25,Paraíba,2018,Mais de 5.724 a 9.540 Reais,2.1 Despesas de consumo,4705.97,4705.97
6715,1201,Despesa monetária e não monetária média mensal familiar,Reais,Unidade da Federação,26,Pernambuco,2018,Mais de 5.724 a 9.540 Reais,2.1 Despesas de consumo,5221.55,5221.55
6715,1201,Despesa monetária e não monetária média mensal familiar,Reais,Unidade da Federação,27,Alagoas,2018,Mais de 5.724 a 9.540 Reais,2.1 Despesas de consumo,4534.73,4534.73
6715,1201,Despesa monetária e não monetária média mensal familiar,Reais,Unidade da Federação,28,Sergipe,2018,Mais de 5.724 a 9.540 Reais,2.1 Despesas de consumo,5781.52,5781.52
6715,1201,Despesa monetária e não monetária média mensal familiar,Reais,Unidade da Federação,29,Bahia,2018,Mais de 5.724 a 9.540 Reais,2.1 Despesas de consumo,5271.86,5271.86
6715,1201,Despesa monetária e não monetária média mensal familiar,Reais,Unidade da Federação,31,Minas Gerais,2018,Mais de 5.724 a 9.540 Reais,2.1 Despesas de consumo,5409.91,5409.91
6715,1201,Despesa monetária e não monetária média mensal familiar,Reais,Unidade da Federação,32,Espírito Santo,2018,Mais de 5.724 a 9.540 Reais,2.1 Despesas de consumo,4571.05,4571.05
6715,1201,Despesa monetária e não monetária média mensal familiar,Reais,Unidade da Federação,33,Rio de Janeiro,2018,Mais de 5.724 a 9.540 Reais,2.1 Despesas de consumo,5028.69,5028.69
6715,1201,Despesa monetária e não monetária média mensal familiar,Reais,Unidade da Federação,35,São Paulo,2018,Mais de 5.724 a 9.540 Reais,2.1 Despesas de consumo,5482.53,5482.53
6715,1201,Despesa monetária e não monetária média mensal familiar,Reais,Unidade da Federação,41,Paraná,2018,Mais de 5.724 a 9.540 Reais,2.1 Despesas de consumo,5287.83,5287.83
6715,1201,Despesa monetária e não monetária média mensal familiar,Reais,Unidade da Federação,42,Santa Catarina,2018,Mais de 5.724 a 9.540 Reais,2.1 Despesas de consumo,4965.28,4965.28
6715,1201,Despesa monetária e não monetária média mensal familiar,Reais,Unidade da Federação,43,Rio Grande do Sul,2018,Mais de 5.724 a 9.540 Reais,2.1 Despesas de consumo,4875.88,4875.88
6715,1201,Despesa monetária e não monetária média mensal familiar,Reais,Unidade da Federação,50,Mato Grosso do Sul,2018,Mais de 5.724 a 9.540 Reais,2.1 Despesas de consumo,5272.87,5272.87
6715,1201,Despesa monetária e não monetária média mensal familiar,Reais,Unidade da Federação,51,Mato Grosso,2018,Mais de 5.724 a 9.540 Reais,2.1 Despesas de consumo,5383.38,5383.38
6715,1201,Despesa monetária e não monetária média mensal familiar,Reais,Unidade da Federação,52,Goiás,2018,Mais de 5.724 a 9.540 Reais,2.1 Despesas de consumo,5675.29,5675.29
6715,1201,Despesa monetária e não monetária média mensal familiar,Reais,Unidade da Federação,53,Distrito Federal,2018,Mais de 5.724 a 9.540 Reais,2.1 Despesas de consumo,5803.68,5803.68
6715,1201,Despesa monetária e não monetária média mensal familiar,Reais,Brasil,1,Brasil,2018,Mais de 5.724 a 9.540 Reais,2.1.1 Alimentação,872.68,872.68
6715,1201,Despesa monetária e não monetária média mensal familiar,Reais,Unidade da Federação,11,Rondônia,2018,Mais de 5.724 a 9.540 Reais,2.1.1 Alimentação,624.25,624.25
6715,1201,Despesa monetária e não monetária média mensal familiar,Reais,Unidade da Federação,12,Acre,2018,Mais de 5.724 a 9.540 Reais,2.1.1 Alimentação,822.06,822.06
6715,1201,Despesa monetária e não monetária média mensal familiar,Reais,Unidade da Federação,13,Amazonas,2018,Mais de 5.724 a 9.540 Reais,2.1.1 Alimentação,777.59,777.59
6715,1201,Despesa monetária e não monetária média mensal familiar,Reais,Unidade da Federação,14,Roraima,2018,Mais de 5.724 a 9.540 Reais,2.1.1 Alimentação,729.75,729.75
6715,1201,Despesa monetária e não monetária média mensal familiar,Reais,Unidade da Federação,15,Pará,2018,Mais de 5.724 a 9.540 Reais,2.1.1 Alimentação,1027.35,1027.35
6715,1201,Despesa monetária e não monetária média mensal familiar,Reais,Unidade da Federação,16,Amapá,2018,Mais de 5.724 a 9.540 Reais,2.1.1 Alimentação,1207.28,1207.28
6715,1201,Despesa monetária e não monetária média mensal familiar,Reais,Unidade da Federação,17,Tocantins,2018,Mais de 5.724 a 9.540 Reais,2.1.1 Alimentação,514.12,514.12
6715,1201,Despesa monetária e não monetária média mensal familiar,Reais,Unidade da Federação,21,Maranhão,2018,Mais de 5.724 a 9.540 Reais,2.1.1 Alimentação,806.06,806.06
6715,1201,Despesa monetária e não monetária média mensal familiar,Reais,Unidade da Federação,22,Piauí,2018,Mais de 5.724 a 9.540 Reais,2.1.1 Alimentação,1165.61,1165.61
6715,1201,Despesa monetária e não monetária média mensal familiar,Reais,Unidade da Federação,23,Ceará,2018,Mais de 5.724 a 9.540 Reais,2.1.1 Alimentação,936.21,936.21
6715,1201,Despesa monetária e não monetária média mensal familiar,Reais,Unidade da Federação,24,Rio Grande do Norte,2018,Mais de 5.724 a 9.540 Reais,2.1.1 Alimentação,1309.22,1309.22
6715,1201,Despesa monetária e não monetária média mensal familiar,Reais,Unidade da Federação,25,Paraíba,2018,Mais de 5.724 a 9.540 Reais,2.1.1 Alimentação,757.75,757.75
6715,1201,Despesa monetária e não monetária média mensal familiar,Reais,Unidade da Federação,26,Pernambuco,2018,Mais de 5.724 a 9.540 Reais,2.1.1 Alimentação,944.58,944.58
6715,1201,Despesa monetária e não monetária média mensal familiar,Reais,Unidade da Federação,27,Alagoas,2018,Mais de 5.724 a 9.540 Reais,2.1.1 Alimentação,639.89,639.89
6715,1201,Despesa monetária e não monetária média mensal familiar,Reais,Unidade da Federação,28,Sergipe,2018,Mais de 5.724 a 9.540 Reais,2.1.1 Alimentação,1333.91,1333.91
6715,1201,Despesa monetária e não monetária média mensal familiar,Reais,Unidade da Federação,29,Bahia,2018,Mais de 5.724 a 9.540 Reais,2.1.1 Alimentação,1000.31,1000.31
6715,1201,Despesa monetária e não monetária média mensal familiar,Reais,Unidade da Federação,31,Minas Gerais,2018,Mais de 5.724 a 9.540 Reais,2.1.1 Alimentação,965.76,965.76
6715,1201,Despesa monetária e não monetária média mensal familiar,Reais,Unidade da Federação,32,Espírito Santo,2018,Mais de 5.724 a 9.540 Reais,2.1.1 Alimentação,634.68,634.68
6715,1201,Despesa monetária e não monetária média mensal familiar,Reais,Unidade da Federação,33,Rio de Janeiro,2018,Mais de 5.724 a 9.540 Reais,2.1.1 Alimentação,720.58,720.58
6715,1201,Despesa monetária e não monetária média mensal familiar,Reais,Unidade da Federação,35,São Paulo,2018,Mais de 5.724 a 9.540 Reais,2.1.1 Alimentação,847.41,847.41
6715,1201,Despesa monetária e não monetária média mensal familiar,Reais,Unidade da Federação,41,Paraná,2018,Mais de 5.724 a 9.540 Reais,2.1.1 Alimentação,829.12,829.12
6715,1201,Despesa monetária e não monetária média mensal familiar,Reais,Unidade da Federação,42,Santa Catarina,2018,Mais de 5.724 a 9.540 Reais,2.1.1 Alimentação,854.41,854.41
6715,1201,Despesa monetária e não monetária média mensal familiar,Reais,Unidade da Federação,43,Rio Grande do Sul,2018,Mais de 5.724 a 9.540 Reais,2.1.1 Alimentação,862.44,862.44
6715,1201,Despesa monetária e não monetária média mensal familiar,Reais,Unidade da Federação,50,Mato Grosso do Sul,2018,Mais de 5.724 a 9.540 Reais,2.1.1 Alimentação,1162.59,1162.59
6715,1201,Despesa monetária e não monetária média mensal familiar,Reais,Unidade da Federação,51,Mato Grosso,2018,Mais de 5.724 a 9.540 Reais,2.1.1 Alimentação,931.64,931.64
6715,1201,Despesa monetária e não monetária média mensal familiar,Reais,Unidade da Federação,52,Goiás,2018,Mais de 5.724 a 9.540 Reais,2.1.1 Alimentação,864.97,864.97
6715,1201,Despesa monetária e não monetária média mensal familiar,Reais,Unidade da Federação,53,Distrito Federal,2018,Mais de 5.724 a 9.540 Reais,2.1.1 Alimentação,713.59,713.59
6715,1201,Despesa monetária e não monetária média mensal familiar,Reais,Brasil,1,Brasil,2018,Mais de 5.724 a 9.540 Reais,2.1.8 Recreação e cultura,139.05,139.05
6715,1201,Despesa monetária e não monetária média mensal familiar,Reais,Unidade da Federação,11,Rondônia,2018,Mais de 5.724 a 9.540 Reais,2.1.8 Recreação e cultura,138.21,138.21
6715,1201,Despesa monetária e não monetária média mensal familiar,Reais,Unidade da Federação,12,Acre,2018,Mais de 5.724 a 9.540 Reais,2.1.8 Recreação e cultura,158.03,158.03
6715,1201,Despesa monetária e não monetária média mensal familiar,Reais,Unidade da Federação,13,Amazonas,2018,Mais de 5.724 a 9.540 Reais,2.1.8 Recreação e cultura,153.47,153.47
6715,1201,Despesa monetária e não monetária média mensal familiar,Reais,Unidade da Federação,14,Roraima,2018,Mais de 5.724 a 9.540 Reais,2.1.8 Recreação e cultura,136.02,136.02
6715,1201,Despesa monetária e não monetária média mensal familiar,Reais,Unidade da Federação,15,Pará,2018,Mais de 5.724 a 9.540 Reais,2.1.8 Recreação e cultura,100.44,100.44
6715,1201,Despesa monetária e não monetária média mensal familiar,Reais,Unidade da Federação,16,Amapá,2018,Mais de 5.724 a 9.540 Reais,2.1.8 Recreação e cultura,90.61,90.61
6715,1201,Despesa monetária e não monetária média mensal familiar,Reais,Unidade da Federação,17,Tocantins,2018,Mais de 5.724 a 9.540 Reais,2.1.8 Recreação e cultura,77.21,77.21
6715,1201,Despesa monetária e não monetária média mensal familiar,Reais,Unidade da Federação,21,Maranhão,2018,Mais de 5.724 a 9.540 Reais,2.1.8 Recreação e cultura,156.01,156.01
6715,1201,Despesa monetária e não monetária média mensal familiar,Reais,Unidade da Federação,22,Piauí,2018,Mais de 5.724 a 9.540 Reais,2.1.8 Recreação e cultura,77.44,77.44
6715,1201,Despesa monetária e não monetária média mensal familiar,Reais,Unidade da Federação,23,Ceará,2018,Mais de 5.724 a 9.540 Reais,2.1.8 Recreação e cultura,152.91,152.91
6715,1201,Despesa monetária e não monetária média mensal familiar,Reais,Unidade da Federação,24,Rio Grande do Norte,2018,Mais de 5.724 a 9.540 Reais,2.1.8 Recreação e cultura,203.81,203.81
6715,1201,Despesa monetária e não monetária média mensal familiar,Reais,Unidade da Federação,25,Paraíba,2018,Mais de 5.724 a 9.540 Reais,2.1.8 Recreação e cultura,136.06,136.06
6715,1201,Despesa monetária e não monetária média mensal familiar,Reais,Unidade da Federação,26,Pernambuco,2018,Mais de 5.724 a 9.540 Reais,2.1.8 Recreação e cultura,142.40,142.4
6715,1201,Despesa monetária e não monetária média mensal familiar,Reais,Unidade da Federação,27,Alagoas,2018,Mais de 5.724 a 9.540 Reais,2.1.8 Recreação e cultura,85.34,85.34
6715,1201,Despesa monetária e não monetária média mensal familiar,Reais,Unidade da Federação,28,Sergipe,2018,Mais de 5.724 a 9.540 Reais,2.1.8 Recreação e cultura,126.22,126.22
6715,1201,Despesa monetária e não monetária média mensal familiar,Reais,Unidade da Federação,29,Bahia,2018,Mais de 5.724 a 9.540 Reais,2.1.8 Recreação e cultura,132.49,132.49
6715,1201,Despesa monetária e não monetária média mensal familiar,Reais,Unidade da Federação,31,Minas Gerais,2018,Mais de 5.724 a 9.540 Reais,2.1.8 Recreação e cultura,164.74,164.74
6715,1201,Despesa monetária e não monetária média mensal familiar,Reais,Unidade da Federação,32,Espírito Santo,2018,Mais de 5.724 a 9.540 Reais,2.1.8 Recreação e cultura,100.60,100.6
6715,1201,Despesa monetária e não monetária média mensal familiar,Reais,Unidade da Federação,33,Rio de Janeiro,2018,Mais de 5.724 a 9.540 Reais,2.1.8 Recreação e cultura,132.99,132.99
6715,1201,Despesa monetária e não monetária média mensal familiar,Reais,Unidade da Federação,35,São Paulo,2018,Mais de 5.724 a 9.540 Reais,2.1.8 Recreação e cultura,131.23,131.23
6715,1201,Despesa monetária e não monetária média mensal familiar,Reais,Unidade da Federação,41,Paraná,2018,Mais de 5.724 a 9.540 Reais,2.1.8 Recreação e cultura,147.05,147.05
6715,1201,Despesa monetária e não monetária média mensal familiar,Reais,Unidade da Federação,42,Santa Catarina,2018,Mais de 5.724 a 9.540 Reais,2.1.8 Recreação e cultura,127.35,127.35
6715,1201,Despesa monetária e não monetária média mensal familiar,Reais,Unidade da Federação,43,Rio Grande do Sul,2018,Mais de 5.724 a 9.540 Reais,2.1.8 Recreação e cultura,146.28,146.28
6715,1201,Despesa monetária e não monetária média mensal familiar,Reais,Unidade da Federação,50,Mato Grosso do Sul,2018,Mais de 5.724 a 9.540 Reais,2.1.8 Recreação e cultura,125.32,125.32
6715,1201,Despesa monetária e não monetária média mensal familiar,Reais,Unidade da Federação,51,Mato Grosso,2018,Mais de 5.724 a 9.540 Reais,2.1.8 Recreação e cultura,149.43,149.43
6715,1201,Despesa monetária e não monetária média mensal familiar,Reais,Unidade da Federação,52,Goiás,2018,Mais de 5.724 a 9.540 Reais,2.1.8 Recreação e cultura,134.91,134.91
6715,1201,Despesa monetária e não monetária média mensal familiar,Reais,Unidade da Federação,53,Distrito Federal,2018,Mais de 5.724 a 9.540 Reais,2.1.8 Recreação e cultura,207.00,207.0
6715,1201,Despesa monetária e não monetária média mensal familiar,Reais,Brasil,1,Brasil,2018,Mais de 5.724 a 9.540 Reais,2.1.8.4 Recreações e esportes,34.11,34.11
6715,1201,Despesa monetária e não monetária média mensal familiar,Reais,Unidade da Federação,11,Rondônia,2018,Mais de 5.724 a 9.540 Reais,2.1.8.4 Recreações e esportes,15.32,15.32
6715,1201,Despesa monetária e não monetária média mensal familiar,Reais,Unidade da Federação,12,Acre,2018,Mais de 5.724 a 9.540 Reais,2.1.8.4 Recreações e esportes,9.68,9.68
6715,1201,Despesa monetária e não monetária média mensal familiar,Reais,Unidade da Federação,13,Amazonas,2018,Mais de 5.724 a 9.540 Reais,2.1.8.4 Recreações e esportes,34.33,34.33
6715,1201,Despesa monetária e não monetária média mensal familiar,Reais,Unidade da Federação,14,Roraima,2018,Mais de 5.724 a 9.540 Reais,2.1.8.4 Recreações e esportes,8.33,8.33
6715,1201,Despesa monetária e não monetária média mensal familiar,Reais,Unidade da Federação,15,Pará,2018,Mais de 5.724 a 9.540 Reais,2.1.8.4 Recreações e esportes,33.25,33.25
6715,1201,Despesa monetária e não monetária média mensal familiar,Reais,Unidade da Federação,16,Amapá,2018,Mais de 5.724 a 9.540 Reais,2.1.8.4 Recreações e esportes,24.89,24.89
6715,1201,Despesa monetária e não monetária média mensal familiar,Reais,Unidade da Federação,17,Tocantins,2018,Mais de 5.724 a 9.540 Reais,2.1.8.4 Recreações e esportes,13.97,13.97
6715,1201,Despesa monetária e não monetária média mensal familiar,Reais,Unidade da Federação,21,Maranhão,2018,Mais de 5.724 a 9.540 Reais,2.1.8.4 Recreações e esportes,20.14,20.14
6715,1201,Despesa monetária e não monetária média mensal familiar,Reais,Unidade da Federação,22,Piauí,2018,Mais de 5.724 a 9.540 Reais,2.1.8.4 Recreações e esportes,17.36,17.36
6715,1201,Despesa monetária e não monetária média mensal familiar,Reais,Unidade da Federação,23,Ceará,2018,Mais de 5.724 a 9.540 Reais,2.1.8.4 Recreações e esportes,30.61,30.61
6715,1201,Despesa monetária e não monetária média mensal familiar,Reais,Unidade da Federação,24,Rio Grande do Norte,2018,Mais de 5.724 a 9.540 Reais,2.1.8.4 Recreações e esportes,37.32,37.32
6715,1201,Despesa monetária e não monetária média mensal familiar,Reais,Unidade da Federação,25,Paraíba,2018,Mais de 5.724 a 9.540 Reais,2.1.8.4 Recreações e esportes,24.48,24.48
6715,1201,Despesa monetária e não monetária média mensal familiar,Reais,Unidade da Federação,26,Pernambuco,2018,Mais de 5.724 a 9.540 Reais,2.1.8.4 Recreações e esportes,30.75,30.75
6715,1201,Despesa monetária e não monetária média mensal familiar,Reais,Unidade da Federação,27,Alagoas,2018,Mais de 5.724 a 9.540 Reais,2.1.8.4 Recreações e esportes,15.74,15.74
6715,1201,Despesa monetária e não monetária média mensal familiar,Reais,Unidade da Federação,28,Sergipe,2018,Mais de 5.724 a 9.540 Reais,2.1.8.4 Recreações e esportes,33.09,33.09
6715,1201,Despesa monetária e não monetária média mensal familiar,Reais,Unidade da Federação,29,Bahia,2018,Mais de 5.724 a 9.540 Reais,2.1.8.4 Recreações e esportes,25.47,25.47
6715,1201,Despesa monetária e não monetária média mensal familiar,Reais,Unidade da Federação,31,Minas Gerais,2018,Mais de 5.724 a 9.540 Reais,2.1.8.4 Recreações e esportes,43.51,43.51
6715,1201,Despesa monetária e não monetária média mensal familiar,Reais,Unidade da Federação,32,Espírito Santo,2018,Mais de 5.724 a 9.540 Reais,2.1.8.4 Recreações e esportes,18.43,18.43
6715,1201,Despesa monetária e não monetária média mensal familiar,Reais,Unidade da Federação,33,Rio de Janeiro,2018,Mais de 5.724 a 9.540 Reais,2.1.8.4 Recreações e esportes,35.98,35.98
6715,1201,Despesa monetária e não monetária média mensal familiar,Reais,Unidade da Federação,35,São Paulo,2018,Mais de 5.724 a 9.540 Reais,2.1.8.4 Recreações e esportes,34.48,34.48
6715,1201,Despesa monetária e não monetária média mensal familiar,Reais,Unidade da Federação,41,Paraná,2018,Mais de 5.724 a 9.540 Reais,2.1.8.4 Recreações e esportes,36.60,36.6
6715,1201,Despesa monetária e não monetária média mensal familiar,Reais,Unidade da Federação,42,Santa Catarina,2018,Mais de 5.724 a 9.540 Reais,2.1.8.4 Recreações e esportes,35.34,35.34
6715,1201,Despesa monetária e não monetária média mensal familiar,Reais,Unidade da Federação,43,Rio Grande do Sul,2018,Mais de 5.724 a 9.540 Reais,2.1.8.4 Recreações e esportes,40.75,40.75
6715,1201,Despesa monetária e não monetária média mensal familiar,Reais,Unidade da Federação,50,Mato Grosso do Sul,2018,Mais de 5.724 a 9.540 Reais,2.1.8.4 Recreações e esportes,29.09,29.09
6715,1201,Despesa monetária e não monetária média mensal familiar,Reais,Unidade da Federação,51,Mato Grosso,2018,Mais de 5.724 a 9.540 Reais,2.1.8.4 Recreações e esportes,13.81,13.81
6715,1201,Despesa monetária e não monetária média mensal familiar,Reais,Unidade da Federação,52,Goiás,2018,Mais de 5.724 a 9.540 Reais,2.1.8.4 Recreações e esportes,23.55,23.55
6715,1201,Despesa monetária e não monetária média mensal familiar,Reais,Unidade da Federação,53,Distrito Federal,2018,Mais de 5.724 a 9.540 Reais,2.1.8.4 Recreações e esportes,44.32,44.32
6715,1201,Despesa monetária e não monetária média mensal familiar,Reais,Brasil,1,Brasil,2018,Mais de 9.540 a 14.310 Reais,1 Despesa total,9401.98,9401.98
6715,1201,Despesa monetária e não monetária média mensal familiar,Reais,Unidade da Federação,11,Rondônia,2018,Mais de 9.540 a 14.310 Reais,1 Despesa total,9622.37,9622.37
6715,1201,Despesa monetária e não monetária média mensal familiar,Reais,Unidade da Federação,12,Acre,2018,Mais de 9.540 a 14.310 Reais,1 Despesa total,10663.25,10663.25
6715,1201,Despesa monetária e não monetária média mensal familiar,Reais,Unidade da Federação,13,Amazonas,2018,Mais de 9.540 a 14.310 Reais,1 Despesa total,8343.71,8343.71
6715,1201,Despesa monetária e não monetária média mensal familiar,Reais,Unidade da Federação,14,Roraima,2018,Mais de 9.540 a 14.310 Reais,1 Despesa total,8717.15,8717.15
6715,1201,Despesa monetária e não monetária média mensal familiar,Reais,Unidade da Federação,15,Pará,2018,Mais de 9.540 a 14.310 Reais,1 Despesa total,9950.32,9950.32
6715,1201,Despesa monetária e não monetária média mensal familiar,Reais,Unidade da Federação,16,Amapá,2018,Mais de 9.540 a 14.310 Reais,1 Despesa total,10215.97,10215.97
6715,1201,Despesa monetária e não monetária média mensal familiar,Reais,Unidade da Federação,17,Tocantins,2018,Mais de 9.540 a 14.310 Reais,1 Despesa total,6220.77,6220.77
6715,1201,Despesa monetária e não monetária média mensal familiar,Reais,Unidade da Federação,21,Maranhão,2018,Mais de 9.540 a 14.310 Reais,1 Despesa total,8947.50,8947.5
6715,1201,Despesa monetária e não monetária média mensal familiar,Reais,Unidade da Federação,22,Piauí,2018,Mais de 9.540 a 14.310 Reais,1 Despesa total,8895.69,8895.69
6715,1201,Despesa monetária e não monetária média mensal familiar,Reais,Unidade da Federação,23,Ceará,2018,Mais de 9.540 a 14.310 Reais,1 Despesa total,8288.86,8288.86
6715,1201,Despesa monetária e não monetária média mensal familiar,Reais,Unidade da Federação,24,Rio Grande do Norte,2018,Mais de 9.540 a 14.310 Reais,1 Despesa total,10569.52,10569.52
6715,1201,Despesa monetária e não monetária média mensal familiar,Reais,Unidade da Federação,25,Paraíba,2018,Mais de 9.540 a 14.310 Reais,1 Despesa total,8708.58,8708.58
6715,1201,Despesa monetária e não monetária média mensal familiar,Reais,Unidade da Federação,26,Pernambuco,2018,Mais de 9.540 a 14.310 Reais,1 Despesa total,10171.99,10171.99
6715,1201,Despesa monetária e não monetária média mensal familiar,Reais,Unidade da Federação,27,Alagoas,2018,Mais de 9.540 a 14.310 Reais,1 Despesa total,8576.51,8576.51
6715,1201,Despesa monetária e não monetária média mensal familiar,Reais,Unidade da Federação,28,Sergipe,2018,Mais de 9.540 a 14.310 Reais,1 Despesa total,9245.43,9245.43
6715,1201,Despesa monetária e não monetária média mensal familiar,Reais,Unidade da Federação,29,Bahia,2018,Mais de 9.540 a 14.310 Reais,1 Despesa total,9525.98,9525.98
6715,1201,Despesa monetária e não monetária média mensal familiar,Reais,Unidade da Federação,31,Minas Gerais,2018,Mais de 9.540 a 14.310 Reais,1 Despesa total,9589.42,9589.42
6715,1201,Despesa monetária e não monetária média mensal familiar,Reais,Unidade da Federação,32,Espírito Santo,2018,Mais de 9.540 a 14.310 Reais,1 Despesa total,8618.30,8618.3
6715,1201,Despesa monetária e não monetária média mensal familiar,Reais,Unidade da Federação,33,Rio de Janeiro,2018,Mais de 9.540 a 14.310 Reais,1 Despesa total,8681.12,8681.12
6715,1201,Despesa monetária e não monetária média mensal familiar,Reais,Unidade da Federação,35,São Paulo,2018,Mais de 9.540 a 14.310 Reais,1 Despesa total,9863.26,9863.26
6715,1201,Despesa monetária e não monetária média mensal familiar,Reais,Unidade da Federação,41,Paraná,2018,Mais de 9.540 a 14.310 Reais,1 Despesa total,9003.25,9003.25
6715,1201,Despesa monetária e não monetária média mensal familiar,Reais,Unidade da Federação,42,Santa Catarina,2018,Mais de 9.540 a 14.310 Reais,1 Despesa total,8343.70,8343.7
6715,1201,Despesa monetária e não monetária média mensal familiar,Reais,Unidade da Federação,43,Rio Grande do Sul,2018,Mais de 9.540 a 14.310 Reais,1 Despesa total,9702.51,9702.51
6715,1201,Despesa monetária e não monetária média mensal familiar,Reais,Unidade da Federação,50,Mato Grosso do Sul,2018,Mais de 9.540 a 14.310 Reais,1 Despesa total,9374.98,9374.98
6715,1201,Despesa monetária e não monetária média mensal familiar,Reais,Unidade da Federação,51,Mato Grosso,2018,Mais de 9.540 a 14.310 Reais,1 Despesa total,8946.25,8946.25
6715,1201,Despesa monetária e não monetária média mensal familiar,Reais,Unidade da Federação,52,Goiás,2018,Mais de 9.540 a 14.310 Reais,1 Despesa total,9335.79,9335.79
6715,1201,Despesa monetária e não monetária média mensal familiar,Reais,Unidade da Federação,53,Distrito Federal,2018,Mais de 9.540 a 14.310 Reais,1 Despesa total,9689.46,9689.46
6715,1201,Despesa monetária e não monetária média mensal familiar,Reais,Brasil,1,Brasil,2018,Mais de 9.540 a 14.310 Reais,2.1 Despesas de consumo,7353.83,7353.83
6715,1201,Despesa monetária e não monetária média mensal familiar,Reais,Unidade da Federação,11,Rondônia,2018,Mais de 9.540 a 14.310 Reais,2.1 Despesas de consumo,7244.95,7244.95
6715,1201,Despesa monetária e não monetária média mensal familiar,Reais,Unidade da Federação,12,Acre,2018,Mais de 9.540 a 14.310 Reais,2.1 Despesas de consumo,7345.74,7345.74
6715,1201,Despesa monetária e não monetária média mensal familiar,Reais,Unidade da Federação,13,Amazonas,2018,Mais de 9.540 a 14.310 Reais,2.1 Despesas de consumo,6194.43,6194.43
6715,1201,Despesa monetária e não monetária média mensal familiar,Reais,Unidade da Federação,14,Roraima,2018,Mais de 9.540 a 14.310 Reais,2.1 Despesas de consumo,6666.51,6666.51
6715,1201,Despesa monetária e não monetária média mensal familiar,Reais,Unidade da Federação,15,Pará,2018,Mais de 9.540 a 14.310 Reais,2.1 Despesas de consumo,5506.93,5506.93
6715,1201,Despesa monetária e não monetária média mensal familiar,Reais,Unidade da Federação,16,Amapá,2018,Mais de 9.540 a 14.310 Reais,2.1 Despesas de consumo,7095.62,7095.62
6715,1201,Despesa monetária e não monetária média mensal familiar,Reais,Unidade da Federação,17,Tocantins,2018,Mais de 9.540 a 14.310 Reais,2.1 Despesas de consumo,4830.56,4830.56
6715,1201,Despesa monetária e não monetária média mensal familiar,Reais,Unidade da Federação,21,Maranhão,2018,Mais de 9.540 a 14.310 Reais,2.1 Despesas de consumo,6945.51,6945.51
6715,1201,Despesa monetária e não monetária média mensal familiar,Reais,Unidade da Federação,22,Piauí,2018,Mais de 9.540 a 14.310 Reais,2.1 Despesas de consumo,6692.66,6692.66
6715,1201,Despesa monetária e não monetária média mensal familiar,Reais,Unidade da Federação,23,Ceará,2018,Mais de 9.540 a 14.310 Reais,2.1 Despesas de consumo,6136.70,6136.7
6715,1201,Despesa monetária e não monetária média mensal familiar,Reais,Unidade da Federação,24,Rio Grande do Norte,2018,Mais de 9.540 a 14.310 Reais,2.1 Despesas de consumo,8426.95,8426.95
6715,1201,Despesa monetária e não monetária média mensal familiar,Reais,Unidade da Federação,25,Paraíba,2018,Mais de 9.540 a 14.310 Reais,2.1 Despesas de consumo,6375.49,6375.49
6715,1201,Despesa monetária e não monetária média mensal familiar,Reais,Unidade da Federação,26,Pernambuco,2018,Mais de 9.540 a 14.310 Reais,2.1 Despesas de consumo,7905.03,7905.03
6715,1201,Despesa monetária e não monetária média mensal familiar,Reais,Unidade da Federação,27,Alagoas,2018,Mais de 9.540 a 14.310 Reais,2.1 Despesas de consumo,6377.29,6377.29
6715,1201,Despesa monetária e não monetária média mensal familiar,Reais,Unidade da Federação,28,Sergipe,2018,Mais de 9.540 a 14.310 Reais,2.1 Despesas de consumo,7105.98,7105.98
6715,1201,Despesa monetária e não monetária média mensal familiar,Reais,Unidade da Federação,29,Bahia,2018,Mais de 9.540 a 14.310 Reais,2.1 Despesas de consumo,7705.16,7705.16
6715,1201,Despesa monetária e não monetária média mensal familiar,Reais,Unidade da Federação,31,Minas Gerais,2018,Mais de 9.540 a 14.310 Reais,2.1 Despesas de consumo,7559.27,7559.27
6715,1201,Despesa monetária e não monetária média mensal familiar,Reais,Unidade da Federação,32,Espírito Santo,2018,Mais de 9.540 a 14.310 Reais,2.1 Despesas de consumo,6521.15,6521.15
6715,1201,Despesa monetária e não monetária média mensal familiar,Reais,Unidade da Federação,33,Rio de Janeiro,2018,Mais de 9.540 a 14.310 Reais,2.1 Despesas de consumo,6785.40,6785.4
6715,1201,Despesa monetária e não monetária média mensal familiar,Reais,Unidade da Federação,35,São Paulo,2018,Mais de 9.540 a 14.310 Reais,2.1 Despesas de consumo,7889.36,7889.36
6715,1201,Despesa monetária e não monetária média mensal familiar,Reais,Unidade da Federação,41,Paraná,2018,Mais de 9.540 a 14.310 Reais,2.1 Despesas de consumo,7037.25,7037.25
6715,1201,Despesa monetária e não monetária média mensal familiar,Reais,Unidade da Federação,42,Santa Catarina,2018,Mais de 9.540 a 14.310 Reais,2.1 Despesas de consumo,6633.56,6633.56
6715,1201,Despesa monetária e não monetária média mensal familiar,Reais,Unidade da Federação,43,Rio Grande do Sul,2018,Mais de 9.540 a 14.310 Reais,2.1 Despesas de consumo,7473.72,7473.72
6715,1201,Despesa monetária e não monetária média mensal familiar,Reais,Unidade da Federação,50,Mato Grosso do Sul,2018,Mais de 9.540 a 14.310 Reais,2.1 Despesas de consumo,7293.12,7293.12
6715,1201,Despesa monetária e não monetária média mensal familiar,Reais,Unidade da Federação,51,Mato Grosso,2018,Mais de 9.540 a 14.310 Reais,2.1 Despesas de consumo,7317.18,7317.18
6715,1201,Despesa monetária e não monetária média mensal familiar,Reais,Unidade da Federação,52,Goiás,2018,Mais de 9.540 a 14.310 Reais,2.1 Despesas de consumo,7065.78,7065.78
6715,1201,Despesa monetária e não monetária média mensal familiar,Reais,Unidade da Federação,53,Distrito Federal,2018,Mais de 9.540 a 14.310 Reais,2.1 Despesas de consumo,7256.07,7256.07
6715,1201,Despesa monetária e não monetária média mensal familiar,Reais,Brasil,1,Brasil,2018,Mais de 9.540 a 14.310 Reais,2.1.1 Alimentação,1143.83,1143.83
6715,1201,Despesa monetária e não monetária média mensal familiar,Reais,Unidade da Federação,11,Rondônia,2018,Mais de 9.540 a 14.310 Reais,2.1.1 Alimentação,939.99,939.99
6715,1201,Despesa monetária e não monetária média mensal familiar,Reais,Unidade da Federação,12,Acre,2018,Mais de 9.540 a 14.310 Reais,2.1.1 Alimentação,868.57,868.57
6715,1201,Despesa monetária e não monetária média mensal familiar,Reais,Unidade da Federação,13,Amazonas,2018,Mais de 9.540 a 14.310 Reais,2.1.1 Alimentação,933.51,933.51
6715,1201,Despesa monetária e não monetária média mensal familiar,Reais,Unidade da Federação,14,Roraima,2018,Mais de 9.540 a 14.310 Reais,2.1.1 Alimentação,1837.96,1837.96
6715,1201,Despesa monetária e não monetária média mensal familiar,Reais,Unidade da Federação,15,Pará,2018,Mais de 9.540 a 14.310 Reais,2.1.1 Alimentação,1021.96,1021.96
6715,1201,Despesa monetária e não monetária média mensal familiar,Reais,Unidade da Federação,16,Amapá,2018,Mais de 9.540 a 14.310 Reais,2.1.1 Alimentação,1252.77,1252.77
6715,1201,Despesa monetária e não monetária média mensal familiar,Reais,Unidade da Federação,17,Tocantins,2018,Mais de 9.540 a 14.310 Reais,2.1.1 Alimentação,697.99,697.99
6715,1201,Despesa monetária e não monetária média mensal familiar,Reais,Unidade da Federação,21,Maranhão,2018,Mais de 9.540 a 14.310 Reais,2.1.1 Alimentação,1057.73,1057.73
6715,1201,Despesa monetária e não monetária média mensal familiar,Reais,Unidade da Federação,22,Piauí,2018,Mais de 9.540 a 14.310 Reais,2.1.1 Alimentação,988.60,988.6
6715,1201,Despesa monetária e não monetária média mensal familiar,Reais,Unidade da Federação,23,Ceará,2018,Mais de 9.540 a 14.310 Reais,2.1.1 Alimentação,1011.37,1011.37
6715,1201,Despesa monetária e não monetária média mensal familiar,Reais,Unidade da Federação,24,Rio Grande do Norte,2018,Mais de 9.540 a 14.310 Reais,2.1.1 Alimentação,1552.24,1552.24
6715,1201,Despesa monetária e não monetária média mensal familiar,Reais,Unidade da Federação,25,Paraíba,2018,Mais de 9.540 a 14.310 Reais,2.1.1 Alimentação,962.30,962.3
6715,1201,Despesa monetária e não monetária média mensal familiar,Reais,Unidade da Federação,26,Pernambuco,2018,Mais de 9.540 a 14.310 Reais,2.1.1 Alimentação,1107.40,1107.4
6715,1201,Despesa monetária e não monetária média mensal familiar,Reais,Unidade da Federação,27,Alagoas,2018,Mais de 9.540 a 14.310 Reais,2.1.1 Alimentação,832.50,832.5
6715,1201,Despesa monetária e não monetária média mensal familiar,Reais,Unidade da Federação,28,Sergipe,2018,Mais de 9.540 a 14.310 Reais,2.1.1 Alimentação,1170.77,1170.77
6715,1201,Despesa monetária e não monetária média mensal familiar,Reais,Unidade da Federação,29,Bahia,2018,Mais de 9.540 a 14.310 Reais,2.1.1 Alimentação,1032.27,1032.27
6715,1201,Despesa monetária e não monetária média mensal familiar,Reais,Unidade da Federação,31,Minas Gerais,2018,Mais de 9.540 a 14.310 Reais,2.1.1 Alimentação,1183.04,1183.04
6715,1201,Despesa monetária e não monetária média mensal familiar,Reais,Unidade da Federação,32,Espírito Santo,2018,Mais de 9.540 a 14.310 Reais,2.1.1 Alimentação,783.47,783.47
6715,1201,Despesa monetária e não monetária média mensal familiar,Reais,Unidade da Federação,33,Rio de Janeiro,2018,Mais de 9.540 a 14.310 Reais,2.1.1 Alimentação,1075.60,1075.6
6715,1201,Despesa monetária e não monetária média mensal familiar,Reais,Unidade da Federação,35,São Paulo,2018,Mais de 9.540 a 14.310 Reais,2.1.1 Alimentação,1207.80,1207.8
6715,1201,Despesa monetária e não monetária média mensal familiar,Reais,Unidade da Federação,41,Paraná,2018,Mais de 9.540 a 14.310 Reais,2.1.1 Alimentação,1164.43,1164.43
6715,1201,Despesa monetária e não monetária média mensal familiar,Reais,Unidade da Federação,42,Santa Catarina,2018,Mais de 9.540 a 14.310 Reais,2.1.1 Alimentação,1076.38,1076.38
6715,1201,Despesa monetária e não monetária média mensal familiar,Reais,Unidade da Federação,43,Rio Grande do Sul,2018,Mais de 9.540 a 14.310 Reais,2.1.1 Alimentação,1214.03,1214.03
6715,1201,Despesa monetária e não monetária média mensal familiar,Reais,Unidade da Federação,50,Mato Grosso do Sul,2018,Mais de 9.540 a 14.310 Reais,2.1.1 Alimentação,1158.10,1158.1
6715,1201,Despesa monetária e não monetária média mensal familiar,Reais,Unidade da Federação,51,Mato Grosso,2018,Mais de 9.540 a 14.310 Reais,2.1.1 Alimentação,1080.82,1080.82
6715,1201,Despesa monetária e não monetária média mensal familiar,Reais,Unidade da Federação,52,Goiás,2018,Mais de 9.540 a 14.310 Reais,2.1.1 Alimentação,1226.11,1226.11
6715,1201,Despesa monetária e não monetária média mensal familiar,Reais,Unidade da Federação,53,Distrito Federal,2018,Mais de 9.540 a 14.310 Reais,2.1.1 Alimentação,1104.46,1104.46
6715,1201,Despesa monetária e não monetária média mensal familiar,Reais,Brasil,1,Brasil,2018,Mais de 9.540 a 14.310 Reais,2.1.8 Recreação e cultura,206.88,206.88
6715,1201,Despesa monetária e não monetária média mensal familiar,Reais,Unidade da Federação,11,Rondônia,2018,Mais de 9.540 a 14.310 Reais,2.1.8 Recreação e cultura,137.88,137.88
6715,1201,Despesa monetária e não monetária média mensal familiar,Reais,Unidade da Federação,12,Acre,2018,Mais de 9.540 a 14.310 Reais,2.1.8 Recreação e cultura,217.50,217.5
6715,1201,Despesa monetária e não monetária média mensal familiar,Reais,Unidade da Federação,13,Amazonas,2018,Mais de 9.540 a 14.310 Reais,2.1.8 Recreação e cultura,135.47,135.47
6715,1201,Despesa monetária e não monetária média mensal familiar,Reais,Unidade da Federação,14,Roraima,2018,Mais de 9.540 a 14.310 Reais,2.1.8 Recreação e cultura,92.06,92.06
6715,1201,Despesa monetária e não monetária média mensal familiar,Reais,Unidade da Federação,15,Pará,2018,Mais de 9.540 a 14.310 Reais,2.1.8 Recreação e cultura,101.00,101.0
6715,1201,Despesa monetária e não monetária média mensal familiar,Reais,Unidade da Federação,16,Amapá,2018,Mais de 9.540 a 14.310 Reais,2.1.8 Recreação e cultura,165.68,165.68
6715,1201,Despesa monetária e não monetária média mensal familiar,Reais,Unidade da Federação,17,Tocantins,2018,Mais de 9.540 a 14.310 Reais,2.1.8 Recreação e cultura,82.62,82.62
6715,1201,Despesa monetária e não monetária média mensal familiar,Reais,Unidade da Federação,21,Maranhão,2018,Mais de 9.540 a 14.310 Reais,2.1.8 Recreação e cultura,323.09,323.09
6715,1201,Despesa monetária e não monetária média mensal familiar,Reais,Unidade da Federação,22,Piauí,2018,Mais de 9.540 a 14.310 Reais,2.1.8 Recreação e cultura,115.06,115.06
6715,1201,Despesa monetária e não monetária média mensal familiar,Reais,Unidade da Federação,23,Ceará,2018,Mais de 9.540 a 14.310 Reais,2.1.8 Recreação e cultura,169.83,169.83
6715,1201,Despesa monetária e não monetária média mensal familiar,Reais,Unidade da Federação,24,Rio Grande do Norte,2018,Mais de 9.540 a 14.310 Reais,2.1.8 Recreação e cultura,337.95,337.95
6715,1201,Despesa monetária e não monetária média mensal familiar,Reais,Unidade da Federação,25,Paraíba,2018,Mais de 9.540 a 14.310 Reais,2.1.8 Recreação e cultura,244.65,244.65
6715,1201,Despesa monetária e não monetária média mensal familiar,Reais,Unidade da Federação,26,Pernambuco,2018,Mais de 9.540 a 14.310 Reais,2.1.8 Recreação e cultura,256.61,256.61
6715,1201,Despesa monetária e não monetária média mensal familiar,Reais,Unidade da Federação,27,Alagoas,2018,Mais de 9.540 a 14.310 Reais,2.1.8 Recreação e cultura,115.90,115.9
6715,1201,Despesa monetária e não monetária média mensal familiar,Reais,Unidade da Federação,28,Sergipe,2018,Mais de 9.540 a 14.310 Reais,2.1.8 Recreação e cultura,185.35,185.35
6715,1201,Despesa monetária e não monetária média mensal familiar,Reais,Unidade da Federação,29,Bahia,2018,Mais de 9.540 a 14.310 Reais,2.1.8 Recreação e cultura,238.42,238.42
6715,1201,Despesa monetária e não monetária média mensal familiar,Reais,Unidade da Federação,31,Minas Gerais,2018,Mais de 9.540 a 14.310 Reais,2.1.8 Recreação e cultura,259.28,259.28
6715,1201,Despesa monetária e não monetária média mensal familiar,Reais,Unidade da Federação,32,Espírito Santo,2018,Mais de 9.540 a 14.310 Reais,2.1.8 Recreação e cultura,136.29,136.29
6715,1201,Despesa monetária e não monetária média mensal familiar,Reais,Unidade da Federação,33,Rio de Janeiro,2018,Mais de 9.540 a 14.310 Reais,2.1.8 Recreação e cultura,238.29,238.29
6715,1201,Despesa monetária e não monetária média mensal familiar,Reais,Unidade da Federação,35,São Paulo,2018,Mais de 9.540 a 14.310 Reais,2.1.8 Recreação e cultura,195.77,195.77
6715,1201,Despesa monetária e não monetária média mensal familiar,Reais,Unidade da Federação,41,Paraná,2018,Mais de 9.540 a 14.310 Reais,2.1.8 Recreação e cultura,161.47,161.47
6715,1201,Despesa monetária e não monetária média mensal familiar,Reais,Unidade da Federação,42,Santa Catarina,2018,Mais de 9.540 a 14.310 Reais,2.1.8 Recreação e cultura,158.50,158.5
6715,1201,Despesa monetária e não monetária média mensal familiar,Reais,Unidade da Federação,43,Rio Grande do Sul,2018,Mais de 9.540 a 14.310 Reais,2.1.8 Recreação e cultura,239.33,239.33
6715,1201,Despesa monetária e não monetária média mensal familiar,Reais,Unidade da Federação,50,Mato Grosso do Sul,2018,Mais de 9.540 a 14.310 Reais,2.1.8 Recreação e cultura,206.32,206.32
6715,1201,Despesa monetária e não monetária média mensal familiar,Reais,Unidade da Federação,51,Mato Grosso,2018,Mais de 9.540 a 14.310 Reais,2.1.8 Recreação e cultura,155.55,155.55
6715,1201,Despesa monetária e não monetária média mensal familiar,Reais,Unidade da Federação,52,Goiás,2018,Mais de 9.540 a 14.310 Reais,2.1.8 Recreação e cultura,217.42,217.42
6715,1201,Despesa monetária e não monetária média mensal familiar,Reais,Unidade da Federação,53,Distrito Federal,2018,Mais de 9.540 a 14.310 Reais,2.1.8 Recreação e cultura,208.04,208.04
6715,1201,Despesa monetária e não monetária média mensal familiar,Reais,Brasil,1,Brasil,2018,Mais de 9.540 a 14.310 Reais,2.1.8.4 Recreações e esportes,49.75,49.75
6715,1201,Despesa monetária e não monetária média mensal familiar,Reais,Unidade da Federação,11,Rondônia,2018,Mais de 9.540 a 14.310 Reais,2.1.8.4 Recreações e esportes,27.54,27.54
6715,1201,Despesa monetária e não monetária média mensal familiar,Reais,Unidade da Federação,12,Acre,2018,Mais de 9.540 a 14.310 Reais,2.1.8.4 Recreações e esportes,42.65,42.65
6715,1201,Despesa monetária e não monetária média mensal familiar,Reais,Unidade da Federação,13,Amazonas,2018,Mais de 9.540 a 14.310 Reais,2.1.8.4 Recreações e esportes,30.29,30.29
6715,1201,Despesa monetária e não monetária média mensal familiar,Reais,Unidade da Federação,14,Roraima,2018,Mais de 9.540 a 14.310 Reais,2.1.8.4 Recreações e esportes,28.19,28.19
6715,1201,Despesa monetária e não monetária média mensal familiar,Reais,Unidade da Federação,15,Pará,2018,Mais de 9.540 a 14.310 Reais,2.1.8.4 Recreações e esportes,27.98,27.98
6715,1201,Despesa monetária e não monetária média mensal familiar,Reais,Unidade da Federação,16,Amapá,2018,Mais de 9.540 a 14.310 Reais,2.1.8.4 Recreações e esportes,60.03,60.03
6715,1201,Despesa monetária e não monetária média mensal familiar,Reais,Unidade da Federação,17,Tocantins,2018,Mais de 9.540 a 14.310 Reais,2.1.8.4 Recreações e esportes,6.59,6.59
6715,1201,Despesa monetária e não monetária média mensal familiar,Reais,Unidade da Federação,21,Maranhão,2018,Mais de 9.540 a 14.310 Reais,2.1.8.4 Recreações e esportes,35.50,35.5
6715,1201,Despesa monetária e não monetária média mensal familiar,Reais,Unidade da Federação,22,Piauí,2018,Mais de 9.540 a 14.310 Reais,2.1.8.4 Recreações e esportes,33.03,33.03
6715,1201,Despesa monetária e não monetária média mensal familiar,Reais,Unidade da Federação,23,Ceará,2018,Mais de 9.540 a 14.310 Reais,2.1.8.4 Recreações e esportes,51.90,51.9
6715,1201,Despesa monetária e não monetária média mensal familiar,Reais,Unidade da Federação,24,Rio Grande do Norte,2018,Mais de 9.540 a 14.310 Reais,2.1.8.4 Recreações e esportes,65.21,65.21
6715,1201,Despesa monetária e não monetária média mensal familiar,Reais,Unidade da Federação,25,Paraíba,2018,Mais de 9.540 a 14.310 Reais,2.1.8.4 Recreações e esportes,30.90,30.9
6715,1201,Despesa monetária e não monetária média mensal familiar,Reais,Unidade da Federação,26,Pernambuco,2018,Mais de 9.540 a 14.310 Reais,2.1.8.4 Recreações e esportes,44.15,44.15
6715,1201,Despesa monetária e não monetária média mensal familiar,Reais,Unidade da Federação,27,Alagoas,2018,Mais de 9.540 a 14.310 Reais,2.1.8.4 Recreações e esportes,24.75,24.75
6715,1201,Despesa monetária e não monetária média mensal familiar,Reais,Unidade da Federação,28,Sergipe,2018,Mais de 9.540 a 14.310 Reais,2.1.8.4 Recreações e esportes,31.22,31.22
6715,1201,Despesa monetária e não monetária média mensal familiar,Reais,Unidade da Federação,29,Bahia,2018,Mais de 9.540 a 14.310 Reais,2.1.8.4 Recreações e esportes,53.04,53.04
6715,1201,Despesa monetária e não monetária média mensal familiar,Reais,Unidade da Federação,31,Minas Gerais,2018,Mais de 9.540 a 14.310 Reais,2.1.8.4 Recreações e esportes,74.46,74.46
6715,1201,Despesa monetária e não monetária média mensal familiar,Reais,Unidade da Federação,32,Espírito Santo,2018,Mais de 9.540 a 14.310 Reais,2.1.8.4 Recreações e esportes,32.54,32.54
6715,1201,Despesa monetária e não monetária média mensal familiar,Reais,Unidade da Federação,33,Rio de Janeiro,2018,Mais de 9.540 a 14.310 Reais,2.1.8.4 Recreações e esportes,46.68,46.68
6715,1201,Despesa monetária e não monetária média mensal familiar,Reais,Unidade da Federação,35,São Paulo,2018,Mais de 9.540 a 14.310 Reais,2.1.8.4 Recreações e esportes,55.61,55.61
6715,1201,Despesa monetária e não monetária média mensal familiar,Reais,Unidade da Federação,41,Paraná,2018,Mais de 9.540 a 14.310 Reais,2.1.8.4 Recreações e esportes,40.80,40.8
6715,1201,Despesa monetária e não monetária média mensal familiar,Reais,Unidade da Federação,42,Santa Catarina,2018,Mais de 9.540 a 14.310 Reais,2.1.8.4 Recreações e esportes,40.70,40.7
6715,1201,Despesa monetária e não monetária média mensal familiar,Reais,Unidade da Federação,43,Rio Grande do Sul,2018,Mais de 9.540 a 14.310 Reais,2.1.8.4 Recreações e esportes,48.47,48.47
6715,1201,Despesa monetária e não monetária média mensal familiar,Reais,Unidade da Federação,50,Mato Grosso do Sul,2018,Mais de 9.540 a 14.310 Reais,2.1.8.4 Recreações e esportes,34.42,34.42
6715,1201,Despesa monetária e não monetária média mensal familiar,Reais,Unidade da Federação,51,Mato Grosso,2018,Mais de 9.540 a 14.310 Reais,2.1.8.4 Recreações e esportes,33.20,33.2
6715,1201,Despesa monetária e não monetária média mensal familiar,Reais,Unidade da Federação,52,Goiás,2018,Mais de 9.540 a 14.310 Reais,2.1.8.4 Recreações e esportes,31.88,31.88
6715,1201,Despesa monetária e não monetária média mensal familiar,Reais,Unidade da Federação,53,Distrito Federal,2018,Mais de 9.540 a 14.310 Reais,2.1.8.4 Recreações e esportes,45.07,45.07
6715,1201,Despesa monetária e não monetária média mensal familiar,Reais,Brasil,1,Brasil,2018,Mais de 14.310 a 23.850 Reais,1 Despesa total,14872.30,14872.3
6715,1201,Despesa monetária e não monetária média mensal familiar,Reais,Unidade da Federação,11,Rondônia,2018,Mais de 14.310 a 23.850 Reais,1 Despesa total,9901.47,9901.47
6715,1201,Despesa monetária e não monetária média mensal familiar,Reais,Unidade da Federação,12,Acre,2018,Mais de 14.310 a 23.850 Reais,1 Despesa total,12385.71,12385.71
6715,1201,Despesa monetária e não monetária média mensal familiar,Reais,Unidade da Federação,13,Amazonas,2018,Mais de 14.310 a 23.850 Reais,1 Despesa total,12889.83,12889.83
6715,1201,Despesa monetária e não monetária média mensal familiar,Reais,Unidade da Federação,14,Roraima,2018,Mais de 14.310 a 23.850 Reais,1 Despesa total,8086.07,8086.07
6715,1201,Despesa monetária e não monetária média mensal familiar,Reais,Unidade da Federação,15,Pará,2018,Mais de 14.310 a 23.850 Reais,1 Despesa total,16698.51,16698.51
6715,1201,Despesa monetária e não monetária média mensal familiar,Reais,Unidade da Federação,16,Amapá,2018,Mais de 14.310 a 23.850 Reais,1 Despesa total,15371.50,15371.5
6715,1201,Despesa monetária e não monetária média mensal familiar,Reais,Unidade da Federação,17,Tocantins,2018,Mais de 14.310 a 23.850 Reais,1 Despesa total,9717.67,9717.67
6715,1201,Despesa monetária e não monetária média mensal familiar,Reais,Unidade da Federação,21,Maranhão,2018,Mais de 14.310 a 23.850 Reais,1 Despesa total,11361.28,11361.28
6715,1201,Despesa monetária e não monetária média mensal familiar,Reais,Unidade da Federação,22,Piauí,2018,Mais de 14.310 a 23.850 Reais,1 Despesa total,13733.48,13733.48
6715,1201,Despesa monetária e não monetária média mensal familiar,Reais,Unidade da Federação,23,Ceará,2018,Mais de 14.310 a 23.850 Reais,1 Despesa total,13992.36,13992.36
6715,1201,Despesa monetária e não monetária média mensal familiar,Reais,Unidade da Federação,24,Rio Grande do Norte,2018,Mais de 14.310 a 23.850 Reais,1 Despesa total,15287.97,15287.97
6715,1201,Despesa monetária e não monetária média mensal familiar,Reais,Unidade da Federação,25,Paraíba,2018,Mais de 14.310 a 23.850 Reais,1 Despesa total,15108.78,15108.78
6715,1201,Despesa monetária e não monetária média mensal familiar,Reais,Unidade da Federação,26,Pernambuco,2018,Mais de 14.310 a 23.850 Reais,1 Despesa total,14685.22,14685.22
6715,1201,Despesa monetária e não monetária média mensal familiar,Reais,Unidade da Federação,27,Alagoas,2018,Mais de 14.310 a 23.850 Reais,1 Despesa total,11728.68,11728.68
6715,1201,Despesa monetária e não monetária média mensal familiar,Reais,Unidade da Federação,28,Sergipe,2018,Mais de 14.310 a 23.850 Reais,1 Despesa total,13183.79,13183.79
6715,1201,Despesa monetária e não monetária média mensal familiar,Reais,Unidade da Federação,29,Bahia,2018,Mais de 14.310 a 23.850 Reais,1 Despesa total,15225.05,15225.05
6715,1201,Despesa monetária e não monetária média mensal familiar,Reais,Unidade da Federação,31,Minas Gerais,2018,Mais de 14.310 a 23.850 Reais,1 Despesa total,14391.83,14391.83
6715,1201,Despesa monetária e não monetária média mensal familiar,Reais,Unidade da Federação,32,Espírito Santo,2018,Mais de 14.310 a 23.850 Reais,1 Despesa total,14746.90,14746.9
6715,1201,Despesa monetária e não monetária média mensal familiar,Reais,Unidade da Federação,33,Rio de Janeiro,2018,Mais de 14.310 a 23.850 Reais,1 Despesa total,13532.35,13532.35
6715,1201,Despesa monetária e não monetária média mensal familiar,Reais,Unidade da Federação,35,São Paulo,2018,Mais de 14.310 a 23.850 Reais,1 Despesa total,15476.89,15476.89
6715,1201,Despesa monetária e não monetária média mensal familiar,Reais,Unidade da Federação,41,Paraná,2018,Mais de 14.310 a 23.850 Reais,1 Despesa total,19206.12,19206.12
6715,1201,Despesa monetária e não monetária média mensal familiar,Reais,Unidade da Federação,42,Santa Catarina,2018,Mais de 14.310 a 23.850 Reais,1 Despesa total,13442.55,13442.55
6715,1201,Despesa monetária e não monetária média mensal familiar,Reais,Unidade da Federação,43,Rio Grande do Sul,2018,Mais de 14.310 a 23.850 Reais,1 Despesa total,14027.57,14027.57
6715,1201,Despesa monetária e não monetária média mensal familiar,Reais,Unidade da Federação,50,Mato Grosso do Sul,2018,Mais de 14.310 a 23.850 Reais,1 Despesa total,14320.59,14320.59
6715,1201,Despesa monetária e não monetária média mensal familiar,Reais,Unidade da Federação,51,Mato Grosso,2018,Mais de 14.310 a 23.850 Reais,1 Despesa total,13362.80,13362.8
6715,1201,Despesa monetária e não monetária média mensal familiar,Reais,Unidade da Federação,52,Goiás,2018,Mais de 14.310 a 23.850 Reais,1 Despesa total,13453.12,13453.12
6715,1201,Despesa monetária e não monetária média mensal familiar,Reais,Unidade da Federação,53,Distrito Federal,2018,Mais de 14.310 a 23.850 Reais,1 Despesa total,15561.49,15561.49
6715,1201,Despesa monetária e não monetária média mensal familiar,Reais,Brasil,1,Brasil,2018,Mais de 14.310 a 23.850 Reais,2.1 Despesas de consumo,10832.65,10832.65
6715,1201,Despesa monetária e não monetária média mensal familiar,Reais,Unidade da Federação,11,Rondônia,2018,Mais de 14.310 a 23.850 Reais,2.1 Despesas de consumo,7359.46,7359.46
6715,1201,Despesa monetária e não monetária média mensal familiar,Reais,Unidade da Federação,12,Acre,2018,Mais de 14.310 a 23.850 Reais,2.1 Despesas de consumo,8605.57,8605.57
6715,1201,Despesa monetária e não monetária média mensal familiar,Reais,Unidade da Federação,13,Amazonas,2018,Mais de 14.310 a 23.850 Reais,2.1 Despesas de consumo,9399.04,9399.04
6715,1201,Despesa monetária e não monetária média mensal familiar,Reais,Unidade da Federação,14,Roraima,2018,Mais de 14.310 a 23.850 Reais,2.1 Despesas de consumo,5521.96,5521.96
6715,1201,Despesa monetária e não monetária média mensal familiar,Reais,Unidade da Federação,15,Pará,2018,Mais de 14.310 a 23.850 Reais,2.1 Despesas de consumo,14528.67,14528.67
6715,1201,Despesa monetária e não monetária média mensal familiar,Reais,Unidade da Federação,16,Amapá,2018,Mais de 14.310 a 23.850 Reais,2.1 Despesas de consumo,10880.12,10880.12
6715,1201,Despesa monetária e não monetária média mensal familiar,Reais,Unidade da Federação,17,Tocantins,2018,Mais de 14.310 a 23.850 Reais,2.1 Despesas de consumo,7108.77,7108.77
6715,1201,Despesa monetária e não monetária média mensal familiar,Reais,Unidade da Federação,21,Maranhão,2018,Mais de 14.310 a 23.850 Reais,2.1 Despesas de consumo,8351.12,8351.12
6715,1201,Despesa monetária e não monetária média mensal familiar,Reais,Unidade da Federação,22,Piauí,2018,Mais de 14.310 a 23.850 Reais,2.1 Despesas de consumo,10255.71,10255.71
6715,1201,Despesa monetária e não monetária média mensal familiar,Reais,Unidade da Federação,23,Ceará,2018,Mais de 14.310 a 23.850 Reais,2.1 Despesas de consumo,11064.35,11064.35
6715,1201,Despesa monetária e não monetária média mensal familiar,Reais,Unidade da Federação,24,Rio Grande do Norte,2018,Mais de 14.310 a 23.850 Reais,2.1 Despesas de consumo,11416.18,11416.18
6715,1201,Despesa monetária e não monetária média mensal familiar,Reais,Unidade da Federação,25,Paraíba,2018,Mais de 14.310 a 23.850 Reais,2.1 Despesas de consumo,8874.54,8874.54
6715,1201,Despesa monetária e não monetária média mensal familiar,Reais,Unidade da Federação,26,Pernambuco,2018,Mais de 14.310 a 23.850 Reais,2.1 Despesas de consumo,11125.04,11125.04
6715,1201,Despesa monetária e não monetária média mensal familiar,Reais,Unidade da Federação,27,Alagoas,2018,Mais de 14.310 a 23.850 Reais,2.1 Despesas de consumo,7565.92,7565.92
6715,1201,Despesa monetária e não monetária média mensal familiar,Reais,Unidade da Federação,28,Sergipe,2018,Mais de 14.310 a 23.850 Reais,2.1 Despesas de consumo,9925.57,9925.57
6715,1201,Despesa monetária e não monetária média mensal familiar,Reais,Unidade da Federação,29,Bahia,2018,Mais de 14.310 a 23.850 Reais,2.1 Despesas de consumo,11761.86,11761.86
6715,1201,Despesa monetária e não monetária média mensal familiar,Reais,Unidade da Federação,31,Minas Gerais,2018,Mais de 14.310 a 23.850 Reais,2.1 Despesas de consumo,10752.93,10752.93
6715,1201,Despesa monetária e não monetária média mensal familiar,Reais,Unidade da Federação,32,Espírito Santo,2018,Mais de 14.310 a 23.850 Reais,2.1 Despesas de consumo,11038.94,11038.94
6715,1201,Despesa monetária e não monetária média mensal familiar,Reais,Unidade da Federação,33,Rio de Janeiro,2018,Mais de 14.310 a 23.850 Reais,2.1 Despesas de consumo,10738.17,10738.17
6715,1201,Despesa monetária e não monetária média mensal familiar,Reais,Unidade da Federação,35,São Paulo,2018,Mais de 14.310 a 23.850 Reais,2.1 Despesas de consumo,11609.77,11609.77
6715,1201,Despesa monetária e não monetária média mensal familiar,Reais,Unidade da Federação,41,Paraná,2018,Mais de 14.310 a 23.850 Reais,2.1 Despesas de consumo,9982.10,9982.1
6715,1201,Despesa monetária e não monetária média mensal familiar,Reais,Unidade da Federação,42,Santa Catarina,2018,Mais de 14.310 a 23.850 Reais,2.1 Despesas de consumo,10035.00,10035.0
6715,1201,Despesa monetária e não monetária média mensal familiar,Reais,Unidade da Federação,43,Rio Grande do Sul,2018,Mais de 14.310 a 23.850 Reais,2.1 Despesas de consumo,10354.39,10354.39
6715,1201,Despesa monetária e não monetária média mensal familiar,Reais,Unidade da Federação,50,Mato Grosso do Sul,2018,Mais de 14.310 a 23.850 Reais,2.1 Despesas de consumo,10593.99,10593.99
6715,1201,Despesa monetária e não monetária média mensal familiar,Reais,Unidade da Federação,51,Mato Grosso,2018,Mais de 14.310 a 23.850 Reais,2.1 Despesas de consumo,9740.37,9740.37
6715,1201,Despesa monetária e não monetária média mensal familiar,Reais,Unidade da Federação,52,Goiás,2018,Mais de 14.310 a 23.850 Reais,2.1 Despesas de consumo,8090.02,8090.02
6715,1201,Despesa monetária e não monetária média mensal familiar,Reais,Unidade da Federação,53,Distrito Federal,2018,Mais de 14.310 a 23.850 Reais,2.1 Despesas de consumo,11039.17,11039.17
6715,1201,Despesa monetária e não monetária média mensal familiar,Reais,Brasil,1,Brasil,2018,Mais de 14.310 a 23.850 Reais,2.1.1 Alimentação,1478.68,1478.68
6715,1201,Despesa monetária e não monetária média mensal familiar,Reais,Unidade da Federação,11,Rondônia,2018,Mais de 14.310 a 23.850 Reais,2.1.1 Alimentação,904.45,904.45
6715,1201,Despesa monetária e não monetária média mensal familiar,Reais,Unidade da Federação,12,Acre,2018,Mais de 14.310 a 23.850 Reais,2.1.1 Alimentação,878.31,878.31
6715,1201,Despesa monetária e não monetária média mensal familiar,Reais,Unidade da Federação,13,Amazonas,2018,Mais de 14.310 a 23.850 Reais,2.1.1 Alimentação,1134.25,1134.25
6715,1201,Despesa monetária e não monetária média mensal familiar,Reais,Unidade da Federação,14,Roraima,2018,Mais de 14.310 a 23.850 Reais,2.1.1 Alimentação,663.94,663.94
6715,1201,Despesa monetária e não monetária média mensal familiar,Reais,Unidade da Federação,15,Pará,2018,Mais de 14.310 a 23.850 Reais,2.1.1 Alimentação,2463.17,2463.17
6715,1201,Despesa monetária e não monetária média mensal familiar,Reais,Unidade da Federação,16,Amapá,2018,Mais de 14.310 a 23.850 Reais,2.1.1 Alimentação,1733.69,1733.69
6715,1201,Despesa monetária e não monetária média mensal familiar,Reais,Unidade da Federação,17,Tocantins,2018,Mais de 14.310 a 23.850 Reais,2.1.1 Alimentação,770.28,770.28
6715,1201,Despesa monetária e não monetária média mensal familiar,Reais,Unidade da Federação,21,Maranhão,2018,Mais de 14.310 a 23.850 Reais,2.1.1 Alimentação,1083.90,1083.9
6715,1201,Despesa monetária e não monetária média mensal familiar,Reais,Unidade da Federação,22,Piauí,2018,Mais de 14.310 a 23.850 Reais,2.1.1 Alimentação,1723.31,1723.31
6715,1201,Despesa monetária e não monetária média mensal familiar,Reais,Unidade da Federação,23,Ceará,2018,Mais de 14.310 a 23.850 Reais,2.1.1 Alimentação,1296.32,1296.32
6715,1201,Despesa monetária e não monetária média mensal familiar,Reais,Unidade da Federação,24,Rio Grande do Norte,2018,Mais de 14.310 a 23.850 Reais,2.1.1 Alimentação,1642.62,1642.62
6715,1201,Despesa monetária e não monetária média mensal familiar,Reais,Unidade da Federação,25,Paraíba,2018,Mais de 14.310 a 23.850 Reais,2.1.1 Alimentação,1317.05,1317.05
6715,1201,Despesa monetária e não monetária média mensal familiar,Reais,Unidade da Federação,26,Pernambuco,2018,Mais de 14.310 a 23.850 Reais,2.1.1 Alimentação,1366.79,1366.79
6715,1201,Despesa monetária e não monetária média mensal familiar,Reais,Unidade da Federação,27,Alagoas,2018,Mais de 14.310 a 23.850 Reais,2.1.1 Alimentação,953.16,953.16
6715,1201,Despesa monetária e não monetária média mensal familiar,Reais,Unidade da Federação,28,Sergipe,2018,Mais de 14.310 a 23.850 Reais,2.1.1 Alimentação,1511.13,1511.13
6715,1201,Despesa monetária e não monetária média mensal familiar,Reais,Unidade da Federação,29,Bahia,2018,Mais de 14.310 a 23.850 Reais,2.1.1 Alimentação,1705.04,1705.04
6715,1201,Despesa monetária e não monetária média mensal familiar,Reais,Unidade da Federação,31,Minas Gerais,2018,Mais de 14.310 a 23.850 Reais,2.1.1 Alimentação,1511.11,1511.11
6715,1201,Despesa monetária e não monetária média mensal familiar,Reais,Unidade da Federação,32,Espírito Santo,2018,Mais de 14.310 a 23.850 Reais,2.1.1 Alimentação,1096.40,1096.4
6715,1201,Despesa monetária e não monetária média mensal familiar,Reais,Unidade da Federação,33,Rio de Janeiro,2018,Mais de 14.310 a 23.850 Reais,2.1.1 Alimentação,1403.07,1403.07
6715,1201,Despesa monetária e não monetária média mensal familiar,Reais,Unidade da Federação,35,São Paulo,2018,Mais de 14.310 a 23.850 Reais,2.1.1 Alimentação,1515.31,1515.31
6715,1201,Despesa monetária e não monetária média mensal familiar,Reais,Unidade da Federação,41,Paraná,2018,Mais de 14.310 a 23.850 Reais,2.1.1 Alimentação,1456.71,1456.71
6715,1201,Despesa monetária e não monetária média mensal familiar,Reais,Unidade da Federação,42,Santa Catarina,2018,Mais de 14.310 a 23.850 Reais,2.1.1 Alimentação,1450.36,1450.36
6715,1201,Despesa monetária e não monetária média mensal familiar,Reais,Unidade da Federação,43,Rio Grande do Sul,2018,Mais de 14.310 a 23.850 Reais,2.1.1 Alimentação,1499.12,1499.12
6715,1201,Despesa monetária e não monetária média mensal familiar,Reais,Unidade da Federação,50,Mato Grosso do Sul,2018,Mais de 14.310 a 23.850 Reais,2.1.1 Alimentação,1524.81,1524.81
6715,1201,Despesa monetária e não monetária média mensal familiar,Reais,Unidade da Federação,51,Mato Grosso,2018,Mais de 14.310 a 23.850 Reais,2.1.1 Alimentação,1530.53,1530.53
6715,1201,Despesa monetária e não monetária média mensal familiar,Reais,Unidade da Federação,52,Goiás,2018,Mais de 14.310 a 23.850 Reais,2.1.1 Alimentação,1301.29,1301.29
6715,1201,Despesa monetária e não monetária média mensal familiar,Reais,Unidade da Federação,53,Distrito Federal,2018,Mais de 14.310 a 23.850 Reais,2.1.1 Alimentação,1441.89,1441.89
6715,1201,Despesa monetária e não monetária média mensal familiar,Reais,Brasil,1,Brasil,2018,Mais de 14.310 a 23.850 Reais,2.1.8 Recreação e cultura,324.49,324.49
6715,1201,Despesa monetária e não monetária média mensal familiar,Reais,Unidade da Federação,11,Rondônia,2018,Mais de 14.310 a 23.850 Reais,2.1.8 Recreação e cultura,313.91,313.91
6715,1201,Despesa monetária e não monetária média mensal familiar,Reais,Unidade da Federação,12,Acre,2018,Mais de 14.310 a 23.850 Reais,2.1.8 Recreação e cultura,228.83,228.83
6715,1201,Despesa monetária e não monetária média mensal familiar,Reais,Unidade da Federação,13,Amazonas,2018,Mais de 14.310 a 23.850 Reais,2.1.8 Recreação e cultura,209.85,209.85
6715,1201,Despesa monetária e não monetária média mensal familiar,Reais,Unidade da Federação,14,Roraima,2018,Mais de 14.310 a 23.850 Reais,2.1.8 Recreação e cultura,293.91,293.91
6715,1201,Despesa monetária e não monetária média mensal familiar,Reais,Unidade da Federação,15,Pará,2018,Mais de 14.310 a 23.850 Reais,2.1.8 Recreação e cultura,225.81,225.81
6715,1201,Despesa monetária e não monetária média mensal familiar,Reais,Unidade da Federação,16,Amapá,2018,Mais de 14.310 a 23.850 Reais,2.1.8 Recreação e cultura,268.63,268.63
6715,1201,Despesa monetária e não monetária média mensal familiar,Reais,Unidade da Federação,17,Tocantins,2018,Mais de 14.310 a 23.850 Reais,2.1.8 Recreação e cultura,61.03,61.03
6715,1201,Despesa monetária e não monetária média mensal familiar,Reais,Unidade da Federação,21,Maranhão,2018,Mais de 14.310 a 23.850 Reais,2.1.8 Recreação e cultura,284.16,284.16
6715,1201,Despesa monetária e não monetária média mensal familiar,Reais,Unidade da Federação,22,Piauí,2018,Mais de 14.310 a 23.850 Reais,2.1.8 Recreação e cultura,144.07,144.07
6715,1201,Despesa monetária e não monetária média mensal familiar,Reais,Unidade da Federação,23,Ceará,2018,Mais de 14.310 a 23.850 Reais,2.1.8 Recreação e cultura,325.52,325.52
6715,1201,Despesa monetária e não monetária média mensal familiar,Reais,Unidade da Federação,24,Rio Grande do Norte,2018,Mais de 14.310 a 23.850 Reais,2.1.8 Recreação e cultura,372.93,372.93
6715,1201,Despesa monetária e não monetária média mensal familiar,Reais,Unidade da Federação,25,Paraíba,2018,Mais de 14.310 a 23.850 Reais,2.1.8 Recreação e cultura,319.14,319.14
6715,1201,Despesa monetária e não monetária média mensal familiar,Reais,Unidade da Federação,26,Pernambuco,2018,Mais de 14.310 a 23.850 Reais,2.1.8 Recreação e cultura,324.00,324.0
6715,1201,Despesa monetária e não monetária média mensal familiar,Reais,Unidade da Federação,27,Alagoas,2018,Mais de 14.310 a 23.850 Reais,2.1.8 Recreação e cultura,242.16,242.16
6715,1201,Despesa monetária e não monetária média mensal familiar,Reais,Unidade da Federação,28,Sergipe,2018,Mais de 14.310 a 23.850 Reais,2.1.8 Recreação e cultura,321.26,321.26
6715,1201,Despesa monetária e não monetária média mensal familiar,Reais,Unidade da Federação,29,Bahia,2018,Mais de 14.310 a 23.850 Reais,2.1.8 Recreação e cultura,390.87,390.87
6715,1201,Despesa monetária e não monetária média mensal familiar,Reais,Unidade da Federação,31,Minas Gerais,2018,Mais de 14.310 a 23.850 Reais,2.1.8 Recreação e cultura,371.72,371.72
6715,1201,Despesa monetária e não monetária média mensal familiar,Reais,Unidade da Federação,32,Espírito Santo,2018,Mais de 14.310 a 23.850 Reais,2.1.8 Recreação e cultura,227.98,227.98
6715,1201,Despesa monetária e não monetária média mensal familiar,Reais,Unidade da Federação,33,Rio de Janeiro,2018,Mais de 14.310 a 23.850 Reais,2.1.8 Recreação e cultura,372.27,372.27
6715,1201,Despesa monetária e não monetária média mensal familiar,Reais,Unidade da Federação,35,São Paulo,2018,Mais de 14.310 a 23.850 Reais,2.1.8 Recreação e cultura,312.65,312.65
6715,1201,Despesa monetária e não monetária média mensal familiar,Reais,Unidade da Federação,41,Paraná,2018,Mais de 14.310 a 23.850 Reais,2.1.8 Recreação e cultura,404.80,404.8
6715,1201,Despesa monetária e não monetária média mensal familiar,Reais,Unidade da Federação,42,Santa Catarina,2018,Mais de 14.310 a 23.850 Reais,2.1.8 Recreação e cultura,280.90,280.9
6715,1201,Despesa monetária e não monetária média mensal familiar,Reais,Unidade da Federação,43,Rio Grande do Sul,2018,Mais de 14.310 a 23.850 Reais,2.1.8 Recreação e cultura,334.77,334.77
6715,1201,Despesa monetária e não monetária média mensal familiar,Reais,Unidade da Federação,50,Mato Grosso do Sul,2018,Mais de 14.310 a 23.850 Reais,2.1.8 Recreação e cultura,289.60,289.6
6715,1201,Despesa monetária e não monetária média mensal familiar,Reais,Unidade da Federação,51,Mato Grosso,2018,Mais de 14.310 a 23.850 Reais,2.1.8 Recreação e cultura,227.61,227.61
6715,1201,Despesa monetária e não monetária média mensal familiar,Reais,Unidade da Federação,52,Goiás,2018,Mais de 14.310 a 23.850 Reais,2.1.8 Recreação e cultura,260.63,260.63
6715,1201,Despesa monetária e não monetária média mensal familiar,Reais,Unidade da Federação,53,Distrito Federal,2018,Mais de 14.310 a 23.850 Reais,2.1.8 Recreação e cultura,336.52,336.52
6715,1201,Despesa monetária e não monetária média mensal familiar,Reais,Brasil,1,Brasil,2018,Mais de 14.310 a 23.850 Reais,2.1.8.4 Recreações e esportes,87.96,87.96
6715,1201,Despesa monetária e não monetária média mensal familiar,Reais,Unidade da Federação,11,Rondônia,2018,Mais de 14.310 a 23.850 Reais,2.1.8.4 Recreações e esportes,22.78,22.78
6715,1201,Despesa monetária e não monetária média mensal familiar,Reais,Unidade da Federação,12,Acre,2018,Mais de 14.310 a 23.850 Reais,2.1.8.4 Recreações e esportes,25.10,25.1
6715,1201,Despesa monetária e não monetária média mensal familiar,Reais,Unidade da Federação,13,Amazonas,2018,Mais de 14.310 a 23.850 Reais,2.1.8.4 Recreações e esportes,50.72,50.72
6715,1201,Despesa monetária e não monetária média mensal familiar,Reais,Unidade da Federação,14,Roraima,2018,Mais de 14.310 a 23.850 Reais,2.1.8.4 Recreações e esportes,37.04,37.04
6715,1201,Despesa monetária e não monetária média mensal familiar,Reais,Unidade da Federação,15,Pará,2018,Mais de 14.310 a 23.850 Reais,2.1.8.4 Recreações e esportes,16.67,16.67
6715,1201,Despesa monetária e não monetária média mensal familiar,Reais,Unidade da Federação,16,Amapá,2018,Mais de 14.310 a 23.850 Reais,2.1.8.4 Recreações e esportes,79.93,79.93
6715,1201,Despesa monetária e não monetária média mensal familiar,Reais,Unidade da Federação,17,Tocantins,2018,Mais de 14.310 a 23.850 Reais,2.1.8.4 Recreações e esportes,2.15,2.15
6715,1201,Despesa monetária e não monetária média mensal familiar,Reais,Unidade da Federação,21,Maranhão,2018,Mais de 14.310 a 23.850 Reais,2.1.8.4 Recreações e esportes,47.20,47.2
6715,1201,Despesa monetária e não monetária média mensal familiar,Reais,Unidade da Federação,22,Piauí,2018,Mais de 14.310 a 23.850 Reais,2.1.8.4 Recreações e esportes,19.86,19.86
6715,1201,Despesa monetária e não monetária média mensal familiar,Reais,Unidade da Federação,23,Ceará,2018,Mais de 14.310 a 23.850 Reais,2.1.8.4 Recreações e esportes,85.97,85.97
6715,1201,Despesa monetária e não monetária média mensal familiar,Reais,Unidade da Federação,24,Rio Grande do Norte,2018,Mais de 14.310 a 23.850 Reais,2.1.8.4 Recreações e esportes,110.66,110.66
6715,1201,Despesa monetária e não monetária média mensal familiar,Reais,Unidade da Federação,25,Paraíba,2018,Mais de 14.310 a 23.850 Reais,2.1.8.4 Recreações e esportes,127.65,127.65
6715,1201,Despesa monetária e não monetária média mensal familiar,Reais,Unidade da Federação,26,Pernambuco,2018,Mais de 14.310 a 23.850 Reais,2.1.8.4 Recreações e esportes,75.60,75.6
6715,1201,Despesa monetária e não monetária média mensal familiar,Reais,Unidade da Federação,27,Alagoas,2018,Mais de 14.310 a 23.850 Reais,2.1.8.4 Recreações e esportes,22.81,22.81
6715,1201,Despesa monetária e não monetária média mensal familiar,Reais,Unidade da Federação,28,Sergipe,2018,Mais de 14.310 a 23.850 Reais,2.1.8.4 Recreações e esportes,71.29,71.29
6715,1201,Despesa monetária e não monetária média mensal familiar,Reais,Unidade da Federação,29,Bahia,2018,Mais de 14.310 a 23.850 Reais,2.1.8.4 Recreações e esportes,85.23,85.23
6715,1201,Despesa monetária e não monetária média mensal familiar,Reais,Unidade da Federação,31,Minas Gerais,2018,Mais de 14.310 a 23.850 Reais,2.1.8.4 Recreações e esportes,85.42,85.42
6715,1201,Despesa monetária e não monetária média mensal familiar,Reais,Unidade da Federação,32,Espírito Santo,2018,Mais de 14.310 a 23.850 Reais,2.1.8.4 Recreações e esportes,61.48,61.48
6715,1201,Despesa monetária e não monetária média mensal familiar,Reais,Unidade da Federação,33,Rio de Janeiro,2018,Mais de 14.310 a 23.850 Reais,2.1.8.4 Recreações e esportes,96.49,96.49
6715,1201,Despesa monetária e não monetária média mensal familiar,Reais,Unidade da Federação,35,São Paulo,2018,Mais de 14.310 a 23.850 Reais,2.1.8.4 Recreações e esportes,112.40,112.4
6715,1201,Despesa monetária e não monetária média mensal familiar,Reais,Unidade da Federação,41,Paraná,2018,Mais de 14.310 a 23.850 Reais,2.1.8.4 Recreações e esportes,71.52,71.52
6715,1201,Despesa monetária e não monetária média mensal familiar,Reais,Unidade da Federação,42,Santa Catarina,2018,Mais de 14.310 a 23.850 Reais,2.1.8.4 Recreações e esportes,65.43,65.43
6715,1201,Despesa monetária e não monetária média mensal familiar,Reais,Unidade da Federação,43,Rio Grande do Sul,2018,Mais de 14.310 a 23.850 Reais,2.1.8.4 Recreações e esportes,98.40,98.4
6715,1201,Despesa monetária e não monetária média mensal familiar,Reais,Unidade da Federação,50,Mato Grosso do Sul,2018,Mais de 14.310 a 23.850 Reais,2.1.8.4 Recreações e esportes,48.10,48.1
6715,1201,Despesa monetária e não monetária média mensal familiar,Reais,Unidade da Federação,51,Mato Grosso,2018,Mais de 14.310 a 23.850 Reais,2.1.8.4 Recreações e esportes,45.31,45.31
6715,1201,Despesa monetária e não monetária média mensal familiar,Reais,Unidade da Federação,52,Goiás,2018,Mais de 14.310 a 23.850 Reais,2.1.8.4 Recreações e esportes,36.25,36.25
6715,1201,Despesa monetária e não monetária média mensal familiar,Reais,Unidade da Federação,53,Distrito Federal,2018,Mais de 14.310 a 23.850 Reais,2.1.8.4 Recreações e esportes,84.33,84.33
6715,1201,Despesa monetária e não monetária média mensal familiar,Reais,Brasil,1,Brasil,2018,Mais de 23.850 Reais,1 Despesa total,27866.89,27866.89
6715,1201,Despesa monetária e não monetária média mensal familiar,Reais,Unidade da Federação,11,Rondônia,2018,Mais de 23.850 Reais,1 Despesa total,24120.30,24120.3
6715,1201,Despesa monetária e não monetária média mensal familiar,Reais,Unidade da Federação,12,Acre,2018,Mais de 23.850 Reais,1 Despesa total,21722.44,21722.44
6715,1201,Despesa monetária e não monetária média mensal familiar,Reais,Unidade da Federação,13,Amazonas,2018,Mais de 23.850 Reais,1 Despesa total,17463.51,17463.51
6715,1201,Despesa monetária e não monetária média mensal familiar,Reais,Unidade da Federação,14,Roraima,2018,Mais de 23.850 Reais,1 Despesa total,13727.71,13727.71
6715,1201,Despesa monetária e não monetária média mensal familiar,Reais,Unidade da Federação,15,Pará,2018,Mais de 23.850 Reais,1 Despesa total,18639.34,18639.34
6715,1201,Despesa monetária e não monetária média mensal familiar,Reais,Unidade da Federação,16,Amapá,2018,Mais de 23.850 Reais,1 Despesa total,19966.31,19966.31
6715,1201,Despesa monetária e não monetária média mensal familiar,Reais,Unidade da Federação,17,Tocantins,2018,Mais de 23.850 Reais,1 Despesa total,13519.88,13519.88
6715,1201,Despesa monetária e não monetária média mensal familiar,Reais,Unidade da Federação,21,Maranhão,2018,Mais de 23.850 Reais,1 Despesa total,14685.66,14685.66
6715,1201,Despesa monetária e não monetária média mensal familiar,Reais,Unidade da Federação,22,Piauí,2018,Mais de 23.850 Reais,1 Despesa total,19224.28,19224.28
6715,1201,Despesa monetária e não monetária média mensal familiar,Reais,Unidade da Federação,23,Ceará,2018,Mais de 23.850 Reais,1 Despesa total,22256.25,22256.25
6715,1201,Despesa monetária e não monetária média mensal familiar,Reais,Unidade da Federação,24,Rio Grande do Norte,2018,Mais de 23.850 Reais,1 Despesa total,28085.51,28085.51
6715,1201,Despesa monetária e não monetária média mensal familiar,Reais,Unidade da Federação,25,Paraíba,2018,Mais de 23.850 Reais,1 Despesa total,19824.42,19824.42
6715,1201,Despesa monetária e não monetária média mensal familiar,Reais,Unidade da Federação,26,Pernambuco,2018,Mais de 23.850 Reais,1 Despesa total,24457.06,24457.06
6715,1201,Despesa monetária e não monetária média mensal familiar,Reais,Unidade da Federação,27,Alagoas,2018,Mais de 23.850 Reais,1 Despesa total,27512.17,27512.17
6715,1201,Despesa monetária e não monetária média mensal familiar,Reais,Unidade da Federação,28,Sergipe,2018,Mais de 23.850 Reais,1 Despesa total,24821.47,24821.47
6715,1201,Despesa monetária e não monetária média mensal familiar,Reais,Unidade da Federação,29,Bahia,2018,Mais de 23.850 Reais,1 Despesa total,26736.02,26736.02
6715,1201,Despesa monetária e não monetária média mensal familiar,Reais,Unidade da Federação,31,Minas Gerais,2018,Mais de 23.850 Reais,1 Despesa total,23891.78,23891.78
6715,1201,Despesa monetária e não monetária média mensal familiar,Reais,Unidade da Federação,32,Espírito Santo,2018,Mais de 23.850 Reais,1 Despesa total,22256.07,22256.07
6715,1201,Despesa monetária e não monetária média mensal familiar,Reais,Unidade da Federação,33,Rio de Janeiro,2018,Mais de 23.850 Reais,1 Despesa total,29938.35,29938.35
6715,1201,Despesa monetária e não monetária média mensal familiar,Reais,Unidade da Federação,35,São Paulo,2018,Mais de 23.850 Reais,1 Despesa total,30480.76,30480.76
6715,1201,Despesa monetária e não monetária média mensal familiar,Reais,Unidade da Federação,41,Paraná,2018,Mais de 23.850 Reais,1 Despesa total,29062.52,29062.52
6715,1201,Despesa monetária e não monetária média mensal familiar,Reais,Unidade da Federação,42,Santa Catarina,2018,Mais de 23.850 Reais,1 Despesa total,21884.45,21884.45
6715,1201,Despesa monetária e não monetária média mensal familiar,Reais,Unidade da Federação,43,Rio Grande do Sul,2018,Mais de 23.850 Reais,1 Despesa total,22039.05,22039.05
6715,1201,Despesa monetária e não monetária média mensal familiar,Reais,Unidade da Federação,50,Mato Grosso do Sul,2018,Mais de 23.850 Reais,1 Despesa total,28952.33,28952.33
6715,1201,Despesa monetária e não monetária média mensal familiar,Reais,Unidade da Federação,51,Mato Grosso,2018,Mais de 23.850 Reais,1 Despesa total,25518.71,25518.71
6715,1201,Despesa monetária e não monetária média mensal familiar,Reais,Unidade da Federação,52,Goiás,2018,Mais de 23.850 Reais,1 Despesa total,28193.52,28193.52
6715,1201,Despesa monetária e não monetária média mensal familiar,Reais,Unidade da Federação,53,Distrito Federal,2018,Mais de 23.850 Reais,1 Despesa total,31115.00,31115.0
6715,1201,Despesa monetária e não monetária média mensal familiar,Reais,Brasil,1,Brasil,2018,Mais de 23.850 Reais,2.1 Despesas de consumo,18364.67,18364.67
6715,1201,Despesa monetária e não monetária média mensal familiar,Reais,Unidade da Federação,11,Rondônia,2018,Mais de 23.850 Reais,2.1 Despesas de consumo,12321.08,12321.08
6715,1201,Despesa monetária e não monetária média mensal familiar,Reais,Unidade da Federação,12,Acre,2018,Mais de 23.850 Reais,2.1 Despesas de consumo,10495.67,10495.67
6715,1201,Despesa monetária e não monetária média mensal familiar,Reais,Unidade da Federação,13,Amazonas,2018,Mais de 23.850 Reais,2.1 Despesas de consumo,11236.07,11236.07
6715,1201,Despesa monetária e não monetária média mensal familiar,Reais,Unidade da Federação,14,Roraima,2018,Mais de 23.850 Reais,2.1 Despesas de consumo,7650.26,7650.26
6715,1201,Despesa monetária e não monetária média mensal familiar,Reais,Unidade da Federação,15,Pará,2018,Mais de 23.850 Reais,2.1 Despesas de consumo,10109.67,10109.67
6715,1201,Despesa monetária e não monetária média mensal familiar,Reais,Unidade da Federação,16,Amapá,2018,Mais de 23.850 Reais,2.1 Despesas de consumo,11550.47,11550.47
6715,1201,Despesa monetária e não monetária média mensal familiar,Reais,Unidade da Federação,17,Tocantins,2018,Mais de 23.850 Reais,2.1 Despesas de consumo,7128.21,7128.21
6715,1201,Despesa monetária e não monetária média mensal familiar,Reais,Unidade da Federação,21,Maranhão,2018,Mais de 23.850 Reais,2.1 Despesas de consumo,10661.75,10661.75
6715,1201,Despesa monetária e não monetária média mensal familiar,Reais,Unidade da Federação,22,Piauí,2018,Mais de 23.850 Reais,2.1 Despesas de consumo,13294.03,13294.03
6715,1201,Despesa monetária e não monetária média mensal familiar,Reais,Unidade da Federação,23,Ceará,2018,Mais de 23.850 Reais,2.1 Despesas de consumo,14066.15,14066.15
6715,1201,Despesa monetária e não monetária média mensal familiar,Reais,Unidade da Federação,24,Rio Grande do Norte,2018,Mais de 23.850 Reais,2.1 Despesas de consumo,22141.11,22141.11
6715,1201,Despesa monetária e não monetária média mensal familiar,Reais,Unidade da Federação,25,Paraíba,2018,Mais de 23.850 Reais,2.1 Despesas de consumo,12934.45,12934.45
6715,1201,Despesa monetária e não monetária média mensal familiar,Reais,Unidade da Federação,26,Pernambuco,2018,Mais de 23.850 Reais,2.1 Despesas de consumo,16650.48,16650.48
6715,1201,Despesa monetária e não monetária média mensal familiar,Reais,Unidade da Federação,27,Alagoas,2018,Mais de 23.850 Reais,2.1 Despesas de consumo,18131.26,18131.26
6715,1201,Despesa monetária e não monetária média mensal familiar,Reais,Unidade da Federação,28,Sergipe,2018,Mais de 23.850 Reais,2.1 Despesas de consumo,15047.90,15047.9
6715,1201,Despesa monetária e não monetária média mensal familiar,Reais,Unidade da Federação,29,Bahia,2018,Mais de 23.850 Reais,2.1 Despesas de consumo,19566.16,19566.16
6715,1201,Despesa monetária e não monetária média mensal familiar,Reais,Unidade da Federação,31,Minas Gerais,2018,Mais de 23.850 Reais,2.1 Despesas de consumo,15961.57,15961.57
6715,1201,Despesa monetária e não monetária média mensal familiar,Reais,Unidade da Federação,32,Espírito Santo,2018,Mais de 23.850 Reais,2.1 Despesas de consumo,15493.87,15493.87
6715,1201,Despesa monetária e não monetária média mensal familiar,Reais,Unidade da Federação,33,Rio de Janeiro,2018,Mais de 23.850 Reais,2.1 Despesas de consumo,18040.99,18040.99
6715,1201,Despesa monetária e não monetária média mensal familiar,Reais,Unidade da Federação,35,São Paulo,2018,Mais de 23.850 Reais,2.1 Despesas de consumo,21056.24,21056.24
6715,1201,Despesa monetária e não monetária média mensal familiar,Reais,Unidade da Federação,41,Paraná,2018,Mais de 23.850 Reais,2.1 Despesas de consumo,17369.06,17369.06
6715,1201,Despesa monetária e não monetária média mensal familiar,Reais,Unidade da Federação,42,Santa Catarina,2018,Mais de 23.850 Reais,2.1 Despesas de consumo,14501.39,14501.39
6715,1201,Despesa monetária e não monetária média mensal familiar,Reais,Unidade da Federação,43,Rio Grande do Sul,2018,Mais de 23.850 Reais,2.1 Despesas de consumo,13490.35,13490.35
6715,1201,Despesa monetária e não monetária média mensal familiar,Reais,Unidade da Federação,50,Mato Grosso do Sul,2018,Mais de 23.850 Reais,2.1 Despesas de consumo,16656.58,16656.58
6715,1201,Despesa monetária e não monetária média mensal familiar,Reais,Unidade da Federação,51,Mato Grosso,2018,Mais de 23.850 Reais,2.1 Despesas de consumo,15967.35,15967.35
6715,1201,Despesa monetária e não monetária média mensal familiar,Reais,Unidade da Federação,52,Goiás,2018,Mais de 23.850 Reais,2.1 Despesas de consumo,17897.73,17897.73
6715,1201,Despesa monetária e não monetária média mensal familiar,Reais,Unidade da Federação,53,Distrito Federal,2018,Mais de 23.850 Reais,2.1 Despesas de consumo,18918.76,18918.76
6715,1201,Despesa monetária e não monetária média mensal familiar,Reais,Brasil,1,Brasil,2018,Mais de 23.850 Reais,2.1.1 Alimentação,2105.91,2105.91
6715,1201,Despesa monetária e não monetária média mensal familiar,Reais,Unidade da Federação,11,Rondônia,2018,Mais de 23.850 Reais,2.1.1 Alimentação,1063.53,1063.53
6715,1201,Despesa monetária e não monetária média mensal familiar,Reais,Unidade da Federação,12,Acre,2018,Mais de 23.850 Reais,2.1.1 Alimentação,897.89,897.89
6715,1201,Despesa monetária e não monetária média mensal familiar,Reais,Unidade da Federação,13,Amazonas,2018,Mais de 23.850 Reais,2.1.1 Alimentação,1274.29,1274.29
6715,1201,Despesa monetária e não monetária média mensal familiar,Reais,Unidade da Federação,14,Roraima,2018,Mais de 23.850 Reais,2.1.1 Alimentação,898.32,898.32
6715,1201,Despesa monetária e não monetária média mensal familiar,Reais,Unidade da Federação,15,Pará,2018,Mais de 23.850 Reais,2.1.1 Alimentação,1760.56,1760.56
6715,1201,Despesa monetária e não monetária média mensal familiar,Reais,Unidade da Federação,16,Amapá,2018,Mais de 23.850 Reais,2.1.1 Alimentação,1491.99,1491.99
6715,1201,Despesa monetária e não monetária média mensal familiar,Reais,Unidade da Federação,17,Tocantins,2018,Mais de 23.850 Reais,2.1.1 Alimentação,709.70,709.7
6715,1201,Despesa monetária e não monetária média mensal familiar,Reais,Unidade da Federação,21,Maranhão,2018,Mais de 23.850 Reais,2.1.1 Alimentação,1356.94,1356.94
6715,1201,Despesa monetária e não monetária média mensal familiar,Reais,Unidade da Federação,22,Piauí,2018,Mais de 23.850 Reais,2.1.1 Alimentação,2601.41,2601.41
6715,1201,Despesa monetária e não monetária média mensal familiar,Reais,Unidade da Federação,23,Ceará,2018,Mais de 23.850 Reais,2.1.1 Alimentação,1588.62,1588.62
6715,1201,Despesa monetária e não monetária média mensal familiar,Reais,Unidade da Federação,24,Rio Grande do Norte,2018,Mais de 23.850 Reais,2.1.1 Alimentação,3922.65,3922.65
6715,1201,Despesa monetária e não monetária média mensal familiar,Reais,Unidade da Federação,25,Paraíba,2018,Mais de 23.850 Reais,2.1.1 Alimentação,2007.01,2007.01
6715,1201,Despesa monetária e não monetária média mensal familiar,Reais,Unidade da Federação,26,Pernambuco,2018,Mais de 23.850 Reais,2.1.1 Alimentação,2106.02,2106.02
6715,1201,Despesa monetária e não monetária média mensal familiar,Reais,Unidade da Federação,27,Alagoas,2018,Mais de 23.850 Reais,2.1.1 Alimentação,1814.49,1814.49
6715,1201,Despesa monetária e não monetária média mensal familiar,Reais,Unidade da Federação,28,Sergipe,2018,Mais de 23.850 Reais,2.1.1 Alimentação,2162.40,2162.4
6715,1201,Despesa monetária e não monetária média mensal familiar,Reais,Unidade da Federação,29,Bahia,2018,Mais de 23.850 Reais,2.1.1 Alimentação,2587.56,2587.56
6715,1201,Despesa monetária e não monetária média mensal familiar,Reais,Unidade da Federação,31,Minas Gerais,2018,Mais de 23.850 Reais,2.1.1 Alimentação,2111.32,2111.32
6715,1201,Despesa monetária e não monetária média mensal familiar,Reais,Unidade da Federação,32,Espírito Santo,2018,Mais de 23.850 Reais,2.1.1 Alimentação,1516.07,1516.07
6715,1201,Despesa monetária e não monetária média mensal familiar,Reais,Unidade da Federação,33,Rio de Janeiro,2018,Mais de 23.850 Reais,2.1.1 Alimentação,2267.87,2267.87
6715,1201,Despesa monetária e não monetária média mensal familiar,Reais,Unidade da Federação,35,São Paulo,2018,Mais de 23.850 Reais,2.1.1 Alimentação,2217.69,2217.69
6715,1201,Despesa monetária e não monetária média mensal familiar,Reais,Unidade da Federação,41,Paraná,2018,Mais de 23.850 Reais,2.1.1 Alimentação,2062.82,2062.82
6715,1201,Despesa monetária e não monetária média mensal familiar,Reais,Unidade da Federação,42,Santa Catarina,2018,Mais de 23.850 Reais,2.1.1 Alimentação,1609.41,1609.41
6715,1201,Despesa monetária e não monetária média mensal familiar,Reais,Unidade da Federação,43,Rio Grande do Sul,2018,Mais de 23.850 Reais,2.1.1 Alimentação,2063.73,2063.73
6715,1201,Despesa monetária e não monetária média mensal familiar,Reais,Unidade da Federação,50,Mato Grosso do Sul,2018,Mais de 23.850 Reais,2.1.1 Alimentação,1759.50,1759.5
6715,1201,Despesa monetária e não monetária média mensal familiar,Reais,Unidade da Federação,51,Mato Grosso,2018,Mais de 23.850 Reais,2.1.1 Alimentação,2233.34,2233.34
6715,1201,Despesa monetária e não monetária média mensal familiar,Reais,Unidade da Federação,52,Goiás,2018,Mais de 23.850 Reais,2.1.1 Alimentação,1887.61,1887.61
6715,1201,Despesa monetária e não monetária média mensal familiar,Reais,Unidade da Federação,53,Distrito Federal,2018,Mais de 23.850 Reais,2.1.1 Alimentação,1813.31,1813.31
6715,1201,Despesa monetária e não monetária média mensal familiar,Reais,Brasil,1,Brasil,2018,Mais de 23.850 Reais,2.1.8 Recreação e cultura,642.21,642.21
6715,1201,Despesa monetária e não monetária média mensal familiar,Reais,Unidade da Federação,11,Rondônia,2018,Mais de 23.850 Reais,2.1.8 Recreação e cultura,926.01,926.01
6715,1201,Despesa monetária e não monetária média mensal familiar,Reais,Unidade da Federação,12,Acre,2018,Mais de 23.850 Reais,2.1.8 Recreação e cultura,133.62,133.62
6715,1201,Despesa monetária e não monetária média mensal familiar,Reais,Unidade da Federação,13,Amazonas,2018,Mais de 23.850 Reais,2.1.8 Recreação e cultura,269.21,269.21
6715,1201,Despesa monetária e não monetária média mensal familiar,Reais,Unidade da Federação,14,Roraima,2018,Mais de 23.850 Reais,2.1.8 Recreação e cultura,112.84,112.84
6715,1201,Despesa monetária e não monetária média mensal familiar,Reais,Unidade da Federação,15,Pará,2018,Mais de 23.850 Reais,2.1.8 Recreação e cultura,85.08,85.08
6715,1201,Despesa monetária e não monetária média mensal familiar,Reais,Unidade da Federação,16,Amapá,2018,Mais de 23.850 Reais,2.1.8 Recreação e cultura,326.33,326.33
6715,1201,Despesa monetária e não monetária média mensal familiar,Reais,Unidade da Federação,17,Tocantins,2018,Mais de 23.850 Reais,2.1.8 Recreação e cultura,100.78,100.78
6715,1201,Despesa monetária e não monetária média mensal familiar,Reais,Unidade da Federação,21,Maranhão,2018,Mais de 23.850 Reais,2.1.8 Recreação e cultura,464.41,464.41
6715,1201,Despesa monetária e não monetária média mensal familiar,Reais,Unidade da Federação,22,Piauí,2018,Mais de 23.850 Reais,2.1.8 Recreação e cultura,291.02,291.02
6715,1201,Despesa monetária e não monetária média mensal familiar,Reais,Unidade da Federação,23,Ceará,2018,Mais de 23.850 Reais,2.1.8 Recreação e cultura,731.08,731.08
6715,1201,Despesa monetária e não monetária média mensal familiar,Reais,Unidade da Federação,24,Rio Grande do Norte,2018,Mais de 23.850 Reais,2.1.8 Recreação e cultura,676.44,676.44
6715,1201,Despesa monetária e não monetária média mensal familiar,Reais,Unidade da Federação,25,Paraíba,2018,Mais de 23.850 Reais,2.1.8 Recreação e cultura,850.29,850.29
6715,1201,Despesa monetária e não monetária média mensal familiar,Reais,Unidade da Federação,26,Pernambuco,2018,Mais de 23.850 Reais,2.1.8 Recreação e cultura,678.43,678.43
6715,1201,Despesa monetária e não monetária média mensal familiar,Reais,Unidade da Federação,27,Alagoas,2018,Mais de 23.850 Reais,2.1.8 Recreação e cultura,518.66,518.66
6715,1201,Despesa monetária e não monetária média mensal familiar,Reais,Unidade da Federação,28,Sergipe,2018,Mais de 23.850 Reais,2.1.8 Recreação e cultura,396.64,396.64
6715,1201,Despesa monetária e não monetária média mensal familiar,Reais,Unidade da Federação,29,Bahia,2018,Mais de 23.850 Reais,2.1.8 Recreação e cultura,686.23,686.23
6715,1201,Despesa monetária e não monetária média mensal familiar,Reais,Unidade da Federação,31,Minas Gerais,2018,Mais de 23.850 Reais,2.1.8 Recreação e cultura,538.50,538.5
6715,1201,Despesa monetária e não monetária média mensal familiar,Reais,Unidade da Federação,32,Espírito Santo,2018,Mais de 23.850 Reais,2.1.8 Recreação e cultura,462.23,462.23
6715,1201,Despesa monetária e não monetária média mensal familiar,Reais,Unidade da Federação,33,Rio de Janeiro,2018,Mais de 23.850 Reais,2.1.8 Recreação e cultura,941.16,941.16
6715,1201,Despesa monetária e não monetária média mensal familiar,Reais,Unidade da Federação,35,São Paulo,2018,Mais de 23.850 Reais,2.1.8 Recreação e cultura,652.47,652.47
6715,1201,Despesa monetária e não monetária média mensal familiar,Reais,Unidade da Federação,41,Paraná,2018,Mais de 23.850 Reais,2.1.8 Recreação e cultura,823.59,823.59
6715,1201,Despesa monetária e não monetária média mensal familiar,Reais,Unidade da Federação,42,Santa Catarina,2018,Mais de 23.850 Reais,2.1.8 Recreação e cultura,460.91,460.91
6715,1201,Despesa monetária e não monetária média mensal familiar,Reais,Unidade da Federação,43,Rio Grande do Sul,2018,Mais de 23.850 Reais,2.1.8 Recreação e cultura,384.26,384.26
6715,1201,Despesa monetária e não monetária média mensal familiar,Reais,Unidade da Federação,50,Mato Grosso do Sul,2018,Mais de 23.850 Reais,2.1.8 Recreação e cultura,399.73,399.73
6715,1201,Despesa monetária e não monetária média mensal familiar,Reais,Unidade da Federação,51,Mato Grosso,2018,Mais de 23.850 Reais,2.1.8 Recreação e cultura,313.62,313.62
6715,1201,Despesa monetária e não monetária média mensal familiar,Reais,Unidade da Federação,52,Goiás,2018,Mais de 23.850 Reais,2.1.8 Recreação e cultura,638.63,638.63
6715,1201,Despesa monetária e não monetária média mensal familiar,Reais,Unidade da Federação,53,Distrito Federal,2018,Mais de 23.850 Reais,2.1.8 Recreação e cultura,805.53,805.53
6715,1201,Despesa monetária e não monetária média mensal familiar,Reais,Brasil,1,Brasil,2018,Mais de 23.850 Reais,2.1.8.4 Recreações e esportes,155.75,155.75
6715,1201,Despesa monetária e não monetária média mensal familiar,Reais,Unidade da Federação,11,Rondônia,2018,Mais de 23.850 Reais,2.1.8.4 Recreações e esportes,173.92,173.92
6715,1201,Despesa monetária e não monetária média mensal familiar,Reais,Unidade da Federação,12,Acre,2018,Mais de 23.850 Reais,2.1.8.4 Recreações e esportes,42.25,42.25
6715,1201,Despesa monetária e não monetária média mensal familiar,Reais,Unidade da Federação,13,Amazonas,2018,Mais de 23.850 Reais,2.1.8.4 Recreações e esportes,73.15,73.15
6715,1201,Despesa monetária e não monetária média mensal familiar,Reais,Unidade da Federação,14,Roraima,2018,Mais de 23.850 Reais,2.1.8.4 Recreações e esportes,22.30,22.3
6715,1201,Despesa monetária e não monetária média mensal familiar,Reais,Unidade da Federação,15,Pará,2018,Mais de 23.850 Reais,2.1.8.4 Recreações e esportes,-,0.0
6715,1201,Despesa monetária e não monetária média mensal familiar,Reais,Unidade da Federação,16,Amapá,2018,Mais de 23.850 Reais,2.1.8.4 Recreações e esportes,110.10,110.1
6715,1201,Despesa monetária e não monetária média mensal familiar,Reais,Unidade da Federação,17,Tocantins,2018,Mais de 23.850 Reais,2.1.8.4 Recreações e esportes,14.23,14.23
6715,1201,Despesa monetária e não monetária média mensal familiar,Reais,Unidade da Federação,21,Maranhão,2018,Mais de 23.850 Reais,2.1.8.4 Recreações e esportes,40.67,40.67
6715,1201,Despesa monetária e não monetária média mensal familiar,Reais,Unidade da Federação,22,Piauí,2018,Mais de 23.850 Reais,2.1.8.4 Recreações e esportes,70.26,70.26
6715,1201,Despesa monetária e não monetária média mensal familiar,Reais,Unidade da Federação,23,Ceará,2018,Mais de 23.850 Reais,2.1.8.4 Recreações e esportes,31.33,31.33
6715,1201,Despesa monetária e não monetária média mensal familiar,Reais,Unidade da Federação,24,Rio Grande do Norte,2018,Mais de 23.850 Reais,2.1.8.4 Recreações e esportes,153.13,153.13
6715,1201,Despesa monetária e não monetária média mensal familiar,Reais,Unidade da Federação,25,Paraíba,2018,Mais de 23.850 Reais,2.1.8.4 Recreações e esportes,161.36,161.36
6715,1201,Despesa monetária e não monetária média mensal familiar,Reais,Unidade da Federação,26,Pernambuco,2018,Mais de 23.850 Reais,2.1.8.4 Recreações e esportes,157.07,157.07
6715,1201,Despesa monetária e não monetária média mensal familiar,Reais,Unidade da Federação,27,Alagoas,2018,Mais de 23.850 Reais,2.1.8.4 Recreações e esportes,65.66,65.66
6715,1201,Despesa monetária e não monetária média mensal familiar,Reais,Unidade da Federação,28,Sergipe,2018,Mais de 23.850 Reais,2.1.8.4 Recreações e esportes,65.34,65.34
6715,1201,Despesa monetária e não monetária média mensal familiar,Reais,Unidade da Federação,29,Bahia,2018,Mais de 23.850 Reais,2.1.8.4 Recreações e esportes,168.84,168.84
6715,1201,Despesa monetária e não monetária média mensal familiar,Reais,Unidade da Federação,31,Minas Gerais,2018,Mais de 23.850 Reais,2.1.8.4 Recreações e esportes,150.30,150.3
6715,1201,Despesa monetária e não monetária média mensal familiar,Reais,Unidade da Federação,32,Espírito Santo,2018,Mais de 23.850 Reais,2.1.8.4 Recreações e esportes,102.40,102.4
6715,1201,Despesa monetária e não monetária média mensal familiar,Reais,Unidade da Federação,33,Rio de Janeiro,2018,Mais de 23.850 Reais,2.1.8.4 Recreações e esportes,311.03,311.03
6715,1201,Despesa monetária e não monetária média mensal familiar,Reais,Unidade da Federação,35,São Paulo,2018,Mais de 23.850 Reais,2.1.8.4 Recreações e esportes,173.11,173.11
6715,1201,Despesa monetária e não monetária média mensal familiar,Reais,Unidade da Federação,41,Paraná,2018,Mais de 23.850 Reais,2.1.8.4 Recreações e esportes,117.80,117.8
6715,1201,Despesa monetária e não monetária média mensal familiar,Reais,Unidade da Federação,42,Santa Catarina,2018,Mais de 23.850 Reais,2.1.8.4 Recreações e esportes,69.63,69.63
6715,1201,Despesa monetária e não monetária média mensal familiar,Reais,Unidade da Federação,43,Rio Grande do Sul,2018,Mais de 23.850 Reais,2.1.8.4 Recreações e esportes,84.07,84.07
6715,1201,Despesa monetária e não monetária média mensal familiar,Reais,Unidade da Federação,50,Mato Grosso do Sul,2018,Mais de 23.850 Reais,2.1.8.4 Recreações e esportes,77.35,77.35
6715,1201,Despesa monetária e não monetária média mensal familiar,Reais,Unidade da Federação,51,Mato Grosso,2018,Mais de 23.850 Reais,2.1.8.4 Recreações e esportes,92.05,92.05
6715,1201,Despesa monetária e não monetária média mensal familiar,Reais,Unidade da Federação,52,Goiás,2018,Mais de 23.850 Reais,2.1.8.4 Recreações e esportes,91.19,91.19
6715,1201,Despesa monetária e não monetária média mensal familiar,Reais,Unidade da Federação,53,Distrito Federal,2018,Mais de 23.850 Reais,2.1.8.4 Recreações e esportes,168.61,168.61
6715,1204,Distribuição da despesa monetária e não monetária média mensal familiar,%,Brasil,1,Brasil,2018,Total,1 Despesa total,100.0,100.0
6715,1204,Distribuição da despesa monetária e não monetária média mensal familiar,%,Unidade da Federação,11,Rondônia,2018,Total,1 Despesa total,100.0,100.0
6715,1204,Distribuição da despesa monetária e não monetária média mensal familiar,%,Unidade da Federação,12,Acre,2018,Total,1 Despesa total,100.0,100.0
6715,1204,Distribuição da despesa monetária e não monetária média mensal familiar,%,Unidade da Federação,13,Amazonas,2018,Total,1 Despesa total,100.0,100.0
6715,1204,Distribuição da despesa monetária e não monetária média mensal familiar,%,Unidade da Federação,14,Roraima,2018,Total,1 Despesa total,100.0,100.0
6715,1204,Distribuição da despesa monetária e não monetária média mensal familiar,%,Unidade da Federação,15,Pará,2018,Total,1 Despesa total,100.0,100.0
6715,1204,Distribuição da despesa monetária e não monetária média mensal familiar,%,Unidade da Federação,16,Amapá,2018,Total,1 Despesa total,100.0,100.0
6715,1204,Distribuição da despesa monetária e não monetária média mensal familiar,%,Unidade da Federação,17,Tocantins,2018,Total,1 Despesa total,100.0,100.0
6715,1204,Distribuição da despesa monetária e não monetária média mensal familiar,%,Unidade da Federação,21,Maranhão,2018,Total,1 Despesa total,100.0,100.0
6715,1204,Distribuição da despesa monetária e não monetária média mensal familiar,%,Unidade da Federação,22,Piauí,2018,Total,1 Despesa total,100.0,100.0
6715,1204,Distribuição da despesa monetária e não monetária média mensal familiar,%,Unidade da Federação,23,Ceará,2018,Total,1 Despesa total,100.0,100.0
6715,1204,Distribuição da despesa monetária e não monetária média mensal familiar,%,Unidade da Federação,24,Rio Grande do Norte,2018,Total,1 Despesa total,100.0,100.0
6715,1204,Distribuição da despesa monetária e não monetária média mensal familiar,%,Unidade da Federação,25,Paraíba,2018,Total,1 Despesa total,100.0,100.0
6715,1204,Distribuição da despesa monetária e não monetária média mensal familiar,%,Unidade da Federação,26,Pernambuco,2018,Total,1 Despesa total,100.0,100.0
6715,1204,Distribuição da despesa monetária e não monetária média mensal familiar,%,Unidade da Federação,27,Alagoas,2018,Total,1 Despesa total,100.0,100.0
6715,1204,Distribuição da despesa monetária e não monetária média mensal familiar,%,Unidade da Federação,28,Sergipe,2018,Total,1 Despesa total,100.0,100.0
6715,1204,Distribuição da despesa monetária e não monetária média mensal familiar,%,Unidade da Federação,29,Bahia,2018,Total,1 Despesa total,100.0,100.0
6715,1204,Distribuição da despesa monetária e não monetária média mensal familiar,%,Unidade da Federação,31,Minas Gerais,2018,Total,1 Despesa total,100.0,100.0
6715,1204,Distribuição da despesa monetária e não monetária média mensal familiar,%,Unidade da Federação,32,Espírito Santo,2018,Total,1 Despesa total,100.0,100.0
6715,1204,Distribuição da despesa monetária e não monetária média mensal familiar,%,Unidade da Federação,33,Rio de Janeiro,2018,Total,1 Despesa total,100.0,100.0
6715,1204,Distribuição da despesa monetária e não monetária média mensal familiar,%,Unidade da Federação,35,São Paulo,2018,Total,1 Despesa total,100.0,100.0
6715,1204,Distribuição da despesa monetária e não monetária média mensal familiar,%,Unidade da Federação,41,Paraná,2018,Total,1 Despesa total,100.0,100.0
6715,1204,Distribuição da despesa monetária e não monetária média mensal familiar,%,Unidade da Federação,42,Santa Catarina,2018,Total,1 Despesa total,100.0,100.0
6715,1204,Distribuição da despesa monetária e não monetária média mensal familiar,%,Unidade da Federação,43,Rio Grande do Sul,2018,Total,1 Despesa total,100.0,100.0
6715,1204,Distribuição da despesa monetária e não monetária média mensal familiar,%,Unidade da Federação,50,Mato Grosso do Sul,2018,Total,1 Despesa total,100.0,100.0
6715,1204,Distribuição da despesa monetária e não monetária média mensal familiar,%,Unidade da Federação,51,Mato Grosso,2018,Total,1 Despesa total,100.0,100.0
6715,1204,Distribuição da despesa monetária e não monetária média mensal familiar,%,Unidade da Federação,52,Goiás,2018,Total,1 Despesa total,100.0,100.0
6715,1204,Distribuição da despesa monetária e não monetária média mensal familiar,%,Unidade da Federação,53,Distrito Federal,2018,Total,1 Despesa total,100.0,100.0
6715,1204,Distribuição da despesa monetária e não monetária média mensal familiar,%,Brasil,1,Brasil,2018,Total,2.1 Despesas de consumo,81.0,81.0
6715,1204,Distribuição da despesa monetária e não monetária média mensal familiar,%,Unidade da Federação,11,Rondônia,2018,Total,2.1 Despesas de consumo,81.3,81.3
6715,1204,Distribuição da despesa monetária e não monetária média mensal familiar,%,Unidade da Federação,12,Acre,2018,Total,2.1 Despesas de consumo,79.3,79.3
6715,1204,Distribuição da despesa monetária e não monetária média mensal familiar,%,Unidade da Federação,13,Amazonas,2018,Total,2.1 Despesas de consumo,83.8,83.8
6715,1204,Distribuição da despesa monetária e não monetária média mensal familiar,%,Unidade da Federação,14,Roraima,2018,Total,2.1 Despesas de consumo,80.7,80.7
6715,1204,Distribuição da despesa monetária e não monetária média mensal familiar,%,Unidade da Federação,15,Pará,2018,Total,2.1 Despesas de consumo,83.7,83.7
6715,1204,Distribuição da despesa monetária e não monetária média mensal familiar,%,Unidade da Federação,16,Amapá,2018,Total,2.1 Despesas de consumo,81.2,81.2
6715,1204,Distribuição da despesa monetária e não monetária média mensal familiar,%,Unidade da Federação,17,Tocantins,2018,Total,2.1 Despesas de consumo,83.8,83.8
6715,1204,Distribuição da despesa monetária e não monetária média mensal familiar,%,Unidade da Federação,21,Maranhão,2018,Total,2.1 Despesas de consumo,85.0,85.0
6715,1204,Distribuição da despesa monetária e não monetária média mensal familiar,%,Unidade da Federação,22,Piauí,2018,Total,2.1 Despesas de consumo,85.5,85.5
6715,1204,Distribuição da despesa monetária e não monetária média mensal familiar,%,Unidade da Federação,23,Ceará,2018,Total,2.1 Despesas de consumo,83.9,83.9
6715,1204,Distribuição da despesa monetária e não monetária média mensal familiar,%,Unidade da Federação,24,Rio Grande do Norte,2018,Total,2.1 Despesas de consumo,85.3,85.3
6715,1204,Distribuição da despesa monetária e não monetária média mensal familiar,%,Unidade da Federação,25,Paraíba,2018,Total,2.1 Despesas de consumo,81.2,81.2
6715,1204,Distribuição da despesa monetária e não monetária média mensal familiar,%,Unidade da Federação,26,Pernambuco,2018,Total,2.1 Despesas de consumo,83.9,83.9
6715,1204,Distribuição da despesa monetária e não monetária média mensal familiar,%,Unidade da Federação,27,Alagoas,2018,Total,2.1 Despesas de consumo,83.5,83.5
6715,1204,Distribuição da despesa monetária e não monetária média mensal familiar,%,Unidade da Federação,28,Sergipe,2018,Total,2.1 Despesas de consumo,83.5,83.5
6715,1204,Distribuição da despesa monetária e não monetária média mensal familiar,%,Unidade da Federação,29,Bahia,2018,Total,2.1 Despesas de consumo,84.9,84.9
6715,1204,Distribuição da despesa monetária e não monetária média mensal familiar,%,Unidade da Federação,31,Minas Gerais,2018,Total,2.1 Despesas de consumo,82.8,82.8
6715,1204,Distribuição da despesa monetária e não monetária média mensal familiar,%,Unidade da Federação,32,Espírito Santo,2018,Total,2.1 Despesas de consumo,81.3,81.3
6715,1204,Distribuição da despesa monetária e não monetária média mensal familiar,%,Unidade da Federação,33,Rio de Janeiro,2018,Total,2.1 Despesas de consumo,81.4,81.4
6715,1204,Distribuição da despesa monetária e não monetária média mensal familiar,%,Unidade da Federação,35,São Paulo,2018,Total,2.1 Despesas de consumo,80.5,80.5
6715,1204,Distribuição da despesa monetária e não monetária média mensal familiar,%,Unidade da Federação,41,Paraná,2018,Total,2.1 Despesas de consumo,75.5,75.5
6715,1204,Distribuição da despesa monetária e não monetária média mensal familiar,%,Unidade da Federação,42,Santa Catarina,2018,Total,2.1 Despesas de consumo,82.9,82.9
6715,1204,Distribuição da despesa monetária e não monetária média mensal familiar,%,Unidade da Federação,43,Rio Grande do Sul,2018,Total,2.1 Despesas de consumo,80.3,80.3
6715,1204,Distribuição da despesa monetária e não monetária média mensal familiar,%,Unidade da Federação,50,Mato Grosso do Sul,2018,Total,2.1 Despesas de consumo,80.3,80.3
6715,1204,Distribuição da despesa monetária e não monetária média mensal familiar,%,Unidade da Federação,51,Mato Grosso,2018,Total,2.1 Despesas de consumo,80.8,80.8
6715,1204,Distribuição da despesa monetária e não monetária média mensal familiar,%,Unidade da Federação,52,Goiás,2018,Total,2.1 Despesas de consumo,77.5,77.5
6715,1204,Distribuição da despesa monetária e não monetária média mensal familiar,%,Unidade da Federação,53,Distrito Federal,2018,Total,2.1 Despesas de consumo,70.8,70.8
6715,1204,Distribuição da despesa monetária e não monetária média mensal familiar,%,Brasil,1,Brasil,2018,Total,2.1.1 Alimentação,14.2,14.2
6715,1204,Distribuição da despesa monetária e não monetária média mensal familiar,%,Unidade da Federação,11,Rondônia,2018,Total,2.1.1 Alimentação,12.2,12.2
6715,1204,Distribuição da despesa monetária e não monetária média mensal familiar,%,Unidade da Federação,12,Acre,2018,Total,2.1.1 Alimentação,17.5,17.5
6715,1204,Distribuição da despesa monetária e não monetária média mensal familiar,%,Unidade da Federação,13,Amazonas,2018,Total,2.1.1 Alimentação,17.3,17.3
6715,1204,Distribuição da despesa monetária e não monetária média mensal familiar,%,Unidade da Federação,14,Roraima,2018,Total,2.1.1 Alimentação,16.3,16.3
6715,1204,Distribuição da despesa monetária e não monetária média mensal familiar,%,Unidade da Federação,15,Pará,2018,Total,2.1.1 Alimentação,19.5,19.5
6715,1204,Distribuição da despesa monetária e não monetária média mensal familiar,%,Unidade da Federação,16,Amapá,2018,Total,2.1.1 Alimentação,20.1,20.1
6715,1204,Distribuição da despesa monetária e não monetária média mensal familiar,%,Unidade da Federação,17,Tocantins,2018,Total,2.1.1 Alimentação,11.5,11.5
6715,1204,Distribuição da despesa monetária e não monetária média mensal familiar,%,Unidade da Federação,21,Maranhão,2018,Total,2.1.1 Alimentação,19.0,19.0
6715,1204,Distribuição da despesa monetária e não monetária média mensal familiar,%,Unidade da Federação,22,Piauí,2018,Total,2.1.1 Alimentação,22.8,22.8
6715,1204,Distribuição da despesa monetária e não monetária média mensal familiar,%,Unidade da Federação,23,Ceará,2018,Total,2.1.1 Alimentação,18.6,18.6
6715,1204,Distribuição da despesa monetária e não monetária média mensal familiar,%,Unidade da Federação,24,Rio Grande do Norte,2018,Total,2.1.1 Alimentação,21.0,21.0
6715,1204,Distribuição da despesa monetária e não monetária média mensal familiar,%,Unidade da Federação,25,Paraíba,2018,Total,2.1.1 Alimentação,17.1,17.1
6715,1204,Distribuição da despesa monetária e não monetária média mensal familiar,%,Unidade da Federação,26,Pernambuco,2018,Total,2.1.1 Alimentação,17.1,17.1
6715,1204,Distribuição da despesa monetária e não monetária média mensal familiar,%,Unidade da Federação,27,Alagoas,2018,Total,2.1.1 Alimentação,16.2,16.2
6715,1204,Distribuição da despesa monetária e não monetária média mensal familiar,%,Unidade da Federação,28,Sergipe,2018,Total,2.1.1 Alimentação,20.3,20.3
6715,1204,Distribuição da despesa monetária e não monetária média mensal familiar,%,Unidade da Federação,29,Bahia,2018,Total,2.1.1 Alimentação,18.3,18.3
6715,1204,Distribuição da despesa monetária e não monetária média mensal familiar,%,Unidade da Federação,31,Minas Gerais,2018,Total,2.1.1 Alimentação,15.7,15.7
6715,1204,Distribuição da despesa monetária e não monetária média mensal familiar,%,Unidade da Federação,32,Espírito Santo,2018,Total,2.1.1 Alimentação,11.5,11.5
6715,1204,Distribuição da despesa monetária e não monetária média mensal familiar,%,Unidade da Federação,33,Rio de Janeiro,2018,Total,2.1.1 Alimentação,12.9,12.9
6715,1204,Distribuição da despesa monetária e não monetária média mensal familiar,%,Unidade da Federação,35,São Paulo,2018,Total,2.1.1 Alimentação,11.9,11.9
6715,1204,Distribuição da despesa monetária e não monetária média mensal familiar,%,Unidade da Federação,41,Paraná,2018,Total,2.1.1 Alimentação,12.5,12.5
6715,1204,Distribuição da despesa monetária e não monetária média mensal familiar,%,Unidade da Federação,42,Santa Catarina,2018,Total,2.1.1 Alimentação,14.2,14.2
6715,1204,Distribuição da despesa monetária e não monetária média mensal familiar,%,Unidade da Federação,43,Rio Grande do Sul,2018,Total,2.1.1 Alimentação,14.2,14.2
6715,1204,Distribuição da despesa monetária e não monetária média mensal familiar,%,Unidade da Federação,50,Mato Grosso do Sul,2018,Total,2.1.1 Alimentação,16.4,16.4
6715,1204,Distribuição da despesa monetária e não monetária média mensal familiar,%,Unidade da Federação,51,Mato Grosso,2018,Total,2.1.1 Alimentação,14.9,14.9
6715,1204,Distribuição da despesa monetária e não monetária média mensal familiar,%,Unidade da Federação,52,Goiás,2018,Total,2.1.1 Alimentação,13.4,13.4
6715,1204,Distribuição da despesa monetária e não monetária média mensal familiar,%,Unidade da Federação,53,Distrito Federal,2018,Total,2.1.1 Alimentação,8.9,8.9
6715,1204,Distribuição da despesa monetária e não monetária média mensal familiar,%,Brasil,1,Brasil,2018,Total,2.1.8 Recreação e cultura,2.1,2.1
6715,1204,Distribuição da despesa monetária e não monetária média mensal familiar,%,Unidade da Federação,11,Rondônia,2018,Total,2.1.8 Recreação e cultura,2.5,2.5
6715,1204,Distribuição da despesa monetária e não monetária média mensal familiar,%,Unidade da Federação,12,Acre,2018,Total,2.1.8 Recreação e cultura,1.9,1.9
6715,1204,Distribuição da despesa monetária e não monetária média mensal familiar,%,Unidade da Federação,13,Amazonas,2018,Total,2.1.8 Recreação e cultura,2.3,2.3
6715,1204,Distribuição da despesa monetária e não monetária média mensal familiar,%,Unidade da Federação,14,Roraima,2018,Total,2.1.8 Recreação e cultura,1.6,1.6
6715,1204,Distribuição da despesa monetária e não monetária média mensal familiar,%,Unidade da Federação,15,Pará,2018,Total,2.1.8 Recreação e cultura,2.0,2.0
6715,1204,Distribuição da despesa monetária e não monetária média mensal familiar,%,Unidade da Federação,16,Amapá,2018,Total,2.1.8 Recreação e cultura,1.9,1.9
6715,1204,Distribuição da despesa monetária e não monetária média mensal familiar,%,Unidade da Federação,17,Tocantins,2018,Total,2.1.8 Recreação e cultura,2.1,2.1
6715,1204,Distribuição da despesa monetária e não monetária média mensal familiar,%,Unidade da Federação,21,Maranhão,2018,Total,2.1.8 Recreação e cultura,2.4,2.4
6715,1204,Distribuição da despesa monetária e não monetária média mensal familiar,%,Unidade da Federação,22,Piauí,2018,Total,2.1.8 Recreação e cultura,1.2,1.2
6715,1204,Distribuição da despesa monetária e não monetária média mensal familiar,%,Unidade da Federação,23,Ceará,2018,Total,2.1.8 Recreação e cultura,1.9,1.9
6715,1204,Distribuição da despesa monetária e não monetária média mensal familiar,%,Unidade da Federação,24,Rio Grande do Norte,2018,Total,2.1.8 Recreação e cultura,2.3,2.3
6715,1204,Distribuição da despesa monetária e não monetária média mensal familiar,%,Unidade da Federação,25,Paraíba,2018,Total,2.1.8 Recreação e cultura,2.6,2.6
6715,1204,Distribuição da despesa monetária e não monetária média mensal familiar,%,Unidade da Federação,26,Pernambuco,2018,Total,2.1.8 Recreação e cultura,2.1,2.1
6715,1204,Distribuição da despesa monetária e não monetária média mensal familiar,%,Unidade da Federação,27,Alagoas,2018,Total,2.1.8 Recreação e cultura,2.0,2.0
6715,1204,Distribuição da despesa monetária e não monetária média mensal familiar,%,Unidade da Federação,28,Sergipe,2018,Total,2.1.8 Recreação e cultura,1.9,1.9
6715,1204,Distribuição da despesa monetária e não monetária média mensal familiar,%,Unidade da Federação,29,Bahia,2018,Total,2.1.8 Recreação e cultura,2.2,2.2
6715,1204,Distribuição da despesa monetária e não monetária média mensal familiar,%,Unidade da Federação,31,Minas Gerais,2018,Total,2.1.8 Recreação e cultura,2.2,2.2
6715,1204,Distribuição da despesa monetária e não monetária média mensal familiar,%,Unidade da Federação,32,Espírito Santo,2018,Total,2.1.8 Recreação e cultura,1.7,1.7
6715,1204,Distribuição da despesa monetária e não monetária média mensal familiar,%,Unidade da Federação,33,Rio de Janeiro,2018,Total,2.1.8 Recreação e cultura,2.4,2.4
6715,1204,Distribuição da despesa monetária e não monetária média mensal familiar,%,Unidade da Federação,35,São Paulo,2018,Total,2.1.8 Recreação e cultura,1.9,1.9
6715,1204,Distribuição da despesa monetária e não monetária média mensal familiar,%,Unidade da Federação,41,Paraná,2018,Total,2.1.8 Recreação e cultura,2.1,2.1
6715,1204,Distribuição da despesa monetária e não monetária média mensal familiar,%,Unidade da Federação,42,Santa Catarina,2018,Total,2.1.8 Recreação e cultura,1.9,1.9
6715,1204,Distribuição da despesa monetária e não monetária média mensal familiar,%,Unidade da Federação,43,Rio Grande do Sul,2018,Total,2.1.8 Recreação e cultura,2.2,2.2
6715,1204,Distribuição da despesa monetária e não monetária média mensal familiar,%,Unidade da Federação,50,Mato Grosso do Sul,2018,Total,2.1.8 Recreação e cultura,1.8,1.8
6715,1204,Distribuição da despesa monetária e não monetária média mensal familiar,%,Unidade da Federação,51,Mato Grosso,2018,Total,2.1.8 Recreação e cultura,1.7,1.7
6715,1204,Distribuição da despesa monetária e não monetária média mensal familiar,%,Unidade da Federação,52,Goiás,2018,Total,2.1.8 Recreação e cultura,2.0,2.0
6715,1204,Distribuição da despesa monetária e não monetária média mensal familiar,%,Unidade da Federação,53,Distrito Federal,2018,Total,2.1.8 Recreação e cultura,2.5,2.5
6715,1204,Distribuição da despesa monetária e não monetária média mensal familiar,%,Brasil,1,Brasil,2018,Total,2.1.8.4 Recreações e esportes,0.5,0.5
6715,1204,Distribuição da despesa monetária e não monetária média mensal familiar,%,Unidade da Federação,11,Rondônia,2018,Total,2.1.8.4 Recreações e esportes,0.3,0.3
6715,1204,Distribuição da despesa monetária e não monetária média mensal familiar,%,Unidade da Federação,12,Acre,2018,Total,2.1.8.4 Recreações e esportes,0.2,0.2
6715,1204,Distribuição da despesa monetária e não monetária média mensal familiar,%,Unidade da Federação,13,Amazonas,2018,Total,2.1.8.4 Recreações e esportes,0.4,0.4
6715,1204,Distribuição da despesa monetária e não monetária média mensal familiar,%,Unidade da Federação,14,Roraima,2018,Total,2.1.8.4 Recreações e esportes,0.3,0.3
6715,1204,Distribuição da despesa monetária e não monetária média mensal familiar,%,Unidade da Federação,15,Pará,2018,Total,2.1.8.4 Recreações e esportes,0.3,0.3
6715,1204,Distribuição da despesa monetária e não monetária média mensal familiar,%,Unidade da Federação,16,Amapá,2018,Total,2.1.8.4 Recreações e esportes,0.5,0.5
6715,1204,Distribuição da despesa monetária e não monetária média mensal familiar,%,Unidade da Federação,17,Tocantins,2018,Total,2.1.8.4 Recreações e esportes,0.2,0.2
6715,1204,Distribuição da despesa monetária e não monetária média mensal familiar,%,Unidade da Federação,21,Maranhão,2018,Total,2.1.8.4 Recreações e esportes,0.2,0.2
6715,1204,Distribuição da despesa monetária e não monetária média mensal familiar,%,Unidade da Federação,22,Piauí,2018,Total,2.1.8.4 Recreações e esportes,0.2,0.2
6715,1204,Distribuição da despesa monetária e não monetária média mensal familiar,%,Unidade da Federação,23,Ceará,2018,Total,2.1.8.4 Recreações e esportes,0.3,0.3
6715,1204,Distribuição da despesa monetária e não monetária média mensal familiar,%,Unidade da Federação,24,Rio Grande do Norte,2018,Total,2.1.8.4 Recreações e esportes,0.5,0.5
6715,1204,Distribuição da despesa monetária e não monetária média mensal familiar,%,Unidade da Federação,25,Paraíba,2018,Total,2.1.8.4 Recreações e esportes,0.4,0.4
6715,1204,Distribuição da despesa monetária e não monetária média mensal familiar,%,Unidade da Federação,26,Pernambuco,2018,Total,2.1.8.4 Recreações e esportes,0.4,0.4
6715,1204,Distribuição da despesa monetária e não monetária média mensal familiar,%,Unidade da Federação,27,Alagoas,2018,Total,2.1.8.4 Recreações e esportes,0.2,0.2
6715,1204,Distribuição da despesa monetária e não monetária média mensal familiar,%,Unidade da Federação,28,Sergipe,2018,Total,2.1.8.4 Recreações e esportes,0.3,0.3
6715,1204,Distribuição da despesa monetária e não monetária média mensal familiar,%,Unidade da Federação,29,Bahia,2018,Total,2.1.8.4 Recreações e esportes,0.5,0.5
6715,1204,Distribuição da despesa monetária e não monetária média mensal familiar,%,Unidade da Federação,31,Minas Gerais,2018,Total,2.1.8.4 Recreações e esportes,0.5,0.5
6715,1204,Distribuição da despesa monetária e não monetária média mensal familiar,%,Unidade da Federação,32,Espírito Santo,2018,Total,2.1.8.4 Recreações e esportes,0.3,0.3
6715,1204,Distribuição da despesa monetária e não monetária média mensal familiar,%,Unidade da Federação,33,Rio de Janeiro,2018,Total,2.1.8.4 Recreações e esportes,0.6,0.6
6715,1204,Distribuição da despesa monetária e não monetária média mensal familiar,%,Unidade da Federação,35,São Paulo,2018,Total,2.1.8.4 Recreações e esportes,0.5,0.5
6715,1204,Distribuição da despesa monetária e não monetária média mensal familiar,%,Unidade da Federação,41,Paraná,2018,Total,2.1.8.4 Recreações e esportes,0.5,0.5
6715,1204,Distribuição da despesa monetária e não monetária média mensal familiar,%,Unidade da Federação,42,Santa Catarina,2018,Total,2.1.8.4 Recreações e esportes,0.5,0.5
6715,1204,Distribuição da despesa monetária e não monetária média mensal familiar,%,Unidade da Federação,43,Rio Grande do Sul,2018,Total,2.1.8.4 Recreações e esportes,0.5,0.5
6715,1204,Distribuição da despesa monetária e não monetária média mensal familiar,%,Unidade da Federação,50,Mato Grosso do Sul,2018,Total,2.1.8.4 Recreações e esportes,0.3,0.3
6715,1204,Distribuição da despesa monetária e não monetária média mensal familiar,%,Unidade da Federação,51,Mato Grosso,2018,Total,2.1.8.4 Recreações e esportes,0.3,0.3
6715,1204,Distribuição da despesa monetária e não monetária média mensal familiar,%,Unidade da Federação,52,Goiás,2018,Total,2.1.8.4 Recreações e esportes,0.3,0.3
6715,1204,Distribuição da despesa monetária e não monetária média mensal familiar,%,Unidade da Federação,53,Distrito Federal,2018,Total,2.1.8.4 Recreações e esportes,0.5,0.5
6715,1204,Distribuição da despesa monetária e não monetária média mensal familiar,%,Brasil,1,Brasil,2018,Até 1.908 Reais,1 Despesa total,100.0,100.0
6715,1204,Distribuição da despesa monetária e não monetária média mensal familiar,%,Unidade da Federação,11,Rondônia,2018,Até 1.908 Reais,1 Despesa total,100.0,100.0
6715,1204,Distribuição da despesa monetária e não monetária média mensal familiar,%,Unidade da Federação,12,Acre,2018,Até 1.908 Reais,1 Despesa total,100.0,100.0
6715,1204,Distribuição da despesa monetária e não monetária média mensal familiar,%,Unidade da Federação,13,Amazonas,2018,Até 1.908 Reais,1 Despesa total,100.0,100.0
6715,1204,Distribuição da despesa monetária e não monetária média mensal familiar,%,Unidade da Federação,14,Roraima,2018,Até 1.908 Reais,1 Despesa total,100.0,100.0
6715,1204,Distribuição da despesa monetária e não monetária média mensal familiar,%,Unidade da Federação,15,Pará,2018,Até 1.908 Reais,1 Despesa total,100.0,100.0
6715,1204,Distribuição da despesa monetária e não monetária média mensal familiar,%,Unidade da Federação,16,Amapá,2018,Até 1.908 Reais,1 Despesa total,100.0,100.0
6715,1204,Distribuição da despesa monetária e não monetária média mensal familiar,%,Unidade da Federação,17,Tocantins,2018,Até 1.908 Reais,1 Despesa total,100.0,100.0
6715,1204,Distribuição da despesa monetária e não monetária média mensal familiar,%,Unidade da Federação,21,Maranhão,2018,Até 1.908 Reais,1 Despesa total,100.0,100.0
6715,1204,Distribuição da despesa monetária e não monetária média mensal familiar,%,Unidade da Federação,22,Piauí,2018,Até 1.908 Reais,1 Despesa total,100.0,100.0
6715,1204,Distribuição da despesa monetária e não monetária média mensal familiar,%,Unidade da Federação,23,Ceará,2018,Até 1.908 Reais,1 Despesa total,100.0,100.0
6715,1204,Distribuição da despesa monetária e não monetária média mensal familiar,%,Unidade da Federação,24,Rio Grande do Norte,2018,Até 1.908 Reais,1 Despesa total,100.0,100.0
6715,1204,Distribuição da despesa monetária e não monetária média mensal familiar,%,Unidade da Federação,25,Paraíba,2018,Até 1.908 Reais,1 Despesa total,100.0,100.0
6715,1204,Distribuição da despesa monetária e não monetária média mensal familiar,%,Unidade da Federação,26,Pernambuco,2018,Até 1.908 Reais,1 Despesa total,100.0,100.0
6715,1204,Distribuição da despesa monetária e não monetária média mensal familiar,%,Unidade da Federação,27,Alagoas,2018,Até 1.908 Reais,1 Despesa total,100.0,100.0
6715,1204,Distribuição da despesa monetária e não monetária média mensal familiar,%,Unidade da Federação,28,Sergipe,2018,Até 1.908 Reais,1 Despesa total,100.0,100.0
6715,1204,Distribuição da despesa monetária e não monetária média mensal familiar,%,Unidade da Federação,29,Bahia,2018,Até 1.908 Reais,1 Despesa total,100.0,100.0
6715,1204,Distribuição da despesa monetária e não monetária média mensal familiar,%,Unidade da Federação,31,Minas Gerais,2018,Até 1.908 Reais,1 Despesa total,100.0,100.0
6715,1204,Distribuição da despesa monetária e não monetária média mensal familiar,%,Unidade da Federação,32,Espírito Santo,2018,Até 1.908 Reais,1 Despesa total,100.0,100.0
6715,1204,Distribuição da despesa monetária e não monetária média mensal familiar,%,Unidade da Federação,33,Rio de Janeiro,2018,Até 1.908 Reais,1 Despesa total,100.0,100.0
6715,1204,Distribuição da despesa monetária e não monetária média mensal familiar,%,Unidade da Federação,35,São Paulo,2018,Até 1.908 Reais,1 Despesa total,100.0,100.0
6715,1204,Distribuição da despesa monetária e não monetária média mensal familiar,%,Unidade da Federação,41,Paraná,2018,Até 1.908 Reais,1 Despesa total,100.0,100.0
6715,1204,Distribuição da despesa monetária e não monetária média mensal familiar,%,Unidade da Federação,42,Santa Catarina,2018,Até 1.908 Reais,1 Despesa total,100.0,100.0
6715,1204,Distribuição da despesa monetária e não monetária média mensal familiar,%,Unidade da Federação,43,Rio Grande do Sul,2018,Até 1.908 Reais,1 Despesa total,100.0,100.0
6715,1204,Distribuição da despesa monetária e não monetária média mensal familiar,%,Unidade da Federação,50,Mato Grosso do Sul,2018,Até 1.908 Reais,1 Despesa total,100.0,100.0
6715,1204,Distribuição da despesa monetária e não monetária média mensal familiar,%,Unidade da Federação,51,Mato Grosso,2018,Até 1.908 Reais,1 Despesa total,100.0,100.0
6715,1204,Distribuição da despesa monetária e não monetária média mensal familiar,%,Unidade da Federação,52,Goiás,2018,Até 1.908 Reais,1 Despesa total,100.0,100.0
6715,1204,Distribuição da despesa monetária e não monetária média mensal familiar,%,Unidade da Federação,53,Distrito Federal,2018,Até 1.908 Reais,1 Despesa total,100.0,100.0
6715,1204,Distribuição da despesa monetária e não monetária média mensal familiar,%,Brasil,1,Brasil,2018,Até 1.908 Reais,2.1 Despesas de consumo,92.5,92.5
6715,1204,Distribuição da despesa monetária e não monetária média mensal familiar,%,Unidade da Federação,11,Rondônia,2018,Até 1.908 Reais,2.1 Despesas de consumo,90.1,90.1
6715,1204,Distribuição da despesa monetária e não monetária média mensal familiar,%,Unidade da Federação,12,Acre,2018,Até 1.908 Reais,2.1 Despesas de consumo,91.0,91.0
6715,1204,Distribuição da despesa monetária e não monetária média mensal familiar,%,Unidade da Federação,13,Amazonas,2018,Até 1.908 Reais,2.1 Despesas de consumo,93.9,93.9
6715,1204,Distribuição da despesa monetária e não monetária média mensal familiar,%,Unidade da Federação,14,Roraima,2018,Até 1.908 Reais,2.1 Despesas de consumo,93.0,93.0
6715,1204,Distribuição da despesa monetária e não monetária média mensal familiar,%,Unidade da Federação,15,Pará,2018,Até 1.908 Reais,2.1 Despesas de consumo,93.2,93.2
6715,1204,Distribuição da despesa monetária e não monetária média mensal familiar,%,Unidade da Federação,16,Amapá,2018,Até 1.908 Reais,2.1 Despesas de consumo,94.9,94.9
6715,1204,Distribuição da despesa monetária e não monetária média mensal familiar,%,Unidade da Federação,17,Tocantins,2018,Até 1.908 Reais,2.1 Despesas de consumo,88.8,88.8
6715,1204,Distribuição da despesa monetária e não monetária média mensal familiar,%,Unidade da Federação,21,Maranhão,2018,Até 1.908 Reais,2.1 Despesas de consumo,89.3,89.3
6715,1204,Distribuição da despesa monetária e não monetária média mensal familiar,%,Unidade da Federação,22,Piauí,2018,Até 1.908 Reais,2.1 Despesas de consumo,93.6,93.6
6715,1204,Distribuição da despesa monetária e não monetária média mensal familiar,%,Unidade da Federação,23,Ceará,2018,Até 1.908 Reais,2.1 Despesas de consumo,93.0,93.0
6715,1204,Distribuição da despesa monetária e não monetária média mensal familiar,%,Unidade da Federação,24,Rio Grande do Norte,2018,Até 1.908 Reais,2.1 Despesas de consumo,93.9,93.9
6715,1204,Distribuição da despesa monetária e não monetária média mensal familiar,%,Unidade da Federação,25,Paraíba,2018,Até 1.908 Reais,2.1 Despesas de consumo,92.4,92.4
6715,1204,Distribuição da despesa monetária e não monetária média mensal familiar,%,Unidade da Federação,26,Pernambuco,2018,Até 1.908 Reais,2.1 Despesas de consumo,93.7,93.7
6715,1204,Distribuição da despesa monetária e não monetária média mensal familiar,%,Unidade da Federação,27,Alagoas,2018,Até 1.908 Reais,2.1 Despesas de consumo,91.3,91.3
6715,1204,Distribuição da despesa monetária e não monetária média mensal familiar,%,Unidade da Federação,28,Sergipe,2018,Até 1.908 Reais,2.1 Despesas de consumo,94.5,94.5
6715,1204,Distribuição da despesa monetária e não monetária média mensal familiar,%,Unidade da Federação,29,Bahia,2018,Até 1.908 Reais,2.1 Despesas de consumo,93.9,93.9
6715,1204,Distribuição da despesa monetária e não monetária média mensal familiar,%,Unidade da Federação,31,Minas Gerais,2018,Até 1.908 Reais,2.1 Despesas de consumo,92.7,92.7
6715,1204,Distribuição da despesa monetária e não monetária média mensal familiar,%,Unidade da Federação,32,Espírito Santo,2018,Até 1.908 Reais,2.1 Despesas de consumo,90.4,90.4
6715,1204,Distribuição da despesa monetária e não monetária média mensal familiar,%,Unidade da Federação,33,Rio de Janeiro,2018,Até 1.908 Reais,2.1 Despesas de consumo,92.6,92.6
6715,1204,Distribuição da despesa monetária e não monetária média mensal familiar,%,Unidade da Federação,35,São Paulo,2018,Até 1.908 Reais,2.1 Despesas de consumo,92.7,92.7
6715,1204,Distribuição da despesa monetária e não monetária média mensal familiar,%,Unidade da Federação,41,Paraná,2018,Até 1.908 Reais,2.1 Despesas de consumo,91.8,91.8
6715,1204,Distribuição da despesa monetária e não monetária média mensal familiar,%,Unidade da Federação,42,Santa Catarina,2018,Até 1.908 Reais,2.1 Despesas de consumo,93.7,93.7
6715,1204,Distribuição da despesa monetária e não monetária média mensal familiar,%,Unidade da Federação,43,Rio Grande do Sul,2018,Até 1.908 Reais,2.1 Despesas de consumo,92.2,92.2
6715,1204,Distribuição da despesa monetária e não monetária média mensal familiar,%,Unidade da Federação,50,Mato Grosso do Sul,2018,Até 1.908 Reais,2.1 Despesas de consumo,87.5,87.5
6715,1204,Distribuição da despesa monetária e não monetária média mensal familiar,%,Unidade da Federação,51,Mato Grosso,2018,Até 1.908 Reais,2.1 Despesas de consumo,91.4,91.4
6715,1204,Distribuição da despesa monetária e não monetária média mensal familiar,%,Unidade da Federação,52,Goiás,2018,Até 1.908 Reais,2.1 Despesas de consumo,90.2,90.2
6715,1204,Distribuição da despesa monetária e não monetária média mensal familiar,%,Unidade da Federação,53,Distrito Federal,2018,Até 1.908 Reais,2.1 Despesas de consumo,93.3,93.3
6715,1204,Distribuição da despesa monetária e não monetária média mensal familiar,%,Brasil,1,Brasil,2018,Até 1.908 Reais,2.1.1 Alimentação,22.0,22.0
6715,1204,Distribuição da despesa monetária e não monetária média mensal familiar,%,Unidade da Federação,11,Rondônia,2018,Até 1.908 Reais,2.1.1 Alimentação,15.3,15.3
6715,1204,Distribuição da despesa monetária e não monetária média mensal familiar,%,Unidade da Federação,12,Acre,2018,Até 1.908 Reais,2.1.1 Alimentação,27.8,27.8
6715,1204,Distribuição da despesa monetária e não monetária média mensal familiar,%,Unidade da Federação,13,Amazonas,2018,Até 1.908 Reais,2.1.1 Alimentação,26.1,26.1
6715,1204,Distribuição da despesa monetária e não monetária média mensal familiar,%,Unidade da Federação,14,Roraima,2018,Até 1.908 Reais,2.1.1 Alimentação,23.3,23.3
6715,1204,Distribuição da despesa monetária e não monetária média mensal familiar,%,Unidade da Federação,15,Pará,2018,Até 1.908 Reais,2.1.1 Alimentação,27.1,27.1
6715,1204,Distribuição da despesa monetária e não monetária média mensal familiar,%,Unidade da Federação,16,Amapá,2018,Até 1.908 Reais,2.1.1 Alimentação,32.6,32.6
6715,1204,Distribuição da despesa monetária e não monetária média mensal familiar,%,Unidade da Federação,17,Tocantins,2018,Até 1.908 Reais,2.1.1 Alimentação,13.0,13.0
6715,1204,Distribuição da despesa monetária e não monetária média mensal familiar,%,Unidade da Federação,21,Maranhão,2018,Até 1.908 Reais,2.1.1 Alimentação,23.5,23.5
6715,1204,Distribuição da despesa monetária e não monetária média mensal familiar,%,Unidade da Federação,22,Piauí,2018,Até 1.908 Reais,2.1.1 Alimentação,32.5,32.5
6715,1204,Distribuição da despesa monetária e não monetária média mensal familiar,%,Unidade da Federação,23,Ceará,2018,Até 1.908 Reais,2.1.1 Alimentação,26.4,26.4
6715,1204,Distribuição da despesa monetária e não monetária média mensal familiar,%,Unidade da Federação,24,Rio Grande do Norte,2018,Até 1.908 Reais,2.1.1 Alimentação,30.0,30.0
6715,1204,Distribuição da despesa monetária e não monetária média mensal familiar,%,Unidade da Federação,25,Paraíba,2018,Até 1.908 Reais,2.1.1 Alimentação,24.9,24.9
6715,1204,Distribuição da despesa monetária e não monetária média mensal familiar,%,Unidade da Federação,26,Pernambuco,2018,Até 1.908 Reais,2.1.1 Alimentação,25.6,25.6
6715,1204,Distribuição da despesa monetária e não monetária média mensal familiar,%,Unidade da Federação,27,Alagoas,2018,Até 1.908 Reais,2.1.1 Alimentação,22.0,22.0
6715,1204,Distribuição da despesa monetária e não monetária média mensal familiar,%,Unidade da Federação,28,Sergipe,2018,Até 1.908 Reais,2.1.1 Alimentação,29.5,29.5
6715,1204,Distribuição da despesa monetária e não monetária média mensal familiar,%,Unidade da Federação,29,Bahia,2018,Até 1.908 Reais,2.1.1 Alimentação,25.7,25.7
6715,1204,Distribuição da despesa monetária e não monetária média mensal familiar,%,Unidade da Federação,31,Minas Gerais,2018,Até 1.908 Reais,2.1.1 Alimentação,21.8,21.8
6715,1204,Distribuição da despesa monetária e não monetária média mensal familiar,%,Unidade da Federação,32,Espírito Santo,2018,Até 1.908 Reais,2.1.1 Alimentação,15.0,15.0
6715,1204,Distribuição da despesa monetária e não monetária média mensal familiar,%,Unidade da Federação,33,Rio de Janeiro,2018,Até 1.908 Reais,2.1.1 Alimentação,17.5,17.5
6715,1204,Distribuição da despesa monetária e não monetária média mensal familiar,%,Unidade da Federação,35,São Paulo,2018,Até 1.908 Reais,2.1.1 Alimentação,17.0,17.0
6715,1204,Distribuição da despesa monetária e não monetária média mensal familiar,%,Unidade da Federação,41,Paraná,2018,Até 1.908 Reais,2.1.1 Alimentação,19.0,19.0
6715,1204,Distribuição da despesa monetária e não monetária média mensal familiar,%,Unidade da Federação,42,Santa Catarina,2018,Até 1.908 Reais,2.1.1 Alimentação,19.3,19.3
6715,1204,Distribuição da despesa monetária e não monetária média mensal familiar,%,Unidade da Federação,43,Rio Grande do Sul,2018,Até 1.908 Reais,2.1.1 Alimentação,17.9,17.9
6715,1204,Distribuição da despesa monetária e não monetária média mensal familiar,%,Unidade da Federação,50,Mato Grosso do Sul,2018,Até 1.908 Reais,2.1.1 Alimentação,19.2,19.2
6715,1204,Distribuição da despesa monetária e não monetária média mensal familiar,%,Unidade da Federação,51,Mato Grosso,2018,Até 1.908 Reais,2.1.1 Alimentação,18.2,18.2
6715,1204,Distribuição da despesa monetária e não monetária média mensal familiar,%,Unidade da Federação,52,Goiás,2018,Até 1.908 Reais,2.1.1 Alimentação,16.2,16.2
6715,1204,Distribuição da despesa monetária e não monetária média mensal familiar,%,Unidade da Federação,53,Distrito Federal,2018,Até 1.908 Reais,2.1.1 Alimentação,17.5,17.5
6715,1204,Distribuição da despesa monetária e não monetária média mensal familiar,%,Brasil,1,Brasil,2018,Até 1.908 Reais,2.1.8 Recreação e cultura,1.7,1.7
6715,1204,Distribuição da despesa monetária e não monetária média mensal familiar,%,Unidade da Federação,11,Rondônia,2018,Até 1.908 Reais,2.1.8 Recreação e cultura,1.9,1.9
6715,1204,Distribuição da despesa monetária e não monetária média mensal familiar,%,Unidade da Federação,12,Acre,2018,Até 1.908 Reais,2.1.8 Recreação e cultura,1.9,1.9
6715,1204,Distribuição da despesa monetária e não monetária média mensal familiar,%,Unidade da Federação,13,Amazonas,2018,Até 1.908 Reais,2.1.8 Recreação e cultura,2.5,2.5
6715,1204,Distribuição da despesa monetária e não monetária média mensal familiar,%,Unidade da Federação,14,Roraima,2018,Até 1.908 Reais,2.1.8 Recreação e cultura,1.1,1.1
6715,1204,Distribuição da despesa monetária e não monetária média mensal familiar,%,Unidade da Federação,15,Pará,2018,Até 1.908 Reais,2.1.8 Recreação e cultura,2.1,2.1
6715,1204,Distribuição da despesa monetária e não monetária média mensal familiar,%,Unidade da Federação,16,Amapá,2018,Até 1.908 Reais,2.1.8 Recreação e cultura,1.5,1.5
6715,1204,Distribuição da despesa monetária e não monetária média mensal familiar,%,Unidade da Federação,17,Tocantins,2018,Até 1.908 Reais,2.1.8 Recreação e cultura,3.1,3.1
6715,1204,Distribuição da despesa monetária e não monetária média mensal familiar,%,Unidade da Federação,21,Maranhão,2018,Até 1.908 Reais,2.1.8 Recreação e cultura,2.2,2.2
6715,1204,Distribuição da despesa monetária e não monetária média mensal familiar,%,Unidade da Federação,22,Piauí,2018,Até 1.908 Reais,2.1.8 Recreação e cultura,0.9,0.9
6715,1204,Distribuição da despesa monetária e não monetária média mensal familiar,%,Unidade da Federação,23,Ceará,2018,Até 1.908 Reais,2.1.8 Recreação e cultura,1.3,1.3
6715,1204,Distribuição da despesa monetária e não monetária média mensal familiar,%,Unidade da Federação,24,Rio Grande do Norte,2018,Até 1.908 Reais,2.1.8 Recreação e cultura,1.3,1.3
6715,1204,Distribuição da despesa monetária e não monetária média mensal familiar,%,Unidade da Federação,25,Paraíba,2018,Até 1.908 Reais,2.1.8 Recreação e cultura,2.1,2.1
6715,1204,Distribuição da despesa monetária e não monetária média mensal familiar,%,Unidade da Federação,26,Pernambuco,2018,Até 1.908 Reais,2.1.8 Recreação e cultura,1.4,1.4
6715,1204,Distribuição da despesa monetária e não monetária média mensal familiar,%,Unidade da Federação,27,Alagoas,2018,Até 1.908 Reais,2.1.8 Recreação e cultura,2.3,2.3
6715,1204,Distribuição da despesa monetária e não monetária média mensal familiar,%,Unidade da Federação,28,Sergipe,2018,Até 1.908 Reais,2.1.8 Recreação e cultura,1.6,1.6
6715,1204,Distribuição da despesa monetária e não monetária média mensal familiar,%,Unidade da Federação,29,Bahia,2018,Até 1.908 Reais,2.1.8 Recreação e cultura,1.5,1.5
6715,1204,Distribuição da despesa monetária e não monetária média mensal familiar,%,Unidade da Federação,31,Minas Gerais,2018,Até 1.908 Reais,2.1.8 Recreação e cultura,1.7,1.7
6715,1204,Distribuição da despesa monetária e não monetária média mensal familiar,%,Unidade da Federação,32,Espírito Santo,2018,Até 1.908 Reais,2.1.8 Recreação e cultura,1.3,1.3
6715,1204,Distribuição da despesa monetária e não monetária média mensal familiar,%,Unidade da Federação,33,Rio de Janeiro,2018,Até 1.908 Reais,2.1.8 Recreação e cultura,1.6,1.6
6715,1204,Distribuição da despesa monetária e não monetária média mensal familiar,%,Unidade da Federação,35,São Paulo,2018,Até 1.908 Reais,2.1.8 Recreação e cultura,1.9,1.9
6715,1204,Distribuição da despesa monetária e não monetária média mensal familiar,%,Unidade da Federação,41,Paraná,2018,Até 1.908 Reais,2.1.8 Recreação e cultura,1.7,1.7
6715,1204,Distribuição da despesa monetária e não monetária média mensal familiar,%,Unidade da Federação,42,Santa Catarina,2018,Até 1.908 Reais,2.1.8 Recreação e cultura,1.7,1.7
6715,1204,Distribuição da despesa monetária e não monetária média mensal familiar,%,Unidade da Federação,43,Rio Grande do Sul,2018,Até 1.908 Reais,2.1.8 Recreação e cultura,1.5,1.5
6715,1204,Distribuição da despesa monetária e não monetária média mensal familiar,%,Unidade da Federação,50,Mato Grosso do Sul,2018,Até 1.908 Reais,2.1.8 Recreação e cultura,1.4,1.4
6715,1204,Distribuição da despesa monetária e não monetária média mensal familiar,%,Unidade da Federação,51,Mato Grosso,2018,Até 1.908 Reais,2.1.8 Recreação e cultura,1.6,1.6
6715,1204,Distribuição da despesa monetária e não monetária média mensal familiar,%,Unidade da Federação,52,Goiás,2018,Até 1.908 Reais,2.1.8 Recreação e cultura,1.5,1.5
6715,1204,Distribuição da despesa monetária e não monetária média mensal familiar,%,Unidade da Federação,53,Distrito Federal,2018,Até 1.908 Reais,2.1.8 Recreação e cultura,2.2,2.2
6715,1204,Distribuição da despesa monetária e não monetária média mensal familiar,%,Brasil,1,Brasil,2018,Até 1.908 Reais,2.1.8.4 Recreações e esportes,0.3,0.3
6715,1204,Distribuição da despesa monetária e não monetária média mensal familiar,%,Unidade da Federação,11,Rondônia,2018,Até 1.908 Reais,2.1.8.4 Recreações e esportes,0.1,0.1
6715,1204,Distribuição da despesa monetária e não monetária média mensal familiar,%,Unidade da Federação,12,Acre,2018,Até 1.908 Reais,2.1.8.4 Recreações e esportes,0.3,0.3
6715,1204,Distribuição da despesa monetária e não monetária média mensal familiar,%,Unidade da Federação,13,Amazonas,2018,Até 1.908 Reais,2.1.8.4 Recreações e esportes,0.4,0.4
6715,1204,Distribuição da despesa monetária e não monetária média mensal familiar,%,Unidade da Federação,14,Roraima,2018,Até 1.908 Reais,2.1.8.4 Recreações e esportes,0.3,0.3
6715,1204,Distribuição da despesa monetária e não monetária média mensal familiar,%,Unidade da Federação,15,Pará,2018,Até 1.908 Reais,2.1.8.4 Recreações e esportes,0.3,0.3
6715,1204,Distribuição da despesa monetária e não monetária média mensal familiar,%,Unidade da Federação,16,Amapá,2018,Até 1.908 Reais,2.1.8.4 Recreações e esportes,0.3,0.3
6715,1204,Distribuição da despesa monetária e não monetária média mensal familiar,%,Unidade da Federação,17,Tocantins,2018,Até 1.908 Reais,2.1.8.4 Recreações e esportes,0.2,0.2
6715,1204,Distribuição da despesa monetária e não monetária média mensal familiar,%,Unidade da Federação,21,Maranhão,2018,Até 1.908 Reais,2.1.8.4 Recreações e esportes,0.2,0.2
6715,1204,Distribuição da despesa monetária e não monetária média mensal familiar,%,Unidade da Federação,22,Piauí,2018,Até 1.908 Reais,2.1.8.4 Recreações e esportes,0.1,0.1
6715,1204,Distribuição da despesa monetária e não monetária média mensal familiar,%,Unidade da Federação,23,Ceará,2018,Até 1.908 Reais,2.1.8.4 Recreações e esportes,0.1,0.1
6715,1204,Distribuição da despesa monetária e não monetária média mensal familiar,%,Unidade da Federação,24,Rio Grande do Norte,2018,Até 1.908 Reais,2.1.8.4 Recreações e esportes,0.2,0.2
6715,1204,Distribuição da despesa monetária e não monetária média mensal familiar,%,Unidade da Federação,25,Paraíba,2018,Até 1.908 Reais,2.1.8.4 Recreações e esportes,0.1,0.1
6715,1204,Distribuição da despesa monetária e não monetária média mensal familiar,%,Unidade da Federação,26,Pernambuco,2018,Até 1.908 Reais,2.1.8.4 Recreações e esportes,0.2,0.2
6715,1204,Distribuição da despesa monetária e não monetária média mensal familiar,%,Unidade da Federação,27,Alagoas,2018,Até 1.908 Reais,2.1.8.4 Recreações e esportes,0.1,0.1
6715,1204,Distribuição da despesa monetária e não monetária média mensal familiar,%,Unidade da Federação,28,Sergipe,2018,Até 1.908 Reais,2.1.8.4 Recreações e esportes,0.2,0.2
6715,1204,Distribuição da despesa monetária e não monetária média mensal familiar,%,Unidade da Federação,29,Bahia,2018,Até 1.908 Reais,2.1.8.4 Recreações e esportes,0.1,0.1
6715,1204,Distribuição da despesa monetária e não monetária média mensal familiar,%,Unidade da Federação,31,Minas Gerais,2018,Até 1.908 Reais,2.1.8.4 Recreações e esportes,0.2,0.2
6715,1204,Distribuição da despesa monetária e não monetária média mensal familiar,%,Unidade da Federação,32,Espírito Santo,2018,Até 1.908 Reais,2.1.8.4 Recreações e esportes,0.2,0.2
6715,1204,Distribuição da despesa monetária e não monetária média mensal familiar,%,Unidade da Federação,33,Rio de Janeiro,2018,Até 1.908 Reais,2.1.8.4 Recreações e esportes,0.3,0.3
6715,1204,Distribuição da despesa monetária e não monetária média mensal familiar,%,Unidade da Federação,35,São Paulo,2018,Até 1.908 Reais,2.1.8.4 Recreações e esportes,0.5,0.5
6715,1204,Distribuição da despesa monetária e não monetária média mensal familiar,%,Unidade da Federação,41,Paraná,2018,Até 1.908 Reais,2.1.8.4 Recreações e esportes,0.2,0.2
6715,1204,Distribuição da despesa monetária e não monetária média mensal familiar,%,Unidade da Federação,42,Santa Catarina,2018,Até 1.908 Reais,2.1.8.4 Recreações e esportes,0.4,0.4
6715,1204,Distribuição da despesa monetária e não monetária média mensal familiar,%,Unidade da Federação,43,Rio Grande do Sul,2018,Até 1.908 Reais,2.1.8.4 Recreações e esportes,0.5,0.5
6715,1204,Distribuição da despesa monetária e não monetária média mensal familiar,%,Unidade da Federação,50,Mato Grosso do Sul,2018,Até 1.908 Reais,2.1.8.4 Recreações e esportes,0.1,0.1
6715,1204,Distribuição da despesa monetária e não monetária média mensal familiar,%,Unidade da Federação,51,Mato Grosso,2018,Até 1.908 Reais,2.1.8.4 Recreações e esportes,0.2,0.2
6715,1204,Distribuição da despesa monetária e não monetária média mensal familiar,%,Unidade da Federação,52,Goiás,2018,Até 1.908 Reais,2.1.8.4 Recreações e esportes,0.3,0.3
6715,1204,Distribuição da despesa monetária e não monetária média mensal familiar,%,Unidade da Federação,53,Distrito Federal,2018,Até 1.908 Reais,2.1.8.4 Recreações e esportes,0.7,0.7
6715,1204,Distribuição da despesa monetária e não monetária média mensal familiar,%,Brasil,1,Brasil,2018,Mais de 1.908 a 2.862 Reais,1 Despesa total,100.0,100.0
6715,1204,Distribuição da despesa monetária e não monetária média mensal familiar,%,Unidade da Federação,11,Rondônia,2018,Mais de 1.908 a 2.862 Reais,1 Despesa total,100.0,100.0
6715,1204,Distribuição da despesa monetária e não monetária média mensal familiar,%,Unidade da Federação,12,Acre,2018,Mais de 1.908 a 2.862 Reais,1 Despesa total,100.0,100.0
6715,1204,Distribuição da despesa monetária e não monetária média mensal familiar,%,Unidade da Federação,13,Amazonas,2018,Mais de 1.908 a 2.862 Reais,1 Despesa total,100.0,100.0
6715,1204,Distribuição da despesa monetária e não monetária média mensal familiar,%,Unidade da Federação,14,Roraima,2018,Mais de 1.908 a 2.862 Reais,1 Despesa total,100.0,100.0
6715,1204,Distribuição da despesa monetária e não monetária média mensal familiar,%,Unidade da Federação,15,Pará,2018,Mais de 1.908 a 2.862 Reais,1 Despesa total,100.0,100.0
6715,1204,Distribuição da despesa monetária e não monetária média mensal familiar,%,Unidade da Federação,16,Amapá,2018,Mais de 1.908 a 2.862 Reais,1 Despesa total,100.0,100.0
6715,1204,Distribuição da despesa monetária e não monetária média mensal familiar,%,Unidade da Federação,17,Tocantins,2018,Mais de 1.908 a 2.862 Reais,1 Despesa total,100.0,100.0
6715,1204,Distribuição da despesa monetária e não monetária média mensal familiar,%,Unidade da Federação,21,Maranhão,2018,Mais de 1.908 a 2.862 Reais,1 Despesa total,100.0,100.0
6715,1204,Distribuição da despesa monetária e não monetária média mensal familiar,%,Unidade da Federação,22,Piauí,2018,Mais de 1.908 a 2.862 Reais,1 Despesa total,100.0,100.0
6715,1204,Distribuição da despesa monetária e não monetária média mensal familiar,%,Unidade da Federação,23,Ceará,2018,Mais de 1.908 a 2.862 Reais,1 Despesa total,100.0,100.0
6715,1204,Distribuição da despesa monetária e não monetária média mensal familiar,%,Unidade da Federação,24,Rio Grande do Norte,2018,Mais de 1.908 a 2.862 Reais,1 Despesa total,100.0,100.0
6715,1204,Distribuição da despesa monetária e não monetária média mensal familiar,%,Unidade da Federação,25,Paraíba,2018,Mais de 1.908 a 2.862 Reais,1 Despesa total,100.0,100.0
6715,1204,Distribuição da despesa monetária e não monetária média mensal familiar,%,Unidade da Federação,26,Pernambuco,2018,Mais de 1.908 a 2.862 Reais,1 Despesa total,100.0,100.0
6715,1204,Distribuição da despesa monetária e não monetária média mensal familiar,%,Unidade da Federação,27,Alagoas,2018,Mais de 1.908 a 2.862 Reais,1 Despesa total,100.0,100.0
6715,1204,Distribuição da despesa monetária e não monetária média mensal familiar,%,Unidade da Federação,28,Sergipe,2018,Mais de 1.908 a 2.862 Reais,1 Despesa total,100.0,100.0
6715,1204,Distribuição da despesa monetária e não monetária média mensal familiar,%,Unidade da Federação,29,Bahia,2018,Mais de 1.908 a 2.862 Reais,1 Despesa total,100.0,100.0
6715,1204,Distribuição da despesa monetária e não monetária média mensal familiar,%,Unidade da Federação,31,Minas Gerais,2018,Mais de 1.908 a 2.862 Reais,1 Despesa total,100.0,100.0
6715,1204,Distribuição da despesa monetária e não monetária média mensal familiar,%,Unidade da Federação,32,Espírito Santo,2018,Mais de 1.908 a 2.862 Reais,1 Despesa total,100.0,100.0
6715,1204,Distribuição da despesa monetária e não monetária média mensal familiar,%,Unidade da Federação,33,Rio de Janeiro,2018,Mais de 1.908 a 2.862 Reais,1 Despesa total,100.0,100.0
6715,1204,Distribuição da despesa monetária e não monetária média mensal familiar,%,Unidade da Federação,35,São Paulo,2018,Mais de 1.908 a 2.862 Reais,1 Despesa total,100.0,100.0
6715,1204,Distribuição da despesa monetária e não monetária média mensal familiar,%,Unidade da Federação,41,Paraná,2018,Mais de 1.908 a 2.862 Reais,1 Despesa total,100.0,100.0
6715,1204,Distribuição da despesa monetária e não monetária média mensal familiar,%,Unidade da Federação,42,Santa Catarina,2018,Mais de 1.908 a 2.862 Reais,1 Despesa total,100.0,100.0
6715,1204,Distribuição da despesa monetária e não monetária média mensal familiar,%,Unidade da Federação,43,Rio Grande do Sul,2018,Mais de 1.908 a 2.862 Reais,1 Despesa total,100.0,100.0
6715,1204,Distribuição da despesa monetária e não monetária média mensal familiar,%,Unidade da Federação,50,Mato Grosso do Sul,2018,Mais de 1.908 a 2.862 Reais,1 Despesa total,100.0,100.0
6715,1204,Distribuição da despesa monetária e não monetária média mensal familiar,%,Unidade da Federação,51,Mato Grosso,2018,Mais de 1.908 a 2.862 Reais,1 Despesa total,100.0,100.0
6715,1204,Distribuição da despesa monetária e não monetária média mensal familiar,%,Unidade da Federação,52,Goiás,2018,Mais de 1.908 a 2.862 Reais,1 Despesa total,100.0,100.0
6715,1204,Distribuição da despesa monetária e não monetária média mensal familiar,%,Unidade da Federação,53,Distrito Federal,2018,Mais de 1.908 a 2.862 Reais,1 Despesa total,100.0,100.0
6715,1204,Distribuição da despesa monetária e não monetária média mensal familiar,%,Brasil,1,Brasil,2018,Mais de 1.908 a 2.862 Reais,2.1 Despesas de consumo,89.8,89.8
6715,1204,Distribuição da despesa monetária e não monetária média mensal familiar,%,Unidade da Federação,11,Rondônia,2018,Mais de 1.908 a 2.862 Reais,2.1 Despesas de consumo,88.0,88.0
6715,1204,Distribuição da despesa monetária e não monetária média mensal familiar,%,Unidade da Federação,12,Acre,2018,Mais de 1.908 a 2.862 Reais,2.1 Despesas de consumo,88.9,88.9
6715,1204,Distribuição da despesa monetária e não monetária média mensal familiar,%,Unidade da Federação,13,Amazonas,2018,Mais de 1.908 a 2.862 Reais,2.1 Despesas de consumo,91.3,91.3
6715,1204,Distribuição da despesa monetária e não monetária média mensal familiar,%,Unidade da Federação,14,Roraima,2018,Mais de 1.908 a 2.862 Reais,2.1 Despesas de consumo,92.8,92.8
6715,1204,Distribuição da despesa monetária e não monetária média mensal familiar,%,Unidade da Federação,15,Pará,2018,Mais de 1.908 a 2.862 Reais,2.1 Despesas de consumo,89.2,89.2
6715,1204,Distribuição da despesa monetária e não monetária média mensal familiar,%,Unidade da Federação,16,Amapá,2018,Mais de 1.908 a 2.862 Reais,2.1 Despesas de consumo,94.6,94.6
6715,1204,Distribuição da despesa monetária e não monetária média mensal familiar,%,Unidade da Federação,17,Tocantins,2018,Mais de 1.908 a 2.862 Reais,2.1 Despesas de consumo,87.1,87.1
6715,1204,Distribuição da despesa monetária e não monetária média mensal familiar,%,Unidade da Federação,21,Maranhão,2018,Mais de 1.908 a 2.862 Reais,2.1 Despesas de consumo,86.8,86.8
6715,1204,Distribuição da despesa monetária e não monetária média mensal familiar,%,Unidade da Federação,22,Piauí,2018,Mais de 1.908 a 2.862 Reais,2.1 Despesas de consumo,89.3,89.3
6715,1204,Distribuição da despesa monetária e não monetária média mensal familiar,%,Unidade da Federação,23,Ceará,2018,Mais de 1.908 a 2.862 Reais,2.1 Despesas de consumo,88.1,88.1
6715,1204,Distribuição da despesa monetária e não monetária média mensal familiar,%,Unidade da Federação,24,Rio Grande do Norte,2018,Mais de 1.908 a 2.862 Reais,2.1 Despesas de consumo,89.7,89.7
6715,1204,Distribuição da despesa monetária e não monetária média mensal familiar,%,Unidade da Federação,25,Paraíba,2018,Mais de 1.908 a 2.862 Reais,2.1 Despesas de consumo,87.0,87.0
6715,1204,Distribuição da despesa monetária e não monetária média mensal familiar,%,Unidade da Federação,26,Pernambuco,2018,Mais de 1.908 a 2.862 Reais,2.1 Despesas de consumo,91.0,91.0
6715,1204,Distribuição da despesa monetária e não monetária média mensal familiar,%,Unidade da Federação,27,Alagoas,2018,Mais de 1.908 a 2.862 Reais,2.1 Despesas de consumo,87.9,87.9
6715,1204,Distribuição da despesa monetária e não monetária média mensal familiar,%,Unidade da Federação,28,Sergipe,2018,Mais de 1.908 a 2.862 Reais,2.1 Despesas de consumo,93.3,93.3
6715,1204,Distribuição da despesa monetária e não monetária média mensal familiar,%,Unidade da Federação,29,Bahia,2018,Mais de 1.908 a 2.862 Reais,2.1 Despesas de consumo,90.8,90.8
6715,1204,Distribuição da despesa monetária e não monetária média mensal familiar,%,Unidade da Federação,31,Minas Gerais,2018,Mais de 1.908 a 2.862 Reais,2.1 Despesas de consumo,89.8,89.8
6715,1204,Distribuição da despesa monetária e não monetária média mensal familiar,%,Unidade da Federação,32,Espírito Santo,2018,Mais de 1.908 a 2.862 Reais,2.1 Despesas de consumo,88.2,88.2
6715,1204,Distribuição da despesa monetária e não monetária média mensal familiar,%,Unidade da Federação,33,Rio de Janeiro,2018,Mais de 1.908 a 2.862 Reais,2.1 Despesas de consumo,90.5,90.5
6715,1204,Distribuição da despesa monetária e não monetária média mensal familiar,%,Unidade da Federação,35,São Paulo,2018,Mais de 1.908 a 2.862 Reais,2.1 Despesas de consumo,90.2,90.2
6715,1204,Distribuição da despesa monetária e não monetária média mensal familiar,%,Unidade da Federação,41,Paraná,2018,Mais de 1.908 a 2.862 Reais,2.1 Despesas de consumo,89.3,89.3
6715,1204,Distribuição da despesa monetária e não monetária média mensal familiar,%,Unidade da Federação,42,Santa Catarina,2018,Mais de 1.908 a 2.862 Reais,2.1 Despesas de consumo,89.0,89.0
6715,1204,Distribuição da despesa monetária e não monetária média mensal familiar,%,Unidade da Federação,43,Rio Grande do Sul,2018,Mais de 1.908 a 2.862 Reais,2.1 Despesas de consumo,90.6,90.6
6715,1204,Distribuição da despesa monetária e não monetária média mensal familiar,%,Unidade da Federação,50,Mato Grosso do Sul,2018,Mais de 1.908 a 2.862 Reais,2.1 Despesas de consumo,92.4,92.4
6715,1204,Distribuição da despesa monetária e não monetária média mensal familiar,%,Unidade da Federação,51,Mato Grosso,2018,Mais de 1.908 a 2.862 Reais,2.1 Despesas de consumo,90.5,90.5
6715,1204,Distribuição da despesa monetária e não monetária média mensal familiar,%,Unidade da Federação,52,Goiás,2018,Mais de 1.908 a 2.862 Reais,2.1 Despesas de consumo,89.2,89.2
6715,1204,Distribuição da despesa monetária e não monetária média mensal familiar,%,Unidade da Federação,53,Distrito Federal,2018,Mais de 1.908 a 2.862 Reais,2.1 Despesas de consumo,90.5,90.5
6715,1204,Distribuição da despesa monetária e não monetária média mensal familiar,%,Brasil,1,Brasil,2018,Mais de 1.908 a 2.862 Reais,2.1.1 Alimentação,19.1,19.1
6715,1204,Distribuição da despesa monetária e não monetária média mensal familiar,%,Unidade da Federação,11,Rondônia,2018,Mais de 1.908 a 2.862 Reais,2.1.1 Alimentação,14.7,14.7
6715,1204,Distribuição da despesa monetária e não monetária média mensal familiar,%,Unidade da Federação,12,Acre,2018,Mais de 1.908 a 2.862 Reais,2.1.1 Alimentação,24.6,24.6
6715,1204,Distribuição da despesa monetária e não monetária média mensal familiar,%,Unidade da Federação,13,Amazonas,2018,Mais de 1.908 a 2.862 Reais,2.1.1 Alimentação,23.4,23.4
6715,1204,Distribuição da despesa monetária e não monetária média mensal familiar,%,Unidade da Federação,14,Roraima,2018,Mais de 1.908 a 2.862 Reais,2.1.1 Alimentação,21.6,21.6
6715,1204,Distribuição da despesa monetária e não monetária média mensal familiar,%,Unidade da Federação,15,Pará,2018,Mais de 1.908 a 2.862 Reais,2.1.1 Alimentação,21.2,21.2
6715,1204,Distribuição da despesa monetária e não monetária média mensal familiar,%,Unidade da Federação,16,Amapá,2018,Mais de 1.908 a 2.862 Reais,2.1.1 Alimentação,27.7,27.7
6715,1204,Distribuição da despesa monetária e não monetária média mensal familiar,%,Unidade da Federação,17,Tocantins,2018,Mais de 1.908 a 2.862 Reais,2.1.1 Alimentação,13.4,13.4
6715,1204,Distribuição da despesa monetária e não monetária média mensal familiar,%,Unidade da Federação,21,Maranhão,2018,Mais de 1.908 a 2.862 Reais,2.1.1 Alimentação,22.0,22.0
6715,1204,Distribuição da despesa monetária e não monetária média mensal familiar,%,Unidade da Federação,22,Piauí,2018,Mais de 1.908 a 2.862 Reais,2.1.1 Alimentação,28.2,28.2
6715,1204,Distribuição da despesa monetária e não monetária média mensal familiar,%,Unidade da Federação,23,Ceará,2018,Mais de 1.908 a 2.862 Reais,2.1.1 Alimentação,22.3,22.3
6715,1204,Distribuição da despesa monetária e não monetária média mensal familiar,%,Unidade da Federação,24,Rio Grande do Norte,2018,Mais de 1.908 a 2.862 Reais,2.1.1 Alimentação,27.8,27.8
6715,1204,Distribuição da despesa monetária e não monetária média mensal familiar,%,Unidade da Federação,25,Paraíba,2018,Mais de 1.908 a 2.862 Reais,2.1.1 Alimentação,23.3,23.3
6715,1204,Distribuição da despesa monetária e não monetária média mensal familiar,%,Unidade da Federação,26,Pernambuco,2018,Mais de 1.908 a 2.862 Reais,2.1.1 Alimentação,22.5,22.5
6715,1204,Distribuição da despesa monetária e não monetária média mensal familiar,%,Unidade da Federação,27,Alagoas,2018,Mais de 1.908 a 2.862 Reais,2.1.1 Alimentação,19.8,19.8
6715,1204,Distribuição da despesa monetária e não monetária média mensal familiar,%,Unidade da Federação,28,Sergipe,2018,Mais de 1.908 a 2.862 Reais,2.1.1 Alimentação,27.5,27.5
6715,1204,Distribuição da despesa monetária e não monetária média mensal familiar,%,Unidade da Federação,29,Bahia,2018,Mais de 1.908 a 2.862 Reais,2.1.1 Alimentação,24.4,24.4
6715,1204,Distribuição da despesa monetária e não monetária média mensal familiar,%,Unidade da Federação,31,Minas Gerais,2018,Mais de 1.908 a 2.862 Reais,2.1.1 Alimentação,20.7,20.7
6715,1204,Distribuição da despesa monetária e não monetária média mensal familiar,%,Unidade da Federação,32,Espírito Santo,2018,Mais de 1.908 a 2.862 Reais,2.1.1 Alimentação,14.0,14.0
6715,1204,Distribuição da despesa monetária e não monetária média mensal familiar,%,Unidade da Federação,33,Rio de Janeiro,2018,Mais de 1.908 a 2.862 Reais,2.1.1 Alimentação,15.7,15.7
6715,1204,Distribuição da despesa monetária e não monetária média mensal familiar,%,Unidade da Federação,35,São Paulo,2018,Mais de 1.908 a 2.862 Reais,2.1.1 Alimentação,14.7,14.7
6715,1204,Distribuição da despesa monetária e não monetária média mensal familiar,%,Unidade da Federação,41,Paraná,2018,Mais de 1.908 a 2.862 Reais,2.1.1 Alimentação,16.3,16.3
6715,1204,Distribuição da despesa monetária e não monetária média mensal familiar,%,Unidade da Federação,42,Santa Catarina,2018,Mais de 1.908 a 2.862 Reais,2.1.1 Alimentação,17.9,17.9
6715,1204,Distribuição da despesa monetária e não monetária média mensal familiar,%,Unidade da Federação,43,Rio Grande do Sul,2018,Mais de 1.908 a 2.862 Reais,2.1.1 Alimentação,17.6,17.6
6715,1204,Distribuição da despesa monetária e não monetária média mensal familiar,%,Unidade da Federação,50,Mato Grosso do Sul,2018,Mais de 1.908 a 2.862 Reais,2.1.1 Alimentação,23.8,23.8
6715,1204,Distribuição da despesa monetária e não monetária média mensal familiar,%,Unidade da Federação,51,Mato Grosso,2018,Mais de 1.908 a 2.862 Reais,2.1.1 Alimentação,19.4,19.4
6715,1204,Distribuição da despesa monetária e não monetária média mensal familiar,%,Unidade da Federação,52,Goiás,2018,Mais de 1.908 a 2.862 Reais,2.1.1 Alimentação,18.3,18.3
6715,1204,Distribuição da despesa monetária e não monetária média mensal familiar,%,Unidade da Federação,53,Distrito Federal,2018,Mais de 1.908 a 2.862 Reais,2.1.1 Alimentação,14.0,14.0
6715,1204,Distribuição da despesa monetária e não monetária média mensal familiar,%,Brasil,1,Brasil,2018,Mais de 1.908 a 2.862 Reais,2.1.8 Recreação e cultura,1.7,1.7
6715,1204,Distribuição da despesa monetária e não monetária média mensal familiar,%,Unidade da Federação,11,Rondônia,2018,Mais de 1.908 a 2.862 Reais,2.1.8 Recreação e cultura,2.7,2.7
6715,1204,Distribuição da despesa monetária e não monetária média mensal familiar,%,Unidade da Federação,12,Acre,2018,Mais de 1.908 a 2.862 Reais,2.1.8 Recreação e cultura,1.9,1.9
6715,1204,Distribuição da despesa monetária e não monetária média mensal familiar,%,Unidade da Federação,13,Amazonas,2018,Mais de 1.908 a 2.862 Reais,2.1.8 Recreação e cultura,2.5,2.5
6715,1204,Distribuição da despesa monetária e não monetária média mensal familiar,%,Unidade da Federação,14,Roraima,2018,Mais de 1.908 a 2.862 Reais,2.1.8 Recreação e cultura,1.4,1.4
6715,1204,Distribuição da despesa monetária e não monetária média mensal familiar,%,Unidade da Federação,15,Pará,2018,Mais de 1.908 a 2.862 Reais,2.1.8 Recreação e cultura,2.4,2.4
6715,1204,Distribuição da despesa monetária e não monetária média mensal familiar,%,Unidade da Federação,16,Amapá,2018,Mais de 1.908 a 2.862 Reais,2.1.8 Recreação e cultura,2.3,2.3
6715,1204,Distribuição da despesa monetária e não monetária média mensal familiar,%,Unidade da Federação,17,Tocantins,2018,Mais de 1.908 a 2.862 Reais,2.1.8 Recreação e cultura,2.1,2.1
6715,1204,Distribuição da despesa monetária e não monetária média mensal familiar,%,Unidade da Federação,21,Maranhão,2018,Mais de 1.908 a 2.862 Reais,2.1.8 Recreação e cultura,1.7,1.7
6715,1204,Distribuição da despesa monetária e não monetária média mensal familiar,%,Unidade da Federação,22,Piauí,2018,Mais de 1.908 a 2.862 Reais,2.1.8 Recreação e cultura,1.0,1.0
6715,1204,Distribuição da despesa monetária e não monetária média mensal familiar,%,Unidade da Federação,23,Ceará,2018,Mais de 1.908 a 2.862 Reais,2.1.8 Recreação e cultura,1.4,1.4
6715,1204,Distribuição da despesa monetária e não monetária média mensal familiar,%,Unidade da Federação,24,Rio Grande do Norte,2018,Mais de 1.908 a 2.862 Reais,2.1.8 Recreação e cultura,1.6,1.6
6715,1204,Distribuição da despesa monetária e não monetária média mensal familiar,%,Unidade da Federação,25,Paraíba,2018,Mais de 1.908 a 2.862 Reais,2.1.8 Recreação e cultura,2.2,2.2
6715,1204,Distribuição da despesa monetária e não monetária média mensal familiar,%,Unidade da Federação,26,Pernambuco,2018,Mais de 1.908 a 2.862 Reais,2.1.8 Recreação e cultura,2.0,2.0
6715,1204,Distribuição da despesa monetária e não monetária média mensal familiar,%,Unidade da Federação,27,Alagoas,2018,Mais de 1.908 a 2.862 Reais,2.1.8 Recreação e cultura,1.9,1.9
6715,1204,Distribuição da despesa monetária e não monetária média mensal familiar,%,Unidade da Federação,28,Sergipe,2018,Mais de 1.908 a 2.862 Reais,2.1.8 Recreação e cultura,1.7,1.7
6715,1204,Distribuição da despesa monetária e não monetária média mensal familiar,%,Unidade da Federação,29,Bahia,2018,Mais de 1.908 a 2.862 Reais,2.1.8 Recreação e cultura,1.6,1.6
6715,1204,Distribuição da despesa monetária e não monetária média mensal familiar,%,Unidade da Federação,31,Minas Gerais,2018,Mais de 1.908 a 2.862 Reais,2.1.8 Recreação e cultura,1.5,1.5
6715,1204,Distribuição da despesa monetária e não monetária média mensal familiar,%,Unidade da Federação,32,Espírito Santo,2018,Mais de 1.908 a 2.862 Reais,2.1.8 Recreação e cultura,1.9,1.9
6715,1204,Distribuição da despesa monetária e não monetária média mensal familiar,%,Unidade da Federação,33,Rio de Janeiro,2018,Mais de 1.908 a 2.862 Reais,2.1.8 Recreação e cultura,1.9,1.9
6715,1204,Distribuição da despesa monetária e não monetária média mensal familiar,%,Unidade da Federação,35,São Paulo,2018,Mais de 1.908 a 2.862 Reais,2.1.8 Recreação e cultura,1.7,1.7
6715,1204,Distribuição da despesa monetária e não monetária média mensal familiar,%,Unidade da Federação,41,Paraná,2018,Mais de 1.908 a 2.862 Reais,2.1.8 Recreação e cultura,1.8,1.8
6715,1204,Distribuição da despesa monetária e não monetária média mensal familiar,%,Unidade da Federação,42,Santa Catarina,2018,Mais de 1.908 a 2.862 Reais,2.1.8 Recreação e cultura,1.3,1.3
6715,1204,Distribuição da despesa monetária e não monetária média mensal familiar,%,Unidade da Federação,43,Rio Grande do Sul,2018,Mais de 1.908 a 2.862 Reais,2.1.8 Recreação e cultura,1.6,1.6
6715,1204,Distribuição da despesa monetária e não monetária média mensal familiar,%,Unidade da Federação,50,Mato Grosso do Sul,2018,Mais de 1.908 a 2.862 Reais,2.1.8 Recreação e cultura,1.4,1.4
6715,1204,Distribuição da despesa monetária e não monetária média mensal familiar,%,Unidade da Federação,51,Mato Grosso,2018,Mais de 1.908 a 2.862 Reais,2.1.8 Recreação e cultura,2.2,2.2
6715,1204,Distribuição da despesa monetária e não monetária média mensal familiar,%,Unidade da Federação,52,Goiás,2018,Mais de 1.908 a 2.862 Reais,2.1.8 Recreação e cultura,1.8,1.8
6715,1204,Distribuição da despesa monetária e não monetária média mensal familiar,%,Unidade da Federação,53,Distrito Federal,2018,Mais de 1.908 a 2.862 Reais,2.1.8 Recreação e cultura,1.7,1.7
6715,1204,Distribuição da despesa monetária e não monetária média mensal familiar,%,Brasil,1,Brasil,2018,Mais de 1.908 a 2.862 Reais,2.1.8.4 Recreações e esportes,0.3,0.3
6715,1204,Distribuição da despesa monetária e não monetária média mensal familiar,%,Unidade da Federação,11,Rondônia,2018,Mais de 1.908 a 2.862 Reais,2.1.8.4 Recreações e esportes,0.3,0.3
6715,1204,Distribuição da despesa monetária e não monetária média mensal familiar,%,Unidade da Federação,12,Acre,2018,Mais de 1.908 a 2.862 Reais,2.1.8.4 Recreações e esportes,0.1,0.1
6715,1204,Distribuição da despesa monetária e não monetária média mensal familiar,%,Unidade da Federação,13,Amazonas,2018,Mais de 1.908 a 2.862 Reais,2.1.8.4 Recreações e esportes,0.3,0.3
6715,1204,Distribuição da despesa monetária e não monetária média mensal familiar,%,Unidade da Federação,14,Roraima,2018,Mais de 1.908 a 2.862 Reais,2.1.8.4 Recreações e esportes,0.4,0.4
6715,1204,Distribuição da despesa monetária e não monetária média mensal familiar,%,Unidade da Federação,15,Pará,2018,Mais de 1.908 a 2.862 Reais,2.1.8.4 Recreações e esportes,0.3,0.3
6715,1204,Distribuição da despesa monetária e não monetária média mensal familiar,%,Unidade da Federação,16,Amapá,2018,Mais de 1.908 a 2.862 Reais,2.1.8.4 Recreações e esportes,0.4,0.4
6715,1204,Distribuição da despesa monetária e não monetária média mensal familiar,%,Unidade da Federação,17,Tocantins,2018,Mais de 1.908 a 2.862 Reais,2.1.8.4 Recreações e esportes,0.2,0.2
6715,1204,Distribuição da despesa monetária e não monetária média mensal familiar,%,Unidade da Federação,21,Maranhão,2018,Mais de 1.908 a 2.862 Reais,2.1.8.4 Recreações e esportes,0.2,0.2
6715,1204,Distribuição da despesa monetária e não monetária média mensal familiar,%,Unidade da Federação,22,Piauí,2018,Mais de 1.908 a 2.862 Reais,2.1.8.4 Recreações e esportes,0.2,0.2
6715,1204,Distribuição da despesa monetária e não monetária média mensal familiar,%,Unidade da Federação,23,Ceará,2018,Mais de 1.908 a 2.862 Reais,2.1.8.4 Recreações e esportes,0.2,0.2
6715,1204,Distribuição da despesa monetária e não monetária média mensal familiar,%,Unidade da Federação,24,Rio Grande do Norte,2018,Mais de 1.908 a 2.862 Reais,2.1.8.4 Recreações e esportes,0.2,0.2
6715,1204,Distribuição da despesa monetária e não monetária média mensal familiar,%,Unidade da Federação,25,Paraíba,2018,Mais de 1.908 a 2.862 Reais,2.1.8.4 Recreações e esportes,0.2,0.2
6715,1204,Distribuição da despesa monetária e não monetária média mensal familiar,%,Unidade da Federação,26,Pernambuco,2018,Mais de 1.908 a 2.862 Reais,2.1.8.4 Recreações e esportes,0.3,0.3
6715,1204,Distribuição da despesa monetária e não monetária média mensal familiar,%,Unidade da Federação,27,Alagoas,2018,Mais de 1.908 a 2.862 Reais,2.1.8.4 Recreações e esportes,0.2,0.2
6715,1204,Distribuição da despesa monetária e não monetária média mensal familiar,%,Unidade da Federação,28,Sergipe,2018,Mais de 1.908 a 2.862 Reais,2.1.8.4 Recreações e esportes,0.2,0.2
6715,1204,Distribuição da despesa monetária e não monetária média mensal familiar,%,Unidade da Federação,29,Bahia,2018,Mais de 1.908 a 2.862 Reais,2.1.8.4 Recreações e esportes,0.2,0.2
6715,1204,Distribuição da despesa monetária e não monetária média mensal familiar,%,Unidade da Federação,31,Minas Gerais,2018,Mais de 1.908 a 2.862 Reais,2.1.8.4 Recreações e esportes,0.3,0.3
6715,1204,Distribuição da despesa monetária e não monetária média mensal familiar,%,Unidade da Federação,32,Espírito Santo,2018,Mais de 1.908 a 2.862 Reais,2.1.8.4 Recreações e esportes,0.2,0.2
6715,1204,Distribuição da despesa monetária e não monetária média mensal familiar,%,Unidade da Federação,33,Rio de Janeiro,2018,Mais de 1.908 a 2.862 Reais,2.1.8.4 Recreações e esportes,0.3,0.3
6715,1204,Distribuição da despesa monetária e não monetária média mensal familiar,%,Unidade da Federação,35,São Paulo,2018,Mais de 1.908 a 2.862 Reais,2.1.8.4 Recreações e esportes,0.3,0.3
6715,1204,Distribuição da despesa monetária e não monetária média mensal familiar,%,Unidade da Federação,41,Paraná,2018,Mais de 1.908 a 2.862 Reais,2.1.8.4 Recreações e esportes,0.4,0.4
6715,1204,Distribuição da despesa monetária e não monetária média mensal familiar,%,Unidade da Federação,42,Santa Catarina,2018,Mais de 1.908 a 2.862 Reais,2.1.8.4 Recreações e esportes,0.3,0.3
6715,1204,Distribuição da despesa monetária e não monetária média mensal familiar,%,Unidade da Federação,43,Rio Grande do Sul,2018,Mais de 1.908 a 2.862 Reais,2.1.8.4 Recreações e esportes,0.3,0.3
6715,1204,Distribuição da despesa monetária e não monetária média mensal familiar,%,Unidade da Federação,50,Mato Grosso do Sul,2018,Mais de 1.908 a 2.862 Reais,2.1.8.4 Recreações e esportes,0.2,0.2
6715,1204,Distribuição da despesa monetária e não monetária média mensal familiar,%,Unidade da Federação,51,Mato Grosso,2018,Mais de 1.908 a 2.862 Reais,2.1.8.4 Recreações e esportes,0.2,0.2
6715,1204,Distribuição da despesa monetária e não monetária média mensal familiar,%,Unidade da Federação,52,Goiás,2018,Mais de 1.908 a 2.862 Reais,2.1.8.4 Recreações e esportes,0.3,0.3
6715,1204,Distribuição da despesa monetária e não monetária média mensal familiar,%,Unidade da Federação,53,Distrito Federal,2018,Mais de 1.908 a 2.862 Reais,2.1.8.4 Recreações e esportes,0.2,0.2
6715,1204,Distribuição da despesa monetária e não monetária média mensal familiar,%,Brasil,1,Brasil,2018,Mais de 2.862 a 5.724 Reais,1 Despesa total,100.0,100.0
6715,1204,Distribuição da despesa monetária e não monetária média mensal familiar,%,Unidade da Federação,11,Rondônia,2018,Mais de 2.862 a 5.724 Reais,1 Despesa total,100.0,100.0
6715,1204,Distribuição da despesa monetária e não monetária média mensal familiar,%,Unidade da Federação,12,Acre,2018,Mais de 2.862 a 5.724 Reais,1 Despesa total,100.0,100.0
6715,1204,Distribuição da despesa monetária e não monetária média mensal familiar,%,Unidade da Federação,13,Amazonas,2018,Mais de 2.862 a 5.724 Reais,1 Despesa total,100.0,100.0
6715,1204,Distribuição da despesa monetária e não monetária média mensal familiar,%,Unidade da Federação,14,Roraima,2018,Mais de 2.862 a 5.724 Reais,1 Despesa total,100.0,100.0
6715,1204,Distribuição da despesa monetária e não monetária média mensal familiar,%,Unidade da Federação,15,Pará,2018,Mais de 2.862 a 5.724 Reais,1 Despesa total,100.0,100.0
6715,1204,Distribuição da despesa monetária e não monetária média mensal familiar,%,Unidade da Federação,16,Amapá,2018,Mais de 2.862 a 5.724 Reais,1 Despesa total,100.0,100.0
6715,1204,Distribuição da despesa monetária e não monetária média mensal familiar,%,Unidade da Federação,17,Tocantins,2018,Mais de 2.862 a 5.724 Reais,1 Despesa total,100.0,100.0
6715,1204,Distribuição da despesa monetária e não monetária média mensal familiar,%,Unidade da Federação,21,Maranhão,2018,Mais de 2.862 a 5.724 Reais,1 Despesa total,100.0,100.0
6715,1204,Distribuição da despesa monetária e não monetária média mensal familiar,%,Unidade da Federação,22,Piauí,2018,Mais de 2.862 a 5.724 Reais,1 Despesa total,100.0,100.0
6715,1204,Distribuição da despesa monetária e não monetária média mensal familiar,%,Unidade da Federação,23,Ceará,2018,Mais de 2.862 a 5.724 Reais,1 Despesa total,100.0,100.0
6715,1204,Distribuição da despesa monetária e não monetária média mensal familiar,%,Unidade da Federação,24,Rio Grande do Norte,2018,Mais de 2.862 a 5.724 Reais,1 Despesa total,100.0,100.0
6715,1204,Distribuição da despesa monetária e não monetária média mensal familiar,%,Unidade da Federação,25,Paraíba,2018,Mais de 2.862 a 5.724 Reais,1 Despesa total,100.0,100.0
6715,1204,Distribuição da despesa monetária e não monetária média mensal familiar,%,Unidade da Federação,26,Pernambuco,2018,Mais de 2.862 a 5.724 Reais,1 Despesa total,100.0,100.0
6715,1204,Distribuição da despesa monetária e não monetária média mensal familiar,%,Unidade da Federação,27,Alagoas,2018,Mais de 2.862 a 5.724 Reais,1 Despesa total,100.0,100.0
6715,1204,Distribuição da despesa monetária e não monetária média mensal familiar,%,Unidade da Federação,28,Sergipe,2018,Mais de 2.862 a 5.724 Reais,1 Despesa total,100.0,100.0
6715,1204,Distribuição da despesa monetária e não monetária média mensal familiar,%,Unidade da Federação,29,Bahia,2018,Mais de 2.862 a 5.724 Reais,1 Despesa total,100.0,100.0
6715,1204,Distribuição da despesa monetária e não monetária média mensal familiar,%,Unidade da Federação,31,Minas Gerais,2018,Mais de 2.862 a 5.724 Reais,1 Despesa total,100.0,100.0
6715,1204,Distribuição da despesa monetária e não monetária média mensal familiar,%,Unidade da Federação,32,Espírito Santo,2018,Mais de 2.862 a 5.724 Reais,1 Despesa total,100.0,100.0
6715,1204,Distribuição da despesa monetária e não monetária média mensal familiar,%,Unidade da Federação,33,Rio de Janeiro,2018,Mais de 2.862 a 5.724 Reais,1 Despesa total,100.0,100.0
6715,1204,Distribuição da despesa monetária e não monetária média mensal familiar,%,Unidade da Federação,35,São Paulo,2018,Mais de 2.862 a 5.724 Reais,1 Despesa total,100.0,100.0
6715,1204,Distribuição da despesa monetária e não monetária média mensal familiar,%,Unidade da Federação,41,Paraná,2018,Mais de 2.862 a 5.724 Reais,1 Despesa total,100.0,100.0
6715,1204,Distribuição da despesa monetária e não monetária média mensal familiar,%,Unidade da Federação,42,Santa Catarina,2018,Mais de 2.862 a 5.724 Reais,1 Despesa total,100.0,100.0
6715,1204,Distribuição da despesa monetária e não monetária média mensal familiar,%,Unidade da Federação,43,Rio Grande do Sul,2018,Mais de 2.862 a 5.724 Reais,1 Despesa total,100.0,100.0
6715,1204,Distribuição da despesa monetária e não monetária média mensal familiar,%,Unidade da Federação,50,Mato Grosso do Sul,2018,Mais de 2.862 a 5.724 Reais,1 Despesa total,100.0,100.0
6715,1204,Distribuição da despesa monetária e não monetária média mensal familiar,%,Unidade da Federação,51,Mato Grosso,2018,Mais de 2.862 a 5.724 Reais,1 Despesa total,100.0,100.0
6715,1204,Distribuição da despesa monetária e não monetária média mensal familiar,%,Unidade da Federação,52,Goiás,2018,Mais de 2.862 a 5.724 Reais,1 Despesa total,100.0,100.0
6715,1204,Distribuição da despesa monetária e não monetária média mensal familiar,%,Unidade da Federação,53,Distrito Federal,2018,Mais de 2.862 a 5.724 Reais,1 Despesa total,100.0,100.0
6715,1204,Distribuição da despesa monetária e não monetária média mensal familiar,%,Brasil,1,Brasil,2018,Mais de 2.862 a 5.724 Reais,2.1 Despesas de consumo,86.9,86.9
6715,1204,Distribuição da despesa monetária e não monetária média mensal familiar,%,Unidade da Federação,11,Rondônia,2018,Mais de 2.862 a 5.724 Reais,2.1 Despesas de consumo,83.2,83.2
6715,1204,Distribuição da despesa monetária e não monetária média mensal familiar,%,Unidade da Federação,12,Acre,2018,Mais de 2.862 a 5.724 Reais,2.1 Despesas de consumo,84.8,84.8
6715,1204,Distribuição da despesa monetária e não monetária média mensal familiar,%,Unidade da Federação,13,Amazonas,2018,Mais de 2.862 a 5.724 Reais,2.1 Despesas de consumo,87.5,87.5
6715,1204,Distribuição da despesa monetária e não monetária média mensal familiar,%,Unidade da Federação,14,Roraima,2018,Mais de 2.862 a 5.724 Reais,2.1 Despesas de consumo,85.9,85.9
6715,1204,Distribuição da despesa monetária e não monetária média mensal familiar,%,Unidade da Federação,15,Pará,2018,Mais de 2.862 a 5.724 Reais,2.1 Despesas de consumo,85.2,85.2
6715,1204,Distribuição da despesa monetária e não monetária média mensal familiar,%,Unidade da Federação,16,Amapá,2018,Mais de 2.862 a 5.724 Reais,2.1 Despesas de consumo,89.5,89.5
6715,1204,Distribuição da despesa monetária e não monetária média mensal familiar,%,Unidade da Federação,17,Tocantins,2018,Mais de 2.862 a 5.724 Reais,2.1 Despesas de consumo,86.5,86.5
6715,1204,Distribuição da despesa monetária e não monetária média mensal familiar,%,Unidade da Federação,21,Maranhão,2018,Mais de 2.862 a 5.724 Reais,2.1 Despesas de consumo,84.9,84.9
6715,1204,Distribuição da despesa monetária e não monetária média mensal familiar,%,Unidade da Federação,22,Piauí,2018,Mais de 2.862 a 5.724 Reais,2.1 Despesas de consumo,87.7,87.7
6715,1204,Distribuição da despesa monetária e não monetária média mensal familiar,%,Unidade da Federação,23,Ceará,2018,Mais de 2.862 a 5.724 Reais,2.1 Despesas de consumo,85.4,85.4
6715,1204,Distribuição da despesa monetária e não monetária média mensal familiar,%,Unidade da Federação,24,Rio Grande do Norte,2018,Mais de 2.862 a 5.724 Reais,2.1 Despesas de consumo,86.7,86.7
6715,1204,Distribuição da despesa monetária e não monetária média mensal familiar,%,Unidade da Federação,25,Paraíba,2018,Mais de 2.862 a 5.724 Reais,2.1 Despesas de consumo,84.5,84.5
6715,1204,Distribuição da despesa monetária e não monetária média mensal familiar,%,Unidade da Federação,26,Pernambuco,2018,Mais de 2.862 a 5.724 Reais,2.1 Despesas de consumo,86.2,86.2
6715,1204,Distribuição da despesa monetária e não monetária média mensal familiar,%,Unidade da Federação,27,Alagoas,2018,Mais de 2.862 a 5.724 Reais,2.1 Despesas de consumo,85.3,85.3
6715,1204,Distribuição da despesa monetária e não monetária média mensal familiar,%,Unidade da Federação,28,Sergipe,2018,Mais de 2.862 a 5.724 Reais,2.1 Despesas de consumo,90.1,90.1
6715,1204,Distribuição da despesa monetária e não monetária média mensal familiar,%,Unidade da Federação,29,Bahia,2018,Mais de 2.862 a 5.724 Reais,2.1 Despesas de consumo,86.4,86.4
6715,1204,Distribuição da despesa monetária e não monetária média mensal familiar,%,Unidade da Federação,31,Minas Gerais,2018,Mais de 2.862 a 5.724 Reais,2.1 Despesas de consumo,87.8,87.8
6715,1204,Distribuição da despesa monetária e não monetária média mensal familiar,%,Unidade da Federação,32,Espírito Santo,2018,Mais de 2.862 a 5.724 Reais,2.1 Despesas de consumo,84.9,84.9
6715,1204,Distribuição da despesa monetária e não monetária média mensal familiar,%,Unidade da Federação,33,Rio de Janeiro,2018,Mais de 2.862 a 5.724 Reais,2.1 Despesas de consumo,88.5,88.5
6715,1204,Distribuição da despesa monetária e não monetária média mensal familiar,%,Unidade da Federação,35,São Paulo,2018,Mais de 2.862 a 5.724 Reais,2.1 Despesas de consumo,87.8,87.8
6715,1204,Distribuição da despesa monetária e não monetária média mensal familiar,%,Unidade da Federação,41,Paraná,2018,Mais de 2.862 a 5.724 Reais,2.1 Despesas de consumo,85.9,85.9
6715,1204,Distribuição da despesa monetária e não monetária média mensal familiar,%,Unidade da Federação,42,Santa Catarina,2018,Mais de 2.862 a 5.724 Reais,2.1 Despesas de consumo,87.4,87.4
6715,1204,Distribuição da despesa monetária e não monetária média mensal familiar,%,Unidade da Federação,43,Rio Grande do Sul,2018,Mais de 2.862 a 5.724 Reais,2.1 Despesas de consumo,86.2,86.2
6715,1204,Distribuição da despesa monetária e não monetária média mensal familiar,%,Unidade da Federação,50,Mato Grosso do Sul,2018,Mais de 2.862 a 5.724 Reais,2.1 Despesas de consumo,86.4,86.4
6715,1204,Distribuição da despesa monetária e não monetária média mensal familiar,%,Unidade da Federação,51,Mato Grosso,2018,Mais de 2.862 a 5.724 Reais,2.1 Despesas de consumo,86.9,86.9
6715,1204,Distribuição da despesa monetária e não monetária média mensal familiar,%,Unidade da Federação,52,Goiás,2018,Mais de 2.862 a 5.724 Reais,2.1 Despesas de consumo,84.5,84.5
6715,1204,Distribuição da despesa monetária e não monetária média mensal familiar,%,Unidade da Federação,53,Distrito Federal,2018,Mais de 2.862 a 5.724 Reais,2.1 Despesas de consumo,86.2,86.2
6715,1204,Distribuição da despesa monetária e não monetária média mensal familiar,%,Brasil,1,Brasil,2018,Mais de 2.862 a 5.724 Reais,2.1.1 Alimentação,17.1,17.1
6715,1204,Distribuição da despesa monetária e não monetária média mensal familiar,%,Unidade da Federação,11,Rondônia,2018,Mais de 2.862 a 5.724 Reais,2.1.1 Alimentação,13.6,13.6
6715,1204,Distribuição da despesa monetária e não monetária média mensal familiar,%,Unidade da Federação,12,Acre,2018,Mais de 2.862 a 5.724 Reais,2.1.1 Alimentação,19.9,19.9
6715,1204,Distribuição da despesa monetária e não monetária média mensal familiar,%,Unidade da Federação,13,Amazonas,2018,Mais de 2.862 a 5.724 Reais,2.1.1 Alimentação,18.2,18.2
6715,1204,Distribuição da despesa monetária e não monetária média mensal familiar,%,Unidade da Federação,14,Roraima,2018,Mais de 2.862 a 5.724 Reais,2.1.1 Alimentação,16.0,16.0
6715,1204,Distribuição da despesa monetária e não monetária média mensal familiar,%,Unidade da Federação,15,Pará,2018,Mais de 2.862 a 5.724 Reais,2.1.1 Alimentação,18.3,18.3
6715,1204,Distribuição da despesa monetária e não monetária média mensal familiar,%,Unidade da Federação,16,Amapá,2018,Mais de 2.862 a 5.724 Reais,2.1.1 Alimentação,22.9,22.9
6715,1204,Distribuição da despesa monetária e não monetária média mensal familiar,%,Unidade da Federação,17,Tocantins,2018,Mais de 2.862 a 5.724 Reais,2.1.1 Alimentação,10.9,10.9
6715,1204,Distribuição da despesa monetária e não monetária média mensal familiar,%,Unidade da Federação,21,Maranhão,2018,Mais de 2.862 a 5.724 Reais,2.1.1 Alimentação,18.6,18.6
6715,1204,Distribuição da despesa monetária e não monetária média mensal familiar,%,Unidade da Federação,22,Piauí,2018,Mais de 2.862 a 5.724 Reais,2.1.1 Alimentação,23.3,23.3
6715,1204,Distribuição da despesa monetária e não monetária média mensal familiar,%,Unidade da Federação,23,Ceará,2018,Mais de 2.862 a 5.724 Reais,2.1.1 Alimentação,20.2,20.2
6715,1204,Distribuição da despesa monetária e não monetária média mensal familiar,%,Unidade da Federação,24,Rio Grande do Norte,2018,Mais de 2.862 a 5.724 Reais,2.1.1 Alimentação,22.9,22.9
6715,1204,Distribuição da despesa monetária e não monetária média mensal familiar,%,Unidade da Federação,25,Paraíba,2018,Mais de 2.862 a 5.724 Reais,2.1.1 Alimentação,17.3,17.3
6715,1204,Distribuição da despesa monetária e não monetária média mensal familiar,%,Unidade da Federação,26,Pernambuco,2018,Mais de 2.862 a 5.724 Reais,2.1.1 Alimentação,19.2,19.2
6715,1204,Distribuição da despesa monetária e não monetária média mensal familiar,%,Unidade da Federação,27,Alagoas,2018,Mais de 2.862 a 5.724 Reais,2.1.1 Alimentação,16.0,16.0
6715,1204,Distribuição da despesa monetária e não monetária média mensal familiar,%,Unidade da Federação,28,Sergipe,2018,Mais de 2.862 a 5.724 Reais,2.1.1 Alimentação,25.0,25.0
6715,1204,Distribuição da despesa monetária e não monetária média mensal familiar,%,Unidade da Federação,29,Bahia,2018,Mais de 2.862 a 5.724 Reais,2.1.1 Alimentação,20.5,20.5
6715,1204,Distribuição da despesa monetária e não monetária média mensal familiar,%,Unidade da Federação,31,Minas Gerais,2018,Mais de 2.862 a 5.724 Reais,2.1.1 Alimentação,18.5,18.5
6715,1204,Distribuição da despesa monetária e não monetária média mensal familiar,%,Unidade da Federação,32,Espírito Santo,2018,Mais de 2.862 a 5.724 Reais,2.1.1 Alimentação,14.1,14.1
6715,1204,Distribuição da despesa monetária e não monetária média mensal familiar,%,Unidade da Federação,33,Rio de Janeiro,2018,Mais de 2.862 a 5.724 Reais,2.1.1 Alimentação,16.0,16.0
6715,1204,Distribuição da despesa monetária e não monetária média mensal familiar,%,Unidade da Federação,35,São Paulo,2018,Mais de 2.862 a 5.724 Reais,2.1.1 Alimentação,15.2,15.2
6715,1204,Distribuição da despesa monetária e não monetária média mensal familiar,%,Unidade da Federação,41,Paraná,2018,Mais de 2.862 a 5.724 Reais,2.1.1 Alimentação,15.8,15.8
6715,1204,Distribuição da despesa monetária e não monetária média mensal familiar,%,Unidade da Federação,42,Santa Catarina,2018,Mais de 2.862 a 5.724 Reais,2.1.1 Alimentação,15.7,15.7
6715,1204,Distribuição da despesa monetária e não monetária média mensal familiar,%,Unidade da Federação,43,Rio Grande do Sul,2018,Mais de 2.862 a 5.724 Reais,2.1.1 Alimentação,17.1,17.1
6715,1204,Distribuição da despesa monetária e não monetária média mensal familiar,%,Unidade da Federação,50,Mato Grosso do Sul,2018,Mais de 2.862 a 5.724 Reais,2.1.1 Alimentação,20.6,20.6
6715,1204,Distribuição da despesa monetária e não monetária média mensal familiar,%,Unidade da Federação,51,Mato Grosso,2018,Mais de 2.862 a 5.724 Reais,2.1.1 Alimentação,18.9,18.9
6715,1204,Distribuição da despesa monetária e não monetária média mensal familiar,%,Unidade da Federação,52,Goiás,2018,Mais de 2.862 a 5.724 Reais,2.1.1 Alimentação,16.8,16.8
6715,1204,Distribuição da despesa monetária e não monetária média mensal familiar,%,Unidade da Federação,53,Distrito Federal,2018,Mais de 2.862 a 5.724 Reais,2.1.1 Alimentação,14.0,14.0
6715,1204,Distribuição da despesa monetária e não monetária média mensal familiar,%,Brasil,1,Brasil,2018,Mais de 2.862 a 5.724 Reais,2.1.8 Recreação e cultura,1.9,1.9
6715,1204,Distribuição da despesa monetária e não monetária média mensal familiar,%,Unidade da Federação,11,Rondônia,2018,Mais de 2.862 a 5.724 Reais,2.1.8 Recreação e cultura,2.7,2.7
6715,1204,Distribuição da despesa monetária e não monetária média mensal familiar,%,Unidade da Federação,12,Acre,2018,Mais de 2.862 a 5.724 Reais,2.1.8 Recreação e cultura,2.0,2.0
6715,1204,Distribuição da despesa monetária e não monetária média mensal familiar,%,Unidade da Federação,13,Amazonas,2018,Mais de 2.862 a 5.724 Reais,2.1.8 Recreação e cultura,2.6,2.6
6715,1204,Distribuição da despesa monetária e não monetária média mensal familiar,%,Unidade da Federação,14,Roraima,2018,Mais de 2.862 a 5.724 Reais,2.1.8 Recreação e cultura,1.3,1.3
6715,1204,Distribuição da despesa monetária e não monetária média mensal familiar,%,Unidade da Federação,15,Pará,2018,Mais de 2.862 a 5.724 Reais,2.1.8 Recreação e cultura,2.5,2.5
6715,1204,Distribuição da despesa monetária e não monetária média mensal familiar,%,Unidade da Federação,16,Amapá,2018,Mais de 2.862 a 5.724 Reais,2.1.8 Recreação e cultura,2.4,2.4
6715,1204,Distribuição da despesa monetária e não monetária média mensal familiar,%,Unidade da Federação,17,Tocantins,2018,Mais de 2.862 a 5.724 Reais,2.1.8 Recreação e cultura,2.1,2.1
6715,1204,Distribuição da despesa monetária e não monetária média mensal familiar,%,Unidade da Federação,21,Maranhão,2018,Mais de 2.862 a 5.724 Reais,2.1.8 Recreação e cultura,2.9,2.9
6715,1204,Distribuição da despesa monetária e não monetária média mensal familiar,%,Unidade da Federação,22,Piauí,2018,Mais de 2.862 a 5.724 Reais,2.1.8 Recreação e cultura,1.3,1.3
6715,1204,Distribuição da despesa monetária e não monetária média mensal familiar,%,Unidade da Federação,23,Ceará,2018,Mais de 2.862 a 5.724 Reais,2.1.8 Recreação e cultura,1.9,1.9
6715,1204,Distribuição da despesa monetária e não monetária média mensal familiar,%,Unidade da Federação,24,Rio Grande do Norte,2018,Mais de 2.862 a 5.724 Reais,2.1.8 Recreação e cultura,2.5,2.5
6715,1204,Distribuição da despesa monetária e não monetária média mensal familiar,%,Unidade da Federação,25,Paraíba,2018,Mais de 2.862 a 5.724 Reais,2.1.8 Recreação e cultura,2.9,2.9
6715,1204,Distribuição da despesa monetária e não monetária média mensal familiar,%,Unidade da Federação,26,Pernambuco,2018,Mais de 2.862 a 5.724 Reais,2.1.8 Recreação e cultura,2.1,2.1
6715,1204,Distribuição da despesa monetária e não monetária média mensal familiar,%,Unidade da Federação,27,Alagoas,2018,Mais de 2.862 a 5.724 Reais,2.1.8 Recreação e cultura,2.4,2.4
6715,1204,Distribuição da despesa monetária e não monetária média mensal familiar,%,Unidade da Federação,28,Sergipe,2018,Mais de 2.862 a 5.724 Reais,2.1.8 Recreação e cultura,2.0,2.0
6715,1204,Distribuição da despesa monetária e não monetária média mensal familiar,%,Unidade da Federação,29,Bahia,2018,Mais de 2.862 a 5.724 Reais,2.1.8 Recreação e cultura,2.6,2.6
6715,1204,Distribuição da despesa monetária e não monetária média mensal familiar,%,Unidade da Federação,31,Minas Gerais,2018,Mais de 2.862 a 5.724 Reais,2.1.8 Recreação e cultura,1.9,1.9
6715,1204,Distribuição da despesa monetária e não monetária média mensal familiar,%,Unidade da Federação,32,Espírito Santo,2018,Mais de 2.862 a 5.724 Reais,2.1.8 Recreação e cultura,1.8,1.8
6715,1204,Distribuição da despesa monetária e não monetária média mensal familiar,%,Unidade da Federação,33,Rio de Janeiro,2018,Mais de 2.862 a 5.724 Reais,2.1.8 Recreação e cultura,2.0,2.0
6715,1204,Distribuição da despesa monetária e não monetária média mensal familiar,%,Unidade da Federação,35,São Paulo,2018,Mais de 2.862 a 5.724 Reais,2.1.8 Recreação e cultura,1.6,1.6
6715,1204,Distribuição da despesa monetária e não monetária média mensal familiar,%,Unidade da Federação,41,Paraná,2018,Mais de 2.862 a 5.724 Reais,2.1.8 Recreação e cultura,1.8,1.8
6715,1204,Distribuição da despesa monetária e não monetária média mensal familiar,%,Unidade da Federação,42,Santa Catarina,2018,Mais de 2.862 a 5.724 Reais,2.1.8 Recreação e cultura,1.7,1.7
6715,1204,Distribuição da despesa monetária e não monetária média mensal familiar,%,Unidade da Federação,43,Rio Grande do Sul,2018,Mais de 2.862 a 5.724 Reais,2.1.8 Recreação e cultura,2.0,2.0
6715,1204,Distribuição da despesa monetária e não monetária média mensal familiar,%,Unidade da Federação,50,Mato Grosso do Sul,2018,Mais de 2.862 a 5.724 Reais,2.1.8 Recreação e cultura,1.9,1.9
6715,1204,Distribuição da despesa monetária e não monetária média mensal familiar,%,Unidade da Federação,51,Mato Grosso,2018,Mais de 2.862 a 5.724 Reais,2.1.8 Recreação e cultura,1.6,1.6
6715,1204,Distribuição da despesa monetária e não monetária média mensal familiar,%,Unidade da Federação,52,Goiás,2018,Mais de 2.862 a 5.724 Reais,2.1.8 Recreação e cultura,1.9,1.9
6715,1204,Distribuição da despesa monetária e não monetária média mensal familiar,%,Unidade da Federação,53,Distrito Federal,2018,Mais de 2.862 a 5.724 Reais,2.1.8 Recreação e cultura,2.5,2.5
6715,1204,Distribuição da despesa monetária e não monetária média mensal familiar,%,Brasil,1,Brasil,2018,Mais de 2.862 a 5.724 Reais,2.1.8.4 Recreações e esportes,0.4,0.4
6715,1204,Distribuição da despesa monetária e não monetária média mensal familiar,%,Unidade da Federação,11,Rondônia,2018,Mais de 2.862 a 5.724 Reais,2.1.8.4 Recreações e esportes,0.2,0.2
6715,1204,Distribuição da despesa monetária e não monetária média mensal familiar,%,Unidade da Federação,12,Acre,2018,Mais de 2.862 a 5.724 Reais,2.1.8.4 Recreações e esportes,0.2,0.2
6715,1204,Distribuição da despesa monetária e não monetária média mensal familiar,%,Unidade da Federação,13,Amazonas,2018,Mais de 2.862 a 5.724 Reais,2.1.8.4 Recreações e esportes,0.5,0.5
6715,1204,Distribuição da despesa monetária e não monetária média mensal familiar,%,Unidade da Federação,14,Roraima,2018,Mais de 2.862 a 5.724 Reais,2.1.8.4 Recreações e esportes,0.5,0.5
6715,1204,Distribuição da despesa monetária e não monetária média mensal familiar,%,Unidade da Federação,15,Pará,2018,Mais de 2.862 a 5.724 Reais,2.1.8.4 Recreações e esportes,0.4,0.4
6715,1204,Distribuição da despesa monetária e não monetária média mensal familiar,%,Unidade da Federação,16,Amapá,2018,Mais de 2.862 a 5.724 Reais,2.1.8.4 Recreações e esportes,0.5,0.5
6715,1204,Distribuição da despesa monetária e não monetária média mensal familiar,%,Unidade da Federação,17,Tocantins,2018,Mais de 2.862 a 5.724 Reais,2.1.8.4 Recreações e esportes,0.2,0.2
6715,1204,Distribuição da despesa monetária e não monetária média mensal familiar,%,Unidade da Federação,21,Maranhão,2018,Mais de 2.862 a 5.724 Reais,2.1.8.4 Recreações e esportes,0.3,0.3
6715,1204,Distribuição da despesa monetária e não monetária média mensal familiar,%,Unidade da Federação,22,Piauí,2018,Mais de 2.862 a 5.724 Reais,2.1.8.4 Recreações e esportes,0.2,0.2
6715,1204,Distribuição da despesa monetária e não monetária média mensal familiar,%,Unidade da Federação,23,Ceará,2018,Mais de 2.862 a 5.724 Reais,2.1.8.4 Recreações e esportes,0.4,0.4
6715,1204,Distribuição da despesa monetária e não monetária média mensal familiar,%,Unidade da Federação,24,Rio Grande do Norte,2018,Mais de 2.862 a 5.724 Reais,2.1.8.4 Recreações e esportes,0.5,0.5
6715,1204,Distribuição da despesa monetária e não monetária média mensal familiar,%,Unidade da Federação,25,Paraíba,2018,Mais de 2.862 a 5.724 Reais,2.1.8.4 Recreações e esportes,0.3,0.3
6715,1204,Distribuição da despesa monetária e não monetária média mensal familiar,%,Unidade da Federação,26,Pernambuco,2018,Mais de 2.862 a 5.724 Reais,2.1.8.4 Recreações e esportes,0.3,0.3
6715,1204,Distribuição da despesa monetária e não monetária média mensal familiar,%,Unidade da Federação,27,Alagoas,2018,Mais de 2.862 a 5.724 Reais,2.1.8.4 Recreações e esportes,0.3,0.3
6715,1204,Distribuição da despesa monetária e não monetária média mensal familiar,%,Unidade da Federação,28,Sergipe,2018,Mais de 2.862 a 5.724 Reais,2.1.8.4 Recreações e esportes,0.2,0.2
6715,1204,Distribuição da despesa monetária e não monetária média mensal familiar,%,Unidade da Federação,29,Bahia,2018,Mais de 2.862 a 5.724 Reais,2.1.8.4 Recreações e esportes,0.7,0.7
6715,1204,Distribuição da despesa monetária e não monetária média mensal familiar,%,Unidade da Federação,31,Minas Gerais,2018,Mais de 2.862 a 5.724 Reais,2.1.8.4 Recreações e esportes,0.4,0.4
6715,1204,Distribuição da despesa monetária e não monetária média mensal familiar,%,Unidade da Federação,32,Espírito Santo,2018,Mais de 2.862 a 5.724 Reais,2.1.8.4 Recreações e esportes,0.3,0.3
6715,1204,Distribuição da despesa monetária e não monetária média mensal familiar,%,Unidade da Federação,33,Rio de Janeiro,2018,Mais de 2.862 a 5.724 Reais,2.1.8.4 Recreações e esportes,0.4,0.4
6715,1204,Distribuição da despesa monetária e não monetária média mensal familiar,%,Unidade da Federação,35,São Paulo,2018,Mais de 2.862 a 5.724 Reais,2.1.8.4 Recreações e esportes,0.3,0.3
6715,1204,Distribuição da despesa monetária e não monetária média mensal familiar,%,Unidade da Federação,41,Paraná,2018,Mais de 2.862 a 5.724 Reais,2.1.8.4 Recreações e esportes,0.5,0.5
6715,1204,Distribuição da despesa monetária e não monetária média mensal familiar,%,Unidade da Federação,42,Santa Catarina,2018,Mais de 2.862 a 5.724 Reais,2.1.8.4 Recreações e esportes,0.4,0.4
6715,1204,Distribuição da despesa monetária e não monetária média mensal familiar,%,Unidade da Federação,43,Rio Grande do Sul,2018,Mais de 2.862 a 5.724 Reais,2.1.8.4 Recreações e esportes,0.5,0.5
6715,1204,Distribuição da despesa monetária e não monetária média mensal familiar,%,Unidade da Federação,50,Mato Grosso do Sul,2018,Mais de 2.862 a 5.724 Reais,2.1.8.4 Recreações e esportes,0.3,0.3
6715,1204,Distribuição da despesa monetária e não monetária média mensal familiar,%,Unidade da Federação,51,Mato Grosso,2018,Mais de 2.862 a 5.724 Reais,2.1.8.4 Recreações e esportes,0.2,0.2
6715,1204,Distribuição da despesa monetária e não monetária média mensal familiar,%,Unidade da Federação,52,Goiás,2018,Mais de 2.862 a 5.724 Reais,2.1.8.4 Recreações e esportes,0.3,0.3
6715,1204,Distribuição da despesa monetária e não monetária média mensal familiar,%,Unidade da Federação,53,Distrito Federal,2018,Mais de 2.862 a 5.724 Reais,2.1.8.4 Recreações e esportes,0.4,0.4
6715,1204,Distribuição da despesa monetária e não monetária média mensal familiar,%,Brasil,1,Brasil,2018,Mais de 5.724 a 9.540 Reais,1 Despesa total,100.0,100.0
6715,1204,Distribuição da despesa monetária e não monetária média mensal familiar,%,Unidade da Federação,11,Rondônia,2018,Mais de 5.724 a 9.540 Reais,1 Despesa total,100.0,100.0
6715,1204,Distribuição da despesa monetária e não monetária média mensal familiar,%,Unidade da Federação,12,Acre,2018,Mais de 5.724 a 9.540 Reais,1 Despesa total,100.0,100.0
6715,1204,Distribuição da despesa monetária e não monetária média mensal familiar,%,Unidade da Federação,13,Amazonas,2018,Mais de 5.724 a 9.540 Reais,1 Despesa total,100.0,100.0
6715,1204,Distribuição da despesa monetária e não monetária média mensal familiar,%,Unidade da Federação,14,Roraima,2018,Mais de 5.724 a 9.540 Reais,1 Despesa total,100.0,100.0
6715,1204,Distribuição da despesa monetária e não monetária média mensal familiar,%,Unidade da Federação,15,Pará,2018,Mais de 5.724 a 9.540 Reais,1 Despesa total,100.0,100.0
6715,1204,Distribuição da despesa monetária e não monetária média mensal familiar,%,Unidade da Federação,16,Amapá,2018,Mais de 5.724 a 9.540 Reais,1 Despesa total,100.0,100.0
6715,1204,Distribuição da despesa monetária e não monetária média mensal familiar,%,Unidade da Federação,17,Tocantins,2018,Mais de 5.724 a 9.540 Reais,1 Despesa total,100.0,100.0
6715,1204,Distribuição da despesa monetária e não monetária média mensal familiar,%,Unidade da Federação,21,Maranhão,2018,Mais de 5.724 a 9.540 Reais,1 Despesa total,100.0,100.0
6715,1204,Distribuição da despesa monetária e não monetária média mensal familiar,%,Unidade da Federação,22,Piauí,2018,Mais de 5.724 a 9.540 Reais,1 Despesa total,100.0,100.0
6715,1204,Distribuição da despesa monetária e não monetária média mensal familiar,%,Unidade da Federação,23,Ceará,2018,Mais de 5.724 a 9.540 Reais,1 Despesa total,100.0,100.0
6715,1204,Distribuição da despesa monetária e não monetária média mensal familiar,%,Unidade da Federação,24,Rio Grande do Norte,2018,Mais de 5.724 a 9.540 Reais,1 Despesa total,100.0,100.0
6715,1204,Distribuição da despesa monetária e não monetária média mensal familiar,%,Unidade da Federação,25,Paraíba,2018,Mais de 5.724 a 9.540 Reais,1 Despesa total,100.0,100.0
6715,1204,Distribuição da despesa monetária e não monetária média mensal familiar,%,Unidade da Federação,26,Pernambuco,2018,Mais de 5.724 a 9.540 Reais,1 Despesa total,100.0,100.0
6715,1204,Distribuição da despesa monetária e não monetária média mensal familiar,%,Unidade da Federação,27,Alagoas,2018,Mais de 5.724 a 9.540 Reais,1 Despesa total,100.0,100.0
6715,1204,Distribuição da despesa monetária e não monetária média mensal familiar,%,Unidade da Federação,28,Sergipe,2018,Mais de 5.724 a 9.540 Reais,1 Despesa total,100.0,100.0
6715,1204,Distribuição da despesa monetária e não monetária média mensal familiar,%,Unidade da Federação,29,Bahia,2018,Mais de 5.724 a 9.540 Reais,1 Despesa total,100.0,100.0
6715,1204,Distribuição da despesa monetária e não monetária média mensal familiar,%,Unidade da Federação,31,Minas Gerais,2018,Mais de 5.724 a 9.540 Reais,1 Despesa total,100.0,100.0
6715,1204,Distribuição da despesa monetária e não monetária média mensal familiar,%,Unidade da Federação,32,Espírito Santo,2018,Mais de 5.724 a 9.540 Reais,1 Despesa total,100.0,100.0
6715,1204,Distribuição da despesa monetária e não monetária média mensal familiar,%,Unidade da Federação,33,Rio de Janeiro,2018,Mais de 5.724 a 9.540 Reais,1 Despesa total,100.0,100.0
6715,1204,Distribuição da despesa monetária e não monetária média mensal familiar,%,Unidade da Federação,35,São Paulo,2018,Mais de 5.724 a 9.540 Reais,1 Despesa total,100.0,100.0
6715,1204,Distribuição da despesa monetária e não monetária média mensal familiar,%,Unidade da Federação,41,Paraná,2018,Mais de 5.724 a 9.540 Reais,1 Despesa total,100.0,100.0
6715,1204,Distribuição da despesa monetária e não monetária média mensal familiar,%,Unidade da Federação,42,Santa Catarina,2018,Mais de 5.724 a 9.540 Reais,1 Despesa total,100.0,100.0
6715,1204,Distribuição da despesa monetária e não monetária média mensal familiar,%,Unidade da Federação,43,Rio Grande do Sul,2018,Mais de 5.724 a 9.540 Reais,1 Despesa total,100.0,100.0
6715,1204,Distribuição da despesa monetária e não monetária média mensal familiar,%,Unidade da Federação,50,Mato Grosso do Sul,2018,Mais de 5.724 a 9.540 Reais,1 Despesa total,100.0,100.0
6715,1204,Distribuição da despesa monetária e não monetária média mensal familiar,%,Unidade da Federação,51,Mato Grosso,2018,Mais de 5.724 a 9.540 Reais,1 Despesa total,100.0,100.0
6715,1204,Distribuição da despesa monetária e não monetária média mensal familiar,%,Unidade da Federação,52,Goiás,2018,Mais de 5.724 a 9.540 Reais,1 Despesa total,100.0,100.0
6715,1204,Distribuição da despesa monetária e não monetária média mensal familiar,%,Unidade da Federação,53,Distrito Federal,2018,Mais de 5.724 a 9.540 Reais,1 Despesa total,100.0,100.0
6715,1204,Distribuição da despesa monetária e não monetária média mensal familiar,%,Brasil,1,Brasil,2018,Mais de 5.724 a 9.540 Reais,2.1 Despesas de consumo,82.9,82.9
6715,1204,Distribuição da despesa monetária e não monetária média mensal familiar,%,Unidade da Federação,11,Rondônia,2018,Mais de 5.724 a 9.540 Reais,2.1 Despesas de consumo,80.5,80.5
6715,1204,Distribuição da despesa monetária e não monetária média mensal familiar,%,Unidade da Federação,12,Acre,2018,Mais de 5.724 a 9.540 Reais,2.1 Despesas de consumo,73.8,73.8
6715,1204,Distribuição da despesa monetária e não monetária média mensal familiar,%,Unidade da Federação,13,Amazonas,2018,Mais de 5.724 a 9.540 Reais,2.1 Despesas de consumo,81.9,81.9
6715,1204,Distribuição da despesa monetária e não monetária média mensal familiar,%,Unidade da Federação,14,Roraima,2018,Mais de 5.724 a 9.540 Reais,2.1 Despesas de consumo,80.1,80.1
6715,1204,Distribuição da despesa monetária e não monetária média mensal familiar,%,Unidade da Federação,15,Pará,2018,Mais de 5.724 a 9.540 Reais,2.1 Despesas de consumo,78.6,78.6
6715,1204,Distribuição da despesa monetária e não monetária média mensal familiar,%,Unidade da Federação,16,Amapá,2018,Mais de 5.724 a 9.540 Reais,2.1 Despesas de consumo,78.1,78.1
6715,1204,Distribuição da despesa monetária e não monetária média mensal familiar,%,Unidade da Federação,17,Tocantins,2018,Mais de 5.724 a 9.540 Reais,2.1 Despesas de consumo,79.0,79.0
6715,1204,Distribuição da despesa monetária e não monetária média mensal familiar,%,Unidade da Federação,21,Maranhão,2018,Mais de 5.724 a 9.540 Reais,2.1 Despesas de consumo,80.9,80.9
6715,1204,Distribuição da despesa monetária e não monetária média mensal familiar,%,Unidade da Federação,22,Piauí,2018,Mais de 5.724 a 9.540 Reais,2.1 Despesas de consumo,84.4,84.4
6715,1204,Distribuição da despesa monetária e não monetária média mensal familiar,%,Unidade da Federação,23,Ceará,2018,Mais de 5.724 a 9.540 Reais,2.1 Despesas de consumo,82.8,82.8
6715,1204,Distribuição da despesa monetária e não monetária média mensal familiar,%,Unidade da Federação,24,Rio Grande do Norte,2018,Mais de 5.724 a 9.540 Reais,2.1 Despesas de consumo,85.4,85.4
6715,1204,Distribuição da despesa monetária e não monetária média mensal familiar,%,Unidade da Federação,25,Paraíba,2018,Mais de 5.724 a 9.540 Reais,2.1 Despesas de consumo,79.5,79.5
6715,1204,Distribuição da despesa monetária e não monetária média mensal familiar,%,Unidade da Federação,26,Pernambuco,2018,Mais de 5.724 a 9.540 Reais,2.1 Despesas de consumo,82.7,82.7
6715,1204,Distribuição da despesa monetária e não monetária média mensal familiar,%,Unidade da Federação,27,Alagoas,2018,Mais de 5.724 a 9.540 Reais,2.1 Despesas de consumo,78.3,78.3
6715,1204,Distribuição da despesa monetária e não monetária média mensal familiar,%,Unidade da Federação,28,Sergipe,2018,Mais de 5.724 a 9.540 Reais,2.1 Despesas de consumo,82.9,82.9
6715,1204,Distribuição da despesa monetária e não monetária média mensal familiar,%,Unidade da Federação,29,Bahia,2018,Mais de 5.724 a 9.540 Reais,2.1 Despesas de consumo,82.0,82.0
6715,1204,Distribuição da despesa monetária e não monetária média mensal familiar,%,Unidade da Federação,31,Minas Gerais,2018,Mais de 5.724 a 9.540 Reais,2.1 Despesas de consumo,82.3,82.3
6715,1204,Distribuição da despesa monetária e não monetária média mensal familiar,%,Unidade da Federação,32,Espírito Santo,2018,Mais de 5.724 a 9.540 Reais,2.1 Despesas de consumo,82.5,82.5
6715,1204,Distribuição da despesa monetária e não monetária média mensal familiar,%,Unidade da Federação,33,Rio de Janeiro,2018,Mais de 5.724 a 9.540 Reais,2.1 Despesas de consumo,83.4,83.4
6715,1204,Distribuição da despesa monetária e não monetária média mensal familiar,%,Unidade da Federação,35,São Paulo,2018,Mais de 5.724 a 9.540 Reais,2.1 Despesas de consumo,84.3,84.3
6715,1204,Distribuição da despesa monetária e não monetária média mensal familiar,%,Unidade da Federação,41,Paraná,2018,Mais de 5.724 a 9.540 Reais,2.1 Despesas de consumo,79.6,79.6
6715,1204,Distribuição da despesa monetária e não monetária média mensal familiar,%,Unidade da Federação,42,Santa Catarina,2018,Mais de 5.724 a 9.540 Reais,2.1 Despesas de consumo,85.0,85.0
6715,1204,Distribuição da despesa monetária e não monetária média mensal familiar,%,Unidade da Federação,43,Rio Grande do Sul,2018,Mais de 5.724 a 9.540 Reais,2.1 Despesas de consumo,83.5,83.5
6715,1204,Distribuição da despesa monetária e não monetária média mensal familiar,%,Unidade da Federação,50,Mato Grosso do Sul,2018,Mais de 5.724 a 9.540 Reais,2.1 Despesas de consumo,82.2,82.2
6715,1204,Distribuição da despesa monetária e não monetária média mensal familiar,%,Unidade da Federação,51,Mato Grosso,2018,Mais de 5.724 a 9.540 Reais,2.1 Despesas de consumo,82.2,82.2
6715,1204,Distribuição da despesa monetária e não monetária média mensal familiar,%,Unidade da Federação,52,Goiás,2018,Mais de 5.724 a 9.540 Reais,2.1 Despesas de consumo,81.1,81.1
6715,1204,Distribuição da despesa monetária e não monetária média mensal familiar,%,Unidade da Federação,53,Distrito Federal,2018,Mais de 5.724 a 9.540 Reais,2.1 Despesas de consumo,82.8,82.8
6715,1204,Distribuição da despesa monetária e não monetária média mensal familiar,%,Brasil,1,Brasil,2018,Mais de 5.724 a 9.540 Reais,2.1.1 Alimentação,13.8,13.8
6715,1204,Distribuição da despesa monetária e não monetária média mensal familiar,%,Unidade da Federação,11,Rondônia,2018,Mais de 5.724 a 9.540 Reais,2.1.1 Alimentação,10.5,10.5
6715,1204,Distribuição da despesa monetária e não monetária média mensal familiar,%,Unidade da Federação,12,Acre,2018,Mais de 5.724 a 9.540 Reais,2.1.1 Alimentação,12.8,12.8
6715,1204,Distribuição da despesa monetária e não monetária média mensal familiar,%,Unidade da Federação,13,Amazonas,2018,Mais de 5.724 a 9.540 Reais,2.1.1 Alimentação,14.0,14.0
6715,1204,Distribuição da despesa monetária e não monetária média mensal familiar,%,Unidade da Federação,14,Roraima,2018,Mais de 5.724 a 9.540 Reais,2.1.1 Alimentação,13.4,13.4
6715,1204,Distribuição da despesa monetária e não monetária média mensal familiar,%,Unidade da Federação,15,Pará,2018,Mais de 5.724 a 9.540 Reais,2.1.1 Alimentação,18.7,18.7
6715,1204,Distribuição da despesa monetária e não monetária média mensal familiar,%,Unidade da Federação,16,Amapá,2018,Mais de 5.724 a 9.540 Reais,2.1.1 Alimentação,20.0,20.0
6715,1204,Distribuição da despesa monetária e não monetária média mensal familiar,%,Unidade da Federação,17,Tocantins,2018,Mais de 5.724 a 9.540 Reais,2.1.1 Alimentação,10.8,10.8
6715,1204,Distribuição da despesa monetária e não monetária média mensal familiar,%,Unidade da Federação,21,Maranhão,2018,Mais de 5.724 a 9.540 Reais,2.1.1 Alimentação,12.7,12.7
6715,1204,Distribuição da despesa monetária e não monetária média mensal familiar,%,Unidade da Federação,22,Piauí,2018,Mais de 5.724 a 9.540 Reais,2.1.1 Alimentação,19.4,19.4
6715,1204,Distribuição da despesa monetária e não monetária média mensal familiar,%,Unidade da Federação,23,Ceará,2018,Mais de 5.724 a 9.540 Reais,2.1.1 Alimentação,15.8,15.8
6715,1204,Distribuição da despesa monetária e não monetária média mensal familiar,%,Unidade da Federação,24,Rio Grande do Norte,2018,Mais de 5.724 a 9.540 Reais,2.1.1 Alimentação,18.6,18.6
6715,1204,Distribuição da despesa monetária e não monetária média mensal familiar,%,Unidade da Federação,25,Paraíba,2018,Mais de 5.724 a 9.540 Reais,2.1.1 Alimentação,12.8,12.8
6715,1204,Distribuição da despesa monetária e não monetária média mensal familiar,%,Unidade da Federação,26,Pernambuco,2018,Mais de 5.724 a 9.540 Reais,2.1.1 Alimentação,15.0,15.0
6715,1204,Distribuição da despesa monetária e não monetária média mensal familiar,%,Unidade da Federação,27,Alagoas,2018,Mais de 5.724 a 9.540 Reais,2.1.1 Alimentação,11.0,11.0
6715,1204,Distribuição da despesa monetária e não monetária média mensal familiar,%,Unidade da Federação,28,Sergipe,2018,Mais de 5.724 a 9.540 Reais,2.1.1 Alimentação,19.1,19.1
6715,1204,Distribuição da despesa monetária e não monetária média mensal familiar,%,Unidade da Federação,29,Bahia,2018,Mais de 5.724 a 9.540 Reais,2.1.1 Alimentação,15.6,15.6
6715,1204,Distribuição da despesa monetária e não monetária média mensal familiar,%,Unidade da Federação,31,Minas Gerais,2018,Mais de 5.724 a 9.540 Reais,2.1.1 Alimentação,14.7,14.7
6715,1204,Distribuição da despesa monetária e não monetária média mensal familiar,%,Unidade da Federação,32,Espírito Santo,2018,Mais de 5.724 a 9.540 Reais,2.1.1 Alimentação,11.5,11.5
6715,1204,Distribuição da despesa monetária e não monetária média mensal familiar,%,Unidade da Federação,33,Rio de Janeiro,2018,Mais de 5.724 a 9.540 Reais,2.1.1 Alimentação,11.9,11.9
6715,1204,Distribuição da despesa monetária e não monetária média mensal familiar,%,Unidade da Federação,35,São Paulo,2018,Mais de 5.724 a 9.540 Reais,2.1.1 Alimentação,13.0,13.0
6715,1204,Distribuição da despesa monetária e não monetária média mensal familiar,%,Unidade da Federação,41,Paraná,2018,Mais de 5.724 a 9.540 Reais,2.1.1 Alimentação,12.5,12.5
6715,1204,Distribuição da despesa monetária e não monetária média mensal familiar,%,Unidade da Federação,42,Santa Catarina,2018,Mais de 5.724 a 9.540 Reais,2.1.1 Alimentação,14.6,14.6
6715,1204,Distribuição da despesa monetária e não monetária média mensal familiar,%,Unidade da Federação,43,Rio Grande do Sul,2018,Mais de 5.724 a 9.540 Reais,2.1.1 Alimentação,14.8,14.8
6715,1204,Distribuição da despesa monetária e não monetária média mensal familiar,%,Unidade da Federação,50,Mato Grosso do Sul,2018,Mais de 5.724 a 9.540 Reais,2.1.1 Alimentação,18.1,18.1
6715,1204,Distribuição da despesa monetária e não monetária média mensal familiar,%,Unidade da Federação,51,Mato Grosso,2018,Mais de 5.724 a 9.540 Reais,2.1.1 Alimentação,14.2,14.2
6715,1204,Distribuição da despesa monetária e não monetária média mensal familiar,%,Unidade da Federação,52,Goiás,2018,Mais de 5.724 a 9.540 Reais,2.1.1 Alimentação,12.4,12.4
6715,1204,Distribuição da despesa monetária e não monetária média mensal familiar,%,Unidade da Federação,53,Distrito Federal,2018,Mais de 5.724 a 9.540 Reais,2.1.1 Alimentação,10.2,10.2
6715,1204,Distribuição da despesa monetária e não monetária média mensal familiar,%,Brasil,1,Brasil,2018,Mais de 5.724 a 9.540 Reais,2.1.8 Recreação e cultura,2.2,2.2
6715,1204,Distribuição da despesa monetária e não monetária média mensal familiar,%,Unidade da Federação,11,Rondônia,2018,Mais de 5.724 a 9.540 Reais,2.1.8 Recreação e cultura,2.3,2.3
6715,1204,Distribuição da despesa monetária e não monetária média mensal familiar,%,Unidade da Federação,12,Acre,2018,Mais de 5.724 a 9.540 Reais,2.1.8 Recreação e cultura,2.5,2.5
6715,1204,Distribuição da despesa monetária e não monetária média mensal familiar,%,Unidade da Federação,13,Amazonas,2018,Mais de 5.724 a 9.540 Reais,2.1.8 Recreação e cultura,2.8,2.8
6715,1204,Distribuição da despesa monetária e não monetária média mensal familiar,%,Unidade da Federação,14,Roraima,2018,Mais de 5.724 a 9.540 Reais,2.1.8 Recreação e cultura,2.5,2.5
6715,1204,Distribuição da despesa monetária e não monetária média mensal familiar,%,Unidade da Federação,15,Pará,2018,Mais de 5.724 a 9.540 Reais,2.1.8 Recreação e cultura,1.8,1.8
6715,1204,Distribuição da despesa monetária e não monetária média mensal familiar,%,Unidade da Federação,16,Amapá,2018,Mais de 5.724 a 9.540 Reais,2.1.8 Recreação e cultura,1.5,1.5
6715,1204,Distribuição da despesa monetária e não monetária média mensal familiar,%,Unidade da Federação,17,Tocantins,2018,Mais de 5.724 a 9.540 Reais,2.1.8 Recreação e cultura,1.6,1.6
6715,1204,Distribuição da despesa monetária e não monetária média mensal familiar,%,Unidade da Federação,21,Maranhão,2018,Mais de 5.724 a 9.540 Reais,2.1.8 Recreação e cultura,2.5,2.5
6715,1204,Distribuição da despesa monetária e não monetária média mensal familiar,%,Unidade da Federação,22,Piauí,2018,Mais de 5.724 a 9.540 Reais,2.1.8 Recreação e cultura,1.3,1.3
6715,1204,Distribuição da despesa monetária e não monetária média mensal familiar,%,Unidade da Federação,23,Ceará,2018,Mais de 5.724 a 9.540 Reais,2.1.8 Recreação e cultura,2.6,2.6
6715,1204,Distribuição da despesa monetária e não monetária média mensal familiar,%,Unidade da Federação,24,Rio Grande do Norte,2018,Mais de 5.724 a 9.540 Reais,2.1.8 Recreação e cultura,2.9,2.9
6715,1204,Distribuição da despesa monetária e não monetária média mensal familiar,%,Unidade da Federação,25,Paraíba,2018,Mais de 5.724 a 9.540 Reais,2.1.8 Recreação e cultura,2.3,2.3
6715,1204,Distribuição da despesa monetária e não monetária média mensal familiar,%,Unidade da Federação,26,Pernambuco,2018,Mais de 5.724 a 9.540 Reais,2.1.8 Recreação e cultura,2.3,2.3
6715,1204,Distribuição da despesa monetária e não monetária média mensal familiar,%,Unidade da Federação,27,Alagoas,2018,Mais de 5.724 a 9.540 Reais,2.1.8 Recreação e cultura,1.5,1.5
6715,1204,Distribuição da despesa monetária e não monetária média mensal familiar,%,Unidade da Federação,28,Sergipe,2018,Mais de 5.724 a 9.540 Reais,2.1.8 Recreação e cultura,1.8,1.8
6715,1204,Distribuição da despesa monetária e não monetária média mensal familiar,%,Unidade da Federação,29,Bahia,2018,Mais de 5.724 a 9.540 Reais,2.1.8 Recreação e cultura,2.1,2.1
6715,1204,Distribuição da despesa monetária e não monetária média mensal familiar,%,Unidade da Federação,31,Minas Gerais,2018,Mais de 5.724 a 9.540 Reais,2.1.8 Recreação e cultura,2.5,2.5
6715,1204,Distribuição da despesa monetária e não monetária média mensal familiar,%,Unidade da Federação,32,Espírito Santo,2018,Mais de 5.724 a 9.540 Reais,2.1.8 Recreação e cultura,1.8,1.8
6715,1204,Distribuição da despesa monetária e não monetária média mensal familiar,%,Unidade da Federação,33,Rio de Janeiro,2018,Mais de 5.724 a 9.540 Reais,2.1.8 Recreação e cultura,2.2,2.2
6715,1204,Distribuição da despesa monetária e não monetária média mensal familiar,%,Unidade da Federação,35,São Paulo,2018,Mais de 5.724 a 9.540 Reais,2.1.8 Recreação e cultura,2.0,2.0
6715,1204,Distribuição da despesa monetária e não monetária média mensal familiar,%,Unidade da Federação,41,Paraná,2018,Mais de 5.724 a 9.540 Reais,2.1.8 Recreação e cultura,2.2,2.2
6715,1204,Distribuição da despesa monetária e não monetária média mensal familiar,%,Unidade da Federação,42,Santa Catarina,2018,Mais de 5.724 a 9.540 Reais,2.1.8 Recreação e cultura,2.2,2.2
6715,1204,Distribuição da despesa monetária e não monetária média mensal familiar,%,Unidade da Federação,43,Rio Grande do Sul,2018,Mais de 5.724 a 9.540 Reais,2.1.8 Recreação e cultura,2.5,2.5
6715,1204,Distribuição da despesa monetária e não monetária média mensal familiar,%,Unidade da Federação,50,Mato Grosso do Sul,2018,Mais de 5.724 a 9.540 Reais,2.1.8 Recreação e cultura,2.0,2.0
6715,1204,Distribuição da despesa monetária e não monetária média mensal familiar,%,Unidade da Federação,51,Mato Grosso,2018,Mais de 5.724 a 9.540 Reais,2.1.8 Recreação e cultura,2.3,2.3
6715,1204,Distribuição da despesa monetária e não monetária média mensal familiar,%,Unidade da Federação,52,Goiás,2018,Mais de 5.724 a 9.540 Reais,2.1.8 Recreação e cultura,1.9,1.9
6715,1204,Distribuição da despesa monetária e não monetária média mensal familiar,%,Unidade da Federação,53,Distrito Federal,2018,Mais de 5.724 a 9.540 Reais,2.1.8 Recreação e cultura,3.0,3.0
6715,1204,Distribuição da despesa monetária e não monetária média mensal familiar,%,Brasil,1,Brasil,2018,Mais de 5.724 a 9.540 Reais,2.1.8.4 Recreações e esportes,0.5,0.5
6715,1204,Distribuição da despesa monetária e não monetária média mensal familiar,%,Unidade da Federação,11,Rondônia,2018,Mais de 5.724 a 9.540 Reais,2.1.8.4 Recreações e esportes,0.3,0.3
6715,1204,Distribuição da despesa monetária e não monetária média mensal familiar,%,Unidade da Federação,12,Acre,2018,Mais de 5.724 a 9.540 Reais,2.1.8.4 Recreações e esportes,0.2,0.2
6715,1204,Distribuição da despesa monetária e não monetária média mensal familiar,%,Unidade da Federação,13,Amazonas,2018,Mais de 5.724 a 9.540 Reais,2.1.8.4 Recreações e esportes,0.6,0.6
6715,1204,Distribuição da despesa monetária e não monetária média mensal familiar,%,Unidade da Federação,14,Roraima,2018,Mais de 5.724 a 9.540 Reais,2.1.8.4 Recreações e esportes,0.2,0.2
6715,1204,Distribuição da despesa monetária e não monetária média mensal familiar,%,Unidade da Federação,15,Pará,2018,Mais de 5.724 a 9.540 Reais,2.1.8.4 Recreações e esportes,0.6,0.6
6715,1204,Distribuição da despesa monetária e não monetária média mensal familiar,%,Unidade da Federação,16,Amapá,2018,Mais de 5.724 a 9.540 Reais,2.1.8.4 Recreações e esportes,0.4,0.4
6715,1204,Distribuição da despesa monetária e não monetária média mensal familiar,%,Unidade da Federação,17,Tocantins,2018,Mais de 5.724 a 9.540 Reais,2.1.8.4 Recreações e esportes,0.3,0.3
6715,1204,Distribuição da despesa monetária e não monetária média mensal familiar,%,Unidade da Federação,21,Maranhão,2018,Mais de 5.724 a 9.540 Reais,2.1.8.4 Recreações e esportes,0.3,0.3
6715,1204,Distribuição da despesa monetária e não monetária média mensal familiar,%,Unidade da Federação,22,Piauí,2018,Mais de 5.724 a 9.540 Reais,2.1.8.4 Recreações e esportes,0.3,0.3
6715,1204,Distribuição da despesa monetária e não monetária média mensal familiar,%,Unidade da Federação,23,Ceará,2018,Mais de 5.724 a 9.540 Reais,2.1.8.4 Recreações e esportes,0.5,0.5
6715,1204,Distribuição da despesa monetária e não monetária média mensal familiar,%,Unidade da Federação,24,Rio Grande do Norte,2018,Mais de 5.724 a 9.540 Reais,2.1.8.4 Recreações e esportes,0.5,0.5
6715,1204,Distribuição da despesa monetária e não monetária média mensal familiar,%,Unidade da Federação,25,Paraíba,2018,Mais de 5.724 a 9.540 Reais,2.1.8.4 Recreações e esportes,0.4,0.4
6715,1204,Distribuição da despesa monetária e não monetária média mensal familiar,%,Unidade da Federação,26,Pernambuco,2018,Mais de 5.724 a 9.540 Reais,2.1.8.4 Recreações e esportes,0.5,0.5
6715,1204,Distribuição da despesa monetária e não monetária média mensal familiar,%,Unidade da Federação,27,Alagoas,2018,Mais de 5.724 a 9.540 Reais,2.1.8.4 Recreações e esportes,0.3,0.3
6715,1204,Distribuição da despesa monetária e não monetária média mensal familiar,%,Unidade da Federação,28,Sergipe,2018,Mais de 5.724 a 9.540 Reais,2.1.8.4 Recreações e esportes,0.5,0.5
6715,1204,Distribuição da despesa monetária e não monetária média mensal familiar,%,Unidade da Federação,29,Bahia,2018,Mais de 5.724 a 9.540 Reais,2.1.8.4 Recreações e esportes,0.4,0.4
6715,1204,Distribuição da despesa monetária e não monetária média mensal familiar,%,Unidade da Federação,31,Minas Gerais,2018,Mais de 5.724 a 9.540 Reais,2.1.8.4 Recreações e esportes,0.7,0.7
6715,1204,Distribuição da despesa monetária e não monetária média mensal familiar,%,Unidade da Federação,32,Espírito Santo,2018,Mais de 5.724 a 9.540 Reais,2.1.8.4 Recreações e esportes,0.3,0.3
6715,1204,Distribuição da despesa monetária e não monetária média mensal familiar,%,Unidade da Federação,33,Rio de Janeiro,2018,Mais de 5.724 a 9.540 Reais,2.1.8.4 Recreações e esportes,0.6,0.6
6715,1204,Distribuição da despesa monetária e não monetária média mensal familiar,%,Unidade da Federação,35,São Paulo,2018,Mais de 5.724 a 9.540 Reais,2.1.8.4 Recreações e esportes,0.5,0.5
6715,1204,Distribuição da despesa monetária e não monetária média mensal familiar,%,Unidade da Federação,41,Paraná,2018,Mais de 5.724 a 9.540 Reais,2.1.8.4 Recreações e esportes,0.6,0.6
6715,1204,Distribuição da despesa monetária e não monetária média mensal familiar,%,Unidade da Federação,42,Santa Catarina,2018,Mais de 5.724 a 9.540 Reais,2.1.8.4 Recreações e esportes,0.6,0.6
6715,1204,Distribuição da despesa monetária e não monetária média mensal familiar,%,Unidade da Federação,43,Rio Grande do Sul,2018,Mais de 5.724 a 9.540 Reais,2.1.8.4 Recreações e esportes,0.7,0.7
6715,1204,Distribuição da despesa monetária e não monetária média mensal familiar,%,Unidade da Federação,50,Mato Grosso do Sul,2018,Mais de 5.724 a 9.540 Reais,2.1.8.4 Recreações e esportes,0.5,0.5
6715,1204,Distribuição da despesa monetária e não monetária média mensal familiar,%,Unidade da Federação,51,Mato Grosso,2018,Mais de 5.724 a 9.540 Reais,2.1.8.4 Recreações e esportes,0.2,0.2
6715,1204,Distribuição da despesa monetária e não monetária média mensal familiar,%,Unidade da Federação,52,Goiás,2018,Mais de 5.724 a 9.540 Reais,2.1.8.4 Recreações e esportes,0.3,0.3
6715,1204,Distribuição da despesa monetária e não monetária média mensal familiar,%,Unidade da Federação,53,Distrito Federal,2018,Mais de 5.724 a 9.540 Reais,2.1.8.4 Recreações e esportes,0.6,0.6
6715,1204,Distribuição da despesa monetária e não monetária média mensal familiar,%,Brasil,1,Brasil,2018,Mais de 9.540 a 14.310 Reais,1 Despesa total,100.0,100.0
6715,1204,Distribuição da despesa monetária e não monetária média mensal familiar,%,Unidade da Federação,11,Rondônia,2018,Mais de 9.540 a 14.310 Reais,1 Despesa total,100.0,100.0
6715,1204,Distribuição da despesa monetária e não monetária média mensal familiar,%,Unidade da Federação,12,Acre,2018,Mais de 9.540 a 14.310 Reais,1 Despesa total,100.0,100.0
6715,1204,Distribuição da despesa monetária e não monetária média mensal familiar,%,Unidade da Federação,13,Amazonas,2018,Mais de 9.540 a 14.310 Reais,1 Despesa total,100.0,100.0
6715,1204,Distribuição da despesa monetária e não monetária média mensal familiar,%,Unidade da Federação,14,Roraima,2018,Mais de 9.540 a 14.310 Reais,1 Despesa total,100.0,100.0
6715,1204,Distribuição da despesa monetária e não monetária média mensal familiar,%,Unidade da Federação,15,Pará,2018,Mais de 9.540 a 14.310 Reais,1 Despesa total,100.0,100.0
6715,1204,Distribuição da despesa monetária e não monetária média mensal familiar,%,Unidade da Federação,16,Amapá,2018,Mais de 9.540 a 14.310 Reais,1 Despesa total,100.0,100.0
6715,1204,Distribuição da despesa monetária e não monetária média mensal familiar,%,Unidade da Federação,17,Tocantins,2018,Mais de 9.540 a 14.310 Reais,1 Despesa total,100.0,100.0
6715,1204,Distribuição da despesa monetária e não monetária média mensal familiar,%,Unidade da Federação,21,Maranhão,2018,Mais de 9.540 a 14.310 Reais,1 Despesa total,100.0,100.0
6715,1204,Distribuição da despesa monetária e não monetária média mensal familiar,%,Unidade da Federação,22,Piauí,2018,Mais de 9.540 a 14.310 Reais,1 Despesa total,100.0,100.0
6715,1204,Distribuição da despesa monetária e não monetária média mensal familiar,%,Unidade da Federação,23,Ceará,2018,Mais de 9.540 a 14.310 Reais,1 Despesa total,100.0,100.0
6715,1204,Distribuição da despesa monetária e não monetária média mensal familiar,%,Unidade da Federação,24,Rio Grande do Norte,2018,Mais de 9.540 a 14.310 Reais,1 Despesa total,100.0,100.0
6715,1204,Distribuição da despesa monetária e não monetária média mensal familiar,%,Unidade da Federação,25,Paraíba,2018,Mais de 9.540 a 14.310 Reais,1 Despesa total,100.0,100.0
6715,1204,Distribuição da despesa monetária e não monetária média mensal familiar,%,Unidade da Federação,26,Pernambuco,2018,Mais de 9.540 a 14.310 Reais,1 Despesa total,100.0,100.0
6715,1204,Distribuição da despesa monetária e não monetária média mensal familiar,%,Unidade da Federação,27,Alagoas,2018,Mais de 9.540 a 14.310 Reais,1 Despesa total,100.0,100.0
6715,1204,Distribuição da despesa monetária e não monetária média mensal familiar,%,Unidade da Federação,28,Sergipe,2018,Mais de 9.540 a 14.310 Reais,1 Despesa total,100.0,100.0
6715,1204,Distribuição da despesa monetária e não monetária média mensal familiar,%,Unidade da Federação,29,Bahia,2018,Mais de 9.540 a 14.310 Reais,1 Despesa total,100.0,100.0
6715,1204,Distribuição da despesa monetária e não monetária média mensal familiar,%,Unidade da Federação,31,Minas Gerais,2018,Mais de 9.540 a 14.310 Reais,1 Despesa total,100.0,100.0
6715,1204,Distribuição da despesa monetária e não monetária média mensal familiar,%,Unidade da Federação,32,Espírito Santo,2018,Mais de 9.540 a 14.310 Reais,1 Despesa total,100.0,100.0
6715,1204,Distribuição da despesa monetária e não monetária média mensal familiar,%,Unidade da Federação,33,Rio de Janeiro,2018,Mais de 9.540 a 14.310 Reais,1 Despesa total,100.0,100.0
6715,1204,Distribuição da despesa monetária e não monetária média mensal familiar,%,Unidade da Federação,35,São Paulo,2018,Mais de 9.540 a 14.310 Reais,1 Despesa total,100.0,100.0
6715,1204,Distribuição da despesa monetária e não monetária média mensal familiar,%,Unidade da Federação,41,Paraná,2018,Mais de 9.540 a 14.310 Reais,1 Despesa total,100.0,100.0
6715,1204,Distribuição da despesa monetária e não monetária média mensal familiar,%,Unidade da Federação,42,Santa Catarina,2018,Mais de 9.540 a 14.310 Reais,1 Despesa total,100.0,100.0
6715,1204,Distribuição da despesa monetária e não monetária média mensal familiar,%,Unidade da Federação,43,Rio Grande do Sul,2018,Mais de 9.540 a 14.310 Reais,1 Despesa total,100.0,100.0
6715,1204,Distribuição da despesa monetária e não monetária média mensal familiar,%,Unidade da Federação,50,Mato Grosso do Sul,2018,Mais de 9.540 a 14.310 Reais,1 Despesa total,100.0,100.0
6715,1204,Distribuição da despesa monetária e não monetária média mensal familiar,%,Unidade da Federação,51,Mato Grosso,2018,Mais de 9.540 a 14.310 Reais,1 Despesa total,100.0,100.0
6715,1204,Distribuição da despesa monetária e não monetária média mensal familiar,%,Unidade da Federação,52,Goiás,2018,Mais de 9.540 a 14.310 Reais,1 Despesa total,100.0,100.0
6715,1204,Distribuição da despesa monetária e não monetária média mensal familiar,%,Unidade da Federação,53,Distrito Federal,2018,Mais de 9.540 a 14.310 Reais,1 Despesa total,100.0,100.0
6715,1204,Distribuição da despesa monetária e não monetária média mensal familiar,%,Brasil,1,Brasil,2018,Mais de 9.540 a 14.310 Reais,2.1 Despesas de consumo,78.2,78.2
6715,1204,Distribuição da despesa monetária e não monetária média mensal familiar,%,Unidade da Federação,11,Rondônia,2018,Mais de 9.540 a 14.310 Reais,2.1 Despesas de consumo,75.3,75.3
6715,1204,Distribuição da despesa monetária e não monetária média mensal familiar,%,Unidade da Federação,12,Acre,2018,Mais de 9.540 a 14.310 Reais,2.1 Despesas de consumo,68.9,68.9
6715,1204,Distribuição da despesa monetária e não monetária média mensal familiar,%,Unidade da Federação,13,Amazonas,2018,Mais de 9.540 a 14.310 Reais,2.1 Despesas de consumo,74.2,74.2
6715,1204,Distribuição da despesa monetária e não monetária média mensal familiar,%,Unidade da Federação,14,Roraima,2018,Mais de 9.540 a 14.310 Reais,2.1 Despesas de consumo,76.5,76.5
6715,1204,Distribuição da despesa monetária e não monetária média mensal familiar,%,Unidade da Federação,15,Pará,2018,Mais de 9.540 a 14.310 Reais,2.1 Despesas de consumo,55.3,55.3
6715,1204,Distribuição da despesa monetária e não monetária média mensal familiar,%,Unidade da Federação,16,Amapá,2018,Mais de 9.540 a 14.310 Reais,2.1 Despesas de consumo,69.5,69.5
6715,1204,Distribuição da despesa monetária e não monetária média mensal familiar,%,Unidade da Federação,17,Tocantins,2018,Mais de 9.540 a 14.310 Reais,2.1 Despesas de consumo,77.7,77.7
6715,1204,Distribuição da despesa monetária e não monetária média mensal familiar,%,Unidade da Federação,21,Maranhão,2018,Mais de 9.540 a 14.310 Reais,2.1 Despesas de consumo,77.6,77.6
6715,1204,Distribuição da despesa monetária e não monetária média mensal familiar,%,Unidade da Federação,22,Piauí,2018,Mais de 9.540 a 14.310 Reais,2.1 Despesas de consumo,75.2,75.2
6715,1204,Distribuição da despesa monetária e não monetária média mensal familiar,%,Unidade da Federação,23,Ceará,2018,Mais de 9.540 a 14.310 Reais,2.1 Despesas de consumo,74.0,74.0
6715,1204,Distribuição da despesa monetária e não monetária média mensal familiar,%,Unidade da Federação,24,Rio Grande do Norte,2018,Mais de 9.540 a 14.310 Reais,2.1 Despesas de consumo,79.7,79.7
6715,1204,Distribuição da despesa monetária e não monetária média mensal familiar,%,Unidade da Federação,25,Paraíba,2018,Mais de 9.540 a 14.310 Reais,2.1 Despesas de consumo,73.2,73.2
6715,1204,Distribuição da despesa monetária e não monetária média mensal familiar,%,Unidade da Federação,26,Pernambuco,2018,Mais de 9.540 a 14.310 Reais,2.1 Despesas de consumo,77.7,77.7
6715,1204,Distribuição da despesa monetária e não monetária média mensal familiar,%,Unidade da Federação,27,Alagoas,2018,Mais de 9.540 a 14.310 Reais,2.1 Despesas de consumo,74.4,74.4
6715,1204,Distribuição da despesa monetária e não monetária média mensal familiar,%,Unidade da Federação,28,Sergipe,2018,Mais de 9.540 a 14.310 Reais,2.1 Despesas de consumo,76.9,76.9
6715,1204,Distribuição da despesa monetária e não monetária média mensal familiar,%,Unidade da Federação,29,Bahia,2018,Mais de 9.540 a 14.310 Reais,2.1 Despesas de consumo,80.9,80.9
6715,1204,Distribuição da despesa monetária e não monetária média mensal familiar,%,Unidade da Federação,31,Minas Gerais,2018,Mais de 9.540 a 14.310 Reais,2.1 Despesas de consumo,78.8,78.8
6715,1204,Distribuição da despesa monetária e não monetária média mensal familiar,%,Unidade da Federação,32,Espírito Santo,2018,Mais de 9.540 a 14.310 Reais,2.1 Despesas de consumo,75.7,75.7
6715,1204,Distribuição da despesa monetária e não monetária média mensal familiar,%,Unidade da Federação,33,Rio de Janeiro,2018,Mais de 9.540 a 14.310 Reais,2.1 Despesas de consumo,78.2,78.2
6715,1204,Distribuição da despesa monetária e não monetária média mensal familiar,%,Unidade da Federação,35,São Paulo,2018,Mais de 9.540 a 14.310 Reais,2.1 Despesas de consumo,80.0,80.0
6715,1204,Distribuição da despesa monetária e não monetária média mensal familiar,%,Unidade da Federação,41,Paraná,2018,Mais de 9.540 a 14.310 Reais,2.1 Despesas de consumo,78.2,78.2
6715,1204,Distribuição da despesa monetária e não monetária média mensal familiar,%,Unidade da Federação,42,Santa Catarina,2018,Mais de 9.540 a 14.310 Reais,2.1 Despesas de consumo,79.5,79.5
6715,1204,Distribuição da despesa monetária e não monetária média mensal familiar,%,Unidade da Federação,43,Rio Grande do Sul,2018,Mais de 9.540 a 14.310 Reais,2.1 Despesas de consumo,77.0,77.0
6715,1204,Distribuição da despesa monetária e não monetária média mensal familiar,%,Unidade da Federação,50,Mato Grosso do Sul,2018,Mais de 9.540 a 14.310 Reais,2.1 Despesas de consumo,77.8,77.8
6715,1204,Distribuição da despesa monetária e não monetária média mensal familiar,%,Unidade da Federação,51,Mato Grosso,2018,Mais de 9.540 a 14.310 Reais,2.1 Despesas de consumo,81.8,81.8
6715,1204,Distribuição da despesa monetária e não monetária média mensal familiar,%,Unidade da Federação,52,Goiás,2018,Mais de 9.540 a 14.310 Reais,2.1 Despesas de consumo,75.7,75.7
6715,1204,Distribuição da despesa monetária e não monetária média mensal familiar,%,Unidade da Federação,53,Distrito Federal,2018,Mais de 9.540 a 14.310 Reais,2.1 Despesas de consumo,74.9,74.9
6715,1204,Distribuição da despesa monetária e não monetária média mensal familiar,%,Brasil,1,Brasil,2018,Mais de 9.540 a 14.310 Reais,2.1.1 Alimentação,12.2,12.2
6715,1204,Distribuição da despesa monetária e não monetária média mensal familiar,%,Unidade da Federação,11,Rondônia,2018,Mais de 9.540 a 14.310 Reais,2.1.1 Alimentação,9.8,9.8
6715,1204,Distribuição da despesa monetária e não monetária média mensal familiar,%,Unidade da Federação,12,Acre,2018,Mais de 9.540 a 14.310 Reais,2.1.1 Alimentação,8.1,8.1
6715,1204,Distribuição da despesa monetária e não monetária média mensal familiar,%,Unidade da Federação,13,Amazonas,2018,Mais de 9.540 a 14.310 Reais,2.1.1 Alimentação,11.2,11.2
6715,1204,Distribuição da despesa monetária e não monetária média mensal familiar,%,Unidade da Federação,14,Roraima,2018,Mais de 9.540 a 14.310 Reais,2.1.1 Alimentação,21.1,21.1
6715,1204,Distribuição da despesa monetária e não monetária média mensal familiar,%,Unidade da Federação,15,Pará,2018,Mais de 9.540 a 14.310 Reais,2.1.1 Alimentação,10.3,10.3
6715,1204,Distribuição da despesa monetária e não monetária média mensal familiar,%,Unidade da Federação,16,Amapá,2018,Mais de 9.540 a 14.310 Reais,2.1.1 Alimentação,12.3,12.3
6715,1204,Distribuição da despesa monetária e não monetária média mensal familiar,%,Unidade da Federação,17,Tocantins,2018,Mais de 9.540 a 14.310 Reais,2.1.1 Alimentação,11.2,11.2
6715,1204,Distribuição da despesa monetária e não monetária média mensal familiar,%,Unidade da Federação,21,Maranhão,2018,Mais de 9.540 a 14.310 Reais,2.1.1 Alimentação,11.8,11.8
6715,1204,Distribuição da despesa monetária e não monetária média mensal familiar,%,Unidade da Federação,22,Piauí,2018,Mais de 9.540 a 14.310 Reais,2.1.1 Alimentação,11.1,11.1
6715,1204,Distribuição da despesa monetária e não monetária média mensal familiar,%,Unidade da Federação,23,Ceará,2018,Mais de 9.540 a 14.310 Reais,2.1.1 Alimentação,12.2,12.2
6715,1204,Distribuição da despesa monetária e não monetária média mensal familiar,%,Unidade da Federação,24,Rio Grande do Norte,2018,Mais de 9.540 a 14.310 Reais,2.1.1 Alimentação,14.7,14.7
6715,1204,Distribuição da despesa monetária e não monetária média mensal familiar,%,Unidade da Federação,25,Paraíba,2018,Mais de 9.540 a 14.310 Reais,2.1.1 Alimentação,11.1,11.1
6715,1204,Distribuição da despesa monetária e não monetária média mensal familiar,%,Unidade da Federação,26,Pernambuco,2018,Mais de 9.540 a 14.310 Reais,2.1.1 Alimentação,10.9,10.9
6715,1204,Distribuição da despesa monetária e não monetária média mensal familiar,%,Unidade da Federação,27,Alagoas,2018,Mais de 9.540 a 14.310 Reais,2.1.1 Alimentação,9.7,9.7
6715,1204,Distribuição da despesa monetária e não monetária média mensal familiar,%,Unidade da Federação,28,Sergipe,2018,Mais de 9.540 a 14.310 Reais,2.1.1 Alimentação,12.7,12.7
6715,1204,Distribuição da despesa monetária e não monetária média mensal familiar,%,Unidade da Federação,29,Bahia,2018,Mais de 9.540 a 14.310 Reais,2.1.1 Alimentação,10.8,10.8
6715,1204,Distribuição da despesa monetária e não monetária média mensal familiar,%,Unidade da Federação,31,Minas Gerais,2018,Mais de 9.540 a 14.310 Reais,2.1.1 Alimentação,12.3,12.3
6715,1204,Distribuição da despesa monetária e não monetária média mensal familiar,%,Unidade da Federação,32,Espírito Santo,2018,Mais de 9.540 a 14.310 Reais,2.1.1 Alimentação,9.1,9.1
6715,1204,Distribuição da despesa monetária e não monetária média mensal familiar,%,Unidade da Federação,33,Rio de Janeiro,2018,Mais de 9.540 a 14.310 Reais,2.1.1 Alimentação,12.4,12.4
6715,1204,Distribuição da despesa monetária e não monetária média mensal familiar,%,Unidade da Federação,35,São Paulo,2018,Mais de 9.540 a 14.310 Reais,2.1.1 Alimentação,12.2,12.2
6715,1204,Distribuição da despesa monetária e não monetária média mensal familiar,%,Unidade da Federação,41,Paraná,2018,Mais de 9.540 a 14.310 Reais,2.1.1 Alimentação,12.9,12.9
6715,1204,Distribuição da despesa monetária e não monetária média mensal familiar,%,Unidade da Federação,42,Santa Catarina,2018,Mais de 9.540 a 14.310 Reais,2.1.1 Alimentação,12.9,12.9
6715,1204,Distribuição da despesa monetária e não monetária média mensal familiar,%,Unidade da Federação,43,Rio Grande do Sul,2018,Mais de 9.540 a 14.310 Reais,2.1.1 Alimentação,12.5,12.5
6715,1204,Distribuição da despesa monetária e não monetária média mensal familiar,%,Unidade da Federação,50,Mato Grosso do Sul,2018,Mais de 9.540 a 14.310 Reais,2.1.1 Alimentação,12.4,12.4
6715,1204,Distribuição da despesa monetária e não monetária média mensal familiar,%,Unidade da Federação,51,Mato Grosso,2018,Mais de 9.540 a 14.310 Reais,2.1.1 Alimentação,12.1,12.1
6715,1204,Distribuição da despesa monetária e não monetária média mensal familiar,%,Unidade da Federação,52,Goiás,2018,Mais de 9.540 a 14.310 Reais,2.1.1 Alimentação,13.1,13.1
6715,1204,Distribuição da despesa monetária e não monetária média mensal familiar,%,Unidade da Federação,53,Distrito Federal,2018,Mais de 9.540 a 14.310 Reais,2.1.1 Alimentação,11.4,11.4
6715,1204,Distribuição da despesa monetária e não monetária média mensal familiar,%,Brasil,1,Brasil,2018,Mais de 9.540 a 14.310 Reais,2.1.8 Recreação e cultura,2.2,2.2
6715,1204,Distribuição da despesa monetária e não monetária média mensal familiar,%,Unidade da Federação,11,Rondônia,2018,Mais de 9.540 a 14.310 Reais,2.1.8 Recreação e cultura,1.4,1.4
6715,1204,Distribuição da despesa monetária e não monetária média mensal familiar,%,Unidade da Federação,12,Acre,2018,Mais de 9.540 a 14.310 Reais,2.1.8 Recreação e cultura,2.0,2.0
6715,1204,Distribuição da despesa monetária e não monetária média mensal familiar,%,Unidade da Federação,13,Amazonas,2018,Mais de 9.540 a 14.310 Reais,2.1.8 Recreação e cultura,1.6,1.6
6715,1204,Distribuição da despesa monetária e não monetária média mensal familiar,%,Unidade da Federação,14,Roraima,2018,Mais de 9.540 a 14.310 Reais,2.1.8 Recreação e cultura,1.1,1.1
6715,1204,Distribuição da despesa monetária e não monetária média mensal familiar,%,Unidade da Federação,15,Pará,2018,Mais de 9.540 a 14.310 Reais,2.1.8 Recreação e cultura,1.0,1.0
6715,1204,Distribuição da despesa monetária e não monetária média mensal familiar,%,Unidade da Federação,16,Amapá,2018,Mais de 9.540 a 14.310 Reais,2.1.8 Recreação e cultura,1.6,1.6
6715,1204,Distribuição da despesa monetária e não monetária média mensal familiar,%,Unidade da Federação,17,Tocantins,2018,Mais de 9.540 a 14.310 Reais,2.1.8 Recreação e cultura,1.3,1.3
6715,1204,Distribuição da despesa monetária e não monetária média mensal familiar,%,Unidade da Federação,21,Maranhão,2018,Mais de 9.540 a 14.310 Reais,2.1.8 Recreação e cultura,3.6,3.6
6715,1204,Distribuição da despesa monetária e não monetária média mensal familiar,%,Unidade da Federação,22,Piauí,2018,Mais de 9.540 a 14.310 Reais,2.1.8 Recreação e cultura,1.3,1.3
6715,1204,Distribuição da despesa monetária e não monetária média mensal familiar,%,Unidade da Federação,23,Ceará,2018,Mais de 9.540 a 14.310 Reais,2.1.8 Recreação e cultura,2.0,2.0
6715,1204,Distribuição da despesa monetária e não monetária média mensal familiar,%,Unidade da Federação,24,Rio Grande do Norte,2018,Mais de 9.540 a 14.310 Reais,2.1.8 Recreação e cultura,3.2,3.2
6715,1204,Distribuição da despesa monetária e não monetária média mensal familiar,%,Unidade da Federação,25,Paraíba,2018,Mais de 9.540 a 14.310 Reais,2.1.8 Recreação e cultura,2.8,2.8
6715,1204,Distribuição da despesa monetária e não monetária média mensal familiar,%,Unidade da Federação,26,Pernambuco,2018,Mais de 9.540 a 14.310 Reais,2.1.8 Recreação e cultura,2.5,2.5
6715,1204,Distribuição da despesa monetária e não monetária média mensal familiar,%,Unidade da Federação,27,Alagoas,2018,Mais de 9.540 a 14.310 Reais,2.1.8 Recreação e cultura,1.4,1.4
6715,1204,Distribuição da despesa monetária e não monetária média mensal familiar,%,Unidade da Federação,28,Sergipe,2018,Mais de 9.540 a 14.310 Reais,2.1.8 Recreação e cultura,2.0,2.0
6715,1204,Distribuição da despesa monetária e não monetária média mensal familiar,%,Unidade da Federação,29,Bahia,2018,Mais de 9.540 a 14.310 Reais,2.1.8 Recreação e cultura,2.5,2.5
6715,1204,Distribuição da despesa monetária e não monetária média mensal familiar,%,Unidade da Federação,31,Minas Gerais,2018,Mais de 9.540 a 14.310 Reais,2.1.8 Recreação e cultura,2.7,2.7
6715,1204,Distribuição da despesa monetária e não monetária média mensal familiar,%,Unidade da Federação,32,Espírito Santo,2018,Mais de 9.540 a 14.310 Reais,2.1.8 Recreação e cultura,1.6,1.6
6715,1204,Distribuição da despesa monetária e não monetária média mensal familiar,%,Unidade da Federação,33,Rio de Janeiro,2018,Mais de 9.540 a 14.310 Reais,2.1.8 Recreação e cultura,2.7,2.7
6715,1204,Distribuição da despesa monetária e não monetária média mensal familiar,%,Unidade da Federação,35,São Paulo,2018,Mais de 9.540 a 14.310 Reais,2.1.8 Recreação e cultura,2.0,2.0
6715,1204,Distribuição da despesa monetária e não monetária média mensal familiar,%,Unidade da Federação,41,Paraná,2018,Mais de 9.540 a 14.310 Reais,2.1.8 Recreação e cultura,1.8,1.8
6715,1204,Distribuição da despesa monetária e não monetária média mensal familiar,%,Unidade da Federação,42,Santa Catarina,2018,Mais de 9.540 a 14.310 Reais,2.1.8 Recreação e cultura,1.9,1.9
6715,1204,Distribuição da despesa monetária e não monetária média mensal familiar,%,Unidade da Federação,43,Rio Grande do Sul,2018,Mais de 9.540 a 14.310 Reais,2.1.8 Recreação e cultura,2.5,2.5
6715,1204,Distribuição da despesa monetária e não monetária média mensal familiar,%,Unidade da Federação,50,Mato Grosso do Sul,2018,Mais de 9.540 a 14.310 Reais,2.1.8 Recreação e cultura,2.2,2.2
6715,1204,Distribuição da despesa monetária e não monetária média mensal familiar,%,Unidade da Federação,51,Mato Grosso,2018,Mais de 9.540 a 14.310 Reais,2.1.8 Recreação e cultura,1.7,1.7
6715,1204,Distribuição da despesa monetária e não monetária média mensal familiar,%,Unidade da Federação,52,Goiás,2018,Mais de 9.540 a 14.310 Reais,2.1.8 Recreação e cultura,2.3,2.3
6715,1204,Distribuição da despesa monetária e não monetária média mensal familiar,%,Unidade da Federação,53,Distrito Federal,2018,Mais de 9.540 a 14.310 Reais,2.1.8 Recreação e cultura,2.1,2.1
6715,1204,Distribuição da despesa monetária e não monetária média mensal familiar,%,Brasil,1,Brasil,2018,Mais de 9.540 a 14.310 Reais,2.1.8.4 Recreações e esportes,0.5,0.5
6715,1204,Distribuição da despesa monetária e não monetária média mensal familiar,%,Unidade da Federação,11,Rondônia,2018,Mais de 9.540 a 14.310 Reais,2.1.8.4 Recreações e esportes,0.3,0.3
6715,1204,Distribuição da despesa monetária e não monetária média mensal familiar,%,Unidade da Federação,12,Acre,2018,Mais de 9.540 a 14.310 Reais,2.1.8.4 Recreações e esportes,0.4,0.4
6715,1204,Distribuição da despesa monetária e não monetária média mensal familiar,%,Unidade da Federação,13,Amazonas,2018,Mais de 9.540 a 14.310 Reais,2.1.8.4 Recreações e esportes,0.4,0.4
6715,1204,Distribuição da despesa monetária e não monetária média mensal familiar,%,Unidade da Federação,14,Roraima,2018,Mais de 9.540 a 14.310 Reais,2.1.8.4 Recreações e esportes,0.3,0.3
6715,1204,Distribuição da despesa monetária e não monetária média mensal familiar,%,Unidade da Federação,15,Pará,2018,Mais de 9.540 a 14.310 Reais,2.1.8.4 Recreações e esportes,0.3,0.3
6715,1204,Distribuição da despesa monetária e não monetária média mensal familiar,%,Unidade da Federação,16,Amapá,2018,Mais de 9.540 a 14.310 Reais,2.1.8.4 Recreações e esportes,0.6,0.6
6715,1204,Distribuição da despesa monetária e não monetária média mensal familiar,%,Unidade da Federação,17,Tocantins,2018,Mais de 9.540 a 14.310 Reais,2.1.8.4 Recreações e esportes,0.1,0.1
6715,1204,Distribuição da despesa monetária e não monetária média mensal familiar,%,Unidade da Federação,21,Maranhão,2018,Mais de 9.540 a 14.310 Reais,2.1.8.4 Recreações e esportes,0.4,0.4
6715,1204,Distribuição da despesa monetária e não monetária média mensal familiar,%,Unidade da Federação,22,Piauí,2018,Mais de 9.540 a 14.310 Reais,2.1.8.4 Recreações e esportes,0.4,0.4
6715,1204,Distribuição da despesa monetária e não monetária média mensal familiar,%,Unidade da Federação,23,Ceará,2018,Mais de 9.540 a 14.310 Reais,2.1.8.4 Recreações e esportes,0.6,0.6
6715,1204,Distribuição da despesa monetária e não monetária média mensal familiar,%,Unidade da Federação,24,Rio Grande do Norte,2018,Mais de 9.540 a 14.310 Reais,2.1.8.4 Recreações e esportes,0.6,0.6
6715,1204,Distribuição da despesa monetária e não monetária média mensal familiar,%,Unidade da Federação,25,Paraíba,2018,Mais de 9.540 a 14.310 Reais,2.1.8.4 Recreações e esportes,0.4,0.4
6715,1204,Distribuição da despesa monetária e não monetária média mensal familiar,%,Unidade da Federação,26,Pernambuco,2018,Mais de 9.540 a 14.310 Reais,2.1.8.4 Recreações e esportes,0.4,0.4
6715,1204,Distribuição da despesa monetária e não monetária média mensal familiar,%,Unidade da Federação,27,Alagoas,2018,Mais de 9.540 a 14.310 Reais,2.1.8.4 Recreações e esportes,0.3,0.3
6715,1204,Distribuição da despesa monetária e não monetária média mensal familiar,%,Unidade da Federação,28,Sergipe,2018,Mais de 9.540 a 14.310 Reais,2.1.8.4 Recreações e esportes,0.3,0.3
6715,1204,Distribuição da despesa monetária e não monetária média mensal familiar,%,Unidade da Federação,29,Bahia,2018,Mais de 9.540 a 14.310 Reais,2.1.8.4 Recreações e esportes,0.6,0.6
6715,1204,Distribuição da despesa monetária e não monetária média mensal familiar,%,Unidade da Federação,31,Minas Gerais,2018,Mais de 9.540 a 14.310 Reais,2.1.8.4 Recreações e esportes,0.8,0.8
6715,1204,Distribuição da despesa monetária e não monetária média mensal familiar,%,Unidade da Federação,32,Espírito Santo,2018,Mais de 9.540 a 14.310 Reais,2.1.8.4 Recreações e esportes,0.4,0.4
6715,1204,Distribuição da despesa monetária e não monetária média mensal familiar,%,Unidade da Federação,33,Rio de Janeiro,2018,Mais de 9.540 a 14.310 Reais,2.1.8.4 Recreações e esportes,0.5,0.5
6715,1204,Distribuição da despesa monetária e não monetária média mensal familiar,%,Unidade da Federação,35,São Paulo,2018,Mais de 9.540 a 14.310 Reais,2.1.8.4 Recreações e esportes,0.6,0.6
6715,1204,Distribuição da despesa monetária e não monetária média mensal familiar,%,Unidade da Federação,41,Paraná,2018,Mais de 9.540 a 14.310 Reais,2.1.8.4 Recreações e esportes,0.5,0.5
6715,1204,Distribuição da despesa monetária e não monetária média mensal familiar,%,Unidade da Federação,42,Santa Catarina,2018,Mais de 9.540 a 14.310 Reais,2.1.8.4 Recreações e esportes,0.5,0.5
6715,1204,Distribuição da despesa monetária e não monetária média mensal familiar,%,Unidade da Federação,43,Rio Grande do Sul,2018,Mais de 9.540 a 14.310 Reais,2.1.8.4 Recreações e esportes,0.5,0.5
6715,1204,Distribuição da despesa monetária e não monetária média mensal familiar,%,Unidade da Federação,50,Mato Grosso do Sul,2018,Mais de 9.540 a 14.310 Reais,2.1.8.4 Recreações e esportes,0.4,0.4
6715,1204,Distribuição da despesa monetária e não monetária média mensal familiar,%,Unidade da Federação,51,Mato Grosso,2018,Mais de 9.540 a 14.310 Reais,2.1.8.4 Recreações e esportes,0.4,0.4
6715,1204,Distribuição da despesa monetária e não monetária média mensal familiar,%,Unidade da Federação,52,Goiás,2018,Mais de 9.540 a 14.310 Reais,2.1.8.4 Recreações e esportes,0.3,0.3
6715,1204,Distribuição da despesa monetária e não monetária média mensal familiar,%,Unidade da Federação,53,Distrito Federal,2018,Mais de 9.540 a 14.310 Reais,2.1.8.4 Recreações e esportes,0.5,0.5
6715,1204,Distribuição da despesa monetária e não monetária média mensal familiar,%,Brasil,1,Brasil,2018,Mais de 14.310 a 23.850 Reais,1 Despesa total,100.0,100.0
6715,1204,Distribuição da despesa monetária e não monetária média mensal familiar,%,Unidade da Federação,11,Rondônia,2018,Mais de 14.310 a 23.850 Reais,1 Despesa total,100.0,100.0
6715,1204,Distribuição da despesa monetária e não monetária média mensal familiar,%,Unidade da Federação,12,Acre,2018,Mais de 14.310 a 23.850 Reais,1 Despesa total,100.0,100.0
6715,1204,Distribuição da despesa monetária e não monetária média mensal familiar,%,Unidade da Federação,13,Amazonas,2018,Mais de 14.310 a 23.850 Reais,1 Despesa total,100.0,100.0
6715,1204,Distribuição da despesa monetária e não monetária média mensal familiar,%,Unidade da Federação,14,Roraima,2018,Mais de 14.310 a 23.850 Reais,1 Despesa total,100.0,100.0
6715,1204,Distribuição da despesa monetária e não monetária média mensal familiar,%,Unidade da Federação,15,Pará,2018,Mais de 14.310 a 23.850 Reais,1 Despesa total,100.0,100.0
6715,1204,Distribuição da despesa monetária e não monetária média mensal familiar,%,Unidade da Federação,16,Amapá,2018,Mais de 14.310 a 23.850 Reais,1 Despesa total,100.0,100.0
6715,1204,Distribuição da despesa monetária e não monetária média mensal familiar,%,Unidade da Federação,17,Tocantins,2018,Mais de 14.310 a 23.850 Reais,1 Despesa total,100.0,100.0
6715,1204,Distribuição da despesa monetária e não monetária média mensal familiar,%,Unidade da Federação,21,Maranhão,2018,Mais de 14.310 a 23.850 Reais,1 Despesa total,100.0,100.0
6715,1204,Distribuição da despesa monetária e não monetária média mensal familiar,%,Unidade da Federação,22,Piauí,2018,Mais de 14.310 a 23.850 Reais,1 Despesa total,100.0,100.0
6715,1204,Distribuição da despesa monetária e não monetária média mensal familiar,%,Unidade da Federação,23,Ceará,2018,Mais de 14.310 a 23.850 Reais,1 Despesa total,100.0,100.0
6715,1204,Distribuição da despesa monetária e não monetária média mensal familiar,%,Unidade da Federação,24,Rio Grande do Norte,2018,Mais de 14.310 a 23.850 Reais,1 Despesa total,100.0,100.0
6715,1204,Distribuição da despesa monetária e não monetária média mensal familiar,%,Unidade da Federação,25,Paraíba,2018,Mais de 14.310 a 23.850 Reais,1 Despesa total,100.0,100.0
6715,1204,Distribuição da despesa monetária e não monetária média mensal familiar,%,Unidade da Federação,26,Pernambuco,2018,Mais de 14.310 a 23.850 Reais,1 Despesa total,100.0,100.0
6715,1204,Distribuição da despesa monetária e não monetária média mensal familiar,%,Unidade da Federação,27,Alagoas,2018,Mais de 14.310 a 23.850 Reais,1 Despesa total,100.0,100.0
6715,1204,Distribuição da despesa monetária e não monetária média mensal familiar,%,Unidade da Federação,28,Sergipe,2018,Mais de 14.310 a 23.850 Reais,1 Despesa total,100.0,100.0
6715,1204,Distribuição da despesa monetária e não monetária média mensal familiar,%,Unidade da Federação,29,Bahia,2018,Mais de 14.310 a 23.850 Reais,1 Despesa total,100.0,100.0
6715,1204,Distribuição da despesa monetária e não monetária média mensal familiar,%,Unidade da Federação,31,Minas Gerais,2018,Mais de 14.310 a 23.850 Reais,1 Despesa total,100.0,100.0
6715,1204,Distribuição da despesa monetária e não monetária média mensal familiar,%,Unidade da Federação,32,Espírito Santo,2018,Mais de 14.310 a 23.850 Reais,1 Despesa total,100.0,100.0
6715,1204,Distribuição da despesa monetária e não monetária média mensal familiar,%,Unidade da Federação,33,Rio de Janeiro,2018,Mais de 14.310 a 23.850 Reais,1 Despesa total,100.0,100.0
6715,1204,Distribuição da despesa monetária e não monetária média mensal familiar,%,Unidade da Federação,35,São Paulo,2018,Mais de 14.310 a 23.850 Reais,1 Despesa total,100.0,100.0
6715,1204,Distribuição da despesa monetária e não monetária média mensal familiar,%,Unidade da Federação,41,Paraná,2018,Mais de 14.310 a 23.850 Reais,1 Despesa total,100.0,100.0
6715,1204,Distribuição da despesa monetária e não monetária média mensal familiar,%,Unidade da Federação,42,Santa Catarina,2018,Mais de 14.310 a 23.850 Reais,1 Despesa total,100.0,100.0
6715,1204,Distribuição da despesa monetária e não monetária média mensal familiar,%,Unidade da Federação,43,Rio Grande do Sul,2018,Mais de 14.310 a 23.850 Reais,1 Despesa total,100.0,100.0
6715,1204,Distribuição da despesa monetária e não monetária média mensal familiar,%,Unidade da Federação,50,Mato Grosso do Sul,2018,Mais de 14.310 a 23.850 Reais,1 Despesa total,100.0,100.0
6715,1204,Distribuição da despesa monetária e não monetária média mensal familiar,%,Unidade da Federação,51,Mato Grosso,2018,Mais de 14.310 a 23.850 Reais,1 Despesa total,100.0,100.0
6715,1204,Distribuição da despesa monetária e não monetária média mensal familiar,%,Unidade da Federação,52,Goiás,2018,Mais de 14.310 a 23.850 Reais,1 Despesa total,100.0,100.0
6715,1204,Distribuição da despesa monetária e não monetária média mensal familiar,%,Unidade da Federação,53,Distrito Federal,2018,Mais de 14.310 a 23.850 Reais,1 Despesa total,100.0,100.0
6715,1204,Distribuição da despesa monetária e não monetária média mensal familiar,%,Brasil,1,Brasil,2018,Mais de 14.310 a 23.850 Reais,2.1 Despesas de consumo,72.8,72.8
6715,1204,Distribuição da despesa monetária e não monetária média mensal familiar,%,Unidade da Federação,11,Rondônia,2018,Mais de 14.310 a 23.850 Reais,2.1 Despesas de consumo,74.3,74.3
6715,1204,Distribuição da despesa monetária e não monetária média mensal familiar,%,Unidade da Federação,12,Acre,2018,Mais de 14.310 a 23.850 Reais,2.1 Despesas de consumo,69.5,69.5
6715,1204,Distribuição da despesa monetária e não monetária média mensal familiar,%,Unidade da Federação,13,Amazonas,2018,Mais de 14.310 a 23.850 Reais,2.1 Despesas de consumo,72.9,72.9
6715,1204,Distribuição da despesa monetária e não monetária média mensal familiar,%,Unidade da Federação,14,Roraima,2018,Mais de 14.310 a 23.850 Reais,2.1 Despesas de consumo,68.3,68.3
6715,1204,Distribuição da despesa monetária e não monetária média mensal familiar,%,Unidade da Federação,15,Pará,2018,Mais de 14.310 a 23.850 Reais,2.1 Despesas de consumo,87.0,87.0
6715,1204,Distribuição da despesa monetária e não monetária média mensal familiar,%,Unidade da Federação,16,Amapá,2018,Mais de 14.310 a 23.850 Reais,2.1 Despesas de consumo,70.8,70.8
6715,1204,Distribuição da despesa monetária e não monetária média mensal familiar,%,Unidade da Federação,17,Tocantins,2018,Mais de 14.310 a 23.850 Reais,2.1 Despesas de consumo,73.2,73.2
6715,1204,Distribuição da despesa monetária e não monetária média mensal familiar,%,Unidade da Federação,21,Maranhão,2018,Mais de 14.310 a 23.850 Reais,2.1 Despesas de consumo,73.5,73.5
6715,1204,Distribuição da despesa monetária e não monetária média mensal familiar,%,Unidade da Federação,22,Piauí,2018,Mais de 14.310 a 23.850 Reais,2.1 Despesas de consumo,74.7,74.7
6715,1204,Distribuição da despesa monetária e não monetária média mensal familiar,%,Unidade da Federação,23,Ceará,2018,Mais de 14.310 a 23.850 Reais,2.1 Despesas de consumo,79.1,79.1
6715,1204,Distribuição da despesa monetária e não monetária média mensal familiar,%,Unidade da Federação,24,Rio Grande do Norte,2018,Mais de 14.310 a 23.850 Reais,2.1 Despesas de consumo,74.7,74.7
6715,1204,Distribuição da despesa monetária e não monetária média mensal familiar,%,Unidade da Federação,25,Paraíba,2018,Mais de 14.310 a 23.850 Reais,2.1 Despesas de consumo,58.7,58.7
6715,1204,Distribuição da despesa monetária e não monetária média mensal familiar,%,Unidade da Federação,26,Pernambuco,2018,Mais de 14.310 a 23.850 Reais,2.1 Despesas de consumo,75.8,75.8
6715,1204,Distribuição da despesa monetária e não monetária média mensal familiar,%,Unidade da Federação,27,Alagoas,2018,Mais de 14.310 a 23.850 Reais,2.1 Despesas de consumo,64.5,64.5
6715,1204,Distribuição da despesa monetária e não monetária média mensal familiar,%,Unidade da Federação,28,Sergipe,2018,Mais de 14.310 a 23.850 Reais,2.1 Despesas de consumo,75.3,75.3
6715,1204,Distribuição da despesa monetária e não monetária média mensal familiar,%,Unidade da Federação,29,Bahia,2018,Mais de 14.310 a 23.850 Reais,2.1 Despesas de consumo,77.3,77.3
6715,1204,Distribuição da despesa monetária e não monetária média mensal familiar,%,Unidade da Federação,31,Minas Gerais,2018,Mais de 14.310 a 23.850 Reais,2.1 Despesas de consumo,74.7,74.7
6715,1204,Distribuição da despesa monetária e não monetária média mensal familiar,%,Unidade da Federação,32,Espírito Santo,2018,Mais de 14.310 a 23.850 Reais,2.1 Despesas de consumo,74.9,74.9
6715,1204,Distribuição da despesa monetária e não monetária média mensal familiar,%,Unidade da Federação,33,Rio de Janeiro,2018,Mais de 14.310 a 23.850 Reais,2.1 Despesas de consumo,79.4,79.4
6715,1204,Distribuição da despesa monetária e não monetária média mensal familiar,%,Unidade da Federação,35,São Paulo,2018,Mais de 14.310 a 23.850 Reais,2.1 Despesas de consumo,75.0,75.0
6715,1204,Distribuição da despesa monetária e não monetária média mensal familiar,%,Unidade da Federação,41,Paraná,2018,Mais de 14.310 a 23.850 Reais,2.1 Despesas de consumo,52.0,52.0
6715,1204,Distribuição da despesa monetária e não monetária média mensal familiar,%,Unidade da Federação,42,Santa Catarina,2018,Mais de 14.310 a 23.850 Reais,2.1 Despesas de consumo,74.7,74.7
6715,1204,Distribuição da despesa monetária e não monetária média mensal familiar,%,Unidade da Federação,43,Rio Grande do Sul,2018,Mais de 14.310 a 23.850 Reais,2.1 Despesas de consumo,73.8,73.8
6715,1204,Distribuição da despesa monetária e não monetária média mensal familiar,%,Unidade da Federação,50,Mato Grosso do Sul,2018,Mais de 14.310 a 23.850 Reais,2.1 Despesas de consumo,74.0,74.0
6715,1204,Distribuição da despesa monetária e não monetária média mensal familiar,%,Unidade da Federação,51,Mato Grosso,2018,Mais de 14.310 a 23.850 Reais,2.1 Despesas de consumo,72.9,72.9
6715,1204,Distribuição da despesa monetária e não monetária média mensal familiar,%,Unidade da Federação,52,Goiás,2018,Mais de 14.310 a 23.850 Reais,2.1 Despesas de consumo,60.1,60.1
6715,1204,Distribuição da despesa monetária e não monetária média mensal familiar,%,Unidade da Federação,53,Distrito Federal,2018,Mais de 14.310 a 23.850 Reais,2.1 Despesas de consumo,70.9,70.9
6715,1204,Distribuição da despesa monetária e não monetária média mensal familiar,%,Brasil,1,Brasil,2018,Mais de 14.310 a 23.850 Reais,2.1.1 Alimentação,9.9,9.9
6715,1204,Distribuição da despesa monetária e não monetária média mensal familiar,%,Unidade da Federação,11,Rondônia,2018,Mais de 14.310 a 23.850 Reais,2.1.1 Alimentação,9.1,9.1
6715,1204,Distribuição da despesa monetária e não monetária média mensal familiar,%,Unidade da Federação,12,Acre,2018,Mais de 14.310 a 23.850 Reais,2.1.1 Alimentação,7.1,7.1
6715,1204,Distribuição da despesa monetária e não monetária média mensal familiar,%,Unidade da Federação,13,Amazonas,2018,Mais de 14.310 a 23.850 Reais,2.1.1 Alimentação,8.8,8.8
6715,1204,Distribuição da despesa monetária e não monetária média mensal familiar,%,Unidade da Federação,14,Roraima,2018,Mais de 14.310 a 23.850 Reais,2.1.1 Alimentação,8.2,8.2
6715,1204,Distribuição da despesa monetária e não monetária média mensal familiar,%,Unidade da Federação,15,Pará,2018,Mais de 14.310 a 23.850 Reais,2.1.1 Alimentação,14.8,14.8
6715,1204,Distribuição da despesa monetária e não monetária média mensal familiar,%,Unidade da Federação,16,Amapá,2018,Mais de 14.310 a 23.850 Reais,2.1.1 Alimentação,11.3,11.3
6715,1204,Distribuição da despesa monetária e não monetária média mensal familiar,%,Unidade da Federação,17,Tocantins,2018,Mais de 14.310 a 23.850 Reais,2.1.1 Alimentação,7.9,7.9
6715,1204,Distribuição da despesa monetária e não monetária média mensal familiar,%,Unidade da Federação,21,Maranhão,2018,Mais de 14.310 a 23.850 Reais,2.1.1 Alimentação,9.5,9.5
6715,1204,Distribuição da despesa monetária e não monetária média mensal familiar,%,Unidade da Federação,22,Piauí,2018,Mais de 14.310 a 23.850 Reais,2.1.1 Alimentação,12.5,12.5
6715,1204,Distribuição da despesa monetária e não monetária média mensal familiar,%,Unidade da Federação,23,Ceará,2018,Mais de 14.310 a 23.850 Reais,2.1.1 Alimentação,9.3,9.3
6715,1204,Distribuição da despesa monetária e não monetária média mensal familiar,%,Unidade da Federação,24,Rio Grande do Norte,2018,Mais de 14.310 a 23.850 Reais,2.1.1 Alimentação,10.7,10.7
6715,1204,Distribuição da despesa monetária e não monetária média mensal familiar,%,Unidade da Federação,25,Paraíba,2018,Mais de 14.310 a 23.850 Reais,2.1.1 Alimentação,8.7,8.7
6715,1204,Distribuição da despesa monetária e não monetária média mensal familiar,%,Unidade da Federação,26,Pernambuco,2018,Mais de 14.310 a 23.850 Reais,2.1.1 Alimentação,9.3,9.3
6715,1204,Distribuição da despesa monetária e não monetária média mensal familiar,%,Unidade da Federação,27,Alagoas,2018,Mais de 14.310 a 23.850 Reais,2.1.1 Alimentação,8.1,8.1
6715,1204,Distribuição da despesa monetária e não monetária média mensal familiar,%,Unidade da Federação,28,Sergipe,2018,Mais de 14.310 a 23.850 Reais,2.1.1 Alimentação,11.5,11.5
6715,1204,Distribuição da despesa monetária e não monetária média mensal familiar,%,Unidade da Federação,29,Bahia,2018,Mais de 14.310 a 23.850 Reais,2.1.1 Alimentação,11.2,11.2
6715,1204,Distribuição da despesa monetária e não monetária média mensal familiar,%,Unidade da Federação,31,Minas Gerais,2018,Mais de 14.310 a 23.850 Reais,2.1.1 Alimentação,10.5,10.5
6715,1204,Distribuição da despesa monetária e não monetária média mensal familiar,%,Unidade da Federação,32,Espírito Santo,2018,Mais de 14.310 a 23.850 Reais,2.1.1 Alimentação,7.4,7.4
6715,1204,Distribuição da despesa monetária e não monetária média mensal familiar,%,Unidade da Federação,33,Rio de Janeiro,2018,Mais de 14.310 a 23.850 Reais,2.1.1 Alimentação,10.4,10.4
6715,1204,Distribuição da despesa monetária e não monetária média mensal familiar,%,Unidade da Federação,35,São Paulo,2018,Mais de 14.310 a 23.850 Reais,2.1.1 Alimentação,9.8,9.8
6715,1204,Distribuição da despesa monetária e não monetária média mensal familiar,%,Unidade da Federação,41,Paraná,2018,Mais de 14.310 a 23.850 Reais,2.1.1 Alimentação,7.6,7.6
6715,1204,Distribuição da despesa monetária e não monetária média mensal familiar,%,Unidade da Federação,42,Santa Catarina,2018,Mais de 14.310 a 23.850 Reais,2.1.1 Alimentação,10.8,10.8
6715,1204,Distribuição da despesa monetária e não monetária média mensal familiar,%,Unidade da Federação,43,Rio Grande do Sul,2018,Mais de 14.310 a 23.850 Reais,2.1.1 Alimentação,10.7,10.7
6715,1204,Distribuição da despesa monetária e não monetária média mensal familiar,%,Unidade da Federação,50,Mato Grosso do Sul,2018,Mais de 14.310 a 23.850 Reais,2.1.1 Alimentação,10.6,10.6
6715,1204,Distribuição da despesa monetária e não monetária média mensal familiar,%,Unidade da Federação,51,Mato Grosso,2018,Mais de 14.310 a 23.850 Reais,2.1.1 Alimentação,11.5,11.5
6715,1204,Distribuição da despesa monetária e não monetária média mensal familiar,%,Unidade da Federação,52,Goiás,2018,Mais de 14.310 a 23.850 Reais,2.1.1 Alimentação,9.7,9.7
6715,1204,Distribuição da despesa monetária e não monetária média mensal familiar,%,Unidade da Federação,53,Distrito Federal,2018,Mais de 14.310 a 23.850 Reais,2.1.1 Alimentação,9.3,9.3
6715,1204,Distribuição da despesa monetária e não monetária média mensal familiar,%,Brasil,1,Brasil,2018,Mais de 14.310 a 23.850 Reais,2.1.8 Recreação e cultura,2.2,2.2
6715,1204,Distribuição da despesa monetária e não monetária média mensal familiar,%,Unidade da Federação,11,Rondônia,2018,Mais de 14.310 a 23.850 Reais,2.1.8 Recreação e cultura,3.2,3.2
6715,1204,Distribuição da despesa monetária e não monetária média mensal familiar,%,Unidade da Federação,12,Acre,2018,Mais de 14.310 a 23.850 Reais,2.1.8 Recreação e cultura,1.8,1.8
6715,1204,Distribuição da despesa monetária e não monetária média mensal familiar,%,Unidade da Federação,13,Amazonas,2018,Mais de 14.310 a 23.850 Reais,2.1.8 Recreação e cultura,1.6,1.6
6715,1204,Distribuição da despesa monetária e não monetária média mensal familiar,%,Unidade da Federação,14,Roraima,2018,Mais de 14.310 a 23.850 Reais,2.1.8 Recreação e cultura,3.6,3.6
6715,1204,Distribuição da despesa monetária e não monetária média mensal familiar,%,Unidade da Federação,15,Pará,2018,Mais de 14.310 a 23.850 Reais,2.1.8 Recreação e cultura,1.4,1.4
6715,1204,Distribuição da despesa monetária e não monetária média mensal familiar,%,Unidade da Federação,16,Amapá,2018,Mais de 14.310 a 23.850 Reais,2.1.8 Recreação e cultura,1.7,1.7
6715,1204,Distribuição da despesa monetária e não monetária média mensal familiar,%,Unidade da Federação,17,Tocantins,2018,Mais de 14.310 a 23.850 Reais,2.1.8 Recreação e cultura,0.6,0.6
6715,1204,Distribuição da despesa monetária e não monetária média mensal familiar,%,Unidade da Federação,21,Maranhão,2018,Mais de 14.310 a 23.850 Reais,2.1.8 Recreação e cultura,2.5,2.5
6715,1204,Distribuição da despesa monetária e não monetária média mensal familiar,%,Unidade da Federação,22,Piauí,2018,Mais de 14.310 a 23.850 Reais,2.1.8 Recreação e cultura,1.0,1.0
6715,1204,Distribuição da despesa monetária e não monetária média mensal familiar,%,Unidade da Federação,23,Ceará,2018,Mais de 14.310 a 23.850 Reais,2.1.8 Recreação e cultura,2.3,2.3
6715,1204,Distribuição da despesa monetária e não monetária média mensal familiar,%,Unidade da Federação,24,Rio Grande do Norte,2018,Mais de 14.310 a 23.850 Reais,2.1.8 Recreação e cultura,2.4,2.4
6715,1204,Distribuição da despesa monetária e não monetária média mensal familiar,%,Unidade da Federação,25,Paraíba,2018,Mais de 14.310 a 23.850 Reais,2.1.8 Recreação e cultura,2.1,2.1
6715,1204,Distribuição da despesa monetária e não monetária média mensal familiar,%,Unidade da Federação,26,Pernambuco,2018,Mais de 14.310 a 23.850 Reais,2.1.8 Recreação e cultura,2.2,2.2
6715,1204,Distribuição da despesa monetária e não monetária média mensal familiar,%,Unidade da Federação,27,Alagoas,2018,Mais de 14.310 a 23.850 Reais,2.1.8 Recreação e cultura,2.1,2.1
6715,1204,Distribuição da despesa monetária e não monetária média mensal familiar,%,Unidade da Federação,28,Sergipe,2018,Mais de 14.310 a 23.850 Reais,2.1.8 Recreação e cultura,2.4,2.4
6715,1204,Distribuição da despesa monetária e não monetária média mensal familiar,%,Unidade da Federação,29,Bahia,2018,Mais de 14.310 a 23.850 Reais,2.1.8 Recreação e cultura,2.6,2.6
6715,1204,Distribuição da despesa monetária e não monetária média mensal familiar,%,Unidade da Federação,31,Minas Gerais,2018,Mais de 14.310 a 23.850 Reais,2.1.8 Recreação e cultura,2.6,2.6
6715,1204,Distribuição da despesa monetária e não monetária média mensal familiar,%,Unidade da Federação,32,Espírito Santo,2018,Mais de 14.310 a 23.850 Reais,2.1.8 Recreação e cultura,1.5,1.5
6715,1204,Distribuição da despesa monetária e não monetária média mensal familiar,%,Unidade da Federação,33,Rio de Janeiro,2018,Mais de 14.310 a 23.850 Reais,2.1.8 Recreação e cultura,2.8,2.8
6715,1204,Distribuição da despesa monetária e não monetária média mensal familiar,%,Unidade da Federação,35,São Paulo,2018,Mais de 14.310 a 23.850 Reais,2.1.8 Recreação e cultura,2.0,2.0
6715,1204,Distribuição da despesa monetária e não monetária média mensal familiar,%,Unidade da Federação,41,Paraná,2018,Mais de 14.310 a 23.850 Reais,2.1.8 Recreação e cultura,2.1,2.1
6715,1204,Distribuição da despesa monetária e não monetária média mensal familiar,%,Unidade da Federação,42,Santa Catarina,2018,Mais de 14.310 a 23.850 Reais,2.1.8 Recreação e cultura,2.1,2.1
6715,1204,Distribuição da despesa monetária e não monetária média mensal familiar,%,Unidade da Federação,43,Rio Grande do Sul,2018,Mais de 14.310 a 23.850 Reais,2.1.8 Recreação e cultura,2.4,2.4
6715,1204,Distribuição da despesa monetária e não monetária média mensal familiar,%,Unidade da Federação,50,Mato Grosso do Sul,2018,Mais de 14.310 a 23.850 Reais,2.1.8 Recreação e cultura,2.0,2.0
6715,1204,Distribuição da despesa monetária e não monetária média mensal familiar,%,Unidade da Federação,51,Mato Grosso,2018,Mais de 14.310 a 23.850 Reais,2.1.8 Recreação e cultura,1.7,1.7
6715,1204,Distribuição da despesa monetária e não monetária média mensal familiar,%,Unidade da Federação,52,Goiás,2018,Mais de 14.310 a 23.850 Reais,2.1.8 Recreação e cultura,1.9,1.9
6715,1204,Distribuição da despesa monetária e não monetária média mensal familiar,%,Unidade da Federação,53,Distrito Federal,2018,Mais de 14.310 a 23.850 Reais,2.1.8 Recreação e cultura,2.2,2.2
6715,1204,Distribuição da despesa monetária e não monetária média mensal familiar,%,Brasil,1,Brasil,2018,Mais de 14.310 a 23.850 Reais,2.1.8.4 Recreações e esportes,0.6,0.6
6715,1204,Distribuição da despesa monetária e não monetária média mensal familiar,%,Unidade da Federação,11,Rondônia,2018,Mais de 14.310 a 23.850 Reais,2.1.8.4 Recreações e esportes,0.2,0.2
6715,1204,Distribuição da despesa monetária e não monetária média mensal familiar,%,Unidade da Federação,12,Acre,2018,Mais de 14.310 a 23.850 Reais,2.1.8.4 Recreações e esportes,0.2,0.2
6715,1204,Distribuição da despesa monetária e não monetária média mensal familiar,%,Unidade da Federação,13,Amazonas,2018,Mais de 14.310 a 23.850 Reais,2.1.8.4 Recreações e esportes,0.4,0.4
6715,1204,Distribuição da despesa monetária e não monetária média mensal familiar,%,Unidade da Federação,14,Roraima,2018,Mais de 14.310 a 23.850 Reais,2.1.8.4 Recreações e esportes,0.5,0.5
6715,1204,Distribuição da despesa monetária e não monetária média mensal familiar,%,Unidade da Federação,15,Pará,2018,Mais de 14.310 a 23.850 Reais,2.1.8.4 Recreações e esportes,0.1,0.1
6715,1204,Distribuição da despesa monetária e não monetária média mensal familiar,%,Unidade da Federação,16,Amapá,2018,Mais de 14.310 a 23.850 Reais,2.1.8.4 Recreações e esportes,0.5,0.5
6715,1204,Distribuição da despesa monetária e não monetária média mensal familiar,%,Unidade da Federação,17,Tocantins,2018,Mais de 14.310 a 23.850 Reais,2.1.8.4 Recreações e esportes,0.0,0.0
6715,1204,Distribuição da despesa monetária e não monetária média mensal familiar,%,Unidade da Federação,21,Maranhão,2018,Mais de 14.310 a 23.850 Reais,2.1.8.4 Recreações e esportes,0.4,0.4
6715,1204,Distribuição da despesa monetária e não monetária média mensal familiar,%,Unidade da Federação,22,Piauí,2018,Mais de 14.310 a 23.850 Reais,2.1.8.4 Recreações e esportes,0.1,0.1
6715,1204,Distribuição da despesa monetária e não monetária média mensal familiar,%,Unidade da Federação,23,Ceará,2018,Mais de 14.310 a 23.850 Reais,2.1.8.4 Recreações e esportes,0.6,0.6
6715,1204,Distribuição da despesa monetária e não monetária média mensal familiar,%,Unidade da Federação,24,Rio Grande do Norte,2018,Mais de 14.310 a 23.850 Reais,2.1.8.4 Recreações e esportes,0.7,0.7
6715,1204,Distribuição da despesa monetária e não monetária média mensal familiar,%,Unidade da Federação,25,Paraíba,2018,Mais de 14.310 a 23.850 Reais,2.1.8.4 Recreações e esportes,0.8,0.8
6715,1204,Distribuição da despesa monetária e não monetária média mensal familiar,%,Unidade da Federação,26,Pernambuco,2018,Mais de 14.310 a 23.850 Reais,2.1.8.4 Recreações e esportes,0.5,0.5
6715,1204,Distribuição da despesa monetária e não monetária média mensal familiar,%,Unidade da Federação,27,Alagoas,2018,Mais de 14.310 a 23.850 Reais,2.1.8.4 Recreações e esportes,0.2,0.2
6715,1204,Distribuição da despesa monetária e não monetária média mensal familiar,%,Unidade da Federação,28,Sergipe,2018,Mais de 14.310 a 23.850 Reais,2.1.8.4 Recreações e esportes,0.5,0.5
6715,1204,Distribuição da despesa monetária e não monetária média mensal familiar,%,Unidade da Federação,29,Bahia,2018,Mais de 14.310 a 23.850 Reais,2.1.8.4 Recreações e esportes,0.6,0.6
6715,1204,Distribuição da despesa monetária e não monetária média mensal familiar,%,Unidade da Federação,31,Minas Gerais,2018,Mais de 14.310 a 23.850 Reais,2.1.8.4 Recreações e esportes,0.6,0.6
6715,1204,Distribuição da despesa monetária e não monetária média mensal familiar,%,Unidade da Federação,32,Espírito Santo,2018,Mais de 14.310 a 23.850 Reais,2.1.8.4 Recreações e esportes,0.4,0.4
6715,1204,Distribuição da despesa monetária e não monetária média mensal familiar,%,Unidade da Federação,33,Rio de Janeiro,2018,Mais de 14.310 a 23.850 Reais,2.1.8.4 Recreações e esportes,0.7,0.7
6715,1204,Distribuição da despesa monetária e não monetária média mensal familiar,%,Unidade da Federação,35,São Paulo,2018,Mais de 14.310 a 23.850 Reais,2.1.8.4 Recreações e esportes,0.7,0.7
6715,1204,Distribuição da despesa monetária e não monetária média mensal familiar,%,Unidade da Federação,41,Paraná,2018,Mais de 14.310 a 23.850 Reais,2.1.8.4 Recreações e esportes,0.4,0.4
6715,1204,Distribuição da despesa monetária e não monetária média mensal familiar,%,Unidade da Federação,42,Santa Catarina,2018,Mais de 14.310 a 23.850 Reais,2.1.8.4 Recreações e esportes,0.5,0.5
6715,1204,Distribuição da despesa monetária e não monetária média mensal familiar,%,Unidade da Federação,43,Rio Grande do Sul,2018,Mais de 14.310 a 23.850 Reais,2.1.8.4 Recreações e esportes,0.7,0.7
6715,1204,Distribuição da despesa monetária e não monetária média mensal familiar,%,Unidade da Federação,50,Mato Grosso do Sul,2018,Mais de 14.310 a 23.850 Reais,2.1.8.4 Recreações e esportes,0.3,0.3
6715,1204,Distribuição da despesa monetária e não monetária média mensal familiar,%,Unidade da Federação,51,Mato Grosso,2018,Mais de 14.310 a 23.850 Reais,2.1.8.4 Recreações e esportes,0.3,0.3
6715,1204,Distribuição da despesa monetária e não monetária média mensal familiar,%,Unidade da Federação,52,Goiás,2018,Mais de 14.310 a 23.850 Reais,2.1.8.4 Recreações e esportes,0.3,0.3
6715,1204,Distribuição da despesa monetária e não monetária média mensal familiar,%,Unidade da Federação,53,Distrito Federal,2018,Mais de 14.310 a 23.850 Reais,2.1.8.4 Recreações e esportes,0.5,0.5
6715,1204,Distribuição da despesa monetária e não monetária média mensal familiar,%,Brasil,1,Brasil,2018,Mais de 23.850 Reais,1 Despesa total,100.0,100.0
6715,1204,Distribuição da despesa monetária e não monetária média mensal familiar,%,Unidade da Federação,11,Rondônia,2018,Mais de 23.850 Reais,1 Despesa total,100.0,100.0
6715,1204,Distribuição da despesa monetária e não monetária média mensal familiar,%,Unidade da Federação,12,Acre,2018,Mais de 23.850 Reais,1 Despesa total,100.0,100.0
6715,1204,Distribuição da despesa monetária e não monetária média mensal familiar,%,Unidade da Federação,13,Amazonas,2018,Mais de 23.850 Reais,1 Despesa total,100.0,100.0
6715,1204,Distribuição da despesa monetária e não monetária média mensal familiar,%,Unidade da Federação,14,Roraima,2018,Mais de 23.850 Reais,1 Despesa total,100.0,100.0
6715,1204,Distribuição da despesa monetária e não monetária média mensal familiar,%,Unidade da Federação,15,Pará,2018,Mais de 23.850 Reais,1 Despesa total,100.0,100.0
6715,1204,Distribuição da despesa monetária e não monetária média mensal familiar,%,Unidade da Federação,16,Amapá,2018,Mais de 23.850 Reais,1 Despesa total,100.0,100.0
6715,1204,Distribuição da despesa monetária e não monetária média mensal familiar,%,Unidade da Federação,17,Tocantins,2018,Mais de 23.850 Reais,1 Despesa total,100.0,100.0
6715,1204,Distribuição da despesa monetária e não monetária média mensal familiar,%,Unidade da Federação,21,Maranhão,2018,Mais de 23.850 Reais,1 Despesa total,100.0,100.0
6715,1204,Distribuição da despesa monetária e não monetária média mensal familiar,%,Unidade da Federação,22,Piauí,2018,Mais de 23.850 Reais,1 Despesa total,100.0,100.0
6715,1204,Distribuição da despesa monetária e não monetária média mensal familiar,%,Unidade da Federação,23,Ceará,2018,Mais de 23.850 Reais,1 Despesa total,100.0,100.0
6715,1204,Distribuição da despesa monetária e não monetária média mensal familiar,%,Unidade da Federação,24,Rio Grande do Norte,2018,Mais de 23.850 Reais,1 Despesa total,100.0,100.0
6715,1204,Distribuição da despesa monetária e não monetária média mensal familiar,%,Unidade da Federação,25,Paraíba,2018,Mais de 23.850 Reais,1 Despesa total,100.0,100.0
6715,1204,Distribuição da despesa monetária e não monetária média mensal familiar,%,Unidade da Federação,26,Pernambuco,2018,Mais de 23.850 Reais,1 Despesa total,100.0,100.0
6715,1204,Distribuição da despesa monetária e não monetária média mensal familiar,%,Unidade da Federação,27,Alagoas,2018,Mais de 23.850 Reais,1 Despesa total,100.0,100.0
6715,1204,Distribuição da despesa monetária e não monetária média mensal familiar,%,Unidade da Federação,28,Sergipe,2018,Mais de 23.850 Reais,1 Despesa total,100.0,100.0
6715,1204,Distribuição da despesa monetária e não monetária média mensal familiar,%,Unidade da Federação,29,Bahia,2018,Mais de 23.850 Reais,1 Despesa total,100.0,100.0
6715,1204,Distribuição da despesa monetária e não monetária média mensal familiar,%,Unidade da Federação,31,Minas Gerais,2018,Mais de 23.850 Reais,1 Despesa total,100.0,100.0
6715,1204,Distribuição da despesa monetária e não monetária média mensal familiar,%,Unidade da Federação,32,Espírito Santo,2018,Mais de 23.850 Reais,1 Despesa total,100.0,100.0
6715,1204,Distribuição da despesa monetária e não monetária média mensal familiar,%,Unidade da Federação,33,Rio de Janeiro,2018,Mais de 23.850 Reais,1 Despesa total,100.0,100.0
6715,1204,Distribuição da despesa monetária e não monetária média mensal familiar,%,Unidade da Federação,35,São Paulo,2018,Mais de 23.850 Reais,1 Despesa total,100.0,100.0
6715,1204,Distribuição da despesa monetária e não monetária média mensal familiar,%,Unidade da Federação,41,Paraná,2018,Mais de 23.850 Reais,1 Despesa total,100.0,100.0
6715,1204,Distribuição da despesa monetária e não monetária média mensal familiar,%,Unidade da Federação,42,Santa Catarina,2018,Mais de 23.850 Reais,1 Despesa total,100.0,100.0
6715,1204,Distribuição da despesa monetária e não monetária média mensal familiar,%,Unidade da Federação,43,Rio Grande do Sul,2018,Mais de 23.850 Reais,1 Despesa total,100.0,100.0
6715,1204,Distribuição da despesa monetária e não monetária média mensal familiar,%,Unidade da Federação,50,Mato Grosso do Sul,2018,Mais de 23.850 Reais,1 Despesa total,100.0,100.0
6715,1204,Distribuição da despesa monetária e não monetária média mensal familiar,%,Unidade da Federação,51,Mato Grosso,2018,Mais de 23.850 Reais,1 Despesa total,100.0,100.0
6715,1204,Distribuição da despesa monetária e não monetária média mensal familiar,%,Unidade da Federação,52,Goiás,2018,Mais de 23.850 Reais,1 Despesa total,100.0,100.0
6715,1204,Distribuição da despesa monetária e não monetária média mensal familiar,%,Unidade da Federação,53,Distrito Federal,2018,Mais de 23.850 Reais,1 Despesa total,100.0,100.0
6715,1204,Distribuição da despesa monetária e não monetária média mensal familiar,%,Brasil,1,Brasil,2018,Mais de 23.850 Reais,2.1 Despesas de consumo,65.9,65.9
6715,1204,Distribuição da despesa monetária e não monetária média mensal familiar,%,Unidade da Federação,11,Rondônia,2018,Mais de 23.850 Reais,2.1 Despesas de consumo,51.1,51.1
6715,1204,Distribuição da despesa monetária e não monetária média mensal familiar,%,Unidade da Federação,12,Acre,2018,Mais de 23.850 Reais,2.1 Despesas de consumo,48.3,48.3
6715,1204,Distribuição da despesa monetária e não monetária média mensal familiar,%,Unidade da Federação,13,Amazonas,2018,Mais de 23.850 Reais,2.1 Despesas de consumo,64.3,64.3
6715,1204,Distribuição da despesa monetária e não monetária média mensal familiar,%,Unidade da Federação,14,Roraima,2018,Mais de 23.850 Reais,2.1 Despesas de consumo,55.7,55.7
6715,1204,Distribuição da despesa monetária e não monetária média mensal familiar,%,Unidade da Federação,15,Pará,2018,Mais de 23.850 Reais,2.1 Despesas de consumo,54.2,54.2
6715,1204,Distribuição da despesa monetária e não monetária média mensal familiar,%,Unidade da Federação,16,Amapá,2018,Mais de 23.850 Reais,2.1 Despesas de consumo,57.8,57.8
6715,1204,Distribuição da despesa monetária e não monetária média mensal familiar,%,Unidade da Federação,17,Tocantins,2018,Mais de 23.850 Reais,2.1 Despesas de consumo,52.7,52.7
6715,1204,Distribuição da despesa monetária e não monetária média mensal familiar,%,Unidade da Federação,21,Maranhão,2018,Mais de 23.850 Reais,2.1 Despesas de consumo,72.6,72.6
6715,1204,Distribuição da despesa monetária e não monetária média mensal familiar,%,Unidade da Federação,22,Piauí,2018,Mais de 23.850 Reais,2.1 Despesas de consumo,69.2,69.2
6715,1204,Distribuição da despesa monetária e não monetária média mensal familiar,%,Unidade da Federação,23,Ceará,2018,Mais de 23.850 Reais,2.1 Despesas de consumo,63.2,63.2
6715,1204,Distribuição da despesa monetária e não monetária média mensal familiar,%,Unidade da Federação,24,Rio Grande do Norte,2018,Mais de 23.850 Reais,2.1 Despesas de consumo,78.8,78.8
6715,1204,Distribuição da despesa monetária e não monetária média mensal familiar,%,Unidade da Federação,25,Paraíba,2018,Mais de 23.850 Reais,2.1 Despesas de consumo,65.2,65.2
6715,1204,Distribuição da despesa monetária e não monetária média mensal familiar,%,Unidade da Federação,26,Pernambuco,2018,Mais de 23.850 Reais,2.1 Despesas de consumo,68.1,68.1
6715,1204,Distribuição da despesa monetária e não monetária média mensal familiar,%,Unidade da Federação,27,Alagoas,2018,Mais de 23.850 Reais,2.1 Despesas de consumo,65.9,65.9
6715,1204,Distribuição da despesa monetária e não monetária média mensal familiar,%,Unidade da Federação,28,Sergipe,2018,Mais de 23.850 Reais,2.1 Despesas de consumo,60.6,60.6
6715,1204,Distribuição da despesa monetária e não monetária média mensal familiar,%,Unidade da Federação,29,Bahia,2018,Mais de 23.850 Reais,2.1 Despesas de consumo,73.2,73.2
6715,1204,Distribuição da despesa monetária e não monetária média mensal familiar,%,Unidade da Federação,31,Minas Gerais,2018,Mais de 23.850 Reais,2.1 Despesas de consumo,66.8,66.8
6715,1204,Distribuição da despesa monetária e não monetária média mensal familiar,%,Unidade da Federação,32,Espírito Santo,2018,Mais de 23.850 Reais,2.1 Despesas de consumo,69.6,69.6
6715,1204,Distribuição da despesa monetária e não monetária média mensal familiar,%,Unidade da Federação,33,Rio de Janeiro,2018,Mais de 23.850 Reais,2.1 Despesas de consumo,60.3,60.3
6715,1204,Distribuição da despesa monetária e não monetária média mensal familiar,%,Unidade da Federação,35,São Paulo,2018,Mais de 23.850 Reais,2.1 Despesas de consumo,69.1,69.1
6715,1204,Distribuição da despesa monetária e não monetária média mensal familiar,%,Unidade da Federação,41,Paraná,2018,Mais de 23.850 Reais,2.1 Despesas de consumo,59.8,59.8
6715,1204,Distribuição da despesa monetária e não monetária média mensal familiar,%,Unidade da Federação,42,Santa Catarina,2018,Mais de 23.850 Reais,2.1 Despesas de consumo,66.3,66.3
6715,1204,Distribuição da despesa monetária e não monetária média mensal familiar,%,Unidade da Federação,43,Rio Grande do Sul,2018,Mais de 23.850 Reais,2.1 Despesas de consumo,61.2,61.2
6715,1204,Distribuição da despesa monetária e não monetária média mensal familiar,%,Unidade da Federação,50,Mato Grosso do Sul,2018,Mais de 23.850 Reais,2.1 Despesas de consumo,57.5,57.5
6715,1204,Distribuição da despesa monetária e não monetária média mensal familiar,%,Unidade da Federação,51,Mato Grosso,2018,Mais de 23.850 Reais,2.1 Despesas de consumo,62.6,62.6
6715,1204,Distribuição da despesa monetária e não monetária média mensal familiar,%,Unidade da Federação,52,Goiás,2018,Mais de 23.850 Reais,2.1 Despesas de consumo,63.5,63.5
6715,1204,Distribuição da despesa monetária e não monetária média mensal familiar,%,Unidade da Federação,53,Distrito Federal,2018,Mais de 23.850 Reais,2.1 Despesas de consumo,60.8,60.8
6715,1204,Distribuição da despesa monetária e não monetária média mensal familiar,%,Brasil,1,Brasil,2018,Mais de 23.850 Reais,2.1.1 Alimentação,7.6,7.6
6715,1204,Distribuição da despesa monetária e não monetária média mensal familiar,%,Unidade da Federação,11,Rondônia,2018,Mais de 23.850 Reais,2.1.1 Alimentação,4.4,4.4
6715,1204,Distribuição da despesa monetária e não monetária média mensal familiar,%,Unidade da Federação,12,Acre,2018,Mais de 23.850 Reais,2.1.1 Alimentação,4.1,4.1
6715,1204,Distribuição da despesa monetária e não monetária média mensal familiar,%,Unidade da Federação,13,Amazonas,2018,Mais de 23.850 Reais,2.1.1 Alimentação,7.3,7.3
6715,1204,Distribuição da despesa monetária e não monetária média mensal familiar,%,Unidade da Federação,14,Roraima,2018,Mais de 23.850 Reais,2.1.1 Alimentação,6.5,6.5
6715,1204,Distribuição da despesa monetária e não monetária média mensal familiar,%,Unidade da Federação,15,Pará,2018,Mais de 23.850 Reais,2.1.1 Alimentação,9.4,9.4
6715,1204,Distribuição da despesa monetária e não monetária média mensal familiar,%,Unidade da Federação,16,Amapá,2018,Mais de 23.850 Reais,2.1.1 Alimentação,7.5,7.5
6715,1204,Distribuição da despesa monetária e não monetária média mensal familiar,%,Unidade da Federação,17,Tocantins,2018,Mais de 23.850 Reais,2.1.1 Alimentação,5.2,5.2
6715,1204,Distribuição da despesa monetária e não monetária média mensal familiar,%,Unidade da Federação,21,Maranhão,2018,Mais de 23.850 Reais,2.1.1 Alimentação,9.2,9.2
6715,1204,Distribuição da despesa monetária e não monetária média mensal familiar,%,Unidade da Federação,22,Piauí,2018,Mais de 23.850 Reais,2.1.1 Alimentação,13.5,13.5
6715,1204,Distribuição da despesa monetária e não monetária média mensal familiar,%,Unidade da Federação,23,Ceará,2018,Mais de 23.850 Reais,2.1.1 Alimentação,7.1,7.1
6715,1204,Distribuição da despesa monetária e não monetária média mensal familiar,%,Unidade da Federação,24,Rio Grande do Norte,2018,Mais de 23.850 Reais,2.1.1 Alimentação,14.0,14.0
6715,1204,Distribuição da despesa monetária e não monetária média mensal familiar,%,Unidade da Federação,25,Paraíba,2018,Mais de 23.850 Reais,2.1.1 Alimentação,10.1,10.1
6715,1204,Distribuição da despesa monetária e não monetária média mensal familiar,%,Unidade da Federação,26,Pernambuco,2018,Mais de 23.850 Reais,2.1.1 Alimentação,8.6,8.6
6715,1204,Distribuição da despesa monetária e não monetária média mensal familiar,%,Unidade da Federação,27,Alagoas,2018,Mais de 23.850 Reais,2.1.1 Alimentação,6.6,6.6
6715,1204,Distribuição da despesa monetária e não monetária média mensal familiar,%,Unidade da Federação,28,Sergipe,2018,Mais de 23.850 Reais,2.1.1 Alimentação,8.7,8.7
6715,1204,Distribuição da despesa monetária e não monetária média mensal familiar,%,Unidade da Federação,29,Bahia,2018,Mais de 23.850 Reais,2.1.1 Alimentação,9.7,9.7
6715,1204,Distribuição da despesa monetária e não monetária média mensal familiar,%,Unidade da Federação,31,Minas Gerais,2018,Mais de 23.850 Reais,2.1.1 Alimentação,8.8,8.8
6715,1204,Distribuição da despesa monetária e não monetária média mensal familiar,%,Unidade da Federação,32,Espírito Santo,2018,Mais de 23.850 Reais,2.1.1 Alimentação,6.8,6.8
6715,1204,Distribuição da despesa monetária e não monetária média mensal familiar,%,Unidade da Federação,33,Rio de Janeiro,2018,Mais de 23.850 Reais,2.1.1 Alimentação,7.6,7.6
6715,1204,Distribuição da despesa monetária e não monetária média mensal familiar,%,Unidade da Federação,35,São Paulo,2018,Mais de 23.850 Reais,2.1.1 Alimentação,7.3,7.3
6715,1204,Distribuição da despesa monetária e não monetária média mensal familiar,%,Unidade da Federação,41,Paraná,2018,Mais de 23.850 Reais,2.1.1 Alimentação,7.1,7.1
6715,1204,Distribuição da despesa monetária e não monetária média mensal familiar,%,Unidade da Federação,42,Santa Catarina,2018,Mais de 23.850 Reais,2.1.1 Alimentação,7.4,7.4
6715,1204,Distribuição da despesa monetária e não monetária média mensal familiar,%,Unidade da Federação,43,Rio Grande do Sul,2018,Mais de 23.850 Reais,2.1.1 Alimentação,9.4,9.4
6715,1204,Distribuição da despesa monetária e não monetária média mensal familiar,%,Unidade da Federação,50,Mato Grosso do Sul,2018,Mais de 23.850 Reais,2.1.1 Alimentação,6.1,6.1
6715,1204,Distribuição da despesa monetária e não monetária média mensal familiar,%,Unidade da Federação,51,Mato Grosso,2018,Mais de 23.850 Reais,2.1.1 Alimentação,8.8,8.8
6715,1204,Distribuição da despesa monetária e não monetária média mensal familiar,%,Unidade da Federação,52,Goiás,2018,Mais de 23.850 Reais,2.1.1 Alimentação,6.7,6.7
6715,1204,Distribuição da despesa monetária e não monetária média mensal familiar,%,Unidade da Federação,53,Distrito Federal,2018,Mais de 23.850 Reais,2.1.1 Alimentação,5.8,5.8
6715,1204,Distribuição da despesa monetária e não monetária média mensal familiar,%,Brasil,1,Brasil,2018,Mais de 23.850 Reais,2.1.8 Recreação e cultura,2.3,2.3
6715,1204,Distribuição da despesa monetária e não monetária média mensal familiar,%,Unidade da Federação,11,Rondônia,2018,Mais de 23.850 Reais,2.1.8 Recreação e cultura,3.8,3.8
6715,1204,Distribuição da despesa monetária e não monetária média mensal familiar,%,Unidade da Federação,12,Acre,2018,Mais de 23.850 Reais,2.1.8 Recreação e cultura,0.6,0.6
6715,1204,Distribuição da despesa monetária e não monetária média mensal familiar,%,Unidade da Federação,13,Amazonas,2018,Mais de 23.850 Reais,2.1.8 Recreação e cultura,1.5,1.5
6715,1204,Distribuição da despesa monetária e não monetária média mensal familiar,%,Unidade da Federação,14,Roraima,2018,Mais de 23.850 Reais,2.1.8 Recreação e cultura,0.8,0.8
6715,1204,Distribuição da despesa monetária e não monetária média mensal familiar,%,Unidade da Federação,15,Pará,2018,Mais de 23.850 Reais,2.1.8 Recreação e cultura,0.5,0.5
6715,1204,Distribuição da despesa monetária e não monetária média mensal familiar,%,Unidade da Federação,16,Amapá,2018,Mais de 23.850 Reais,2.1.8 Recreação e cultura,1.6,1.6
6715,1204,Distribuição da despesa monetária e não monetária média mensal familiar,%,Unidade da Federação,17,Tocantins,2018,Mais de 23.850 Reais,2.1.8 Recreação e cultura,0.7,0.7
6715,1204,Distribuição da despesa monetária e não monetária média mensal familiar,%,Unidade da Federação,21,Maranhão,2018,Mais de 23.850 Reais,2.1.8 Recreação e cultura,3.2,3.2
6715,1204,Distribuição da despesa monetária e não monetária média mensal familiar,%,Unidade da Federação,22,Piauí,2018,Mais de 23.850 Reais,2.1.8 Recreação e cultura,1.5,1.5
6715,1204,Distribuição da despesa monetária e não monetária média mensal familiar,%,Unidade da Federação,23,Ceará,2018,Mais de 23.850 Reais,2.1.8 Recreação e cultura,3.3,3.3
6715,1204,Distribuição da despesa monetária e não monetária média mensal familiar,%,Unidade da Federação,24,Rio Grande do Norte,2018,Mais de 23.850 Reais,2.1.8 Recreação e cultura,2.4,2.4
6715,1204,Distribuição da despesa monetária e não monetária média mensal familiar,%,Unidade da Federação,25,Paraíba,2018,Mais de 23.850 Reais,2.1.8 Recreação e cultura,4.3,4.3
6715,1204,Distribuição da despesa monetária e não monetária média mensal familiar,%,Unidade da Federação,26,Pernambuco,2018,Mais de 23.850 Reais,2.1.8 Recreação e cultura,2.8,2.8
6715,1204,Distribuição da despesa monetária e não monetária média mensal familiar,%,Unidade da Federação,27,Alagoas,2018,Mais de 23.850 Reais,2.1.8 Recreação e cultura,1.9,1.9
6715,1204,Distribuição da despesa monetária e não monetária média mensal familiar,%,Unidade da Federação,28,Sergipe,2018,Mais de 23.850 Reais,2.1.8 Recreação e cultura,1.6,1.6
6715,1204,Distribuição da despesa monetária e não monetária média mensal familiar,%,Unidade da Federação,29,Bahia,2018,Mais de 23.850 Reais,2.1.8 Recreação e cultura,2.6,2.6
6715,1204,Distribuição da despesa monetária e não monetária média mensal familiar,%,Unidade da Federação,31,Minas Gerais,2018,Mais de 23.850 Reais,2.1.8 Recreação e cultura,2.3,2.3
6715,1204,Distribuição da despesa monetária e não monetária média mensal familiar,%,Unidade da Federação,32,Espírito Santo,2018,Mais de 23.850 Reais,2.1.8 Recreação e cultura,2.1,2.1
6715,1204,Distribuição da despesa monetária e não monetária média mensal familiar,%,Unidade da Federação,33,Rio de Janeiro,2018,Mais de 23.850 Reais,2.1.8 Recreação e cultura,3.1,3.1
6715,1204,Distribuição da despesa monetária e não monetária média mensal familiar,%,Unidade da Federação,35,São Paulo,2018,Mais de 23.850 Reais,2.1.8 Recreação e cultura,2.1,2.1
6715,1204,Distribuição da despesa monetária e não monetária média mensal familiar,%,Unidade da Federação,41,Paraná,2018,Mais de 23.850 Reais,2.1.8 Recreação e cultura,2.8,2.8
6715,1204,Distribuição da despesa monetária e não monetária média mensal familiar,%,Unidade da Federação,42,Santa Catarina,2018,Mais de 23.850 Reais,2.1.8 Recreação e cultura,2.1,2.1
6715,1204,Distribuição da despesa monetária e não monetária média mensal familiar,%,Unidade da Federação,43,Rio Grande do Sul,2018,Mais de 23.850 Reais,2.1.8 Recreação e cultura,1.7,1.7
6715,1204,Distribuição da despesa monetária e não monetária média mensal familiar,%,Unidade da Federação,50,Mato Grosso do Sul,2018,Mais de 23.850 Reais,2.1.8 Recreação e cultura,1.4,1.4
6715,1204,Distribuição da despesa monetária e não monetária média mensal familiar,%,Unidade da Federação,51,Mato Grosso,2018,Mais de 23.850 Reais,2.1.8 Recreação e cultura,1.2,1.2
6715,1204,Distribuição da despesa monetária e não monetária média mensal familiar,%,Unidade da Federação,52,Goiás,2018,Mais de 23.850 Reais,2.1.8 Recreação e cultura,2.3,2.3
6715,1204,Distribuição da despesa monetária e não monetária média mensal familiar,%,Unidade da Federação,53,Distrito Federal,2018,Mais de 23.850 Reais,2.1.8 Recreação e cultura,2.6,2.6
6715,1204,Distribuição da despesa monetária e não monetária média mensal familiar,%,Brasil,1,Brasil,2018,Mais de 23.850 Reais,2.1.8.4 Recreações e esportes,0.6,0.6
6715,1204,Distribuição da despesa monetária e não monetária média mensal familiar,%,Unidade da Federação,11,Rondônia,2018,Mais de 23.850 Reais,2.1.8.4 Recreações e esportes,0.7,0.7
6715,1204,Distribuição da despesa monetária e não monetária média mensal familiar,%,Unidade da Federação,12,Acre,2018,Mais de 23.850 Reais,2.1.8.4 Recreações e esportes,0.2,0.2
6715,1204,Distribuição da despesa monetária e não monetária média mensal familiar,%,Unidade da Federação,13,Amazonas,2018,Mais de 23.850 Reais,2.1.8.4 Recreações e esportes,0.4,0.4
6715,1204,Distribuição da despesa monetária e não monetária média mensal familiar,%,Unidade da Federação,14,Roraima,2018,Mais de 23.850 Reais,2.1.8.4 Recreações e esportes,0.2,0.2
6715,1204,Distribuição da despesa monetária e não monetária média mensal familiar,%,Unidade da Federação,15,Pará,2018,Mais de 23.850 Reais,2.1.8.4 Recreações e esportes,-,0.0
6715,1204,Distribuição da despesa monetária e não monetária média mensal familiar,%,Unidade da Federação,16,Amapá,2018,Mais de 23.850 Reais,2.1.8.4 Recreações e esportes,0.6,0.6
6715,1204,Distribuição da despesa monetária e não monetária média mensal familiar,%,Unidade da Federação,17,Tocantins,2018,Mais de 23.850 Reais,2.1.8.4 Recreações e esportes,0.1,0.1
6715,1204,Distribuição da despesa monetária e não monetária média mensal familiar,%,Unidade da Federação,21,Maranhão,2018,Mais de 23.850 Reais,2.1.8.4 Recreações e esportes,0.3,0.3
6715,1204,Distribuição da despesa monetária e não monetária média mensal familiar,%,Unidade da Federação,22,Piauí,2018,Mais de 23.850 Reais,2.1.8.4 Recreações e esportes,0.4,0.4
6715,1204,Distribuição da despesa monetária e não monetária média mensal familiar,%,Unidade da Federação,23,Ceará,2018,Mais de 23.850 Reais,2.1.8.4 Recreações e esportes,0.1,0.1
6715,1204,Distribuição da despesa monetária e não monetária média mensal familiar,%,Unidade da Federação,24,Rio Grande do Norte,2018,Mais de 23.850 Reais,2.1.8.4 Recreações e esportes,0.5,0.5
6715,1204,Distribuição da despesa monetária e não monetária média mensal familiar,%,Unidade da Federação,25,Paraíba,2018,Mais de 23.850 Reais,2.1.8.4 Recreações e esportes,0.8,0.8
6715,1204,Distribuição da despesa monetária e não monetária média mensal familiar,%,Unidade da Federação,26,Pernambuco,2018,Mais de 23.850 Reais,2.1.8.4 Recreações e esportes,0.6,0.6
6715,1204,Distribuição da despesa monetária e não monetária média mensal familiar,%,Unidade da Federação,27,Alagoas,2018,Mais de 23.850 Reais,2.1.8.4 Recreações e esportes,0.2,0.2
6715,1204,Distribuição da despesa monetária e não monetária média mensal familiar,%,Unidade da Federação,28,Sergipe,2018,Mais de 23.850 Reais,2.1.8.4 Recreações e esportes,0.3,0.3
6715,1204,Distribuição da despesa monetária e não monetária média mensal familiar,%,Unidade da Federação,29,Bahia,2018,Mais de 23.850 Reais,2.1.8.4 Recreações e esportes,0.6,0.6
6715,1204,Distribuição da despesa monetária e não monetária média mensal familiar,%,Unidade da Federação,31,Minas Gerais,2018,Mais de 23.850 Reais,2.1.8.4 Recreações e esportes,0.6,0.6
6715,1204,Distribuição da despesa monetária e não monetária média mensal familiar,%,Unidade da Federação,32,Espírito Santo,2018,Mais de 23.850 Reais,2.1.8.4 Recreações e esportes,0.5,0.5
6715,1204,Distribuição da despesa monetária e não monetária média mensal familiar,%,Unidade da Federação,33,Rio de Janeiro,2018,Mais de 23.850 Reais,2.1.8.4 Recreações e esportes,1.0,1.0
6715,1204,Distribuição da despesa monetária e não monetária média mensal familiar,%,Unidade da Federação,35,São Paulo,2018,Mais de 23.850 Reais,2.1.8.4 Recreações e esportes,0.6,0.6
6715,1204,Distribuição da despesa monetária e não monetária média mensal familiar,%,Unidade da Federação,41,Paraná,2018,Mais de 23.850 Reais,2.1.8.4 Recreações e esportes,0.4,0.4
6715,1204,Distribuição da despesa monetária e não monetária média mensal familiar,%,Unidade da Federação,42,Santa Catarina,2018,Mais de 23.850 Reais,2.1.8.4 Recreações e esportes,0.3,0.3
6715,1204,Distribuição da despesa monetária e não monetária média mensal familiar,%,Unidade da Federação,43,Rio Grande do Sul,2018,Mais de 23.850 Reais,2.1.8.4 Recreações e esportes,0.4,0.4
6715,1204,Distribuição da despesa monetária e não monetária média mensal familiar,%,Unidade da Federação,50,Mato Grosso do Sul,2018,Mais de 23.850 Reais,2.1.8.4 Recreações e esportes,0.3,0.3
6715,1204,Distribuição da despesa monetária e não monetária média mensal familiar,%,Unidade da Federação,51,Mato Grosso,2018,Mais de 23.850 Reais,2.1.8.4 Recreações e esportes,0.4,0.4
6715,1204,Distribuição da despesa monetária e não monetária média mensal familiar,%,Unidade da Federação,52,Goiás,2018,Mais de 23.850 Reais,2.1.8.4 Recreações e esportes,0.3,0.3
6715,1204,Distribuição da despesa monetária e não monetária média mensal familiar,%,Unidade da Federação,53,Distrito Federal,2018,Mais de 23.850 Reais,2.1.8.4 Recreações e esportes,0.5,0.5
