ano,recorte,capital,cbo,ocupacao,admissoes,salario_medio,salario_p25,salario_mediana,salario_p75,salario_medio_real,horas_mediana,amostra_pequena,meses_no_ano,ano_incompleto,salario_minimo_medio_ano,razao_medio_salario_minimo,var_anual_nominal_pct,var_anual_real_pct
2021,CNAE 56 - alimentação,27 capitais,141510,Gerente de restaurante,4175,2278.3,1550.0,2000.0,2800.0,2979.37,44.0,False,12,False,1100.0,2.071,,
2022,CNAE 56 - alimentação,27 capitais,141510,Gerente de restaurante,5645,2330.74,1666.7,2000.0,2705.0,2801.52,44.0,False,12,False,1212.0,1.923,2.3,-5.97
2023,CNAE 56 - alimentação,27 capitais,141510,Gerente de restaurante,5910,2486.39,1800.0,2148.6,3000.0,2858.5,44.0,False,12,False,1314.0,1.892,6.68,2.03
2024,CNAE 56 - alimentação,27 capitais,141510,Gerente de restaurante,6366,2638.27,1900.0,2369.8,3092.8,2905.86,44.0,False,12,False,1412.0,1.868,6.11,1.66
2025,CNAE 56 - alimentação,27 capitais,141510,Gerente de restaurante,6790,2858.61,2000.0,2500.0,3351.8,2997.16,44.0,False,12,False,1518.0,1.883,8.35,3.14
2026,CNAE 56 - alimentação,27 capitais,141510,Gerente de restaurante,4492,3028.92,2232.02,2774.0,3500.0,3061.75,44.0,False,7,True,1621.0,1.869,5.96,2.16
2021,CNAE 56 - alimentação,27 capitais,141515,Gerente de bar,1028,1927.69,1500.0,1700.0,2150.0,2517.0,44.0,False,12,False,1100.0,1.752,,
2022,CNAE 56 - alimentação,27 capitais,141515,Gerente de bar,1362,2107.39,1540.98,1825.18,2500.0,2537.21,44.0,False,12,False,1212.0,1.739,9.32,0.8
2023,CNAE 56 - alimentação,27 capitais,141515,Gerente de bar,1366,2269.51,1688.89,2000.0,2519.64,2607.61,44.0,False,12,False,1314.0,1.727,7.69,2.77
2024,CNAE 56 - alimentação,27 capitais,141515,Gerente de bar,1493,2518.27,1800.0,2200.0,2893.8,2770.87,44.0,False,12,False,1412.0,1.783,10.96,6.26
2025,CNAE 56 - alimentação,27 capitais,141515,Gerente de bar,1359,2650.44,2000.0,2480.5,3000.0,2781.36,44.0,False,12,False,1518.0,1.746,5.25,0.38
2026,CNAE 56 - alimentação,27 capitais,141515,Gerente de bar,851,2722.44,2047.58,2500.0,3000.0,2754.8,44.0,False,7,True,1621.0,1.679,2.72,-0.95
2021,CNAE 56 - alimentação,27 capitais,371410,Recreador,437,1199.96,1125.0,1170.0,1235.0,1554.07,44.0,False,12,False,1100.0,1.091,,
2022,CNAE 56 - alimentação,27 capitais,371410,Recreador,691,1322.91,1245.5,1300.0,1350.0,1588.14,44.0,False,12,False,1212.0,1.092,10.25,2.19
2023,CNAE 56 - alimentação,27 capitais,371410,Recreador,873,1420.94,1326.6,1377.0,1433.26,1632.12,44.0,False,12,False,1314.0,1.081,7.41,2.77
2024,CNAE 56 - alimentação,27 capitais,371410,Recreador,1023,1516.23,1428.0,1482.6,1550.0,1669.8,44.0,False,12,False,1412.0,1.074,6.71,2.31
2025,CNAE 56 - alimentação,27 capitais,371410,Recreador,1142,1630.82,1550.0,1596.5,1650.0,1710.02,44.0,False,12,False,1518.0,1.074,7.56,2.41
2026,CNAE 56 - alimentação,27 capitais,371410,Recreador,705,1734.12,1635.87,1695.0,1750.68,1754.13,44.0,False,7,True,1621.0,1.07,6.33,2.58
2021,CNAE 56 - alimentação,27 capitais,421125,Operador de caixa,10791,1276.2,1133.0,1230.0,1368.06,1666.41,44.0,False,12,False,1100.0,1.16,,
2022,CNAE 56 - alimentação,27 capitais,421125,Operador de caixa,14400,1381.83,1248.36,1308.96,1475.96,1661.8,44.0,False,12,False,1212.0,1.14,8.28,-0.28
2023,CNAE 56 - alimentação,27 capitais,421125,Operador de caixa,14949,1487.54,1348.2,1423.63,1585.0,1710.32,44.0,False,12,False,1314.0,1.132,7.65,2.92
2024,CNAE 56 - alimentação,27 capitais,421125,Operador de caixa,15229,1610.26,1454.36,1537.4,1700.0,1774.16,44.0,False,12,False,1412.0,1.14,8.25,3.73
2025,CNAE 56 - alimentação,27 capitais,421125,Operador de caixa,14811,1727.47,1563.54,1639.44,1804.0,1813.04,44.0,False,12,False,1518.0,1.138,7.28,2.19
2026,CNAE 56 - alimentação,27 capitais,421125,Operador de caixa,8425,1828.92,1658.8,1750.68,1930.0,1850.97,44.0,False,7,True,1621.0,1.128,5.87,2.09
2021,CNAE 56 - alimentação,27 capitais,513205,Cozinheiro geral,35272,1433.2,1211.95,1330.0,1540.0,1873.51,44.0,False,12,False,1100.0,1.303,,
2022,CNAE 56 - alimentação,27 capitais,513205,Cozinheiro geral,48773,1531.42,1305.0,1420.0,1650.0,1843.32,44.0,False,12,False,1212.0,1.264,6.85,-1.61
2023,CNAE 56 - alimentação,27 capitais,513205,Cozinheiro geral,51006,1649.78,1398.63,1550.08,1800.0,1897.88,44.0,False,12,False,1314.0,1.256,7.73,2.96
2024,CNAE 56 - alimentação,27 capitais,513205,Cozinheiro geral,50447,1800.76,1524.96,1695.93,1990.64,1985.64,44.0,False,12,False,1412.0,1.275,9.15,4.62
2025,CNAE 56 - alimentação,27 capitais,513205,Cozinheiro geral,52039,1957.3,1639.44,1810.0,2149.88,2054.26,44.0,False,12,False,1518.0,1.289,8.69,3.46
2026,CNAE 56 - alimentação,27 capitais,513205,Cozinheiro geral,33593,2069.18,1750.68,1889.28,2285.8,2094.49,44.0,False,7,True,1621.0,1.276,5.72,1.96
2021,CNAE 56 - alimentação,27 capitais,513405,Garçom,25520,1290.73,1150.0,1230.55,1391.0,1677.23,44.0,False,12,False,1100.0,1.173,,
2022,CNAE 56 - alimentação,27 capitais,513405,Garçom,37193,1400.0,1250.0,1336.23,1504.9,1682.87,44.0,False,12,False,1212.0,1.155,8.47,0.34
2023,CNAE 56 - alimentação,27 capitais,513405,Garçom,39730,1514.4,1371.54,1455.0,1609.0,1740.86,44.0,False,12,False,1314.0,1.153,8.17,3.45
2024,CNAE 56 - alimentação,27 capitais,513405,Garçom,41077,1645.24,1470.0,1572.32,1765.33,1812.02,44.0,False,12,False,1412.0,1.165,8.64,4.09
2025,CNAE 56 - alimentação,27 capitais,513405,Garçom,43296,1762.63,1580.0,1658.8,1878.24,1848.97,44.0,False,12,False,1518.0,1.161,7.14,2.04
2026,CNAE 56 - alimentação,27 capitais,513405,Garçom,25388,1864.12,1674.49,1751.0,1996.79,1886.06,44.0,False,7,True,1621.0,1.15,5.76,2.01
2021,CNAE 56 - alimentação,27 capitais,513415,Cumim,8894,1246.47,1145.0,1215.0,1287.13,1616.7,44.0,False,12,False,1100.0,1.133,,
2022,CNAE 56 - alimentação,27 capitais,513415,Cumim,13530,1351.15,1248.36,1308.96,1400.0,1623.55,44.0,False,12,False,1212.0,1.115,8.4,0.42
2023,CNAE 56 - alimentação,27 capitais,513415,Cumim,15266,1460.62,1368.0,1425.6,1509.34,1678.99,44.0,False,12,False,1314.0,1.112,8.1,3.41
2024,CNAE 56 - alimentação,27 capitais,513415,Cumim,15621,1570.05,1461.92,1550.0,1615.63,1729.49,44.0,False,12,False,1412.0,1.112,7.49,3.01
2025,CNAE 56 - alimentação,27 capitais,513415,Cumim,16159,1678.75,1572.32,1639.44,1700.0,1761.56,44.0,False,12,False,1518.0,1.106,6.92,1.85
2026,CNAE 56 - alimentação,27 capitais,513415,Cumim,9411,1763.9,1658.8,1734.0,1804.0,1784.38,44.0,False,7,True,1621.0,1.088,5.07,1.3
2021,CNAE 56 - alimentação,27 capitais,513420,Barman,5144,1328.3,1180.0,1271.23,1402.56,1725.38,44.0,False,12,False,1100.0,1.208,,
2022,CNAE 56 - alimentação,27 capitais,513420,Barman,7876,1437.54,1270.0,1372.4,1521.0,1727.93,44.0,False,12,False,1212.0,1.186,8.22,0.15
2023,CNAE 56 - alimentação,27 capitais,513420,Barman,8410,1551.42,1383.0,1500.0,1650.0,1783.25,44.0,False,12,False,1314.0,1.181,7.92,3.2
2024,CNAE 56 - alimentação,27 capitais,513420,Barman,8811,1674.13,1483.0,1598.22,1800.0,1843.95,44.0,False,12,False,1412.0,1.186,7.91,3.4
2025,CNAE 56 - alimentação,27 capitais,513420,Barman,9006,1789.01,1600.0,1700.0,1900.0,1876.93,44.0,False,12,False,1518.0,1.179,6.86,1.79
2026,CNAE 56 - alimentação,27 capitais,513420,Barman,5549,1886.31,1695.0,1800.0,2000.0,1908.38,44.0,False,7,True,1621.0,1.164,5.44,1.68
2021,CNAE 56 - alimentação,27 capitais,513435,Atendente de lanchonete,51893,1244.47,1121.64,1200.0,1316.26,1619.93,44.0,False,12,False,1100.0,1.131,,
2022,CNAE 56 - alimentação,27 capitais,513435,Atendente de lanchonete,79442,1353.46,1230.0,1304.91,1400.0,1626.32,44.0,False,12,False,1212.0,1.117,8.76,0.39
2023,CNAE 56 - alimentação,27 capitais,513435,Atendente de lanchonete,88857,1464.94,1338.0,1406.16,1550.08,1683.81,44.0,False,12,False,1314.0,1.115,8.24,3.53
2024,CNAE 56 - alimentação,27 capitais,513435,Atendente de lanchonete,101521,1576.14,1439.36,1524.96,1671.73,1735.64,44.0,False,12,False,1412.0,1.116,7.59,3.08
2025,CNAE 56 - alimentação,27 capitais,513435,Atendente de lanchonete,116363,1680.58,1548.36,1608.12,1770.85,1762.64,44.0,False,12,False,1518.0,1.107,6.63,1.56
2026,CNAE 56 - alimentação,27 capitais,513435,Atendente de lanchonete,76492,1772.09,1625.09,1697.0,1828.0,1792.3,44.0,False,7,True,1621.0,1.093,5.45,1.68
2021,CNAE 56 - alimentação,27 capitais,513505,Auxiliar nos serviços de alimentação,56506,1286.28,1160.0,1248.0,1396.66,1679.31,44.0,False,12,False,1100.0,1.169,,
2022,CNAE 56 - alimentação,27 capitais,513505,Auxiliar nos serviços de alimentação,82716,1395.01,1260.0,1350.0,1500.0,1676.72,44.0,False,12,False,1212.0,1.151,8.45,-0.15
2023,CNAE 56 - alimentação,27 capitais,513505,Auxiliar nos serviços de alimentação,94463,1508.09,1362.0,1450.0,1611.73,1733.55,44.0,False,12,False,1314.0,1.148,8.11,3.39
2024,CNAE 56 - alimentação,27 capitais,513505,Auxiliar nos serviços de alimentação,104851,1632.85,1466.01,1560.0,1735.0,1799.0,44.0,False,12,False,1412.0,1.156,8.27,3.78
2025,CNAE 56 - alimentação,27 capitais,513505,Auxiliar nos serviços de alimentação,108891,1753.48,1585.76,1671.73,1850.46,1839.34,44.0,False,12,False,1518.0,1.155,7.39,2.24
2026,CNAE 56 - alimentação,27 capitais,513505,Auxiliar nos serviços de alimentação,68155,1857.07,1685.22,1800.0,1975.1,1878.08,44.0,False,7,True,1621.0,1.146,5.91,2.11
2021,CNAE 56 - alimentação,27 capitais,514320,Faxineiro,13801,1245.71,1133.0,1215.0,1293.0,1621.52,44.0,False,12,False,1100.0,1.132,,
2022,CNAE 56 - alimentação,27 capitais,514320,Faxineiro,19783,1350.15,1239.5,1308.96,1391.64,1621.9,44.0,False,12,False,1212.0,1.114,8.38,0.02
2023,CNAE 56 - alimentação,27 capitais,514320,Faxineiro,24820,1456.15,1340.0,1406.16,1517.0,1672.93,44.0,False,12,False,1314.0,1.108,7.85,3.15
2024,CNAE 56 - alimentação,27 capitais,514320,Faxineiro,30693,1572.02,1454.36,1533.82,1638.72,1731.44,44.0,False,12,False,1412.0,1.113,7.96,3.5
2025,CNAE 56 - alimentação,27 capitais,514320,Faxineiro,31647,1684.84,1565.59,1639.44,1764.0,1767.56,44.0,False,12,False,1518.0,1.11,7.18,2.09
2026,CNAE 56 - alimentação,27 capitais,514320,Faxineiro,18706,1787.06,1665.0,1750.0,1837.4,1807.83,44.0,False,7,True,1621.0,1.102,6.07,2.28
2021,CNAE 56 - alimentação,27 capitais,521140,Atendente de lojas e mercados,7882,1257.72,1132.05,1203.6,1345.77,1639.88,44.0,False,12,False,1100.0,1.143,,
2022,CNAE 56 - alimentação,27 capitais,521140,Atendente de lojas e mercados,11847,1359.65,1236.12,1304.91,1401.0,1633.54,44.0,False,12,False,1212.0,1.122,8.1,-0.39
2023,CNAE 56 - alimentação,27 capitais,521140,Atendente de lojas e mercados,14016,1475.51,1338.0,1413.68,1558.0,1695.79,44.0,False,12,False,1314.0,1.123,8.52,3.81
2024,CNAE 56 - alimentação,27 capitais,521140,Atendente de lojas e mercados,16453,1601.08,1454.36,1524.96,1683.5,1763.33,44.0,False,12,False,1412.0,1.134,8.51,3.98
2025,CNAE 56 - alimentação,27 capitais,521140,Atendente de lojas e mercados,18346,1709.22,1563.0,1635.87,1802.01,1793.19,44.0,False,12,False,1518.0,1.126,6.75,1.69
2026,CNAE 56 - alimentação,27 capitais,521140,Atendente de lojas e mercados,11547,1812.65,1658.28,1750.68,1900.0,1833.43,44.0,False,7,True,1621.0,1.118,6.05,2.24
2021,CNAE 56 - alimentação,Aracaju,141510,Gerente de restaurante,26,2246.39,1262.5,2000.0,2705.81,2943.18,44.0,True,12,False,1100.0,2.042,,
2022,CNAE 56 - alimentação,Aracaju,141510,Gerente de restaurante,29,1868.45,1305.44,1442.0,2000.0,2244.72,44.0,True,12,False,1212.0,1.542,-16.82,-23.73
2023,CNAE 56 - alimentação,Aracaju,141510,Gerente de restaurante,44,2059.38,1390.0,1900.0,2500.0,2376.27,44.0,False,12,False,1314.0,1.567,10.22,5.86
2024,CNAE 56 - alimentação,Aracaju,141510,Gerente de restaurante,50,2235.68,1667.34,2057.59,2427.59,2465.56,44.0,False,12,False,1412.0,1.583,8.56,3.76
2025,CNAE 56 - alimentação,Aracaju,141510,Gerente de restaurante,53,2385.06,2000.0,2210.36,2700.0,2497.58,44.0,False,12,False,1518.0,1.571,6.68,1.3
2026,CNAE 56 - alimentação,Aracaju,141510,Gerente de restaurante,28,2544.22,1965.0,2304.23,3074.57,2575.9,44.0,True,7,True,1621.0,1.57,6.67,3.14
2021,CNAE 56 - alimentação,Aracaju,141515,Gerente de bar,4,1593.9,1275.0,1443.0,1761.9,2146.43,44.0,True,12,False,1100.0,1.449,,
2022,CNAE 56 - alimentação,Aracaju,141515,Gerente de bar,4,2483.25,2233.25,2750.0,3000.0,2979.58,44.0,True,12,False,1212.0,2.049,55.8,38.82
2023,CNAE 56 - alimentação,Aracaju,141515,Gerente de bar,7,1584.0,1355.0,1391.0,1842.5,1828.3,44.0,True,12,False,1314.0,1.205,-36.21,-38.64
2024,CNAE 56 - alimentação,Aracaju,141515,Gerente de bar,8,2254.75,1797.5,2000.0,2824.0,2474.43,44.0,True,12,False,1412.0,1.597,42.35,35.34
2025,CNAE 56 - alimentação,Aracaju,141515,Gerente de bar,4,2650.0,2400.0,2750.0,3000.0,2755.3,44.0,True,12,False,1518.0,1.746,17.53,11.35
2026,CNAE 56 - alimentação,Aracaju,141515,Gerente de bar,2,2490.0,2235.0,2490.0,2745.0,2532.83,43.855000000000004,True,7,True,1621.0,1.536,-6.04,-8.07
2021,CNAE 56 - alimentação,Aracaju,371410,Recreador,3,1150.0,1150.0,1150.0,1150.0,1463.21,44.0,True,12,False,1100.0,1.045,,
2022,CNAE 56 - alimentação,Aracaju,371410,Recreador,13,1239.92,1245.0,1245.0,1245.0,1480.49,44.0,True,12,False,1212.0,1.023,7.82,1.18
2023,CNAE 56 - alimentação,Aracaju,371410,Recreador,15,1331.73,1302.0,1302.0,1360.0,1534.96,44.0,True,12,False,1314.0,1.013,7.4,3.68
2024,CNAE 56 - alimentação,Aracaju,371410,Recreador,20,1453.6,1412.0,1450.0,1450.0,1599.87,44.0,True,12,False,1412.0,1.029,9.15,4.23
2025,CNAE 56 - alimentação,Aracaju,371410,Recreador,17,1547.29,1518.0,1560.0,1560.0,1626.43,44.0,True,12,False,1518.0,1.019,6.45,1.66
2026,CNAE 56 - alimentação,Aracaju,371410,Recreador,9,1679.44,1621.0,1621.0,1670.0,1699.55,44.0,True,7,True,1621.0,1.036,8.54,4.5
2021,CNAE 56 - alimentação,Aracaju,421125,Operador de caixa,102,1126.24,1100.0,1100.0,1150.0,1481.03,44.0,False,12,False,1100.0,1.024,,
2022,CNAE 56 - alimentação,Aracaju,421125,Operador de caixa,171,1239.79,1212.0,1212.0,1245.0,1489.51,44.0,False,12,False,1212.0,1.023,10.08,0.57
2023,CNAE 56 - alimentação,Aracaju,421125,Operador de caixa,167,1355.32,1302.0,1360.0,1360.0,1559.24,44.0,False,12,False,1314.0,1.031,9.32,4.68
2024,CNAE 56 - alimentação,Aracaju,421125,Operador de caixa,168,1460.1,1412.0,1450.0,1450.0,1605.99,44.0,False,12,False,1412.0,1.034,7.73,3.0
2025,CNAE 56 - alimentação,Aracaju,421125,Operador de caixa,203,1569.03,1518.0,1560.0,1560.0,1642.84,44.0,False,12,False,1518.0,1.034,7.46,2.29
2026,CNAE 56 - alimentação,Aracaju,421125,Operador de caixa,123,1655.72,1621.0,1621.0,1670.0,1674.14,44.0,False,7,True,1621.0,1.021,5.53,1.91
2021,CNAE 56 - alimentação,Aracaju,513205,Cozinheiro geral,220,1217.15,1100.0,1150.0,1291.39,1589.5,44.0,False,12,False,1100.0,1.106,,
2022,CNAE 56 - alimentação,Aracaju,513205,Cozinheiro geral,368,1348.68,1228.95,1265.0,1400.0,1618.84,44.0,False,12,False,1212.0,1.113,10.81,1.85
2023,CNAE 56 - alimentação,Aracaju,513205,Cozinheiro geral,385,1448.32,1320.0,1360.0,1500.0,1665.3,44.0,False,12,False,1314.0,1.102,7.39,2.87
2024,CNAE 56 - alimentação,Aracaju,513205,Cozinheiro geral,418,1591.55,1450.0,1479.09,1692.5,1753.32,44.0,False,12,False,1412.0,1.127,9.89,5.29
2025,CNAE 56 - alimentação,Aracaju,513205,Cozinheiro geral,551,1743.88,1518.0,1600.0,1800.0,1829.27,44.0,False,12,False,1518.0,1.149,9.57,4.33
2026,CNAE 56 - alimentação,Aracaju,513205,Cozinheiro geral,316,1883.23,1621.0,1765.02,2000.0,1903.63,44.0,False,7,True,1621.0,1.162,7.99,4.07
2021,CNAE 56 - alimentação,Aracaju,513405,Garçom,222,1150.55,1100.0,1122.0,1150.0,1491.83,44.0,False,12,False,1100.0,1.046,,
2022,CNAE 56 - alimentação,Aracaju,513405,Garçom,340,1243.81,1212.0,1245.0,1245.0,1495.75,44.0,False,12,False,1212.0,1.026,8.11,0.26
2023,CNAE 56 - alimentação,Aracaju,513405,Garçom,413,1341.52,1302.0,1360.0,1360.0,1543.83,44.0,False,12,False,1314.0,1.021,7.86,3.21
2024,CNAE 56 - alimentação,Aracaju,513405,Garçom,416,1437.46,1412.0,1450.0,1450.0,1580.57,44.0,False,12,False,1412.0,1.018,7.15,2.38
2025,CNAE 56 - alimentação,Aracaju,513405,Garçom,558,1560.18,1518.0,1541.54,1560.0,1635.97,44.0,False,12,False,1518.0,1.028,8.54,3.51
2026,CNAE 56 - alimentação,Aracaju,513405,Garçom,304,1645.61,1621.0,1621.0,1670.0,1666.01,44.0,False,7,True,1621.0,1.015,5.48,1.84
2021,CNAE 56 - alimentação,Aracaju,513415,Cumim,74,1133.08,1100.0,1105.0,1150.0,1480.89,44.0,False,12,False,1100.0,1.03,,
2022,CNAE 56 - alimentação,Aracaju,513415,Cumim,97,1233.25,1212.0,1245.0,1245.0,1483.53,44.0,False,12,False,1212.0,1.018,8.84,0.18
2023,CNAE 56 - alimentação,Aracaju,513415,Cumim,107,1344.83,1302.0,1360.0,1360.0,1549.19,44.0,False,12,False,1314.0,1.023,9.05,4.43
2024,CNAE 56 - alimentação,Aracaju,513415,Cumim,116,1447.92,1412.0,1450.0,1450.0,1593.1,44.0,False,12,False,1412.0,1.025,7.67,2.83
2025,CNAE 56 - alimentação,Aracaju,513415,Cumim,176,1553.04,1518.0,1560.0,1560.0,1627.92,44.0,False,12,False,1518.0,1.023,7.26,2.19
2026,CNAE 56 - alimentação,Aracaju,513415,Cumim,107,1637.98,1621.0,1621.0,1660.0,1657.58,44.0,False,7,True,1621.0,1.01,5.47,1.82
2021,CNAE 56 - alimentação,Aracaju,513420,Barman,54,1177.45,1100.0,1150.0,1195.68,1537.89,44.0,False,12,False,1100.0,1.07,,
2022,CNAE 56 - alimentação,Aracaju,513420,Barman,82,1306.71,1212.0,1245.0,1300.0,1570.19,44.0,False,12,False,1212.0,1.078,10.98,2.1
2023,CNAE 56 - alimentação,Aracaju,513420,Barman,127,1405.36,1335.0,1391.0,1411.45,1616.87,44.0,False,12,False,1314.0,1.07,7.55,2.97
2024,CNAE 56 - alimentação,Aracaju,513420,Barman,118,1517.03,1450.0,1450.0,1529.07,1667.41,44.0,False,12,False,1412.0,1.074,7.95,3.13
2025,CNAE 56 - alimentação,Aracaju,513420,Barman,160,1659.34,1518.0,1560.0,1725.49,1738.52,44.0,False,12,False,1518.0,1.093,9.38,4.26
2026,CNAE 56 - alimentação,Aracaju,513420,Barman,78,1780.28,1621.0,1670.0,1800.0,1798.48,44.0,False,7,True,1621.0,1.098,7.29,3.45
2021,CNAE 56 - alimentação,Aracaju,513435,Atendente de lanchonete,302,1107.79,1100.0,1100.0,1114.86,1446.46,44.0,False,12,False,1100.0,1.007,,
2022,CNAE 56 - alimentação,Aracaju,513435,Atendente de lanchonete,489,1232.33,1212.0,1245.0,1245.0,1483.38,44.0,False,12,False,1212.0,1.017,11.24,2.55
2023,CNAE 56 - alimentação,Aracaju,513435,Atendente de lanchonete,612,1342.4,1302.0,1360.0,1360.0,1541.17,44.0,False,12,False,1314.0,1.022,8.93,3.9
2024,CNAE 56 - alimentação,Aracaju,513435,Atendente de lanchonete,736,1436.01,1412.0,1450.0,1450.0,1581.55,44.0,False,12,False,1412.0,1.017,6.97,2.62
2025,CNAE 56 - alimentação,Aracaju,513435,Atendente de lanchonete,955,1540.9,1518.0,1518.0,1560.0,1614.57,44.0,False,12,False,1518.0,1.015,7.3,2.09
2026,CNAE 56 - alimentação,Aracaju,513435,Atendente de lanchonete,765,1630.88,1621.0,1621.0,1621.0,1649.27,44.0,False,7,True,1621.0,1.006,5.84,2.15
2021,CNAE 56 - alimentação,Aracaju,513505,Auxiliar nos serviços de alimentação,406,1132.75,1100.0,1100.0,1150.0,1482.26,44.0,False,12,False,1100.0,1.03,,
2022,CNAE 56 - alimentação,Aracaju,513505,Auxiliar nos serviços de alimentação,582,1254.74,1212.0,1245.0,1250.0,1506.69,44.0,False,12,False,1212.0,1.035,10.77,1.65
2023,CNAE 56 - alimentação,Aracaju,513505,Auxiliar nos serviços de alimentação,716,1359.02,1302.0,1360.0,1360.0,1562.32,44.0,False,12,False,1314.0,1.034,8.31,3.69
2024,CNAE 56 - alimentação,Aracaju,513505,Auxiliar nos serviços de alimentação,849,1465.13,1412.0,1450.0,1450.0,1612.88,44.0,False,12,False,1412.0,1.038,7.81,3.24
2025,CNAE 56 - alimentação,Aracaju,513505,Auxiliar nos serviços de alimentação,1051,1570.16,1518.0,1560.0,1568.49,1645.54,44.0,False,12,False,1518.0,1.034,7.17,2.02
2026,CNAE 56 - alimentação,Aracaju,513505,Auxiliar nos serviços de alimentação,660,1666.26,1621.0,1621.0,1670.0,1685.5,44.0,False,7,True,1621.0,1.028,6.12,2.43
2021,CNAE 56 - alimentação,Aracaju,514320,Faxineiro,157,1119.13,1100.0,1100.0,1129.21,1465.92,44.0,False,12,False,1100.0,1.017,,
2022,CNAE 56 - alimentação,Aracaju,514320,Faxineiro,223,1227.33,1212.0,1212.0,1245.0,1475.51,44.0,False,12,False,1212.0,1.013,9.67,0.65
2023,CNAE 56 - alimentação,Aracaju,514320,Faxineiro,290,1333.99,1302.0,1320.0,1360.0,1533.2,44.0,False,12,False,1314.0,1.015,8.69,3.91
2024,CNAE 56 - alimentação,Aracaju,514320,Faxineiro,318,1437.14,1412.0,1430.0,1450.0,1584.3,44.0,False,12,False,1412.0,1.018,7.73,3.33
2025,CNAE 56 - alimentação,Aracaju,514320,Faxineiro,417,1543.79,1518.0,1541.54,1560.0,1618.26,44.0,False,12,False,1518.0,1.017,7.42,2.14
2026,CNAE 56 - alimentação,Aracaju,514320,Faxineiro,283,1635.19,1621.0,1621.0,1650.0,1654.88,44.0,False,7,True,1621.0,1.009,5.92,2.26
2021,CNAE 56 - alimentação,Aracaju,521140,Atendente de lojas e mercados,56,1113.97,1100.0,1102.0,1114.36,1447.72,44.0,False,12,False,1100.0,1.013,,
2022,CNAE 56 - alimentação,Aracaju,521140,Atendente de lojas e mercados,64,1228.8,1212.0,1212.0,1245.0,1480.79,44.0,False,12,False,1212.0,1.014,10.31,2.28
2023,CNAE 56 - alimentação,Aracaju,521140,Atendente de lojas e mercados,57,1368.05,1302.0,1360.0,1360.0,1570.97,44.0,False,12,False,1314.0,1.041,11.33,6.09
2024,CNAE 56 - alimentação,Aracaju,521140,Atendente de lojas e mercados,102,1445.55,1412.0,1450.0,1450.0,1592.02,44.0,False,12,False,1412.0,1.024,5.66,1.34
2025,CNAE 56 - alimentação,Aracaju,521140,Atendente de lojas e mercados,101,1577.16,1518.0,1560.0,1635.0,1647.21,44.0,False,12,False,1518.0,1.039,9.1,3.47
2026,CNAE 56 - alimentação,Aracaju,521140,Atendente de lojas e mercados,84,1674.08,1621.0,1642.5,1670.0,1691.82,44.0,False,7,True,1621.0,1.033,6.15,2.71
2021,CNAE 56 - alimentação,Belo Horizonte,141510,Gerente de restaurante,358,2328.02,1500.0,2000.0,2895.92,3037.64,44.0,False,12,False,1100.0,2.116,,
2022,CNAE 56 - alimentação,Belo Horizonte,141510,Gerente de restaurante,458,2243.84,1552.61,2000.0,2675.0,2696.83,44.0,False,12,False,1212.0,1.851,-3.62,-11.22
2023,CNAE 56 - alimentação,Belo Horizonte,141510,Gerente de restaurante,520,2486.52,1700.0,2100.0,3182.62,2858.33,44.0,False,12,False,1314.0,1.892,10.82,5.99
2024,CNAE 56 - alimentação,Belo Horizonte,141510,Gerente de restaurante,592,2691.83,1860.46,2348.5,3371.35,2964.39,44.0,False,12,False,1412.0,1.906,8.26,3.71
2025,CNAE 56 - alimentação,Belo Horizonte,141510,Gerente de restaurante,562,2788.16,1945.0,2500.0,3456.42,2924.76,44.0,False,12,False,1518.0,1.837,3.58,-1.34
2026,CNAE 56 - alimentação,Belo Horizonte,141510,Gerente de restaurante,400,3117.5,2142.86,2781.0,3821.09,3153.07,44.0,False,7,True,1621.0,1.923,11.81,7.81
2021,CNAE 56 - alimentação,Belo Horizonte,141515,Gerente de bar,84,1833.57,1300.0,1525.0,1952.75,2375.54,44.0,False,12,False,1100.0,1.667,,
2022,CNAE 56 - alimentação,Belo Horizonte,141515,Gerente de bar,116,1910.59,1440.53,1700.0,2200.0,2302.12,44.0,False,12,False,1212.0,1.576,4.2,-3.09
2023,CNAE 56 - alimentação,Belo Horizonte,141515,Gerente de bar,135,2057.09,1600.0,2000.0,2287.0,2366.88,44.0,False,12,False,1314.0,1.566,7.67,2.81
2024,CNAE 56 - alimentação,Belo Horizonte,141515,Gerente de bar,128,2208.53,1700.0,2000.0,2600.0,2432.54,44.0,False,12,False,1412.0,1.564,7.36,2.77
2025,CNAE 56 - alimentação,Belo Horizonte,141515,Gerente de bar,145,2492.34,2000.0,2317.22,2800.0,2619.83,44.0,False,12,False,1518.0,1.642,12.85,7.7
2026,CNAE 56 - alimentação,Belo Horizonte,141515,Gerente de bar,101,2408.52,2000.0,2275.0,2700.0,2438.72,44.0,False,7,True,1621.0,1.486,-3.36,-6.91
2021,CNAE 56 - alimentação,Belo Horizonte,371410,Recreador,33,1258.94,1200.0,1250.0,1250.0,1601.99,44.0,False,12,False,1100.0,1.144,,
2022,CNAE 56 - alimentação,Belo Horizonte,371410,Recreador,57,1414.14,1250.0,1338.0,1700.0,1698.18,44.0,False,12,False,1212.0,1.167,12.33,6.0
2023,CNAE 56 - alimentação,Belo Horizonte,371410,Recreador,64,1446.74,1338.0,1372.0,1418.07,1662.71,44.0,False,12,False,1314.0,1.101,2.31,-2.09
2024,CNAE 56 - alimentação,Belo Horizonte,371410,Recreador,90,1593.96,1496.0,1500.0,1700.0,1754.23,44.0,False,12,False,1412.0,1.129,10.18,5.5
2025,CNAE 56 - alimentação,Belo Horizonte,371410,Recreador,52,1735.02,1586.0,1669.2,1904.44,1827.84,44.0,False,12,False,1518.0,1.143,8.85,4.2
2026,CNAE 56 - alimentação,Belo Horizonte,371410,Recreador,28,1809.77,1697.0,1738.0,2000.0,1830.38,44.0,True,7,True,1621.0,1.116,4.31,0.14
2021,CNAE 56 - alimentação,Belo Horizonte,421125,Operador de caixa,753,1186.36,1100.0,1147.83,1206.85,1543.08,44.0,False,12,False,1100.0,1.079,,
2022,CNAE 56 - alimentação,Belo Horizonte,421125,Operador de caixa,1058,1303.26,1212.0,1270.0,1338.0,1568.0,44.0,False,12,False,1212.0,1.075,9.85,1.61
2023,CNAE 56 - alimentação,Belo Horizonte,421125,Operador de caixa,1099,1415.0,1338.0,1400.0,1456.0,1627.75,44.0,False,12,False,1314.0,1.077,8.57,3.81
2024,CNAE 56 - alimentação,Belo Horizonte,421125,Operador de caixa,1056,1548.89,1493.88,1496.0,1600.0,1707.18,44.0,False,12,False,1412.0,1.097,9.46,4.88
2025,CNAE 56 - alimentação,Belo Horizonte,421125,Operador de caixa,890,1640.24,1585.76,1586.31,1687.22,1722.22,44.0,False,12,False,1518.0,1.081,5.9,0.88
2026,CNAE 56 - alimentação,Belo Horizonte,421125,Operador de caixa,475,1785.42,1697.0,1700.0,1802.48,1805.54,44.0,False,7,True,1621.0,1.101,8.85,4.84
2021,CNAE 56 - alimentação,Belo Horizonte,513205,Cozinheiro geral,2280,1359.14,1150.0,1300.0,1500.0,1769.47,44.0,False,12,False,1100.0,1.236,,
2022,CNAE 56 - alimentação,Belo Horizonte,513205,Cozinheiro geral,3520,1447.04,1218.58,1388.0,1587.59,1739.99,44.0,False,12,False,1212.0,1.194,6.47,-1.67
2023,CNAE 56 - alimentação,Belo Horizonte,513205,Cozinheiro geral,3469,1594.01,1400.0,1500.0,1739.78,1833.32,44.0,False,12,False,1314.0,1.213,10.16,5.36
2024,CNAE 56 - alimentação,Belo Horizonte,513205,Cozinheiro geral,3387,1768.29,1550.0,1700.0,1933.25,1948.74,44.0,False,12,False,1412.0,1.252,10.93,6.3
2025,CNAE 56 - alimentação,Belo Horizonte,513205,Cozinheiro geral,3565,1949.15,1624.0,1865.0,2150.0,2044.85,44.0,False,12,False,1518.0,1.284,10.23,4.93
2026,CNAE 56 - alimentação,Belo Horizonte,513205,Cozinheiro geral,2281,2086.81,1750.0,2000.0,2300.0,2110.69,44.0,False,7,True,1621.0,1.287,7.06,3.22
2021,CNAE 56 - alimentação,Belo Horizonte,513405,Garçom,1403,1172.35,1100.0,1145.0,1200.0,1516.48,44.0,False,12,False,1100.0,1.066,,
2022,CNAE 56 - alimentação,Belo Horizonte,513405,Garçom,2218,1274.84,1212.0,1212.0,1300.0,1533.47,44.0,False,12,False,1212.0,1.052,8.74,1.12
2023,CNAE 56 - alimentação,Belo Horizonte,513405,Garçom,2447,1420.47,1338.0,1388.0,1470.0,1633.39,44.0,False,12,False,1314.0,1.081,11.42,6.52
2024,CNAE 56 - alimentação,Belo Horizonte,513405,Garçom,2569,1559.73,1500.0,1550.0,1550.0,1718.9,44.0,False,12,False,1412.0,1.105,9.8,5.24
2025,CNAE 56 - alimentação,Belo Horizonte,513405,Garçom,2560,1671.92,1623.93,1623.93,1650.0,1754.28,44.0,False,12,False,1518.0,1.101,7.19,2.06
2026,CNAE 56 - alimentação,Belo Horizonte,513405,Garçom,1544,1779.07,1738.0,1738.0,1765.32,1800.04,44.0,False,7,True,1621.0,1.098,6.41,2.61
2021,CNAE 56 - alimentação,Belo Horizonte,513415,Cumim,283,1180.29,1105.0,1193.0,1202.0,1532.15,44.0,False,12,False,1100.0,1.073,,
2022,CNAE 56 - alimentação,Belo Horizonte,513415,Cumim,489,1278.32,1212.0,1295.0,1310.64,1535.26,44.0,False,12,False,1212.0,1.055,8.31,0.2
2023,CNAE 56 - alimentação,Belo Horizonte,513415,Cumim,613,1383.77,1320.0,1372.0,1418.0,1592.54,44.0,False,12,False,1314.0,1.053,8.25,3.73
2024,CNAE 56 - alimentação,Belo Horizonte,513415,Cumim,604,1516.41,1496.0,1498.27,1560.0,1669.3,44.0,False,12,False,1412.0,1.074,9.59,4.82
2025,CNAE 56 - alimentação,Belo Horizonte,513415,Cumim,589,1630.02,1585.76,1600.0,1669.2,1712.69,44.0,False,12,False,1518.0,1.074,7.49,2.6
2026,CNAE 56 - alimentação,Belo Horizonte,513415,Cumim,276,1738.53,1697.0,1704.34,1738.0,1760.07,44.0,False,7,True,1621.0,1.073,6.66,2.77
2021,CNAE 56 - alimentação,Belo Horizonte,513420,Barman,153,1250.68,1100.0,1200.0,1300.0,1618.92,44.0,False,12,False,1100.0,1.137,,
2022,CNAE 56 - alimentação,Belo Horizonte,513420,Barman,329,1349.76,1212.0,1300.0,1450.0,1622.83,44.0,False,12,False,1212.0,1.114,7.92,0.24
2023,CNAE 56 - alimentação,Belo Horizonte,513420,Barman,394,1486.07,1342.65,1418.0,1500.0,1707.28,44.0,False,12,False,1314.0,1.131,10.1,5.2
2024,CNAE 56 - alimentação,Belo Horizonte,513420,Barman,408,1636.41,1496.0,1550.0,1706.25,1802.41,44.0,False,12,False,1412.0,1.159,10.12,5.57
2025,CNAE 56 - alimentação,Belo Horizonte,513420,Barman,425,1780.17,1586.0,1650.0,1900.0,1867.76,44.0,False,12,False,1518.0,1.173,8.79,3.63
2026,CNAE 56 - alimentação,Belo Horizonte,513420,Barman,248,1857.93,1697.0,1738.0,2000.0,1881.14,44.0,False,7,True,1621.0,1.146,4.37,0.72
2021,CNAE 56 - alimentação,Belo Horizonte,513435,Atendente de lanchonete,3186,1143.93,1100.0,1100.0,1169.34,1486.03,44.0,False,12,False,1100.0,1.04,,
2022,CNAE 56 - alimentação,Belo Horizonte,513435,Atendente de lanchonete,5912,1256.0,1212.0,1212.0,1300.0,1508.96,44.0,False,12,False,1212.0,1.036,9.8,1.54
2023,CNAE 56 - alimentação,Belo Horizonte,513435,Atendente de lanchonete,6683,1386.74,1338.0,1365.25,1418.0,1594.08,44.0,False,12,False,1314.0,1.055,10.41,5.64
2024,CNAE 56 - alimentação,Belo Horizonte,513435,Atendente de lanchonete,6722,1507.89,1455.0,1496.0,1520.0,1662.0,44.0,False,12,False,1412.0,1.068,8.74,4.26
2025,CNAE 56 - alimentação,Belo Horizonte,513435,Atendente de lanchonete,7330,1617.6,1580.25,1585.76,1625.0,1696.43,44.0,False,12,False,1518.0,1.066,7.28,2.07
2026,CNAE 56 - alimentação,Belo Horizonte,513435,Atendente de lanchonete,4853,1712.73,1621.0,1697.0,1740.0,1732.31,44.0,False,7,True,1621.0,1.057,5.88,2.12
2021,CNAE 56 - alimentação,Belo Horizonte,513505,Auxiliar nos serviços de alimentação,4356,1165.75,1100.0,1131.11,1200.0,1526.81,44.0,False,12,False,1100.0,1.06,,
2022,CNAE 56 - alimentação,Belo Horizonte,513505,Auxiliar nos serviços de alimentação,5704,1281.03,1212.0,1243.08,1313.13,1539.39,44.0,False,12,False,1212.0,1.057,9.89,0.82
2023,CNAE 56 - alimentação,Belo Horizonte,513505,Auxiliar nos serviços de alimentação,6480,1402.59,1338.0,1388.0,1425.02,1611.83,44.0,False,12,False,1314.0,1.067,9.49,4.71
2024,CNAE 56 - alimentação,Belo Horizonte,513505,Auxiliar nos serviços de alimentação,6999,1529.03,1455.0,1496.0,1572.0,1685.02,44.0,False,12,False,1412.0,1.083,9.01,4.54
2025,CNAE 56 - alimentação,Belo Horizonte,513505,Auxiliar nos serviços de alimentação,6962,1656.73,1580.0,1600.0,1700.0,1737.87,44.0,False,12,False,1518.0,1.091,8.35,3.14
2026,CNAE 56 - alimentação,Belo Horizonte,513505,Auxiliar nos serviços de alimentação,4759,1765.5,1688.0,1700.0,1800.0,1784.04,44.0,False,7,True,1621.0,1.089,6.57,2.66
2021,CNAE 56 - alimentação,Belo Horizonte,514320,Faxineiro,879,1149.59,1100.0,1131.11,1174.88,1493.14,44.0,False,12,False,1100.0,1.045,,
2022,CNAE 56 - alimentação,Belo Horizonte,514320,Faxineiro,1579,1276.8,1212.0,1243.08,1344.59,1532.41,44.0,False,12,False,1212.0,1.053,11.07,2.63
2023,CNAE 56 - alimentação,Belo Horizonte,514320,Faxineiro,1586,1391.53,1338.0,1388.0,1418.28,1599.71,44.0,False,12,False,1314.0,1.059,8.99,4.39
2024,CNAE 56 - alimentação,Belo Horizonte,514320,Faxineiro,2669,1505.07,1481.0,1496.0,1541.23,1651.29,44.0,False,12,False,1412.0,1.066,8.16,3.22
2025,CNAE 56 - alimentação,Belo Horizonte,514320,Faxineiro,2666,1606.42,1541.23,1590.0,1649.12,1686.75,44.0,False,12,False,1518.0,1.058,6.73,2.15
2026,CNAE 56 - alimentação,Belo Horizonte,514320,Faxineiro,1427,1750.15,1697.0,1715.99,1772.8,1769.49,44.0,False,7,True,1621.0,1.08,8.95,4.91
2021,CNAE 56 - alimentação,Belo Horizonte,521140,Atendente de lojas e mercados,845,1149.19,1100.0,1145.0,1195.05,1499.63,44.0,False,12,False,1100.0,1.045,,
2022,CNAE 56 - alimentação,Belo Horizonte,521140,Atendente de lojas e mercados,1436,1266.98,1212.0,1217.0,1300.0,1522.91,44.0,False,12,False,1212.0,1.045,10.25,1.55
2023,CNAE 56 - alimentação,Belo Horizonte,521140,Atendente de lojas e mercados,1627,1389.96,1338.0,1365.25,1418.0,1596.9,44.0,False,12,False,1314.0,1.058,9.71,4.86
2024,CNAE 56 - alimentação,Belo Horizonte,521140,Atendente de lojas e mercados,1982,1513.56,1470.0,1496.0,1501.09,1667.27,44.0,False,12,False,1412.0,1.072,8.89,4.41
2025,CNAE 56 - alimentação,Belo Horizonte,521140,Atendente de lojas e mercados,2024,1619.34,1580.25,1585.76,1620.98,1700.53,44.0,False,12,False,1518.0,1.067,6.99,1.99
2026,CNAE 56 - alimentação,Belo Horizonte,521140,Atendente de lojas e mercados,1100,1740.11,1697.0,1700.0,1750.34,1761.14,44.0,False,7,True,1621.0,1.073,7.46,3.56
2021,CNAE 56 - alimentação,Belém,141510,Gerente de restaurante,44,1839.11,1309.87,1726.0,2000.0,2413.43,44.0,False,12,False,1100.0,1.672,,
2022,CNAE 56 - alimentação,Belém,141510,Gerente de restaurante,53,1943.84,1500.0,1750.0,2150.0,2334.57,44.0,False,12,False,1212.0,1.604,5.69,-3.27
2023,CNAE 56 - alimentação,Belém,141510,Gerente de restaurante,51,2246.72,1475.0,1880.0,2820.0,2584.87,44.0,False,12,False,1314.0,1.71,15.58,10.72
2024,CNAE 56 - alimentação,Belém,141510,Gerente de restaurante,41,2055.07,1500.0,1900.5,2589.39,2275.75,44.0,False,12,False,1412.0,1.455,-8.53,-11.96
2025,CNAE 56 - alimentação,Belém,141510,Gerente de restaurante,77,2402.06,1800.0,2151.69,2521.44,2514.7,44.0,False,12,False,1518.0,1.582,16.88,10.5
2026,CNAE 56 - alimentação,Belém,141510,Gerente de restaurante,32,2436.31,1725.28,2200.0,3104.34,2464.82,44.0,False,7,True,1621.0,1.503,1.43,-1.98
2021,CNAE 56 - alimentação,Belém,141515,Gerente de bar,9,1737.3,1300.0,1800.0,2000.0,2286.75,44.0,True,12,False,1100.0,1.579,,
2022,CNAE 56 - alimentação,Belém,141515,Gerente de bar,9,1670.7,1500.0,1500.0,1950.0,1998.78,44.0,True,12,False,1212.0,1.378,-3.83,-12.59
2023,CNAE 56 - alimentação,Belém,141515,Gerente de bar,15,1740.83,1459.7,1500.0,2023.25,2002.65,44.0,True,12,False,1314.0,1.325,4.2,0.19
2024,CNAE 56 - alimentação,Belém,141515,Gerente de bar,19,1688.0,1415.5,1500.0,1800.0,1859.47,44.0,True,12,False,1412.0,1.195,-3.03,-7.15
2025,CNAE 56 - alimentação,Belém,141515,Gerente de bar,17,2647.62,1518.0,2200.0,2700.0,2787.49,44.0,True,12,False,1518.0,1.744,56.85,49.91
2026,CNAE 56 - alimentação,Belém,141515,Gerente de bar,9,1939.06,1725.28,2000.0,2100.0,1959.4,44.0,True,7,True,1621.0,1.196,-26.76,-29.71
2021,CNAE 56 - alimentação,Belém,371410,Recreador,5,1142.6,1100.0,1153.0,1180.0,1481.18,44.0,True,12,False,1100.0,1.039,,
2022,CNAE 56 - alimentação,Belém,371410,Recreador,10,1229.75,1212.0,1212.0,1234.62,1473.94,44.0,True,12,False,1212.0,1.015,7.63,-0.49
2023,CNAE 56 - alimentação,Belém,371410,Recreador,13,1320.46,1302.0,1320.0,1320.0,1520.93,44.0,True,12,False,1314.0,1.005,7.38,3.19
2024,CNAE 56 - alimentação,Belém,371410,Recreador,25,1429.62,1412.0,1412.0,1419.4,1580.44,49.0,True,12,False,1412.0,1.012,8.27,3.91
2025,CNAE 56 - alimentação,Belém,371410,Recreador,55,1600.26,1518.0,1520.0,1680.0,1676.9,44.0,False,12,False,1518.0,1.054,11.94,6.1
2026,CNAE 56 - alimentação,Belém,371410,Recreador,14,1665.83,1621.0,1621.0,1680.0,1690.35,44.0,True,7,True,1621.0,1.028,4.1,0.8
2021,CNAE 56 - alimentação,Belém,421125,Operador de caixa,150,1177.75,1150.0,1165.0,1200.0,1539.65,44.0,False,12,False,1100.0,1.071,,
2022,CNAE 56 - alimentação,Belém,421125,Operador de caixa,162,1247.51,1212.0,1222.0,1283.0,1499.02,44.0,False,12,False,1212.0,1.029,5.92,-2.64
2023,CNAE 56 - alimentação,Belém,421125,Operador de caixa,189,1372.85,1320.0,1363.5,1368.31,1576.09,44.0,False,12,False,1314.0,1.045,10.05,5.14
2024,CNAE 56 - alimentação,Belém,421125,Operador de caixa,253,1457.07,1412.0,1419.4,1482.6,1605.71,44.0,False,12,False,1412.0,1.032,6.13,1.88
2025,CNAE 56 - alimentação,Belém,421125,Operador de caixa,274,1589.9,1518.0,1520.0,1610.5,1666.99,44.0,False,12,False,1518.0,1.047,9.12,3.82
2026,CNAE 56 - alimentação,Belém,421125,Operador de caixa,136,1682.15,1621.0,1621.0,1680.0,1706.89,44.0,False,7,True,1621.0,1.038,5.8,2.39
2021,CNAE 56 - alimentação,Belém,513205,Cozinheiro geral,333,1289.1,1153.0,1200.0,1350.0,1684.91,44.0,False,12,False,1100.0,1.172,,
2022,CNAE 56 - alimentação,Belém,513205,Cozinheiro geral,477,1336.37,1212.0,1239.5,1400.0,1608.76,44.0,False,12,False,1212.0,1.103,3.67,-4.52
2023,CNAE 56 - alimentação,Belém,513205,Cozinheiro geral,482,1456.38,1320.0,1368.0,1500.0,1673.9,44.0,False,12,False,1314.0,1.108,8.98,4.05
2024,CNAE 56 - alimentação,Belém,513205,Cozinheiro geral,527,1559.27,1412.0,1482.6,1631.01,1718.56,44.0,False,12,False,1412.0,1.104,7.06,2.67
2025,CNAE 56 - alimentação,Belém,513205,Cozinheiro geral,577,1714.78,1518.0,1615.32,1800.0,1796.2,44.0,False,12,False,1518.0,1.13,9.97,4.52
2026,CNAE 56 - alimentação,Belém,513205,Cozinheiro geral,942,1696.6,1650.0,1650.0,1650.0,1727.68,44.0,False,7,True,1621.0,1.047,-1.06,-3.81
2021,CNAE 56 - alimentação,Belém,513405,Garçom,267,1221.62,1150.0,1180.0,1239.5,1589.98,44.0,False,12,False,1100.0,1.111,,
2022,CNAE 56 - alimentação,Belém,513405,Garçom,395,1236.2,1212.0,1220.0,1239.5,1485.36,44.0,False,12,False,1212.0,1.02,1.19,-6.58
2023,CNAE 56 - alimentação,Belém,513405,Garçom,475,1353.88,1320.0,1347.15,1368.31,1555.28,44.0,False,12,False,1314.0,1.03,9.52,4.71
2024,CNAE 56 - alimentação,Belém,513405,Garçom,552,1436.8,1412.0,1412.0,1419.55,1582.31,44.0,False,12,False,1412.0,1.018,6.12,1.74
2025,CNAE 56 - alimentação,Belém,513405,Garçom,635,1560.57,1518.0,1520.0,1580.0,1635.55,44.0,False,12,False,1518.0,1.028,8.61,3.36
2026,CNAE 56 - alimentação,Belém,513405,Garçom,300,1652.07,1621.0,1621.0,1680.0,1672.12,44.0,False,7,True,1621.0,1.019,5.86,2.24
2021,CNAE 56 - alimentação,Belém,513415,Cumim,103,1157.18,1150.0,1150.0,1177.5,1492.66,44.0,False,12,False,1100.0,1.052,,
2022,CNAE 56 - alimentação,Belém,513415,Cumim,157,1216.2,1212.0,1212.0,1212.0,1459.56,44.0,False,12,False,1212.0,1.003,5.1,-2.22
2023,CNAE 56 - alimentação,Belém,513415,Cumim,207,1344.65,1320.0,1345.67,1368.0,1542.59,44.0,False,12,False,1314.0,1.023,10.56,5.69
2024,CNAE 56 - alimentação,Belém,513415,Cumim,268,1430.46,1412.0,1412.0,1438.0,1571.95,44.0,False,12,False,1412.0,1.013,6.38,1.9
2025,CNAE 56 - alimentação,Belém,513415,Cumim,366,1567.72,1518.0,1520.0,1580.0,1641.56,44.0,False,12,False,1518.0,1.033,9.6,4.43
2026,CNAE 56 - alimentação,Belém,513415,Cumim,139,1629.24,1621.0,1621.0,1621.0,1648.73,44.0,False,7,True,1621.0,1.005,3.92,0.44
2021,CNAE 56 - alimentação,Belém,513420,Barman,90,1208.15,1150.0,1180.0,1239.5,1561.52,44.0,False,12,False,1100.0,1.098,,
2022,CNAE 56 - alimentação,Belém,513420,Barman,147,1253.0,1212.0,1239.5,1283.0,1502.83,44.0,False,12,False,1212.0,1.034,3.71,-3.76
2023,CNAE 56 - alimentação,Belém,513420,Barman,109,1363.64,1320.0,1363.5,1368.31,1568.58,44.0,False,12,False,1314.0,1.038,8.83,4.38
2024,CNAE 56 - alimentação,Belém,513420,Barman,127,1458.06,1412.0,1433.18,1496.96,1607.65,44.0,False,12,False,1412.0,1.033,6.92,2.49
2025,CNAE 56 - alimentação,Belém,513420,Barman,152,1619.94,1518.0,1553.2,1680.0,1695.62,44.0,False,12,False,1518.0,1.067,11.1,5.47
2026,CNAE 56 - alimentação,Belém,513420,Barman,94,1678.83,1621.0,1621.0,1680.0,1699.93,44.0,False,7,True,1621.0,1.036,3.64,0.25
2021,CNAE 56 - alimentação,Belém,513435,Atendente de lanchonete,768,1143.31,1100.0,1150.0,1153.0,1487.37,44.0,False,12,False,1100.0,1.039,,
2022,CNAE 56 - alimentação,Belém,513435,Atendente de lanchonete,1062,1226.01,1212.0,1212.0,1239.5,1471.36,44.0,False,12,False,1212.0,1.012,7.23,-1.08
2023,CNAE 56 - alimentação,Belém,513435,Atendente de lanchonete,1214,1340.4,1320.0,1320.0,1368.31,1538.95,44.0,False,12,False,1314.0,1.02,9.33,4.59
2024,CNAE 56 - alimentação,Belém,513435,Atendente de lanchonete,1506,1427.17,1412.0,1412.0,1419.4,1569.91,44.0,False,12,False,1412.0,1.011,6.47,2.01
2025,CNAE 56 - alimentação,Belém,513435,Atendente de lanchonete,1991,1541.14,1518.0,1518.0,1580.0,1614.98,44.0,False,12,False,1518.0,1.015,7.99,2.87
2026,CNAE 56 - alimentação,Belém,513435,Atendente de lanchonete,1165,1642.42,1621.0,1621.0,1680.0,1662.1,44.0,False,7,True,1621.0,1.013,6.57,2.92
2021,CNAE 56 - alimentação,Belém,513505,Auxiliar nos serviços de alimentação,541,1174.52,1100.0,1153.0,1201.2,1529.0,44.0,False,12,False,1100.0,1.068,,
2022,CNAE 56 - alimentação,Belém,513505,Auxiliar nos serviços de alimentação,858,1247.11,1212.0,1220.0,1271.5,1497.41,44.0,False,12,False,1212.0,1.029,6.18,-2.07
2023,CNAE 56 - alimentação,Belém,513505,Auxiliar nos serviços de alimentação,856,1351.32,1320.0,1332.71,1368.31,1551.89,44.0,False,12,False,1314.0,1.028,8.36,3.64
2024,CNAE 56 - alimentação,Belém,513505,Auxiliar nos serviços de alimentação,1261,1439.71,1412.0,1412.0,1438.0,1585.33,44.0,False,12,False,1412.0,1.02,6.54,2.15
2025,CNAE 56 - alimentação,Belém,513505,Auxiliar nos serviços de alimentação,1487,1561.17,1518.0,1520.0,1580.0,1635.97,44.0,False,12,False,1518.0,1.028,8.44,3.19
2026,CNAE 56 - alimentação,Belém,513505,Auxiliar nos serviços de alimentação,860,1653.11,1621.0,1621.0,1680.0,1672.17,44.0,False,7,True,1621.0,1.02,5.89,2.21
2021,CNAE 56 - alimentação,Belém,514320,Faxineiro,157,1139.74,1100.0,1150.0,1154.02,1487.62,44.0,False,12,False,1100.0,1.036,,
2022,CNAE 56 - alimentação,Belém,514320,Faxineiro,289,1230.22,1212.0,1212.0,1239.5,1478.59,44.0,False,12,False,1212.0,1.015,7.94,-0.61
2023,CNAE 56 - alimentação,Belém,514320,Faxineiro,338,1338.65,1320.0,1320.0,1368.0,1536.62,44.0,False,12,False,1314.0,1.019,8.81,3.92
2024,CNAE 56 - alimentação,Belém,514320,Faxineiro,440,1431.79,1412.0,1412.0,1419.9,1577.58,44.0,False,12,False,1412.0,1.014,6.96,2.67
2025,CNAE 56 - alimentação,Belém,514320,Faxineiro,444,1550.16,1518.0,1519.5,1553.2,1625.66,44.0,False,12,False,1518.0,1.021,8.27,3.05
2026,CNAE 56 - alimentação,Belém,514320,Faxineiro,240,1641.9,1621.0,1621.0,1621.0,1662.52,44.0,False,7,True,1621.0,1.013,5.92,2.27
2021,CNAE 56 - alimentação,Belém,521140,Atendente de lojas e mercados,82,1141.78,1100.0,1150.0,1154.03,1490.42,44.0,False,12,False,1100.0,1.038,,
2022,CNAE 56 - alimentação,Belém,521140,Atendente de lojas e mercados,151,1239.11,1212.0,1213.8,1246.34,1488.28,44.0,False,12,False,1212.0,1.022,8.52,-0.14
2023,CNAE 56 - alimentação,Belém,521140,Atendente de lojas e mercados,213,1352.26,1320.0,1320.0,1386.5,1550.99,44.0,False,12,False,1314.0,1.029,9.13,4.21
2024,CNAE 56 - alimentação,Belém,521140,Atendente de lojas e mercados,286,1436.15,1412.0,1412.0,1419.4,1583.71,44.0,False,12,False,1412.0,1.017,6.2,2.11
2025,CNAE 56 - alimentação,Belém,521140,Atendente de lojas e mercados,305,1546.81,1518.0,1518.0,1553.2,1621.15,44.0,False,12,False,1518.0,1.019,7.71,2.36
2026,CNAE 56 - alimentação,Belém,521140,Atendente de lojas e mercados,190,1640.4,1621.0,1621.0,1680.0,1659.08,44.0,False,7,True,1621.0,1.012,6.05,2.34
2021,CNAE 56 - alimentação,Boa Vista,141510,Gerente de restaurante,9,1799.92,1500.0,1649.25,1800.0,2310.61,44.0,True,12,False,1100.0,1.636,,
2022,CNAE 56 - alimentação,Boa Vista,141510,Gerente de restaurante,15,1951.73,1574.62,1800.0,2250.0,2351.46,44.0,True,12,False,1212.0,1.61,8.43,1.77
2023,CNAE 56 - alimentação,Boa Vista,141510,Gerente de restaurante,9,1843.09,1800.0,2000.0,2000.0,2132.0,44.0,True,12,False,1314.0,1.403,-5.57,-9.33
2024,CNAE 56 - alimentação,Boa Vista,141510,Gerente de restaurante,13,1737.6,1478.4,1500.0,1817.64,1916.38,44.0,True,12,False,1412.0,1.231,-5.72,-10.11
2025,CNAE 56 - alimentação,Boa Vista,141510,Gerente de restaurante,7,2144.78,1643.16,2150.0,2601.0,2246.04,44.0,True,12,False,1518.0,1.413,23.43,17.2
2026,CNAE 56 - alimentação,Boa Vista,141510,Gerente de restaurante,4,2280.25,2055.25,2250.0,2475.0,2301.12,44.0,True,7,True,1621.0,1.407,6.32,2.45
2021,CNAE 56 - alimentação,Boa Vista,141515,Gerente de bar,2,2177.4,2088.7,2177.4,2266.1,2808.13,43.855000000000004,True,12,False,1100.0,1.979,,
2022,CNAE 56 - alimentação,Boa Vista,141515,Gerente de bar,6,1756.6,1338.54,1750.0,2107.14,2110.41,44.0,True,12,False,1212.0,1.449,-19.33,-24.85
2023,CNAE 56 - alimentação,Boa Vista,141515,Gerente de bar,4,1890.79,1315.5,1660.0,2235.29,2171.77,44.0,True,12,False,1314.0,1.439,7.64,2.91
2024,CNAE 56 - alimentação,Boa Vista,141515,Gerente de bar,5,1957.98,1478.4,1600.0,2299.5,2153.7,44.0,True,12,False,1412.0,1.387,3.55,-0.83
2025,CNAE 56 - alimentação,Boa Vista,141515,Gerente de bar,5,1951.82,1586.31,2000.0,2071.29,2035.19,44.0,True,12,False,1518.0,1.286,-0.31,-5.5
2021,CNAE 56 - alimentação,Boa Vista,371410,Recreador,2,1100.0,1100.0,1100.0,1100.0,1401.76,44.0,True,12,False,1100.0,1.0,,
2022,CNAE 56 - alimentação,Boa Vista,371410,Recreador,6,1212.0,1212.0,1212.0,1212.0,1440.28,44.0,True,12,False,1212.0,1.0,10.18,2.75
2023,CNAE 56 - alimentação,Boa Vista,371410,Recreador,9,1331.36,1302.0,1320.0,1320.0,1528.87,44.0,True,12,False,1314.0,1.013,9.85,6.15
2024,CNAE 56 - alimentação,Boa Vista,371410,Recreador,13,1464.8,1412.0,1478.4,1478.4,1613.57,44.0,True,12,False,1412.0,1.037,10.02,5.54
2025,CNAE 56 - alimentação,Boa Vista,371410,Recreador,12,1563.57,1518.23,1586.31,1586.31,1641.71,44.0,True,12,False,1518.0,1.03,6.74,1.74
2026,CNAE 56 - alimentação,Boa Vista,371410,Recreador,6,1632.1,1621.0,1621.0,1621.0,1646.4,44.0,True,7,True,1621.0,1.007,4.38,0.29
2021,CNAE 56 - alimentação,Boa Vista,421125,Operador de caixa,56,1112.91,1100.0,1100.0,1100.0,1453.49,44.0,False,12,False,1100.0,1.012,,
2022,CNAE 56 - alimentação,Boa Vista,421125,Operador de caixa,86,1291.96,1212.0,1212.0,1284.72,1553.41,44.0,False,12,False,1212.0,1.066,16.09,6.87
2023,CNAE 56 - alimentação,Boa Vista,421125,Operador de caixa,82,1348.07,1306.5,1320.0,1327.14,1548.79,44.0,False,12,False,1314.0,1.026,4.34,-0.3
2024,CNAE 56 - alimentação,Boa Vista,421125,Operador de caixa,52,1483.06,1412.0,1427.0,1478.4,1637.62,44.0,False,12,False,1412.0,1.05,10.01,5.74
2025,CNAE 56 - alimentação,Boa Vista,421125,Operador de caixa,65,1563.69,1518.0,1586.31,1586.31,1638.97,44.0,False,12,False,1518.0,1.03,5.44,0.08
2026,CNAE 56 - alimentação,Boa Vista,421125,Operador de caixa,26,1660.89,1621.0,1621.0,1621.0,1679.13,44.0,True,7,True,1621.0,1.025,6.22,2.45
2021,CNAE 56 - alimentação,Boa Vista,513205,Cozinheiro geral,72,1150.31,1100.0,1100.0,1100.0,1502.26,44.0,False,12,False,1100.0,1.046,,
2022,CNAE 56 - alimentação,Boa Vista,513205,Cozinheiro geral,106,1304.15,1212.0,1212.0,1300.0,1564.01,44.0,False,12,False,1212.0,1.076,13.37,4.11
2023,CNAE 56 - alimentação,Boa Vista,513205,Cozinheiro geral,100,1387.05,1320.0,1320.0,1327.14,1592.2,44.0,False,12,False,1314.0,1.056,6.36,1.8
2024,CNAE 56 - alimentação,Boa Vista,513205,Cozinheiro geral,101,1500.21,1412.0,1478.4,1500.0,1651.12,44.0,False,12,False,1412.0,1.062,8.16,3.7
2025,CNAE 56 - alimentação,Boa Vista,513205,Cozinheiro geral,131,1674.77,1518.0,1586.31,1678.9,1754.91,44.0,False,12,False,1518.0,1.103,11.64,6.29
2026,CNAE 56 - alimentação,Boa Vista,513205,Cozinheiro geral,62,1789.21,1621.0,1680.0,1786.3,1809.75,44.0,False,7,True,1621.0,1.104,6.83,3.12
2021,CNAE 56 - alimentação,Boa Vista,513405,Garçom,112,1109.52,1100.0,1100.0,1100.0,1440.62,44.0,False,12,False,1100.0,1.009,,
2022,CNAE 56 - alimentação,Boa Vista,513405,Garçom,208,1225.31,1212.0,1212.0,1230.18,1472.77,44.0,False,12,False,1212.0,1.011,10.44,2.23
2023,CNAE 56 - alimentação,Boa Vista,513405,Garçom,155,1327.88,1302.0,1320.0,1327.14,1528.94,44.0,False,12,False,1314.0,1.011,8.37,3.81
2024,CNAE 56 - alimentação,Boa Vista,513405,Garçom,189,1456.47,1412.0,1412.4,1478.4,1604.59,44.0,False,12,False,1412.0,1.031,9.68,4.95
2025,CNAE 56 - alimentação,Boa Vista,513405,Garçom,212,1560.36,1518.0,1575.0,1586.31,1635.68,44.0,False,12,False,1518.0,1.028,7.13,1.94
2026,CNAE 56 - alimentação,Boa Vista,513405,Garçom,85,1635.47,1621.0,1621.0,1621.0,1657.9,44.0,False,7,True,1621.0,1.009,4.81,1.36
2021,CNAE 56 - alimentação,Boa Vista,513415,Cumim,29,1105.31,1100.0,1100.0,1100.0,1415.23,44.0,True,12,False,1100.0,1.005,,
2022,CNAE 56 - alimentação,Boa Vista,513415,Cumim,38,1236.88,1212.0,1212.0,1284.72,1485.0,44.0,False,12,False,1212.0,1.021,11.9,4.93
2023,CNAE 56 - alimentação,Boa Vista,513415,Cumim,32,1321.72,1320.0,1320.0,1320.0,1511.74,44.0,False,12,False,1314.0,1.006,6.86,1.8
2024,CNAE 56 - alimentação,Boa Vista,513415,Cumim,40,1447.38,1412.0,1478.4,1478.4,1588.87,44.0,False,12,False,1412.0,1.025,9.51,5.1
2025,CNAE 56 - alimentação,Boa Vista,513415,Cumim,89,1563.11,1518.0,1586.31,1586.31,1635.13,44.0,False,12,False,1518.0,1.03,8.0,2.91
2026,CNAE 56 - alimentação,Boa Vista,513415,Cumim,47,1623.83,1621.0,1621.0,1621.0,1645.92,44.0,False,7,True,1621.0,1.002,3.88,0.66
2021,CNAE 56 - alimentação,Boa Vista,513420,Barman,29,1130.34,1100.0,1100.0,1102.0,1464.84,44.0,True,12,False,1100.0,1.028,,
2022,CNAE 56 - alimentação,Boa Vista,513420,Barman,40,1258.26,1212.0,1212.0,1212.0,1515.41,44.0,False,12,False,1212.0,1.038,11.32,3.45
2023,CNAE 56 - alimentação,Boa Vista,513420,Barman,26,1362.06,1320.0,1320.0,1327.14,1568.84,44.0,True,12,False,1314.0,1.037,8.25,3.53
2024,CNAE 56 - alimentação,Boa Vista,513420,Barman,24,1448.15,1412.0,1478.4,1478.4,1584.85,44.0,True,12,False,1412.0,1.026,6.32,1.02
2025,CNAE 56 - alimentação,Boa Vista,513420,Barman,43,1566.67,1518.0,1586.31,1586.31,1643.37,44.0,False,12,False,1518.0,1.032,8.18,3.69
2026,CNAE 56 - alimentação,Boa Vista,513420,Barman,14,1684.59,1621.0,1621.0,1687.62,1699.6,44.0,True,7,True,1621.0,1.039,7.53,3.42
2021,CNAE 56 - alimentação,Boa Vista,513435,Atendente de lanchonete,177,1132.75,1100.0,1101.95,1177.0,1481.05,44.0,False,12,False,1100.0,1.03,,
2022,CNAE 56 - alimentação,Boa Vista,513435,Atendente de lanchonete,361,1244.08,1212.0,1212.0,1284.72,1493.19,44.0,False,12,False,1212.0,1.026,9.83,0.82
2023,CNAE 56 - alimentação,Boa Vista,513435,Atendente de lanchonete,342,1336.27,1320.0,1320.0,1350.0,1535.94,44.0,False,12,False,1314.0,1.017,7.41,2.86
2024,CNAE 56 - alimentação,Boa Vista,513435,Atendente de lanchonete,287,1442.69,1412.0,1412.0,1478.4,1588.15,44.0,False,12,False,1412.0,1.022,7.96,3.4
2025,CNAE 56 - alimentação,Boa Vista,513435,Atendente de lanchonete,304,1554.2,1518.0,1518.0,1586.31,1632.34,44.0,False,12,False,1518.0,1.024,7.73,2.78
2026,CNAE 56 - alimentação,Boa Vista,513435,Atendente de lanchonete,152,1644.96,1621.0,1621.0,1621.0,1663.19,44.0,False,7,True,1621.0,1.015,5.84,1.89
2021,CNAE 56 - alimentação,Boa Vista,513505,Auxiliar nos serviços de alimentação,193,1113.23,1100.0,1100.0,1100.0,1452.92,44.0,False,12,False,1100.0,1.012,,
2022,CNAE 56 - alimentação,Boa Vista,513505,Auxiliar nos serviços de alimentação,305,1240.75,1212.0,1212.0,1284.72,1489.84,44.0,False,12,False,1212.0,1.024,11.45,2.54
2023,CNAE 56 - alimentação,Boa Vista,513505,Auxiliar nos serviços de alimentação,271,1338.39,1311.5,1320.0,1327.14,1540.1,44.0,False,12,False,1314.0,1.019,7.87,3.37
2024,CNAE 56 - alimentação,Boa Vista,513505,Auxiliar nos serviços de alimentação,307,1452.2,1412.0,1412.0,1478.4,1598.16,44.0,False,12,False,1412.0,1.028,8.5,3.77
2025,CNAE 56 - alimentação,Boa Vista,513505,Auxiliar nos serviços de alimentação,587,1576.75,1518.0,1586.31,1586.31,1652.59,44.0,False,12,False,1518.0,1.039,8.58,3.41
2026,CNAE 56 - alimentação,Boa Vista,513505,Auxiliar nos serviços de alimentação,336,1654.58,1621.0,1621.0,1686.02,1673.26,44.0,False,7,True,1621.0,1.021,4.94,1.25
2021,CNAE 56 - alimentação,Boa Vista,514320,Faxineiro,49,1137.77,1100.0,1100.0,1101.95,1497.24,44.0,False,12,False,1100.0,1.034,,
2022,CNAE 56 - alimentação,Boa Vista,514320,Faxineiro,94,1233.98,1212.0,1212.0,1212.0,1479.77,44.0,False,12,False,1212.0,1.018,8.46,-1.17
2023,CNAE 56 - alimentação,Boa Vista,514320,Faxineiro,58,1327.33,1302.0,1320.0,1320.0,1528.03,44.0,False,12,False,1314.0,1.01,7.56,3.26
2024,CNAE 56 - alimentação,Boa Vista,514320,Faxineiro,46,1458.75,1412.0,1478.4,1478.4,1600.02,44.0,False,12,False,1412.0,1.033,9.9,4.71
2025,CNAE 56 - alimentação,Boa Vista,514320,Faxineiro,103,1578.95,1518.0,1518.0,1586.31,1654.81,44.0,False,12,False,1518.0,1.04,8.24,3.42
2026,CNAE 56 - alimentação,Boa Vista,514320,Faxineiro,40,1655.25,1621.0,1621.0,1621.0,1678.25,44.0,False,7,True,1621.0,1.021,4.83,1.42
2021,CNAE 56 - alimentação,Boa Vista,521140,Atendente de lojas e mercados,13,1121.31,1100.0,1100.0,1100.0,1454.26,44.0,True,12,False,1100.0,1.019,,
2022,CNAE 56 - alimentação,Boa Vista,521140,Atendente de lojas e mercados,21,1229.33,1212.0,1212.0,1212.0,1482.0,44.0,True,12,False,1212.0,1.014,9.63,1.91
2023,CNAE 56 - alimentação,Boa Vista,521140,Atendente de lojas e mercados,58,1334.82,1320.0,1327.14,1327.14,1532.97,44.0,False,12,False,1314.0,1.016,8.58,3.44
2024,CNAE 56 - alimentação,Boa Vista,521140,Atendente de lojas e mercados,35,1454.34,1412.0,1478.4,1482.6,1597.97,44.0,False,12,False,1412.0,1.03,8.95,4.24
2025,CNAE 56 - alimentação,Boa Vista,521140,Atendente de lojas e mercados,59,1531.06,1518.0,1518.0,1518.0,1607.24,44.0,False,12,False,1518.0,1.009,5.28,0.58
2026,CNAE 56 - alimentação,Boa Vista,521140,Atendente de lojas e mercados,39,1661.11,1621.0,1621.0,1621.0,1678.02,44.0,False,7,True,1621.0,1.025,8.49,4.4
2021,CNAE 56 - alimentação,Brasília,141510,Gerente de restaurante,198,1959.28,1462.5,1800.0,2123.11,2562.64,44.0,False,12,False,1100.0,1.781,,
2022,CNAE 56 - alimentação,Brasília,141510,Gerente de restaurante,263,1934.65,1308.96,1800.0,2152.7,2327.8,44.0,False,12,False,1212.0,1.596,-1.26,-9.16
2023,CNAE 56 - alimentação,Brasília,141510,Gerente de restaurante,281,2179.36,1500.0,1900.0,2500.0,2505.44,44.0,False,12,False,1314.0,1.659,12.65,7.63
2024,CNAE 56 - alimentação,Brasília,141510,Gerente de restaurante,327,2244.82,1600.0,2000.0,2500.0,2472.13,44.0,False,12,False,1412.0,1.59,3.0,-1.33
2025,CNAE 56 - alimentação,Brasília,141510,Gerente de restaurante,363,2400.06,1800.0,2191.43,2600.0,2516.91,44.0,False,12,False,1518.0,1.581,6.92,1.81
2026,CNAE 56 - alimentação,Brasília,141510,Gerente de restaurante,211,2455.02,1900.0,2200.0,2700.0,2480.03,44.0,False,7,True,1621.0,1.515,2.29,-1.47
2021,CNAE 56 - alimentação,Brasília,141515,Gerente de bar,60,1781.32,1197.02,1517.43,2000.0,2341.22,44.0,False,12,False,1100.0,1.619,,
2022,CNAE 56 - alimentação,Brasília,141515,Gerente de bar,62,2009.11,1435.0,1694.18,2451.66,2413.14,44.0,False,12,False,1212.0,1.658,12.79,3.07
2023,CNAE 56 - alimentação,Brasília,141515,Gerente de bar,68,2454.7,1501.65,1945.0,3000.0,2815.59,44.0,False,12,False,1314.0,1.868,22.18,16.68
2024,CNAE 56 - alimentação,Brasília,141515,Gerente de bar,59,2353.6,1700.0,2135.0,2725.82,2595.02,44.0,False,12,False,1412.0,1.667,-4.12,-7.83
2025,CNAE 56 - alimentação,Brasília,141515,Gerente de bar,73,2429.73,1646.96,2300.0,3032.68,2547.3,44.0,False,12,False,1518.0,1.601,3.23,-1.84
2026,CNAE 56 - alimentação,Brasília,141515,Gerente de bar,47,2406.04,1825.0,2200.0,2600.0,2436.44,44.0,False,7,True,1621.0,1.484,-0.98,-4.35
2021,CNAE 56 - alimentação,Brasília,371410,Recreador,62,1180.77,1100.0,1188.0,1188.0,1513.6,44.0,False,12,False,1100.0,1.073,,
2022,CNAE 56 - alimentação,Brasília,371410,Recreador,95,1297.89,1308.96,1308.96,1308.96,1557.16,44.0,False,12,False,1212.0,1.071,9.92,2.88
2023,CNAE 56 - alimentação,Brasília,371410,Recreador,140,1413.47,1406.16,1425.6,1425.6,1622.89,44.0,False,12,False,1314.0,1.076,8.91,4.22
2024,CNAE 56 - alimentação,Brasília,371410,Recreador,114,1506.97,1524.96,1524.96,1524.96,1662.39,44.0,False,12,False,1412.0,1.067,6.61,2.43
2025,CNAE 56 - alimentação,Brasília,371410,Recreador,154,1632.32,1639.44,1639.44,1639.44,1712.92,44.0,False,12,False,1518.0,1.075,8.32,3.04
2026,CNAE 56 - alimentação,Brasília,371410,Recreador,116,1765.45,1750.68,1750.68,1750.68,1785.28,44.0,False,7,True,1621.0,1.089,8.16,4.22
2021,CNAE 56 - alimentação,Brasília,421125,Operador de caixa,1034,1198.74,1188.0,1188.0,1200.0,1564.52,44.0,False,12,False,1100.0,1.09,,
2022,CNAE 56 - alimentação,Brasília,421125,Operador de caixa,1178,1321.56,1308.01,1308.96,1308.96,1590.08,44.0,False,12,False,1212.0,1.09,10.25,1.63
2023,CNAE 56 - alimentação,Brasília,421125,Operador de caixa,1120,1431.43,1406.16,1425.6,1425.6,1645.04,44.0,False,12,False,1314.0,1.089,8.31,3.46
2024,CNAE 56 - alimentação,Brasília,421125,Operador de caixa,1212,1524.11,1523.94,1524.96,1524.96,1679.48,44.0,False,12,False,1412.0,1.079,6.47,2.09
2025,CNAE 56 - alimentação,Brasília,421125,Operador de caixa,1178,1643.66,1600.0,1639.44,1639.44,1725.87,44.0,False,12,False,1518.0,1.083,7.84,2.76
2026,CNAE 56 - alimentação,Brasília,421125,Operador de caixa,712,1762.49,1743.49,1750.68,1750.68,1783.72,44.0,False,7,True,1621.0,1.087,7.23,3.35
2021,CNAE 56 - alimentação,Brasília,513205,Cozinheiro geral,2414,1318.45,1188.0,1188.0,1400.0,1727.39,44.0,False,12,False,1100.0,1.199,,
2022,CNAE 56 - alimentação,Brasília,513205,Cozinheiro geral,2995,1441.08,1308.96,1308.96,1500.0,1734.17,44.0,False,12,False,1212.0,1.189,9.3,0.39
2023,CNAE 56 - alimentação,Brasília,513205,Cozinheiro geral,3112,1566.25,1407.0,1425.6,1600.0,1800.74,44.0,False,12,False,1314.0,1.192,8.69,3.84
2024,CNAE 56 - alimentação,Brasília,513205,Cozinheiro geral,3016,1688.4,1524.96,1524.96,1800.0,1861.79,44.0,False,12,False,1412.0,1.196,7.8,3.39
2025,CNAE 56 - alimentação,Brasília,513205,Cozinheiro geral,2977,1818.62,1639.44,1639.48,1906.0,1908.5,44.0,False,12,False,1518.0,1.198,7.71,2.51
2026,CNAE 56 - alimentação,Brasília,513205,Cozinheiro geral,2018,1951.48,1750.68,1750.68,2000.0,1974.04,44.0,False,7,True,1621.0,1.204,7.31,3.43
2021,CNAE 56 - alimentação,Brasília,513405,Garçom,1984,1208.51,1188.0,1188.0,1188.0,1577.69,44.0,False,12,False,1100.0,1.099,,
2022,CNAE 56 - alimentação,Brasília,513405,Garçom,2434,1324.05,1308.96,1308.96,1308.96,1591.38,44.0,False,12,False,1212.0,1.092,9.56,0.87
2023,CNAE 56 - alimentação,Brasília,513405,Garçom,2787,1435.19,1406.16,1425.6,1425.6,1649.98,44.0,False,12,False,1314.0,1.092,8.39,3.68
2024,CNAE 56 - alimentação,Brasília,513405,Garçom,2802,1536.56,1524.96,1524.96,1524.96,1693.26,44.0,False,12,False,1412.0,1.088,7.06,2.62
2025,CNAE 56 - alimentação,Brasília,513405,Garçom,2928,1651.91,1639.44,1639.44,1639.44,1733.84,44.0,False,12,False,1518.0,1.088,7.51,2.4
2026,CNAE 56 - alimentação,Brasília,513405,Garçom,1992,1764.49,1750.68,1750.68,1750.68,1785.11,44.0,False,7,True,1621.0,1.089,6.82,2.96
2021,CNAE 56 - alimentação,Brasília,513415,Cumim,823,1192.47,1188.0,1188.0,1188.0,1549.01,44.0,False,12,False,1100.0,1.084,,
2022,CNAE 56 - alimentação,Brasília,513415,Cumim,1206,1306.04,1308.96,1308.96,1308.96,1569.68,44.0,False,12,False,1212.0,1.078,9.52,1.33
2023,CNAE 56 - alimentação,Brasília,513415,Cumim,1418,1426.03,1406.16,1425.6,1425.6,1637.69,44.0,False,12,False,1314.0,1.085,9.19,4.33
2024,CNAE 56 - alimentação,Brasília,513415,Cumim,1549,1527.82,1524.96,1524.96,1524.96,1684.8,44.0,False,12,False,1412.0,1.082,7.14,2.88
2025,CNAE 56 - alimentação,Brasília,513415,Cumim,1716,1646.16,1639.44,1639.44,1639.44,1727.94,44.0,False,12,False,1518.0,1.084,7.75,2.56
2026,CNAE 56 - alimentação,Brasília,513415,Cumim,985,1749.26,1750.68,1750.68,1750.68,1769.08,44.0,False,7,True,1621.0,1.079,6.26,2.38
2021,CNAE 56 - alimentação,Brasília,513420,Barman,376,1229.72,1188.0,1188.0,1224.0,1599.53,44.0,False,12,False,1100.0,1.118,,
2022,CNAE 56 - alimentação,Brasília,513420,Barman,502,1348.42,1308.96,1308.96,1308.96,1621.77,44.0,False,12,False,1212.0,1.113,9.65,1.39
2023,CNAE 56 - alimentação,Brasília,513420,Barman,558,1465.92,1406.16,1425.6,1425.6,1685.12,44.0,False,12,False,1314.0,1.116,8.71,3.91
2024,CNAE 56 - alimentação,Brasília,513420,Barman,600,1565.48,1524.96,1524.96,1524.96,1725.99,44.0,False,12,False,1412.0,1.109,6.79,2.43
2025,CNAE 56 - alimentação,Brasília,513420,Barman,624,1674.73,1639.44,1639.44,1646.95,1758.45,44.0,False,12,False,1518.0,1.103,6.98,1.88
2026,CNAE 56 - alimentação,Brasília,513420,Barman,433,1776.49,1750.68,1750.68,1750.68,1795.04,44.0,False,7,True,1621.0,1.096,6.08,2.08
2021,CNAE 56 - alimentação,Brasília,513435,Atendente de lanchonete,4799,1187.45,1188.0,1188.0,1188.0,1549.17,44.0,False,12,False,1100.0,1.08,,
2022,CNAE 56 - alimentação,Brasília,513435,Atendente de lanchonete,6489,1305.46,1308.96,1308.96,1308.96,1569.66,44.0,False,12,False,1212.0,1.077,9.94,1.32
2023,CNAE 56 - alimentação,Brasília,513435,Atendente de lanchonete,7213,1418.45,1406.16,1425.6,1425.6,1630.28,44.0,False,12,False,1314.0,1.079,8.66,3.86
2024,CNAE 56 - alimentação,Brasília,513435,Atendente de lanchonete,8011,1525.04,1524.96,1524.96,1524.96,1679.94,44.0,False,12,False,1412.0,1.08,7.51,3.05
2025,CNAE 56 - alimentação,Brasília,513435,Atendente de lanchonete,8591,1639.19,1639.44,1639.44,1639.44,1720.27,44.0,False,12,False,1518.0,1.08,7.49,2.4
2026,CNAE 56 - alimentação,Brasília,513435,Atendente de lanchonete,5499,1739.53,1750.0,1750.68,1750.68,1759.39,44.0,False,7,True,1621.0,1.073,6.12,2.27
2021,CNAE 56 - alimentação,Brasília,513505,Auxiliar nos serviços de alimentação,3438,1195.86,1188.0,1188.0,1190.11,1563.47,44.0,False,12,False,1100.0,1.087,,
2022,CNAE 56 - alimentação,Brasília,513505,Auxiliar nos serviços de alimentação,4770,1319.54,1308.96,1308.96,1308.96,1585.79,44.0,False,12,False,1212.0,1.089,10.34,1.43
2023,CNAE 56 - alimentação,Brasília,513505,Auxiliar nos serviços de alimentação,5693,1429.9,1406.16,1425.6,1425.6,1643.03,44.0,False,12,False,1314.0,1.088,8.36,3.61
2024,CNAE 56 - alimentação,Brasília,513505,Auxiliar nos serviços de alimentação,6691,1531.81,1524.96,1524.96,1524.96,1687.17,44.0,False,12,False,1412.0,1.085,7.13,2.69
2025,CNAE 56 - alimentação,Brasília,513505,Auxiliar nos serviços de alimentação,7195,1651.1,1639.44,1639.44,1639.44,1732.43,44.0,False,12,False,1518.0,1.088,7.79,2.68
2026,CNAE 56 - alimentação,Brasília,513505,Auxiliar nos serviços de alimentação,4438,1760.41,1750.68,1750.68,1750.68,1781.23,44.0,False,7,True,1621.0,1.086,6.62,2.82
2021,CNAE 56 - alimentação,Brasília,514320,Faxineiro,1320,1185.34,1188.0,1188.0,1188.0,1547.89,44.0,False,12,False,1100.0,1.078,,
2022,CNAE 56 - alimentação,Brasília,514320,Faxineiro,1824,1302.82,1308.0,1308.96,1308.96,1564.68,44.0,False,12,False,1212.0,1.075,9.91,1.08
2023,CNAE 56 - alimentação,Brasília,514320,Faxineiro,1999,1409.99,1406.16,1425.6,1425.6,1621.42,44.0,False,12,False,1314.0,1.073,8.23,3.63
2024,CNAE 56 - alimentação,Brasília,514320,Faxineiro,2186,1520.18,1524.96,1524.96,1524.96,1675.24,44.0,False,12,False,1412.0,1.077,7.81,3.32
2025,CNAE 56 - alimentação,Brasília,514320,Faxineiro,2294,1635.31,1639.44,1639.44,1639.44,1715.76,44.0,False,12,False,1518.0,1.077,7.57,2.42
2026,CNAE 56 - alimentação,Brasília,514320,Faxineiro,1441,1746.26,1750.68,1750.68,1750.68,1766.45,44.0,False,7,True,1621.0,1.077,6.78,2.95
2021,CNAE 56 - alimentação,Brasília,521140,Atendente de lojas e mercados,547,1193.57,1188.0,1188.0,1190.58,1554.58,44.0,False,12,False,1100.0,1.085,,
2022,CNAE 56 - alimentação,Brasília,521140,Atendente de lojas e mercados,966,1303.44,1308.96,1308.96,1308.96,1566.04,44.0,False,12,False,1212.0,1.075,9.21,0.74
2023,CNAE 56 - alimentação,Brasília,521140,Atendente de lojas e mercados,1137,1412.07,1406.16,1425.6,1425.6,1622.91,44.0,False,12,False,1314.0,1.075,8.33,3.63
2024,CNAE 56 - alimentação,Brasília,521140,Atendente de lojas e mercados,1285,1513.38,1518.65,1524.96,1524.96,1668.7,44.0,False,12,False,1412.0,1.072,7.17,2.82
2025,CNAE 56 - alimentação,Brasília,521140,Atendente de lojas e mercados,1454,1623.18,1585.5,1639.44,1639.44,1703.47,44.0,False,12,False,1518.0,1.069,7.26,2.08
2026,CNAE 56 - alimentação,Brasília,521140,Atendente de lojas e mercados,1029,1739.29,1700.0,1750.68,1750.68,1759.92,44.0,False,7,True,1621.0,1.073,7.15,3.31
2021,CNAE 56 - alimentação,Campo Grande,141510,Gerente de restaurante,44,2172.11,1430.0,1875.0,2334.0,2836.26,44.0,False,12,False,1100.0,1.975,,
2022,CNAE 56 - alimentação,Campo Grande,141510,Gerente de restaurante,46,2358.4,1700.0,1979.0,2578.0,2830.82,44.0,False,12,False,1212.0,1.946,8.58,-0.19
2023,CNAE 56 - alimentação,Campo Grande,141510,Gerente de restaurante,51,2290.22,1700.0,2020.0,2722.2,2629.27,44.0,False,12,False,1314.0,1.743,-2.89,-7.12
2024,CNAE 56 - alimentação,Campo Grande,141510,Gerente de restaurante,52,2612.9,1800.0,2237.07,2897.72,2876.75,44.0,False,12,False,1412.0,1.85,14.09,9.41
2025,CNAE 56 - alimentação,Campo Grande,141510,Gerente de restaurante,42,2757.79,2000.0,2515.0,3000.0,2894.38,44.0,False,12,False,1518.0,1.817,5.55,0.61
2026,CNAE 56 - alimentação,Campo Grande,141510,Gerente de restaurante,42,2949.07,2251.87,2579.82,3363.8,2980.63,44.0,False,7,True,1621.0,1.819,6.94,2.98
2021,CNAE 56 - alimentação,Campo Grande,141515,Gerente de bar,14,1614.73,1359.12,1450.0,1689.0,2113.09,44.0,True,12,False,1100.0,1.468,,
2022,CNAE 56 - alimentação,Campo Grande,141515,Gerente de bar,20,1783.88,1421.75,1642.75,2000.0,2161.88,44.0,True,12,False,1212.0,1.472,10.48,2.31
2023,CNAE 56 - alimentação,Campo Grande,141515,Gerente de bar,15,1972.2,1650.0,2000.0,2250.0,2270.12,44.0,True,12,False,1314.0,1.501,10.56,5.01
2024,CNAE 56 - alimentação,Campo Grande,141515,Gerente de bar,18,2261.58,1800.0,2200.0,2500.0,2491.17,44.0,True,12,False,1412.0,1.602,14.67,9.74
2025,CNAE 56 - alimentação,Campo Grande,141515,Gerente de bar,8,2633.93,2000.0,2500.0,2803.57,2762.23,44.0,True,12,False,1518.0,1.735,16.46,10.88
2026,CNAE 56 - alimentação,Campo Grande,141515,Gerente de bar,8,2805.15,1925.0,2600.0,3250.0,2850.97,44.0,True,7,True,1621.0,1.731,6.5,3.21
2021,CNAE 56 - alimentação,Campo Grande,371410,Recreador,30,1224.16,1218.0,1218.0,1218.0,1580.51,44.0,False,12,False,1100.0,1.113,,
2022,CNAE 56 - alimentação,Campo Grande,371410,Recreador,37,1308.92,1315.0,1315.0,1315.0,1569.71,44.0,False,12,False,1212.0,1.08,6.92,-0.68
2023,CNAE 56 - alimentação,Campo Grande,371410,Recreador,25,1420.6,1410.0,1410.0,1410.0,1631.49,44.0,True,12,False,1314.0,1.081,8.53,3.94
2024,CNAE 56 - alimentação,Campo Grande,371410,Recreador,49,1487.9,1412.0,1500.0,1500.0,1648.31,44.0,False,12,False,1412.0,1.054,4.74,1.03
2025,CNAE 56 - alimentação,Campo Grande,371410,Recreador,34,1629.65,1600.0,1600.0,1600.0,1709.55,44.0,False,12,False,1518.0,1.074,9.53,3.72
2026,CNAE 56 - alimentação,Campo Grande,371410,Recreador,34,1729.53,1600.0,1691.2,1691.2,1749.87,44.0,False,7,True,1621.0,1.067,6.13,2.36
2021,CNAE 56 - alimentação,Campo Grande,421125,Operador de caixa,158,1250.78,1217.25,1218.0,1224.77,1641.94,44.0,False,12,False,1100.0,1.137,,
2022,CNAE 56 - alimentação,Campo Grande,421125,Operador de caixa,187,1331.34,1315.0,1315.0,1315.0,1600.96,44.0,False,12,False,1212.0,1.098,6.44,-2.5
2023,CNAE 56 - alimentação,Campo Grande,421125,Operador de caixa,228,1473.94,1410.0,1410.0,1496.67,1694.74,44.0,False,12,False,1314.0,1.122,10.71,5.86
2024,CNAE 56 - alimentação,Campo Grande,421125,Operador de caixa,261,1581.13,1500.0,1500.0,1600.0,1738.12,44.0,False,12,False,1412.0,1.12,7.27,2.56
2025,CNAE 56 - alimentação,Campo Grande,421125,Operador de caixa,202,1666.48,1600.0,1600.0,1706.75,1751.2,44.0,False,12,False,1518.0,1.098,5.4,0.75
2026,CNAE 56 - alimentação,Campo Grande,421125,Operador de caixa,129,1768.19,1621.0,1691.2,1800.0,1789.68,44.0,False,7,True,1621.0,1.091,6.1,2.2
2021,CNAE 56 - alimentação,Campo Grande,513205,Cozinheiro geral,494,1345.53,1218.0,1218.0,1460.5,1765.46,44.0,False,12,False,1100.0,1.223,,
2022,CNAE 56 - alimentação,Campo Grande,513205,Cozinheiro geral,618,1449.87,1315.0,1315.0,1500.0,1743.43,44.0,False,12,False,1212.0,1.196,7.75,-1.25
2023,CNAE 56 - alimentação,Campo Grande,513205,Cozinheiro geral,606,1595.25,1410.0,1420.0,1715.5,1836.51,44.0,False,12,False,1314.0,1.214,10.03,5.34
2024,CNAE 56 - alimentação,Campo Grande,513205,Cozinheiro geral,557,1700.43,1500.0,1600.0,1800.0,1874.58,44.0,False,12,False,1412.0,1.204,6.59,2.07
2025,CNAE 56 - alimentação,Campo Grande,513205,Cozinheiro geral,558,1827.51,1600.0,1626.0,2000.0,1918.79,44.0,False,12,False,1518.0,1.204,7.47,2.36
2026,CNAE 56 - alimentação,Campo Grande,513205,Cozinheiro geral,290,1987.52,1691.2,1843.02,2200.0,2011.11,44.0,False,7,True,1621.0,1.226,8.76,4.81
2021,CNAE 56 - alimentação,Campo Grande,513405,Garçom,348,1267.13,1218.0,1218.0,1254.0,1652.5,44.0,False,12,False,1100.0,1.152,,
2022,CNAE 56 - alimentação,Campo Grande,513405,Garçom,466,1374.26,1315.0,1315.0,1410.5,1651.43,44.0,False,12,False,1212.0,1.134,8.45,-0.06
2023,CNAE 56 - alimentação,Campo Grande,513405,Garçom,584,1468.66,1410.0,1410.0,1500.0,1689.51,44.0,False,12,False,1314.0,1.118,6.87,2.31
2024,CNAE 56 - alimentação,Campo Grande,513405,Garçom,527,1575.47,1500.0,1500.0,1650.0,1738.07,44.0,False,12,False,1412.0,1.116,7.27,2.87
2025,CNAE 56 - alimentação,Campo Grande,513405,Garçom,530,1676.61,1600.0,1600.0,1728.0,1758.35,44.0,False,12,False,1518.0,1.104,6.42,1.17
2026,CNAE 56 - alimentação,Campo Grande,513405,Garçom,335,1770.67,1691.0,1691.2,1856.17,1792.41,44.0,False,7,True,1621.0,1.092,5.61,1.94
2021,CNAE 56 - alimentação,Campo Grande,513415,Cumim,96,1215.61,1217.0,1218.0,1218.0,1573.58,44.0,False,12,False,1100.0,1.105,,
2022,CNAE 56 - alimentação,Campo Grande,513415,Cumim,117,1301.57,1315.0,1315.0,1315.0,1564.02,44.0,False,12,False,1212.0,1.074,7.07,-0.61
2023,CNAE 56 - alimentação,Campo Grande,513415,Cumim,154,1415.27,1410.0,1410.0,1410.0,1626.42,44.0,False,12,False,1314.0,1.077,8.74,3.99
2024,CNAE 56 - alimentação,Campo Grande,513415,Cumim,139,1506.09,1500.0,1500.0,1500.0,1659.52,44.0,False,12,False,1412.0,1.067,6.42,2.04
2025,CNAE 56 - alimentação,Campo Grande,513415,Cumim,137,1595.34,1600.0,1600.0,1600.0,1676.97,44.0,False,12,False,1518.0,1.051,5.93,1.05
2026,CNAE 56 - alimentação,Campo Grande,513415,Cumim,70,1683.94,1691.2,1691.2,1691.2,1699.88,44.0,False,7,True,1621.0,1.039,5.55,1.37
2021,CNAE 56 - alimentação,Campo Grande,513420,Barman,79,1273.08,1218.0,1218.0,1250.0,1673.04,44.0,False,12,False,1100.0,1.157,,
2022,CNAE 56 - alimentação,Campo Grande,513420,Barman,90,1375.26,1315.0,1315.0,1353.25,1650.56,44.0,False,12,False,1212.0,1.135,8.03,-1.34
2023,CNAE 56 - alimentação,Campo Grande,513420,Barman,125,1485.03,1410.0,1410.0,1500.0,1706.77,44.0,False,12,False,1314.0,1.13,7.98,3.41
2024,CNAE 56 - alimentação,Campo Grande,513420,Barman,87,1596.85,1500.0,1500.0,1585.0,1764.25,44.0,False,12,False,1412.0,1.131,7.53,3.37
2025,CNAE 56 - alimentação,Campo Grande,513420,Barman,127,1638.1,1600.0,1600.0,1672.0,1719.2,44.0,False,12,False,1518.0,1.079,2.58,-2.55
2026,CNAE 56 - alimentação,Campo Grande,513420,Barman,70,1770.63,1691.2,1691.2,1800.0,1793.28,44.0,False,7,True,1621.0,1.092,8.09,4.31
2021,CNAE 56 - alimentação,Campo Grande,513435,Atendente de lanchonete,1272,1230.26,1218.0,1218.0,1218.0,1605.23,44.0,False,12,False,1100.0,1.118,,
2022,CNAE 56 - alimentação,Campo Grande,513435,Atendente de lanchonete,1697,1313.88,1315.0,1315.0,1315.0,1580.17,44.0,False,12,False,1212.0,1.084,6.8,-1.56
2023,CNAE 56 - alimentação,Campo Grande,513435,Atendente de lanchonete,1734,1417.83,1410.0,1410.0,1410.0,1630.5,44.0,False,12,False,1314.0,1.079,7.91,3.19
2024,CNAE 56 - alimentação,Campo Grande,513435,Atendente de lanchonete,2002,1523.47,1490.0,1500.0,1510.0,1679.42,44.0,False,12,False,1412.0,1.079,7.45,3.0
2025,CNAE 56 - alimentação,Campo Grande,513435,Atendente de lanchonete,2115,1630.24,1600.0,1600.0,1600.0,1710.4,44.0,False,12,False,1518.0,1.074,7.01,1.84
2026,CNAE 56 - alimentação,Campo Grande,513435,Atendente de lanchonete,1324,1731.38,1621.0,1691.2,1700.0,1751.67,44.0,False,7,True,1621.0,1.068,6.2,2.41
2021,CNAE 56 - alimentação,Campo Grande,513505,Auxiliar nos serviços de alimentação,1246,1257.38,1218.0,1218.0,1275.0,1641.07,44.0,False,12,False,1100.0,1.143,,
2022,CNAE 56 - alimentação,Campo Grande,513505,Auxiliar nos serviços de alimentação,1819,1344.64,1315.0,1315.0,1350.0,1617.8,44.0,False,12,False,1212.0,1.109,6.94,-1.42
2023,CNAE 56 - alimentação,Campo Grande,513505,Auxiliar nos serviços de alimentação,1849,1451.87,1410.0,1410.0,1500.0,1669.88,44.0,False,12,False,1314.0,1.105,7.97,3.22
2024,CNAE 56 - alimentação,Campo Grande,513505,Auxiliar nos serviços de alimentação,1936,1555.14,1500.0,1500.0,1600.0,1715.34,44.0,False,12,False,1412.0,1.101,7.11,2.72
2025,CNAE 56 - alimentação,Campo Grande,513505,Auxiliar nos serviços de alimentação,1883,1677.07,1600.0,1600.0,1708.31,1760.18,44.0,False,12,False,1518.0,1.105,7.84,2.61
2026,CNAE 56 - alimentação,Campo Grande,513505,Auxiliar nos serviços de alimentação,1216,1771.15,1691.0,1691.2,1800.0,1792.04,44.0,False,7,True,1621.0,1.093,5.61,1.81
2021,CNAE 56 - alimentação,Campo Grande,514320,Faxineiro,157,1229.37,1217.0,1218.0,1218.0,1605.74,44.0,False,12,False,1100.0,1.118,,
2022,CNAE 56 - alimentação,Campo Grande,514320,Faxineiro,225,1324.27,1315.0,1315.0,1315.0,1594.42,44.0,False,12,False,1212.0,1.093,7.72,-0.7
2023,CNAE 56 - alimentação,Campo Grande,514320,Faxineiro,231,1418.83,1410.0,1410.0,1410.0,1631.46,44.0,False,12,False,1314.0,1.08,7.14,2.32
2024,CNAE 56 - alimentação,Campo Grande,514320,Faxineiro,213,1519.47,1470.48,1500.0,1512.0,1679.01,44.0,False,12,False,1412.0,1.076,7.09,2.91
2025,CNAE 56 - alimentação,Campo Grande,514320,Faxineiro,184,1650.5,1600.0,1600.0,1600.0,1732.38,44.0,False,12,False,1518.0,1.087,8.62,3.18
2026,CNAE 56 - alimentação,Campo Grande,514320,Faxineiro,128,1778.02,1691.2,1691.2,1800.0,1797.86,44.0,False,7,True,1621.0,1.097,7.73,3.78
2021,CNAE 56 - alimentação,Campo Grande,521140,Atendente de lojas e mercados,112,1225.31,1218.0,1218.0,1218.0,1596.47,44.0,False,12,False,1100.0,1.114,,
2022,CNAE 56 - alimentação,Campo Grande,521140,Atendente de lojas e mercados,197,1310.34,1315.0,1315.0,1315.0,1574.6,44.0,False,12,False,1212.0,1.081,6.94,-1.37
2023,CNAE 56 - alimentação,Campo Grande,521140,Atendente de lojas e mercados,281,1424.77,1410.0,1410.0,1410.0,1634.05,44.0,False,12,False,1314.0,1.084,8.73,3.78
2024,CNAE 56 - alimentação,Campo Grande,521140,Atendente de lojas e mercados,356,1548.6,1500.0,1500.0,1592.5,1704.94,44.0,False,12,False,1412.0,1.097,8.69,4.34
2025,CNAE 56 - alimentação,Campo Grande,521140,Atendente de lojas e mercados,342,1664.31,1600.0,1600.0,1743.5,1747.89,44.0,False,12,False,1518.0,1.096,7.47,2.52
2026,CNAE 56 - alimentação,Campo Grande,521140,Atendente de lojas e mercados,172,1762.38,1691.2,1691.2,1876.04,1783.54,44.0,False,7,True,1621.0,1.087,5.89,2.04
2021,CNAE 56 - alimentação,Cuiabá,141510,Gerente de restaurante,55,2371.56,1475.0,2447.28,2986.8,3121.1,44.0,False,12,False,1100.0,2.156,,
2022,CNAE 56 - alimentação,Cuiabá,141510,Gerente de restaurante,67,2467.4,1350.0,2424.0,3379.28,2974.82,44.0,False,12,False,1212.0,2.036,4.04,-4.69
2023,CNAE 56 - alimentação,Cuiabá,141510,Gerente de restaurante,65,2487.89,1571.0,2000.0,3309.81,2860.45,44.0,False,12,False,1314.0,1.893,0.83,-3.84
2024,CNAE 56 - alimentação,Cuiabá,141510,Gerente de restaurante,81,2702.3,1800.0,2500.0,3120.0,2961.86,44.0,False,12,False,1412.0,1.914,8.62,3.55
2025,CNAE 56 - alimentação,Cuiabá,141510,Gerente de restaurante,91,2742.9,1934.15,2527.0,3500.0,2873.51,44.0,False,12,False,1518.0,1.807,1.5,-2.98
2026,CNAE 56 - alimentação,Cuiabá,141510,Gerente de restaurante,68,3045.33,2112.5,2654.0,3542.52,3076.7,44.0,False,7,True,1621.0,1.879,11.03,7.07
2021,CNAE 56 - alimentação,Cuiabá,141515,Gerente de bar,11,1590.91,1125.0,1200.0,2150.0,2053.38,44.0,True,12,False,1100.0,1.446,,
2022,CNAE 56 - alimentação,Cuiabá,141515,Gerente de bar,10,2759.56,2025.0,2300.0,3225.0,3320.59,44.0,True,12,False,1212.0,2.277,73.46,61.71
2023,CNAE 56 - alimentação,Cuiabá,141515,Gerente de bar,7,1928.57,1550.0,2000.0,2200.0,2221.67,44.0,True,12,False,1314.0,1.468,-30.11,-33.09
2024,CNAE 56 - alimentação,Cuiabá,141515,Gerente de bar,5,2270.0,2300.0,2500.0,2500.0,2531.65,44.0,True,12,False,1412.0,1.608,17.7,13.95
2025,CNAE 56 - alimentação,Cuiabá,141515,Gerente de bar,10,2201.8,1595.0,2050.0,2897.5,2308.57,44.0,True,12,False,1518.0,1.45,-3.0,-8.81
2026,CNAE 56 - alimentação,Cuiabá,141515,Gerente de bar,3,1914.0,1621.0,1621.0,2060.5,1947.46,44.0,True,7,True,1621.0,1.181,-13.07,-15.64
2021,CNAE 56 - alimentação,Cuiabá,371410,Recreador,26,1167.31,1100.0,1150.0,1262.5,1548.06,44.0,True,12,False,1100.0,1.061,,
2022,CNAE 56 - alimentação,Cuiabá,371410,Recreador,24,1293.88,1212.0,1250.0,1337.5,1548.43,44.0,True,12,False,1212.0,1.068,10.84,0.02
2023,CNAE 56 - alimentação,Cuiabá,371410,Recreador,35,1371.99,1302.0,1320.0,1500.0,1579.26,44.0,False,12,False,1314.0,1.044,6.04,1.99
2024,CNAE 56 - alimentação,Cuiabá,371410,Recreador,28,1433.57,1412.0,1412.0,1460.0,1581.86,44.0,True,12,False,1412.0,1.015,4.49,0.16
2025,CNAE 56 - alimentação,Cuiabá,371410,Recreador,31,1583.48,1518.0,1570.0,1570.0,1665.9,44.0,False,12,False,1518.0,1.043,10.46,5.31
2026,CNAE 56 - alimentação,Cuiabá,371410,Recreador,10,1654.0,1621.0,1676.0,1676.0,1673.31,44.0,True,7,True,1621.0,1.02,4.45,0.44
2021,CNAE 56 - alimentação,Cuiabá,421125,Operador de caixa,206,1150.96,1100.0,1100.0,1150.0,1509.48,44.0,False,12,False,1100.0,1.046,,
2022,CNAE 56 - alimentação,Cuiabá,421125,Operador de caixa,305,1265.84,1212.0,1250.0,1270.0,1522.06,44.0,False,12,False,1212.0,1.044,9.98,0.83
2023,CNAE 56 - alimentação,Cuiabá,421125,Operador de caixa,310,1356.78,1320.0,1320.0,1320.0,1560.55,44.0,False,12,False,1314.0,1.033,7.18,2.53
2024,CNAE 56 - alimentação,Cuiabá,421125,Operador de caixa,268,1472.58,1412.0,1412.0,1460.0,1624.31,44.0,False,12,False,1412.0,1.043,8.53,4.09
2025,CNAE 56 - alimentação,Cuiabá,421125,Operador de caixa,246,1628.01,1518.0,1570.0,1600.0,1710.26,44.0,False,12,False,1518.0,1.072,10.55,5.29
2026,CNAE 56 - alimentação,Cuiabá,421125,Operador de caixa,115,1703.41,1621.0,1676.0,1700.0,1727.13,44.0,False,7,True,1621.0,1.051,4.63,0.99
2021,CNAE 56 - alimentação,Cuiabá,513205,Cozinheiro geral,496,1289.18,1100.0,1150.0,1400.0,1688.19,44.0,False,12,False,1100.0,1.172,,
2022,CNAE 56 - alimentação,Cuiabá,513205,Cozinheiro geral,676,1416.27,1212.0,1270.0,1500.0,1705.6,44.0,False,12,False,1212.0,1.169,9.86,1.03
2023,CNAE 56 - alimentação,Cuiabá,513205,Cozinheiro geral,638,1549.92,1320.0,1400.0,1630.27,1782.65,44.0,False,12,False,1314.0,1.18,9.44,4.52
2024,CNAE 56 - alimentação,Cuiabá,513205,Cozinheiro geral,595,1696.82,1412.0,1500.0,1895.0,1869.35,44.0,False,12,False,1412.0,1.202,9.48,4.86
2025,CNAE 56 - alimentação,Cuiabá,513205,Cozinheiro geral,570,1837.67,1570.0,1696.4,2000.0,1928.22,44.0,False,12,False,1518.0,1.211,8.3,3.15
2026,CNAE 56 - alimentação,Cuiabá,513205,Cozinheiro geral,297,1947.53,1676.0,1792.0,2053.34,1972.01,44.0,False,7,True,1621.0,1.201,5.98,2.27
2021,CNAE 56 - alimentação,Cuiabá,513405,Garçom,361,1172.42,1100.0,1100.0,1150.0,1533.57,44.0,False,12,False,1100.0,1.066,,
2022,CNAE 56 - alimentação,Cuiabá,513405,Garçom,532,1265.63,1212.0,1212.0,1260.0,1521.81,44.0,False,12,False,1212.0,1.044,7.95,-0.77
2023,CNAE 56 - alimentação,Cuiabá,513405,Garçom,548,1348.89,1302.0,1320.0,1320.0,1552.37,44.0,False,12,False,1314.0,1.027,6.58,2.01
2024,CNAE 56 - alimentação,Cuiabá,513405,Garçom,490,1444.83,1412.0,1412.0,1412.0,1591.83,44.0,False,12,False,1412.0,1.023,7.11,2.54
2025,CNAE 56 - alimentação,Cuiabá,513405,Garçom,460,1581.28,1518.0,1570.0,1570.0,1660.35,44.0,False,12,False,1518.0,1.042,9.44,4.3
2026,CNAE 56 - alimentação,Cuiabá,513405,Garçom,184,1667.66,1621.0,1621.0,1676.0,1689.48,44.0,False,7,True,1621.0,1.029,5.46,1.75
2021,CNAE 56 - alimentação,Cuiabá,513415,Cumim,147,1128.45,1100.0,1100.0,1150.0,1475.36,44.0,False,12,False,1100.0,1.026,,
2022,CNAE 56 - alimentação,Cuiabá,513415,Cumim,199,1267.77,1212.0,1212.0,1260.0,1524.06,44.0,False,12,False,1212.0,1.046,12.35,3.3
2023,CNAE 56 - alimentação,Cuiabá,513415,Cumim,211,1340.63,1302.0,1320.0,1320.0,1543.31,44.0,False,12,False,1314.0,1.02,5.75,1.26
2024,CNAE 56 - alimentação,Cuiabá,513415,Cumim,195,1432.63,1412.0,1412.0,1412.0,1580.36,44.0,False,12,False,1412.0,1.015,6.86,2.4
2025,CNAE 56 - alimentação,Cuiabá,513415,Cumim,139,1570.09,1518.0,1570.0,1570.0,1650.11,44.0,False,12,False,1518.0,1.034,9.59,4.41
2026,CNAE 56 - alimentação,Cuiabá,513415,Cumim,70,1674.83,1621.0,1676.0,1676.0,1694.77,44.0,False,7,True,1621.0,1.033,6.67,2.71
2021,CNAE 56 - alimentação,Cuiabá,513420,Barman,102,1189.05,1100.0,1150.0,1150.0,1550.87,44.0,False,12,False,1100.0,1.081,,
2022,CNAE 56 - alimentação,Cuiabá,513420,Barman,174,1322.34,1212.0,1250.0,1400.0,1589.21,44.0,False,12,False,1212.0,1.091,11.21,2.47
2023,CNAE 56 - alimentação,Cuiabá,513420,Barman,143,1453.68,1320.0,1320.0,1600.0,1667.59,44.0,False,12,False,1314.0,1.106,9.93,4.93
2024,CNAE 56 - alimentação,Cuiabá,513420,Barman,107,1509.28,1412.0,1412.0,1600.0,1663.7,44.0,False,12,False,1412.0,1.069,3.82,-0.23
2025,CNAE 56 - alimentação,Cuiabá,513420,Barman,114,1672.71,1518.0,1570.0,1672.5,1758.58,44.0,False,12,False,1518.0,1.102,10.83,5.7
2026,CNAE 56 - alimentação,Cuiabá,513420,Barman,56,1791.45,1662.25,1676.0,1851.78,1810.79,44.0,False,7,True,1621.0,1.105,7.1,2.97
2021,CNAE 56 - alimentação,Cuiabá,513435,Atendente de lanchonete,846,1132.49,1100.0,1100.0,1150.0,1478.29,44.0,False,12,False,1100.0,1.03,,
2022,CNAE 56 - alimentação,Cuiabá,513435,Atendente de lanchonete,1145,1255.09,1212.0,1212.0,1270.0,1509.93,44.0,False,12,False,1212.0,1.036,10.83,2.14
2023,CNAE 56 - alimentação,Cuiabá,513435,Atendente de lanchonete,1155,1362.4,1302.0,1320.0,1392.0,1567.11,44.0,False,12,False,1314.0,1.037,8.55,3.79
2024,CNAE 56 - alimentação,Cuiabá,513435,Atendente de lanchonete,1405,1464.13,1412.0,1412.0,1466.51,1614.46,44.0,False,12,False,1412.0,1.037,7.47,3.02
2025,CNAE 56 - alimentação,Cuiabá,513435,Atendente de lanchonete,1690,1585.49,1518.0,1570.0,1600.0,1663.55,44.0,False,12,False,1518.0,1.044,8.29,3.04
2026,CNAE 56 - alimentação,Cuiabá,513435,Atendente de lanchonete,979,1688.95,1621.0,1676.0,1682.5,1709.03,44.0,False,7,True,1621.0,1.042,6.53,2.73
2021,CNAE 56 - alimentação,Cuiabá,513505,Auxiliar nos serviços de alimentação,986,1150.92,1100.0,1100.0,1150.0,1510.8,44.0,False,12,False,1100.0,1.046,,
2022,CNAE 56 - alimentação,Cuiabá,513505,Auxiliar nos serviços de alimentação,1454,1282.19,1212.0,1250.0,1300.0,1540.15,44.0,False,12,False,1212.0,1.058,11.41,1.94
2023,CNAE 56 - alimentação,Cuiabá,513505,Auxiliar nos serviços de alimentação,1618,1374.47,1315.0,1320.0,1387.0,1582.26,44.0,False,12,False,1314.0,1.046,7.2,2.73
2024,CNAE 56 - alimentação,Cuiabá,513505,Auxiliar nos serviços de alimentação,1786,1495.43,1412.0,1412.0,1482.0,1648.05,44.0,False,12,False,1412.0,1.059,8.8,4.16
2025,CNAE 56 - alimentação,Cuiabá,513505,Auxiliar nos serviços de alimentação,1726,1629.18,1518.0,1570.0,1663.0,1710.71,44.0,False,12,False,1518.0,1.073,8.94,3.8
2026,CNAE 56 - alimentação,Cuiabá,513505,Auxiliar nos serviços de alimentação,946,1718.01,1621.0,1676.0,1720.0,1737.35,44.0,False,7,True,1621.0,1.06,5.45,1.56
2021,CNAE 56 - alimentação,Cuiabá,514320,Faxineiro,134,1145.76,1100.0,1100.0,1170.0,1501.7,44.0,False,12,False,1100.0,1.042,,
2022,CNAE 56 - alimentação,Cuiabá,514320,Faxineiro,218,1319.74,1212.0,1250.0,1270.0,1583.73,44.0,False,12,False,1212.0,1.089,15.18,5.46
2023,CNAE 56 - alimentação,Cuiabá,514320,Faxineiro,182,1390.61,1306.5,1320.0,1447.4,1598.43,44.0,False,12,False,1314.0,1.058,5.37,0.93
2024,CNAE 56 - alimentação,Cuiabá,514320,Faxineiro,155,1457.93,1412.0,1412.0,1491.0,1608.16,44.0,False,12,False,1412.0,1.033,4.84,0.61
2025,CNAE 56 - alimentação,Cuiabá,514320,Faxineiro,333,1658.39,1570.0,1632.91,1632.91,1736.78,44.0,False,12,False,1518.0,1.092,13.75,8.0
2026,CNAE 56 - alimentação,Cuiabá,514320,Faxineiro,169,1726.46,1632.91,1676.0,1763.54,1744.16,44.0,False,7,True,1621.0,1.065,4.1,0.42
2021,CNAE 56 - alimentação,Cuiabá,521140,Atendente de lojas e mercados,82,1126.19,1100.0,1100.0,1150.0,1472.91,44.0,False,12,False,1100.0,1.024,,
2022,CNAE 56 - alimentação,Cuiabá,521140,Atendente de lojas e mercados,113,1252.42,1212.0,1212.0,1250.0,1503.79,44.0,False,12,False,1212.0,1.033,11.21,2.1
2023,CNAE 56 - alimentação,Cuiabá,521140,Atendente de lojas e mercados,107,1375.62,1320.0,1350.0,1418.0,1578.41,44.0,False,12,False,1314.0,1.047,9.84,4.96
2024,CNAE 56 - alimentação,Cuiabá,521140,Atendente de lojas e mercados,159,1482.57,1412.0,1482.0,1535.0,1627.92,44.0,False,12,False,1412.0,1.05,7.77,3.14
2025,CNAE 56 - alimentação,Cuiabá,521140,Atendente de lojas e mercados,163,1597.64,1518.0,1570.0,1600.0,1677.16,44.0,False,12,False,1518.0,1.052,7.76,3.02
2026,CNAE 56 - alimentação,Cuiabá,521140,Atendente de lojas e mercados,114,1694.31,1621.0,1676.0,1721.0,1709.45,44.0,False,7,True,1621.0,1.045,6.05,1.93
2021,CNAE 56 - alimentação,Curitiba,141510,Gerente de restaurante,310,2206.0,1600.0,2000.0,2700.0,2890.42,44.0,False,12,False,1100.0,2.005,,
2022,CNAE 56 - alimentação,Curitiba,141510,Gerente de restaurante,492,2393.77,1800.0,2013.0,2700.0,2871.82,44.0,False,12,False,1212.0,1.975,8.51,-0.64
2023,CNAE 56 - alimentação,Curitiba,141510,Gerente de restaurante,526,2493.49,1800.0,2200.0,2974.0,2869.08,44.0,False,12,False,1314.0,1.898,4.17,-0.1
2024,CNAE 56 - alimentação,Curitiba,141510,Gerente de restaurante,533,2738.62,2000.0,2430.0,3235.55,3017.78,44.0,False,12,False,1412.0,1.94,9.83,5.18
2025,CNAE 56 - alimentação,Curitiba,141510,Gerente de restaurante,490,2804.56,2084.0,2500.0,3200.0,2941.19,44.0,False,12,False,1518.0,1.848,2.41,-2.54
2026,CNAE 56 - alimentação,Curitiba,141510,Gerente de restaurante,290,2970.76,2200.0,2548.74,3456.72,2999.2,44.0,False,7,True,1621.0,1.833,5.93,1.97
2021,CNAE 56 - alimentação,Curitiba,141515,Gerente de bar,73,1987.64,1500.0,1700.0,1937.84,2591.86,44.0,False,12,False,1100.0,1.807,,
2022,CNAE 56 - alimentação,Curitiba,141515,Gerente de bar,110,2205.52,1700.0,1960.0,2500.0,2649.82,44.0,False,12,False,1212.0,1.82,10.96,2.24
2023,CNAE 56 - alimentação,Curitiba,141515,Gerente de bar,80,2239.07,1800.0,2000.0,2307.99,2572.39,44.0,False,12,False,1314.0,1.704,1.52,-2.92
2024,CNAE 56 - alimentação,Curitiba,141515,Gerente de bar,100,2368.35,1800.0,2010.0,2725.0,2607.9,44.0,False,12,False,1412.0,1.677,5.77,1.38
2025,CNAE 56 - alimentação,Curitiba,141515,Gerente de bar,79,2602.72,2000.0,2349.26,3000.0,2736.49,44.0,False,12,False,1518.0,1.715,9.9,4.93
2026,CNAE 56 - alimentação,Curitiba,141515,Gerente de bar,43,2633.66,2200.0,2500.0,3000.0,2667.86,44.0,False,7,True,1621.0,1.625,1.19,-2.51
2021,CNAE 56 - alimentação,Curitiba,371410,Recreador,4,1371.68,1324.81,1324.81,1371.68,1752.96,44.0,True,12,False,1100.0,1.247,,
2022,CNAE 56 - alimentação,Curitiba,371410,Recreador,20,1490.25,1400.0,1400.0,1585.0,1780.69,44.0,True,12,False,1212.0,1.23,8.64,1.58
2023,CNAE 56 - alimentação,Curitiba,371410,Recreador,27,1595.3,1585.0,1585.0,1680.0,1834.52,44.0,True,12,False,1314.0,1.214,7.05,3.02
2024,CNAE 56 - alimentação,Curitiba,371410,Recreador,33,1704.73,1680.0,1700.0,1735.0,1877.62,44.0,False,12,False,1412.0,1.207,6.86,2.35
2025,CNAE 56 - alimentação,Curitiba,371410,Recreador,44,1842.05,1760.0,1828.0,1828.0,1929.79,44.0,False,12,False,1518.0,1.213,8.06,2.78
2026,CNAE 56 - alimentação,Curitiba,371410,Recreador,15,1908.27,1828.0,1828.0,1900.0,1937.61,44.0,True,7,True,1621.0,1.177,3.59,0.41
2021,CNAE 56 - alimentação,Curitiba,421125,Operador de caixa,466,1424.64,1362.72,1400.0,1473.0,1858.77,44.0,False,12,False,1100.0,1.295,,
2022,CNAE 56 - alimentação,Curitiba,421125,Operador de caixa,735,1546.38,1400.0,1585.0,1590.0,1860.22,44.0,False,12,False,1212.0,1.276,8.55,0.08
2023,CNAE 56 - alimentação,Curitiba,421125,Operador de caixa,800,1689.01,1585.0,1680.0,1700.0,1941.79,44.0,False,12,False,1314.0,1.285,9.22,4.38
2024,CNAE 56 - alimentação,Curitiba,421125,Operador de caixa,942,1757.18,1680.0,1735.0,1802.0,1936.69,44.0,False,12,False,1412.0,1.244,4.04,-0.26
2025,CNAE 56 - alimentação,Curitiba,421125,Operador de caixa,838,1880.83,1735.85,1828.0,1931.6,1973.48,44.0,False,12,False,1518.0,1.239,7.04,1.9
2026,CNAE 56 - alimentação,Curitiba,421125,Operador de caixa,487,1958.16,1828.0,1900.0,2026.94,1983.68,44.0,False,7,True,1621.0,1.208,4.11,0.52
2021,CNAE 56 - alimentação,Curitiba,513205,Cozinheiro geral,2414,1519.94,1400.0,1450.0,1587.12,1987.76,44.0,False,12,False,1100.0,1.382,,
2022,CNAE 56 - alimentação,Curitiba,513205,Cozinheiro geral,3369,1639.97,1500.0,1585.0,1700.0,1972.25,44.0,False,12,False,1212.0,1.353,7.9,-0.78
2023,CNAE 56 - alimentação,Curitiba,513205,Cozinheiro geral,3429,1788.39,1600.0,1700.0,1820.28,2057.18,44.0,False,12,False,1314.0,1.361,9.05,4.31
2024,CNAE 56 - alimentação,Curitiba,513205,Cozinheiro geral,3381,1904.89,1735.0,1800.0,2000.0,2100.5,44.0,False,12,False,1412.0,1.349,6.51,2.11
2025,CNAE 56 - alimentação,Curitiba,513205,Cozinheiro geral,3404,2064.62,1828.0,1950.0,2200.0,2166.96,44.0,False,12,False,1518.0,1.36,8.39,3.16
2026,CNAE 56 - alimentação,Curitiba,513205,Cozinheiro geral,1952,2172.19,1900.0,2037.14,2309.15,2198.1,44.0,False,7,True,1621.0,1.34,5.21,1.44
2021,CNAE 56 - alimentação,Curitiba,513405,Garçom,1295,1447.26,1388.54,1400.0,1512.27,1883.11,44.0,False,12,False,1100.0,1.316,,
2022,CNAE 56 - alimentação,Curitiba,513405,Garçom,2084,1563.92,1450.0,1585.0,1600.0,1880.27,44.0,False,12,False,1212.0,1.29,8.06,-0.15
2023,CNAE 56 - alimentação,Curitiba,513405,Garçom,2178,1696.54,1590.0,1680.0,1700.0,1951.53,44.0,False,12,False,1314.0,1.291,8.48,3.79
2024,CNAE 56 - alimentação,Curitiba,513405,Garçom,2114,1780.91,1700.0,1735.0,1802.0,1963.29,44.0,False,12,False,1412.0,1.261,4.97,0.6
2025,CNAE 56 - alimentação,Curitiba,513405,Garçom,2226,1882.5,1800.0,1828.0,1950.53,1974.86,44.0,False,12,False,1518.0,1.24,5.7,0.59
2026,CNAE 56 - alimentação,Curitiba,513405,Garçom,1374,1984.03,1828.0,1900.0,2065.0,2006.98,44.0,False,7,True,1621.0,1.224,5.39,1.63
2021,CNAE 56 - alimentação,Curitiba,513415,Cumim,199,1429.21,1400.0,1418.0,1471.94,1855.05,44.0,False,12,False,1100.0,1.299,,
2022,CNAE 56 - alimentação,Curitiba,513415,Cumim,307,1539.67,1471.92,1585.0,1585.0,1849.58,44.0,False,12,False,1212.0,1.27,7.73,-0.29
2023,CNAE 56 - alimentação,Curitiba,513415,Cumim,311,1645.69,1585.0,1680.0,1680.8,1895.13,44.0,False,12,False,1314.0,1.252,6.89,2.46
2024,CNAE 56 - alimentação,Curitiba,513415,Cumim,194,1743.73,1700.0,1735.0,1802.0,1918.97,44.0,False,12,False,1412.0,1.235,5.96,1.26
2025,CNAE 56 - alimentação,Curitiba,513415,Cumim,314,1837.75,1802.0,1828.0,1900.0,1929.04,44.0,False,12,False,1518.0,1.211,5.39,0.52
2026,CNAE 56 - alimentação,Curitiba,513415,Cumim,176,1843.81,1828.0,1896.0,1900.0,1863.25,44.0,False,7,True,1621.0,1.137,0.33,-3.41
2021,CNAE 56 - alimentação,Curitiba,513420,Barman,198,1483.71,1400.0,1400.0,1524.6,1927.73,44.0,False,12,False,1100.0,1.349,,
2022,CNAE 56 - alimentação,Curitiba,513420,Barman,382,1614.77,1512.07,1585.0,1700.0,1938.59,44.0,False,12,False,1212.0,1.332,8.83,0.56
2023,CNAE 56 - alimentação,Curitiba,513420,Barman,413,1736.73,1615.0,1687.0,1800.0,1997.44,44.0,False,12,False,1314.0,1.322,7.55,3.04
2024,CNAE 56 - alimentação,Curitiba,513420,Barman,471,1818.93,1700.0,1800.0,1854.5,2003.41,44.0,False,12,False,1412.0,1.288,4.73,0.3
2025,CNAE 56 - alimentação,Curitiba,513420,Barman,443,1942.53,1803.69,1873.22,2000.0,2039.5,44.0,False,12,False,1518.0,1.28,6.8,1.8
2026,CNAE 56 - alimentação,Curitiba,513420,Barman,245,2024.2,1828.0,1950.0,2100.0,2048.25,44.0,False,7,True,1621.0,1.249,4.2,0.43
2021,CNAE 56 - alimentação,Curitiba,513435,Atendente de lanchonete,3815,1400.34,1355.2,1400.0,1453.93,1820.04,44.0,False,12,False,1100.0,1.273,,
2022,CNAE 56 - alimentação,Curitiba,513435,Atendente de lanchonete,5593,1516.31,1400.0,1585.0,1585.0,1822.44,44.0,False,12,False,1212.0,1.251,8.28,0.13
2023,CNAE 56 - alimentação,Curitiba,513435,Atendente de lanchonete,6331,1663.91,1585.0,1680.0,1700.0,1913.27,44.0,False,12,False,1314.0,1.266,9.73,4.98
2024,CNAE 56 - alimentação,Curitiba,513435,Atendente de lanchonete,6475,1746.26,1680.0,1735.0,1800.0,1924.24,44.0,False,12,False,1412.0,1.237,4.95,0.57
2025,CNAE 56 - alimentação,Curitiba,513435,Atendente de lanchonete,7286,1832.9,1735.0,1828.0,1900.0,1922.82,44.0,False,12,False,1518.0,1.207,4.96,-0.07
2026,CNAE 56 - alimentação,Curitiba,513435,Atendente de lanchonete,4426,1896.8,1828.0,1828.0,1950.0,1919.23,44.0,False,7,True,1621.0,1.17,3.49,-0.19
2021,CNAE 56 - alimentação,Curitiba,513505,Auxiliar nos serviços de alimentação,4621,1381.45,1293.0,1400.0,1445.0,1806.92,44.0,False,12,False,1100.0,1.256,,
2022,CNAE 56 - alimentação,Curitiba,513505,Auxiliar nos serviços de alimentação,6528,1514.42,1400.0,1550.0,1590.0,1819.22,44.0,False,12,False,1212.0,1.25,9.63,0.68
2023,CNAE 56 - alimentação,Curitiba,513505,Auxiliar nos serviços de alimentação,7795,1640.12,1585.0,1680.0,1700.0,1885.86,44.0,False,12,False,1314.0,1.248,8.3,3.66
2024,CNAE 56 - alimentação,Curitiba,513505,Auxiliar nos serviços de alimentação,8881,1731.1,1680.0,1734.74,1800.0,1907.8,44.0,False,12,False,1412.0,1.226,5.55,1.16
2025,CNAE 56 - alimentação,Curitiba,513505,Auxiliar nos serviços de alimentação,8766,1841.37,1735.0,1828.0,1900.0,1932.73,44.0,False,12,False,1518.0,1.213,6.37,1.31
2026,CNAE 56 - alimentação,Curitiba,513505,Auxiliar nos serviços de alimentação,4897,1934.2,1828.0,1890.0,2000.0,1956.41,44.0,False,7,True,1621.0,1.193,5.04,1.23
2021,CNAE 56 - alimentação,Curitiba,514320,Faxineiro,733,1397.47,1324.81,1400.0,1456.0,1822.62,44.0,False,12,False,1100.0,1.27,,
2022,CNAE 56 - alimentação,Curitiba,514320,Faxineiro,1025,1512.29,1400.0,1529.0,1590.0,1816.82,44.0,False,12,False,1212.0,1.248,8.22,-0.32
2023,CNAE 56 - alimentação,Curitiba,514320,Faxineiro,1404,1640.23,1585.0,1600.0,1700.0,1884.76,44.0,False,12,False,1314.0,1.248,8.46,3.74
2024,CNAE 56 - alimentação,Curitiba,514320,Faxineiro,2044,1712.42,1641.0,1680.0,1745.0,1887.8,44.0,False,12,False,1412.0,1.213,4.4,0.16
2025,CNAE 56 - alimentação,Curitiba,514320,Faxineiro,2020,1815.0,1764.0,1764.0,1857.22,1904.91,44.0,False,12,False,1518.0,1.196,5.99,0.91
2026,CNAE 56 - alimentação,Curitiba,514320,Faxineiro,1204,1916.6,1828.0,1900.0,1939.69,1938.92,44.0,False,7,True,1621.0,1.182,5.6,1.79
2021,CNAE 56 - alimentação,Curitiba,521140,Atendente de lojas e mercados,398,1413.43,1355.2,1400.0,1471.95,1852.31,44.0,False,12,False,1100.0,1.285,,
2022,CNAE 56 - alimentação,Curitiba,521140,Atendente de lojas e mercados,544,1523.89,1400.0,1585.0,1585.0,1832.37,44.0,False,12,False,1212.0,1.257,7.82,-1.08
2023,CNAE 56 - alimentação,Curitiba,521140,Atendente de lojas e mercados,586,1638.25,1585.0,1644.5,1680.0,1885.8,44.0,False,12,False,1314.0,1.247,7.5,2.92
2024,CNAE 56 - alimentação,Curitiba,521140,Atendente de lojas e mercados,703,1720.68,1680.0,1735.0,1800.0,1895.94,44.0,False,12,False,1412.0,1.219,5.03,0.54
2025,CNAE 56 - alimentação,Curitiba,521140,Atendente de lojas e mercados,983,1872.17,1764.0,1838.0,1957.69,1962.55,44.0,False,12,False,1518.0,1.233,8.8,3.51
2026,CNAE 56 - alimentação,Curitiba,521140,Atendente de lojas e mercados,607,1944.67,1828.0,1900.0,2058.0,1966.13,44.0,False,7,True,1621.0,1.2,3.87,0.18
2021,CNAE 56 - alimentação,Florianópolis,141510,Gerente de restaurante,111,2113.99,1500.0,1929.0,2500.0,2764.96,44.0,False,12,False,1100.0,1.922,,
2022,CNAE 56 - alimentação,Florianópolis,141510,Gerente de restaurante,127,2193.27,1700.0,2000.0,2525.43,2633.94,44.0,False,12,False,1212.0,1.81,3.75,-4.74
2023,CNAE 56 - alimentação,Florianópolis,141510,Gerente de restaurante,136,2396.53,1796.5,2143.93,2800.0,2748.96,44.0,False,12,False,1314.0,1.824,9.27,4.37
2024,CNAE 56 - alimentação,Florianópolis,141510,Gerente de restaurante,163,2442.9,1844.4,2300.0,2762.91,2686.8,44.0,False,12,False,1412.0,1.73,1.93,-2.26
2025,CNAE 56 - alimentação,Florianópolis,141510,Gerente de restaurante,137,2640.82,2000.0,2500.0,2923.16,2770.66,44.0,False,12,False,1518.0,1.74,8.1,3.12
2026,CNAE 56 - alimentação,Florianópolis,141510,Gerente de restaurante,89,2820.38,2200.0,2678.81,3002.0,2850.93,44.0,False,7,True,1621.0,1.74,6.8,2.9
2021,CNAE 56 - alimentação,Florianópolis,141515,Gerente de bar,29,1846.41,1467.0,1700.0,1930.0,2423.48,44.0,True,12,False,1100.0,1.679,,
2022,CNAE 56 - alimentação,Florianópolis,141515,Gerente de bar,45,2151.95,1621.0,1937.04,2265.0,2600.98,44.0,False,12,False,1212.0,1.776,16.55,7.32
2023,CNAE 56 - alimentação,Florianópolis,141515,Gerente de bar,48,2253.15,1740.0,2020.0,2505.0,2588.09,44.0,False,12,False,1314.0,1.715,4.7,-0.5
2024,CNAE 56 - alimentação,Florianópolis,141515,Gerente de bar,56,2387.92,1844.4,2049.75,2596.81,2629.66,44.0,False,12,False,1412.0,1.691,5.98,1.61
2025,CNAE 56 - alimentação,Florianópolis,141515,Gerente de bar,33,2556.42,1978.0,2400.0,2800.0,2683.66,44.0,False,12,False,1518.0,1.684,7.06,2.05
2026,CNAE 56 - alimentação,Florianópolis,141515,Gerente de bar,18,2381.38,2146.0,2146.0,2475.0,2425.58,44.0,True,7,True,1621.0,1.469,-6.85,-9.62
2021,CNAE 56 - alimentação,Florianópolis,371410,Recreador,5,1436.6,1391.0,1467.0,1467.0,1914.52,44.0,True,12,False,1100.0,1.306,,
2022,CNAE 56 - alimentação,Florianópolis,371410,Recreador,8,1545.66,1467.0,1621.0,1621.0,1853.81,44.0,True,12,False,1212.0,1.275,7.59,-3.17
2023,CNAE 56 - alimentação,Florianópolis,371410,Recreador,15,1706.73,1669.0,1740.0,1740.0,1962.58,44.0,True,12,False,1314.0,1.299,10.42,5.87
2024,CNAE 56 - alimentação,Florianópolis,371410,Recreador,11,1834.84,1844.2,1844.4,1844.4,2011.65,44.0,True,12,False,1412.0,1.299,7.51,2.5
2025,CNAE 56 - alimentação,Florianópolis,371410,Recreador,11,1905.14,1844.4,1844.5,1978.0,1994.31,44.0,True,12,False,1518.0,1.255,3.83,-0.86
2026,CNAE 56 - alimentação,Florianópolis,371410,Recreador,3,2146.0,2146.0,2146.0,2146.0,2158.78,44.0,True,7,True,1621.0,1.324,12.64,8.25
2021,CNAE 56 - alimentação,Florianópolis,421125,Operador de caixa,315,1476.3,1467.0,1467.0,1467.0,1927.39,44.0,False,12,False,1100.0,1.342,,
2022,CNAE 56 - alimentação,Florianópolis,421125,Operador de caixa,370,1617.54,1621.0,1621.0,1621.0,1945.72,44.0,False,12,False,1212.0,1.335,9.57,0.95
2023,CNAE 56 - alimentação,Florianópolis,421125,Operador de caixa,382,1732.91,1740.0,1740.0,1740.0,1990.17,44.0,False,12,False,1314.0,1.319,7.13,2.28
2024,CNAE 56 - alimentação,Florianópolis,421125,Operador de caixa,432,1843.7,1770.0,1844.4,1844.4,2027.52,44.0,False,12,False,1412.0,1.306,6.39,1.88
2025,CNAE 56 - alimentação,Florianópolis,421125,Operador de caixa,390,1976.98,1844.4,1978.0,1978.0,2075.52,44.0,False,12,False,1518.0,1.302,7.23,2.37
2026,CNAE 56 - alimentação,Florianópolis,421125,Operador de caixa,216,2143.6,2106.0,2146.0,2146.0,2171.7,44.0,False,7,True,1621.0,1.322,8.43,4.63
2021,CNAE 56 - alimentação,Florianópolis,513205,Cozinheiro geral,1173,1628.46,1467.0,1467.0,1682.0,2121.64,44.0,False,12,False,1100.0,1.48,,
2022,CNAE 56 - alimentação,Florianópolis,513205,Cozinheiro geral,1410,1710.64,1621.0,1621.0,1792.67,2056.84,44.0,False,12,False,1212.0,1.411,5.05,-3.05
2023,CNAE 56 - alimentação,Florianópolis,513205,Cozinheiro geral,1527,1835.91,1740.0,1740.0,1958.25,2109.28,44.0,False,12,False,1314.0,1.397,7.32,2.55
2024,CNAE 56 - alimentação,Florianópolis,513205,Cozinheiro geral,1594,1927.67,1740.0,1844.4,2000.0,2124.56,44.0,False,12,False,1412.0,1.365,5.0,0.72
2025,CNAE 56 - alimentação,Florianópolis,513205,Cozinheiro geral,1468,2126.67,1895.52,1978.0,2253.91,2231.27,44.0,False,12,False,1518.0,1.401,10.32,5.02
2026,CNAE 56 - alimentação,Florianópolis,513205,Cozinheiro geral,772,2280.44,2146.0,2146.0,2350.0,2306.92,44.0,False,7,True,1621.0,1.407,7.23,3.39
2021,CNAE 56 - alimentação,Florianópolis,513405,Garçom,1379,1488.57,1467.0,1467.0,1467.0,1927.34,44.0,False,12,False,1100.0,1.353,,
2022,CNAE 56 - alimentação,Florianópolis,513405,Garçom,1626,1613.19,1621.0,1621.0,1621.0,1940.28,44.0,False,12,False,1212.0,1.331,8.37,0.67
2023,CNAE 56 - alimentação,Florianópolis,513405,Garçom,1532,1731.84,1695.64,1740.0,1740.0,1986.39,44.0,False,12,False,1314.0,1.318,7.35,2.38
2024,CNAE 56 - alimentação,Florianópolis,513405,Garçom,1536,1851.59,1813.78,1844.4,1844.4,2034.42,44.0,False,12,False,1412.0,1.311,6.91,2.42
2025,CNAE 56 - alimentação,Florianópolis,513405,Garçom,1589,1984.49,1845.0,1978.0,1978.0,2079.43,44.0,False,12,False,1518.0,1.307,7.18,2.21
2026,CNAE 56 - alimentação,Florianópolis,513405,Garçom,684,2137.89,2146.0,2146.0,2146.0,2165.64,44.0,False,7,True,1621.0,1.319,7.73,4.15
2021,CNAE 56 - alimentação,Florianópolis,513415,Cumim,130,1474.15,1467.0,1467.0,1467.0,1903.21,44.0,False,12,False,1100.0,1.34,,
2022,CNAE 56 - alimentação,Florianópolis,513415,Cumim,172,1601.79,1621.0,1621.0,1621.0,1926.08,44.0,False,12,False,1212.0,1.322,8.66,1.2
2023,CNAE 56 - alimentação,Florianópolis,513415,Cumim,165,1714.77,1621.0,1740.0,1740.0,1970.43,44.0,False,12,False,1314.0,1.305,7.05,2.3
2024,CNAE 56 - alimentação,Florianópolis,513415,Cumim,150,1841.96,1836.0,1844.4,1844.4,2023.02,44.0,False,12,False,1412.0,1.305,7.42,2.67
2025,CNAE 56 - alimentação,Florianópolis,513415,Cumim,128,1973.1,1844.85,1978.0,1978.0,2065.72,44.0,False,12,False,1518.0,1.3,7.12,2.11
2026,CNAE 56 - alimentação,Florianópolis,513415,Cumim,61,2107.74,2146.0,2146.0,2146.0,2137.37,44.0,False,7,True,1621.0,1.3,6.82,3.47
2021,CNAE 56 - alimentação,Florianópolis,513420,Barman,189,1502.21,1467.0,1467.0,1500.0,1950.67,44.0,False,12,False,1100.0,1.366,,
2022,CNAE 56 - alimentação,Florianópolis,513420,Barman,302,1627.91,1621.0,1621.0,1621.0,1953.44,44.0,False,12,False,1212.0,1.343,8.37,0.14
2023,CNAE 56 - alimentação,Florianópolis,513420,Barman,292,1761.68,1666.98,1740.0,1762.5,2021.9,44.0,False,12,False,1314.0,1.341,8.22,3.5
2024,CNAE 56 - alimentação,Florianópolis,513420,Barman,240,1883.63,1844.4,1844.4,1844.4,2066.42,44.0,False,12,False,1412.0,1.334,6.92,2.2
2025,CNAE 56 - alimentação,Florianópolis,513420,Barman,256,2045.17,1978.0,1978.0,2000.0,2143.49,44.0,False,12,False,1518.0,1.347,8.58,3.73
2026,CNAE 56 - alimentação,Florianópolis,513420,Barman,122,2197.04,2146.0,2146.0,2200.0,2224.17,44.0,False,7,True,1621.0,1.355,7.43,3.76
2021,CNAE 56 - alimentação,Florianópolis,513435,Atendente de lanchonete,1324,1465.21,1467.0,1467.0,1467.0,1906.22,44.0,False,12,False,1100.0,1.332,,
2022,CNAE 56 - alimentação,Florianópolis,513435,Atendente de lanchonete,1978,1608.83,1621.0,1621.0,1621.0,1933.14,44.0,False,12,False,1212.0,1.327,9.8,1.41
2023,CNAE 56 - alimentação,Florianópolis,513435,Atendente de lanchonete,2236,1714.92,1621.0,1740.0,1740.0,1970.07,44.0,False,12,False,1314.0,1.305,6.59,1.91
2024,CNAE 56 - alimentação,Florianópolis,513435,Atendente de lanchonete,2620,1840.05,1760.57,1844.4,1844.4,2024.64,44.0,False,12,False,1412.0,1.303,7.3,2.77
2025,CNAE 56 - alimentação,Florianópolis,513435,Atendente de lanchonete,2799,1960.11,1844.4,1978.0,1978.0,2056.6,44.0,False,12,False,1518.0,1.291,6.52,1.58
2026,CNAE 56 - alimentação,Florianópolis,513435,Atendente de lanchonete,1581,2132.84,2106.0,2146.0,2146.0,2158.96,44.0,False,7,True,1621.0,1.316,8.81,4.98
2021,CNAE 56 - alimentação,Florianópolis,513505,Auxiliar nos serviços de alimentação,1748,1481.29,1467.0,1467.0,1467.0,1929.12,44.0,False,12,False,1100.0,1.347,,
2022,CNAE 56 - alimentação,Florianópolis,513505,Auxiliar nos serviços de alimentação,2553,1609.17,1621.0,1621.0,1621.0,1935.83,44.0,False,12,False,1212.0,1.328,8.63,0.35
2023,CNAE 56 - alimentação,Florianópolis,513505,Auxiliar nos serviços de alimentação,2721,1730.15,1621.0,1740.0,1740.0,1988.75,44.0,False,12,False,1314.0,1.317,7.52,2.73
2024,CNAE 56 - alimentação,Florianópolis,513505,Auxiliar nos serviços de alimentação,2952,1851.39,1800.0,1844.4,1844.4,2038.88,44.0,False,12,False,1412.0,1.311,7.01,2.52
2025,CNAE 56 - alimentação,Florianópolis,513505,Auxiliar nos serviços de alimentação,2908,1984.85,1845.0,1978.0,1978.0,2081.86,44.0,False,12,False,1518.0,1.308,7.21,2.11
2026,CNAE 56 - alimentação,Florianópolis,513505,Auxiliar nos serviços de alimentação,1662,2158.19,2146.0,2146.0,2146.0,2183.87,44.0,False,7,True,1621.0,1.331,8.73,4.9
2021,CNAE 56 - alimentação,Florianópolis,514320,Faxineiro,307,1457.07,1467.0,1467.0,1467.0,1894.44,44.0,False,12,False,1100.0,1.325,,
2022,CNAE 56 - alimentação,Florianópolis,514320,Faxineiro,373,1554.61,1467.0,1621.0,1621.0,1867.69,44.0,False,12,False,1212.0,1.283,6.69,-1.41
2023,CNAE 56 - alimentação,Florianópolis,514320,Faxineiro,343,1716.54,1621.0,1740.0,1740.0,1971.39,44.0,False,12,False,1314.0,1.306,10.42,5.55
2024,CNAE 56 - alimentação,Florianópolis,514320,Faxineiro,368,1821.15,1740.0,1844.4,1844.4,2004.98,44.0,False,12,False,1412.0,1.29,6.09,1.7
2025,CNAE 56 - alimentação,Florianópolis,514320,Faxineiro,325,1959.54,1844.4,1978.0,1978.0,2055.72,44.0,False,12,False,1518.0,1.291,7.6,2.53
2026,CNAE 56 - alimentação,Florianópolis,514320,Faxineiro,166,2128.42,2146.0,2146.0,2146.0,2152.34,44.0,False,7,True,1621.0,1.313,8.62,4.7
2021,CNAE 56 - alimentação,Florianópolis,521140,Atendente de lojas e mercados,207,1504.48,1467.0,1467.0,1467.0,1960.42,44.0,False,12,False,1100.0,1.368,,
2022,CNAE 56 - alimentação,Florianópolis,521140,Atendente de lojas e mercados,209,1614.0,1500.0,1621.0,1621.0,1939.25,44.0,False,12,False,1212.0,1.332,7.28,-1.08
2023,CNAE 56 - alimentação,Florianópolis,521140,Atendente de lojas e mercados,323,1720.76,1621.0,1740.0,1740.0,1978.36,44.0,False,12,False,1314.0,1.31,6.61,2.02
2024,CNAE 56 - alimentação,Florianópolis,521140,Atendente de lojas e mercados,380,1855.94,1844.0,1844.4,1845.23,2043.09,44.0,False,12,False,1412.0,1.314,7.86,3.27
2025,CNAE 56 - alimentação,Florianópolis,521140,Atendente de lojas e mercados,406,1973.27,1855.55,1978.0,2000.0,2070.99,44.0,False,12,False,1518.0,1.3,6.32,1.37
2026,CNAE 56 - alimentação,Florianópolis,521140,Atendente de lojas e mercados,160,2149.7,2146.0,2146.0,2200.0,2175.39,44.0,False,7,True,1621.0,1.326,8.94,5.04
2021,CNAE 56 - alimentação,Fortaleza,141510,Gerente de restaurante,115,1912.51,1313.0,1600.0,2033.68,2509.69,44.0,False,12,False,1100.0,1.739,,
2022,CNAE 56 - alimentação,Fortaleza,141510,Gerente de restaurante,206,1860.65,1400.0,1710.0,2100.0,2237.3,44.0,False,12,False,1212.0,1.535,-2.71,-10.85
2023,CNAE 56 - alimentação,Fortaleza,141510,Gerente de restaurante,173,2127.8,1542.62,2000.0,2500.0,2440.26,44.0,False,12,False,1314.0,1.619,14.36,9.07
2024,CNAE 56 - alimentação,Fortaleza,141510,Gerente de restaurante,161,2123.55,1500.75,1902.81,2500.0,2336.6,44.0,False,12,False,1412.0,1.504,-0.2,-4.25
2025,CNAE 56 - alimentação,Fortaleza,141510,Gerente de restaurante,169,2208.41,1700.0,2000.0,2500.0,2316.86,44.0,False,12,False,1518.0,1.455,4.0,-0.84
2026,CNAE 56 - alimentação,Fortaleza,141510,Gerente de restaurante,94,2299.54,1678.02,2037.51,2555.65,2321.57,44.0,False,7,True,1621.0,1.419,4.13,0.2
2021,CNAE 56 - alimentação,Fortaleza,141515,Gerente de bar,30,1555.4,1182.7,1500.0,1650.0,2036.44,44.0,False,12,False,1100.0,1.414,,
2022,CNAE 56 - alimentação,Fortaleza,141515,Gerente de bar,30,1748.09,1400.0,1725.26,2000.0,2113.53,44.0,False,12,False,1212.0,1.442,12.39,3.79
2023,CNAE 56 - alimentação,Fortaleza,141515,Gerente de bar,40,1990.07,1475.0,1916.87,2450.0,2283.91,44.0,False,12,False,1314.0,1.515,13.84,8.06
2024,CNAE 56 - alimentação,Fortaleza,141515,Gerente de bar,25,1810.66,1454.36,1700.0,2118.0,1990.46,44.0,True,12,False,1412.0,1.282,-9.02,-12.85
2025,CNAE 56 - alimentação,Fortaleza,141515,Gerente de bar,24,2070.44,1559.74,1750.0,2332.75,2164.98,44.0,True,12,False,1518.0,1.364,14.35,8.77
2026,CNAE 56 - alimentação,Fortaleza,141515,Gerente de bar,16,2121.86,1674.49,2100.0,2431.5,2138.78,44.0,True,7,True,1621.0,1.309,2.48,-1.21
2021,CNAE 56 - alimentação,Fortaleza,371410,Recreador,52,1132.81,1133.0,1133.0,1133.0,1460.5,44.0,False,12,False,1100.0,1.03,,
2022,CNAE 56 - alimentação,Fortaleza,371410,Recreador,68,1247.25,1248.36,1248.36,1248.36,1504.54,44.0,False,12,False,1212.0,1.029,10.1,3.02
2023,CNAE 56 - alimentação,Fortaleza,371410,Recreador,74,1353.47,1341.06,1359.6,1359.6,1556.47,44.0,False,12,False,1314.0,1.03,8.52,3.45
2024,CNAE 56 - alimentação,Fortaleza,371410,Recreador,84,1449.42,1454.36,1454.36,1454.36,1594.28,44.0,False,12,False,1412.0,1.027,7.09,2.43
2025,CNAE 56 - alimentação,Fortaleza,371410,Recreador,84,1568.89,1563.54,1563.54,1563.66,1645.11,44.0,False,12,False,1518.0,1.034,8.24,3.19
2026,CNAE 56 - alimentação,Fortaleza,371410,Recreador,69,1671.93,1674.49,1674.49,1674.49,1692.32,44.0,False,7,True,1621.0,1.031,6.57,2.87
2021,CNAE 56 - alimentação,Fortaleza,421125,Operador de caixa,573,1141.87,1122.0,1133.0,1133.0,1495.2,44.0,False,12,False,1100.0,1.038,,
2022,CNAE 56 - alimentação,Fortaleza,421125,Operador de caixa,786,1251.46,1236.24,1248.36,1248.36,1504.65,44.0,False,12,False,1212.0,1.033,9.6,0.63
2023,CNAE 56 - alimentação,Fortaleza,421125,Operador de caixa,727,1354.94,1341.06,1346.4,1359.6,1557.83,44.0,False,12,False,1314.0,1.031,8.27,3.53
2024,CNAE 56 - alimentação,Fortaleza,421125,Operador de caixa,675,1453.68,1440.24,1454.36,1454.36,1602.27,44.0,False,12,False,1412.0,1.03,7.29,2.85
2025,CNAE 56 - alimentação,Fortaleza,421125,Operador de caixa,772,1571.77,1548.36,1563.54,1563.54,1650.17,44.0,False,12,False,1518.0,1.035,8.12,2.99
2026,CNAE 56 - alimentação,Fortaleza,421125,Operador de caixa,415,1681.03,1658.28,1674.49,1674.49,1700.6,44.0,False,7,True,1621.0,1.037,6.95,3.06
2021,CNAE 56 - alimentação,Fortaleza,513205,Cozinheiro geral,1427,1243.35,1122.0,1133.0,1300.0,1620.18,44.0,False,12,False,1100.0,1.13,,
2022,CNAE 56 - alimentação,Fortaleza,513205,Cozinheiro geral,1626,1339.71,1236.24,1248.36,1350.0,1612.99,44.0,False,12,False,1212.0,1.105,7.75,-0.44
2023,CNAE 56 - alimentação,Fortaleza,513205,Cozinheiro geral,1500,1472.97,1341.06,1359.6,1500.0,1692.86,44.0,False,12,False,1314.0,1.121,9.95,4.95
2024,CNAE 56 - alimentação,Fortaleza,513205,Cozinheiro geral,1469,1579.85,1440.24,1454.36,1606.47,1740.13,44.0,False,12,False,1412.0,1.119,7.26,2.79
2025,CNAE 56 - alimentação,Fortaleza,513205,Cozinheiro geral,1765,1698.33,1548.36,1563.54,1800.0,1781.03,44.0,False,12,False,1518.0,1.119,7.5,2.35
2026,CNAE 56 - alimentação,Fortaleza,513205,Cozinheiro geral,988,1831.48,1658.3,1679.74,1900.0,1851.4,44.0,False,7,True,1621.0,1.13,7.84,3.95
2021,CNAE 56 - alimentação,Fortaleza,513405,Garçom,1311,1137.48,1122.0,1133.0,1133.0,1476.05,44.0,False,12,False,1100.0,1.034,,
2022,CNAE 56 - alimentação,Fortaleza,513405,Garçom,1679,1246.79,1236.24,1248.36,1248.36,1498.96,44.0,False,12,False,1212.0,1.029,9.61,1.55
2023,CNAE 56 - alimentação,Fortaleza,513405,Garçom,1531,1352.37,1341.06,1346.4,1359.6,1554.18,44.0,False,12,False,1314.0,1.029,8.47,3.68
2024,CNAE 56 - alimentação,Fortaleza,513405,Garçom,1553,1456.44,1440.24,1454.36,1454.36,1603.79,44.0,False,12,False,1412.0,1.031,7.7,3.19
2025,CNAE 56 - alimentação,Fortaleza,513405,Garçom,1614,1562.86,1548.36,1563.54,1563.54,1639.53,44.0,False,12,False,1518.0,1.03,7.31,2.23
2026,CNAE 56 - alimentação,Fortaleza,513405,Garçom,890,1669.76,1658.28,1674.49,1674.49,1689.36,44.0,False,7,True,1621.0,1.03,6.84,3.04
2021,CNAE 56 - alimentação,Fortaleza,513415,Cumim,593,1138.41,1133.0,1133.0,1133.0,1472.59,44.0,False,12,False,1100.0,1.035,,
2022,CNAE 56 - alimentação,Fortaleza,513415,Cumim,833,1249.43,1248.36,1248.36,1248.36,1499.77,44.0,False,12,False,1212.0,1.031,9.75,1.85
2023,CNAE 56 - alimentação,Fortaleza,513415,Cumim,737,1354.64,1341.06,1359.6,1359.6,1555.48,44.0,False,12,False,1314.0,1.031,8.42,3.71
2024,CNAE 56 - alimentação,Fortaleza,513415,Cumim,814,1452.72,1454.36,1454.36,1454.36,1599.77,44.0,False,12,False,1412.0,1.029,7.24,2.85
2025,CNAE 56 - alimentação,Fortaleza,513415,Cumim,764,1562.56,1563.54,1563.54,1563.54,1638.05,44.0,False,12,False,1518.0,1.029,7.56,2.39
2026,CNAE 56 - alimentação,Fortaleza,513415,Cumim,420,1670.59,1674.49,1674.49,1674.49,1688.51,44.0,False,7,True,1621.0,1.031,6.91,3.08
2021,CNAE 56 - alimentação,Fortaleza,513420,Barman,349,1188.71,1133.0,1133.0,1148.72,1542.4,44.0,False,12,False,1100.0,1.081,,
2022,CNAE 56 - alimentação,Fortaleza,513420,Barman,524,1288.88,1248.36,1248.36,1248.36,1548.56,44.0,False,12,False,1212.0,1.063,8.43,0.4
2023,CNAE 56 - alimentação,Fortaleza,513420,Barman,488,1397.3,1341.06,1359.6,1359.6,1605.76,44.0,False,12,False,1314.0,1.063,8.41,3.69
2024,CNAE 56 - alimentação,Fortaleza,513420,Barman,471,1494.65,1454.36,1454.36,1454.36,1645.74,44.0,False,12,False,1412.0,1.059,6.97,2.49
2025,CNAE 56 - alimentação,Fortaleza,513420,Barman,476,1586.7,1563.54,1563.54,1563.54,1664.57,44.0,False,12,False,1518.0,1.045,6.16,1.14
2026,CNAE 56 - alimentação,Fortaleza,513420,Barman,292,1715.25,1674.49,1674.49,1674.98,1735.55,44.0,False,7,True,1621.0,1.058,8.1,4.26
2021,CNAE 56 - alimentação,Fortaleza,513435,Atendente de lanchonete,1823,1129.5,1122.0,1122.0,1133.0,1470.88,44.0,False,12,False,1100.0,1.027,,
2022,CNAE 56 - alimentação,Fortaleza,513435,Atendente de lanchonete,2426,1237.93,1236.24,1236.24,1248.36,1488.43,44.0,False,12,False,1212.0,1.021,9.6,1.19
2023,CNAE 56 - alimentação,Fortaleza,513435,Atendente de lanchonete,2695,1340.99,1328.04,1346.4,1359.6,1540.84,44.0,False,12,False,1314.0,1.021,8.33,3.52
2024,CNAE 56 - alimentação,Fortaleza,513435,Atendente de lanchonete,2887,1443.92,1440.24,1440.24,1454.36,1590.42,44.0,False,12,False,1412.0,1.023,7.68,3.22
2025,CNAE 56 - alimentação,Fortaleza,513435,Atendente de lanchonete,3364,1553.86,1548.36,1549.0,1563.54,1629.79,44.0,False,12,False,1518.0,1.024,7.61,2.48
2026,CNAE 56 - alimentação,Fortaleza,513435,Atendente de lanchonete,2295,1658.47,1635.0,1658.28,1674.49,1677.13,44.0,False,7,True,1621.0,1.023,6.73,2.9
2021,CNAE 56 - alimentação,Fortaleza,513505,Auxiliar nos serviços de alimentação,2013,1141.64,1122.0,1133.0,1133.0,1487.76,44.0,False,12,False,1100.0,1.038,,
2022,CNAE 56 - alimentação,Fortaleza,513505,Auxiliar nos serviços de alimentação,3002,1250.01,1236.24,1248.36,1248.36,1502.92,44.0,False,12,False,1212.0,1.031,9.49,1.02
2023,CNAE 56 - alimentação,Fortaleza,513505,Auxiliar nos serviços de alimentação,3133,1356.57,1341.06,1346.4,1359.6,1558.66,44.0,False,12,False,1314.0,1.032,8.52,3.71
2024,CNAE 56 - alimentação,Fortaleza,513505,Auxiliar nos serviços de alimentação,3380,1457.77,1440.24,1454.36,1454.36,1605.78,44.0,False,12,False,1412.0,1.032,7.46,3.02
2025,CNAE 56 - alimentação,Fortaleza,513505,Auxiliar nos serviços de alimentação,3778,1571.53,1548.36,1563.54,1563.54,1647.98,44.0,False,12,False,1518.0,1.035,7.8,2.63
2026,CNAE 56 - alimentação,Fortaleza,513505,Auxiliar nos serviços de alimentação,2255,1674.14,1658.28,1674.49,1674.49,1692.19,44.0,False,7,True,1621.0,1.033,6.53,2.68
2021,CNAE 56 - alimentação,Fortaleza,514320,Faxineiro,567,1127.07,1100.0,1133.0,1133.0,1466.41,44.0,False,12,False,1100.0,1.025,,
2022,CNAE 56 - alimentação,Fortaleza,514320,Faxineiro,792,1239.31,1212.0,1248.36,1248.36,1490.24,44.0,False,12,False,1212.0,1.023,9.96,1.63
2023,CNAE 56 - alimentação,Fortaleza,514320,Faxineiro,817,1346.91,1341.06,1346.4,1359.6,1547.95,44.0,False,12,False,1314.0,1.025,8.68,3.87
2024,CNAE 56 - alimentação,Fortaleza,514320,Faxineiro,946,1448.03,1435.0,1454.36,1454.36,1594.11,44.0,False,12,False,1412.0,1.026,7.51,2.98
2025,CNAE 56 - alimentação,Fortaleza,514320,Faxineiro,881,1557.53,1548.36,1563.54,1563.54,1632.79,44.0,False,12,False,1518.0,1.026,7.56,2.43
2026,CNAE 56 - alimentação,Fortaleza,514320,Faxineiro,567,1665.76,1658.28,1674.49,1674.49,1683.97,44.0,False,7,True,1621.0,1.028,6.95,3.13
2021,CNAE 56 - alimentação,Fortaleza,521140,Atendente de lojas e mercados,262,1139.19,1122.0,1133.0,1133.0,1484.11,44.0,False,12,False,1100.0,1.036,,
2022,CNAE 56 - alimentação,Fortaleza,521140,Atendente de lojas e mercados,369,1244.24,1236.24,1239.12,1248.36,1493.17,44.0,False,12,False,1212.0,1.027,9.22,0.61
2023,CNAE 56 - alimentação,Fortaleza,521140,Atendente de lojas e mercados,397,1343.73,1330.0,1346.4,1359.6,1542.9,44.0,False,12,False,1314.0,1.023,8.0,3.33
2024,CNAE 56 - alimentação,Fortaleza,521140,Atendente de lojas e mercados,443,1454.72,1440.24,1440.5,1454.36,1599.68,44.0,False,12,False,1412.0,1.03,8.26,3.68
2025,CNAE 56 - alimentação,Fortaleza,521140,Atendente de lojas e mercados,413,1551.54,1548.36,1548.36,1563.54,1627.46,44.0,False,12,False,1518.0,1.022,6.66,1.74
2026,CNAE 56 - alimentação,Fortaleza,521140,Atendente de lojas e mercados,276,1647.81,1621.0,1658.28,1674.49,1666.99,44.0,False,7,True,1621.0,1.017,6.2,2.43
2021,CNAE 56 - alimentação,Goiânia,141510,Gerente de restaurante,104,1852.93,1394.42,1650.0,2000.0,2418.2,44.0,False,12,False,1100.0,1.684,,
2022,CNAE 56 - alimentação,Goiânia,141510,Gerente de restaurante,114,2041.73,1500.0,1800.0,2200.0,2455.68,44.0,False,12,False,1212.0,1.685,10.19,1.55
2023,CNAE 56 - alimentação,Goiânia,141510,Gerente de restaurante,129,2194.76,1500.0,2000.0,2500.0,2521.97,44.0,False,12,False,1314.0,1.67,7.5,2.7
2024,CNAE 56 - alimentação,Goiânia,141510,Gerente de restaurante,138,2221.22,1600.0,2064.52,2500.0,2447.45,44.0,False,12,False,1412.0,1.573,1.21,-2.95
2025,CNAE 56 - alimentação,Goiânia,141510,Gerente de restaurante,162,2540.38,2000.0,2374.49,2843.0,2663.45,44.0,False,12,False,1518.0,1.674,14.37,8.83
2026,CNAE 56 - alimentação,Goiânia,141510,Gerente de restaurante,77,2547.52,1924.0,2348.98,2808.0,2574.03,44.0,False,7,True,1621.0,1.572,0.28,-3.36
2021,CNAE 56 - alimentação,Goiânia,141515,Gerente de bar,23,1660.65,1270.0,1500.0,1900.48,2182.0,44.0,True,12,False,1100.0,1.51,,
2022,CNAE 56 - alimentação,Goiânia,141515,Gerente de bar,49,1962.7,1500.0,1700.0,2100.0,2360.49,44.0,False,12,False,1212.0,1.619,18.19,8.18
2023,CNAE 56 - alimentação,Goiânia,141515,Gerente de bar,62,1881.28,1455.0,1675.0,2107.25,2162.38,44.0,False,12,False,1314.0,1.432,-4.15,-8.39
2024,CNAE 56 - alimentação,Goiânia,141515,Gerente de bar,61,2172.65,1550.0,1800.0,2253.25,2393.22,44.0,False,12,False,1412.0,1.539,15.49,10.68
2025,CNAE 56 - alimentação,Goiânia,141515,Gerente de bar,65,2557.22,1635.87,2000.0,2500.0,2686.0,44.0,False,12,False,1518.0,1.685,17.7,12.23
2026,CNAE 56 - alimentação,Goiânia,141515,Gerente de bar,34,2611.45,1762.5,2375.83,2970.5,2644.62,44.0,False,7,True,1621.0,1.611,2.12,-1.54
2021,CNAE 56 - alimentação,Goiânia,371410,Recreador,41,1250.58,1215.0,1270.0,1270.0,1633.61,44.0,False,12,False,1100.0,1.137,,
2022,CNAE 56 - alimentação,Goiânia,371410,Recreador,55,1350.36,1270.0,1362.0,1362.0,1625.71,44.0,False,12,False,1212.0,1.114,7.98,-0.48
2023,CNAE 56 - alimentação,Goiânia,371410,Recreador,64,1447.32,1365.0,1455.0,1455.0,1659.45,44.0,False,12,False,1314.0,1.101,7.18,2.08
2024,CNAE 56 - alimentação,Goiânia,371410,Recreador,94,1518.57,1455.0,1550.0,1550.0,1672.21,44.0,False,12,False,1412.0,1.075,4.92,0.77
2025,CNAE 56 - alimentação,Goiânia,371410,Recreador,122,1636.58,1550.0,1635.87,1635.87,1716.73,44.0,False,12,False,1518.0,1.078,7.77,2.66
2026,CNAE 56 - alimentação,Goiânia,371410,Recreador,92,1742.35,1635.87,1733.0,1750.0,1762.26,44.0,False,7,True,1621.0,1.075,6.46,2.65
2021,CNAE 56 - alimentação,Goiânia,421125,Operador de caixa,385,1291.27,1215.0,1270.0,1270.0,1691.61,44.0,False,12,False,1100.0,1.174,,
2022,CNAE 56 - alimentação,Goiânia,421125,Operador de caixa,510,1385.29,1270.0,1362.0,1399.96,1667.2,44.0,False,12,False,1212.0,1.143,7.28,-1.44
2023,CNAE 56 - alimentação,Goiânia,421125,Operador de caixa,547,1464.72,1362.0,1455.0,1500.0,1683.23,44.0,False,12,False,1314.0,1.115,5.73,0.96
2024,CNAE 56 - alimentação,Goiânia,421125,Operador de caixa,565,1559.72,1455.0,1550.0,1550.0,1718.12,44.0,False,12,False,1412.0,1.105,6.49,2.07
2025,CNAE 56 - alimentação,Goiânia,421125,Operador de caixa,530,1689.7,1576.26,1635.87,1782.0,1774.75,44.0,False,12,False,1518.0,1.113,8.33,3.3
2026,CNAE 56 - alimentação,Goiânia,421125,Operador de caixa,351,1773.35,1635.87,1736.0,1800.0,1794.1,44.0,False,7,True,1621.0,1.094,4.95,1.09
2021,CNAE 56 - alimentação,Goiânia,513205,Cozinheiro geral,1194,1378.99,1215.0,1270.0,1500.0,1805.64,44.0,False,12,False,1100.0,1.254,,
2022,CNAE 56 - alimentação,Goiânia,513205,Cozinheiro geral,1533,1474.12,1330.7,1362.0,1534.62,1772.42,44.0,False,12,False,1212.0,1.216,6.9,-1.84
2023,CNAE 56 - alimentação,Goiânia,513205,Cozinheiro geral,1536,1596.31,1362.0,1455.0,1700.0,1836.19,44.0,False,12,False,1314.0,1.215,8.29,3.6
2024,CNAE 56 - alimentação,Goiânia,513205,Cozinheiro geral,1454,1753.62,1550.0,1599.7,1928.92,1933.09,44.0,False,12,False,1412.0,1.242,9.85,5.28
2025,CNAE 56 - alimentação,Goiânia,513205,Cozinheiro geral,1536,1918.81,1635.87,1800.0,2120.49,2012.86,44.0,False,12,False,1518.0,1.264,9.42,4.13
2026,CNAE 56 - alimentação,Goiânia,513205,Cozinheiro geral,866,2022.16,1684.55,1852.6,2266.72,2046.17,44.0,False,7,True,1621.0,1.247,5.39,1.65
2021,CNAE 56 - alimentação,Goiânia,513405,Garçom,1116,1260.82,1215.0,1270.0,1270.0,1644.86,44.0,False,12,False,1100.0,1.146,,
2022,CNAE 56 - alimentação,Goiânia,513405,Garçom,1333,1343.6,1270.0,1362.0,1362.0,1616.56,44.0,False,12,False,1212.0,1.109,6.57,-1.72
2023,CNAE 56 - alimentação,Goiânia,513405,Garçom,1609,1431.22,1362.0,1455.0,1455.0,1644.99,44.0,False,12,False,1314.0,1.089,6.52,1.76
2024,CNAE 56 - alimentação,Goiânia,513405,Garçom,1598,1538.5,1455.0,1550.0,1550.0,1695.41,44.0,False,12,False,1412.0,1.09,7.5,3.07
2025,CNAE 56 - alimentação,Goiânia,513405,Garçom,1754,1641.74,1550.0,1635.87,1635.87,1722.57,44.0,False,12,False,1518.0,1.082,6.71,1.6
2026,CNAE 56 - alimentação,Goiânia,513405,Garçom,962,1734.44,1635.87,1745.0,1750.0,1753.18,44.0,False,7,True,1621.0,1.07,5.65,1.78
2021,CNAE 56 - alimentação,Goiânia,513415,Cumim,268,1240.56,1215.0,1215.0,1270.0,1617.75,44.0,False,12,False,1100.0,1.128,,
2022,CNAE 56 - alimentação,Goiânia,513415,Cumim,477,1328.66,1270.0,1362.0,1362.0,1596.58,44.0,False,12,False,1212.0,1.096,7.1,-1.31
2023,CNAE 56 - alimentação,Goiânia,513415,Cumim,540,1416.86,1362.0,1455.0,1455.0,1628.77,44.0,False,12,False,1314.0,1.078,6.64,2.02
2024,CNAE 56 - alimentação,Goiânia,513415,Cumim,529,1529.78,1455.0,1550.0,1550.0,1685.79,44.0,False,12,False,1412.0,1.083,7.97,3.5
2025,CNAE 56 - alimentação,Goiânia,513415,Cumim,504,1634.14,1550.0,1635.87,1635.87,1714.86,44.0,False,12,False,1518.0,1.077,6.82,1.72
2026,CNAE 56 - alimentação,Goiânia,513415,Cumim,326,1738.14,1635.87,1750.0,1750.0,1758.38,44.0,False,7,True,1621.0,1.072,6.36,2.54
2021,CNAE 56 - alimentação,Goiânia,513420,Barman,218,1365.68,1215.0,1270.0,1451.25,1774.96,44.0,False,12,False,1100.0,1.242,,
2022,CNAE 56 - alimentação,Goiânia,513420,Barman,338,1439.84,1362.0,1362.0,1500.0,1731.64,44.0,False,12,False,1212.0,1.188,5.43,-2.44
2023,CNAE 56 - alimentação,Goiânia,513420,Barman,397,1513.82,1362.0,1455.0,1555.08,1738.99,44.0,False,12,False,1314.0,1.152,5.14,0.42
2024,CNAE 56 - alimentação,Goiânia,513420,Barman,378,1629.2,1455.0,1550.0,1741.16,1794.76,44.0,False,12,False,1412.0,1.154,7.62,3.21
2025,CNAE 56 - alimentação,Goiânia,513420,Barman,380,1728.41,1550.0,1635.87,1800.0,1815.17,44.0,False,12,False,1518.0,1.139,6.09,1.14
2026,CNAE 56 - alimentação,Goiânia,513420,Barman,260,1809.32,1635.87,1750.0,1800.0,1831.64,44.0,False,7,True,1621.0,1.116,4.68,0.91
2021,CNAE 56 - alimentação,Goiânia,513435,Atendente de lanchonete,2020,1241.52,1215.0,1215.0,1270.0,1617.6,44.0,False,12,False,1100.0,1.129,,
2022,CNAE 56 - alimentação,Goiânia,513435,Atendente de lanchonete,3258,1331.42,1270.0,1362.0,1362.0,1599.71,44.0,False,12,False,1212.0,1.099,7.24,-1.11
2023,CNAE 56 - alimentação,Goiânia,513435,Atendente de lanchonete,3578,1412.69,1362.0,1403.31,1455.0,1623.66,44.0,False,12,False,1314.0,1.075,6.1,1.5
2024,CNAE 56 - alimentação,Goiânia,513435,Atendente de lanchonete,3954,1535.65,1455.0,1550.0,1550.0,1691.36,44.0,False,12,False,1412.0,1.088,8.7,4.17
2025,CNAE 56 - alimentação,Goiânia,513435,Atendente de lanchonete,4406,1641.64,1550.0,1635.87,1635.87,1722.23,44.0,False,12,False,1518.0,1.081,6.9,1.83
2026,CNAE 56 - alimentação,Goiânia,513435,Atendente de lanchonete,2679,1711.78,1635.87,1635.87,1750.0,1732.05,44.0,False,7,True,1621.0,1.056,4.27,0.57
2021,CNAE 56 - alimentação,Goiânia,513505,Auxiliar nos serviços de alimentação,1804,1249.58,1215.0,1215.0,1270.0,1628.72,44.0,False,12,False,1100.0,1.136,,
2022,CNAE 56 - alimentação,Goiânia,513505,Auxiliar nos serviços de alimentação,2977,1347.66,1270.0,1362.0,1362.0,1620.12,44.0,False,12,False,1212.0,1.112,7.85,-0.53
2023,CNAE 56 - alimentação,Goiânia,513505,Auxiliar nos serviços de alimentação,3397,1428.44,1362.0,1442.45,1455.0,1641.36,44.0,False,12,False,1314.0,1.087,5.99,1.31
2024,CNAE 56 - alimentação,Goiânia,513505,Auxiliar nos serviços de alimentação,3583,1556.72,1455.0,1550.0,1550.0,1715.86,44.0,False,12,False,1412.0,1.102,8.98,4.54
2025,CNAE 56 - alimentação,Goiânia,513505,Auxiliar nos serviços de alimentação,3821,1669.06,1550.0,1635.87,1665.0,1750.9,44.0,False,12,False,1518.0,1.1,7.22,2.04
2026,CNAE 56 - alimentação,Goiânia,513505,Auxiliar nos serviços de alimentação,2250,1760.05,1635.87,1750.0,1750.38,1779.59,44.0,False,7,True,1621.0,1.086,5.45,1.64
2021,CNAE 56 - alimentação,Goiânia,514320,Faxineiro,547,1233.29,1190.5,1215.0,1270.0,1610.72,44.0,False,12,False,1100.0,1.121,,
2022,CNAE 56 - alimentação,Goiânia,514320,Faxineiro,767,1327.0,1270.0,1362.0,1362.0,1594.7,44.0,False,12,False,1212.0,1.095,7.6,-0.99
2023,CNAE 56 - alimentação,Goiânia,514320,Faxineiro,958,1401.13,1350.0,1380.0,1455.0,1609.41,44.0,False,12,False,1314.0,1.066,5.59,0.92
2024,CNAE 56 - alimentação,Goiânia,514320,Faxineiro,872,1530.59,1455.0,1500.0,1550.0,1688.93,44.0,False,12,False,1412.0,1.084,9.24,4.94
2025,CNAE 56 - alimentação,Goiânia,514320,Faxineiro,913,1646.25,1550.0,1624.92,1635.87,1726.11,44.0,False,12,False,1518.0,1.084,7.56,2.2
2026,CNAE 56 - alimentação,Goiânia,514320,Faxineiro,520,1741.52,1635.87,1711.0,1750.0,1759.63,44.0,False,7,True,1621.0,1.074,5.79,1.94
2021,CNAE 56 - alimentação,Goiânia,521140,Atendente de lojas e mercados,271,1216.58,1127.31,1215.0,1270.0,1585.71,44.0,False,12,False,1100.0,1.106,,
2022,CNAE 56 - alimentação,Goiânia,521140,Atendente de lojas e mercados,445,1310.14,1255.0,1300.0,1362.0,1573.61,44.0,False,12,False,1212.0,1.081,7.69,-0.76
2023,CNAE 56 - alimentação,Goiânia,521140,Atendente de lojas e mercados,456,1410.22,1362.0,1400.0,1455.0,1620.16,44.0,False,12,False,1314.0,1.073,7.64,2.96
2024,CNAE 56 - alimentação,Goiânia,521140,Atendente de lojas e mercados,632,1526.94,1455.0,1550.0,1550.0,1682.41,44.0,False,12,False,1412.0,1.081,8.28,3.84
2025,CNAE 56 - alimentação,Goiânia,521140,Atendente de lojas e mercados,746,1622.05,1550.0,1635.87,1635.87,1701.36,44.0,False,12,False,1518.0,1.069,6.23,1.13
2026,CNAE 56 - alimentação,Goiânia,521140,Atendente de lojas e mercados,468,1722.11,1635.87,1702.36,1750.0,1741.27,44.0,False,7,True,1621.0,1.062,6.17,2.35
2021,CNAE 56 - alimentação,João Pessoa,141510,Gerente de restaurante,40,1754.55,1215.62,1510.5,1890.5,2305.17,44.0,False,12,False,1100.0,1.595,,
2022,CNAE 56 - alimentação,João Pessoa,141510,Gerente de restaurante,62,1876.38,1400.0,1785.75,2275.0,2264.51,44.0,False,12,False,1212.0,1.548,6.94,-1.76
2023,CNAE 56 - alimentação,João Pessoa,141510,Gerente de restaurante,68,1990.51,1500.0,1975.0,2200.0,2284.49,44.0,False,12,False,1314.0,1.515,6.08,0.88
2024,CNAE 56 - alimentação,João Pessoa,141510,Gerente de restaurante,67,2235.93,1793.0,2000.0,2302.5,2465.88,44.0,False,12,False,1412.0,1.584,12.33,7.94
2025,CNAE 56 - alimentação,João Pessoa,141510,Gerente de restaurante,68,2597.75,1904.53,2320.68,3000.0,2718.9,44.0,False,12,False,1518.0,1.711,16.18,10.26
2026,CNAE 56 - alimentação,João Pessoa,141510,Gerente de restaurante,54,2550.77,2209.28,2431.5,2625.62,2577.9,44.0,False,7,True,1621.0,1.574,-1.81,-5.19
2021,CNAE 56 - alimentação,João Pessoa,141515,Gerente de bar,18,1910.95,1500.0,1850.0,2200.0,2499.23,44.0,True,12,False,1100.0,1.737,,
2022,CNAE 56 - alimentação,João Pessoa,141515,Gerente de bar,16,1962.12,1337.5,1575.0,2000.0,2377.99,44.0,True,12,False,1212.0,1.619,2.68,-4.85
2023,CNAE 56 - alimentação,João Pessoa,141515,Gerente de bar,11,2066.25,1550.0,1738.4,2191.0,2377.58,44.0,True,12,False,1314.0,1.572,5.31,-0.02
2024,CNAE 56 - alimentação,João Pessoa,141515,Gerente de bar,15,2025.88,1550.0,1800.0,2202.5,2226.5,44.0,True,12,False,1412.0,1.435,-1.95,-6.35
2025,CNAE 56 - alimentação,João Pessoa,141515,Gerente de bar,15,2385.1,1986.5,2000.0,2625.0,2489.19,44.0,True,12,False,1518.0,1.571,17.73,11.8
2026,CNAE 56 - alimentação,João Pessoa,141515,Gerente de bar,7,2981.28,2000.0,3000.0,3602.0,3008.39,44.0,True,7,True,1621.0,1.839,25.0,20.86
2021,CNAE 56 - alimentação,João Pessoa,371410,Recreador,14,1100.0,1100.0,1100.0,1100.0,1437.13,44.0,True,12,False,1100.0,1.0,,
2022,CNAE 56 - alimentação,João Pessoa,371410,Recreador,19,1226.92,1212.0,1212.0,1212.0,1474.22,44.0,True,12,False,1212.0,1.012,11.54,2.58
2023,CNAE 56 - alimentação,João Pessoa,371410,Recreador,23,1340.85,1320.0,1320.0,1372.0,1536.96,44.0,True,12,False,1314.0,1.02,9.29,4.26
2024,CNAE 56 - alimentação,João Pessoa,371410,Recreador,34,1448.81,1412.0,1470.0,1470.0,1598.71,44.0,False,12,False,1412.0,1.026,8.05,4.02
2025,CNAE 56 - alimentação,João Pessoa,371410,Recreador,44,1561.92,1563.0,1563.0,1563.0,1632.55,44.0,False,12,False,1518.0,1.029,7.81,2.12
2026,CNAE 56 - alimentação,João Pessoa,371410,Recreador,25,1633.32,1621.0,1621.0,1665.0,1659.14,44.0,True,7,True,1621.0,1.008,4.57,1.63
2021,CNAE 56 - alimentação,João Pessoa,421125,Operador de caixa,204,1120.45,1100.0,1100.0,1100.0,1471.67,44.0,False,12,False,1100.0,1.019,,
2022,CNAE 56 - alimentação,João Pessoa,421125,Operador de caixa,228,1237.15,1212.0,1212.0,1212.0,1490.23,44.0,False,12,False,1212.0,1.021,10.42,1.26
2023,CNAE 56 - alimentação,João Pessoa,421125,Operador de caixa,284,1341.36,1302.0,1320.0,1372.0,1542.76,44.0,False,12,False,1314.0,1.021,8.42,3.52
2024,CNAE 56 - alimentação,João Pessoa,421125,Operador de caixa,291,1456.93,1412.0,1468.0,1470.0,1603.84,44.0,False,12,False,1412.0,1.032,8.62,3.96
2025,CNAE 56 - alimentação,João Pessoa,421125,Operador de caixa,283,1558.15,1518.0,1563.0,1563.0,1635.42,44.0,False,12,False,1518.0,1.026,6.95,1.97
2026,CNAE 56 - alimentação,João Pessoa,421125,Operador de caixa,136,1648.29,1621.0,1621.0,1665.0,1670.92,44.0,False,7,True,1621.0,1.017,5.79,2.17
2021,CNAE 56 - alimentação,João Pessoa,513205,Cozinheiro geral,592,1229.03,1100.0,1100.0,1300.0,1608.98,44.0,False,12,False,1100.0,1.117,,
2022,CNAE 56 - alimentação,João Pessoa,513205,Cozinheiro geral,691,1306.38,1212.0,1212.0,1350.0,1570.97,44.0,False,12,False,1212.0,1.078,6.29,-2.36
2023,CNAE 56 - alimentação,João Pessoa,513205,Cozinheiro geral,736,1417.15,1320.0,1335.0,1451.83,1632.52,44.0,False,12,False,1314.0,1.079,8.48,3.92
2024,CNAE 56 - alimentação,João Pessoa,513205,Cozinheiro geral,706,1537.8,1412.0,1470.0,1586.0,1692.23,44.0,False,12,False,1412.0,1.089,8.51,3.66
2025,CNAE 56 - alimentação,João Pessoa,513205,Cozinheiro geral,728,1668.55,1518.0,1563.0,1712.97,1750.81,44.0,False,12,False,1518.0,1.099,8.5,3.46
2026,CNAE 56 - alimentação,João Pessoa,513205,Cozinheiro geral,427,1788.52,1621.0,1665.0,1864.52,1807.28,44.0,False,7,True,1621.0,1.103,7.19,3.23
2021,CNAE 56 - alimentação,João Pessoa,513405,Garçom,691,1122.75,1100.0,1100.0,1100.0,1463.15,44.0,False,12,False,1100.0,1.021,,
2022,CNAE 56 - alimentação,João Pessoa,513405,Garçom,822,1230.45,1212.0,1212.0,1212.0,1477.46,44.0,False,12,False,1212.0,1.015,9.59,0.98
2023,CNAE 56 - alimentação,João Pessoa,513405,Garçom,907,1337.19,1302.0,1320.0,1352.0,1537.71,44.0,False,12,False,1314.0,1.018,8.67,4.08
2024,CNAE 56 - alimentação,João Pessoa,513405,Garçom,999,1464.65,1412.0,1450.0,1470.0,1611.27,44.0,False,12,False,1412.0,1.037,9.53,4.78
2025,CNAE 56 - alimentação,João Pessoa,513405,Garçom,1097,1555.11,1518.0,1563.0,1563.0,1632.3,44.0,False,12,False,1518.0,1.024,6.18,1.31
2026,CNAE 56 - alimentação,João Pessoa,513405,Garçom,579,1641.47,1621.0,1621.0,1665.0,1661.48,44.0,False,7,True,1621.0,1.013,5.55,1.79
2021,CNAE 56 - alimentação,João Pessoa,513415,Cumim,190,1110.32,1100.0,1100.0,1100.0,1441.19,44.0,False,12,False,1100.0,1.009,,
2022,CNAE 56 - alimentação,João Pessoa,513415,Cumim,294,1223.82,1212.0,1212.0,1212.0,1469.82,44.0,False,12,False,1212.0,1.01,10.22,1.99
2023,CNAE 56 - alimentação,João Pessoa,513415,Cumim,355,1331.48,1320.0,1320.0,1372.0,1527.52,44.0,False,12,False,1314.0,1.013,8.8,3.93
2024,CNAE 56 - alimentação,João Pessoa,513415,Cumim,423,1438.39,1412.0,1412.0,1470.0,1583.47,44.0,False,12,False,1412.0,1.019,8.03,3.66
2025,CNAE 56 - alimentação,João Pessoa,513415,Cumim,471,1546.86,1518.0,1563.0,1563.0,1623.63,44.0,False,12,False,1518.0,1.019,7.54,2.54
2026,CNAE 56 - alimentação,João Pessoa,513415,Cumim,280,1631.79,1621.0,1621.0,1665.0,1653.76,44.0,False,7,True,1621.0,1.007,5.49,1.86
2021,CNAE 56 - alimentação,João Pessoa,513420,Barman,98,1168.16,1100.0,1100.0,1145.75,1514.82,44.0,False,12,False,1100.0,1.062,,
2022,CNAE 56 - alimentação,João Pessoa,513420,Barman,157,1246.57,1212.0,1212.0,1275.0,1498.94,44.0,False,12,False,1212.0,1.029,6.71,-1.05
2023,CNAE 56 - alimentação,João Pessoa,513420,Barman,138,1357.86,1302.0,1320.0,1320.0,1563.59,44.0,False,12,False,1314.0,1.033,8.93,4.31
2024,CNAE 56 - alimentação,João Pessoa,513420,Barman,164,1460.29,1412.0,1470.0,1470.0,1601.88,44.0,False,12,False,1412.0,1.034,7.54,2.45
2025,CNAE 56 - alimentação,João Pessoa,513420,Barman,190,1580.86,1518.0,1563.0,1563.0,1656.35,44.0,False,12,False,1518.0,1.041,8.26,3.4
2026,CNAE 56 - alimentação,João Pessoa,513420,Barman,106,1666.63,1621.0,1621.0,1665.0,1687.52,44.0,False,7,True,1621.0,1.028,5.43,1.88
2021,CNAE 56 - alimentação,João Pessoa,513435,Atendente de lanchonete,618,1111.93,1100.0,1100.0,1100.0,1455.19,44.0,False,12,False,1100.0,1.011,,
2022,CNAE 56 - alimentação,João Pessoa,513435,Atendente de lanchonete,1050,1229.69,1212.0,1212.0,1212.0,1478.49,44.0,False,12,False,1212.0,1.015,10.59,1.6
2023,CNAE 56 - alimentação,João Pessoa,513435,Atendente de lanchonete,1287,1340.67,1302.0,1320.0,1372.0,1540.3,44.0,False,12,False,1314.0,1.02,9.03,4.18
2024,CNAE 56 - alimentação,João Pessoa,513435,Atendente de lanchonete,1476,1444.4,1412.0,1450.0,1470.0,1590.45,44.0,False,12,False,1412.0,1.023,7.74,3.26
2025,CNAE 56 - alimentação,João Pessoa,513435,Atendente de lanchonete,1825,1548.06,1518.0,1536.0,1563.0,1622.91,44.0,False,12,False,1518.0,1.02,7.18,2.04
2026,CNAE 56 - alimentação,João Pessoa,513435,Atendente de lanchonete,1142,1651.65,1621.0,1630.76,1665.0,1670.98,44.0,False,7,True,1621.0,1.019,6.69,2.96
2021,CNAE 56 - alimentação,João Pessoa,513505,Auxiliar nos serviços de alimentação,700,1142.54,1100.0,1100.0,1150.0,1492.58,44.0,False,12,False,1100.0,1.039,,
2022,CNAE 56 - alimentação,João Pessoa,513505,Auxiliar nos serviços de alimentação,1020,1234.85,1212.0,1212.0,1212.44,1485.58,44.0,False,12,False,1212.0,1.019,8.08,-0.47
2023,CNAE 56 - alimentação,João Pessoa,513505,Auxiliar nos serviços de alimentação,1294,1342.45,1317.0,1320.0,1372.0,1542.84,44.0,False,12,False,1314.0,1.022,8.71,3.85
2024,CNAE 56 - alimentação,João Pessoa,513505,Auxiliar nos serviços de alimentação,1599,1450.97,1412.0,1435.12,1470.0,1598.79,44.0,False,12,False,1412.0,1.028,8.08,3.63
2025,CNAE 56 - alimentação,João Pessoa,513505,Auxiliar nos serviços de alimentação,1718,1562.39,1518.0,1563.0,1563.0,1639.39,44.0,False,12,False,1518.0,1.029,7.68,2.54
2026,CNAE 56 - alimentação,João Pessoa,513505,Auxiliar nos serviços de alimentação,1058,1653.01,1621.0,1621.0,1665.0,1672.91,44.0,False,7,True,1621.0,1.02,5.8,2.04
2021,CNAE 56 - alimentação,João Pessoa,514320,Faxineiro,205,1112.05,1100.0,1100.0,1100.0,1447.15,44.0,False,12,False,1100.0,1.011,,
2022,CNAE 56 - alimentação,João Pessoa,514320,Faxineiro,307,1221.09,1212.0,1212.0,1212.0,1467.95,44.0,False,12,False,1212.0,1.007,9.81,1.44
2023,CNAE 56 - alimentação,João Pessoa,514320,Faxineiro,310,1328.25,1302.0,1320.0,1335.0,1525.68,44.0,False,12,False,1314.0,1.011,8.78,3.93
2024,CNAE 56 - alimentação,João Pessoa,514320,Faxineiro,529,1438.03,1412.0,1414.45,1470.0,1582.94,44.0,False,12,False,1412.0,1.018,8.27,3.75
2025,CNAE 56 - alimentação,João Pessoa,514320,Faxineiro,530,1544.69,1518.0,1563.0,1563.0,1622.24,44.0,False,12,False,1518.0,1.018,7.42,2.48
2026,CNAE 56 - alimentação,João Pessoa,514320,Faxineiro,310,1635.28,1621.0,1621.0,1665.0,1654.16,44.0,False,7,True,1621.0,1.009,5.86,1.97
2021,CNAE 56 - alimentação,João Pessoa,521140,Atendente de lojas e mercados,103,1128.46,1100.0,1100.0,1113.54,1475.24,44.0,False,12,False,1100.0,1.026,,
2022,CNAE 56 - alimentação,João Pessoa,521140,Atendente de lojas e mercados,160,1244.73,1212.0,1212.0,1275.0,1496.37,44.0,False,12,False,1212.0,1.027,10.3,1.43
2023,CNAE 56 - alimentação,João Pessoa,521140,Atendente de lojas e mercados,101,1347.26,1320.0,1320.0,1372.0,1545.89,44.0,False,12,False,1314.0,1.025,8.24,3.31
2024,CNAE 56 - alimentação,João Pessoa,521140,Atendente de lojas e mercados,155,1454.75,1412.0,1470.0,1470.0,1602.9,44.0,False,12,False,1412.0,1.03,7.98,3.69
2025,CNAE 56 - alimentação,João Pessoa,521140,Atendente de lojas e mercados,213,1558.61,1518.0,1563.0,1563.0,1633.66,44.0,False,12,False,1518.0,1.027,7.14,1.92
2026,CNAE 56 - alimentação,João Pessoa,521140,Atendente de lojas e mercados,152,1644.3,1621.0,1621.0,1665.0,1665.97,44.0,False,7,True,1621.0,1.014,5.5,1.98
2021,CNAE 56 - alimentação,Macapá,141510,Gerente de restaurante,6,1447.67,1150.0,1325.0,1714.5,1900.77,44.0,True,12,False,1100.0,1.316,,
2022,CNAE 56 - alimentação,Macapá,141510,Gerente de restaurante,1,1212.0,1212.0,1212.0,1212.0,1508.37,44.0,True,12,False,1212.0,1.0,-16.28,-20.64
2023,CNAE 56 - alimentação,Macapá,141510,Gerente de restaurante,11,1872.52,1410.0,1800.0,2236.86,2168.07,44.0,True,12,False,1314.0,1.425,54.5,43.74
2025,CNAE 56 - alimentação,Macapá,141510,Gerente de restaurante,9,2335.26,2194.0,2194.0,2512.04,2433.32,44.0,True,12,False,1518.0,1.538,,
2026,CNAE 56 - alimentação,Macapá,141510,Gerente de restaurante,6,2315.48,1885.72,2171.43,2800.0,2337.76,44.0,True,7,True,1621.0,1.428,-0.85,-3.93
2022,CNAE 56 - alimentação,Macapá,141515,Gerente de bar,1,1212.0,1212.0,1212.0,1212.0,1447.48,44.0,True,12,False,1212.0,1.0,,
2024,CNAE 56 - alimentação,Macapá,141515,Gerente de bar,3,2000.0,1750.0,2000.0,2250.0,2224.74,44.0,True,12,False,1412.0,1.416,,
2025,CNAE 56 - alimentação,Macapá,141515,Gerente de bar,3,1778.67,1518.0,1518.0,1909.0,1899.98,44.0,True,12,False,1518.0,1.172,-11.07,-14.6
2026,CNAE 56 - alimentação,Macapá,141515,Gerente de bar,1,3500.0,3500.0,3500.0,3500.0,3500.0,44.0,True,7,True,1621.0,2.159,96.78,84.21
2021,CNAE 56 - alimentação,Macapá,371410,Recreador,10,1116.8,1100.0,1128.0,1128.0,1461.3,44.0,True,12,False,1100.0,1.015,,
2022,CNAE 56 - alimentação,Macapá,371410,Recreador,6,1224.17,1212.0,1212.0,1212.0,1461.84,44.0,True,12,False,1212.0,1.01,9.61,0.04
2023,CNAE 56 - alimentação,Macapá,371410,Recreador,10,1314.6,1306.5,1320.0,1320.0,1506.4,44.0,True,12,False,1314.0,1.0,7.39,3.05
2024,CNAE 56 - alimentação,Macapá,371410,Recreador,5,1412.0,1412.0,1412.0,1412.0,1558.24,44.0,True,12,False,1412.0,1.0,7.41,3.44
2026,CNAE 56 - alimentação,Macapá,371410,Recreador,1,1621.0,1621.0,1621.0,1621.0,1645.1,44.0,True,7,True,1621.0,1.0,,
2021,CNAE 56 - alimentação,Macapá,421125,Operador de caixa,9,1119.11,1100.0,1100.0,1144.0,1483.73,44.0,True,12,False,1100.0,1.017,,
2022,CNAE 56 - alimentação,Macapá,421125,Operador de caixa,38,1227.48,1212.0,1212.0,1212.0,1472.04,44.0,False,12,False,1212.0,1.013,9.68,-0.79
2023,CNAE 56 - alimentação,Macapá,421125,Operador de caixa,33,1332.41,1302.0,1320.0,1320.0,1525.42,44.0,False,12,False,1314.0,1.014,8.55,3.63
2024,CNAE 56 - alimentação,Macapá,421125,Operador de caixa,36,1423.67,1412.0,1412.0,1412.0,1571.69,44.0,False,12,False,1412.0,1.008,6.85,3.03
2025,CNAE 56 - alimentação,Macapá,421125,Operador de caixa,24,1534.17,1518.0,1518.0,1518.0,1605.15,44.0,True,12,False,1518.0,1.011,7.76,2.13
2026,CNAE 56 - alimentação,Macapá,421125,Operador de caixa,34,1642.3,1621.0,1621.0,1621.0,1657.99,44.0,False,7,True,1621.0,1.013,7.05,3.29
2021,CNAE 56 - alimentação,Macapá,513205,Cozinheiro geral,99,1234.38,1100.0,1195.1,1354.29,1634.21,44.0,False,12,False,1100.0,1.122,,
2022,CNAE 56 - alimentação,Macapá,513205,Cozinheiro geral,73,1317.87,1212.0,1212.0,1400.0,1583.41,44.0,False,12,False,1212.0,1.087,6.76,-3.11
2023,CNAE 56 - alimentação,Macapá,513205,Cozinheiro geral,83,1396.32,1302.0,1320.0,1475.0,1608.07,44.0,False,12,False,1314.0,1.063,5.95,1.56
2024,CNAE 56 - alimentação,Macapá,513205,Cozinheiro geral,116,1511.75,1412.0,1412.0,1563.59,1665.84,44.0,False,12,False,1412.0,1.071,8.27,3.59
2025,CNAE 56 - alimentação,Macapá,513205,Cozinheiro geral,106,1630.19,1518.0,1518.0,1650.0,1713.29,44.0,False,12,False,1518.0,1.074,7.83,2.85
2026,CNAE 56 - alimentação,Macapá,513205,Cozinheiro geral,77,1676.52,1621.0,1621.0,1770.0,1694.2,44.0,False,7,True,1621.0,1.034,2.84,-1.11
2021,CNAE 56 - alimentação,Macapá,513405,Garçom,28,1130.12,1100.0,1100.0,1150.0,1466.98,44.0,True,12,False,1100.0,1.027,,
2022,CNAE 56 - alimentação,Macapá,513405,Garçom,63,1263.56,1212.0,1212.0,1340.5,1526.65,44.0,False,12,False,1212.0,1.043,11.81,4.07
2023,CNAE 56 - alimentação,Macapá,513405,Garçom,97,1322.96,1302.0,1320.0,1320.0,1519.1,44.0,False,12,False,1314.0,1.007,4.7,-0.49
2024,CNAE 56 - alimentação,Macapá,513405,Garçom,122,1415.8,1412.0,1412.0,1412.0,1559.47,44.0,False,12,False,1412.0,1.003,7.02,2.66
2025,CNAE 56 - alimentação,Macapá,513405,Garçom,106,1535.95,1518.0,1518.0,1540.88,1606.7,44.0,False,12,False,1518.0,1.012,8.49,3.03
2026,CNAE 56 - alimentação,Macapá,513405,Garçom,73,1662.87,1621.0,1621.0,1621.0,1679.47,44.0,False,7,True,1621.0,1.026,8.26,4.53
2023,CNAE 56 - alimentação,Macapá,513415,Cumim,8,1335.31,1335.0,1340.5,1340.5,1526.0,44.0,True,12,False,1314.0,1.016,,
2024,CNAE 56 - alimentação,Macapá,513415,Cumim,12,1412.0,1412.0,1412.0,1412.0,1550.24,44.0,True,12,False,1412.0,1.0,5.74,1.59
2025,CNAE 56 - alimentação,Macapá,513415,Cumim,16,1518.0,1518.0,1518.0,1518.0,1591.53,44.0,True,12,False,1518.0,1.0,7.51,2.66
2026,CNAE 56 - alimentação,Macapá,513415,Cumim,20,1624.31,1621.0,1621.0,1621.0,1632.94,44.0,True,7,True,1621.0,1.002,7.0,2.6
2021,CNAE 56 - alimentação,Macapá,513420,Barman,6,1150.67,1100.0,1100.0,1137.5,1473.96,44.0,True,12,False,1100.0,1.046,,
2022,CNAE 56 - alimentação,Macapá,513420,Barman,9,1273.73,1212.0,1212.0,1285.0,1523.29,44.0,True,12,False,1212.0,1.051,10.69,3.35
2023,CNAE 56 - alimentação,Macapá,513420,Barman,19,1339.51,1302.0,1320.0,1330.25,1537.79,44.0,True,12,False,1314.0,1.019,5.16,0.95
2024,CNAE 56 - alimentação,Macapá,513420,Barman,23,1428.26,1412.0,1412.0,1420.0,1579.1,44.0,True,12,False,1412.0,1.012,6.63,2.69
2025,CNAE 56 - alimentação,Macapá,513420,Barman,21,1546.57,1518.0,1518.0,1518.0,1619.32,44.0,True,12,False,1518.0,1.019,8.28,2.55
2026,CNAE 56 - alimentação,Macapá,513420,Barman,21,1656.43,1621.0,1621.0,1621.0,1669.69,44.0,True,7,True,1621.0,1.022,7.1,3.11
2021,CNAE 56 - alimentação,Macapá,513435,Atendente de lanchonete,129,1110.47,1100.0,1100.0,1100.0,1443.66,44.0,False,12,False,1100.0,1.01,,
2022,CNAE 56 - alimentação,Macapá,513435,Atendente de lanchonete,233,1228.44,1212.0,1212.0,1212.0,1474.55,44.0,False,12,False,1212.0,1.014,10.62,2.14
2023,CNAE 56 - alimentação,Macapá,513435,Atendente de lanchonete,215,1309.18,1302.0,1320.0,1320.0,1504.8,44.0,False,12,False,1314.0,0.996,6.57,2.05
2024,CNAE 56 - alimentação,Macapá,513435,Atendente de lanchonete,251,1426.77,1412.0,1412.0,1412.0,1572.4,44.0,False,12,False,1412.0,1.01,8.98,4.49
2025,CNAE 56 - alimentação,Macapá,513435,Atendente de lanchonete,247,1531.28,1518.0,1518.0,1518.0,1603.71,44.0,False,12,False,1518.0,1.009,7.32,1.99
2026,CNAE 56 - alimentação,Macapá,513435,Atendente de lanchonete,192,1628.1,1621.0,1621.0,1621.0,1647.1,44.0,False,7,True,1621.0,1.004,6.32,2.71
2021,CNAE 56 - alimentação,Macapá,513505,Auxiliar nos serviços de alimentação,127,1142.42,1100.0,1100.0,1150.0,1500.29,44.0,False,12,False,1100.0,1.039,,
2022,CNAE 56 - alimentação,Macapá,513505,Auxiliar nos serviços de alimentação,209,1231.84,1212.0,1212.0,1212.0,1479.75,44.0,False,12,False,1212.0,1.016,7.83,-1.37
2023,CNAE 56 - alimentação,Macapá,513505,Auxiliar nos serviços de alimentação,251,1380.97,1307.0,1320.0,1325.5,1587.04,44.0,False,12,False,1314.0,1.051,12.11,7.25
2024,CNAE 56 - alimentação,Macapá,513505,Auxiliar nos serviços de alimentação,352,1429.25,1412.0,1412.0,1447.22,1573.8,44.0,False,12,False,1412.0,1.012,3.5,-0.83
2025,CNAE 56 - alimentação,Macapá,513505,Auxiliar nos serviços de alimentação,373,1554.23,1518.0,1518.0,1580.0,1635.18,44.0,False,12,False,1518.0,1.024,8.74,3.9
2026,CNAE 56 - alimentação,Macapá,513505,Auxiliar nos serviços de alimentação,331,1634.66,1621.0,1621.0,1621.0,1653.03,44.0,False,7,True,1621.0,1.008,5.17,1.09
2021,CNAE 56 - alimentação,Macapá,514320,Faxineiro,30,1110.06,1100.0,1100.0,1100.0,1453.95,44.0,False,12,False,1100.0,1.009,,
2022,CNAE 56 - alimentação,Macapá,514320,Faxineiro,69,1233.41,1212.0,1212.0,1285.0,1482.66,44.0,False,12,False,1212.0,1.018,11.11,1.97
2023,CNAE 56 - alimentação,Macapá,514320,Faxineiro,111,1325.95,1320.0,1320.0,1337.0,1516.49,44.0,False,12,False,1314.0,1.009,7.5,2.28
2024,CNAE 56 - alimentação,Macapá,514320,Faxineiro,145,1426.35,1412.0,1412.0,1447.22,1571.4,44.0,False,12,False,1412.0,1.01,7.57,3.62
2025,CNAE 56 - alimentação,Macapá,514320,Faxineiro,77,1559.63,1518.0,1518.0,1580.0,1644.68,44.0,False,12,False,1518.0,1.027,9.34,4.66
2026,CNAE 56 - alimentação,Macapá,514320,Faxineiro,75,1627.04,1621.0,1621.0,1621.0,1646.52,44.0,False,7,True,1621.0,1.004,4.32,0.11
2021,CNAE 56 - alimentação,Macapá,521140,Atendente de lojas e mercados,22,1102.42,1100.0,1100.0,1100.0,1435.93,44.0,True,12,False,1100.0,1.002,,
2022,CNAE 56 - alimentação,Macapá,521140,Atendente de lojas e mercados,20,1212.0,1212.0,1212.0,1212.0,1448.78,44.0,True,12,False,1212.0,1.0,9.94,0.89
2023,CNAE 56 - alimentação,Macapá,521140,Atendente de lojas e mercados,24,1321.67,1320.0,1320.0,1320.0,1516.67,44.0,True,12,False,1314.0,1.006,9.05,4.69
2024,CNAE 56 - alimentação,Macapá,521140,Atendente de lojas e mercados,61,1425.64,1412.0,1412.0,1412.0,1567.7,44.0,False,12,False,1412.0,1.01,7.87,3.36
2025,CNAE 56 - alimentação,Macapá,521140,Atendente de lojas e mercados,101,1519.8,1518.0,1518.0,1518.0,1596.3,44.0,False,12,False,1518.0,1.001,6.6,1.82
2026,CNAE 56 - alimentação,Macapá,521140,Atendente de lojas e mercados,69,1634.26,1621.0,1621.0,1653.42,1648.23,44.0,False,7,True,1621.0,1.008,7.53,3.25
2021,CNAE 56 - alimentação,Maceió,141510,Gerente de restaurante,31,1690.54,1275.0,1500.0,2000.0,2239.27,44.0,False,12,False,1100.0,1.537,,
2022,CNAE 56 - alimentação,Maceió,141510,Gerente de restaurante,38,1893.22,1500.0,1782.0,2000.0,2269.53,44.0,False,12,False,1212.0,1.562,11.99,1.35
2023,CNAE 56 - alimentação,Maceió,141510,Gerente de restaurante,35,2139.58,1500.0,1800.0,2500.0,2464.47,44.0,False,12,False,1314.0,1.628,13.01,8.59
2024,CNAE 56 - alimentação,Maceió,141510,Gerente de restaurante,45,2137.79,1466.01,1800.0,2547.52,2350.27,44.0,False,12,False,1412.0,1.514,-0.08,-4.63
2025,CNAE 56 - alimentação,Maceió,141510,Gerente de restaurante,63,2467.72,1855.74,2366.84,2900.0,2585.63,44.0,False,12,False,1518.0,1.626,15.43,10.01
2026,CNAE 56 - alimentação,Maceió,141510,Gerente de restaurante,42,2621.29,1925.0,2500.0,3135.0,2651.93,44.0,False,7,True,1621.0,1.617,6.22,2.56
2021,CNAE 56 - alimentação,Maceió,141515,Gerente de bar,8,1643.1,1557.76,1599.33,1673.0,2122.51,44.0,True,12,False,1100.0,1.494,,
2022,CNAE 56 - alimentação,Maceió,141515,Gerente de bar,3,1763.33,1545.0,1590.0,1895.0,2096.54,44.0,True,12,False,1212.0,1.455,7.32,-1.22
2023,CNAE 56 - alimentação,Maceió,141515,Gerente de bar,3,1650.66,1483.0,1500.0,1742.99,1894.35,44.0,True,12,False,1314.0,1.256,-6.39,-9.64
2024,CNAE 56 - alimentação,Maceió,141515,Gerente de bar,6,1931.67,1575.0,1912.0,2231.0,2132.1,44.0,True,12,False,1412.0,1.368,17.02,12.55
2025,CNAE 56 - alimentação,Maceió,141515,Gerente de bar,2,3119.41,2679.12,3119.41,3559.7,3296.1,44.0,True,12,False,1518.0,2.055,61.49,54.59
2026,CNAE 56 - alimentação,Maceió,141515,Gerente de bar,8,2788.0,2018.0,2150.0,3235.0,2833.54,44.0,True,7,True,1621.0,1.72,-10.62,-14.03
2021,CNAE 56 - alimentação,Maceió,371410,Recreador,14,1172.44,1120.0,1120.0,1200.0,1507.23,44.0,True,12,False,1100.0,1.066,,
2022,CNAE 56 - alimentação,Maceió,371410,Recreador,14,1341.78,1249.47,1307.5,1418.0,1623.78,44.0,True,12,False,1212.0,1.107,14.44,7.73
2023,CNAE 56 - alimentação,Maceió,371410,Recreador,24,1411.17,1365.0,1365.0,1365.0,1617.37,44.0,True,12,False,1314.0,1.074,5.17,-0.39
2024,CNAE 56 - alimentação,Maceió,371410,Recreador,20,1543.51,1466.01,1466.01,1659.36,1684.51,44.0,True,12,False,1412.0,1.093,9.38,4.15
2025,CNAE 56 - alimentação,Maceió,371410,Recreador,23,1603.53,1580.0,1580.0,1590.0,1679.97,44.0,True,12,False,1518.0,1.056,3.89,-0.27
2026,CNAE 56 - alimentação,Maceió,371410,Recreador,11,1704.38,1695.0,1695.0,1695.0,1729.74,44.0,True,7,True,1621.0,1.051,6.29,2.96
2021,CNAE 56 - alimentação,Maceió,421125,Operador de caixa,235,1137.3,1100.0,1120.0,1120.0,1483.5,44.0,False,12,False,1100.0,1.034,,
2022,CNAE 56 - alimentação,Maceió,421125,Operador de caixa,257,1263.54,1249.47,1249.47,1250.0,1518.75,44.0,False,12,False,1212.0,1.043,11.1,2.38
2023,CNAE 56 - alimentação,Maceió,421125,Operador de caixa,263,1376.94,1365.0,1365.0,1365.0,1583.42,44.0,False,12,False,1314.0,1.048,8.97,4.26
2024,CNAE 56 - alimentação,Maceió,421125,Operador de caixa,268,1469.86,1466.01,1466.01,1466.01,1616.94,44.0,False,12,False,1412.0,1.041,6.75,2.12
2025,CNAE 56 - alimentação,Maceió,421125,Operador de caixa,277,1585.44,1580.0,1580.0,1580.0,1664.17,44.0,False,12,False,1518.0,1.044,7.86,2.92
2026,CNAE 56 - alimentação,Maceió,421125,Operador de caixa,165,1716.56,1695.0,1695.0,1695.0,1738.83,44.0,False,7,True,1621.0,1.059,8.27,4.49
2021,CNAE 56 - alimentação,Maceió,513205,Cozinheiro geral,491,1186.18,1100.0,1120.0,1200.0,1545.91,44.0,False,12,False,1100.0,1.078,,
2022,CNAE 56 - alimentação,Maceió,513205,Cozinheiro geral,584,1357.77,1249.47,1250.0,1365.0,1634.0,44.0,False,12,False,1212.0,1.12,14.47,5.7
2023,CNAE 56 - alimentação,Maceió,513205,Cozinheiro geral,572,1466.14,1365.0,1365.0,1500.0,1685.25,44.0,False,12,False,1314.0,1.116,7.98,3.14
2024,CNAE 56 - alimentação,Maceió,513205,Cozinheiro geral,509,1585.96,1466.01,1466.01,1625.43,1745.34,44.0,False,12,False,1412.0,1.123,8.17,3.57
2025,CNAE 56 - alimentação,Maceió,513205,Cozinheiro geral,602,1724.75,1580.0,1580.0,1800.0,1808.43,44.0,False,12,False,1518.0,1.136,8.75,3.61
2026,CNAE 56 - alimentação,Maceió,513205,Cozinheiro geral,319,1814.97,1695.0,1695.0,1890.47,1836.78,44.0,False,7,True,1621.0,1.12,5.23,1.57
2021,CNAE 56 - alimentação,Maceió,513405,Garçom,381,1135.71,1100.0,1120.0,1120.0,1473.67,44.0,False,12,False,1100.0,1.032,,
2022,CNAE 56 - alimentação,Maceió,513405,Garçom,550,1273.35,1249.47,1249.47,1250.0,1528.49,44.0,False,12,False,1212.0,1.051,12.12,3.72
2023,CNAE 56 - alimentação,Maceió,513405,Garçom,520,1370.56,1365.0,1365.0,1365.0,1574.88,44.0,False,12,False,1314.0,1.043,7.63,3.04
2024,CNAE 56 - alimentação,Maceió,513405,Garçom,625,1469.5,1466.01,1466.01,1466.01,1615.91,44.0,False,12,False,1412.0,1.041,7.22,2.61
2025,CNAE 56 - alimentação,Maceió,513405,Garçom,717,1599.67,1580.0,1580.0,1580.0,1678.34,44.0,False,12,False,1518.0,1.054,8.86,3.86
2026,CNAE 56 - alimentação,Maceió,513405,Garçom,360,1705.88,1695.0,1695.0,1695.0,1725.95,44.0,False,7,True,1621.0,1.052,6.64,2.84
2021,CNAE 56 - alimentação,Maceió,513415,Cumim,220,1148.96,1120.0,1120.0,1120.0,1484.53,44.0,False,12,False,1100.0,1.045,,
2022,CNAE 56 - alimentação,Maceió,513415,Cumim,279,1288.72,1249.47,1249.47,1347.5,1546.14,44.0,False,12,False,1212.0,1.063,12.16,4.15
2023,CNAE 56 - alimentação,Maceió,513415,Cumim,246,1389.12,1365.0,1365.0,1365.0,1596.42,44.0,False,12,False,1314.0,1.057,7.79,3.25
2024,CNAE 56 - alimentação,Maceió,513415,Cumim,313,1482.01,1466.01,1466.01,1466.01,1628.05,44.0,False,12,False,1412.0,1.05,6.69,1.98
2025,CNAE 56 - alimentação,Maceió,513415,Cumim,363,1586.38,1580.0,1580.0,1580.0,1663.54,44.0,False,12,False,1518.0,1.045,7.04,2.18
2026,CNAE 56 - alimentação,Maceió,513415,Cumim,158,1692.37,1695.0,1695.0,1695.0,1712.96,44.0,False,7,True,1621.0,1.044,6.68,2.97
2021,CNAE 56 - alimentação,Maceió,513420,Barman,95,1130.18,1120.0,1120.0,1120.0,1464.86,44.0,False,12,False,1100.0,1.027,,
2022,CNAE 56 - alimentação,Maceió,513420,Barman,120,1305.73,1249.47,1249.47,1350.0,1567.79,44.0,False,12,False,1212.0,1.077,15.53,7.03
2023,CNAE 56 - alimentação,Maceió,513420,Barman,103,1385.15,1365.0,1365.0,1365.0,1592.44,44.0,False,12,False,1314.0,1.054,6.08,1.57
2024,CNAE 56 - alimentação,Maceió,513420,Barman,133,1469.66,1466.01,1466.01,1466.01,1612.29,44.0,False,12,False,1412.0,1.041,6.1,1.25
2025,CNAE 56 - alimentação,Maceió,513420,Barman,163,1603.75,1580.0,1580.0,1580.0,1681.31,44.0,False,12,False,1518.0,1.056,9.12,4.28
2026,CNAE 56 - alimentação,Maceió,513420,Barman,95,1712.7,1695.0,1695.0,1695.0,1733.8,44.0,False,7,True,1621.0,1.057,6.79,3.12
2021,CNAE 56 - alimentação,Maceió,513435,Atendente de lanchonete,620,1115.67,1100.0,1120.0,1120.0,1450.57,44.0,False,12,False,1100.0,1.014,,
2022,CNAE 56 - alimentação,Maceió,513435,Atendente de lanchonete,908,1254.39,1249.47,1249.47,1249.47,1509.05,44.0,False,12,False,1212.0,1.035,12.43,4.03
2023,CNAE 56 - alimentação,Maceió,513435,Atendente de lanchonete,1223,1364.42,1365.0,1365.0,1365.0,1567.61,44.0,False,12,False,1314.0,1.038,8.77,3.88
2024,CNAE 56 - alimentação,Maceió,513435,Atendente de lanchonete,1177,1461.87,1466.01,1466.01,1466.01,1610.84,44.0,False,12,False,1412.0,1.035,7.14,2.76
2025,CNAE 56 - alimentação,Maceió,513435,Atendente de lanchonete,1550,1574.88,1580.0,1580.0,1580.0,1651.16,44.0,False,12,False,1518.0,1.037,7.73,2.5
2026,CNAE 56 - alimentação,Maceió,513435,Atendente de lanchonete,1008,1681.33,1695.0,1695.0,1695.0,1700.19,44.0,False,7,True,1621.0,1.037,6.76,2.97
2021,CNAE 56 - alimentação,Maceió,513505,Auxiliar nos serviços de alimentação,670,1127.05,1100.0,1120.0,1120.0,1469.68,44.0,False,12,False,1100.0,1.025,,
2022,CNAE 56 - alimentação,Maceió,513505,Auxiliar nos serviços de alimentação,939,1258.95,1249.47,1249.47,1249.47,1512.13,44.0,False,12,False,1212.0,1.039,11.7,2.89
2023,CNAE 56 - alimentação,Maceió,513505,Auxiliar nos serviços de alimentação,1049,1368.77,1365.0,1365.0,1365.0,1574.25,44.0,False,12,False,1314.0,1.042,8.72,4.11
2024,CNAE 56 - alimentação,Maceió,513505,Auxiliar nos serviços de alimentação,1197,1477.61,1466.01,1466.01,1466.01,1625.69,44.0,False,12,False,1412.0,1.046,7.95,3.27
2025,CNAE 56 - alimentação,Maceió,513505,Auxiliar nos serviços de alimentação,1423,1589.55,1580.0,1580.0,1580.0,1667.93,44.0,False,12,False,1518.0,1.047,7.58,2.6
2026,CNAE 56 - alimentação,Maceió,513505,Auxiliar nos serviços de alimentação,839,1699.1,1695.0,1695.0,1695.0,1718.04,44.0,False,7,True,1621.0,1.048,6.89,3.0
2021,CNAE 56 - alimentação,Maceió,514320,Faxineiro,194,1111.65,1100.0,1120.0,1120.0,1456.2,44.0,False,12,False,1100.0,1.011,,
2022,CNAE 56 - alimentação,Maceió,514320,Faxineiro,237,1253.68,1249.47,1249.47,1249.47,1507.9,44.0,False,12,False,1212.0,1.034,12.78,3.55
2023,CNAE 56 - alimentação,Maceió,514320,Faxineiro,342,1363.82,1365.0,1365.0,1365.0,1566.47,44.0,False,12,False,1314.0,1.038,8.79,3.88
2024,CNAE 56 - alimentação,Maceió,514320,Faxineiro,318,1460.97,1466.01,1466.01,1466.01,1608.58,44.0,False,12,False,1412.0,1.035,7.12,2.69
2025,CNAE 56 - alimentação,Maceió,514320,Faxineiro,396,1582.87,1580.0,1580.0,1580.0,1659.95,44.0,False,12,False,1518.0,1.043,8.34,3.19
2026,CNAE 56 - alimentação,Maceió,514320,Faxineiro,210,1686.83,1695.0,1695.0,1695.0,1706.6,44.0,False,7,True,1621.0,1.041,6.57,2.81
2021,CNAE 56 - alimentação,Maceió,521140,Atendente de lojas e mercados,85,1111.13,1100.0,1110.0,1120.0,1442.15,44.0,False,12,False,1100.0,1.01,,
2022,CNAE 56 - alimentação,Maceió,521140,Atendente de lojas e mercados,178,1249.45,1249.47,1249.47,1249.47,1501.46,44.0,False,12,False,1212.0,1.031,12.45,4.11
2023,CNAE 56 - alimentação,Maceió,521140,Atendente de lojas e mercados,182,1355.9,1350.0,1365.0,1365.0,1558.16,44.0,False,12,False,1314.0,1.032,8.52,3.78
2024,CNAE 56 - alimentação,Maceió,521140,Atendente de lojas e mercados,219,1459.97,1450.0,1466.01,1466.01,1605.35,44.0,False,12,False,1412.0,1.034,7.68,3.03
2025,CNAE 56 - alimentação,Maceió,521140,Atendente de lojas e mercados,240,1568.2,1580.0,1580.0,1580.0,1646.26,44.0,False,12,False,1518.0,1.033,7.41,2.55
2026,CNAE 56 - alimentação,Maceió,521140,Atendente de lojas e mercados,158,1685.02,1621.0,1695.0,1695.0,1704.84,44.0,False,7,True,1621.0,1.039,7.45,3.56
2021,CNAE 56 - alimentação,Manaus,141510,Gerente de restaurante,130,2173.51,1600.0,1684.13,2727.88,2836.24,44.0,False,12,False,1100.0,1.976,,
2022,CNAE 56 - alimentação,Manaus,141510,Gerente de restaurante,153,1967.8,1560.0,1684.13,2000.0,2371.36,44.0,False,12,False,1212.0,1.624,-9.46,-16.39
2023,CNAE 56 - alimentação,Manaus,141510,Gerente de restaurante,149,2183.41,1800.0,1810.44,2200.0,2511.71,44.0,False,12,False,1314.0,1.662,10.96,5.92
2024,CNAE 56 - alimentação,Manaus,141510,Gerente de restaurante,140,2363.72,1800.0,1964.0,2703.39,2604.32,44.0,False,12,False,1412.0,1.674,8.26,3.69
2025,CNAE 56 - alimentação,Manaus,141510,Gerente de restaurante,135,2560.63,1887.34,2062.2,2998.0,2690.26,44.0,False,12,False,1518.0,1.687,8.33,3.3
2026,CNAE 56 - alimentação,Manaus,141510,Gerente de restaurante,94,2519.1,1785.0,2062.86,3112.5,2547.02,44.0,False,7,True,1621.0,1.554,-1.62,-5.32
2021,CNAE 56 - alimentação,Manaus,141515,Gerente de bar,7,1505.0,1300.0,1560.0,1737.5,1955.03,44.0,True,12,False,1100.0,1.368,,
2022,CNAE 56 - alimentação,Manaus,141515,Gerente de bar,12,2788.89,1971.5,2400.0,3125.0,3376.42,44.0,True,12,False,1212.0,2.301,85.31,72.7
2023,CNAE 56 - alimentação,Manaus,141515,Gerente de bar,5,1840.99,1456.75,1700.0,2148.2,2108.35,44.0,True,12,False,1314.0,1.401,-33.99,-37.56
2024,CNAE 56 - alimentação,Manaus,141515,Gerente de bar,12,2057.66,1537.9,1738.0,2200.0,2261.36,44.0,True,12,False,1412.0,1.457,11.77,7.26
2025,CNAE 56 - alimentação,Manaus,141515,Gerente de bar,17,2357.13,2000.0,2200.0,2528.97,2477.03,44.0,True,12,False,1518.0,1.553,14.55,9.54
2026,CNAE 56 - alimentação,Manaus,141515,Gerente de bar,10,2414.48,2225.0,2528.97,2528.97,2435.65,44.0,True,7,True,1621.0,1.49,2.43,-1.67
2021,CNAE 56 - alimentação,Manaus,371410,Recreador,20,1117.05,1100.0,1100.0,1113.75,1457.78,44.0,True,12,False,1100.0,1.016,,
2022,CNAE 56 - alimentação,Manaus,371410,Recreador,29,1234.41,1212.0,1212.0,1212.0,1482.62,44.0,True,12,False,1212.0,1.018,10.51,1.7
2023,CNAE 56 - alimentação,Manaus,371410,Recreador,43,1357.85,1310.0,1350.0,1377.0,1559.24,44.0,False,12,False,1314.0,1.033,10.0,5.17
2024,CNAE 56 - alimentação,Manaus,371410,Recreador,47,1439.0,1412.0,1412.0,1483.0,1583.5,44.0,False,12,False,1412.0,1.019,5.98,1.56
2025,CNAE 56 - alimentação,Manaus,371410,Recreador,48,1532.22,1518.0,1518.0,1520.0,1605.81,44.0,False,12,False,1518.0,1.009,6.48,1.41
2026,CNAE 56 - alimentação,Manaus,371410,Recreador,30,1631.63,1621.0,1621.0,1621.0,1646.55,44.0,False,7,True,1621.0,1.007,6.49,2.54
2021,CNAE 56 - alimentação,Manaus,421125,Operador de caixa,264,1146.32,1100.0,1110.0,1170.74,1490.83,44.0,False,12,False,1100.0,1.042,,
2022,CNAE 56 - alimentação,Manaus,421125,Operador de caixa,290,1268.17,1212.0,1217.57,1303.0,1523.51,44.0,False,12,False,1212.0,1.046,10.63,2.19
2023,CNAE 56 - alimentação,Manaus,421125,Operador de caixa,346,1353.56,1309.48,1320.0,1377.0,1556.71,44.0,False,12,False,1314.0,1.03,6.73,2.18
2024,CNAE 56 - alimentação,Manaus,421125,Operador de caixa,355,1449.26,1412.0,1412.0,1483.0,1596.25,44.0,False,12,False,1412.0,1.026,7.07,2.54
2025,CNAE 56 - alimentação,Manaus,421125,Operador de caixa,362,1549.38,1518.0,1518.0,1593.9,1627.01,44.0,False,12,False,1518.0,1.021,6.91,1.93
2026,CNAE 56 - alimentação,Manaus,421125,Operador de caixa,216,1645.17,1621.0,1621.0,1636.08,1662.88,44.0,False,7,True,1621.0,1.015,6.18,2.2
2021,CNAE 56 - alimentação,Manaus,513205,Cozinheiro geral,636,1305.74,1125.0,1299.23,1395.0,1707.88,44.0,False,12,False,1100.0,1.187,,
2022,CNAE 56 - alimentação,Manaus,513205,Cozinheiro geral,722,1404.52,1269.45,1387.0,1491.59,1687.02,44.0,False,12,False,1212.0,1.159,7.57,-1.22
2023,CNAE 56 - alimentação,Manaus,513205,Cozinheiro geral,695,1498.11,1397.0,1472.85,1564.17,1724.48,44.0,False,12,False,1314.0,1.14,6.66,2.22
2024,CNAE 56 - alimentação,Manaus,513205,Cozinheiro geral,725,1603.45,1483.0,1564.17,1656.28,1766.06,44.0,False,12,False,1412.0,1.136,7.03,2.41
2025,CNAE 56 - alimentação,Manaus,513205,Cozinheiro geral,818,1714.75,1550.0,1650.0,1800.0,1798.64,44.0,False,12,False,1518.0,1.13,6.94,1.84
2026,CNAE 56 - alimentação,Manaus,513205,Cozinheiro geral,578,1825.63,1672.5,1822.5,1869.57,1845.07,44.0,False,7,True,1621.0,1.126,6.47,2.58
2021,CNAE 56 - alimentação,Manaus,513405,Garçom,302,1134.7,1100.0,1110.0,1150.0,1467.17,44.0,False,12,False,1100.0,1.032,,
2022,CNAE 56 - alimentação,Manaus,513405,Garçom,568,1258.11,1212.0,1212.0,1303.0,1515.52,44.0,False,12,False,1212.0,1.038,10.88,3.3
2023,CNAE 56 - alimentação,Manaus,513405,Garçom,552,1356.29,1303.02,1320.0,1377.0,1558.05,44.0,False,12,False,1314.0,1.032,7.8,2.81
2024,CNAE 56 - alimentação,Manaus,513405,Garçom,556,1442.77,1412.0,1412.0,1483.0,1590.55,44.0,False,12,False,1412.0,1.022,6.38,2.09
2025,CNAE 56 - alimentação,Manaus,513405,Garçom,524,1551.93,1518.0,1518.0,1593.9,1626.64,44.0,False,12,False,1518.0,1.022,7.57,2.27
2026,CNAE 56 - alimentação,Manaus,513405,Garçom,395,1640.98,1621.0,1621.0,1621.0,1660.67,44.0,False,7,True,1621.0,1.012,5.74,2.09
2021,CNAE 56 - alimentação,Manaus,513415,Cumim,156,1110.04,1100.0,1110.0,1125.0,1435.21,44.0,False,12,False,1100.0,1.009,,
2022,CNAE 56 - alimentação,Manaus,513415,Cumim,233,1239.42,1212.0,1212.0,1303.0,1488.88,44.0,False,12,False,1212.0,1.023,11.66,3.74
2023,CNAE 56 - alimentação,Manaus,513415,Cumim,277,1349.85,1320.0,1377.0,1377.0,1546.72,44.0,False,12,False,1314.0,1.027,8.91,3.88
2024,CNAE 56 - alimentação,Manaus,513415,Cumim,344,1447.53,1412.0,1412.0,1483.0,1591.12,44.0,False,12,False,1412.0,1.025,7.24,2.87
2025,CNAE 56 - alimentação,Manaus,513415,Cumim,367,1540.5,1518.0,1518.0,1593.0,1616.59,44.0,False,12,False,1518.0,1.015,6.42,1.6
2026,CNAE 56 - alimentação,Manaus,513415,Cumim,242,1625.91,1621.0,1621.0,1621.0,1645.33,44.0,False,7,True,1621.0,1.003,5.54,1.78
2021,CNAE 56 - alimentação,Manaus,513420,Barman,78,1138.61,1100.0,1110.0,1125.0,1475.93,44.0,False,12,False,1100.0,1.035,,
2022,CNAE 56 - alimentação,Manaus,513420,Barman,134,1297.71,1212.0,1212.0,1303.0,1560.64,44.0,False,12,False,1212.0,1.071,13.97,5.74
2023,CNAE 56 - alimentação,Manaus,513420,Barman,148,1376.13,1320.0,1361.21,1380.0,1579.18,44.0,False,12,False,1314.0,1.047,6.04,1.19
2024,CNAE 56 - alimentação,Manaus,513420,Barman,190,1465.18,1412.0,1420.0,1489.6,1613.79,44.0,False,12,False,1412.0,1.038,6.47,2.19
2025,CNAE 56 - alimentação,Manaus,513420,Barman,190,1579.92,1518.0,1520.0,1593.9,1654.98,44.0,False,12,False,1518.0,1.041,7.83,2.55
2026,CNAE 56 - alimentação,Manaus,513420,Barman,117,1660.06,1621.0,1621.0,1621.0,1677.32,44.0,False,7,True,1621.0,1.024,5.07,1.35
2021,CNAE 56 - alimentação,Manaus,513435,Atendente de lanchonete,1262,1131.55,1110.0,1110.0,1131.27,1469.44,44.0,False,12,False,1100.0,1.029,,
2022,CNAE 56 - alimentação,Manaus,513435,Atendente de lanchonete,1737,1249.07,1212.0,1212.0,1303.0,1499.97,44.0,False,12,False,1212.0,1.031,10.39,2.08
2023,CNAE 56 - alimentação,Manaus,513435,Atendente de lanchonete,1812,1354.67,1303.0,1320.0,1377.0,1556.41,44.0,False,12,False,1314.0,1.031,8.45,3.76
2024,CNAE 56 - alimentação,Manaus,513435,Atendente de lanchonete,2331,1447.03,1412.0,1412.0,1483.0,1590.52,44.0,False,12,False,1412.0,1.025,6.82,2.19
2025,CNAE 56 - alimentação,Manaus,513435,Atendente de lanchonete,2674,1554.4,1518.0,1518.0,1593.9,1630.08,44.0,False,12,False,1518.0,1.024,7.42,2.49
2026,CNAE 56 - alimentação,Manaus,513435,Atendente de lanchonete,1700,1634.82,1621.0,1621.0,1621.0,1652.82,44.0,False,7,True,1621.0,1.009,5.17,1.4
2021,CNAE 56 - alimentação,Manaus,513505,Auxiliar nos serviços de alimentação,1425,1180.51,1110.0,1179.51,1228.52,1543.41,44.0,False,12,False,1100.0,1.073,,
2022,CNAE 56 - alimentação,Manaus,513505,Auxiliar nos serviços de alimentação,2207,1278.81,1212.0,1239.41,1331.18,1536.27,44.0,False,12,False,1212.0,1.055,8.33,-0.46
2023,CNAE 56 - alimentação,Manaus,513505,Auxiliar nos serviços de alimentação,2520,1379.52,1320.0,1377.0,1400.0,1585.7,44.0,False,12,False,1314.0,1.05,7.88,3.22
2024,CNAE 56 - alimentação,Manaus,513505,Auxiliar nos serviços de alimentação,3222,1491.9,1412.0,1483.0,1560.0,1643.84,44.0,False,12,False,1412.0,1.057,8.15,3.67
2025,CNAE 56 - alimentação,Manaus,513505,Auxiliar nos serviços de alimentação,3280,1601.08,1518.0,1593.9,1632.86,1678.73,44.0,False,12,False,1518.0,1.055,7.32,2.12
2026,CNAE 56 - alimentação,Manaus,513505,Auxiliar nos serviços de alimentação,2008,1688.25,1621.0,1648.5,1731.09,1706.83,44.0,False,7,True,1621.0,1.041,5.44,1.67
2021,CNAE 56 - alimentação,Manaus,514320,Faxineiro,725,1171.56,1113.0,1150.53,1208.06,1527.52,44.0,False,12,False,1100.0,1.065,,
2022,CNAE 56 - alimentação,Manaus,514320,Faxineiro,1071,1293.61,1236.81,1303.0,1331.13,1550.78,44.0,False,12,False,1212.0,1.067,10.42,1.52
2023,CNAE 56 - alimentação,Manaus,514320,Faxineiro,1307,1393.77,1358.0,1387.0,1470.22,1603.13,44.0,False,12,False,1314.0,1.061,7.74,3.38
2024,CNAE 56 - alimentação,Manaus,514320,Faxineiro,1780,1500.61,1450.0,1471.0,1573.14,1651.11,44.0,False,12,False,1412.0,1.063,7.67,2.99
2025,CNAE 56 - alimentação,Manaus,514320,Faxineiro,2111,1616.01,1573.14,1573.14,1698.99,1695.62,44.0,False,12,False,1518.0,1.065,7.69,2.7
2026,CNAE 56 - alimentação,Manaus,514320,Faxineiro,1259,1714.84,1655.25,1698.99,1698.99,1734.05,44.0,False,7,True,1621.0,1.058,6.12,2.27
2021,CNAE 56 - alimentação,Manaus,521140,Atendente de lojas e mercados,228,1122.23,1100.0,1100.0,1125.0,1459.12,44.0,False,12,False,1100.0,1.02,,
2022,CNAE 56 - alimentação,Manaus,521140,Atendente de lojas e mercados,305,1241.98,1212.0,1212.0,1273.85,1494.68,44.0,False,12,False,1212.0,1.025,10.67,2.44
2023,CNAE 56 - alimentação,Manaus,521140,Atendente de lojas e mercados,369,1343.7,1310.0,1320.0,1377.0,1544.31,44.0,False,12,False,1314.0,1.023,8.19,3.32
2024,CNAE 56 - alimentação,Manaus,521140,Atendente de lojas e mercados,406,1444.37,1412.0,1412.0,1483.0,1589.82,44.0,False,12,False,1412.0,1.023,7.49,2.95
2025,CNAE 56 - alimentação,Manaus,521140,Atendente de lojas e mercados,536,1542.28,1518.0,1518.0,1593.22,1618.4,44.0,False,12,False,1518.0,1.016,6.78,1.8
2026,CNAE 56 - alimentação,Manaus,521140,Atendente de lojas e mercados,340,1628.94,1621.0,1621.0,1621.0,1649.45,44.0,False,7,True,1621.0,1.005,5.62,1.92
2021,CNAE 56 - alimentação,Natal,141510,Gerente de restaurante,36,1662.42,1287.5,1500.0,2000.0,2182.48,44.0,False,12,False,1100.0,1.511,,
2022,CNAE 56 - alimentação,Natal,141510,Gerente de restaurante,46,2068.46,1555.0,1955.5,2418.5,2482.75,44.0,False,12,False,1212.0,1.707,24.42,13.76
2023,CNAE 56 - alimentação,Natal,141510,Gerente de restaurante,27,2034.7,1500.0,1600.0,2160.0,2339.44,44.0,True,12,False,1314.0,1.548,-1.63,-5.77
2024,CNAE 56 - alimentação,Natal,141510,Gerente de restaurante,32,2053.07,1500.0,2000.0,2465.24,2265.65,44.0,False,12,False,1412.0,1.454,0.9,-3.15
2025,CNAE 56 - alimentação,Natal,141510,Gerente de restaurante,33,2278.04,1615.0,2000.0,2600.0,2385.64,44.0,False,12,False,1518.0,1.501,10.96,5.3
2026,CNAE 56 - alimentação,Natal,141510,Gerente de restaurante,24,2539.83,1903.88,2349.5,2747.5,2577.66,44.0,True,7,True,1621.0,1.567,11.49,8.05
2021,CNAE 56 - alimentação,Natal,141515,Gerente de bar,7,1545.97,1300.0,1500.0,1750.0,2038.99,44.0,True,12,False,1100.0,1.405,,
2022,CNAE 56 - alimentação,Natal,141515,Gerente de bar,4,2430.5,1805.5,2500.0,3125.0,2928.39,44.0,True,12,False,1212.0,2.005,57.22,43.62
2023,CNAE 56 - alimentação,Natal,141515,Gerente de bar,11,1728.82,1415.0,1500.0,2056.0,1988.66,44.0,True,12,False,1314.0,1.316,-28.87,-32.09
2024,CNAE 56 - alimentação,Natal,141515,Gerente de bar,12,2554.42,1725.0,2000.0,3115.0,2813.85,44.0,True,12,False,1412.0,1.809,47.76,41.49
2025,CNAE 56 - alimentação,Natal,141515,Gerente de bar,9,2056.0,1690.0,2000.0,2422.0,2164.19,44.0,True,12,False,1518.0,1.354,-19.51,-23.09
2026,CNAE 56 - alimentação,Natal,141515,Gerente de bar,4,1910.82,1800.0,1800.0,1910.82,1948.44,44.0,True,7,True,1621.0,1.179,-7.06,-9.97
2021,CNAE 56 - alimentação,Natal,371410,Recreador,3,1194.19,1176.78,1176.78,1202.89,1537.19,44.0,True,12,False,1100.0,1.086,,
2022,CNAE 56 - alimentação,Natal,371410,Recreador,10,1274.66,1216.47,1229.88,1353.98,1527.75,44.0,True,12,False,1212.0,1.052,6.74,-0.61
2023,CNAE 56 - alimentação,Natal,371410,Recreador,6,1315.99,1310.96,1311.48,1325.5,1520.8,44.0,True,12,False,1314.0,1.002,3.24,-0.45
2024,CNAE 56 - alimentação,Natal,371410,Recreador,23,1395.45,1422.0,1430.0,1430.0,1527.11,44.0,True,12,False,1412.0,0.988,6.04,0.41
2025,CNAE 56 - alimentação,Natal,371410,Recreador,30,1579.17,1533.0,1595.0,1610.0,1654.09,44.0,False,12,False,1518.0,1.04,13.17,8.32
2026,CNAE 56 - alimentação,Natal,371410,Recreador,9,1678.11,1653.0,1695.0,1695.0,1685.26,44.0,True,7,True,1621.0,1.035,6.27,1.88
2021,CNAE 56 - alimentação,Natal,421125,Operador de caixa,176,1130.95,1100.0,1121.82,1121.82,1481.06,44.0,False,12,False,1100.0,1.028,,
2022,CNAE 56 - alimentação,Natal,421125,Operador de caixa,205,1244.15,1220.0,1229.88,1242.97,1493.77,44.0,False,12,False,1212.0,1.027,10.01,0.86
2023,CNAE 56 - alimentação,Natal,421125,Operador de caixa,175,1341.05,1312.0,1329.0,1350.0,1540.38,44.0,False,12,False,1314.0,1.021,7.79,3.12
2024,CNAE 56 - alimentação,Natal,421125,Operador de caixa,232,1435.13,1422.0,1429.22,1445.0,1579.81,44.0,False,12,False,1412.0,1.016,7.02,2.56
2025,CNAE 56 - alimentação,Natal,421125,Operador de caixa,159,1568.15,1528.65,1580.0,1615.0,1647.98,44.0,False,12,False,1518.0,1.033,9.27,4.32
2026,CNAE 56 - alimentação,Natal,421125,Operador de caixa,115,1665.48,1629.5,1653.0,1715.0,1683.46,44.0,False,7,True,1621.0,1.027,6.21,2.15
2021,CNAE 56 - alimentação,Natal,513205,Cozinheiro geral,423,1218.14,1100.0,1121.82,1300.0,1598.68,44.0,False,12,False,1100.0,1.107,,
2022,CNAE 56 - alimentação,Natal,513205,Cozinheiro geral,538,1309.32,1222.0,1242.97,1354.35,1572.98,44.0,False,12,False,1212.0,1.08,7.49,-1.61
2023,CNAE 56 - alimentação,Natal,513205,Cozinheiro geral,468,1419.39,1320.0,1335.0,1434.66,1631.76,44.0,False,12,False,1314.0,1.08,8.41,3.74
2024,CNAE 56 - alimentação,Natal,513205,Cozinheiro geral,515,1537.9,1422.0,1445.0,1588.31,1693.68,44.0,False,12,False,1412.0,1.089,8.35,3.79
2025,CNAE 56 - alimentação,Natal,513205,Cozinheiro geral,519,1694.6,1540.0,1615.0,1797.76,1776.48,44.0,False,12,False,1518.0,1.116,10.19,4.89
2026,CNAE 56 - alimentação,Natal,513205,Cozinheiro geral,301,1819.59,1639.0,1695.0,2000.0,1839.9,44.0,False,7,True,1621.0,1.123,7.38,3.57
2021,CNAE 56 - alimentação,Natal,513405,Garçom,402,1135.61,1100.0,1121.82,1121.82,1481.91,44.0,False,12,False,1100.0,1.032,,
2022,CNAE 56 - alimentação,Natal,513405,Garçom,500,1239.97,1212.0,1242.97,1242.97,1488.5,44.0,False,12,False,1212.0,1.023,9.19,0.44
2023,CNAE 56 - alimentação,Natal,513405,Garçom,483,1341.7,1320.0,1330.0,1354.35,1541.72,44.0,False,12,False,1314.0,1.021,8.2,3.58
2024,CNAE 56 - alimentação,Natal,513405,Garçom,582,1437.25,1412.0,1438.0,1445.0,1581.09,44.0,False,12,False,1412.0,1.018,7.12,2.55
2025,CNAE 56 - alimentação,Natal,513405,Garçom,638,1572.96,1518.0,1595.0,1615.0,1649.83,44.0,False,12,False,1518.0,1.036,9.44,4.35
2026,CNAE 56 - alimentação,Natal,513405,Garçom,320,1665.8,1621.0,1653.0,1715.0,1685.34,44.0,False,7,True,1621.0,1.028,5.9,2.15
2021,CNAE 56 - alimentação,Natal,513415,Cumim,187,1118.18,1105.0,1110.0,1121.82,1448.59,44.0,False,12,False,1100.0,1.017,,
2022,CNAE 56 - alimentação,Natal,513415,Cumim,261,1238.4,1222.0,1229.88,1230.0,1487.52,44.0,False,12,False,1212.0,1.022,10.75,2.69
2023,CNAE 56 - alimentação,Natal,513415,Cumim,212,1329.81,1320.0,1330.0,1335.0,1526.41,44.0,False,12,False,1314.0,1.012,7.38,2.61
2024,CNAE 56 - alimentação,Natal,513415,Cumim,304,1426.58,1422.0,1430.0,1430.0,1570.7,44.0,False,12,False,1412.0,1.01,7.28,2.9
2025,CNAE 56 - alimentação,Natal,513415,Cumim,313,1568.9,1533.0,1595.0,1595.0,1648.3,44.0,False,12,False,1518.0,1.034,9.98,4.94
2026,CNAE 56 - alimentação,Natal,513415,Cumim,155,1666.15,1639.0,1653.0,1695.0,1684.54,44.0,False,7,True,1621.0,1.028,6.2,2.2
2021,CNAE 56 - alimentação,Natal,513420,Barman,95,1165.3,1121.82,1121.82,1135.91,1508.87,44.0,False,12,False,1100.0,1.059,,
2022,CNAE 56 - alimentação,Natal,513420,Barman,117,1264.52,1222.0,1242.94,1242.97,1523.97,44.0,False,12,False,1212.0,1.043,8.51,1.0
2023,CNAE 56 - alimentação,Natal,513420,Barman,118,1364.63,1312.0,1330.0,1354.35,1570.16,44.0,False,12,False,1314.0,1.039,7.92,3.03
2024,CNAE 56 - alimentação,Natal,513420,Barman,141,1446.46,1422.0,1445.0,1445.0,1591.22,44.0,False,12,False,1412.0,1.024,6.0,1.34
2025,CNAE 56 - alimentação,Natal,513420,Barman,148,1600.35,1538.0,1615.0,1615.0,1681.22,44.0,False,12,False,1518.0,1.054,10.64,5.66
2026,CNAE 56 - alimentação,Natal,513420,Barman,81,1681.77,1653.0,1695.0,1715.0,1703.14,44.0,False,7,True,1621.0,1.037,5.09,1.3
2021,CNAE 56 - alimentação,Natal,513435,Atendente de lanchonete,554,1117.48,1100.0,1110.0,1121.82,1457.81,44.0,False,12,False,1100.0,1.016,,
2022,CNAE 56 - alimentação,Natal,513435,Atendente de lanchonete,825,1225.48,1212.0,1229.88,1229.88,1471.66,44.0,False,12,False,1212.0,1.011,9.66,0.95
2023,CNAE 56 - alimentação,Natal,513435,Atendente de lanchonete,817,1325.82,1312.0,1320.96,1335.0,1523.3,44.0,False,12,False,1314.0,1.009,8.19,3.51
2024,CNAE 56 - alimentação,Natal,513435,Atendente de lanchonete,934,1426.03,1412.0,1422.0,1430.0,1570.05,44.0,False,12,False,1412.0,1.01,7.56,3.07
2025,CNAE 56 - alimentação,Natal,513435,Atendente de lanchonete,883,1561.67,1518.0,1565.0,1595.0,1637.83,44.0,False,12,False,1518.0,1.029,9.51,4.32
2026,CNAE 56 - alimentação,Natal,513435,Atendente de lanchonete,642,1648.77,1621.0,1639.0,1695.0,1667.06,44.0,False,7,True,1621.0,1.017,5.58,1.78
2021,CNAE 56 - alimentação,Natal,513505,Auxiliar nos serviços de alimentação,830,1134.43,1100.0,1110.0,1176.58,1477.48,44.0,False,12,False,1100.0,1.031,,
2022,CNAE 56 - alimentação,Natal,513505,Auxiliar nos serviços de alimentação,1082,1236.44,1212.0,1229.88,1229.88,1486.47,44.0,False,12,False,1212.0,1.02,8.99,0.61
2023,CNAE 56 - alimentação,Natal,513505,Auxiliar nos serviços de alimentação,1020,1335.27,1312.0,1330.0,1335.0,1534.47,44.0,False,12,False,1314.0,1.016,7.99,3.23
2024,CNAE 56 - alimentação,Natal,513505,Auxiliar nos serviços de alimentação,1314,1436.9,1412.0,1430.0,1430.0,1581.34,44.0,False,12,False,1412.0,1.018,7.61,3.05
2025,CNAE 56 - alimentação,Natal,513505,Auxiliar nos serviços de alimentação,1223,1572.27,1533.0,1595.0,1595.0,1647.55,44.0,False,12,False,1518.0,1.036,9.42,4.19
2026,CNAE 56 - alimentação,Natal,513505,Auxiliar nos serviços de alimentação,819,1659.83,1621.0,1639.0,1695.0,1679.01,44.0,False,7,True,1621.0,1.024,5.57,1.91
2021,CNAE 56 - alimentação,Natal,514320,Faxineiro,242,1119.55,1100.0,1110.0,1121.82,1460.86,44.0,False,12,False,1100.0,1.018,,
2022,CNAE 56 - alimentação,Natal,514320,Faxineiro,355,1237.36,1212.0,1229.88,1229.88,1486.69,44.0,False,12,False,1212.0,1.021,10.52,1.77
2023,CNAE 56 - alimentação,Natal,514320,Faxineiro,336,1333.79,1312.0,1330.0,1335.0,1532.88,44.0,False,12,False,1314.0,1.015,7.79,3.11
2024,CNAE 56 - alimentação,Natal,514320,Faxineiro,391,1421.55,1412.0,1430.0,1430.0,1562.98,44.0,False,12,False,1412.0,1.007,6.58,1.96
2025,CNAE 56 - alimentação,Natal,514320,Faxineiro,337,1572.77,1533.0,1595.0,1595.0,1649.69,44.0,False,12,False,1518.0,1.036,10.64,5.55
2026,CNAE 56 - alimentação,Natal,514320,Faxineiro,225,1653.03,1621.0,1639.0,1695.0,1673.2,44.0,False,7,True,1621.0,1.02,5.1,1.43
2021,CNAE 56 - alimentação,Natal,521140,Atendente de lojas e mercados,94,1116.07,1100.0,1110.0,1115.0,1464.08,44.0,False,12,False,1100.0,1.015,,
2022,CNAE 56 - alimentação,Natal,521140,Atendente de lojas e mercados,162,1223.51,1220.0,1220.0,1229.88,1467.07,44.0,False,12,False,1212.0,1.009,9.63,0.2
2023,CNAE 56 - alimentação,Natal,521140,Atendente de lojas e mercados,161,1337.78,1320.0,1329.0,1348.3,1533.47,44.0,False,12,False,1314.0,1.018,9.34,4.53
2024,CNAE 56 - alimentação,Natal,521140,Atendente de lojas e mercados,171,1421.01,1412.0,1422.0,1430.0,1562.62,44.0,False,12,False,1412.0,1.006,6.22,1.9
2025,CNAE 56 - alimentação,Natal,521140,Atendente de lojas e mercados,198,1558.75,1528.65,1540.0,1595.0,1636.6,44.0,False,12,False,1518.0,1.027,9.69,4.73
2026,CNAE 56 - alimentação,Natal,521140,Atendente de lojas e mercados,122,1654.75,1621.0,1639.0,1695.0,1673.03,44.0,False,7,True,1621.0,1.021,6.16,2.23
2021,CNAE 56 - alimentação,Palmas,141510,Gerente de restaurante,10,1736.26,1398.6,1600.0,1734.54,2270.61,44.0,True,12,False,1100.0,1.578,,
2022,CNAE 56 - alimentação,Palmas,141510,Gerente de restaurante,11,1866.93,1414.0,2114.18,2350.0,2242.55,44.0,True,12,False,1212.0,1.54,7.53,-1.24
2023,CNAE 56 - alimentação,Palmas,141510,Gerente de restaurante,12,1945.58,1390.25,2000.0,2098.8,2247.24,44.0,True,12,False,1314.0,1.481,4.21,0.21
2024,CNAE 56 - alimentação,Palmas,141510,Gerente de restaurante,18,2016.86,1596.75,2000.0,2351.4,2230.14,44.0,True,12,False,1412.0,1.428,3.66,-0.76
2025,CNAE 56 - alimentação,Palmas,141510,Gerente de restaurante,18,2256.72,1705.0,2000.0,2607.14,2359.66,44.0,True,12,False,1518.0,1.487,11.89,5.81
2026,CNAE 56 - alimentação,Palmas,141510,Gerente de restaurante,10,2311.8,1747.0,1875.0,2450.0,2333.84,44.0,True,7,True,1621.0,1.426,2.44,-1.09
2021,CNAE 56 - alimentação,Palmas,141515,Gerente de bar,2,1340.0,1260.0,1340.0,1420.0,1697.9,44.0,True,12,False,1100.0,1.218,,
2022,CNAE 56 - alimentação,Palmas,141515,Gerente de bar,3,1641.33,1212.0,1212.0,1856.0,1986.43,44.0,True,12,False,1212.0,1.354,22.49,16.99
2023,CNAE 56 - alimentação,Palmas,141515,Gerente de bar,7,2051.34,1669.0,2083.4,2500.0,2363.32,44.0,True,12,False,1314.0,1.561,24.98,18.97
2024,CNAE 56 - alimentação,Palmas,141515,Gerente de bar,8,1974.92,1553.0,2065.69,2162.5,2176.47,44.0,True,12,False,1412.0,1.399,-3.73,-7.91
2025,CNAE 56 - alimentação,Palmas,141515,Gerente de bar,6,2513.6,2046.4,2822.8,2965.0,2678.99,44.0,True,12,False,1518.0,1.656,27.28,23.09
2026,CNAE 56 - alimentação,Palmas,141515,Gerente de bar,2,3400.0,3200.0,3400.0,3600.0,3445.22,44.0,True,7,True,1621.0,2.097,35.26,28.6
2021,CNAE 56 - alimentação,Palmas,371410,Recreador,4,1173.75,1168.75,1180.0,1185.0,1519.99,44.0,True,12,False,1100.0,1.067,,
2022,CNAE 56 - alimentação,Palmas,371410,Recreador,12,1273.61,1255.0,1266.0,1282.75,1523.2,44.0,True,12,False,1212.0,1.051,8.51,0.21
2023,CNAE 56 - alimentação,Palmas,371410,Recreador,7,1433.71,1342.5,1383.0,1383.0,1643.44,44.0,True,12,False,1314.0,1.091,12.57,7.89
2024,CNAE 56 - alimentação,Palmas,371410,Recreador,9,1482.45,1469.0,1494.0,1494.0,1631.76,44.0,True,12,False,1412.0,1.05,3.4,-0.71
2025,CNAE 56 - alimentação,Palmas,371410,Recreador,14,1598.54,1533.5,1606.0,1606.0,1676.36,44.0,True,12,False,1518.0,1.053,7.83,2.73
2026,CNAE 56 - alimentação,Palmas,371410,Recreador,7,1735.43,1725.0,1725.0,1725.0,1740.5,44.0,True,7,True,1621.0,1.071,8.56,3.83
2021,CNAE 56 - alimentação,Palmas,421125,Operador de caixa,87,1152.81,1135.0,1135.0,1135.0,1498.93,44.0,False,12,False,1100.0,1.048,,
2022,CNAE 56 - alimentação,Palmas,421125,Operador de caixa,157,1275.48,1245.0,1277.0,1277.0,1533.06,44.0,False,12,False,1212.0,1.052,10.64,2.28
2023,CNAE 56 - alimentação,Palmas,421125,Operador de caixa,144,1371.98,1341.07,1383.0,1383.0,1576.74,44.0,False,12,False,1314.0,1.044,7.57,2.85
2024,CNAE 56 - alimentação,Palmas,421125,Operador de caixa,118,1493.44,1412.0,1494.0,1500.0,1647.19,44.0,False,12,False,1412.0,1.058,8.85,4.47
2025,CNAE 56 - alimentação,Palmas,421125,Operador de caixa,98,1610.78,1560.0,1606.0,1606.2,1694.69,44.0,False,12,False,1518.0,1.061,7.86,2.88
2026,CNAE 56 - alimentação,Palmas,421125,Operador de caixa,76,1798.99,1725.0,1725.0,1773.43,1819.09,44.0,False,7,True,1621.0,1.11,11.68,7.34
2021,CNAE 56 - alimentação,Palmas,513205,Cozinheiro geral,165,1215.45,1135.0,1180.0,1180.0,1580.62,44.0,False,12,False,1100.0,1.105,,
2022,CNAE 56 - alimentação,Palmas,513205,Cozinheiro geral,261,1359.6,1271.2,1300.0,1328.0,1633.03,44.0,False,12,False,1212.0,1.122,11.86,3.32
2023,CNAE 56 - alimentação,Palmas,513205,Cozinheiro geral,271,1476.72,1383.0,1438.0,1500.0,1697.41,44.0,False,12,False,1314.0,1.124,8.61,3.94
2024,CNAE 56 - alimentação,Palmas,513205,Cozinheiro geral,272,1603.46,1438.0,1553.0,1605.0,1768.57,44.0,False,12,False,1412.0,1.136,8.58,4.19
2025,CNAE 56 - alimentação,Palmas,513205,Cozinheiro geral,289,1753.26,1550.0,1669.0,1828.6,1840.08,44.0,False,12,False,1518.0,1.155,9.34,4.04
2026,CNAE 56 - alimentação,Palmas,513205,Cozinheiro geral,505,1864.12,1850.0,1850.0,1850.0,1894.0,44.0,False,7,True,1621.0,1.15,6.32,2.93
2021,CNAE 56 - alimentação,Palmas,513405,Garçom,181,1149.39,1150.0,1150.0,1150.0,1490.56,44.0,False,12,False,1100.0,1.045,,
2022,CNAE 56 - alimentação,Palmas,513405,Garçom,292,1272.28,1212.0,1294.0,1294.0,1534.02,44.0,False,12,False,1212.0,1.05,10.69,2.92
2023,CNAE 56 - alimentação,Palmas,513405,Garçom,253,1381.38,1302.0,1401.0,1401.0,1588.81,44.0,False,12,False,1314.0,1.051,8.58,3.57
2024,CNAE 56 - alimentação,Palmas,513405,Garçom,269,1488.61,1412.0,1513.0,1513.0,1642.13,44.0,False,12,False,1412.0,1.054,7.76,3.36
2025,CNAE 56 - alimentação,Palmas,513405,Garçom,237,1621.78,1518.0,1626.0,1626.0,1701.69,44.0,False,12,False,1518.0,1.068,8.95,3.63
2026,CNAE 56 - alimentação,Palmas,513405,Garçom,178,1765.25,1706.25,1747.0,1747.0,1783.82,44.0,False,7,True,1621.0,1.089,8.85,4.83
2021,CNAE 56 - alimentação,Palmas,513415,Cumim,59,1131.96,1135.0,1135.0,1135.0,1456.01,44.0,False,12,False,1100.0,1.029,,
2022,CNAE 56 - alimentação,Palmas,513415,Cumim,78,1239.69,1212.0,1212.0,1277.0,1495.02,44.0,False,12,False,1212.0,1.023,9.52,2.68
2023,CNAE 56 - alimentação,Palmas,513415,Cumim,93,1341.98,1302.0,1302.0,1383.0,1550.51,44.0,False,12,False,1314.0,1.021,8.25,3.71
2024,CNAE 56 - alimentação,Palmas,513415,Cumim,51,1498.45,1412.0,1494.0,1494.0,1652.92,44.0,False,12,False,1412.0,1.061,11.66,6.6
2025,CNAE 56 - alimentação,Palmas,513415,Cumim,69,1609.31,1518.0,1606.0,1606.0,1691.86,44.0,False,12,False,1518.0,1.06,7.4,2.36
2026,CNAE 56 - alimentação,Palmas,513415,Cumim,45,1744.15,1621.0,1725.0,1725.0,1764.99,44.0,False,7,True,1621.0,1.076,8.38,4.32
2021,CNAE 56 - alimentação,Palmas,513420,Barman,40,1159.62,1135.0,1135.0,1150.0,1491.28,44.0,False,12,False,1100.0,1.054,,
2022,CNAE 56 - alimentação,Palmas,513420,Barman,86,1310.59,1212.0,1277.0,1277.0,1577.42,44.0,False,12,False,1212.0,1.081,13.02,5.78
2023,CNAE 56 - alimentação,Palmas,513420,Barman,68,1415.31,1302.0,1383.0,1383.0,1628.78,44.0,False,12,False,1314.0,1.077,7.99,3.26
2024,CNAE 56 - alimentação,Palmas,513420,Barman,53,1509.05,1412.0,1494.0,1524.0,1665.53,44.0,False,12,False,1412.0,1.069,6.62,2.26
2025,CNAE 56 - alimentação,Palmas,513420,Barman,49,1610.3,1518.0,1606.0,1606.2,1692.78,44.0,False,12,False,1518.0,1.061,6.71,1.64
2026,CNAE 56 - alimentação,Palmas,513420,Barman,44,1756.1,1688.0,1725.0,1725.0,1776.08,44.0,False,7,True,1621.0,1.083,9.05,4.92
2021,CNAE 56 - alimentação,Palmas,513435,Atendente de lanchonete,241,1138.46,1135.0,1135.0,1135.0,1483.03,44.0,False,12,False,1100.0,1.035,,
2022,CNAE 56 - alimentação,Palmas,513435,Atendente de lanchonete,460,1267.86,1212.0,1277.0,1277.0,1522.25,44.0,False,12,False,1212.0,1.046,11.37,2.64
2023,CNAE 56 - alimentação,Palmas,513435,Atendente de lanchonete,459,1370.14,1302.0,1383.0,1383.0,1576.71,44.0,False,12,False,1314.0,1.043,8.07,3.58
2024,CNAE 56 - alimentação,Palmas,513435,Atendente de lanchonete,672,1497.85,1412.0,1494.0,1529.41,1650.36,44.0,False,12,False,1412.0,1.061,9.32,4.67
2025,CNAE 56 - alimentação,Palmas,513435,Atendente de lanchonete,557,1591.66,1518.0,1606.0,1606.0,1671.31,44.0,False,12,False,1518.0,1.049,6.26,1.27
2026,CNAE 56 - alimentação,Palmas,513435,Atendente de lanchonete,370,1719.76,1621.0,1725.0,1730.0,1739.9,44.0,False,7,True,1621.0,1.061,8.05,4.1
2021,CNAE 56 - alimentação,Palmas,513505,Auxiliar nos serviços de alimentação,252,1162.16,1135.0,1135.0,1135.0,1516.22,44.0,False,12,False,1100.0,1.057,,
2022,CNAE 56 - alimentação,Palmas,513505,Auxiliar nos serviços de alimentação,427,1270.7,1212.0,1277.0,1277.0,1529.71,44.0,False,12,False,1212.0,1.048,9.34,0.89
2023,CNAE 56 - alimentação,Palmas,513505,Auxiliar nos serviços de alimentação,391,1391.95,1302.0,1383.0,1400.0,1600.77,44.0,False,12,False,1314.0,1.059,9.54,4.65
2024,CNAE 56 - alimentação,Palmas,513505,Auxiliar nos serviços de alimentação,482,1507.75,1412.0,1494.0,1500.0,1662.12,44.0,False,12,False,1412.0,1.068,8.32,3.83
2025,CNAE 56 - alimentação,Palmas,513505,Auxiliar nos serviços de alimentação,477,1644.39,1580.0,1606.0,1609.66,1723.63,44.0,False,12,False,1518.0,1.083,9.06,3.7
2026,CNAE 56 - alimentação,Palmas,513505,Auxiliar nos serviços de alimentação,355,1740.57,1621.0,1725.0,1725.0,1761.15,44.0,False,7,True,1621.0,1.074,5.85,2.18
2021,CNAE 56 - alimentação,Palmas,514320,Faxineiro,71,1127.29,1115.0,1115.0,1115.0,1456.9,44.0,False,12,False,1100.0,1.025,,
2022,CNAE 56 - alimentação,Palmas,514320,Faxineiro,100,1247.43,1212.0,1244.75,1255.0,1505.1,44.0,False,12,False,1212.0,1.029,10.66,3.31
2023,CNAE 56 - alimentação,Palmas,514320,Faxineiro,106,1337.78,1302.0,1360.0,1360.0,1541.92,44.0,False,12,False,1314.0,1.018,7.24,2.45
2024,CNAE 56 - alimentação,Palmas,514320,Faxineiro,99,1488.2,1412.0,1469.0,1494.0,1643.69,44.0,False,12,False,1412.0,1.054,11.24,6.6
2025,CNAE 56 - alimentação,Palmas,514320,Faxineiro,77,1618.13,1518.0,1580.0,1606.0,1695.74,44.0,False,12,False,1518.0,1.066,8.73,3.17
2026,CNAE 56 - alimentação,Palmas,514320,Faxineiro,75,1713.07,1632.98,1700.0,1708.35,1731.68,44.0,False,7,True,1621.0,1.057,5.87,2.12
2021,CNAE 56 - alimentação,Palmas,521140,Atendente de lojas e mercados,45,1143.29,1130.31,1135.0,1135.0,1489.98,44.0,False,12,False,1100.0,1.039,,
2022,CNAE 56 - alimentação,Palmas,521140,Atendente de lojas e mercados,71,1254.79,1212.0,1254.64,1277.0,1507.26,44.0,False,12,False,1212.0,1.035,9.75,1.16
2023,CNAE 56 - alimentação,Palmas,521140,Atendente de lojas e mercados,46,1356.26,1342.46,1342.46,1383.0,1564.45,44.0,False,12,False,1314.0,1.032,8.09,3.79
2024,CNAE 56 - alimentação,Palmas,521140,Atendente de lojas e mercados,40,1500.0,1461.75,1494.0,1515.0,1650.59,44.0,False,12,False,1412.0,1.062,10.6,5.51
2025,CNAE 56 - alimentação,Palmas,521140,Atendente de lojas e mercados,61,1583.5,1518.0,1560.0,1606.0,1657.27,44.0,False,12,False,1518.0,1.043,5.57,0.4
2026,CNAE 56 - alimentação,Palmas,521140,Atendente de lojas e mercados,35,1728.86,1688.5,1725.0,1725.0,1748.18,44.0,False,7,True,1621.0,1.067,9.18,5.49
2021,CNAE 56 - alimentação,Porto Alegre,141510,Gerente de restaurante,231,2126.94,1490.25,1800.0,2700.0,2788.84,44.0,False,12,False,1100.0,1.934,,
2022,CNAE 56 - alimentação,Porto Alegre,141510,Gerente de restaurante,270,2199.14,1600.0,2000.0,2500.0,2641.44,44.0,False,12,False,1212.0,1.814,3.39,-5.29
2023,CNAE 56 - alimentação,Porto Alegre,141510,Gerente de restaurante,244,2433.92,1600.0,2000.0,2829.0,2800.91,44.0,False,12,False,1314.0,1.852,10.68,6.04
2024,CNAE 56 - alimentação,Porto Alegre,141510,Gerente de restaurante,260,2429.43,1800.0,2200.0,2800.0,2670.87,44.0,False,12,False,1412.0,1.721,-0.18,-4.64
2025,CNAE 56 - alimentação,Porto Alegre,141510,Gerente de restaurante,320,2675.65,2000.0,2479.19,3115.0,2806.38,44.0,False,12,False,1518.0,1.763,10.13,5.07
2026,CNAE 56 - alimentação,Porto Alegre,141510,Gerente de restaurante,193,2966.69,2200.0,2601.78,3500.0,2999.73,44.0,False,7,True,1621.0,1.83,10.88,6.89
2021,CNAE 56 - alimentação,Porto Alegre,141515,Gerente de bar,68,1813.17,1381.5,1628.4,1940.0,2359.25,44.0,False,12,False,1100.0,1.648,,
2022,CNAE 56 - alimentação,Porto Alegre,141515,Gerente de bar,78,1897.12,1493.97,1700.0,2100.0,2291.07,44.0,False,12,False,1212.0,1.565,4.63,-2.89
2023,CNAE 56 - alimentação,Porto Alegre,141515,Gerente de bar,65,2079.12,1613.49,1813.95,2300.0,2389.74,44.0,False,12,False,1314.0,1.582,9.59,4.31
2024,CNAE 56 - alimentação,Porto Alegre,141515,Gerente de bar,65,2144.36,1655.0,1917.53,2300.0,2356.32,44.0,False,12,False,1412.0,1.519,3.14,-1.4
2025,CNAE 56 - alimentação,Porto Alegre,141515,Gerente de bar,64,2296.43,1821.0,2022.99,2500.0,2404.95,44.0,False,12,False,1518.0,1.513,7.09,2.06
2026,CNAE 56 - alimentação,Porto Alegre,141515,Gerente de bar,31,2407.5,1940.0,2102.9,2650.0,2435.04,44.0,False,7,True,1621.0,1.485,4.84,1.25
2021,CNAE 56 - alimentação,Porto Alegre,371410,Recreador,4,1281.02,1239.46,1281.02,1322.58,1711.51,44.0,True,12,False,1100.0,1.165,,
2022,CNAE 56 - alimentação,Porto Alegre,371410,Recreador,10,1465.19,1364.25,1383.48,1516.43,1753.58,44.0,True,12,False,1212.0,1.209,14.38,2.46
2023,CNAE 56 - alimentação,Porto Alegre,371410,Recreador,7,1581.78,1509.31,1535.51,1662.91,1820.13,44.0,True,12,False,1314.0,1.204,7.96,3.8
2024,CNAE 56 - alimentação,Porto Alegre,371410,Recreador,9,1655.0,1655.0,1655.0,1655.0,1817.9,44.0,True,12,False,1412.0,1.172,4.63,-0.12
2025,CNAE 56 - alimentação,Porto Alegre,371410,Recreador,14,1742.96,1738.71,1770.85,1770.85,1827.79,44.0,True,12,False,1518.0,1.148,5.31,0.54
2026,CNAE 56 - alimentação,Porto Alegre,371410,Recreador,14,1821.73,1770.85,1850.0,1850.0,1830.83,44.0,True,7,True,1621.0,1.124,4.52,0.17
2021,CNAE 56 - alimentação,Porto Alegre,421125,Operador de caixa,426,1306.8,1264.25,1265.63,1319.0,1702.72,44.0,False,12,False,1100.0,1.188,,
2022,CNAE 56 - alimentação,Porto Alegre,421125,Operador de caixa,633,1384.12,1325.0,1358.0,1383.48,1662.63,44.0,False,12,False,1212.0,1.142,5.92,-2.35
2023,CNAE 56 - alimentação,Porto Alegre,421125,Operador de caixa,688,1520.66,1505.0,1505.0,1505.0,1749.41,44.0,False,12,False,1314.0,1.157,9.86,5.22
2024,CNAE 56 - alimentação,Porto Alegre,421125,Operador de caixa,656,1636.99,1610.13,1655.0,1655.0,1804.18,44.0,False,12,False,1412.0,1.159,7.65,3.13
2025,CNAE 56 - alimentação,Porto Alegre,421125,Operador de caixa,732,1774.52,1770.0,1770.85,1770.85,1861.0,44.0,False,12,False,1518.0,1.169,8.4,3.15
2026,CNAE 56 - alimentação,Porto Alegre,421125,Operador de caixa,339,1873.01,1770.85,1850.0,1930.0,1895.46,44.0,False,7,True,1621.0,1.155,5.55,1.85
2021,CNAE 56 - alimentação,Porto Alegre,513205,Cozinheiro geral,1157,1364.86,1265.63,1281.0,1400.0,1783.24,44.0,False,12,False,1100.0,1.241,,
2022,CNAE 56 - alimentação,Porto Alegre,513205,Cozinheiro geral,1635,1455.65,1335.61,1383.48,1500.0,1751.18,44.0,False,12,False,1212.0,1.201,6.65,-1.8
2023,CNAE 56 - alimentação,Porto Alegre,513205,Cozinheiro geral,1559,1611.15,1505.0,1505.0,1670.0,1852.48,44.0,False,12,False,1314.0,1.226,10.68,5.78
2024,CNAE 56 - alimentação,Porto Alegre,513205,Cozinheiro geral,1468,1764.39,1655.0,1655.0,1800.0,1943.23,44.0,False,12,False,1412.0,1.25,9.51,4.9
2025,CNAE 56 - alimentação,Porto Alegre,513205,Cozinheiro geral,1743,1900.27,1770.85,1770.85,2000.0,1993.07,44.0,False,12,False,1518.0,1.252,7.7,2.56
2026,CNAE 56 - alimentação,Porto Alegre,513205,Cozinheiro geral,1045,2025.43,1834.1,1930.0,2105.25,2046.77,44.0,False,7,True,1621.0,1.249,6.59,2.69
2021,CNAE 56 - alimentação,Porto Alegre,513405,Garçom,987,1308.9,1265.0,1265.63,1300.0,1704.42,44.0,False,12,False,1100.0,1.19,,
2022,CNAE 56 - alimentação,Porto Alegre,513405,Garçom,1426,1387.87,1335.61,1383.48,1383.48,1667.79,44.0,False,12,False,1212.0,1.145,6.03,-2.15
2023,CNAE 56 - alimentação,Porto Alegre,513405,Garçom,1607,1530.14,1505.0,1505.0,1505.0,1759.35,44.0,False,12,False,1314.0,1.164,10.25,5.49
2024,CNAE 56 - alimentação,Porto Alegre,513405,Garçom,1497,1658.26,1655.0,1655.0,1655.0,1827.24,44.0,False,12,False,1412.0,1.174,8.37,3.86
2025,CNAE 56 - alimentação,Porto Alegre,513405,Garçom,1863,1790.68,1756.0,1770.85,1771.0,1878.27,44.0,False,12,False,1518.0,1.18,7.99,2.79
2026,CNAE 56 - alimentação,Porto Alegre,513405,Garçom,1076,1890.32,1770.85,1850.0,1930.0,1910.79,44.0,False,7,True,1621.0,1.166,5.56,1.73
2021,CNAE 56 - alimentação,Porto Alegre,513415,Cumim,113,1305.7,1265.63,1265.63,1356.0,1696.07,44.0,False,12,False,1100.0,1.187,,
2022,CNAE 56 - alimentação,Porto Alegre,513415,Cumim,214,1377.19,1335.61,1383.48,1400.0,1656.68,44.0,False,12,False,1212.0,1.136,5.48,-2.32
2023,CNAE 56 - alimentação,Porto Alegre,513415,Cumim,203,1494.15,1505.0,1505.0,1505.0,1721.59,44.0,False,12,False,1314.0,1.137,8.49,3.92
2024,CNAE 56 - alimentação,Porto Alegre,513415,Cumim,141,1630.31,1655.0,1655.0,1655.0,1793.46,44.0,False,12,False,1412.0,1.155,9.11,4.17
2025,CNAE 56 - alimentação,Porto Alegre,513415,Cumim,177,1750.02,1770.85,1770.85,1770.85,1832.44,44.0,False,12,False,1518.0,1.153,7.34,2.17
2026,CNAE 56 - alimentação,Porto Alegre,513415,Cumim,113,1840.27,1770.85,1850.0,1868.1,1860.58,44.0,False,7,True,1621.0,1.135,5.16,1.54
2021,CNAE 56 - alimentação,Porto Alegre,513420,Barman,161,1365.51,1265.63,1281.0,1368.0,1770.38,44.0,False,12,False,1100.0,1.241,,
2022,CNAE 56 - alimentação,Porto Alegre,513420,Barman,216,1429.21,1335.61,1358.0,1455.0,1719.24,44.0,False,12,False,1212.0,1.179,4.66,-2.89
2023,CNAE 56 - alimentação,Porto Alegre,513420,Barman,264,1543.53,1505.0,1505.0,1505.0,1774.88,44.0,False,12,False,1314.0,1.175,8.0,3.24
2024,CNAE 56 - alimentação,Porto Alegre,513420,Barman,239,1883.06,1600.0,1655.0,1706.25,2078.65,44.0,False,12,False,1412.0,1.334,22.0,17.11
2025,CNAE 56 - alimentação,Porto Alegre,513420,Barman,247,1829.67,1770.85,1770.85,1831.0,1917.84,44.0,False,12,False,1518.0,1.205,-2.84,-7.74
2026,CNAE 56 - alimentação,Porto Alegre,513420,Barman,148,1920.77,1777.75,1850.0,1968.5,1944.85,44.0,False,7,True,1621.0,1.185,4.98,1.41
2021,CNAE 56 - alimentação,Porto Alegre,513435,Atendente de lanchonete,2174,1287.77,1263.36,1265.63,1300.0,1675.37,44.0,False,12,False,1100.0,1.171,,
2022,CNAE 56 - alimentação,Porto Alegre,513435,Atendente de lanchonete,2881,1355.47,1281.98,1350.0,1383.48,1629.27,44.0,False,12,False,1212.0,1.118,5.26,-2.75
2023,CNAE 56 - alimentação,Porto Alegre,513435,Atendente de lanchonete,3098,1502.67,1505.0,1505.0,1505.0,1727.69,44.0,False,12,False,1314.0,1.144,10.86,6.04
2024,CNAE 56 - alimentação,Porto Alegre,513435,Atendente de lanchonete,3307,1629.81,1610.13,1655.0,1655.0,1794.4,44.0,False,12,False,1412.0,1.154,8.46,3.86
2025,CNAE 56 - alimentação,Porto Alegre,513435,Atendente de lanchonete,4639,1747.56,1655.0,1770.85,1770.85,1831.83,44.0,False,12,False,1518.0,1.151,7.22,2.09
2026,CNAE 56 - alimentação,Porto Alegre,513435,Atendente de lanchonete,3022,1820.65,1770.85,1770.85,1850.0,1840.84,44.0,False,7,True,1621.0,1.123,4.18,0.49
2021,CNAE 56 - alimentação,Porto Alegre,513505,Auxiliar nos serviços de alimentação,2272,1285.0,1239.46,1265.63,1300.0,1677.8,44.0,False,12,False,1100.0,1.168,,
2022,CNAE 56 - alimentação,Porto Alegre,513505,Auxiliar nos serviços de alimentação,3315,1362.97,1324.87,1336.0,1383.48,1637.51,44.0,False,12,False,1212.0,1.125,6.07,-2.4
2023,CNAE 56 - alimentação,Porto Alegre,513505,Auxiliar nos serviços de alimentação,3891,1494.23,1431.04,1505.0,1505.0,1717.25,44.0,False,12,False,1314.0,1.137,9.63,4.87
2024,CNAE 56 - alimentação,Porto Alegre,513505,Auxiliar nos serviços de alimentação,3947,1622.91,1520.52,1655.0,1655.0,1787.05,44.0,False,12,False,1412.0,1.149,8.61,4.06
2025,CNAE 56 - alimentação,Porto Alegre,513505,Auxiliar nos serviços de alimentação,4552,1751.5,1655.0,1770.85,1770.85,1836.82,44.0,False,12,False,1518.0,1.154,7.92,2.79
2026,CNAE 56 - alimentação,Porto Alegre,513505,Auxiliar nos serviços de alimentação,2530,1858.5,1770.85,1850.0,1930.0,1879.08,44.0,False,7,True,1621.0,1.147,6.11,2.3
2021,CNAE 56 - alimentação,Porto Alegre,514320,Faxineiro,518,1273.43,1239.46,1265.63,1281.6,1658.17,44.0,False,12,False,1100.0,1.158,,
2022,CNAE 56 - alimentação,Porto Alegre,514320,Faxineiro,807,1346.26,1305.56,1335.61,1383.48,1616.31,44.0,False,12,False,1212.0,1.111,5.72,-2.52
2023,CNAE 56 - alimentação,Porto Alegre,514320,Faxineiro,918,1485.41,1434.25,1505.0,1505.0,1707.17,44.0,False,12,False,1314.0,1.13,10.34,5.62
2024,CNAE 56 - alimentação,Porto Alegre,514320,Faxineiro,1032,1600.97,1526.0,1655.0,1655.0,1763.71,44.0,False,12,False,1412.0,1.134,7.78,3.31
2025,CNAE 56 - alimentação,Porto Alegre,514320,Faxineiro,1183,1717.72,1653.6,1770.85,1770.85,1801.0,44.0,False,12,False,1518.0,1.132,7.29,2.11
2026,CNAE 56 - alimentação,Porto Alegre,514320,Faxineiro,730,1817.29,1770.0,1770.85,1850.0,1837.26,44.0,False,7,True,1621.0,1.121,5.8,2.01
2021,CNAE 56 - alimentação,Porto Alegre,521140,Atendente de lojas e mercados,175,1299.91,1239.46,1265.63,1301.22,1697.08,44.0,False,12,False,1100.0,1.182,,
2022,CNAE 56 - alimentação,Porto Alegre,521140,Atendente de lojas e mercados,260,1381.19,1335.61,1383.48,1383.48,1659.93,44.0,False,12,False,1212.0,1.14,6.25,-2.19
2023,CNAE 56 - alimentação,Porto Alegre,521140,Atendente de lojas e mercados,352,1537.15,1505.0,1505.0,1512.0,1764.67,44.0,False,12,False,1314.0,1.17,11.29,6.31
2024,CNAE 56 - alimentação,Porto Alegre,521140,Atendente de lojas e mercados,374,1658.29,1655.0,1655.0,1655.0,1827.01,44.0,False,12,False,1412.0,1.174,7.88,3.53
2025,CNAE 56 - alimentação,Porto Alegre,521140,Atendente de lojas e mercados,411,1782.83,1770.85,1770.85,1800.0,1868.75,44.0,False,12,False,1518.0,1.174,7.51,2.28
2026,CNAE 56 - alimentação,Porto Alegre,521140,Atendente de lojas e mercados,297,1875.57,1770.85,1850.0,1930.0,1895.57,44.0,False,7,True,1621.0,1.157,5.2,1.44
2021,CNAE 56 - alimentação,Porto Velho,141510,Gerente de restaurante,8,1790.74,1300.0,1650.0,2142.5,2328.12,44.0,True,12,False,1100.0,1.628,,
2022,CNAE 56 - alimentação,Porto Velho,141510,Gerente de restaurante,16,1850.29,1313.4,1500.0,1806.38,2216.07,44.0,True,12,False,1212.0,1.527,3.33,-4.81
2023,CNAE 56 - alimentação,Porto Velho,141510,Gerente de restaurante,20,2229.92,1395.0,1896.6,3000.0,2574.11,44.0,True,12,False,1314.0,1.697,20.52,16.16
2024,CNAE 56 - alimentação,Porto Velho,141510,Gerente de restaurante,18,1945.13,1492.23,1735.06,2300.0,2144.31,44.0,True,12,False,1412.0,1.378,-12.77,-16.7
2025,CNAE 56 - alimentação,Porto Velho,141510,Gerente de restaurante,13,2213.62,1688.0,1800.0,3000.0,2314.31,44.0,True,12,False,1518.0,1.458,13.8,7.93
2026,CNAE 56 - alimentação,Porto Velho,141510,Gerente de restaurante,8,2462.31,2000.0,2215.75,2778.75,2489.19,44.0,True,7,True,1621.0,1.519,11.23,7.56
2021,CNAE 56 - alimentação,Porto Velho,141515,Gerente de bar,4,1698.5,1498.5,1800.0,2000.0,2133.47,44.0,True,12,False,1100.0,1.544,,
2022,CNAE 56 - alimentação,Porto Velho,141515,Gerente de bar,4,1706.7,1313.4,1656.7,2050.0,2063.27,44.0,True,12,False,1212.0,1.408,0.48,-3.29
2023,CNAE 56 - alimentação,Porto Velho,141515,Gerente de bar,4,1443.75,1395.0,1395.0,1443.75,1665.03,44.0,True,12,False,1314.0,1.099,-15.41,-19.3
2024,CNAE 56 - alimentação,Porto Velho,141515,Gerente de bar,2,1497.78,1454.89,1497.78,1540.68,1666.75,44.0,True,12,False,1412.0,1.061,3.74,0.1
2025,CNAE 56 - alimentação,Porto Velho,141515,Gerente de bar,1,1598.0,1598.0,1598.0,1598.0,1720.65,44.0,True,12,False,1518.0,1.053,6.69,3.23
2026,CNAE 56 - alimentação,Porto Velho,141515,Gerente de bar,3,2440.5,2160.75,2431.5,2715.75,2466.74,44.0,True,7,True,1621.0,1.506,52.72,43.36
2022,CNAE 56 - alimentação,Porto Velho,371410,Recreador,2,1262.7,1237.35,1262.7,1288.05,1519.53,44.0,True,12,False,1212.0,1.042,,
2023,CNAE 56 - alimentação,Porto Velho,371410,Recreador,2,1395.0,1395.0,1395.0,1395.0,1610.1,44.0,True,12,False,1314.0,1.062,10.48,5.96
2024,CNAE 56 - alimentação,Porto Velho,371410,Recreador,2,1492.23,1492.23,1492.23,1492.23,1656.6,44.0,True,12,False,1412.0,1.057,6.97,2.89
2025,CNAE 56 - alimentação,Porto Velho,371410,Recreador,13,1598.0,1598.0,1598.0,1598.0,1665.78,44.0,True,12,False,1518.0,1.053,7.09,0.55
2026,CNAE 56 - alimentação,Porto Velho,371410,Recreador,2,1663.75,1642.38,1663.75,1685.12,1683.64,44.0,True,7,True,1621.0,1.026,4.11,1.07
2021,CNAE 56 - alimentação,Porto Velho,421125,Operador de caixa,45,1195.5,1193.17,1194.0,1194.0,1561.7,44.0,False,12,False,1100.0,1.087,,
2022,CNAE 56 - alimentação,Porto Velho,421125,Operador de caixa,94,1298.56,1242.0,1313.4,1313.4,1558.49,44.0,False,12,False,1212.0,1.071,8.62,-0.21
2023,CNAE 56 - alimentação,Porto Velho,421125,Operador de caixa,101,1390.32,1395.0,1395.0,1395.0,1598.6,44.0,False,12,False,1314.0,1.058,7.07,2.57
2024,CNAE 56 - alimentação,Porto Velho,421125,Operador de caixa,99,1504.65,1492.23,1492.23,1492.23,1657.97,44.0,False,12,False,1412.0,1.066,8.22,3.71
2025,CNAE 56 - alimentação,Porto Velho,421125,Operador de caixa,108,1606.47,1598.0,1598.0,1598.0,1687.73,44.0,False,12,False,1518.0,1.058,6.77,1.79
2026,CNAE 56 - alimentação,Porto Velho,421125,Operador de caixa,38,1703.28,1688.0,1706.5,1706.5,1729.87,44.0,False,7,True,1621.0,1.051,6.03,2.5
2021,CNAE 56 - alimentação,Porto Velho,513205,Cozinheiro geral,124,1275.6,1194.0,1194.0,1300.0,1660.35,44.0,False,12,False,1100.0,1.16,,
2022,CNAE 56 - alimentação,Porto Velho,513205,Cozinheiro geral,181,1362.2,1242.0,1313.4,1370.85,1639.42,44.0,False,12,False,1212.0,1.124,6.79,-1.26
2023,CNAE 56 - alimentação,Porto Velho,513205,Cozinheiro geral,208,1469.94,1395.0,1395.0,1440.0,1691.2,44.0,False,12,False,1314.0,1.119,7.91,3.16
2024,CNAE 56 - alimentação,Porto Velho,513205,Cozinheiro geral,156,1548.62,1492.23,1492.23,1500.0,1709.92,44.0,False,12,False,1412.0,1.097,5.35,1.11
2025,CNAE 56 - alimentação,Porto Velho,513205,Cozinheiro geral,234,1705.52,1598.0,1598.0,1711.25,1786.6,44.0,False,12,False,1518.0,1.124,10.13,4.48
2026,CNAE 56 - alimentação,Porto Velho,513205,Cozinheiro geral,126,1774.34,1706.5,1706.5,1773.0,1795.33,44.0,False,7,True,1621.0,1.095,4.04,0.49
2021,CNAE 56 - alimentação,Porto Velho,513405,Garçom,76,1206.05,1194.0,1194.0,1260.39,1564.56,44.0,False,12,False,1100.0,1.096,,
2022,CNAE 56 - alimentação,Porto Velho,513405,Garçom,102,1304.72,1246.46,1313.4,1323.0,1570.83,44.0,False,12,False,1212.0,1.077,8.18,0.4
2023,CNAE 56 - alimentação,Porto Velho,513405,Garçom,75,1448.33,1395.0,1395.0,1395.0,1667.54,44.0,False,12,False,1314.0,1.102,11.01,6.16
2024,CNAE 56 - alimentação,Porto Velho,513405,Garçom,55,1535.37,1492.23,1492.23,1492.23,1692.66,44.0,False,12,False,1412.0,1.087,6.01,1.51
2025,CNAE 56 - alimentação,Porto Velho,513405,Garçom,111,1620.1,1598.0,1598.0,1598.0,1695.62,44.0,False,12,False,1518.0,1.067,5.52,0.17
2026,CNAE 56 - alimentação,Porto Velho,513405,Garçom,52,1695.05,1700.0,1706.5,1706.5,1713.65,44.0,False,7,True,1621.0,1.046,4.63,1.06
2021,CNAE 56 - alimentação,Porto Velho,513415,Cumim,1,1500.0,1500.0,1500.0,1500.0,1990.75,44.0,True,12,False,1100.0,1.364,,
2022,CNAE 56 - alimentação,Porto Velho,513415,Cumim,3,1279.6,1262.7,1313.4,1313.4,1552.26,44.0,True,12,False,1212.0,1.056,-14.69,-22.03
2023,CNAE 56 - alimentação,Porto Velho,513415,Cumim,22,1411.04,1395.0,1395.0,1395.0,1618.78,44.0,True,12,False,1314.0,1.074,10.27,4.29
2024,CNAE 56 - alimentação,Porto Velho,513415,Cumim,16,1483.97,1492.23,1492.23,1492.23,1623.16,44.0,True,12,False,1412.0,1.051,5.17,0.27
2025,CNAE 56 - alimentação,Porto Velho,513415,Cumim,33,1592.33,1598.0,1598.0,1598.0,1662.45,44.0,False,12,False,1518.0,1.049,7.3,2.42
2026,CNAE 56 - alimentação,Porto Velho,513415,Cumim,32,1689.48,1637.0,1706.5,1706.5,1702.11,44.0,False,7,True,1621.0,1.042,6.1,2.39
2021,CNAE 56 - alimentação,Porto Velho,513420,Barman,12,1202.63,1194.0,1194.0,1260.39,1551.53,44.0,True,12,False,1100.0,1.093,,
2022,CNAE 56 - alimentação,Porto Velho,513420,Barman,13,1304.26,1212.0,1313.4,1386.43,1574.81,44.0,True,12,False,1212.0,1.076,8.45,1.5
2023,CNAE 56 - alimentação,Porto Velho,513420,Barman,24,1399.98,1395.0,1395.0,1395.0,1613.43,44.0,True,12,False,1314.0,1.065,7.34,2.45
2024,CNAE 56 - alimentação,Porto Velho,513420,Barman,26,1496.97,1492.23,1492.23,1492.23,1640.16,44.0,True,12,False,1412.0,1.06,6.93,1.66
2025,CNAE 56 - alimentação,Porto Velho,513420,Barman,45,1618.76,1598.0,1598.0,1598.0,1693.33,44.0,False,12,False,1518.0,1.066,8.14,3.24
2026,CNAE 56 - alimentação,Porto Velho,513420,Barman,21,1778.21,1706.5,1706.5,1706.5,1787.44,44.0,True,7,True,1621.0,1.097,9.85,5.56
2021,CNAE 56 - alimentação,Porto Velho,513435,Atendente de lanchonete,261,1171.38,1131.0,1194.0,1194.0,1525.59,44.0,False,12,False,1100.0,1.065,,
2022,CNAE 56 - alimentação,Porto Velho,513435,Atendente de lanchonete,382,1282.87,1212.0,1313.4,1313.4,1540.26,44.0,False,12,False,1212.0,1.058,9.52,0.96
2023,CNAE 56 - alimentação,Porto Velho,513435,Atendente de lanchonete,391,1377.09,1325.0,1395.0,1395.0,1584.12,44.0,False,12,False,1314.0,1.048,7.34,2.85
2024,CNAE 56 - alimentação,Porto Velho,513435,Atendente de lanchonete,394,1490.04,1492.23,1492.23,1492.23,1640.95,44.0,False,12,False,1412.0,1.055,8.2,3.59
2025,CNAE 56 - alimentação,Porto Velho,513435,Atendente de lanchonete,499,1585.29,1598.0,1598.0,1598.0,1662.47,44.0,False,12,False,1518.0,1.044,6.39,1.31
2026,CNAE 56 - alimentação,Porto Velho,513435,Atendente de lanchonete,301,1680.97,1621.0,1706.5,1706.5,1702.91,44.0,False,7,True,1621.0,1.037,6.04,2.43
2021,CNAE 56 - alimentação,Porto Velho,513505,Auxiliar nos serviços de alimentação,262,1188.37,1131.5,1194.0,1194.0,1551.13,44.0,False,12,False,1100.0,1.08,,
2022,CNAE 56 - alimentação,Porto Velho,513505,Auxiliar nos serviços de alimentação,468,1286.6,1212.0,1313.4,1313.4,1546.92,44.0,False,12,False,1212.0,1.062,8.27,-0.27
2023,CNAE 56 - alimentação,Porto Velho,513505,Auxiliar nos serviços de alimentação,448,1407.75,1395.0,1395.0,1395.0,1620.31,44.0,False,12,False,1314.0,1.071,9.42,4.74
2024,CNAE 56 - alimentação,Porto Velho,513505,Auxiliar nos serviços de alimentação,534,1496.84,1492.23,1492.23,1492.23,1647.82,44.0,False,12,False,1412.0,1.06,6.33,1.7
2025,CNAE 56 - alimentação,Porto Velho,513505,Auxiliar nos serviços de alimentação,586,1605.18,1598.0,1598.0,1598.0,1683.61,44.0,False,12,False,1518.0,1.057,7.24,2.17
2026,CNAE 56 - alimentação,Porto Velho,513505,Auxiliar nos serviços de alimentação,313,1699.94,1637.0,1706.5,1706.5,1719.1,44.0,False,7,True,1621.0,1.049,5.9,2.11
2021,CNAE 56 - alimentação,Porto Velho,514320,Faxineiro,54,1219.01,1194.0,1194.0,1235.0,1588.9,44.0,False,12,False,1100.0,1.108,,
2022,CNAE 56 - alimentação,Porto Velho,514320,Faxineiro,73,1318.29,1313.4,1313.4,1354.67,1585.43,44.0,False,12,False,1212.0,1.088,8.14,-0.22
2023,CNAE 56 - alimentação,Porto Velho,514320,Faxineiro,79,1398.83,1354.67,1395.0,1405.5,1610.18,44.0,False,12,False,1314.0,1.065,6.11,1.56
2024,CNAE 56 - alimentação,Porto Velho,514320,Faxineiro,97,1513.52,1492.23,1492.23,1492.23,1667.76,44.0,False,12,False,1412.0,1.072,8.2,3.58
2025,CNAE 56 - alimentação,Porto Velho,514320,Faxineiro,114,1621.57,1598.0,1598.0,1600.0,1701.11,44.0,False,12,False,1518.0,1.068,7.14,2.0
2026,CNAE 56 - alimentação,Porto Velho,514320,Faxineiro,51,1706.77,1670.0,1706.5,1706.5,1722.66,44.0,False,7,True,1621.0,1.053,5.25,1.27
2021,CNAE 56 - alimentação,Porto Velho,521140,Atendente de lojas e mercados,22,1197.05,1194.0,1194.0,1194.0,1548.42,44.0,True,12,False,1100.0,1.088,,
2022,CNAE 56 - alimentação,Porto Velho,521140,Atendente de lojas e mercados,43,1270.74,1212.0,1313.4,1313.4,1528.46,44.0,False,12,False,1212.0,1.048,6.16,-1.29
2023,CNAE 56 - alimentação,Porto Velho,521140,Atendente de lojas e mercados,45,1378.39,1320.0,1395.0,1395.0,1590.61,44.0,False,12,False,1314.0,1.049,8.47,4.07
2024,CNAE 56 - alimentação,Porto Velho,521140,Atendente de lojas e mercados,53,1483.77,1492.23,1492.23,1492.23,1635.21,44.0,False,12,False,1412.0,1.051,7.65,2.8
2025,CNAE 56 - alimentação,Porto Velho,521140,Atendente de lojas e mercados,47,1584.31,1598.0,1598.0,1598.0,1666.18,44.0,False,12,False,1518.0,1.044,6.78,1.89
2026,CNAE 56 - alimentação,Porto Velho,521140,Atendente de lojas e mercados,61,1684.53,1686.01,1706.5,1706.5,1700.81,44.0,False,7,True,1621.0,1.039,6.33,2.08
2021,CNAE 56 - alimentação,Recife,141510,Gerente de restaurante,116,2129.02,1400.0,1780.58,2500.0,2790.18,44.0,False,12,False,1100.0,1.935,,
2022,CNAE 56 - alimentação,Recife,141510,Gerente de restaurante,129,2164.65,1545.88,1918.51,2603.74,2604.45,44.0,False,12,False,1212.0,1.786,1.67,-6.66
2023,CNAE 56 - alimentação,Recife,141510,Gerente de restaurante,146,2485.1,1639.01,2077.29,3065.7,2856.63,44.0,False,12,False,1314.0,1.891,14.8,9.68
2024,CNAE 56 - alimentação,Recife,141510,Gerente de restaurante,156,2486.51,1700.0,2200.0,3016.42,2746.27,44.0,False,12,False,1412.0,1.761,0.06,-3.86
2025,CNAE 56 - alimentação,Recife,141510,Gerente de restaurante,171,2777.19,1933.79,2420.0,3481.99,2906.9,44.0,False,12,False,1518.0,1.83,11.69,5.85
2026,CNAE 56 - alimentação,Recife,141510,Gerente de restaurante,110,3108.66,2000.0,2725.0,3920.52,3149.06,44.0,False,7,True,1621.0,1.918,11.94,8.33
2021,CNAE 56 - alimentação,Recife,141515,Gerente de bar,32,1793.56,1500.0,1650.0,2000.0,2358.09,44.0,False,12,False,1100.0,1.631,,
2022,CNAE 56 - alimentação,Recife,141515,Gerente de bar,23,1794.78,1500.0,1600.0,1800.0,2155.78,44.0,True,12,False,1212.0,1.481,0.07,-8.58
2023,CNAE 56 - alimentação,Recife,141515,Gerente de bar,31,2158.77,1762.5,2000.0,2284.13,2474.99,44.0,False,12,False,1314.0,1.643,20.28,14.81
2024,CNAE 56 - alimentação,Recife,141515,Gerente de bar,24,2250.34,2000.0,2000.0,2581.0,2488.36,44.0,True,12,False,1412.0,1.594,4.24,0.54
2025,CNAE 56 - alimentação,Recife,141515,Gerente de bar,25,2534.45,2000.0,2200.0,2500.0,2654.15,44.0,True,12,False,1518.0,1.67,12.63,6.66
2026,CNAE 56 - alimentação,Recife,141515,Gerente de bar,13,2642.31,2500.0,2500.0,2550.0,2679.96,44.0,True,7,True,1621.0,1.63,4.26,0.97
2021,CNAE 56 - alimentação,Recife,371410,Recreador,6,1118.66,1106.99,1127.97,1127.99,1456.78,44.0,True,12,False,1100.0,1.017,,
2022,CNAE 56 - alimentação,Recife,371410,Recreador,33,1272.77,1245.5,1245.5,1309.26,1524.1,44.0,False,12,False,1212.0,1.05,13.78,4.62
2023,CNAE 56 - alimentação,Recife,371410,Recreador,32,1399.45,1371.54,1378.72,1433.26,1603.26,44.0,False,12,False,1314.0,1.065,9.95,5.19
2024,CNAE 56 - alimentação,Recife,371410,Recreador,36,1478.58,1461.92,1461.92,1520.38,1627.04,44.0,False,12,False,1412.0,1.047,5.65,1.48
2025,CNAE 56 - alimentação,Recife,371410,Recreador,52,1597.64,1565.99,1566.01,1651.8,1674.02,44.0,False,12,False,1518.0,1.052,8.05,2.89
2026,CNAE 56 - alimentação,Recife,371410,Recreador,49,1714.44,1700.0,1700.0,1700.0,1735.28,44.0,False,7,True,1621.0,1.058,7.31,3.66
2021,CNAE 56 - alimentação,Recife,421125,Operador de caixa,277,1168.56,1124.0,1139.7,1186.74,1528.06,44.0,False,12,False,1100.0,1.062,,
2022,CNAE 56 - alimentação,Recife,421125,Operador de caixa,361,1295.29,1245.5,1247.19,1309.26,1558.88,44.0,False,12,False,1212.0,1.069,10.84,2.02
2023,CNAE 56 - alimentação,Recife,421125,Operador de caixa,323,1404.37,1371.54,1371.54,1433.26,1614.05,44.0,False,12,False,1314.0,1.069,8.42,3.54
2024,CNAE 56 - alimentação,Recife,421125,Operador de caixa,374,1490.04,1461.92,1461.92,1520.38,1640.67,44.0,False,12,False,1412.0,1.055,6.1,1.65
2025,CNAE 56 - alimentação,Recife,421125,Operador de caixa,366,1607.18,1565.69,1566.45,1651.8,1685.53,44.0,False,12,False,1518.0,1.059,7.86,2.73
2026,CNAE 56 - alimentação,Recife,421125,Operador de caixa,231,1722.89,1700.0,1700.0,1726.42,1743.63,44.0,False,7,True,1621.0,1.063,7.2,3.45
2021,CNAE 56 - alimentação,Recife,513205,Cozinheiro geral,851,1300.25,1130.88,1200.0,1400.0,1699.67,44.0,False,12,False,1100.0,1.182,,
2022,CNAE 56 - alimentação,Recife,513205,Cozinheiro geral,1006,1413.68,1245.5,1316.19,1500.0,1700.47,44.0,False,12,False,1212.0,1.166,8.72,0.05
2023,CNAE 56 - alimentação,Recife,513205,Cozinheiro geral,1070,1549.74,1371.54,1434.89,1666.82,1781.26,44.0,False,12,False,1314.0,1.179,9.62,4.75
2024,CNAE 56 - alimentação,Recife,513205,Cozinheiro geral,1541,1574.08,1433.26,1468.28,1632.56,1734.52,44.0,False,12,False,1412.0,1.115,1.57,-2.62
2025,CNAE 56 - alimentação,Recife,513205,Cozinheiro geral,1593,1729.88,1565.69,1620.41,1800.0,1814.36,44.0,False,12,False,1518.0,1.14,9.9,4.6
2026,CNAE 56 - alimentação,Recife,513205,Cozinheiro geral,1284,1793.14,1651.65,1700.0,1827.57,1813.88,44.0,False,7,True,1621.0,1.106,3.66,-0.03
2021,CNAE 56 - alimentação,Recife,513405,Garçom,645,1157.39,1100.0,1127.97,1186.73,1506.98,44.0,False,12,False,1100.0,1.052,,
2022,CNAE 56 - alimentação,Recife,513405,Garçom,918,1272.37,1245.5,1245.5,1309.26,1530.1,44.0,False,12,False,1212.0,1.05,9.93,1.53
2023,CNAE 56 - alimentação,Recife,513405,Garçom,910,1395.94,1371.54,1371.54,1433.26,1603.26,44.0,False,12,False,1314.0,1.062,9.71,4.78
2024,CNAE 56 - alimentação,Recife,513405,Garçom,983,1486.52,1461.92,1461.92,1520.38,1636.91,44.0,False,12,False,1412.0,1.053,6.49,2.1
2025,CNAE 56 - alimentação,Recife,513405,Garçom,1025,1608.18,1565.69,1565.69,1651.8,1685.15,44.0,False,12,False,1518.0,1.059,8.18,2.95
2026,CNAE 56 - alimentação,Recife,513405,Garçom,612,1700.91,1700.0,1700.0,1700.0,1723.06,44.0,False,7,True,1621.0,1.049,5.77,2.25
2021,CNAE 56 - alimentação,Recife,513415,Cumim,284,1155.52,1127.97,1139.7,1186.73,1496.02,44.0,False,12,False,1100.0,1.05,,
2022,CNAE 56 - alimentação,Recife,513415,Cumim,479,1268.3,1245.5,1245.5,1309.26,1522.46,44.0,False,12,False,1212.0,1.046,9.76,1.77
2023,CNAE 56 - alimentação,Recife,513415,Cumim,509,1388.97,1371.54,1371.54,1428.82,1596.82,44.0,False,12,False,1314.0,1.057,9.51,4.88
2024,CNAE 56 - alimentação,Recife,513415,Cumim,611,1481.29,1461.92,1461.92,1520.38,1629.62,44.0,False,12,False,1412.0,1.049,6.65,2.05
2025,CNAE 56 - alimentação,Recife,513415,Cumim,636,1599.46,1565.69,1565.69,1651.8,1676.02,44.0,False,12,False,1518.0,1.054,7.98,2.85
2026,CNAE 56 - alimentação,Recife,513415,Cumim,511,1699.36,1700.0,1700.0,1700.0,1720.29,44.0,False,7,True,1621.0,1.048,6.25,2.64
2021,CNAE 56 - alimentação,Recife,513420,Barman,154,1219.97,1127.97,1186.73,1300.0,1587.89,44.0,False,12,False,1100.0,1.109,,
2022,CNAE 56 - alimentação,Recife,513420,Barman,213,1338.54,1245.5,1250.33,1371.54,1611.9,44.0,False,12,False,1212.0,1.104,9.72,1.51
2023,CNAE 56 - alimentação,Recife,513420,Barman,236,1453.25,1371.54,1380.07,1500.0,1672.26,44.0,False,12,False,1314.0,1.106,8.57,3.74
2024,CNAE 56 - alimentação,Recife,513420,Barman,240,1523.35,1461.92,1461.92,1520.38,1679.22,44.0,False,12,False,1412.0,1.079,4.82,0.42
2025,CNAE 56 - alimentação,Recife,513420,Barman,257,1654.72,1565.69,1606.8,1651.8,1732.45,44.0,False,12,False,1518.0,1.09,8.62,3.17
2026,CNAE 56 - alimentação,Recife,513420,Barman,234,1734.31,1700.0,1700.0,1700.0,1757.33,44.0,False,7,True,1621.0,1.07,4.81,1.44
2021,CNAE 56 - alimentação,Recife,513435,Atendente de lanchonete,1488,1141.13,1100.0,1128.0,1186.73,1486.44,44.0,False,12,False,1100.0,1.037,,
2022,CNAE 56 - alimentação,Recife,513435,Atendente de lanchonete,1957,1269.05,1245.5,1248.19,1309.26,1523.3,44.0,False,12,False,1212.0,1.047,11.21,2.48
2023,CNAE 56 - alimentação,Recife,513435,Atendente de lanchonete,2167,1390.23,1371.54,1371.54,1433.26,1597.55,44.0,False,12,False,1314.0,1.058,9.55,4.87
2024,CNAE 56 - alimentação,Recife,513435,Atendente de lanchonete,2502,1480.9,1461.92,1461.92,1520.38,1631.26,44.0,False,12,False,1412.0,1.049,6.52,2.11
2025,CNAE 56 - alimentação,Recife,513435,Atendente de lanchonete,2879,1588.8,1565.69,1565.7,1651.8,1665.92,44.0,False,12,False,1518.0,1.047,7.29,2.12
2026,CNAE 56 - alimentação,Recife,513435,Atendente de lanchonete,1844,1688.76,1695.0,1700.0,1700.0,1707.72,44.0,False,7,True,1621.0,1.042,6.29,2.51
2021,CNAE 56 - alimentação,Recife,513505,Auxiliar nos serviços de alimentação,1372,1165.57,1117.0,1141.0,1186.73,1519.02,44.0,False,12,False,1100.0,1.06,,
2022,CNAE 56 - alimentação,Recife,513505,Auxiliar nos serviços de alimentação,1826,1291.64,1245.5,1251.96,1309.26,1552.93,44.0,False,12,False,1212.0,1.066,10.82,2.23
2023,CNAE 56 - alimentação,Recife,513505,Auxiliar nos serviços de alimentação,2373,1400.29,1371.54,1371.54,1433.26,1608.75,44.0,False,12,False,1314.0,1.066,8.41,3.59
2024,CNAE 56 - alimentação,Recife,513505,Auxiliar nos serviços de alimentação,2705,1487.29,1444.0,1461.92,1520.38,1637.83,44.0,False,12,False,1412.0,1.053,6.21,1.81
2025,CNAE 56 - alimentação,Recife,513505,Auxiliar nos serviços de alimentação,2753,1608.1,1565.69,1565.69,1651.8,1684.82,44.0,False,12,False,1518.0,1.059,8.12,2.87
2026,CNAE 56 - alimentação,Recife,513505,Auxiliar nos serviços de alimentação,1810,1703.91,1670.0,1700.0,1700.0,1722.49,44.0,False,7,True,1621.0,1.051,5.96,2.24
2021,CNAE 56 - alimentação,Recife,514320,Faxineiro,538,1141.38,1100.0,1127.97,1186.73,1492.66,44.0,False,12,False,1100.0,1.038,,
2022,CNAE 56 - alimentação,Recife,514320,Faxineiro,730,1266.03,1245.5,1245.5,1309.26,1521.13,44.0,False,12,False,1212.0,1.045,10.92,1.91
2023,CNAE 56 - alimentação,Recife,514320,Faxineiro,1313,1361.08,1320.0,1371.54,1371.58,1563.81,44.0,False,12,False,1314.0,1.036,7.51,2.81
2024,CNAE 56 - alimentação,Recife,514320,Faxineiro,1065,1473.64,1461.92,1461.92,1500.0,1621.29,44.0,False,12,False,1412.0,1.044,8.27,3.68
2025,CNAE 56 - alimentação,Recife,514320,Faxineiro,1261,1585.26,1565.69,1565.69,1645.0,1661.32,44.0,False,12,False,1518.0,1.044,7.57,2.47
2026,CNAE 56 - alimentação,Recife,514320,Faxineiro,792,1691.21,1700.0,1700.0,1700.0,1710.49,44.0,False,7,True,1621.0,1.043,6.68,2.96
2021,CNAE 56 - alimentação,Recife,521140,Atendente de lojas e mercados,193,1172.55,1127.97,1186.73,1200.0,1521.04,44.0,False,12,False,1100.0,1.066,,
2022,CNAE 56 - alimentação,Recife,521140,Atendente de lojas e mercados,224,1272.27,1245.5,1251.96,1309.26,1523.9,44.0,False,12,False,1212.0,1.05,8.5,0.19
2023,CNAE 56 - alimentação,Recife,521140,Atendente de lojas e mercados,398,1381.52,1371.54,1371.54,1420.75,1585.84,44.0,False,12,False,1314.0,1.051,8.59,4.06
2024,CNAE 56 - alimentação,Recife,521140,Atendente de lojas e mercados,424,1470.6,1441.93,1461.92,1467.3,1617.77,44.0,False,12,False,1412.0,1.042,6.45,2.01
2025,CNAE 56 - alimentação,Recife,521140,Atendente de lojas e mercados,578,1573.62,1542.87,1565.69,1600.0,1650.0,44.0,False,12,False,1518.0,1.037,7.01,1.99
2026,CNAE 56 - alimentação,Recife,521140,Atendente de lojas e mercados,312,1684.46,1651.8,1700.0,1700.0,1702.8,44.0,False,7,True,1621.0,1.039,7.04,3.2
2021,CNAE 56 - alimentação,Rio Branco,141510,Gerente de restaurante,6,1748.0,1475.0,2000.0,2000.0,2273.76,44.0,True,12,False,1100.0,1.589,,
2022,CNAE 56 - alimentação,Rio Branco,141510,Gerente de restaurante,3,1212.0,1212.0,1212.0,1212.0,1444.81,44.0,True,12,False,1212.0,1.0,-30.66,-36.46
2023,CNAE 56 - alimentação,Rio Branco,141510,Gerente de restaurante,8,1707.5,1320.0,1600.0,2000.0,1959.94,44.0,True,12,False,1314.0,1.299,40.88,35.65
2024,CNAE 56 - alimentação,Rio Branco,141510,Gerente de restaurante,7,1934.12,1500.0,1600.0,2351.42,2129.34,44.0,True,12,False,1412.0,1.37,13.27,8.64
2025,CNAE 56 - alimentação,Rio Branco,141510,Gerente de restaurante,7,2773.14,1518.0,2858.0,3500.0,2895.83,44.0,True,12,False,1518.0,1.827,43.38,36.0
2026,CNAE 56 - alimentação,Rio Branco,141510,Gerente de restaurante,5,1829.74,1621.0,1621.0,2142.86,1839.09,44.0,True,7,True,1621.0,1.129,-34.02,-36.49
2021,CNAE 56 - alimentação,Rio Branco,141515,Gerente de bar,4,1725.0,1575.0,1600.0,1750.0,2207.35,44.0,True,12,False,1100.0,1.568,,
2022,CNAE 56 - alimentação,Rio Branco,141515,Gerente de bar,5,1395.79,1308.96,1429.0,1429.0,1671.24,44.0,True,12,False,1212.0,1.152,-19.08,-24.29
2023,CNAE 56 - alimentação,Rio Branco,141515,Gerente de bar,3,1706.67,1460.0,1600.0,1900.0,1962.72,44.0,True,12,False,1314.0,1.299,22.27,17.44
2024,CNAE 56 - alimentação,Rio Branco,141515,Gerente de bar,2,2012.48,1768.72,2012.48,2256.24,2206.48,44.0,True,12,False,1412.0,1.425,17.92,12.42
2025,CNAE 56 - alimentação,Rio Branco,141515,Gerente de bar,3,2106.0,1759.0,2000.0,2400.0,2235.62,44.0,True,12,False,1518.0,1.387,4.65,1.32
2026,CNAE 56 - alimentação,Rio Branco,141515,Gerente de bar,1,2145.0,2145.0,2145.0,2145.0,2145.0,44.0,True,7,True,1621.0,1.323,1.85,-4.05
2022,CNAE 56 - alimentação,Rio Branco,371410,Recreador,1,1212.0,1212.0,1212.0,1212.0,1493.29,44.0,True,12,False,1212.0,1.0,,
2023,CNAE 56 - alimentação,Rio Branco,371410,Recreador,1,1320.0,1320.0,1320.0,1320.0,1500.73,44.0,True,12,False,1314.0,1.005,8.91,0.5
2024,CNAE 56 - alimentação,Rio Branco,371410,Recreador,6,1412.0,1412.0,1412.0,1412.0,1547.73,44.0,True,12,False,1412.0,1.0,6.97,3.13
2025,CNAE 56 - alimentação,Rio Branco,371410,Recreador,8,1518.0,1518.0,1518.0,1518.0,1588.28,44.0,True,12,False,1518.0,1.0,7.51,2.62
2026,CNAE 56 - alimentação,Rio Branco,371410,Recreador,2,1800.0,1800.0,1800.0,1800.0,1814.61,44.0,True,7,True,1621.0,1.11,18.58,14.25
2021,CNAE 56 - alimentação,Rio Branco,421125,Operador de caixa,37,1190.92,1188.0,1188.0,1188.0,1550.37,44.0,False,12,False,1100.0,1.083,,
2022,CNAE 56 - alimentação,Rio Branco,421125,Operador de caixa,47,1242.01,1212.0,1212.0,1267.12,1489.93,44.0,False,12,False,1212.0,1.025,4.29,-3.9
2023,CNAE 56 - alimentação,Rio Branco,421125,Operador de caixa,53,1332.8,1308.96,1320.0,1320.0,1534.15,44.0,False,12,False,1314.0,1.014,7.31,2.97
2024,CNAE 56 - alimentação,Rio Branco,421125,Operador de caixa,64,1458.77,1412.0,1412.0,1512.22,1607.31,44.0,False,12,False,1412.0,1.033,9.45,4.77
2025,CNAE 56 - alimentação,Rio Branco,421125,Operador de caixa,81,1566.18,1518.0,1518.0,1607.48,1643.01,44.0,False,12,False,1518.0,1.032,7.36,2.22
2026,CNAE 56 - alimentação,Rio Branco,421125,Operador de caixa,24,1646.65,1621.0,1621.0,1621.0,1664.59,44.0,True,7,True,1621.0,1.016,5.14,1.31
2021,CNAE 56 - alimentação,Rio Branco,513205,Cozinheiro geral,93,1212.48,1188.0,1188.0,1188.0,1591.19,44.0,False,12,False,1100.0,1.102,,
2022,CNAE 56 - alimentação,Rio Branco,513205,Cozinheiro geral,92,1294.52,1212.0,1212.0,1308.96,1560.87,44.0,False,12,False,1212.0,1.068,6.77,-1.91
2023,CNAE 56 - alimentação,Rio Branco,513205,Cozinheiro geral,90,1431.83,1320.0,1320.0,1425.6,1650.48,44.0,False,12,False,1314.0,1.09,10.61,5.74
2024,CNAE 56 - alimentação,Rio Branco,513205,Cozinheiro geral,108,1542.91,1412.0,1412.0,1543.94,1701.9,44.0,False,12,False,1412.0,1.093,7.76,3.12
2025,CNAE 56 - alimentação,Rio Branco,513205,Cozinheiro geral,86,1693.99,1518.0,1581.77,1755.46,1779.42,44.0,False,12,False,1518.0,1.116,9.79,4.55
2026,CNAE 56 - alimentação,Rio Branco,513205,Cozinheiro geral,56,1765.15,1621.0,1648.72,1800.0,1785.87,44.0,False,7,True,1621.0,1.089,4.2,0.36
2021,CNAE 56 - alimentação,Rio Branco,513405,Garçom,71,1178.94,1188.0,1188.0,1188.0,1534.62,44.0,False,12,False,1100.0,1.072,,
2022,CNAE 56 - alimentação,Rio Branco,513405,Garçom,92,1250.74,1212.0,1212.0,1308.96,1505.09,44.0,False,12,False,1212.0,1.032,6.09,-1.92
2023,CNAE 56 - alimentação,Rio Branco,513405,Garçom,109,1326.08,1302.0,1320.0,1320.0,1525.47,44.0,False,12,False,1314.0,1.009,6.02,1.35
2024,CNAE 56 - alimentação,Rio Branco,513405,Garçom,125,1434.27,1412.0,1412.0,1412.0,1581.08,44.0,False,12,False,1412.0,1.016,8.16,3.65
2025,CNAE 56 - alimentação,Rio Branco,513405,Garçom,114,1551.89,1518.0,1518.0,1518.0,1626.42,44.0,False,12,False,1518.0,1.022,8.2,2.87
2026,CNAE 56 - alimentação,Rio Branco,513405,Garçom,60,1661.86,1621.0,1621.0,1700.0,1685.04,44.0,False,7,True,1621.0,1.025,7.09,3.6
2021,CNAE 56 - alimentação,Rio Branco,513415,Cumim,9,1194.67,1188.0,1188.0,1188.0,1568.46,44.0,True,12,False,1100.0,1.086,,
2022,CNAE 56 - alimentação,Rio Branco,513415,Cumim,24,1250.54,1212.0,1212.0,1319.22,1513.93,44.0,True,12,False,1212.0,1.032,4.68,-3.48
2023,CNAE 56 - alimentação,Rio Branco,513415,Cumim,9,1312.0,1302.0,1320.0,1320.0,1512.65,44.0,True,12,False,1314.0,0.998,4.91,-0.08
2024,CNAE 56 - alimentação,Rio Branco,513415,Cumim,34,1420.88,1412.0,1412.0,1412.0,1559.12,44.0,False,12,False,1412.0,1.006,8.3,3.07
2025,CNAE 56 - alimentação,Rio Branco,513415,Cumim,35,1541.55,1518.0,1518.0,1534.0,1618.71,44.0,False,12,False,1518.0,1.016,8.49,3.82
2026,CNAE 56 - alimentação,Rio Branco,513415,Cumim,22,1677.4,1621.0,1650.0,1750.68,1700.27,44.0,True,7,True,1621.0,1.035,8.81,5.04
2021,CNAE 56 - alimentação,Rio Branco,513420,Barman,10,1238.06,1188.0,1194.0,1200.0,1602.45,44.0,True,12,False,1100.0,1.126,,
2022,CNAE 56 - alimentação,Rio Branco,513420,Barman,15,1237.66,1212.0,1212.0,1212.0,1492.86,44.0,True,12,False,1212.0,1.021,-0.03,-6.84
2023,CNAE 56 - alimentação,Rio Branco,513420,Barman,16,1353.98,1315.5,1320.0,1395.0,1553.76,44.0,True,12,False,1314.0,1.03,9.4,4.08
2024,CNAE 56 - alimentação,Rio Branco,513420,Barman,14,1489.71,1412.0,1412.0,1412.0,1628.87,44.0,True,12,False,1412.0,1.055,10.02,4.83
2025,CNAE 56 - alimentação,Rio Branco,513420,Barman,20,1542.45,1518.0,1518.0,1518.0,1622.11,44.0,True,12,False,1518.0,1.016,3.54,-0.42
2026,CNAE 56 - alimentação,Rio Branco,513420,Barman,11,1693.77,1621.0,1621.0,1750.68,1724.93,44.0,True,7,True,1621.0,1.045,9.81,6.34
2021,CNAE 56 - alimentação,Rio Branco,513435,Atendente de lanchonete,213,1182.79,1188.0,1188.0,1188.0,1544.39,44.0,False,12,False,1100.0,1.075,,
2022,CNAE 56 - alimentação,Rio Branco,513435,Atendente de lanchonete,277,1248.65,1212.0,1212.0,1308.96,1501.5,44.0,False,12,False,1212.0,1.03,5.57,-2.78
2023,CNAE 56 - alimentação,Rio Branco,513435,Atendente de lanchonete,377,1334.22,1308.96,1320.0,1320.0,1533.3,44.0,False,12,False,1314.0,1.015,6.85,2.12
2024,CNAE 56 - alimentação,Rio Branco,513435,Atendente de lanchonete,423,1430.29,1412.0,1412.0,1412.0,1575.45,44.0,False,12,False,1412.0,1.013,7.2,2.75
2025,CNAE 56 - alimentação,Rio Branco,513435,Atendente de lanchonete,411,1547.28,1518.0,1518.0,1518.0,1622.85,44.0,False,12,False,1518.0,1.019,8.18,3.01
2026,CNAE 56 - alimentação,Rio Branco,513435,Atendente de lanchonete,281,1674.73,1621.0,1621.0,1750.68,1690.53,44.0,False,7,True,1621.0,1.033,8.24,4.17
2021,CNAE 56 - alimentação,Rio Branco,513505,Auxiliar nos serviços de alimentação,165,1189.01,1188.0,1188.0,1188.0,1551.44,44.0,False,12,False,1100.0,1.081,,
2022,CNAE 56 - alimentação,Rio Branco,513505,Auxiliar nos serviços de alimentação,203,1252.51,1212.0,1212.0,1308.96,1505.64,44.0,False,12,False,1212.0,1.033,5.34,-2.95
2023,CNAE 56 - alimentação,Rio Branco,513505,Auxiliar nos serviços de alimentação,319,1339.26,1308.96,1320.0,1320.0,1541.44,44.0,False,12,False,1314.0,1.019,6.93,2.38
2024,CNAE 56 - alimentação,Rio Branco,513505,Auxiliar nos serviços de alimentação,343,1434.99,1412.0,1412.0,1412.0,1579.43,44.0,False,12,False,1412.0,1.016,7.15,2.46
2025,CNAE 56 - alimentação,Rio Branco,513505,Auxiliar nos serviços de alimentação,402,1560.86,1518.0,1518.0,1550.0,1636.69,44.0,False,12,False,1518.0,1.028,8.77,3.63
2026,CNAE 56 - alimentação,Rio Branco,513505,Auxiliar nos serviços de alimentação,210,1659.27,1621.0,1621.0,1642.16,1676.72,44.0,False,7,True,1621.0,1.024,6.3,2.45
2021,CNAE 56 - alimentação,Rio Branco,514320,Faxineiro,13,1169.23,1100.0,1188.0,1188.0,1504.41,44.0,True,12,False,1100.0,1.063,,
2022,CNAE 56 - alimentação,Rio Branco,514320,Faxineiro,18,1271.26,1212.0,1212.0,1308.96,1533.66,44.0,True,12,False,1212.0,1.049,8.73,1.94
2023,CNAE 56 - alimentação,Rio Branco,514320,Faxineiro,36,1334.79,1320.0,1320.0,1344.92,1533.84,44.0,False,12,False,1314.0,1.016,5.0,0.01
2024,CNAE 56 - alimentação,Rio Branco,514320,Faxineiro,32,1452.81,1412.0,1428.18,1475.23,1593.81,44.0,False,12,False,1412.0,1.029,8.84,3.91
2025,CNAE 56 - alimentação,Rio Branco,514320,Faxineiro,52,1576.07,1518.0,1518.0,1588.83,1648.75,44.0,False,12,False,1518.0,1.038,8.48,3.45
2026,CNAE 56 - alimentação,Rio Branco,514320,Faxineiro,37,1640.84,1621.0,1621.0,1644.85,1658.86,44.0,False,7,True,1621.0,1.012,4.11,0.61
2021,CNAE 56 - alimentação,Rio Branco,521140,Atendente de lojas e mercados,36,1188.56,1188.0,1188.0,1188.0,1550.57,44.0,False,12,False,1100.0,1.081,,
2022,CNAE 56 - alimentação,Rio Branco,521140,Atendente de lojas e mercados,49,1231.79,1212.0,1212.0,1212.0,1476.84,44.0,False,12,False,1212.0,1.016,3.64,-4.76
2023,CNAE 56 - alimentação,Rio Branco,521140,Atendente de lojas e mercados,71,1331.2,1308.96,1320.0,1344.63,1532.11,44.0,False,12,False,1314.0,1.013,8.07,3.74
2024,CNAE 56 - alimentação,Rio Branco,521140,Atendente de lojas e mercados,86,1445.8,1412.0,1412.0,1475.0,1587.62,44.0,False,12,False,1412.0,1.024,8.61,3.62
2025,CNAE 56 - alimentação,Rio Branco,521140,Atendente de lojas e mercados,120,1538.98,1518.0,1518.0,1518.0,1613.8,44.0,False,12,False,1518.0,1.014,6.44,1.65
2026,CNAE 56 - alimentação,Rio Branco,521140,Atendente de lojas e mercados,40,1649.66,1621.0,1621.0,1621.0,1672.65,44.0,False,7,True,1621.0,1.018,7.19,3.65
2021,CNAE 56 - alimentação,Rio de Janeiro,141510,Gerente de restaurante,627,2149.7,1500.0,1800.0,2500.0,2812.77,44.0,False,12,False,1100.0,1.954,,
2022,CNAE 56 - alimentação,Rio de Janeiro,141510,Gerente de restaurante,920,2180.54,1600.0,1900.0,2500.0,2620.03,44.0,False,12,False,1212.0,1.799,1.43,-6.85
2023,CNAE 56 - alimentação,Rio de Janeiro,141510,Gerente de restaurante,1030,2269.37,1700.0,2000.0,2500.0,2609.23,44.0,False,12,False,1314.0,1.727,4.07,-0.41
2024,CNAE 56 - alimentação,Rio de Janeiro,141510,Gerente de restaurante,1109,2402.52,1800.0,2060.0,2600.0,2646.44,44.0,False,12,False,1412.0,1.702,5.87,1.43
2025,CNAE 56 - alimentação,Rio de Janeiro,141510,Gerente de restaurante,1134,2613.26,2000.0,2300.0,3000.0,2742.03,44.0,False,12,False,1518.0,1.722,8.77,3.61
2026,CNAE 56 - alimentação,Rio de Janeiro,141510,Gerente de restaurante,696,2640.77,2000.0,2350.0,2987.25,2669.38,44.0,False,7,True,1621.0,1.629,1.05,-2.65
2021,CNAE 56 - alimentação,Rio de Janeiro,141515,Gerente de bar,193,1927.2,1500.0,1800.0,2163.42,2521.83,44.0,False,12,False,1100.0,1.752,,
2022,CNAE 56 - alimentação,Rio de Janeiro,141515,Gerente de bar,264,1912.11,1500.0,1700.0,2016.83,2297.47,44.0,False,12,False,1212.0,1.578,-0.78,-8.9
2023,CNAE 56 - alimentação,Rio de Janeiro,141515,Gerente de bar,300,2094.31,1600.0,1947.56,2500.0,2408.38,44.0,False,12,False,1314.0,1.594,9.53,4.83
2024,CNAE 56 - alimentação,Rio de Janeiro,141515,Gerente de bar,280,2231.91,1700.0,2000.0,2500.0,2457.98,44.0,False,12,False,1412.0,1.581,6.57,2.06
2025,CNAE 56 - alimentação,Rio de Janeiro,141515,Gerente de bar,283,2291.39,1800.0,2113.0,2500.0,2404.22,44.0,False,12,False,1518.0,1.509,2.66,-2.19
2026,CNAE 56 - alimentação,Rio de Janeiro,141515,Gerente de bar,165,2371.3,1900.0,2200.0,2600.0,2397.42,44.0,False,7,True,1621.0,1.463,3.49,-0.28
2021,CNAE 56 - alimentação,Rio de Janeiro,371410,Recreador,25,1225.97,1165.74,1165.74,1303.91,1604.09,45.0,True,12,False,1100.0,1.115,,
2022,CNAE 56 - alimentação,Rio de Janeiro,371410,Recreador,42,1289.36,1251.33,1300.0,1300.0,1548.81,44.0,False,12,False,1212.0,1.064,5.17,-3.45
2023,CNAE 56 - alimentação,Rio de Janeiro,371410,Recreador,87,1405.8,1320.0,1320.0,1400.0,1613.11,44.0,False,12,False,1314.0,1.07,9.03,4.15
2024,CNAE 56 - alimentação,Rio de Janeiro,371410,Recreador,110,1471.29,1428.0,1428.0,1494.94,1619.99,44.0,False,12,False,1412.0,1.042,4.66,0.43
2025,CNAE 56 - alimentação,Rio de Janeiro,371410,Recreador,120,1577.26,1526.0,1526.0,1636.0,1654.42,44.0,False,12,False,1518.0,1.039,7.2,2.13
2026,CNAE 56 - alimentação,Rio de Janeiro,371410,Recreador,71,1660.56,1621.0,1629.0,1697.86,1681.75,44.0,False,7,True,1621.0,1.024,5.28,1.65
2021,CNAE 56 - alimentação,Rio de Janeiro,421125,Operador de caixa,1754,1297.18,1210.0,1283.73,1329.01,1694.33,44.0,False,12,False,1100.0,1.179,,
2022,CNAE 56 - alimentação,Rio de Janeiro,421125,Operador de caixa,2254,1353.71,1283.73,1300.0,1400.0,1628.06,44.0,False,12,False,1212.0,1.117,4.36,-3.91
2023,CNAE 56 - alimentação,Rio de Janeiro,421125,Operador de caixa,2511,1441.09,1320.0,1412.1,1500.0,1656.75,44.0,False,12,False,1314.0,1.097,6.45,1.76
2024,CNAE 56 - alimentação,Rio de Janeiro,421125,Operador de caixa,2486,1559.44,1428.0,1560.0,1600.0,1718.08,44.0,False,12,False,1412.0,1.104,8.21,3.7
2025,CNAE 56 - alimentação,Rio de Janeiro,421125,Operador de caixa,2518,1648.13,1526.0,1600.0,1724.38,1728.97,44.0,False,12,False,1518.0,1.086,5.69,0.63
2026,CNAE 56 - alimentação,Rio de Janeiro,421125,Operador de caixa,1415,1737.55,1621.0,1709.22,1800.68,1758.71,44.0,False,7,True,1621.0,1.072,5.43,1.72
2021,CNAE 56 - alimentação,Rio de Janeiro,513205,Cozinheiro geral,4211,1452.9,1282.0,1350.0,1550.0,1897.91,44.0,False,12,False,1100.0,1.321,,
2022,CNAE 56 - alimentação,Rio de Janeiro,513205,Cozinheiro geral,5981,1506.21,1283.73,1413.98,1623.89,1811.59,44.0,False,12,False,1212.0,1.243,3.67,-4.55
2023,CNAE 56 - alimentação,Rio de Janeiro,513205,Cozinheiro geral,8979,1525.71,1302.0,1400.0,1649.98,1756.19,44.0,False,12,False,1314.0,1.161,1.29,-3.06
2024,CNAE 56 - alimentação,Rio de Janeiro,513205,Cozinheiro geral,7466,1692.37,1412.0,1572.32,1800.0,1866.36,44.0,False,12,False,1412.0,1.199,10.92,6.27
2025,CNAE 56 - alimentação,Rio de Janeiro,513205,Cozinheiro geral,7449,1829.12,1526.0,1744.2,2000.0,1919.32,44.0,False,12,False,1518.0,1.205,8.08,2.84
2026,CNAE 56 - alimentação,Rio de Janeiro,513205,Cozinheiro geral,4069,1985.42,1700.0,1872.0,2156.0,2008.44,44.0,False,7,True,1621.0,1.225,8.55,4.64
2021,CNAE 56 - alimentação,Rio de Janeiro,513405,Garçom,3462,1273.06,1203.6,1257.52,1287.13,1657.21,44.0,False,12,False,1100.0,1.157,,
2022,CNAE 56 - alimentação,Rio de Janeiro,513405,Garçom,4876,1367.83,1287.13,1343.13,1426.14,1644.5,44.0,False,12,False,1212.0,1.129,7.44,-0.77
2023,CNAE 56 - alimentação,Rio de Janeiro,513405,Garçom,5442,1476.15,1426.14,1497.45,1497.45,1697.29,44.0,False,12,False,1314.0,1.123,7.92,3.21
2024,CNAE 56 - alimentação,Rio de Janeiro,513405,Garçom,5360,1557.6,1497.45,1572.32,1572.32,1716.02,44.0,False,12,False,1412.0,1.103,5.52,1.1
2025,CNAE 56 - alimentação,Rio de Janeiro,513405,Garçom,6056,1667.23,1572.32,1658.8,1658.8,1749.49,44.0,False,12,False,1518.0,1.098,7.04,1.95
2026,CNAE 56 - alimentação,Rio de Janeiro,513405,Garçom,4015,1803.87,1658.8,1658.8,1753.0,1827.52,44.0,False,7,True,1621.0,1.113,8.2,4.46
2021,CNAE 56 - alimentação,Rio de Janeiro,513415,Cumim,1693,1270.56,1203.6,1283.17,1287.13,1645.74,44.0,False,12,False,1100.0,1.155,,
2022,CNAE 56 - alimentação,Rio de Janeiro,513415,Cumim,2239,1357.41,1287.13,1364.59,1426.14,1632.77,44.0,False,12,False,1212.0,1.12,6.84,-0.79
2023,CNAE 56 - alimentação,Rio de Janeiro,513415,Cumim,2779,1469.68,1426.14,1497.45,1497.45,1689.69,44.0,False,12,False,1314.0,1.118,8.27,3.49
2024,CNAE 56 - alimentação,Rio de Janeiro,513415,Cumim,2677,1547.58,1497.45,1572.32,1572.32,1705.43,44.0,False,12,False,1412.0,1.096,5.3,0.93
2025,CNAE 56 - alimentação,Rio de Janeiro,513415,Cumim,2863,1638.78,1572.32,1658.8,1658.8,1719.98,44.0,False,12,False,1518.0,1.08,5.89,0.85
2026,CNAE 56 - alimentação,Rio de Janeiro,513415,Cumim,1775,1702.67,1658.8,1658.8,1733.45,1723.48,44.0,False,7,True,1621.0,1.05,3.9,0.2
2021,CNAE 56 - alimentação,Rio de Janeiro,513420,Barman,929,1351.02,1283.34,1300.0,1375.01,1759.36,44.0,False,12,False,1100.0,1.228,,
2022,CNAE 56 - alimentação,Rio de Janeiro,513420,Barman,1259,1434.24,1300.0,1400.0,1520.61,1725.11,44.0,False,12,False,1212.0,1.183,6.16,-1.95
2023,CNAE 56 - alimentação,Rio de Janeiro,513420,Barman,1373,1551.1,1477.81,1520.61,1596.64,1782.93,44.0,False,12,False,1314.0,1.18,8.15,3.35
2024,CNAE 56 - alimentação,Rio de Janeiro,513420,Barman,1367,1641.52,1560.0,1650.28,1676.47,1808.72,44.0,False,12,False,1412.0,1.163,5.83,1.45
2025,CNAE 56 - alimentação,Rio de Janeiro,513420,Barman,1391,1758.62,1676.47,1768.67,1791.48,1845.72,44.0,False,12,False,1518.0,1.159,7.13,2.05
2026,CNAE 56 - alimentação,Rio de Janeiro,513420,Barman,914,1874.17,1768.66,1793.5,1865.82,1897.22,44.0,False,7,True,1621.0,1.156,6.57,2.79
2021,CNAE 56 - alimentação,Rio de Janeiro,513435,Atendente de lanchonete,6964,1211.12,1140.92,1174.0,1283.73,1575.47,44.0,False,12,False,1100.0,1.101,,
2022,CNAE 56 - alimentação,Rio de Janeiro,513435,Atendente de lanchonete,10407,1291.91,1220.0,1287.13,1300.0,1552.8,44.0,False,12,False,1212.0,1.066,6.67,-1.44
2023,CNAE 56 - alimentação,Rio de Janeiro,513435,Atendente de lanchonete,11658,1382.03,1320.0,1326.76,1450.0,1588.76,44.0,False,12,False,1314.0,1.052,6.98,2.32
2024,CNAE 56 - alimentação,Rio de Janeiro,513435,Atendente de lanchonete,13053,1496.2,1428.0,1450.0,1560.0,1647.89,44.0,False,12,False,1412.0,1.06,8.26,3.72
2025,CNAE 56 - alimentação,Rio de Janeiro,513435,Atendente de lanchonete,14774,1590.98,1518.0,1560.0,1658.56,1668.88,44.0,False,12,False,1518.0,1.048,6.33,1.27
2026,CNAE 56 - alimentação,Rio de Janeiro,513435,Atendente de lanchonete,10454,1679.82,1621.0,1629.1,1769.22,1699.28,44.0,False,7,True,1621.0,1.036,5.58,1.82
2021,CNAE 56 - alimentação,Rio de Janeiro,513505,Auxiliar nos serviços de alimentação,5697,1286.45,1200.0,1283.73,1351.23,1677.69,44.0,False,12,False,1100.0,1.17,,
2022,CNAE 56 - alimentação,Rio de Janeiro,513505,Auxiliar nos serviços de alimentação,8756,1349.48,1283.57,1300.0,1414.0,1622.36,44.0,False,12,False,1212.0,1.113,4.9,-3.3
2023,CNAE 56 - alimentação,Rio de Janeiro,513505,Auxiliar nos serviços de alimentação,10351,1433.93,1320.0,1400.0,1500.0,1648.09,44.0,False,12,False,1314.0,1.091,6.26,1.59
2024,CNAE 56 - alimentação,Rio de Janeiro,513505,Auxiliar nos serviços de alimentação,11503,1548.92,1428.0,1560.0,1588.72,1706.16,44.0,False,12,False,1412.0,1.097,8.02,3.52
2025,CNAE 56 - alimentação,Rio de Janeiro,513505,Auxiliar nos serviços de alimentação,11930,1648.01,1526.0,1600.0,1729.55,1728.78,44.0,False,12,False,1518.0,1.086,6.4,1.33
2026,CNAE 56 - alimentação,Rio de Janeiro,513505,Auxiliar nos serviços de alimentação,8323,1759.77,1622.4,1710.0,1802.85,1781.05,44.0,False,7,True,1621.0,1.086,6.78,3.02
2021,CNAE 56 - alimentação,Rio de Janeiro,514320,Faxineiro,1801,1265.98,1203.6,1250.0,1301.0,1649.5,44.0,False,12,False,1100.0,1.151,,
2022,CNAE 56 - alimentação,Rio de Janeiro,514320,Faxineiro,2843,1333.72,1238.11,1300.0,1408.01,1602.9,44.0,False,12,False,1212.0,1.1,5.35,-2.83
2023,CNAE 56 - alimentação,Rio de Janeiro,514320,Faxineiro,3896,1406.5,1320.0,1367.1,1480.0,1616.46,44.0,False,12,False,1314.0,1.07,5.46,0.85
2024,CNAE 56 - alimentação,Rio de Janeiro,514320,Faxineiro,4193,1518.59,1422.37,1500.0,1571.72,1672.97,44.0,False,12,False,1412.0,1.075,7.97,3.5
2025,CNAE 56 - alimentação,Rio de Janeiro,514320,Faxineiro,4688,1627.48,1518.04,1600.0,1711.6,1707.77,44.0,False,12,False,1518.0,1.072,7.17,2.08
2026,CNAE 56 - alimentação,Rio de Janeiro,514320,Faxineiro,2837,1733.4,1621.0,1700.0,1800.68,1753.28,44.0,False,7,True,1621.0,1.069,6.51,2.66
2021,CNAE 56 - alimentação,Rio de Janeiro,521140,Atendente de lojas e mercados,1291,1240.69,1165.74,1238.11,1283.73,1617.11,44.0,False,12,False,1100.0,1.128,,
2022,CNAE 56 - alimentação,Rio de Janeiro,521140,Atendente de lojas e mercados,1886,1319.28,1238.11,1300.0,1331.2,1586.17,44.0,False,12,False,1212.0,1.089,6.33,-1.91
2023,CNAE 56 - alimentação,Rio de Janeiro,521140,Atendente de lojas e mercados,2227,1400.33,1320.0,1363.91,1450.0,1610.18,44.0,False,12,False,1314.0,1.066,6.14,1.51
2024,CNAE 56 - alimentação,Rio de Janeiro,521140,Atendente de lojas e mercados,2529,1538.45,1428.0,1535.0,1560.0,1693.06,44.0,False,12,False,1412.0,1.09,9.86,5.15
2025,CNAE 56 - alimentação,Rio de Janeiro,521140,Atendente de lojas e mercados,2765,1634.46,1530.0,1600.0,1712.0,1713.93,44.0,False,12,False,1518.0,1.077,6.24,1.23
2026,CNAE 56 - alimentação,Rio de Janeiro,521140,Atendente de lojas e mercados,1784,1739.85,1629.1,1724.59,1801.0,1759.15,44.0,False,7,True,1621.0,1.073,6.45,2.64
2021,CNAE 56 - alimentação,Salvador,141510,Gerente de restaurante,122,2073.94,1489.68,1600.0,2176.35,2716.84,44.0,False,12,False,1100.0,1.885,,
2022,CNAE 56 - alimentação,Salvador,141510,Gerente de restaurante,176,2043.51,1486.25,1792.87,2350.0,2455.68,44.0,False,12,False,1212.0,1.686,-1.47,-9.61
2023,CNAE 56 - alimentação,Salvador,141510,Gerente de restaurante,145,2281.07,1565.4,2000.0,2500.0,2623.05,44.0,False,12,False,1314.0,1.736,11.63,6.82
2024,CNAE 56 - alimentação,Salvador,141510,Gerente de restaurante,171,2409.65,1722.92,2070.39,2824.0,2657.16,44.0,False,12,False,1412.0,1.707,5.64,1.3
2025,CNAE 56 - alimentação,Salvador,141510,Gerente de restaurante,176,2586.57,1800.0,2230.89,3000.0,2717.0,44.0,False,12,False,1518.0,1.704,7.34,2.25
2026,CNAE 56 - alimentação,Salvador,141510,Gerente de restaurante,99,2852.05,2000.0,2500.0,3175.86,2883.8,44.0,False,7,True,1621.0,1.759,10.26,6.14
2021,CNAE 56 - alimentação,Salvador,141515,Gerente de bar,13,1612.58,1300.0,1500.0,1800.0,2098.23,44.0,True,12,False,1100.0,1.466,,
2022,CNAE 56 - alimentação,Salvador,141515,Gerente de bar,35,1787.65,1400.0,1700.0,1978.36,2154.65,44.0,False,12,False,1212.0,1.475,10.86,2.69
2023,CNAE 56 - alimentação,Salvador,141515,Gerente de bar,18,2303.1,1574.0,1870.0,2450.0,2656.31,44.0,True,12,False,1314.0,1.753,28.83,23.28
2024,CNAE 56 - alimentação,Salvador,141515,Gerente de bar,22,2175.97,1600.0,1950.0,2409.76,2383.66,44.0,True,12,False,1412.0,1.541,-5.52,-10.26
2025,CNAE 56 - alimentação,Salvador,141515,Gerente de bar,8,2079.75,1757.8,2045.0,2503.56,2184.09,44.0,True,12,False,1518.0,1.37,-4.42,-8.37
2026,CNAE 56 - alimentação,Salvador,141515,Gerente de bar,11,2690.44,2312.43,2500.0,2850.0,2733.7,44.0,True,7,True,1621.0,1.66,29.36,25.16
2021,CNAE 56 - alimentação,Salvador,371410,Recreador,2,1126.5,1123.25,1126.5,1129.75,1419.83,44.0,True,12,False,1100.0,1.024,,
2022,CNAE 56 - alimentação,Salvador,371410,Recreador,4,1207.25,1207.25,1232.0,1232.0,1489.39,44.0,True,12,False,1212.0,0.996,7.17,4.9
2023,CNAE 56 - alimentação,Salvador,371410,Recreador,12,1345.2,1322.0,1331.0,1343.8,1559.29,44.0,True,12,False,1314.0,1.024,11.43,4.69
2024,CNAE 56 - alimentação,Salvador,371410,Recreador,5,1422.0,1412.0,1412.0,1437.0,1579.36,44.0,True,12,False,1412.0,1.007,5.71,1.29
2025,CNAE 56 - alimentação,Salvador,371410,Recreador,11,1592.97,1543.0,1625.09,1625.09,1676.21,44.0,True,12,False,1518.0,1.049,12.02,6.13
2026,CNAE 56 - alimentação,Salvador,371410,Recreador,4,1630.32,1624.07,1625.09,1631.34,1667.74,44.0,True,7,True,1621.0,1.006,2.34,-0.51
2021,CNAE 56 - alimentação,Salvador,421125,Operador de caixa,434,1136.8,1100.0,1101.95,1133.0,1490.43,44.0,False,12,False,1100.0,1.033,,
2022,CNAE 56 - alimentação,Salvador,421125,Operador de caixa,504,1251.74,1232.0,1235.0,1235.0,1507.67,44.0,False,12,False,1212.0,1.033,10.11,1.16
2023,CNAE 56 - alimentação,Salvador,421125,Operador de caixa,542,1352.01,1322.0,1340.0,1341.5,1555.23,44.0,False,12,False,1314.0,1.029,8.01,3.15
2024,CNAE 56 - alimentação,Salvador,421125,Operador de caixa,530,1453.46,1436.5,1437.0,1437.0,1601.39,44.0,False,12,False,1412.0,1.029,7.5,2.97
2025,CNAE 56 - alimentação,Salvador,421125,Operador de caixa,557,1603.74,1543.0,1600.0,1625.09,1682.73,44.0,False,12,False,1518.0,1.056,10.34,5.08
2026,CNAE 56 - alimentação,Salvador,421125,Operador de caixa,370,1654.6,1625.09,1625.09,1646.0,1673.38,44.0,False,7,True,1621.0,1.021,3.17,-0.56
2021,CNAE 56 - alimentação,Salvador,513205,Cozinheiro geral,1051,1310.41,1120.0,1200.0,1400.0,1709.61,44.0,False,12,False,1100.0,1.191,,
2022,CNAE 56 - alimentação,Salvador,513205,Cozinheiro geral,1618,1351.7,1218.26,1235.0,1404.0,1624.14,44.0,False,12,False,1212.0,1.115,3.15,-5.0
2023,CNAE 56 - alimentação,Salvador,513205,Cozinheiro geral,1391,1490.78,1338.0,1400.0,1600.0,1714.02,44.0,False,12,False,1314.0,1.135,10.29,5.53
2024,CNAE 56 - alimentação,Salvador,513205,Cozinheiro geral,1933,1561.78,1434.14,1437.0,1600.0,1724.59,44.0,False,12,False,1412.0,1.106,4.76,0.62
2025,CNAE 56 - alimentação,Salvador,513205,Cozinheiro geral,2042,1701.87,1537.83,1625.09,1800.0,1788.24,44.0,False,12,False,1518.0,1.121,8.97,3.69
2026,CNAE 56 - alimentação,Salvador,513205,Cozinheiro geral,1083,1820.08,1646.0,1700.0,1900.0,1839.61,44.0,False,7,True,1621.0,1.123,6.95,2.87
2021,CNAE 56 - alimentação,Salvador,513405,Garçom,931,1134.7,1100.0,1120.0,1130.0,1472.85,44.0,False,12,False,1100.0,1.032,,
2022,CNAE 56 - alimentação,Salvador,513405,Garçom,1123,1249.03,1232.0,1235.0,1235.0,1501.56,44.0,False,12,False,1212.0,1.031,10.08,1.95
2023,CNAE 56 - alimentação,Salvador,513405,Garçom,1366,1350.77,1322.0,1340.0,1340.0,1552.6,44.0,False,12,False,1314.0,1.028,8.15,3.4
2024,CNAE 56 - alimentação,Salvador,513405,Garçom,1362,1450.2,1437.0,1437.0,1437.0,1596.25,44.0,False,12,False,1412.0,1.027,7.36,2.81
2025,CNAE 56 - alimentação,Salvador,513405,Garçom,1588,1588.79,1543.0,1600.0,1625.09,1666.62,44.0,False,12,False,1518.0,1.047,9.56,4.41
2026,CNAE 56 - alimentação,Salvador,513405,Garçom,866,1645.78,1625.09,1625.09,1646.0,1665.46,44.0,False,7,True,1621.0,1.015,3.59,-0.07
2021,CNAE 56 - alimentação,Salvador,513415,Cumim,282,1121.96,1100.0,1100.0,1120.0,1451.79,44.0,False,12,False,1100.0,1.02,,
2022,CNAE 56 - alimentação,Salvador,513415,Cumim,409,1238.33,1232.0,1235.0,1235.0,1490.3,44.0,False,12,False,1212.0,1.022,10.37,2.65
2023,CNAE 56 - alimentação,Salvador,513415,Cumim,461,1339.08,1322.0,1340.0,1340.0,1539.89,44.0,False,12,False,1314.0,1.019,8.14,3.33
2024,CNAE 56 - alimentação,Salvador,513415,Cumim,563,1440.81,1437.0,1437.0,1437.0,1586.01,44.0,False,12,False,1412.0,1.02,7.6,3.0
2025,CNAE 56 - alimentação,Salvador,513415,Cumim,674,1584.01,1543.0,1625.09,1625.09,1663.3,44.0,False,12,False,1518.0,1.043,9.94,4.87
2026,CNAE 56 - alimentação,Salvador,513415,Cumim,315,1636.45,1625.09,1625.09,1625.09,1654.89,44.0,False,7,True,1621.0,1.01,3.31,-0.51
2021,CNAE 56 - alimentação,Salvador,513420,Barman,186,1160.17,1100.0,1120.0,1185.81,1508.43,44.0,False,12,False,1100.0,1.055,,
2022,CNAE 56 - alimentação,Salvador,513420,Barman,246,1280.48,1232.0,1235.0,1300.0,1539.55,44.0,False,12,False,1212.0,1.057,10.37,2.06
2023,CNAE 56 - alimentação,Salvador,513420,Barman,270,1359.09,1322.0,1340.0,1340.0,1563.81,44.0,False,12,False,1314.0,1.034,6.14,1.58
2024,CNAE 56 - alimentação,Salvador,513420,Barman,320,1472.03,1437.0,1437.0,1440.0,1618.75,44.0,False,12,False,1412.0,1.043,8.31,3.51
2025,CNAE 56 - alimentação,Salvador,513420,Barman,317,1630.09,1543.0,1625.09,1660.45,1708.09,44.0,False,12,False,1518.0,1.074,10.74,5.52
2026,CNAE 56 - alimentação,Salvador,513420,Barman,198,1677.46,1625.09,1625.09,1706.34,1696.73,44.0,False,7,True,1621.0,1.035,2.91,-0.67
2021,CNAE 56 - alimentação,Salvador,513435,Atendente de lanchonete,1240,1121.89,1100.0,1100.0,1120.0,1458.2,44.0,False,12,False,1100.0,1.02,,
2022,CNAE 56 - alimentação,Salvador,513435,Atendente de lanchonete,1810,1242.53,1232.0,1235.0,1235.0,1492.9,44.0,False,12,False,1212.0,1.025,10.75,2.38
2023,CNAE 56 - alimentação,Salvador,513435,Atendente de lanchonete,2123,1338.78,1322.0,1340.0,1340.0,1538.32,44.0,False,12,False,1314.0,1.019,7.75,3.04
2024,CNAE 56 - alimentação,Salvador,513435,Atendente de lanchonete,2402,1434.73,1412.0,1437.0,1437.0,1579.05,44.0,False,12,False,1412.0,1.016,7.17,2.65
2025,CNAE 56 - alimentação,Salvador,513435,Atendente de lanchonete,2672,1568.27,1518.0,1543.0,1625.09,1645.45,44.0,False,12,False,1518.0,1.033,9.31,4.21
2026,CNAE 56 - alimentação,Salvador,513435,Atendente de lanchonete,1873,1635.42,1621.0,1625.09,1646.0,1653.5,44.0,False,7,True,1621.0,1.009,4.28,0.49
2021,CNAE 56 - alimentação,Salvador,513505,Auxiliar nos serviços de alimentação,1252,1155.54,1100.0,1120.0,1200.0,1506.9,44.0,False,12,False,1100.0,1.05,,
2022,CNAE 56 - alimentação,Salvador,513505,Auxiliar nos serviços de alimentação,1784,1260.54,1232.0,1235.0,1269.48,1516.7,44.0,False,12,False,1212.0,1.04,9.09,0.65
2023,CNAE 56 - alimentação,Salvador,513505,Auxiliar nos serviços de alimentação,1971,1358.79,1322.0,1340.0,1364.35,1561.92,44.0,False,12,False,1314.0,1.034,7.79,2.98
2024,CNAE 56 - alimentação,Salvador,513505,Auxiliar nos serviços de alimentação,2207,1454.33,1437.0,1437.0,1444.63,1601.91,44.0,False,12,False,1412.0,1.03,7.03,2.56
2025,CNAE 56 - alimentação,Salvador,513505,Auxiliar nos serviços de alimentação,2584,1595.76,1543.0,1601.51,1625.09,1673.31,44.0,False,12,False,1518.0,1.051,9.72,4.46
2026,CNAE 56 - alimentação,Salvador,513505,Auxiliar nos serviços de alimentação,1596,1671.57,1625.09,1625.09,1700.0,1689.0,44.0,False,7,True,1621.0,1.031,4.75,0.94
2021,CNAE 56 - alimentação,Salvador,514320,Faxineiro,625,1125.64,1100.0,1100.0,1120.0,1463.39,44.0,False,12,False,1100.0,1.023,,
2022,CNAE 56 - alimentação,Salvador,514320,Faxineiro,839,1244.53,1232.0,1235.0,1235.0,1495.08,44.0,False,12,False,1212.0,1.027,10.56,2.17
2023,CNAE 56 - alimentação,Salvador,514320,Faxineiro,1009,1355.93,1322.0,1340.0,1340.0,1558.31,44.0,False,12,False,1314.0,1.032,8.95,4.23
2024,CNAE 56 - alimentação,Salvador,514320,Faxineiro,1196,1444.82,1437.0,1437.0,1437.0,1589.65,44.0,False,12,False,1412.0,1.023,6.56,2.01
2025,CNAE 56 - alimentação,Salvador,514320,Faxineiro,1373,1584.1,1543.0,1602.83,1625.09,1661.08,44.0,False,12,False,1518.0,1.044,9.64,4.49
2026,CNAE 56 - alimentação,Salvador,514320,Faxineiro,874,1643.79,1625.09,1625.09,1646.0,1661.71,44.0,False,7,True,1621.0,1.014,3.77,0.04
2021,CNAE 56 - alimentação,Salvador,521140,Atendente de lojas e mercados,374,1113.34,1100.0,1100.0,1120.0,1442.87,44.0,False,12,False,1100.0,1.012,,
2022,CNAE 56 - alimentação,Salvador,521140,Atendente de lojas e mercados,433,1231.67,1212.0,1232.0,1235.0,1480.76,44.0,False,12,False,1212.0,1.016,10.63,2.63
2023,CNAE 56 - alimentação,Salvador,521140,Atendente de lojas e mercados,478,1330.86,1320.0,1322.0,1340.0,1531.39,44.0,False,12,False,1314.0,1.013,8.05,3.42
2024,CNAE 56 - alimentação,Salvador,521140,Atendente de lojas e mercados,599,1435.73,1412.0,1437.0,1437.0,1579.57,44.0,False,12,False,1412.0,1.017,7.88,3.15
2025,CNAE 56 - alimentação,Salvador,521140,Atendente de lojas e mercados,770,1581.06,1518.0,1543.0,1625.09,1657.26,44.0,False,12,False,1518.0,1.042,10.12,4.92
2026,CNAE 56 - alimentação,Salvador,521140,Atendente de lojas e mercados,498,1651.47,1621.0,1625.09,1660.0,1671.17,44.0,False,7,True,1621.0,1.019,4.45,0.84
2021,CNAE 56 - alimentação,São Luís,141510,Gerente de restaurante,26,2528.81,1500.0,2173.77,3603.87,3356.27,44.0,True,12,False,1100.0,2.299,,
2022,CNAE 56 - alimentação,São Luís,141510,Gerente de restaurante,22,3483.85,1500.0,2368.24,3577.9,4194.49,44.0,True,12,False,1212.0,2.874,37.77,24.97
2023,CNAE 56 - alimentação,São Luís,141510,Gerente de restaurante,28,2033.11,1500.0,1897.65,2423.2,2343.31,44.0,True,12,False,1314.0,1.547,-41.64,-44.13
2024,CNAE 56 - alimentação,São Luís,141510,Gerente de restaurante,47,2853.29,1700.0,2297.67,4013.5,3118.44,44.0,False,12,False,1412.0,2.021,40.34,33.08
2025,CNAE 56 - alimentação,São Luís,141510,Gerente de restaurante,48,2654.47,1788.6,2314.34,3050.0,2776.04,44.0,False,12,False,1518.0,1.749,-6.97,-10.98
2026,CNAE 56 - alimentação,São Luís,141510,Gerente de restaurante,24,2891.44,2000.0,2133.5,3125.0,2922.06,44.0,True,7,True,1621.0,1.784,8.93,5.26
2021,CNAE 56 - alimentação,São Luís,141515,Gerente de bar,4,2094.12,1825.0,2250.0,2519.12,2804.35,44.0,True,12,False,1100.0,1.904,,
2022,CNAE 56 - alimentação,São Luís,141515,Gerente de bar,6,1856.0,1531.0,1712.0,1950.0,2245.32,44.0,True,12,False,1212.0,1.531,-11.37,-19.93
2023,CNAE 56 - alimentação,São Luís,141515,Gerente de bar,2,1782.3,1641.15,1782.3,1923.44,2045.17,42.0,True,12,False,1314.0,1.356,-3.97,-8.91
2024,CNAE 56 - alimentação,São Luís,141515,Gerente de bar,7,1616.5,1447.0,1533.82,1720.35,1790.49,44.0,True,12,False,1412.0,1.145,-9.3,-12.45
2025,CNAE 56 - alimentação,São Luís,141515,Gerente de bar,4,2016.4,1916.4,2100.0,2200.0,2112.15,44.0,True,12,False,1518.0,1.328,24.74,17.96
2026,CNAE 56 - alimentação,São Luís,141515,Gerente de bar,3,2287.47,2132.76,2500.0,2548.45,2313.28,44.0,True,7,True,1621.0,1.411,13.44,9.52
2021,CNAE 56 - alimentação,São Luís,371410,Recreador,6,1196.55,1195.1,1195.1,1195.1,1540.92,44.0,True,12,False,1100.0,1.088,,
2022,CNAE 56 - alimentação,São Luís,371410,Recreador,4,1335.47,1335.47,1336.23,1336.23,1611.84,44.0,True,12,False,1212.0,1.102,11.61,4.6
2023,CNAE 56 - alimentação,São Luís,371410,Recreador,8,1387.04,1337.0,1417.22,1417.22,1597.17,44.0,True,12,False,1314.0,1.056,3.86,-0.91
2024,CNAE 56 - alimentação,São Luís,371410,Recreador,5,1458.41,1447.0,1447.0,1447.0,1613.52,44.0,True,12,False,1412.0,1.033,5.15,1.02
2025,CNAE 56 - alimentação,São Luís,371410,Recreador,16,1631.86,1548.2,1665.59,1665.59,1706.81,44.0,True,12,False,1518.0,1.075,11.89,5.78
2026,CNAE 56 - alimentação,São Luís,371410,Recreador,3,1665.59,1665.59,1665.59,1665.59,1671.76,44.0,True,7,True,1621.0,1.028,2.07,-2.05
2021,CNAE 56 - alimentação,São Luís,421125,Operador de caixa,161,1180.78,1132.05,1188.75,1195.1,1547.2,44.0,False,12,False,1100.0,1.073,,
2022,CNAE 56 - alimentação,São Luís,421125,Operador de caixa,216,1320.32,1275.62,1336.23,1336.23,1586.76,44.0,False,12,False,1212.0,1.089,11.82,2.56
2023,CNAE 56 - alimentação,São Luís,421125,Operador de caixa,249,1388.18,1337.0,1414.39,1417.22,1597.39,44.0,False,12,False,1314.0,1.056,5.14,0.67
2024,CNAE 56 - alimentação,São Luís,421125,Operador de caixa,264,1506.37,1447.0,1532.72,1533.82,1660.7,44.0,False,12,False,1412.0,1.067,8.51,3.96
2025,CNAE 56 - alimentação,São Luís,421125,Operador de caixa,264,1623.56,1553.0,1665.59,1665.59,1702.17,44.0,False,12,False,1518.0,1.07,7.78,2.5
2026,CNAE 56 - alimentação,São Luís,421125,Operador de caixa,152,1682.38,1665.59,1665.59,1665.59,1704.09,44.0,False,7,True,1621.0,1.038,3.62,0.11
2021,CNAE 56 - alimentação,São Luís,513205,Cozinheiro geral,395,1288.79,1171.58,1195.1,1300.0,1692.52,44.0,False,12,False,1100.0,1.172,,
2022,CNAE 56 - alimentação,São Luís,513205,Cozinheiro geral,618,1378.37,1278.0,1336.23,1400.0,1656.27,44.0,False,12,False,1212.0,1.137,6.95,-2.14
2023,CNAE 56 - alimentação,São Luís,513205,Cozinheiro geral,579,1438.22,1336.23,1417.22,1449.95,1652.45,44.0,False,12,False,1314.0,1.095,4.34,-0.23
2024,CNAE 56 - alimentação,São Luís,513205,Cozinheiro geral,693,1549.57,1447.0,1532.17,1550.57,1708.14,44.0,False,12,False,1412.0,1.097,7.74,3.37
2025,CNAE 56 - alimentação,São Luís,513205,Cozinheiro geral,645,1734.15,1553.0,1665.59,1700.0,1819.49,44.0,False,12,False,1518.0,1.142,11.91,6.52
2026,CNAE 56 - alimentação,São Luís,513205,Cozinheiro geral,387,1770.6,1665.59,1665.59,1787.35,1793.38,44.0,False,7,True,1621.0,1.092,2.1,-1.44
2021,CNAE 56 - alimentação,São Luís,513405,Garçom,253,1198.51,1132.05,1195.1,1195.1,1568.59,44.0,False,12,False,1100.0,1.09,,
2022,CNAE 56 - alimentação,São Luís,513405,Garçom,305,1332.4,1272.6,1336.23,1336.23,1603.25,44.0,False,12,False,1212.0,1.099,11.17,2.21
2023,CNAE 56 - alimentação,São Luís,513405,Garçom,308,1397.52,1337.0,1408.25,1417.22,1608.19,44.0,False,12,False,1314.0,1.064,4.89,0.31
2024,CNAE 56 - alimentação,São Luís,513405,Garçom,473,1495.31,1447.0,1447.0,1533.82,1648.99,44.0,False,12,False,1412.0,1.059,7.0,2.54
2025,CNAE 56 - alimentação,São Luís,513405,Garçom,420,1634.82,1553.0,1665.59,1665.59,1713.98,44.0,False,12,False,1518.0,1.077,9.33,3.94
2026,CNAE 56 - alimentação,São Luís,513405,Garçom,179,1711.05,1665.59,1665.59,1687.09,1731.37,44.0,False,7,True,1621.0,1.056,4.66,1.01
2021,CNAE 56 - alimentação,São Luís,513415,Cumim,65,1159.17,1132.07,1171.67,1195.1,1521.15,44.0,False,12,False,1100.0,1.054,,
2022,CNAE 56 - alimentação,São Luís,513415,Cumim,99,1319.68,1333.2,1336.23,1336.23,1588.35,44.0,False,12,False,1212.0,1.089,13.85,4.42
2023,CNAE 56 - alimentação,São Luís,513415,Cumim,91,1390.07,1337.0,1361.97,1417.22,1596.6,44.0,False,12,False,1314.0,1.058,5.33,0.52
2024,CNAE 56 - alimentação,São Luís,513415,Cumim,126,1495.44,1447.0,1447.0,1533.82,1648.02,44.0,False,12,False,1412.0,1.059,7.58,3.22
2025,CNAE 56 - alimentação,São Luís,513415,Cumim,129,1612.73,1553.0,1665.59,1665.59,1691.16,44.0,False,12,False,1518.0,1.062,7.84,2.62
2026,CNAE 56 - alimentação,São Luís,513415,Cumim,50,1673.6,1665.59,1665.59,1665.59,1686.55,44.0,False,7,True,1621.0,1.032,3.77,-0.27
2021,CNAE 56 - alimentação,São Luís,513420,Barman,63,1231.63,1171.67,1195.1,1214.85,1603.09,44.0,False,12,False,1100.0,1.12,,
2022,CNAE 56 - alimentação,São Luís,513420,Barman,72,1368.54,1272.6,1336.23,1336.23,1646.91,44.0,False,12,False,1212.0,1.129,11.12,2.73
2023,CNAE 56 - alimentação,São Luís,513420,Barman,88,1416.98,1337.0,1417.22,1417.22,1629.31,44.0,False,12,False,1314.0,1.078,3.54,-1.07
2024,CNAE 56 - alimentação,São Luís,513420,Barman,133,1516.8,1447.0,1533.82,1533.82,1671.22,44.0,False,12,False,1412.0,1.074,7.04,2.57
2025,CNAE 56 - alimentação,São Luís,513420,Barman,92,1662.7,1553.0,1665.59,1665.59,1745.35,44.0,False,12,False,1518.0,1.095,9.62,4.44
2026,CNAE 56 - alimentação,São Luís,513420,Barman,54,1693.31,1665.59,1665.59,1665.59,1717.26,44.0,False,7,True,1621.0,1.045,1.84,-1.61
2021,CNAE 56 - alimentação,São Luís,513435,Atendente de lanchonete,406,1167.76,1132.05,1171.67,1195.1,1524.36,44.0,False,12,False,1100.0,1.062,,
2022,CNAE 56 - alimentação,São Luís,513435,Atendente de lanchonete,735,1301.15,1272.6,1336.23,1336.23,1562.2,44.0,False,12,False,1212.0,1.074,11.42,2.48
2023,CNAE 56 - alimentação,São Luís,513435,Atendente de lanchonete,676,1374.81,1336.26,1352.81,1417.22,1578.92,44.0,False,12,False,1314.0,1.046,5.66,1.07
2024,CNAE 56 - alimentação,São Luís,513435,Atendente de lanchonete,937,1474.8,1447.0,1447.0,1533.82,1625.81,44.0,False,12,False,1412.0,1.044,7.27,2.97
2025,CNAE 56 - alimentação,São Luís,513435,Atendente de lanchonete,959,1608.14,1553.0,1589.89,1665.59,1684.67,44.0,False,12,False,1518.0,1.059,9.04,3.62
2026,CNAE 56 - alimentação,São Luís,513435,Atendente de lanchonete,551,1675.59,1665.59,1665.59,1681.86,1695.06,44.0,False,7,True,1621.0,1.034,4.19,0.62
2021,CNAE 56 - alimentação,São Luís,513505,Auxiliar nos serviços de alimentação,502,1194.22,1132.05,1171.67,1195.1,1566.28,44.0,False,12,False,1100.0,1.086,,
2022,CNAE 56 - alimentação,São Luís,513505,Auxiliar nos serviços de alimentação,788,1304.96,1251.28,1336.23,1336.23,1569.15,44.0,False,12,False,1212.0,1.077,9.27,0.18
2023,CNAE 56 - alimentação,São Luís,513505,Auxiliar nos serviços de alimentação,768,1381.66,1336.23,1353.05,1417.22,1587.66,44.0,False,12,False,1314.0,1.051,5.88,1.18
2024,CNAE 56 - alimentação,São Luís,513505,Auxiliar nos serviços de alimentação,1100,1482.75,1435.12,1447.0,1533.82,1629.65,44.0,False,12,False,1412.0,1.05,7.32,2.64
2025,CNAE 56 - alimentação,São Luís,513505,Auxiliar nos serviços de alimentação,1047,1611.01,1550.0,1553.0,1665.59,1689.18,44.0,False,12,False,1518.0,1.061,8.65,3.65
2026,CNAE 56 - alimentação,São Luís,513505,Auxiliar nos serviços de alimentação,799,1680.85,1665.59,1665.59,1670.0,1702.69,44.0,False,7,True,1621.0,1.037,4.34,0.8
2021,CNAE 56 - alimentação,São Luís,514320,Faxineiro,175,1176.3,1132.05,1188.65,1195.1,1538.86,44.0,False,12,False,1100.0,1.069,,
2022,CNAE 56 - alimentação,São Luís,514320,Faxineiro,238,1344.49,1214.85,1333.2,1336.23,1613.79,44.0,False,12,False,1212.0,1.109,14.3,4.87
2023,CNAE 56 - alimentação,São Luís,514320,Faxineiro,360,1358.56,1335.0,1341.08,1363.98,1560.32,44.0,False,12,False,1314.0,1.034,1.05,-3.31
2024,CNAE 56 - alimentação,São Luís,514320,Faxineiro,444,1464.21,1429.59,1447.0,1533.82,1612.75,44.0,False,12,False,1412.0,1.037,7.78,3.36
2025,CNAE 56 - alimentação,São Luís,514320,Faxineiro,455,1587.62,1533.82,1553.0,1665.59,1663.69,44.0,False,12,False,1518.0,1.046,8.43,3.16
2026,CNAE 56 - alimentação,São Luís,514320,Faxineiro,469,1652.32,1636.74,1636.74,1665.59,1678.39,44.0,False,7,True,1621.0,1.019,4.08,0.88
2021,CNAE 56 - alimentação,São Luís,521140,Atendente de lojas e mercados,175,1189.37,1132.05,1171.67,1214.85,1569.88,44.0,False,12,False,1100.0,1.081,,
2022,CNAE 56 - alimentação,São Luís,521140,Atendente de lojas e mercados,119,1337.25,1333.2,1336.23,1336.23,1601.32,44.0,False,12,False,1212.0,1.103,12.43,2.0
2023,CNAE 56 - alimentação,São Luís,521140,Atendente de lojas e mercados,145,1401.99,1337.0,1417.22,1417.22,1610.16,44.0,False,12,False,1314.0,1.067,4.84,0.55
2024,CNAE 56 - alimentação,São Luís,521140,Atendente de lojas e mercados,200,1514.74,1447.0,1533.82,1533.82,1665.57,44.0,False,12,False,1412.0,1.073,8.04,3.44
2025,CNAE 56 - alimentação,São Luís,521140,Atendente de lojas e mercados,200,1612.94,1553.0,1665.0,1665.59,1694.87,44.0,False,12,False,1518.0,1.063,6.48,1.76
2026,CNAE 56 - alimentação,São Luís,521140,Atendente de lojas e mercados,83,1694.39,1665.59,1665.59,1678.01,1710.53,44.0,False,7,True,1621.0,1.045,5.05,0.92
2021,CNAE 56 - alimentação,São Paulo,141510,Gerente de restaurante,1298,2601.35,1800.0,2285.42,3200.0,3393.35,44.0,False,12,False,1100.0,2.365,,
2022,CNAE 56 - alimentação,São Paulo,141510,Gerente de restaurante,1811,2679.32,1953.23,2399.73,3196.78,3220.72,44.0,False,12,False,1212.0,2.211,3.0,-5.09
2023,CNAE 56 - alimentação,São Paulo,141510,Gerente de restaurante,1901,2827.63,2000.0,2500.0,3300.0,3250.05,44.0,False,12,False,1314.0,2.152,5.54,0.91
2024,CNAE 56 - alimentação,São Paulo,141510,Gerente de restaurante,2015,3002.91,2213.18,2678.04,3500.0,3308.27,44.0,False,12,False,1412.0,2.127,6.2,1.79
2025,CNAE 56 - alimentação,São Paulo,141510,Gerente de restaurante,2285,3300.4,2500.0,2981.33,3869.0,3458.9,44.0,False,12,False,1518.0,2.174,9.91,4.55
2026,CNAE 56 - alimentação,São Paulo,141510,Gerente de restaurante,1706,3428.0,2600.0,3000.0,3870.32,3465.2,44.0,False,7,True,1621.0,2.115,3.87,0.18
2021,CNAE 56 - alimentação,São Paulo,141515,Gerente de bar,311,2163.05,1528.94,2000.0,2500.0,2821.99,44.0,False,12,False,1100.0,1.966,,
2022,CNAE 56 - alimentação,São Paulo,141515,Gerente de bar,429,2406.54,1720.0,2000.0,2936.0,2897.51,44.0,False,12,False,1212.0,1.986,11.26,2.68
2023,CNAE 56 - alimentação,São Paulo,141515,Gerente de bar,407,2683.18,2000.0,2430.0,3066.4,3080.59,44.0,False,12,False,1314.0,2.042,11.5,6.32
2024,CNAE 56 - alimentação,São Paulo,141515,Gerente de bar,530,3075.76,2107.21,2606.51,3500.0,3380.21,44.0,False,12,False,1412.0,2.178,14.63,9.73
2025,CNAE 56 - alimentação,São Paulo,141515,Gerente de bar,440,3182.28,2300.0,2835.86,3603.72,3337.6,44.0,False,12,False,1518.0,2.096,3.46,-1.26
2026,CNAE 56 - alimentação,São Paulo,141515,Gerente de bar,303,3235.16,2350.0,3000.0,3751.42,3271.96,44.0,False,7,True,1621.0,1.996,1.66,-1.97
2021,CNAE 56 - alimentação,São Paulo,371410,Recreador,25,1436.18,1266.9,1300.0,1368.96,1844.61,44.0,True,12,False,1100.0,1.306,,
2022,CNAE 56 - alimentação,São Paulo,371410,Recreador,60,1495.64,1300.0,1444.73,1609.0,1793.02,44.0,False,12,False,1212.0,1.234,4.14,-2.8
2023,CNAE 56 - alimentação,São Paulo,371410,Recreador,62,1587.61,1441.0,1599.9,1801.71,1823.11,44.0,False,12,False,1314.0,1.208,6.15,1.68
2024,CNAE 56 - alimentação,São Paulo,371410,Recreador,75,1718.06,1600.0,1671.73,1803.61,1891.99,44.0,False,12,False,1412.0,1.217,8.22,3.78
2025,CNAE 56 - alimentação,São Paulo,371410,Recreador,70,1822.03,1671.73,1804.0,1949.04,1905.67,44.0,False,12,False,1518.0,1.2,6.05,0.72
2026,CNAE 56 - alimentação,São Paulo,371410,Recreador,39,2005.36,1804.0,2000.0,2070.51,2031.4,44.0,False,7,True,1621.0,1.237,10.06,6.6
2021,CNAE 56 - alimentação,São Paulo,421125,Operador de caixa,2242,1446.4,1287.0,1430.0,1505.0,1885.89,44.0,False,12,False,1100.0,1.315,,
2022,CNAE 56 - alimentação,São Paulo,421125,Operador de caixa,3192,1543.23,1384.0,1517.09,1666.07,1855.71,44.0,False,12,False,1212.0,1.273,6.69,-1.6
2023,CNAE 56 - alimentação,São Paulo,421125,Operador de caixa,3195,1653.89,1500.0,1609.0,1804.73,1901.83,44.0,False,12,False,1314.0,1.259,7.17,2.49
2024,CNAE 56 - alimentação,São Paulo,421125,Operador de caixa,3154,1835.65,1671.73,1800.0,1950.0,2023.07,44.0,False,12,False,1412.0,1.3,10.99,6.37
2025,CNAE 56 - alimentação,São Paulo,421125,Operador de caixa,2994,1988.93,1804.0,1949.05,2130.98,2087.69,44.0,False,12,False,1518.0,1.31,8.35,3.19
2026,CNAE 56 - alimentação,São Paulo,421125,Operador de caixa,1720,2089.94,1869.89,2070.51,2235.24,2114.63,44.0,False,7,True,1621.0,1.289,5.08,1.29
2021,CNAE 56 - alimentação,São Paulo,513205,Cozinheiro geral,11735,1559.44,1320.0,1440.38,1678.9,2039.94,44.0,False,12,False,1100.0,1.418,,
2022,CNAE 56 - alimentação,São Paulo,513205,Cozinheiro geral,17132,1656.26,1376.75,1528.48,1800.0,1996.26,44.0,False,12,False,1212.0,1.367,6.21,-2.14
2023,CNAE 56 - alimentação,São Paulo,513205,Cozinheiro geral,16540,1810.98,1500.65,1700.0,2000.0,2083.9,44.0,False,12,False,1314.0,1.378,9.34,4.39
2024,CNAE 56 - alimentação,São Paulo,513205,Cozinheiro geral,16696,2000.68,1612.96,1893.33,2200.0,2207.13,44.0,False,12,False,1412.0,1.417,10.47,5.91
2025,CNAE 56 - alimentação,São Paulo,513205,Cozinheiro geral,16904,2183.72,1787.59,2052.54,2415.23,2293.06,44.0,False,12,False,1518.0,1.439,9.15,3.89
2026,CNAE 56 - alimentação,São Paulo,513205,Cozinheiro geral,11905,2269.47,1850.0,2102.25,2500.0,2298.69,44.0,False,7,True,1621.0,1.4,3.93,0.25
2021,CNAE 56 - alimentação,São Paulo,513405,Garçom,6570,1432.13,1266.9,1400.0,1473.0,1856.13,44.0,False,12,False,1100.0,1.302,,
2022,CNAE 56 - alimentação,São Paulo,513405,Garçom,11046,1526.15,1384.0,1517.08,1609.0,1833.71,44.0,False,12,False,1212.0,1.259,6.57,-1.21
2023,CNAE 56 - alimentação,São Paulo,513405,Garçom,11558,1649.8,1518.0,1609.0,1807.2,1896.44,44.0,False,12,False,1314.0,1.256,8.1,3.42
2024,CNAE 56 - alimentação,São Paulo,513405,Garçom,12380,1846.18,1671.73,1807.22,1950.0,2032.92,44.0,False,12,False,1412.0,1.307,11.9,7.2
2025,CNAE 56 - alimentação,São Paulo,513405,Garçom,12462,1980.38,1804.0,1949.05,2091.76,2077.15,44.0,False,12,False,1518.0,1.305,7.27,2.18
2026,CNAE 56 - alimentação,São Paulo,513405,Garçom,7232,2071.08,1804.0,2070.0,2200.0,2094.25,44.0,False,7,True,1621.0,1.278,4.58,0.82
2021,CNAE 56 - alimentação,São Paulo,513415,Cumim,2688,1335.98,1230.0,1269.0,1430.0,1734.56,44.0,False,12,False,1100.0,1.215,,
2022,CNAE 56 - alimentação,São Paulo,513415,Cumim,4479,1431.73,1304.91,1384.0,1517.09,1719.74,44.0,False,12,False,1212.0,1.181,7.17,-0.85
2023,CNAE 56 - alimentação,São Paulo,513415,Cumim,5101,1540.78,1384.0,1550.08,1609.0,1771.6,44.0,False,12,False,1314.0,1.173,7.62,3.02
2024,CNAE 56 - alimentação,São Paulo,513415,Cumim,5046,1695.8,1562.51,1671.73,1749.93,1868.78,44.0,False,12,False,1412.0,1.201,10.06,5.49
2025,CNAE 56 - alimentação,São Paulo,513415,Cumim,4810,1813.88,1671.73,1804.0,1881.71,1903.43,44.0,False,12,False,1518.0,1.195,6.96,1.85
2026,CNAE 56 - alimentação,São Paulo,513415,Cumim,2842,1897.21,1804.0,1804.0,2000.0,1918.43,44.0,False,7,True,1621.0,1.17,4.59,0.79
2021,CNAE 56 - alimentação,São Paulo,513420,Barman,1249,1479.08,1271.23,1423.0,1600.0,1917.43,44.0,False,12,False,1100.0,1.345,,
2022,CNAE 56 - alimentação,São Paulo,513420,Barman,2109,1576.44,1384.0,1505.73,1729.27,1894.32,44.0,False,12,False,1212.0,1.301,6.58,-1.21
2023,CNAE 56 - alimentação,São Paulo,513420,Barman,2218,1696.36,1518.0,1609.0,1834.0,1949.81,44.0,False,12,False,1314.0,1.291,7.61,2.93
2024,CNAE 56 - alimentação,São Paulo,513420,Barman,2469,1854.47,1642.0,1800.0,2000.0,2043.28,44.0,False,12,False,1412.0,1.313,9.32,4.79
2025,CNAE 56 - alimentação,São Paulo,513420,Barman,2455,1982.01,1800.0,1926.47,2179.55,2079.54,44.0,False,12,False,1518.0,1.306,6.88,1.77
2026,CNAE 56 - alimentação,São Paulo,513420,Barman,1462,2095.72,1804.0,2040.49,2351.12,2118.91,44.0,False,7,True,1621.0,1.293,5.74,1.89
2021,CNAE 56 - alimentação,São Paulo,513435,Atendente de lanchonete,14471,1326.22,1178.0,1281.22,1440.38,1726.17,44.0,False,12,False,1100.0,1.206,,
2022,CNAE 56 - alimentação,São Paulo,513435,Atendente de lanchonete,23889,1438.3,1266.9,1384.0,1600.0,1727.75,44.0,False,12,False,1212.0,1.187,8.45,0.09
2023,CNAE 56 - alimentação,São Paulo,513435,Atendente de lanchonete,27007,1548.53,1384.0,1511.24,1695.74,1779.98,44.0,False,12,False,1314.0,1.178,7.66,3.02
2024,CNAE 56 - alimentação,São Paulo,513435,Atendente de lanchonete,33021,1664.55,1468.48,1608.12,1807.23,1832.21,44.0,False,12,False,1412.0,1.179,7.49,2.93
2025,CNAE 56 - alimentação,São Paulo,513435,Atendente de lanchonete,38756,1760.77,1608.12,1671.73,1926.54,1846.52,44.0,False,12,False,1518.0,1.16,5.78,0.78
2026,CNAE 56 - alimentação,São Paulo,513435,Atendente de lanchonete,26000,1855.93,1688.53,1800.0,2000.0,1876.69,44.0,False,7,True,1621.0,1.145,5.4,1.63
2021,CNAE 56 - alimentação,São Paulo,513505,Auxiliar nos serviços de alimentação,18081,1388.66,1266.9,1350.0,1460.0,1811.1,44.0,False,12,False,1100.0,1.262,,
2022,CNAE 56 - alimentação,São Paulo,513505,Auxiliar nos serviços de alimentação,27174,1500.07,1384.0,1472.9,1600.0,1802.93,44.0,False,12,False,1212.0,1.238,8.02,-0.45
2023,CNAE 56 - alimentação,São Paulo,513505,Auxiliar nos serviços de alimentação,30914,1624.12,1500.0,1609.0,1737.72,1867.03,44.0,False,12,False,1314.0,1.236,8.27,3.56
2024,CNAE 56 - alimentação,São Paulo,513505,Auxiliar nos serviços de alimentação,33264,1792.39,1650.06,1767.61,1900.0,1975.17,44.0,False,12,False,1412.0,1.269,10.36,5.79
2025,CNAE 56 - alimentação,São Paulo,513505,Auxiliar nos serviços de alimentação,33879,1930.73,1790.0,1903.5,2064.0,2025.32,44.0,False,12,False,1518.0,1.272,7.72,2.54
2026,CNAE 56 - alimentação,São Paulo,513505,Auxiliar nos serviços de alimentação,21399,2041.96,1834.0,2000.0,2153.47,2064.65,44.0,False,7,True,1621.0,1.26,5.76,1.94
2021,CNAE 56 - alimentação,São Paulo,514320,Faxineiro,3356,1361.27,1253.07,1267.0,1430.0,1764.02,44.0,False,12,False,1100.0,1.238,,
2022,CNAE 56 - alimentação,São Paulo,514320,Faxineiro,4343,1479.67,1350.0,1440.38,1595.15,1777.68,44.0,False,12,False,1212.0,1.221,8.7,0.77
2023,CNAE 56 - alimentação,São Paulo,514320,Faxineiro,6000,1586.95,1473.98,1550.08,1702.47,1821.18,44.0,False,12,False,1314.0,1.208,7.25,2.45
2024,CNAE 56 - alimentação,São Paulo,514320,Faxineiro,8546,1698.72,1590.0,1614.9,1790.0,1872.66,44.0,False,12,False,1412.0,1.203,7.04,2.83
2025,CNAE 56 - alimentação,São Paulo,514320,Faxineiro,7685,1835.75,1717.2,1790.0,1933.2,1926.22,44.0,False,12,False,1518.0,1.209,8.07,2.86
2026,CNAE 56 - alimentação,São Paulo,514320,Faxineiro,4307,1951.44,1804.0,1850.0,2070.51,1975.17,44.0,False,7,True,1621.0,1.204,6.3,2.54
2021,CNAE 56 - alimentação,São Paulo,521140,Atendente de lojas e mercados,2004,1400.47,1230.0,1400.0,1500.0,1825.19,44.0,False,12,False,1100.0,1.273,,
2022,CNAE 56 - alimentação,São Paulo,521140,Atendente de lojas e mercados,3186,1498.49,1355.0,1481.23,1637.7,1799.63,44.0,False,12,False,1212.0,1.236,7.0,-1.4
2023,CNAE 56 - alimentação,São Paulo,521140,Atendente de lojas e mercados,3873,1631.63,1437.0,1609.0,1797.63,1875.55,44.0,False,12,False,1314.0,1.242,8.88,4.22
2024,CNAE 56 - alimentação,São Paulo,521140,Atendente de lojas e mercados,4466,1791.91,1610.0,1787.86,1949.05,1974.61,44.0,False,12,False,1412.0,1.269,9.82,5.28
2025,CNAE 56 - alimentação,São Paulo,521140,Atendente de lojas e mercados,4723,1907.28,1745.7,1869.19,2059.95,2001.32,44.0,False,12,False,1518.0,1.256,6.44,1.35
2026,CNAE 56 - alimentação,São Paulo,521140,Atendente de lojas e mercados,3060,2011.88,1819.68,2000.0,2130.4,2035.08,44.0,False,7,True,1621.0,1.241,5.48,1.69
2021,CNAE 56 - alimentação,Teresina,141510,Gerente de restaurante,25,1465.89,1145.0,1500.0,1613.25,1954.13,44.0,True,12,False,1100.0,1.333,,
2022,CNAE 56 - alimentação,Teresina,141510,Gerente de restaurante,27,1954.31,1306.0,1600.0,2000.0,2356.08,44.0,True,12,False,1212.0,1.612,33.32,20.57
2023,CNAE 56 - alimentação,Teresina,141510,Gerente de restaurante,28,1620.73,1360.0,1500.0,1747.64,1868.56,44.0,True,12,False,1314.0,1.233,-17.07,-20.69
2024,CNAE 56 - alimentação,Teresina,141510,Gerente de restaurante,17,2117.89,1457.0,1621.8,2824.0,2332.78,44.0,True,12,False,1412.0,1.5,30.68,24.84
2025,CNAE 56 - alimentação,Teresina,141510,Gerente de restaurante,32,2031.51,1568.0,1880.0,2122.9,2132.54,44.0,False,12,False,1518.0,1.338,-4.08,-8.58
2026,CNAE 56 - alimentação,Teresina,141510,Gerente de restaurante,14,2494.78,2000.0,2262.98,2800.0,2513.54,44.0,True,7,True,1621.0,1.539,22.8,17.87
2021,CNAE 56 - alimentação,Teresina,141515,Gerente de bar,3,1430.0,1145.0,1145.0,1572.5,1911.43,44.0,True,12,False,1100.0,1.3,,
2022,CNAE 56 - alimentação,Teresina,141515,Gerente de bar,4,2248.58,1909.08,2304.25,2643.75,2711.47,44.0,True,12,False,1212.0,1.855,57.24,41.86
2023,CNAE 56 - alimentação,Teresina,141515,Gerente de bar,2,1426.95,1393.48,1426.95,1460.43,1627.54,44.0,True,12,False,1314.0,1.086,-36.54,-39.98
2024,CNAE 56 - alimentação,Teresina,141515,Gerente de bar,3,2013.51,1520.26,1583.53,2291.76,2221.26,44.0,True,12,False,1412.0,1.426,41.11,36.48
2025,CNAE 56 - alimentação,Teresina,141515,Gerente de bar,5,2492.6,1568.0,2327.0,3000.0,2611.95,44.0,True,12,False,1518.0,1.642,23.79,17.59
2026,CNAE 56 - alimentação,Teresina,141515,Gerente de bar,2,1735.52,1705.26,1735.52,1765.79,1750.04,44.0,True,7,True,1621.0,1.071,-30.37,-33.0
2021,CNAE 56 - alimentação,Teresina,371410,Recreador,27,1125.81,1100.0,1135.0,1135.0,1472.14,44.0,True,12,False,1100.0,1.023,,
2022,CNAE 56 - alimentação,Teresina,371410,Recreador,30,1260.33,1262.0,1262.0,1262.0,1508.01,44.0,False,12,False,1212.0,1.04,11.95,2.44
2023,CNAE 56 - alimentação,Teresina,371410,Recreador,37,1355.78,1360.0,1360.0,1360.0,1555.5,44.0,False,12,False,1314.0,1.032,7.57,3.15
2024,CNAE 56 - alimentação,Teresina,371410,Recreador,40,1463.4,1457.0,1457.0,1457.0,1610.0,44.0,False,12,False,1412.0,1.036,7.94,3.5
2025,CNAE 56 - alimentação,Teresina,371410,Recreador,42,1560.66,1568.0,1568.0,1568.0,1636.07,44.0,False,12,False,1518.0,1.028,6.65,1.62
2026,CNAE 56 - alimentação,Teresina,371410,Recreador,27,1673.0,1675.0,1675.0,1675.0,1687.68,44.0,True,7,True,1621.0,1.032,7.2,3.15
2021,CNAE 56 - alimentação,Teresina,421125,Operador de caixa,116,1125.79,1100.0,1135.0,1135.0,1471.52,44.0,False,12,False,1100.0,1.023,,
2022,CNAE 56 - alimentação,Teresina,421125,Operador de caixa,154,1249.38,1256.51,1262.0,1262.0,1502.9,44.0,False,12,False,1212.0,1.031,10.98,2.13
2023,CNAE 56 - alimentação,Teresina,421125,Operador de caixa,180,1363.33,1360.0,1360.0,1360.0,1567.71,44.0,False,12,False,1314.0,1.038,9.12,4.31
2024,CNAE 56 - alimentação,Teresina,421125,Operador de caixa,186,1457.79,1457.0,1457.0,1457.0,1605.79,44.0,False,12,False,1412.0,1.032,6.93,2.43
2025,CNAE 56 - alimentação,Teresina,421125,Operador de caixa,192,1570.01,1568.0,1568.0,1568.0,1649.23,44.0,False,12,False,1518.0,1.034,7.7,2.71
2026,CNAE 56 - alimentação,Teresina,421125,Operador de caixa,110,1677.99,1675.0,1675.0,1675.0,1697.64,44.0,False,7,True,1621.0,1.035,6.88,2.94
2021,CNAE 56 - alimentação,Teresina,513205,Cozinheiro geral,307,1173.33,1100.0,1135.0,1145.0,1532.99,44.0,False,12,False,1100.0,1.067,,
2022,CNAE 56 - alimentação,Teresina,513205,Cozinheiro geral,410,1295.61,1262.0,1262.0,1262.0,1558.48,44.0,False,12,False,1212.0,1.069,10.42,1.66
2023,CNAE 56 - alimentação,Teresina,513205,Cozinheiro geral,423,1393.0,1360.0,1360.0,1360.0,1602.2,44.0,False,12,False,1314.0,1.06,7.52,2.81
2024,CNAE 56 - alimentação,Teresina,513205,Cozinheiro geral,434,1502.92,1457.0,1457.0,1457.0,1656.96,44.0,False,12,False,1412.0,1.064,7.89,3.42
2025,CNAE 56 - alimentação,Teresina,513205,Cozinheiro geral,432,1638.8,1568.0,1568.0,1570.0,1717.72,44.0,False,12,False,1518.0,1.08,9.04,3.67
2026,CNAE 56 - alimentação,Teresina,513205,Cozinheiro geral,243,1712.96,1675.0,1675.0,1675.0,1732.79,44.0,False,7,True,1621.0,1.057,4.53,0.88
2021,CNAE 56 - alimentação,Teresina,513405,Garçom,332,1123.5,1100.0,1135.0,1135.0,1469.77,44.0,False,12,False,1100.0,1.021,,
2022,CNAE 56 - alimentação,Teresina,513405,Garçom,463,1251.72,1262.0,1262.0,1262.0,1505.31,44.0,False,12,False,1212.0,1.033,11.41,2.42
2023,CNAE 56 - alimentação,Teresina,513405,Garçom,618,1364.53,1360.0,1360.0,1360.0,1568.71,44.0,False,12,False,1314.0,1.038,9.01,4.21
2024,CNAE 56 - alimentação,Teresina,513405,Garçom,566,1448.52,1457.0,1457.0,1457.0,1596.53,44.0,False,12,False,1412.0,1.026,6.16,1.77
2025,CNAE 56 - alimentação,Teresina,513405,Garçom,592,1598.57,1568.0,1568.0,1568.0,1677.0,44.0,False,12,False,1518.0,1.053,10.36,5.04
2026,CNAE 56 - alimentação,Teresina,513405,Garçom,332,1681.07,1675.0,1675.0,1675.0,1699.13,44.0,False,7,True,1621.0,1.037,5.16,1.32
2021,CNAE 56 - alimentação,Teresina,513415,Cumim,59,1128.86,1128.5,1135.0,1135.0,1459.21,44.0,False,12,False,1100.0,1.026,,
2022,CNAE 56 - alimentação,Teresina,513415,Cumim,125,1255.82,1262.0,1262.0,1262.0,1505.47,44.0,False,12,False,1212.0,1.036,11.25,3.17
2023,CNAE 56 - alimentação,Teresina,513415,Cumim,184,1358.3,1360.0,1360.0,1360.0,1559.34,44.0,False,12,False,1314.0,1.034,8.16,3.58
2024,CNAE 56 - alimentação,Teresina,513415,Cumim,188,1452.84,1457.0,1457.0,1457.0,1598.86,44.0,False,12,False,1412.0,1.029,6.96,2.53
2025,CNAE 56 - alimentação,Teresina,513415,Cumim,108,1581.0,1568.0,1568.0,1570.0,1656.89,44.0,False,12,False,1518.0,1.042,8.82,3.63
2026,CNAE 56 - alimentação,Teresina,513415,Cumim,79,1673.73,1675.0,1675.0,1675.0,1691.19,44.0,False,7,True,1621.0,1.033,5.87,2.07
2021,CNAE 56 - alimentação,Teresina,513420,Barman,57,1122.49,1100.0,1135.0,1135.0,1468.53,44.0,False,12,False,1100.0,1.02,,
2022,CNAE 56 - alimentação,Teresina,513420,Barman,83,1255.53,1262.0,1262.0,1262.0,1510.15,44.0,False,12,False,1212.0,1.036,11.85,2.83
2023,CNAE 56 - alimentação,Teresina,513420,Barman,111,1366.74,1360.0,1360.0,1360.0,1570.64,44.0,False,12,False,1314.0,1.04,8.86,4.01
2024,CNAE 56 - alimentação,Teresina,513420,Barman,106,1452.06,1457.0,1457.0,1457.0,1597.92,44.0,False,12,False,1412.0,1.028,6.24,1.74
2025,CNAE 56 - alimentação,Teresina,513420,Barman,107,1575.59,1568.0,1568.0,1568.0,1653.58,44.0,False,12,False,1518.0,1.038,8.51,3.48
2026,CNAE 56 - alimentação,Teresina,513420,Barman,67,1679.69,1675.0,1675.0,1675.0,1701.01,44.0,False,7,True,1621.0,1.036,6.61,2.87
2021,CNAE 56 - alimentação,Teresina,513435,Atendente de lanchonete,320,1120.17,1100.0,1135.0,1135.0,1461.62,44.0,False,12,False,1100.0,1.018,,
2022,CNAE 56 - alimentação,Teresina,513435,Atendente de lanchonete,521,1248.55,1262.0,1262.0,1262.0,1500.55,44.0,False,12,False,1212.0,1.03,11.46,2.66
2023,CNAE 56 - alimentação,Teresina,513435,Atendente de lanchonete,571,1365.0,1360.0,1360.0,1360.0,1568.04,44.0,False,12,False,1314.0,1.039,9.33,4.5
2024,CNAE 56 - alimentação,Teresina,513435,Atendente de lanchonete,593,1453.76,1457.0,1457.0,1457.0,1601.23,44.0,False,12,False,1412.0,1.03,6.5,2.12
2025,CNAE 56 - alimentação,Teresina,513435,Atendente de lanchonete,827,1565.09,1568.0,1568.0,1568.0,1640.44,44.0,False,12,False,1518.0,1.031,7.66,2.45
2026,CNAE 56 - alimentação,Teresina,513435,Atendente de lanchonete,516,1666.82,1675.0,1675.0,1675.0,1683.24,44.0,False,7,True,1621.0,1.028,6.5,2.61
2021,CNAE 56 - alimentação,Teresina,513505,Auxiliar nos serviços de alimentação,326,1124.63,1100.0,1135.0,1135.0,1474.29,44.0,False,12,False,1100.0,1.022,,
2022,CNAE 56 - alimentação,Teresina,513505,Auxiliar nos serviços de alimentação,390,1252.76,1262.0,1262.0,1262.0,1505.83,44.0,False,12,False,1212.0,1.034,11.39,2.14
2023,CNAE 56 - alimentação,Teresina,513505,Auxiliar nos serviços de alimentação,682,1359.04,1360.0,1360.0,1360.0,1562.91,44.0,False,12,False,1314.0,1.034,8.48,3.79
2024,CNAE 56 - alimentação,Teresina,513505,Auxiliar nos serviços de alimentação,775,1453.29,1457.0,1457.0,1457.0,1602.03,44.0,False,12,False,1412.0,1.029,6.94,2.5
2025,CNAE 56 - alimentação,Teresina,513505,Auxiliar nos serviços de alimentação,850,1574.01,1568.0,1568.0,1568.0,1650.02,44.0,False,12,False,1518.0,1.037,8.31,3.0
2026,CNAE 56 - alimentação,Teresina,513505,Auxiliar nos serviços de alimentação,559,1670.39,1675.0,1675.0,1675.0,1688.69,44.0,False,7,True,1621.0,1.03,6.12,2.34
2021,CNAE 56 - alimentação,Teresina,514320,Faxineiro,57,1122.39,1100.0,1135.0,1135.0,1471.34,44.0,False,12,False,1100.0,1.02,,
2022,CNAE 56 - alimentação,Teresina,514320,Faxineiro,84,1248.99,1262.0,1262.0,1262.0,1500.63,44.0,False,12,False,1212.0,1.031,11.28,1.99
2023,CNAE 56 - alimentação,Teresina,514320,Faxineiro,164,1366.15,1360.0,1360.0,1360.0,1569.85,44.0,False,12,False,1314.0,1.04,9.38,4.61
2024,CNAE 56 - alimentação,Teresina,514320,Faxineiro,190,1451.32,1457.0,1457.0,1457.0,1596.44,44.0,False,12,False,1412.0,1.028,6.23,1.69
2025,CNAE 56 - alimentação,Teresina,514320,Faxineiro,155,1566.51,1568.0,1568.0,1568.0,1643.62,44.0,False,12,False,1518.0,1.032,7.94,2.96
2026,CNAE 56 - alimentação,Teresina,514320,Faxineiro,96,1666.57,1675.0,1675.0,1675.0,1684.1,44.0,False,7,True,1621.0,1.028,6.39,2.46
2021,CNAE 56 - alimentação,Teresina,521140,Atendente de lojas e mercados,106,1138.65,1100.0,1135.0,1157.5,1493.29,44.0,False,12,False,1100.0,1.035,,
2022,CNAE 56 - alimentação,Teresina,521140,Atendente de lojas e mercados,85,1266.56,1262.0,1262.0,1262.0,1521.97,44.0,False,12,False,1212.0,1.045,11.23,1.92
2023,CNAE 56 - alimentação,Teresina,521140,Atendente de lojas e mercados,123,1360.22,1360.0,1360.0,1360.0,1563.56,44.0,False,12,False,1314.0,1.035,7.39,2.73
2024,CNAE 56 - alimentação,Teresina,521140,Atendente de lojas e mercados,141,1454.24,1457.0,1457.0,1457.0,1599.53,44.0,False,12,False,1412.0,1.03,6.91,2.3
2025,CNAE 56 - alimentação,Teresina,521140,Atendente de lojas e mercados,195,1572.71,1568.0,1568.0,1568.0,1652.46,44.0,False,12,False,1518.0,1.036,8.15,3.31
2026,CNAE 56 - alimentação,Teresina,521140,Atendente de lojas e mercados,119,1688.25,1675.0,1675.0,1675.0,1702.61,44.0,False,7,True,1621.0,1.041,7.35,3.03
2021,CNAE 56 - alimentação,Vitória,141510,Gerente de restaurante,89,2739.9,2000.0,2906.79,2906.79,3618.87,44.0,False,12,False,1100.0,2.491,,
2022,CNAE 56 - alimentação,Vitória,141510,Gerente de restaurante,90,2533.18,1600.0,2181.51,3197.47,3058.52,44.0,False,12,False,1212.0,2.09,-7.54,-15.48
2023,CNAE 56 - alimentação,Vitória,141510,Gerente de restaurante,73,2806.79,1800.0,2530.0,3485.24,3228.85,44.0,False,12,False,1314.0,2.136,10.8,5.57
2024,CNAE 56 - alimentação,Vitória,141510,Gerente de restaurante,113,3039.83,1963.29,2800.0,3729.21,3343.59,44.0,False,12,False,1412.0,2.153,8.3,3.55
2025,CNAE 56 - alimentação,Vitória,141510,Gerente de restaurante,125,3302.18,2200.0,3000.0,3990.25,3460.38,44.0,False,12,False,1518.0,2.175,8.63,3.49
2026,CNAE 56 - alimentação,Vitória,141510,Gerente de restaurante,72,3166.23,2294.23,2830.77,4184.13,3198.63,44.0,False,7,True,1621.0,1.953,-4.12,-7.56
2021,CNAE 56 - alimentação,Vitória,141515,Gerente de bar,15,1769.56,1400.0,1765.75,1895.0,2305.71,44.0,True,12,False,1100.0,1.609,,
2022,CNAE 56 - alimentação,Vitória,141515,Gerente de bar,14,2018.47,1461.12,1669.17,1853.22,2445.73,44.0,True,12,False,1212.0,1.665,14.07,6.07
2023,CNAE 56 - alimentação,Vitória,141515,Gerente de bar,16,2044.43,1418.43,1734.0,2625.0,2347.25,44.0,True,12,False,1314.0,1.556,1.29,-4.03
2024,CNAE 56 - alimentação,Vitória,141515,Gerente de bar,18,2114.42,1702.5,2000.0,2565.62,2336.43,44.0,True,12,False,1412.0,1.497,3.42,-0.46
2025,CNAE 56 - alimentação,Vitória,141515,Gerente de bar,11,2159.5,1625.05,2000.0,2500.0,2279.69,44.0,True,12,False,1518.0,1.423,2.13,-2.43
2026,CNAE 56 - alimentação,Vitória,141515,Gerente de bar,6,2638.71,2106.08,2550.0,2825.0,2669.25,44.0,True,7,True,1621.0,1.628,22.19,17.09
2021,CNAE 56 - alimentação,Vitória,371410,Recreador,14,1180.14,1154.08,1154.54,1189.89,1523.44,44.0,True,12,False,1100.0,1.073,,
2022,CNAE 56 - alimentação,Vitória,371410,Recreador,22,1284.97,1269.48,1269.48,1269.48,1542.44,44.0,True,12,False,1212.0,1.06,8.88,1.25
2023,CNAE 56 - alimentação,Vitória,371410,Recreador,31,1406.84,1383.73,1383.73,1386.83,1618.08,44.0,False,12,False,1314.0,1.071,9.48,4.9
2024,CNAE 56 - alimentação,Vitória,371410,Recreador,36,1515.0,1485.0,1485.0,1485.66,1666.9,44.0,False,12,False,1412.0,1.073,7.69,3.02
2025,CNAE 56 - alimentação,Vitória,371410,Recreador,21,1641.32,1590.0,1590.0,1650.0,1721.2,44.0,True,12,False,1518.0,1.081,8.34,3.26
2026,CNAE 56 - alimentação,Vitória,371410,Recreador,15,1743.55,1705.0,1705.0,1709.62,1758.24,44.0,True,7,True,1621.0,1.076,6.23,2.15
2021,CNAE 56 - alimentação,Vitória,421125,Operador de caixa,126,1201.99,1154.08,1154.09,1200.0,1568.73,44.0,False,12,False,1100.0,1.093,,
2022,CNAE 56 - alimentação,Vitória,421125,Operador de caixa,222,1309.86,1269.48,1269.48,1272.92,1574.05,44.0,False,12,False,1212.0,1.081,8.97,0.34
2023,CNAE 56 - alimentação,Vitória,421125,Operador de caixa,211,1428.37,1383.73,1383.73,1393.06,1642.55,44.0,False,12,False,1314.0,1.087,9.05,4.35
2024,CNAE 56 - alimentação,Vitória,421125,Operador de caixa,232,1531.65,1485.0,1485.0,1487.02,1687.85,44.0,False,12,False,1412.0,1.085,7.23,2.76
2025,CNAE 56 - alimentação,Vitória,421125,Operador de caixa,208,1633.57,1590.0,1590.0,1605.0,1714.96,44.0,False,12,False,1518.0,1.076,6.65,1.61
2026,CNAE 56 - alimentação,Vitória,421125,Operador de caixa,99,1813.63,1705.0,1709.25,1888.04,1835.56,44.0,False,7,True,1621.0,1.119,11.02,7.03
2021,CNAE 56 - alimentação,Vitória,513205,Cozinheiro geral,425,1379.63,1154.09,1300.0,1510.35,1806.12,44.0,False,12,False,1100.0,1.254,,
2022,CNAE 56 - alimentação,Vitória,513205,Cozinheiro geral,533,1491.82,1269.5,1430.0,1630.0,1794.12,44.0,False,12,False,1212.0,1.231,8.13,-0.66
2023,CNAE 56 - alimentação,Vitória,513205,Cozinheiro geral,558,1679.96,1400.0,1600.0,1851.0,1929.79,44.0,False,12,False,1314.0,1.279,12.61,7.56
2024,CNAE 56 - alimentação,Vitória,513205,Cozinheiro geral,610,1829.69,1500.0,1754.53,2080.11,2016.11,44.0,False,12,False,1412.0,1.296,8.91,4.47
2025,CNAE 56 - alimentação,Vitória,513205,Cozinheiro geral,747,1999.96,1675.67,2000.0,2256.6,2098.87,44.0,False,12,False,1518.0,1.317,9.31,4.1
2026,CNAE 56 - alimentação,Vitória,513205,Cozinheiro geral,404,2140.16,1719.08,2062.85,2500.0,2164.87,44.0,False,7,True,1621.0,1.32,7.01,3.14
2021,CNAE 56 - alimentação,Vitória,513405,Garçom,410,1198.41,1154.08,1154.08,1174.44,1560.8,44.0,False,12,False,1100.0,1.089,,
2022,CNAE 56 - alimentação,Vitória,513405,Garçom,732,1317.78,1269.48,1269.48,1300.0,1582.93,44.0,False,12,False,1212.0,1.087,9.96,1.42
2023,CNAE 56 - alimentação,Vitória,513405,Garçom,666,1452.21,1383.73,1383.73,1478.59,1669.24,44.0,False,12,False,1314.0,1.105,10.2,5.45
2024,CNAE 56 - alimentação,Vitória,513405,Garçom,777,1580.12,1485.0,1485.0,1619.57,1740.44,44.0,False,12,False,1412.0,1.119,8.81,4.27
2025,CNAE 56 - alimentação,Vitória,513405,Garçom,680,1696.44,1590.0,1593.0,1732.94,1781.31,44.0,False,12,False,1518.0,1.118,7.36,2.35
2026,CNAE 56 - alimentação,Vitória,513405,Garçom,405,1807.87,1705.0,1710.0,1852.23,1826.52,44.0,False,7,True,1621.0,1.115,6.57,2.54
2021,CNAE 56 - alimentação,Vitória,513415,Cumim,143,1176.11,1154.08,1155.0,1184.5,1524.16,44.0,False,12,False,1100.0,1.069,,
2022,CNAE 56 - alimentação,Vitória,513415,Cumim,222,1287.57,1269.48,1269.48,1272.32,1547.64,44.0,False,12,False,1212.0,1.062,9.48,1.54
2023,CNAE 56 - alimentação,Vitória,513415,Cumim,221,1391.68,1383.73,1383.73,1383.76,1599.16,44.0,False,12,False,1314.0,1.059,8.09,3.33
2024,CNAE 56 - alimentação,Vitória,513415,Cumim,174,1506.49,1485.0,1485.0,1485.0,1660.75,44.0,False,12,False,1412.0,1.067,8.25,3.85
2025,CNAE 56 - alimentação,Vitória,513415,Cumim,173,1614.13,1590.0,1590.0,1590.0,1696.19,44.0,False,12,False,1518.0,1.063,7.15,2.13
2026,CNAE 56 - alimentação,Vitória,513415,Cumim,95,1714.73,1705.0,1705.0,1709.25,1740.77,44.0,False,7,True,1621.0,1.058,6.23,2.63
2021,CNAE 56 - alimentação,Vitória,513420,Barman,74,1253.99,1154.08,1154.09,1300.0,1633.19,44.0,False,12,False,1100.0,1.14,,
2022,CNAE 56 - alimentação,Vitória,513420,Barman,117,1360.13,1269.48,1269.5,1400.0,1633.35,44.0,False,12,False,1212.0,1.122,8.46,0.01
2023,CNAE 56 - alimentação,Vitória,513420,Barman,144,1497.53,1383.73,1384.3,1520.62,1720.59,44.0,False,12,False,1314.0,1.14,10.1,5.34
2024,CNAE 56 - alimentação,Vitória,513420,Barman,162,1611.03,1485.0,1485.0,1627.06,1774.76,44.0,False,12,False,1412.0,1.141,7.58,3.15
2025,CNAE 56 - alimentação,Vitória,513420,Barman,114,1708.53,1590.0,1590.0,1784.56,1795.21,44.0,False,12,False,1518.0,1.126,6.05,1.15
2026,CNAE 56 - alimentação,Vitória,513420,Barman,64,1818.82,1705.0,1750.0,1900.0,1839.76,44.0,False,7,True,1621.0,1.122,6.46,2.48
2021,CNAE 56 - alimentação,Vitória,513435,Atendente de lanchonete,600,1170.85,1154.08,1154.08,1154.09,1520.9,44.0,False,12,False,1100.0,1.064,,
2022,CNAE 56 - alimentação,Vitória,513435,Atendente de lanchonete,960,1287.28,1269.48,1269.48,1269.74,1545.04,44.0,False,12,False,1212.0,1.062,9.94,1.59
2023,CNAE 56 - alimentação,Vitória,513435,Atendente de lanchonete,1183,1403.37,1383.73,1383.73,1383.76,1611.55,44.0,False,12,False,1314.0,1.068,9.02,4.3
2024,CNAE 56 - alimentação,Vitória,513435,Atendente de lanchonete,1443,1502.45,1485.0,1485.0,1485.0,1656.15,44.0,False,12,False,1412.0,1.064,7.06,2.77
2025,CNAE 56 - alimentação,Vitória,513435,Atendente de lanchonete,1380,1615.62,1590.0,1590.0,1590.0,1696.41,44.0,False,12,False,1518.0,1.064,7.53,2.43
2026,CNAE 56 - alimentação,Vitória,513435,Atendente de lanchonete,878,1748.85,1705.0,1705.0,1758.44,1771.04,44.0,False,7,True,1621.0,1.079,8.25,4.4
2021,CNAE 56 - alimentação,Vitória,513505,Auxiliar nos serviços de alimentação,1221,1198.1,1154.08,1186.18,1186.18,1574.15,44.0,False,12,False,1100.0,1.089,,
2022,CNAE 56 - alimentação,Vitória,513505,Auxiliar nos serviços de alimentação,1576,1307.88,1269.48,1269.5,1304.8,1571.87,44.0,False,12,False,1212.0,1.079,9.16,-0.14
2023,CNAE 56 - alimentação,Vitória,513505,Auxiliar nos serviços de alimentação,1692,1430.17,1383.73,1386.84,1422.23,1645.47,44.0,False,12,False,1314.0,1.088,9.35,4.68
2024,CNAE 56 - alimentação,Vitória,513505,Auxiliar nos serviços de alimentação,1682,1535.78,1485.0,1500.0,1521.79,1693.46,44.0,False,12,False,1412.0,1.088,7.38,2.92
2025,CNAE 56 - alimentação,Vitória,513505,Auxiliar nos serviços de alimentação,1650,1670.41,1590.0,1638.96,1689.68,1750.99,44.0,False,12,False,1518.0,1.1,8.77,3.4
2026,CNAE 56 - alimentação,Vitória,513505,Auxiliar nos serviços de alimentação,927,1798.58,1705.0,1762.0,1816.41,1819.19,44.0,False,7,True,1621.0,1.11,7.67,3.89
2021,CNAE 56 - alimentação,Vitória,514320,Faxineiro,190,1162.56,1147.15,1154.08,1154.09,1522.17,44.0,False,12,False,1100.0,1.057,,
2022,CNAE 56 - alimentação,Vitória,514320,Faxineiro,260,1284.41,1261.9,1269.48,1269.49,1542.36,44.0,False,12,False,1212.0,1.06,10.48,1.33
2023,CNAE 56 - alimentação,Vitória,514320,Faxineiro,327,1393.68,1375.47,1383.73,1383.73,1603.79,44.0,False,12,False,1314.0,1.061,8.51,3.98
2024,CNAE 56 - alimentação,Vitória,514320,Faxineiro,379,1507.69,1471.75,1485.0,1485.0,1661.76,44.0,False,12,False,1412.0,1.068,8.18,3.61
2025,CNAE 56 - alimentação,Vitória,514320,Faxineiro,573,1658.16,1553.88,1590.0,1821.89,1734.82,44.0,False,12,False,1518.0,1.092,9.98,4.4
2026,CNAE 56 - alimentação,Vitória,514320,Faxineiro,174,1786.94,1705.0,1705.0,1800.0,1806.21,44.0,False,7,True,1621.0,1.102,7.77,4.12
2021,CNAE 56 - alimentação,Vitória,521140,Atendente de lojas e mercados,54,1177.32,1154.08,1154.08,1179.75,1531.8,44.0,False,12,False,1100.0,1.07,,
2022,CNAE 56 - alimentação,Vitória,521140,Atendente de lojas e mercados,151,1298.85,1269.48,1269.48,1300.0,1558.09,44.0,False,12,False,1212.0,1.072,10.32,1.72
2023,CNAE 56 - alimentação,Vitória,521140,Atendente de lojas e mercados,179,1398.18,1383.73,1383.73,1384.3,1604.8,44.0,False,12,False,1314.0,1.064,7.65,3.0
2024,CNAE 56 - alimentação,Vitória,521140,Atendente de lojas e mercados,166,1493.21,1485.0,1485.0,1498.0,1644.88,44.0,False,12,False,1412.0,1.058,6.8,2.5
2025,CNAE 56 - alimentação,Vitória,521140,Atendente de lojas e mercados,192,1599.84,1590.0,1590.0,1616.6,1676.26,44.0,False,12,False,1518.0,1.054,7.14,1.91
2026,CNAE 56 - alimentação,Vitória,521140,Atendente de lojas e mercados,178,1728.44,1705.0,1705.0,1709.25,1750.73,44.0,False,7,True,1621.0,1.066,8.04,4.44
2021,todas as atividades,27 capitais,141510,Gerente de restaurante,4983,2383.71,1555.7,2000.0,2895.92,3118.72,44.0,False,12,False,1100.0,2.167,,
2022,todas as atividades,27 capitais,141510,Gerente de restaurante,6625,2445.64,1670.56,2000.0,2823.59,2939.6,44.0,False,12,False,1212.0,2.018,2.6,-5.74
2023,todas as atividades,27 capitais,141510,Gerente de restaurante,6944,2577.93,1800.0,2200.0,3000.0,2964.05,44.0,False,12,False,1314.0,1.962,5.41,0.83
2024,todas as atividades,27 capitais,141510,Gerente de restaurante,7641,2759.33,1907.36,2414.0,3200.0,3039.24,44.0,False,12,False,1412.0,1.954,7.04,2.54
2025,todas as atividades,27 capitais,141510,Gerente de restaurante,8150,2950.69,2008.71,2500.0,3466.77,3093.94,44.0,False,12,False,1518.0,1.944,6.94,1.8
2026,todas as atividades,27 capitais,141510,Gerente de restaurante,5266,3077.75,2200.0,2733.27,3500.0,3111.6,44.0,False,7,True,1621.0,1.899,4.31,0.57
2021,todas as atividades,27 capitais,141515,Gerente de bar,1363,2072.12,1500.0,1768.8,2200.0,2705.83,44.0,False,12,False,1100.0,1.884,,
2022,todas as atividades,27 capitais,141515,Gerente de bar,1895,2312.4,1576.8,1909.62,2500.0,2781.2,44.0,False,12,False,1212.0,1.908,11.6,2.79
2023,todas as atividades,27 capitais,141515,Gerente de bar,1766,2349.75,1700.0,2000.0,2617.78,2701.52,44.0,False,12,False,1314.0,1.788,1.62,-2.86
2024,todas as atividades,27 capitais,141515,Gerente de bar,1873,2539.41,1807.22,2200.0,2912.0,2795.41,44.0,False,12,False,1412.0,1.798,8.07,3.48
2025,todas as atividades,27 capitais,141515,Gerente de bar,1775,2688.13,2000.0,2500.0,3000.0,2821.21,44.0,False,12,False,1518.0,1.771,5.86,0.92
2026,todas as atividades,27 capitais,141515,Gerente de bar,1061,2768.74,2075.0,2500.0,3120.0,2801.9,44.0,False,7,True,1621.0,1.708,3.0,-0.68
2021,todas as atividades,27 capitais,371410,Recreador,3783,1402.22,1199.43,1307.0,1507.52,1827.87,44.0,False,12,False,1100.0,1.275,,
2022,todas as atividades,27 capitais,371410,Recreador,7815,1488.97,1268.0,1395.0,1548.04,1793.04,44.0,False,12,False,1212.0,1.229,6.19,-1.91
2023,todas as atividades,27 capitais,371410,Recreador,8528,1634.59,1384.0,1504.0,1711.46,1883.26,44.0,False,12,False,1314.0,1.244,9.78,5.03
2024,todas as atividades,27 capitais,371410,Recreador,7865,1713.08,1471.5,1600.0,1829.92,1890.95,44.0,False,12,False,1412.0,1.213,4.8,0.41
2025,todas as atividades,27 capitais,371410,Recreador,7845,1819.66,1580.0,1700.76,1958.01,1910.53,44.0,False,12,False,1518.0,1.199,6.22,1.04
2026,todas as atividades,27 capitais,371410,Recreador,5131,1952.06,1675.0,1800.0,2110.06,1975.45,44.0,False,7,True,1621.0,1.204,7.28,3.4
2021,todas as atividades,27 capitais,421125,Operador de caixa,125731,1306.17,1177.0,1250.57,1415.02,1706.09,44.0,False,12,False,1100.0,1.187,,
2022,todas as atividades,27 capitais,421125,Operador de caixa,151429,1420.95,1272.6,1360.0,1528.46,1706.1,44.0,False,12,False,1212.0,1.172,8.79,0.0
2023,todas as atividades,27 capitais,421125,Operador de caixa,160829,1541.18,1382.86,1500.0,1639.83,1769.8,44.0,False,12,False,1314.0,1.173,8.46,3.73
2024,todas as atividades,27 capitais,421125,Operador de caixa,183139,1633.67,1485.0,1590.7,1724.0,1797.61,44.0,False,12,False,1412.0,1.157,6.0,1.57
2025,todas as atividades,27 capitais,421125,Operador de caixa,191513,1747.52,1586.0,1700.0,1873.92,1832.4,44.0,False,12,False,1518.0,1.151,6.97,1.94
2026,todas as atividades,27 capitais,421125,Operador de caixa,108592,1850.24,1672.22,1791.99,2000.0,1871.13,44.0,False,7,True,1621.0,1.141,5.88,2.11
2021,todas as atividades,27 capitais,513205,Cozinheiro geral,58748,1425.12,1200.0,1323.8,1521.93,1865.57,44.0,False,12,False,1100.0,1.296,,
2022,todas as atividades,27 capitais,513205,Cozinheiro geral,80443,1523.5,1300.0,1401.74,1630.0,1834.0,44.0,False,12,False,1212.0,1.257,6.9,-1.69
2023,todas as atividades,27 capitais,513205,Cozinheiro geral,84417,1641.12,1384.0,1516.0,1797.12,1887.94,44.0,False,12,False,1314.0,1.249,7.72,2.94
2024,todas as atividades,27 capitais,513205,Cozinheiro geral,86470,1776.59,1500.0,1650.0,1931.88,1959.28,44.0,False,12,False,1412.0,1.258,8.25,3.78
2025,todas as atividades,27 capitais,513205,Cozinheiro geral,93059,1914.91,1607.81,1780.0,2070.51,2009.68,44.0,False,12,False,1518.0,1.261,7.79,2.57
2026,todas as atividades,27 capitais,513205,Cozinheiro geral,57070,2036.47,1720.36,1850.0,2200.0,2061.14,44.0,False,7,True,1621.0,1.256,6.35,2.56
2021,todas as atividades,27 capitais,513405,Garçom,32605,1321.52,1162.9,1254.03,1430.0,1716.85,44.0,False,12,False,1100.0,1.201,,
2022,todas as atividades,27 capitais,513405,Garçom,47681,1428.21,1265.0,1362.0,1520.96,1716.45,44.0,False,12,False,1212.0,1.178,8.07,-0.02
2023,todas as atividades,27 capitais,513405,Garçom,50347,1543.13,1376.28,1480.0,1621.0,1773.81,44.0,False,12,False,1314.0,1.174,8.05,3.34
2024,todas as atividades,27 capitais,513405,Garçom,52887,1669.67,1480.0,1572.32,1802.0,1838.88,44.0,False,12,False,1412.0,1.182,8.2,3.67
2025,todas as atividades,27 capitais,513405,Garçom,56349,1788.73,1583.6,1660.77,1918.8,1876.31,44.0,False,12,False,1518.0,1.178,7.13,2.04
2026,todas as atividades,27 capitais,513405,Garçom,32634,1887.5,1674.49,1769.22,2003.0,1909.62,44.0,False,7,True,1621.0,1.164,5.52,1.78
2021,todas as atividades,27 capitais,513415,Cumim,10918,1254.44,1138.5,1218.0,1287.13,1626.93,44.0,False,12,False,1100.0,1.14,,
2022,todas as atividades,27 capitais,513415,Cumim,17019,1359.56,1248.36,1308.96,1423.0,1633.42,44.0,False,12,False,1212.0,1.122,8.38,0.4
2023,todas as atividades,27 capitais,513415,Cumim,18744,1473.23,1365.0,1425.6,1550.0,1693.51,44.0,False,12,False,1314.0,1.121,8.36,3.68
2024,todas as atividades,27 capitais,513415,Cumim,19280,1579.28,1461.92,1545.0,1646.39,1739.51,44.0,False,12,False,1412.0,1.118,7.2,2.72
2025,todas as atividades,27 capitais,513415,Cumim,20132,1685.86,1572.32,1639.44,1724.63,1768.98,44.0,False,12,False,1518.0,1.111,6.75,1.69
2026,todas as atividades,27 capitais,513415,Cumim,11583,1776.57,1658.8,1738.0,1804.0,1796.95,44.0,False,7,True,1621.0,1.096,5.38,1.58
2021,todas as atividades,27 capitais,513420,Barman,6311,1345.9,1186.74,1283.34,1440.0,1748.42,44.0,False,12,False,1100.0,1.224,,
2022,todas as atividades,27 capitais,513420,Barman,9804,1449.76,1270.0,1372.4,1550.0,1742.74,44.0,False,12,False,1212.0,1.196,7.72,-0.32
2023,todas as atividades,27 capitais,513420,Barman,10342,1563.0,1383.0,1500.0,1680.0,1796.77,44.0,False,12,False,1314.0,1.189,7.81,3.1
2024,todas as atividades,27 capitais,513420,Barman,10884,1689.92,1485.0,1600.0,1800.0,1861.29,44.0,False,12,False,1412.0,1.197,8.12,3.59
2025,todas as atividades,27 capitais,513420,Barman,11384,1822.25,1600.0,1708.78,1903.03,1911.77,44.0,False,12,False,1518.0,1.2,7.83,2.71
2026,todas as atividades,27 capitais,513420,Barman,6891,1913.76,1695.0,1800.0,2000.0,1935.94,44.0,False,7,True,1621.0,1.181,5.02,1.26
2021,todas as atividades,27 capitais,513435,Atendente de lanchonete,76115,1261.72,1122.0,1206.85,1360.95,1644.39,44.0,False,12,False,1100.0,1.147,,
2022,todas as atividades,27 capitais,513435,Atendente de lanchonete,112213,1371.22,1234.0,1308.96,1458.6,1647.86,44.0,False,12,False,1212.0,1.131,8.68,0.21
2023,todas as atividades,27 capitais,513435,Atendente de lanchonete,122269,1482.27,1338.0,1410.0,1585.0,1703.86,44.0,False,12,False,1314.0,1.128,8.1,3.4
2024,todas as atividades,27 capitais,513435,Atendente de lanchonete,136961,1592.03,1439.36,1524.96,1680.0,1753.38,44.0,False,12,False,1412.0,1.128,7.4,2.91
2025,todas as atividades,27 capitais,513435,Atendente de lanchonete,154619,1697.29,1550.0,1612.0,1800.0,1780.21,44.0,False,12,False,1518.0,1.118,6.61,1.53
2026,todas as atividades,27 capitais,513435,Atendente de lanchonete,100769,1790.08,1629.1,1700.0,1840.67,1810.69,44.0,False,7,True,1621.0,1.104,5.47,1.71
2021,todas as atividades,27 capitais,513505,Auxiliar nos serviços de alimentação,90754,1299.72,1170.0,1264.0,1400.0,1698.23,44.0,False,12,False,1100.0,1.182,,
2022,todas as atividades,27 capitais,513505,Auxiliar nos serviços de alimentação,133021,1406.27,1266.9,1360.0,1512.55,1690.76,44.0,False,12,False,1212.0,1.16,8.2,-0.44
2023,todas as atividades,27 capitais,513505,Auxiliar nos serviços de alimentação,147957,1523.41,1366.52,1457.24,1621.71,1751.17,44.0,False,12,False,1314.0,1.159,8.33,3.57
2024,todas as atividades,27 capitais,513505,Auxiliar nos serviços de alimentação,167068,1640.32,1470.0,1576.57,1754.91,1807.21,44.0,False,12,False,1412.0,1.162,7.67,3.2
2025,todas as atividades,27 capitais,513505,Auxiliar nos serviços de alimentação,176457,1760.76,1584.71,1697.14,1879.0,1847.2,44.0,False,12,False,1518.0,1.16,7.34,2.21
2026,todas as atividades,27 capitais,513505,Auxiliar nos serviços de alimentação,109807,1862.74,1680.0,1802.85,1980.0,1883.89,44.0,False,7,True,1621.0,1.149,5.79,1.99
2021,todas as atividades,27 capitais,514320,Faxineiro,281368,1248.91,1150.0,1240.89,1300.0,1637.95,44.0,False,12,False,1100.0,1.135,,
2022,todas as atividades,27 capitais,514320,Faxineiro,365667,1356.02,1246.0,1347.0,1393.0,1630.66,44.0,False,12,False,1212.0,1.119,8.58,-0.45
2023,todas as atividades,27 capitais,514320,Faxineiro,406422,1463.13,1358.0,1452.0,1500.0,1682.21,44.0,False,12,False,1314.0,1.113,7.9,3.16
2024,todas as atividades,27 capitais,514320,Faxineiro,474614,1569.78,1460.01,1577.0,1590.03,1729.67,44.0,False,12,False,1412.0,1.112,7.29,2.82
2025,todas as atividades,27 capitais,514320,Faxineiro,511630,1683.01,1560.0,1671.73,1717.2,1766.0,44.0,False,12,False,1518.0,1.109,7.21,2.1
2026,todas as atividades,27 capitais,514320,Faxineiro,322727,1790.49,1660.0,1772.8,1837.4,1810.45,44.0,False,7,True,1621.0,1.105,6.39,2.52
2021,todas as atividades,27 capitais,521140,Atendente de lojas e mercados,103839,1328.03,1175.7,1284.0,1485.0,1730.69,44.0,False,12,False,1100.0,1.207,,
2022,todas as atividades,27 capitais,521140,Atendente de lojas e mercados,148631,1441.13,1272.71,1388.0,1611.0,1729.54,44.0,False,12,False,1212.0,1.189,8.52,-0.07
2023,todas as atividades,27 capitais,521140,Atendente de lojas e mercados,180131,1550.08,1383.62,1500.0,1723.93,1779.83,44.0,False,12,False,1314.0,1.18,7.56,2.91
2024,todas as atividades,27 capitais,521140,Atendente de lojas e mercados,211707,1650.53,1483.0,1600.0,1850.0,1815.7,44.0,False,12,False,1412.0,1.169,6.48,2.02
2025,todas as atividades,27 capitais,521140,Atendente de lojas e mercados,234460,1763.68,1591.99,1707.0,1976.0,1848.85,44.0,False,12,False,1518.0,1.162,6.86,1.83
2026,todas as atividades,27 capitais,521140,Atendente de lojas e mercados,139608,1858.22,1677.0,1798.0,2100.0,1878.95,44.0,False,7,True,1621.0,1.146,5.36,1.63
2021,todas as atividades,Aracaju,141510,Gerente de restaurante,35,2169.31,1400.0,2000.0,2493.62,2843.33,44.0,False,12,False,1100.0,1.972,,
2022,todas as atividades,Aracaju,141510,Gerente de restaurante,37,1860.29,1305.44,1500.0,2000.0,2240.1,44.0,False,12,False,1212.0,1.535,-14.25,-21.22
2023,todas as atividades,Aracaju,141510,Gerente de restaurante,49,2349.38,1412.0,1953.0,2583.36,2704.65,44.0,False,12,False,1314.0,1.788,26.29,20.74
2024,todas as atividades,Aracaju,141510,Gerente de restaurante,59,2939.05,1800.0,2100.0,2510.0,3230.58,44.0,False,12,False,1412.0,2.081,25.1,19.45
2025,todas as atividades,Aracaju,141510,Gerente de restaurante,57,2367.79,2000.0,2200.0,2700.0,2481.27,44.0,False,12,False,1518.0,1.56,-19.44,-23.19
2026,todas as atividades,Aracaju,141510,Gerente de restaurante,29,2732.35,2000.0,2304.23,3200.0,2763.13,44.0,True,7,True,1621.0,1.686,15.4,11.36
2021,todas as atividades,Aracaju,141515,Gerente de bar,5,1547.12,1300.0,1360.0,1586.0,2063.22,44.0,True,12,False,1100.0,1.406,,
2022,todas as atividades,Aracaju,141515,Gerente de bar,6,2322.17,1750.0,2500.0,2875.0,2795.28,44.0,True,12,False,1212.0,1.916,50.1,35.48
2023,todas as atividades,Aracaju,141515,Gerente de bar,9,1554.44,1350.0,1391.0,1700.0,1795.58,44.0,True,12,False,1314.0,1.183,-33.06,-35.76
2024,todas as atividades,Aracaju,141515,Gerente de bar,10,2218.8,1792.5,2000.0,2743.0,2436.68,44.0,True,12,False,1412.0,1.571,42.74,35.7
2025,todas as atividades,Aracaju,141515,Gerente de bar,5,2423.6,2100.0,2500.0,3000.0,2525.12,44.0,True,12,False,1518.0,1.597,9.23,3.63
2026,todas as atividades,Aracaju,141515,Gerente de bar,2,2490.0,2235.0,2490.0,2745.0,2532.83,43.855000000000004,True,7,True,1621.0,1.536,2.74,0.31
2021,todas as atividades,Aracaju,371410,Recreador,18,1390.15,1100.0,1118.32,1159.0,1788.86,44.0,True,12,False,1100.0,1.264,,
2022,todas as atividades,Aracaju,371410,Recreador,30,1262.53,1212.0,1212.0,1245.0,1521.2,44.0,False,12,False,1212.0,1.042,-9.18,-14.96
2023,todas as atividades,Aracaju,371410,Recreador,28,1359.24,1302.0,1331.5,1360.0,1564.48,44.0,True,12,False,1314.0,1.034,7.66,2.85
2024,todas as atividades,Aracaju,371410,Recreador,89,1472.68,1412.0,1450.0,1451.0,1623.61,44.0,False,12,False,1412.0,1.043,8.35,3.78
2025,todas as atividades,Aracaju,371410,Recreador,45,1549.57,1518.0,1536.18,1593.9,1629.05,44.0,False,12,False,1518.0,1.021,5.22,0.34
2026,todas as atividades,Aracaju,371410,Recreador,39,1685.18,1621.0,1640.49,1710.15,1707.18,44.0,False,7,True,1621.0,1.04,8.75,4.8
2021,todas as atividades,Aracaju,421125,Operador de caixa,1052,1144.63,1114.86,1136.5,1162.0,1501.53,44.0,False,12,False,1100.0,1.041,,
2022,todas as atividades,Aracaju,421125,Operador de caixa,1439,1260.92,1212.0,1266.0,1297.82,1514.14,44.0,False,12,False,1212.0,1.04,10.16,0.84
2023,todas as atividades,Aracaju,421125,Operador de caixa,1378,1363.7,1336.11,1375.0,1375.0,1565.7,44.0,False,12,False,1314.0,1.038,8.15,3.41
2024,todas as atividades,Aracaju,421125,Operador de caixa,1761,1479.59,1425.6,1512.0,1512.0,1626.89,44.0,False,12,False,1412.0,1.048,8.5,3.91
2025,todas as atividades,Aracaju,421125,Operador de caixa,1954,1583.25,1518.0,1555.26,1650.0,1660.12,44.0,False,12,False,1518.0,1.043,7.01,2.04
2026,todas as atividades,Aracaju,421125,Operador de caixa,1006,1681.49,1635.0,1659.79,1700.4,1700.4,44.0,False,7,True,1621.0,1.037,6.2,2.43
2021,todas as atividades,Aracaju,513205,Cozinheiro geral,375,1248.87,1100.0,1193.32,1300.0,1630.58,44.0,False,12,False,1100.0,1.135,,
2022,todas as atividades,Aracaju,513205,Cozinheiro geral,560,1355.53,1223.37,1265.0,1442.96,1627.84,44.0,False,12,False,1212.0,1.118,8.54,-0.17
2023,todas as atividades,Aracaju,513205,Cozinheiro geral,556,1461.43,1320.0,1360.0,1506.72,1680.61,44.0,False,12,False,1314.0,1.112,7.81,3.24
2024,todas as atividades,Aracaju,513205,Cozinheiro geral,598,1583.88,1412.0,1468.48,1648.97,1745.03,44.0,False,12,False,1412.0,1.122,8.38,3.83
2025,todas as atividades,Aracaju,513205,Cozinheiro geral,822,1707.45,1518.0,1580.0,1800.0,1790.88,44.0,False,12,False,1518.0,1.125,7.8,2.63
2026,todas as atividades,Aracaju,513205,Cozinheiro geral,444,1855.02,1621.0,1737.28,1991.6,1874.85,44.0,False,7,True,1621.0,1.144,8.64,4.69
2021,todas as atividades,Aracaju,513405,Garçom,313,1168.97,1100.0,1150.0,1155.0,1514.0,44.0,False,12,False,1100.0,1.063,,
2022,todas as atividades,Aracaju,513405,Garçom,440,1270.57,1212.0,1245.0,1245.0,1528.52,44.0,False,12,False,1212.0,1.048,8.69,0.96
2023,todas as atividades,Aracaju,513405,Garçom,517,1369.55,1302.0,1360.0,1360.0,1575.54,44.0,False,12,False,1314.0,1.042,7.79,3.08
2024,todas as atividades,Aracaju,513405,Garçom,533,1459.42,1412.0,1450.0,1450.0,1604.65,44.0,False,12,False,1412.0,1.034,6.56,1.85
2025,todas as atividades,Aracaju,513405,Garçom,694,1572.37,1518.0,1560.0,1560.0,1649.71,44.0,False,12,False,1518.0,1.036,7.74,2.81
2026,todas as atividades,Aracaju,513405,Garçom,362,1655.12,1621.0,1621.0,1670.0,1675.55,44.0,False,7,True,1621.0,1.021,5.26,1.57
2021,todas as atividades,Aracaju,513415,Cumim,84,1132.74,1100.0,1130.0,1150.0,1479.47,44.0,False,12,False,1100.0,1.03,,
2022,todas as atividades,Aracaju,513415,Cumim,116,1231.66,1212.0,1228.5,1245.0,1483.32,44.0,False,12,False,1212.0,1.016,8.73,0.26
2023,todas as atividades,Aracaju,513415,Cumim,138,1345.41,1302.0,1360.0,1360.0,1547.77,44.0,False,12,False,1314.0,1.024,9.24,4.34
2024,todas as atividades,Aracaju,513415,Cumim,147,1445.44,1412.0,1450.0,1450.0,1591.74,44.0,False,12,False,1412.0,1.024,7.43,2.84
2025,todas as atividades,Aracaju,513415,Cumim,212,1551.7,1518.0,1560.0,1560.0,1627.42,44.0,False,12,False,1518.0,1.022,7.35,2.24
2026,todas as atividades,Aracaju,513415,Cumim,125,1640.84,1621.0,1621.0,1670.0,1660.01,44.0,False,7,True,1621.0,1.012,5.74,2.0
2021,todas as atividades,Aracaju,513420,Barman,63,1178.05,1100.0,1150.0,1200.0,1534.77,44.0,False,12,False,1100.0,1.071,,
2022,todas as atividades,Aracaju,513420,Barman,102,1301.13,1212.0,1245.0,1305.18,1564.77,44.0,False,12,False,1212.0,1.074,10.45,1.95
2023,todas as atividades,Aracaju,513420,Barman,133,1410.17,1350.0,1391.0,1411.45,1622.56,44.0,False,12,False,1314.0,1.073,8.38,3.69
2024,todas as atividades,Aracaju,513420,Barman,122,1530.56,1450.0,1450.0,1529.07,1682.9,44.0,False,12,False,1412.0,1.084,8.54,3.72
2025,todas as atividades,Aracaju,513420,Barman,174,1657.07,1518.0,1560.0,1700.0,1736.36,44.0,False,12,False,1518.0,1.092,8.27,3.18
2026,todas as atividades,Aracaju,513420,Barman,80,1777.82,1621.0,1670.0,1800.0,1795.9,44.0,False,7,True,1621.0,1.097,7.29,3.43
2021,todas as atividades,Aracaju,513435,Atendente de lanchonete,415,1121.43,1100.0,1100.0,1149.91,1461.49,44.0,False,12,False,1100.0,1.019,,
2022,todas as atividades,Aracaju,513435,Atendente de lanchonete,659,1247.66,1212.0,1240.91,1245.0,1500.1,44.0,False,12,False,1212.0,1.029,11.26,2.64
2023,todas as atividades,Aracaju,513435,Atendente de lanchonete,813,1352.95,1320.0,1360.0,1360.0,1553.72,44.0,False,12,False,1314.0,1.03,8.44,3.57
2024,todas as atividades,Aracaju,513435,Atendente de lanchonete,970,1451.53,1412.0,1450.0,1450.0,1597.62,44.0,False,12,False,1412.0,1.028,7.29,2.83
2025,todas as atividades,Aracaju,513435,Atendente de lanchonete,1215,1551.28,1518.0,1550.0,1560.0,1625.62,44.0,False,12,False,1518.0,1.022,6.87,1.75
2026,todas as atividades,Aracaju,513435,Atendente de lanchonete,893,1635.56,1621.0,1621.0,1650.0,1654.0,44.0,False,7,True,1621.0,1.009,5.43,1.75
2021,todas as atividades,Aracaju,513505,Auxiliar nos serviços de alimentação,633,1136.38,1100.0,1114.36,1150.0,1485.2,44.0,False,12,False,1100.0,1.033,,
2022,todas as atividades,Aracaju,513505,Auxiliar nos serviços de alimentação,901,1264.88,1212.0,1225.79,1270.0,1518.96,44.0,False,12,False,1212.0,1.044,11.31,2.27
2023,todas as atividades,Aracaju,513505,Auxiliar nos serviços de alimentação,1087,1367.54,1303.26,1360.0,1360.0,1572.47,44.0,False,12,False,1314.0,1.041,8.12,3.52
2024,todas as atividades,Aracaju,513505,Auxiliar nos serviços de alimentação,1300,1468.87,1412.0,1450.0,1450.5,1616.66,44.0,False,12,False,1412.0,1.04,7.41,2.81
2025,todas as atividades,Aracaju,513505,Auxiliar nos serviços de alimentação,1593,1575.64,1518.0,1560.0,1568.49,1651.72,44.0,False,12,False,1518.0,1.038,7.27,2.17
2026,todas as atividades,Aracaju,513505,Auxiliar nos serviços de alimentação,968,1674.52,1621.0,1635.0,1678.28,1693.93,44.0,False,7,True,1621.0,1.033,6.28,2.56
2021,todas as atividades,Aracaju,514320,Faxineiro,1466,1119.47,1100.0,1100.92,1121.03,1469.64,44.0,False,12,False,1100.0,1.018,,
2022,todas as atividades,Aracaju,514320,Faxineiro,2253,1242.33,1212.0,1212.99,1266.0,1493.64,44.0,False,12,False,1212.0,1.025,10.97,1.63
2023,todas as atividades,Aracaju,514320,Faxineiro,2405,1343.09,1303.11,1320.0,1360.0,1544.4,44.0,False,12,False,1314.0,1.022,8.11,3.4
2024,todas as atividades,Aracaju,514320,Faxineiro,2658,1432.99,1412.0,1412.0,1444.0,1580.09,44.0,False,12,False,1412.0,1.015,6.69,2.31
2025,todas as atividades,Aracaju,514320,Faxineiro,3918,1535.58,1518.0,1518.0,1523.77,1612.12,44.0,False,12,False,1518.0,1.012,7.16,2.03
2026,todas as atividades,Aracaju,514320,Faxineiro,1964,1639.5,1621.0,1621.0,1635.0,1657.82,44.0,False,7,True,1621.0,1.011,6.77,2.83
2021,todas as atividades,Aracaju,521140,Atendente de lojas e mercados,880,1140.56,1114.36,1136.5,1162.0,1486.84,44.0,False,12,False,1100.0,1.037,,
2022,todas as atividades,Aracaju,521140,Atendente de lojas e mercados,1130,1253.17,1212.0,1266.0,1266.28,1504.97,44.0,False,12,False,1212.0,1.034,9.87,1.22
2023,todas as atividades,Aracaju,521140,Atendente de lojas e mercados,1160,1354.19,1320.0,1367.58,1375.0,1555.41,44.0,False,12,False,1314.0,1.031,8.06,3.35
2024,todas as atividades,Aracaju,521140,Atendente de lojas e mercados,1737,1464.63,1412.0,1450.0,1512.0,1609.35,44.0,False,12,False,1412.0,1.037,8.16,3.47
2025,todas as atividades,Aracaju,521140,Atendente de lojas e mercados,2066,1571.6,1518.0,1551.21,1635.0,1645.27,44.0,False,12,False,1518.0,1.035,7.3,2.23
2026,todas as atividades,Aracaju,521140,Atendente de lojas e mercados,1458,1675.7,1635.0,1659.79,1661.0,1692.4,44.0,False,7,True,1621.0,1.034,6.62,2.86
2021,todas as atividades,Belo Horizonte,141510,Gerente de restaurante,402,2356.31,1500.0,2000.0,3000.0,3076.23,44.0,False,12,False,1100.0,2.142,,
2022,todas as atividades,Belo Horizonte,141510,Gerente de restaurante,515,2240.72,1513.63,2000.0,2575.0,2693.23,44.0,False,12,False,1212.0,1.849,-4.91,-12.45
2023,todas as atividades,Belo Horizonte,141510,Gerente de restaurante,590,2436.86,1700.0,2004.32,3132.18,2801.18,44.0,False,12,False,1314.0,1.855,8.75,4.01
2024,todas as atividades,Belo Horizonte,141510,Gerente de restaurante,669,2667.95,1820.0,2280.0,3371.35,2938.84,44.0,False,12,False,1412.0,1.889,9.48,4.91
2025,todas as atividades,Belo Horizonte,141510,Gerente de restaurante,655,2770.25,1945.0,2500.0,3330.94,2905.78,44.0,False,12,False,1518.0,1.825,3.83,-1.12
2026,todas as atividades,Belo Horizonte,141510,Gerente de restaurante,470,3083.77,2100.0,2700.0,3663.21,3118.97,44.0,False,7,True,1621.0,1.902,11.32,7.34
2021,todas as atividades,Belo Horizonte,141515,Gerente de bar,112,1892.13,1300.0,1600.0,2125.0,2453.98,44.0,False,12,False,1100.0,1.72,,
2022,todas as atividades,Belo Horizonte,141515,Gerente de bar,158,1941.67,1456.55,1700.0,2200.0,2338.23,44.0,False,12,False,1212.0,1.602,2.62,-4.72
2023,todas as atividades,Belo Horizonte,141515,Gerente de bar,169,2044.71,1600.0,1998.0,2330.46,2351.88,44.0,False,12,False,1314.0,1.556,5.31,0.58
2024,todas as atividades,Belo Horizonte,141515,Gerente de bar,155,2209.61,1739.55,2000.0,2575.0,2434.35,44.0,False,12,False,1412.0,1.565,8.06,3.51
2025,todas as atividades,Belo Horizonte,141515,Gerente de bar,165,2457.85,1982.2,2300.0,2800.0,2584.17,44.0,False,12,False,1518.0,1.619,11.23,6.15
2026,todas as atividades,Belo Horizonte,141515,Gerente de bar,116,2556.64,2000.0,2275.0,2843.75,2587.95,44.0,False,7,True,1621.0,1.577,4.02,0.15
2021,todas as atividades,Belo Horizonte,371410,Recreador,255,1353.89,1140.0,1260.0,1505.14,1756.67,44.0,False,12,False,1100.0,1.231,,
2022,todas as atividades,Belo Horizonte,371410,Recreador,1084,1468.04,1268.0,1501.98,1501.98,1760.72,44.0,False,12,False,1212.0,1.211,8.43,0.23
2023,todas as atividades,Belo Horizonte,371410,Recreador,1103,1573.15,1368.0,1501.98,1682.22,1812.99,44.0,False,12,False,1314.0,1.197,7.16,2.97
2024,todas as atividades,Belo Horizonte,371410,Recreador,1082,1766.19,1496.0,1682.22,1875.0,1953.69,44.0,False,12,False,1412.0,1.251,12.27,7.76
2025,todas as atividades,Belo Horizonte,371410,Recreador,1013,1865.07,1669.2,1926.75,1958.01,1957.63,44.0,False,12,False,1518.0,1.229,5.6,0.2
2026,todas as atividades,Belo Horizonte,371410,Recreador,665,2277.99,1830.82,2622.4,2622.4,2304.22,44.0,False,7,True,1621.0,1.405,22.14,17.7
2021,todas as atividades,Belo Horizonte,421125,Operador de caixa,10036,1221.02,1161.06,1206.85,1240.0,1592.74,44.0,False,12,False,1100.0,1.11,,
2022,todas as atividades,Belo Horizonte,421125,Operador de caixa,12631,1335.14,1244.33,1350.0,1369.03,1601.57,44.0,False,12,False,1212.0,1.102,9.35,0.55
2023,todas as atividades,Belo Horizonte,421125,Operador de caixa,14426,1461.5,1365.25,1500.0,1500.0,1678.83,44.0,False,12,False,1314.0,1.112,9.46,4.82
2024,todas as atividades,Belo Horizonte,421125,Operador de caixa,17128,1578.93,1500.0,1600.0,1600.0,1737.56,44.0,False,12,False,1412.0,1.118,8.03,3.5
2025,todas as atividades,Belo Horizonte,421125,Operador de caixa,17621,1686.6,1600.0,1720.0,1720.0,1768.72,44.0,False,12,False,1518.0,1.111,6.82,1.79
2026,todas as atividades,Belo Horizonte,421125,Operador de caixa,9515,1794.2,1720.0,1836.79,1837.0,1814.23,44.0,False,7,True,1621.0,1.107,6.38,2.57
2021,todas as atividades,Belo Horizonte,513205,Cozinheiro geral,3337,1347.17,1137.15,1283.0,1492.65,1755.47,44.0,False,12,False,1100.0,1.225,,
2022,todas as atividades,Belo Horizonte,513205,Cozinheiro geral,4852,1456.58,1250.0,1400.0,1600.0,1751.56,44.0,False,12,False,1212.0,1.202,8.12,-0.22
2023,todas as atividades,Belo Horizonte,513205,Cozinheiro geral,4831,1598.95,1400.0,1500.0,1750.0,1838.82,44.0,False,12,False,1314.0,1.217,9.77,4.98
2024,todas as atividades,Belo Horizonte,513205,Cozinheiro geral,5199,1744.48,1500.0,1650.0,1900.0,1922.58,44.0,False,12,False,1412.0,1.235,9.1,4.56
2025,todas as atividades,Belo Horizonte,513205,Cozinheiro geral,5634,1913.0,1650.0,1800.0,2100.0,2009.03,44.0,False,12,False,1518.0,1.26,9.66,4.5
2026,todas as atividades,Belo Horizonte,513205,Cozinheiro geral,3262,2060.47,1738.0,2000.0,2285.0,2083.49,44.0,False,7,True,1621.0,1.271,7.71,3.71
2021,todas as atividades,Belo Horizonte,513405,Garçom,1709,1197.05,1100.0,1150.0,1224.88,1549.69,44.0,False,12,False,1100.0,1.088,,
2022,todas as atividades,Belo Horizonte,513405,Garçom,2706,1295.91,1212.0,1212.0,1338.26,1558.37,44.0,False,12,False,1212.0,1.069,8.26,0.56
2023,todas as atividades,Belo Horizonte,513405,Garçom,2939,1445.63,1338.0,1388.0,1470.31,1662.18,44.0,False,12,False,1314.0,1.1,11.55,6.66
2024,todas as atividades,Belo Horizonte,513405,Garçom,3000,1577.35,1500.0,1550.0,1569.48,1738.07,44.0,False,12,False,1412.0,1.117,9.11,4.57
2025,todas as atividades,Belo Horizonte,513405,Garçom,3054,1694.79,1623.93,1623.94,1677.0,1778.05,44.0,False,12,False,1518.0,1.116,7.45,2.3
2026,todas as atividades,Belo Horizonte,513405,Garçom,1792,1800.18,1738.0,1738.0,1800.0,1820.98,44.0,False,7,True,1621.0,1.111,6.22,2.41
2021,todas as atividades,Belo Horizonte,513415,Cumim,332,1177.04,1100.0,1156.37,1208.14,1527.75,44.0,False,12,False,1100.0,1.07,,
2022,todas as atividades,Belo Horizonte,513415,Cumim,607,1279.79,1212.0,1295.0,1310.64,1536.49,44.0,False,12,False,1212.0,1.056,8.73,0.57
2023,todas as atividades,Belo Horizonte,513415,Cumim,801,1392.48,1325.0,1388.0,1418.0,1601.56,44.0,False,12,False,1314.0,1.06,8.81,4.23
2024,todas as atividades,Belo Horizonte,513415,Cumim,832,1516.95,1496.0,1498.27,1550.0,1670.35,44.0,False,12,False,1412.0,1.074,8.94,4.3
2025,todas as atividades,Belo Horizonte,513415,Cumim,752,1627.88,1585.76,1589.63,1669.2,1710.35,44.0,False,12,False,1518.0,1.072,7.31,2.39
2026,todas as atividades,Belo Horizonte,513415,Cumim,336,1740.31,1697.0,1704.34,1750.0,1761.17,44.0,False,7,True,1621.0,1.074,6.91,2.97
2021,todas as atividades,Belo Horizonte,513420,Barman,185,1267.0,1100.0,1200.0,1310.64,1642.52,44.0,False,12,False,1100.0,1.152,,
2022,todas as atividades,Belo Horizonte,513420,Barman,390,1360.42,1212.0,1300.0,1500.0,1634.4,44.0,False,12,False,1212.0,1.122,7.37,-0.49
2023,todas as atividades,Belo Horizonte,513420,Barman,471,1495.9,1372.0,1418.0,1541.53,1719.43,44.0,False,12,False,1314.0,1.138,9.96,5.2
2024,todas as atividades,Belo Horizonte,513420,Barman,457,1640.73,1496.0,1550.0,1725.0,1807.24,44.0,False,12,False,1412.0,1.162,9.68,5.11
2025,todas as atividades,Belo Horizonte,513420,Barman,480,1777.91,1586.0,1650.0,1886.0,1865.46,44.0,False,12,False,1518.0,1.171,8.36,3.22
2026,todas as atividades,Belo Horizonte,513420,Barman,272,1855.36,1697.0,1738.0,2000.0,1879.03,44.0,False,7,True,1621.0,1.145,4.36,0.73
2021,todas as atividades,Belo Horizonte,513435,Atendente de lanchonete,4593,1158.63,1100.0,1119.96,1200.0,1506.14,44.0,False,12,False,1100.0,1.053,,
2022,todas as atividades,Belo Horizonte,513435,Atendente de lanchonete,7959,1261.94,1212.0,1212.22,1300.0,1516.06,44.0,False,12,False,1212.0,1.041,8.92,0.66
2023,todas as atividades,Belo Horizonte,513435,Atendente de lanchonete,8833,1381.51,1338.0,1365.25,1418.0,1588.43,44.0,False,12,False,1314.0,1.051,9.48,4.77
2024,todas as atividades,Belo Horizonte,513435,Atendente de lanchonete,8784,1508.42,1470.0,1496.0,1528.0,1663.05,44.0,False,12,False,1412.0,1.068,9.19,4.7
2025,todas as atividades,Belo Horizonte,513435,Atendente de lanchonete,9695,1621.82,1580.25,1585.76,1643.63,1700.9,44.0,False,12,False,1518.0,1.068,7.52,2.28
2026,todas as atividades,Belo Horizonte,513435,Atendente de lanchonete,7758,1736.34,1688.0,1700.0,1791.33,1757.17,44.0,False,7,True,1621.0,1.071,7.06,3.31
2021,todas as atividades,Belo Horizonte,513505,Auxiliar nos serviços de alimentação,6147,1185.84,1101.95,1150.0,1206.85,1552.77,44.0,False,12,False,1100.0,1.078,,
2022,todas as atividades,Belo Horizonte,513505,Auxiliar nos serviços de alimentação,8629,1300.37,1212.0,1270.0,1350.0,1561.97,44.0,False,12,False,1212.0,1.073,9.66,0.59
2023,todas as atividades,Belo Horizonte,513505,Auxiliar nos serviços de alimentação,9561,1424.6,1338.0,1400.0,1480.0,1637.16,44.0,False,12,False,1314.0,1.084,9.55,4.81
2024,todas as atividades,Belo Horizonte,513505,Auxiliar nos serviços de alimentação,10183,1547.45,1470.0,1500.0,1600.0,1704.76,44.0,False,12,False,1412.0,1.096,8.62,4.13
2025,todas as atividades,Belo Horizonte,513505,Auxiliar nos serviços de alimentação,10523,1671.77,1585.76,1611.3,1720.0,1753.58,44.0,False,12,False,1518.0,1.101,8.03,2.86
2026,todas as atividades,Belo Horizonte,513505,Auxiliar nos serviços de alimentação,6772,1781.78,1688.0,1727.54,1836.79,1800.69,44.0,False,7,True,1621.0,1.099,6.58,2.69
2021,todas as atividades,Belo Horizonte,514320,Faxineiro,19453,1220.28,1154.88,1211.81,1227.75,1598.11,44.0,False,12,False,1100.0,1.109,,
2022,todas as atividades,Belo Horizonte,514320,Faxineiro,25409,1325.36,1238.77,1339.14,1352.49,1593.75,44.0,False,12,False,1212.0,1.094,8.61,-0.27
2023,todas as atividades,Belo Horizonte,514320,Faxineiro,27360,1430.68,1365.11,1440.4,1440.41,1645.19,44.0,False,12,False,1314.0,1.089,7.95,3.23
2024,todas as atividades,Belo Horizonte,514320,Faxineiro,30737,1543.54,1485.0,1541.23,1541.24,1699.72,44.0,False,12,False,1412.0,1.093,7.89,3.31
2025,todas as atividades,Belo Horizonte,514320,Faxineiro,33030,1655.24,1596.27,1649.12,1649.12,1736.36,44.0,False,12,False,1518.0,1.09,7.24,2.16
2026,todas as atividades,Belo Horizonte,514320,Faxineiro,21837,1765.21,1700.0,1772.8,1772.8,1783.57,44.0,False,7,True,1621.0,1.089,6.64,2.72
2021,todas as atividades,Belo Horizonte,521140,Atendente de lojas e mercados,7650,1195.68,1138.0,1170.4,1235.88,1562.45,44.0,False,12,False,1100.0,1.087,,
2022,todas as atividades,Belo Horizonte,521140,Atendente de lojas e mercados,11036,1303.3,1212.0,1270.0,1350.0,1565.12,44.0,False,12,False,1212.0,1.075,9.0,0.17
2023,todas as atividades,Belo Horizonte,521140,Atendente de lojas e mercados,12788,1424.76,1365.25,1400.0,1500.0,1636.22,44.0,False,12,False,1314.0,1.084,9.32,4.54
2024,todas as atividades,Belo Horizonte,521140,Atendente de lojas e mercados,15478,1551.75,1470.0,1528.0,1600.0,1708.21,44.0,False,12,False,1412.0,1.099,8.91,4.4
2025,todas as atividades,Belo Horizonte,521140,Atendente de lojas e mercados,15777,1673.5,1580.25,1634.96,1720.0,1755.82,44.0,False,12,False,1518.0,1.102,7.85,2.79
2026,todas as atividades,Belo Horizonte,521140,Atendente de lojas e mercados,9785,1792.72,1700.0,1750.0,1844.0,1812.18,44.0,False,7,True,1621.0,1.106,7.12,3.21
2021,todas as atividades,Belém,141510,Gerente de restaurante,48,1818.8,1250.0,1702.0,2000.0,2387.89,44.0,False,12,False,1100.0,1.653,,
2022,todas as atividades,Belém,141510,Gerente de restaurante,58,2019.49,1509.82,1760.0,2364.83,2424.42,44.0,False,12,False,1212.0,1.666,11.03,1.53
2023,todas as atividades,Belém,141510,Gerente de restaurante,64,2381.49,1500.0,1900.0,3000.0,2739.98,44.0,False,12,False,1314.0,1.812,17.93,13.02
2024,todas as atividades,Belém,141510,Gerente de restaurante,58,2235.21,1519.55,2000.0,2673.15,2469.36,44.0,False,12,False,1412.0,1.583,-6.14,-9.88
2025,todas as atividades,Belém,141510,Gerente de restaurante,99,3024.65,1800.0,2300.0,3101.78,3158.61,44.0,False,12,False,1518.0,1.993,35.32,27.91
2026,todas as atividades,Belém,141510,Gerente de restaurante,42,2846.74,1825.0,2213.0,3300.8,2880.97,44.0,False,7,True,1621.0,1.756,-5.88,-8.79
2021,todas as atividades,Belém,141515,Gerente de bar,11,1716.24,1271.45,1800.0,2000.0,2250.89,44.0,True,12,False,1100.0,1.56,,
2022,todas as atividades,Belém,141515,Gerente de bar,13,1725.87,1500.0,1561.76,2000.0,2064.59,44.0,True,12,False,1212.0,1.424,0.56,-8.28
2023,todas as atividades,Belém,141515,Gerente de bar,19,1804.0,1459.7,1500.0,2033.25,2074.22,44.0,True,12,False,1314.0,1.373,4.53,0.47
2024,todas as atividades,Belém,141515,Gerente de bar,21,1662.43,1412.0,1482.6,1800.0,1830.22,44.0,True,12,False,1412.0,1.177,-7.85,-11.76
2025,todas as atividades,Belém,141515,Gerente de bar,31,2117.44,1473.5,1580.0,2300.0,2227.64,44.0,False,12,False,1518.0,1.395,27.37,21.71
2026,todas as atividades,Belém,141515,Gerente de bar,14,1836.58,1674.8,1725.28,2000.0,1858.25,44.0,True,7,True,1621.0,1.133,-13.26,-16.58
2021,todas as atividades,Belém,371410,Recreador,17,1175.84,1100.0,1150.0,1180.0,1520.83,44.0,True,12,False,1100.0,1.069,,
2022,todas as atividades,Belém,371410,Recreador,41,1347.3,1212.0,1239.5,1309.71,1616.87,44.0,False,12,False,1212.0,1.112,14.58,6.31
2023,todas as atividades,Belém,371410,Recreador,33,1362.77,1309.71,1320.0,1367.44,1568.12,44.0,False,12,False,1314.0,1.037,1.15,-3.02
2024,todas as atividades,Belém,371410,Recreador,72,1284.09,1412.0,1412.0,1414.15,1419.03,44.0,False,12,False,1412.0,0.909,-5.77,-9.51
2025,todas as atividades,Belém,371410,Recreador,80,1624.38,1518.0,1520.0,1609.03,1704.4,44.0,False,12,False,1518.0,1.07,26.5,20.11
2026,todas as atividades,Belém,371410,Recreador,29,1691.65,1621.0,1621.0,1728.0,1710.91,44.0,True,7,True,1621.0,1.044,4.14,0.38
2021,todas as atividades,Belém,421125,Operador de caixa,2229,1249.32,1100.0,1277.05,1327.65,1630.72,44.0,False,12,False,1100.0,1.136,,
2022,todas as atividades,Belém,421125,Operador de caixa,2220,1339.93,1212.0,1309.68,1414.0,1611.51,44.0,False,12,False,1212.0,1.106,7.25,-1.18
2023,todas as atividades,Belém,421125,Operador de caixa,2159,1458.07,1320.0,1422.95,1566.0,1672.84,44.0,False,12,False,1314.0,1.11,8.82,3.81
2024,todas as atividades,Belém,421125,Operador de caixa,2821,1539.76,1412.0,1500.0,1675.0,1691.4,44.0,False,12,False,1412.0,1.09,5.6,1.11
2025,todas as atividades,Belém,421125,Operador de caixa,3108,1652.03,1518.0,1600.0,1780.0,1729.58,44.0,False,12,False,1518.0,1.088,7.29,2.26
2026,todas as atividades,Belém,421125,Operador de caixa,1752,1742.18,1621.0,1701.0,1860.0,1761.62,44.0,False,7,True,1621.0,1.075,5.46,1.85
2021,todas as atividades,Belém,513205,Cozinheiro geral,641,1281.22,1155.0,1211.81,1319.0,1671.74,44.0,False,12,False,1100.0,1.165,,
2022,todas as atividades,Belém,513205,Cozinheiro geral,894,1368.72,1214.0,1301.47,1429.8,1647.0,44.0,False,12,False,1212.0,1.129,6.83,-1.48
2023,todas as atividades,Belém,513205,Cozinheiro geral,954,1455.07,1335.6,1399.2,1500.0,1673.62,44.0,False,12,False,1314.0,1.107,6.31,1.62
2024,todas as atividades,Belém,513205,Cozinheiro geral,1154,1553.5,1419.4,1476.16,1568.0,1712.58,44.0,False,12,False,1412.0,1.1,6.76,2.33
2025,todas as atividades,Belém,513205,Cozinheiro geral,1783,1691.75,1586.87,1586.87,1680.0,1772.39,44.0,False,12,False,1518.0,1.114,8.9,3.49
2026,todas as atividades,Belém,513205,Cozinheiro geral,1642,1725.32,1650.0,1650.0,1694.62,1751.39,44.0,False,7,True,1621.0,1.064,1.98,-1.18
2021,todas as atividades,Belém,513405,Garçom,329,1216.02,1150.0,1180.0,1222.0,1580.69,44.0,False,12,False,1100.0,1.105,,
2022,todas as atividades,Belém,513405,Garçom,508,1243.95,1212.0,1222.0,1248.36,1493.87,44.0,False,12,False,1212.0,1.026,2.3,-5.49
2023,todas as atividades,Belém,513405,Garçom,562,1352.96,1320.0,1341.22,1368.31,1554.94,44.0,False,12,False,1314.0,1.03,8.76,4.09
2024,todas as atividades,Belém,513405,Garçom,614,1438.87,1412.0,1412.0,1420.0,1584.37,44.0,False,12,False,1412.0,1.019,6.35,1.89
2025,todas as atividades,Belém,513405,Garçom,830,1600.85,1518.0,1553.2,1615.32,1675.94,44.0,False,12,False,1518.0,1.055,11.26,5.78
2026,todas as atividades,Belém,513405,Garçom,350,1668.61,1621.0,1621.0,1685.22,1688.35,44.0,False,7,True,1621.0,1.029,4.23,0.74
2021,todas as atividades,Belém,513415,Cumim,112,1156.61,1150.0,1150.0,1175.0,1489.22,44.0,False,12,False,1100.0,1.051,,
2022,todas as atividades,Belém,513415,Cumim,190,1221.4,1212.0,1212.0,1220.0,1465.0,44.0,False,12,False,1212.0,1.008,5.6,-1.63
2023,todas as atividades,Belém,513415,Cumim,234,1344.73,1320.0,1345.67,1368.0,1542.25,44.0,False,12,False,1314.0,1.023,10.1,5.27
2024,todas as atividades,Belém,513415,Cumim,294,1430.41,1412.0,1412.0,1438.0,1572.09,44.0,False,12,False,1412.0,1.013,6.37,1.93
2025,todas as atividades,Belém,513415,Cumim,446,1573.53,1518.0,1553.2,1580.0,1646.9,44.0,False,12,False,1518.0,1.037,10.01,4.76
2026,todas as atividades,Belém,513415,Cumim,160,1634.72,1621.0,1621.0,1621.0,1654.24,44.0,False,7,True,1621.0,1.008,3.89,0.45
2021,todas as atividades,Belém,513420,Barman,107,1200.26,1150.0,1175.0,1222.0,1550.02,44.0,False,12,False,1100.0,1.091,,
2022,todas as atividades,Belém,513420,Barman,190,1249.44,1212.0,1239.5,1267.87,1497.87,44.0,False,12,False,1212.0,1.031,4.1,-3.36
2023,todas as atividades,Belém,513420,Barman,143,1363.28,1320.0,1350.0,1368.31,1567.63,44.0,False,12,False,1314.0,1.038,9.11,4.66
2024,todas as atividades,Belém,513420,Barman,151,1462.57,1412.0,1420.0,1496.96,1612.84,44.0,False,12,False,1412.0,1.036,7.28,2.88
2025,todas as atividades,Belém,513420,Barman,203,1676.38,1518.0,1553.2,1680.0,1753.86,44.0,False,12,False,1518.0,1.104,14.62,8.74
2026,todas as atividades,Belém,513420,Barman,105,1685.87,1621.0,1621.0,1680.0,1707.14,44.0,False,7,True,1621.0,1.04,0.57,-2.66
2021,todas as atividades,Belém,513435,Atendente de lanchonete,1184,1153.82,1100.0,1150.0,1175.0,1503.2,44.0,False,12,False,1100.0,1.049,,
2022,todas as atividades,Belém,513435,Atendente de lanchonete,1521,1236.58,1212.0,1212.0,1245.5,1484.76,44.0,False,12,False,1212.0,1.02,7.17,-1.23
2023,todas as atividades,Belém,513435,Atendente de lanchonete,1750,1347.79,1320.0,1320.0,1368.31,1547.74,44.0,False,12,False,1314.0,1.026,8.99,4.24
2024,todas as atividades,Belém,513435,Atendente de lanchonete,1976,1432.41,1412.0,1412.0,1419.4,1575.63,44.0,False,12,False,1412.0,1.014,6.28,1.8
2025,todas as atividades,Belém,513435,Atendente de lanchonete,2519,1547.13,1518.0,1518.0,1580.0,1621.1,44.0,False,12,False,1518.0,1.019,8.01,2.89
2026,todas as atividades,Belém,513435,Atendente de lanchonete,1542,1649.39,1621.0,1621.0,1680.0,1669.58,44.0,False,7,True,1621.0,1.018,6.61,2.99
2021,todas as atividades,Belém,513505,Auxiliar nos serviços de alimentação,961,1166.42,1100.0,1153.0,1205.94,1522.2,44.0,False,12,False,1100.0,1.06,,
2022,todas as atividades,Belém,513505,Auxiliar nos serviços de alimentação,1483,1245.42,1212.0,1212.0,1248.36,1498.22,44.0,False,12,False,1212.0,1.028,6.77,-1.58
2023,todas as atividades,Belém,513505,Auxiliar nos serviços de alimentação,1488,1362.6,1320.0,1333.58,1368.31,1565.14,44.0,False,12,False,1314.0,1.037,9.41,4.47
2024,todas as atividades,Belém,513505,Auxiliar nos serviços de alimentação,2073,1457.55,1412.0,1419.0,1475.0,1604.44,44.0,False,12,False,1412.0,1.032,6.97,2.51
2025,todas as atividades,Belém,513505,Auxiliar nos serviços de alimentação,2417,1585.0,1518.0,1520.0,1586.87,1660.41,44.0,False,12,False,1518.0,1.044,8.74,3.49
2026,todas as atividades,Belém,513505,Auxiliar nos serviços de alimentação,1271,1667.6,1621.0,1621.0,1680.0,1687.07,44.0,False,7,True,1621.0,1.029,5.21,1.61
2021,todas as atividades,Belém,514320,Faxineiro,4339,1177.59,1100.0,1191.31,1211.81,1544.3,44.0,False,12,False,1100.0,1.071,,
2022,todas as atividades,Belém,514320,Faxineiro,5822,1273.9,1212.0,1256.25,1320.87,1531.43,44.0,False,12,False,1212.0,1.051,8.18,-0.83
2023,todas as atividades,Belém,514320,Faxineiro,5777,1369.12,1320.0,1367.1,1399.2,1574.6,44.0,False,12,False,1314.0,1.042,7.47,2.82
2024,todas as atividades,Belém,514320,Faxineiro,6889,1461.84,1412.0,1441.61,1476.16,1611.03,44.0,False,12,False,1412.0,1.035,6.77,2.31
2025,todas as atividades,Belém,514320,Faxineiro,7623,1567.44,1518.0,1553.2,1586.87,1644.41,44.0,False,12,False,1518.0,1.033,7.22,2.07
2026,todas as atividades,Belém,514320,Faxineiro,4968,1671.08,1621.0,1649.48,1694.62,1689.1,44.0,False,7,True,1621.0,1.031,6.61,2.72
2021,todas as atividades,Belém,521140,Atendente de lojas e mercados,1933,1165.27,1100.0,1100.0,1212.67,1519.61,44.0,False,12,False,1100.0,1.059,,
2022,todas as atividades,Belém,521140,Atendente de lojas e mercados,2775,1256.27,1212.0,1212.0,1246.34,1505.8,44.0,False,12,False,1212.0,1.037,7.81,-0.91
2023,todas as atividades,Belém,521140,Atendente de lojas e mercados,3701,1361.45,1320.0,1320.0,1350.0,1559.57,44.0,False,12,False,1314.0,1.036,8.37,3.57
2024,todas as atividades,Belém,521140,Atendente de lojas e mercados,4144,1452.17,1412.0,1412.0,1422.95,1598.08,44.0,False,12,False,1412.0,1.028,6.66,2.47
2025,todas as atividades,Belém,521140,Atendente de lojas e mercados,3741,1570.05,1518.0,1518.0,1592.64,1644.6,44.0,False,12,False,1518.0,1.034,8.12,2.91
2026,todas as atividades,Belém,521140,Atendente de lojas e mercados,1965,1680.3,1621.0,1621.0,1703.0,1698.76,44.0,False,7,True,1621.0,1.037,7.02,3.29
2021,todas as atividades,Boa Vista,141510,Gerente de restaurante,12,1941.6,1500.0,1674.62,2350.0,2492.58,44.0,True,12,False,1100.0,1.765,,
2022,todas as atividades,Boa Vista,141510,Gerente de restaurante,16,2017.25,1611.94,1800.0,2537.5,2426.9,44.0,True,12,False,1212.0,1.664,3.9,-2.64
2023,todas as atividades,Boa Vista,141510,Gerente de restaurante,9,1843.09,1800.0,2000.0,2000.0,2132.0,44.0,True,12,False,1314.0,1.403,-8.63,-12.15
2024,todas as atividades,Boa Vista,141510,Gerente de restaurante,15,1833.39,1445.2,1500.0,1908.82,2025.61,44.0,True,12,False,1412.0,1.298,-0.53,-4.99
2025,todas as atividades,Boa Vista,141510,Gerente de restaurante,9,2647.53,1700.0,2400.0,2857.15,2777.91,44.0,True,12,False,1518.0,1.744,44.41,37.14
2026,todas as atividades,Boa Vista,141510,Gerente de restaurante,4,2280.25,2055.25,2250.0,2475.0,2301.12,44.0,True,7,True,1621.0,1.407,-13.87,-17.16
2021,todas as atividades,Boa Vista,141515,Gerente de bar,2,2177.4,2088.7,2177.4,2266.1,2808.13,43.855000000000004,True,12,False,1100.0,1.979,,
2022,todas as atividades,Boa Vista,141515,Gerente de bar,9,1758.4,1284.72,1650.0,2142.86,2111.91,44.0,True,12,False,1212.0,1.451,-19.24,-24.79
2023,todas as atividades,Boa Vista,141515,Gerente de bar,4,1890.79,1315.5,1660.0,2235.29,2171.77,44.0,True,12,False,1314.0,1.439,7.53,2.83
2024,todas as atividades,Boa Vista,141515,Gerente de bar,9,1908.92,1478.4,1600.0,2299.5,2099.86,44.0,True,12,False,1412.0,1.352,0.96,-3.31
2025,todas as atividades,Boa Vista,141515,Gerente de bar,5,1951.82,1586.31,2000.0,2071.29,2035.19,44.0,True,12,False,1518.0,1.286,2.25,-3.08
2026,todas as atividades,Boa Vista,141515,Gerente de bar,3,1907.0,1810.5,2000.0,2050.0,1933.32,44.0,True,7,True,1621.0,1.176,-2.3,-5.01
2021,todas as atividades,Boa Vista,371410,Recreador,11,1122.26,1100.0,1100.0,1100.0,1457.57,44.0,True,12,False,1100.0,1.02,,
2022,todas as atividades,Boa Vista,371410,Recreador,17,1409.27,1212.0,1212.0,1212.0,1690.03,44.0,True,12,False,1212.0,1.163,25.57,15.95
2023,todas as atividades,Boa Vista,371410,Recreador,27,1409.41,1311.0,1320.0,1410.32,1622.65,44.0,True,12,False,1314.0,1.073,0.01,-3.99
2024,todas as atividades,Boa Vista,371410,Recreador,70,1555.23,1412.0,1478.4,1512.0,1718.43,44.0,False,12,False,1412.0,1.101,10.35,5.9
2025,todas as atividades,Boa Vista,371410,Recreador,53,1565.41,1518.0,1518.0,1586.31,1644.72,44.0,False,12,False,1518.0,1.031,0.65,-4.29
2026,todas as atividades,Boa Vista,371410,Recreador,40,1654.92,1621.0,1621.0,1621.0,1671.79,44.0,False,7,True,1621.0,1.021,5.72,1.65
2021,todas as atividades,Boa Vista,421125,Operador de caixa,1691,1136.2,1100.0,1100.0,1177.0,1490.57,44.0,False,12,False,1100.0,1.033,,
2022,todas as atividades,Boa Vista,421125,Operador de caixa,2191,1252.14,1212.0,1212.0,1318.82,1503.71,44.0,False,12,False,1212.0,1.033,10.2,0.88
2023,todas as atividades,Boa Vista,421125,Operador de caixa,1938,1355.55,1327.14,1327.14,1388.69,1557.42,44.0,False,12,False,1314.0,1.032,8.26,3.57
2024,todas as atividades,Boa Vista,421125,Operador de caixa,2043,1443.8,1412.0,1412.0,1482.6,1588.68,44.0,False,12,False,1412.0,1.023,6.51,2.01
2025,todas as atividades,Boa Vista,421125,Operador de caixa,2043,1545.71,1518.0,1518.0,1600.0,1620.11,44.0,False,12,False,1518.0,1.018,7.06,1.98
2026,todas as atividades,Boa Vista,421125,Operador de caixa,1343,1633.2,1621.0,1621.0,1621.0,1650.9,44.0,False,7,True,1621.0,1.008,5.66,1.9
2021,todas as atividades,Boa Vista,513205,Cozinheiro geral,168,1187.84,1100.0,1100.0,1183.47,1555.95,44.0,False,12,False,1100.0,1.08,,
2022,todas as atividades,Boa Vista,513205,Cozinheiro geral,192,1324.22,1212.0,1212.0,1300.0,1591.6,44.0,False,12,False,1212.0,1.093,11.48,2.29
2023,todas as atividades,Boa Vista,513205,Cozinheiro geral,188,1423.13,1320.0,1320.0,1400.0,1634.71,44.0,False,12,False,1314.0,1.083,7.47,2.71
2024,todas as atividades,Boa Vista,513205,Cozinheiro geral,241,1549.09,1412.0,1478.4,1560.0,1705.57,44.0,False,12,False,1412.0,1.097,8.85,4.33
2025,todas as atividades,Boa Vista,513205,Cozinheiro geral,252,1708.93,1518.0,1586.31,1743.88,1791.95,44.0,False,12,False,1518.0,1.126,10.32,5.06
2026,todas as atividades,Boa Vista,513205,Cozinheiro geral,153,1802.42,1621.0,1621.0,1786.3,1821.31,44.0,False,7,True,1621.0,1.112,5.47,1.64
2021,todas as atividades,Boa Vista,513405,Garçom,141,1127.3,1100.0,1100.0,1100.0,1462.07,44.0,False,12,False,1100.0,1.025,,
2022,todas as atividades,Boa Vista,513405,Garçom,242,1231.03,1212.0,1212.0,1264.44,1480.01,44.0,False,12,False,1212.0,1.016,9.2,1.23
2023,todas as atividades,Boa Vista,513405,Garçom,185,1333.22,1320.0,1320.0,1327.14,1534.0,44.0,False,12,False,1314.0,1.015,8.3,3.65
2024,todas as atividades,Boa Vista,513405,Garçom,237,1449.21,1412.0,1420.0,1478.4,1596.39,44.0,False,12,False,1412.0,1.026,8.7,4.07
2025,todas as atividades,Boa Vista,513405,Garçom,270,1559.13,1518.0,1575.0,1586.31,1634.12,44.0,False,12,False,1518.0,1.027,7.58,2.36
2026,todas as atividades,Boa Vista,513405,Garçom,138,1637.15,1621.0,1621.0,1621.0,1657.88,44.0,False,7,True,1621.0,1.01,5.0,1.45
2021,todas as atividades,Boa Vista,513415,Cumim,31,1109.94,1100.0,1100.0,1100.0,1419.63,44.0,False,12,False,1100.0,1.009,,
2022,todas as atividades,Boa Vista,513415,Cumim,43,1236.66,1212.0,1212.0,1284.72,1486.53,44.0,False,12,False,1212.0,1.02,11.42,4.71
2023,todas as atividades,Boa Vista,513415,Cumim,40,1320.03,1320.0,1320.0,1320.0,1511.65,44.0,False,12,False,1314.0,1.005,6.74,1.69
2024,todas as atividades,Boa Vista,513415,Cumim,63,1449.22,1412.0,1478.4,1478.4,1592.17,44.0,False,12,False,1412.0,1.026,9.79,5.33
2025,todas as atividades,Boa Vista,513415,Cumim,106,1558.45,1518.0,1586.31,1586.31,1630.65,44.0,False,12,False,1518.0,1.027,7.54,2.42
2026,todas as atividades,Boa Vista,513415,Cumim,61,1622.62,1621.0,1621.0,1621.0,1643.08,44.0,False,7,True,1621.0,1.001,4.12,0.76
2021,todas as atividades,Boa Vista,513420,Barman,36,1128.25,1100.0,1100.0,1120.0,1463.52,44.0,False,12,False,1100.0,1.026,,
2022,todas as atividades,Boa Vista,513420,Barman,43,1255.96,1212.0,1212.0,1222.0,1512.25,44.0,False,12,False,1212.0,1.036,11.32,3.33
2023,todas as atividades,Boa Vista,513420,Barman,35,1383.31,1302.0,1320.0,1327.14,1594.15,44.0,False,12,False,1314.0,1.053,10.14,5.42
2024,todas as atividades,Boa Vista,513420,Barman,33,1450.44,1412.0,1478.4,1478.4,1589.01,44.0,False,12,False,1412.0,1.027,4.85,-0.32
2025,todas as atividades,Boa Vista,513420,Barman,53,1586.64,1518.0,1586.31,1586.31,1664.0,44.0,False,12,False,1518.0,1.045,9.39,4.72
2026,todas as atividades,Boa Vista,513420,Barman,16,1676.64,1621.0,1621.0,1687.62,1691.51,44.0,True,7,True,1621.0,1.034,5.67,1.65
2021,todas as atividades,Boa Vista,513435,Atendente de lanchonete,313,1129.57,1100.0,1100.0,1177.0,1480.16,44.0,False,12,False,1100.0,1.027,,
2022,todas as atividades,Boa Vista,513435,Atendente de lanchonete,517,1247.39,1212.0,1212.0,1284.72,1497.09,44.0,False,12,False,1212.0,1.029,10.43,1.14
2023,todas as atividades,Boa Vista,513435,Atendente de lanchonete,488,1335.67,1320.0,1327.14,1328.0,1536.01,44.0,False,12,False,1314.0,1.016,7.08,2.6
2024,todas as atividades,Boa Vista,513435,Atendente de lanchonete,505,1438.87,1412.0,1412.0,1478.4,1583.51,44.0,False,12,False,1412.0,1.019,7.73,3.09
2025,todas as atividades,Boa Vista,513435,Atendente de lanchonete,585,1564.43,1518.0,1586.13,1600.0,1641.67,44.0,False,12,False,1518.0,1.031,8.73,3.67
2026,todas as atividades,Boa Vista,513435,Atendente de lanchonete,319,1638.74,1621.0,1621.0,1621.0,1656.13,44.0,False,7,True,1621.0,1.011,4.75,0.88
2021,todas as atividades,Boa Vista,513505,Auxiliar nos serviços de alimentação,332,1125.95,1100.0,1100.0,1115.0,1474.36,44.0,False,12,False,1100.0,1.024,,
2022,todas as atividades,Boa Vista,513505,Auxiliar nos serviços de alimentação,528,1249.82,1212.0,1212.0,1284.72,1499.6,44.0,False,12,False,1212.0,1.031,11.0,1.71
2023,todas as atividades,Boa Vista,513505,Auxiliar nos serviços de alimentação,504,1352.15,1320.0,1327.14,1330.0,1554.17,44.0,False,12,False,1314.0,1.029,8.19,3.64
2024,todas as atividades,Boa Vista,513505,Auxiliar nos serviços de alimentação,620,1447.62,1412.0,1412.0,1478.4,1594.69,44.0,False,12,False,1412.0,1.025,7.06,2.61
2025,todas as atividades,Boa Vista,513505,Auxiliar nos serviços de alimentação,907,1579.26,1518.0,1580.0,1600.0,1655.41,44.0,False,12,False,1518.0,1.04,9.09,3.81
2026,todas as atividades,Boa Vista,513505,Auxiliar nos serviços de alimentação,575,1656.57,1621.0,1621.0,1686.02,1675.04,44.0,False,7,True,1621.0,1.022,4.9,1.19
2021,todas as atividades,Boa Vista,514320,Faxineiro,775,1154.96,1100.0,1101.95,1177.0,1517.65,44.0,False,12,False,1100.0,1.05,,
2022,todas as atividades,Boa Vista,514320,Faxineiro,1802,1244.51,1212.0,1240.0,1240.0,1493.33,44.0,False,12,False,1212.0,1.027,7.75,-1.6
2023,todas as atividades,Boa Vista,514320,Faxineiro,1337,1359.16,1320.0,1327.14,1335.0,1563.95,44.0,False,12,False,1314.0,1.034,9.21,4.73
2024,todas as atividades,Boa Vista,514320,Faxineiro,1588,1459.09,1412.0,1430.02,1430.02,1605.43,44.0,False,12,False,1412.0,1.033,7.35,2.65
2025,todas as atividades,Boa Vista,514320,Faxineiro,1749,1562.48,1518.0,1533.0,1533.18,1639.23,44.0,False,12,False,1518.0,1.029,7.09,2.11
2026,todas as atividades,Boa Vista,514320,Faxineiro,1263,1667.83,1621.0,1621.0,1636.02,1685.99,44.0,False,7,True,1621.0,1.029,6.74,2.85
2021,todas as atividades,Boa Vista,521140,Atendente de lojas e mercados,861,1122.85,1100.0,1100.0,1112.21,1471.51,44.0,False,12,False,1100.0,1.021,,
2022,todas as atividades,Boa Vista,521140,Atendente de lojas e mercados,1406,1256.79,1212.0,1212.0,1327.14,1507.93,44.0,False,12,False,1212.0,1.037,11.93,2.48
2023,todas as atividades,Boa Vista,521140,Atendente de lojas e mercados,1979,1351.86,1327.14,1327.14,1328.0,1554.37,44.0,False,12,False,1314.0,1.029,7.56,3.08
2024,todas as atividades,Boa Vista,521140,Atendente de lojas e mercados,2174,1436.59,1412.0,1412.0,1478.4,1580.76,44.0,False,12,False,1412.0,1.017,6.27,1.7
2025,todas as atividades,Boa Vista,521140,Atendente de lojas e mercados,2319,1541.68,1518.0,1518.0,1535.1,1615.55,44.0,False,12,False,1518.0,1.016,7.32,2.2
2026,todas as atividades,Boa Vista,521140,Atendente de lojas e mercados,1655,1630.1,1621.0,1621.0,1621.0,1647.3,44.0,False,7,True,1621.0,1.006,5.74,1.97
2021,todas as atividades,Brasília,141510,Gerente de restaurante,236,1995.45,1400.0,1800.0,2149.55,2610.38,44.0,False,12,False,1100.0,1.814,,
2022,todas as atividades,Brasília,141510,Gerente de restaurante,323,1955.16,1308.96,1800.0,2152.7,2352.39,44.0,False,12,False,1212.0,1.613,-2.02,-9.88
2023,todas as atividades,Brasília,141510,Gerente de restaurante,330,2256.75,1502.5,1980.0,2500.0,2593.87,44.0,False,12,False,1314.0,1.717,15.43,10.27
2024,todas as atividades,Brasília,141510,Gerente de restaurante,405,2324.33,1600.0,2000.0,2640.0,2559.59,44.0,False,12,False,1412.0,1.646,2.99,-1.32
2025,todas as atividades,Brasília,141510,Gerente de restaurante,444,2446.72,1772.56,2200.0,2621.84,2565.82,44.0,False,12,False,1518.0,1.612,5.27,0.24
2026,todas as atividades,Brasília,141510,Gerente de restaurante,259,2434.2,1782.07,2200.0,2700.0,2459.84,44.0,False,7,True,1621.0,1.502,-0.51,-4.13
2021,todas as atividades,Brasília,141515,Gerente de bar,73,1891.32,1263.12,1600.0,2000.0,2484.23,44.0,False,12,False,1100.0,1.719,,
2022,todas as atividades,Brasília,141515,Gerente de bar,81,1961.5,1400.0,1688.35,2344.4,2360.0,44.0,False,12,False,1212.0,1.618,3.71,-5.0
2023,todas as atividades,Brasília,141515,Gerente de bar,80,2457.47,1501.65,1860.74,2850.0,2821.62,44.0,False,12,False,1314.0,1.87,25.29,19.56
2024,todas as atividades,Brasília,141515,Gerente de bar,72,2458.97,1700.0,2102.5,2725.82,2709.04,44.0,False,12,False,1412.0,1.741,0.06,-3.99
2025,todas as atividades,Brasília,141515,Gerente de bar,85,2409.2,1700.0,2260.0,3000.0,2524.93,44.0,False,12,False,1518.0,1.587,-2.02,-6.8
2026,todas as atividades,Brasília,141515,Gerente de bar,61,2428.09,1800.0,2200.0,2800.0,2458.95,44.0,False,7,True,1621.0,1.498,0.78,-2.61
2021,todas as atividades,Brasília,371410,Recreador,738,1349.97,1250.0,1330.96,1419.64,1762.19,44.0,False,12,False,1100.0,1.227,,
2022,todas as atividades,Brasília,371410,Recreador,1534,1447.94,1308.96,1391.94,1506.91,1748.23,44.0,False,12,False,1212.0,1.195,7.26,-0.79
2023,todas as atividades,Brasília,371410,Recreador,2386,1555.66,1425.6,1505.76,1638.0,1801.25,44.0,False,12,False,1314.0,1.184,7.44,3.03
2024,todas as atividades,Brasília,371410,Recreador,1503,1675.13,1500.0,1603.6,1805.73,1851.06,44.0,False,12,False,1412.0,1.186,7.68,2.77
2025,todas as atividades,Brasília,371410,Recreador,1550,1789.6,1634.37,1683.67,1939.82,1877.69,44.0,False,12,False,1518.0,1.179,6.83,1.44
2026,todas as atividades,Brasília,371410,Recreador,1212,1874.13,1683.67,1800.0,2001.05,1896.01,44.0,False,7,True,1621.0,1.156,4.72,0.98
2021,todas as atividades,Brasília,421125,Operador de caixa,9486,1207.16,1164.64,1200.0,1231.82,1583.19,44.0,False,12,False,1100.0,1.097,,
2022,todas as atividades,Brasília,421125,Operador de caixa,11570,1319.01,1268.06,1302.4,1355.0,1583.84,44.0,False,12,False,1212.0,1.088,9.27,0.04
2023,todas as atividades,Brasília,421125,Operador de caixa,10920,1417.58,1353.0,1425.6,1443.0,1628.25,44.0,False,12,False,1314.0,1.079,7.47,2.8
2024,todas as atividades,Brasília,421125,Operador de caixa,12619,1497.78,1432.0,1510.0,1515.0,1648.41,44.0,False,12,False,1412.0,1.061,5.66,1.24
2025,todas as atividades,Brasília,421125,Operador de caixa,13184,1598.64,1520.76,1590.0,1638.58,1676.74,44.0,False,12,False,1518.0,1.053,6.73,1.72
2026,todas as atividades,Brasília,421125,Operador de caixa,8052,1687.09,1621.0,1681.0,1700.0,1705.7,44.0,False,7,True,1621.0,1.041,5.53,1.73
2021,todas as atividades,Brasília,513205,Cozinheiro geral,3907,1459.67,1188.0,1245.0,1600.0,1912.59,44.0,False,12,False,1100.0,1.327,,
2022,todas as atividades,Brasília,513205,Cozinheiro geral,4674,1518.45,1308.96,1309.0,1600.0,1828.3,44.0,False,12,False,1212.0,1.253,4.03,-4.41
2023,todas as atividades,Brasília,513205,Cozinheiro geral,5107,1634.22,1413.68,1442.53,1747.6,1880.07,44.0,False,12,False,1314.0,1.244,7.62,2.83
2024,todas as atividades,Brasília,513205,Cozinheiro geral,4915,1763.93,1524.96,1524.96,1900.0,1944.99,44.0,False,12,False,1412.0,1.249,7.94,3.45
2025,todas as atividades,Brasília,513205,Cozinheiro geral,4860,1899.22,1639.44,1700.0,2000.0,1992.48,44.0,False,12,False,1518.0,1.251,7.67,2.44
2026,todas as atividades,Brasília,513205,Cozinheiro geral,3336,2026.41,1750.68,1800.0,2167.55,2049.33,44.0,False,7,True,1621.0,1.25,6.7,2.85
2021,todas as atividades,Brasília,513405,Garçom,2785,1332.41,1188.0,1188.0,1247.4,1736.18,44.0,False,12,False,1100.0,1.211,,
2022,todas as atividades,Brasília,513405,Garçom,3618,1420.85,1308.96,1308.96,1308.98,1707.23,44.0,False,12,False,1212.0,1.172,6.64,-1.67
2023,todas as atividades,Brasília,513405,Garçom,4058,1540.69,1406.16,1425.6,1433.37,1770.91,44.0,False,12,False,1314.0,1.173,8.43,3.73
2024,todas as atividades,Brasília,513405,Garçom,4010,1640.95,1524.96,1524.96,1524.96,1807.44,44.0,False,12,False,1412.0,1.162,6.51,2.06
2025,todas as atividades,Brasília,513405,Garçom,4119,1748.25,1639.44,1639.44,1639.44,1834.93,44.0,False,12,False,1518.0,1.152,6.54,1.52
2026,todas as atividades,Brasília,513405,Garçom,2594,1860.4,1750.68,1750.68,1750.68,1883.69,44.0,False,7,True,1621.0,1.148,6.41,2.66
2021,todas as atividades,Brasília,513415,Cumim,932,1199.19,1188.0,1188.0,1188.0,1557.41,44.0,False,12,False,1100.0,1.09,,
2022,todas as atividades,Brasília,513415,Cumim,1652,1319.06,1308.96,1308.96,1308.96,1585.59,44.0,False,12,False,1212.0,1.088,10.0,1.81
2023,todas as atividades,Brasília,513415,Cumim,1843,1446.85,1406.16,1425.6,1425.6,1662.11,44.0,False,12,False,1314.0,1.101,9.69,4.83
2024,todas as atividades,Brasília,513415,Cumim,1875,1537.01,1524.96,1524.96,1524.96,1694.57,44.0,False,12,False,1412.0,1.089,6.23,1.95
2025,todas as atividades,Brasília,513415,Cumim,2083,1654.07,1639.44,1639.44,1639.44,1736.21,44.0,False,12,False,1518.0,1.09,7.62,2.46
2026,todas as atividades,Brasília,513415,Cumim,1210,1762.23,1750.68,1750.68,1750.68,1782.02,44.0,False,7,True,1621.0,1.087,6.54,2.64
2021,todas as atividades,Brasília,513420,Barman,436,1235.47,1188.0,1188.0,1224.0,1609.69,44.0,False,12,False,1100.0,1.123,,
2022,todas as atividades,Brasília,513420,Barman,731,1359.68,1308.96,1308.96,1357.74,1637.18,44.0,False,12,False,1212.0,1.122,10.05,1.71
2023,todas as atividades,Brasília,513420,Barman,724,1468.41,1406.16,1425.6,1425.6,1688.07,44.0,False,12,False,1314.0,1.118,8.0,3.11
2024,todas as atividades,Brasília,513420,Barman,765,1568.11,1524.96,1524.96,1524.96,1729.36,44.0,False,12,False,1412.0,1.111,6.79,2.45
2025,todas as atividades,Brasília,513420,Barman,810,1675.85,1639.44,1639.44,1646.96,1760.1,44.0,False,12,False,1518.0,1.104,6.87,1.78
2026,todas as atividades,Brasília,513420,Barman,510,1777.25,1750.68,1750.68,1750.68,1795.28,44.0,False,7,True,1621.0,1.096,6.05,2.0
2021,todas as atividades,Brasília,513435,Atendente de lanchonete,7981,1177.82,1125.0,1188.0,1188.0,1538.73,44.0,False,12,False,1100.0,1.071,,
2022,todas as atividades,Brasília,513435,Atendente de lanchonete,10527,1293.13,1241.34,1308.96,1308.96,1554.61,44.0,False,12,False,1212.0,1.067,9.79,1.03
2023,todas as atividades,Brasília,513435,Atendente de lanchonete,11411,1399.98,1322.0,1413.68,1425.6,1609.33,44.0,False,12,False,1314.0,1.065,8.26,3.52
2024,todas as atividades,Brasília,513435,Atendente de lanchonete,12220,1506.83,1450.0,1524.96,1524.96,1660.05,44.0,False,12,False,1412.0,1.067,7.63,3.15
2025,todas as atividades,Brasília,513435,Atendente de lanchonete,12916,1623.09,1564.92,1639.44,1639.44,1703.03,44.0,False,12,False,1518.0,1.069,7.72,2.59
2026,todas as atividades,Brasília,513435,Atendente de lanchonete,8358,1725.55,1650.0,1750.68,1750.68,1745.31,44.0,False,7,True,1621.0,1.064,6.31,2.48
2021,todas as atividades,Brasília,513505,Auxiliar nos serviços de alimentação,4993,1211.21,1164.64,1188.0,1200.0,1583.75,44.0,False,12,False,1100.0,1.101,,
2022,todas as atividades,Brasília,513505,Auxiliar nos serviços de alimentação,7404,1338.39,1308.0,1308.96,1317.24,1608.56,44.0,False,12,False,1212.0,1.104,10.5,1.57
2023,todas as atividades,Brasília,513505,Auxiliar nos serviços de alimentação,8783,1442.1,1406.16,1425.6,1425.6,1657.64,44.0,False,12,False,1314.0,1.097,7.75,3.05
2024,todas as atividades,Brasília,513505,Auxiliar nos serviços de alimentação,10055,1544.16,1510.0,1524.96,1524.96,1701.01,44.0,False,12,False,1412.0,1.094,7.08,2.62
2025,todas as atividades,Brasília,513505,Auxiliar nos serviços de alimentação,10677,1661.3,1600.0,1639.44,1639.44,1742.86,44.0,False,12,False,1518.0,1.094,7.59,2.46
2026,todas as atividades,Brasília,513505,Auxiliar nos serviços de alimentação,6791,1772.25,1700.0,1750.68,1750.68,1793.43,44.0,False,7,True,1621.0,1.093,6.68,2.9
2021,todas as atividades,Brasília,514320,Faxineiro,16410,1231.45,1162.0,1237.23,1287.96,1614.16,44.0,False,12,False,1100.0,1.12,,
2022,todas as atividades,Brasília,514320,Faxineiro,21947,1341.1,1266.54,1314.09,1416.75,1614.69,44.0,False,12,False,1212.0,1.107,8.9,0.03
2023,todas as atividades,Brasília,514320,Faxineiro,20889,1441.17,1350.0,1418.0,1515.92,1658.25,44.0,False,12,False,1314.0,1.097,7.46,2.7
2024,todas as atividades,Brasília,514320,Faxineiro,23724,1544.91,1435.12,1524.96,1629.62,1702.31,44.0,False,12,False,1412.0,1.094,7.2,2.66
2025,todas as atividades,Brasília,514320,Faxineiro,28179,1658.06,1553.76,1639.44,1743.69,1738.36,44.0,False,12,False,1518.0,1.092,7.32,2.12
2026,todas as atividades,Brasília,514320,Faxineiro,18734,1777.99,1648.99,1750.68,1862.09,1797.57,44.0,False,7,True,1621.0,1.097,7.23,3.41
2021,todas as atividades,Brasília,521140,Atendente de lojas e mercados,7087,1218.63,1164.64,1200.0,1278.71,1589.89,44.0,False,12,False,1100.0,1.108,,
2022,todas as atividades,Brasília,521140,Atendente de lojas e mercados,11432,1322.86,1243.2,1308.96,1355.0,1586.87,44.0,False,12,False,1212.0,1.091,8.55,-0.19
2023,todas as atividades,Brasília,521140,Atendente de lojas e mercados,14075,1422.32,1363.86,1442.53,1450.0,1634.39,44.0,False,12,False,1314.0,1.082,7.52,2.99
2024,todas as atividades,Brasília,521140,Atendente de lojas e mercados,18076,1507.6,1433.92,1515.0,1522.5,1659.21,44.0,False,12,False,1412.0,1.068,6.0,1.52
2025,todas as atividades,Brasília,521140,Atendente de lojas e mercados,19484,1615.61,1533.56,1606.0,1640.0,1693.98,44.0,False,12,False,1518.0,1.064,7.16,2.1
2026,todas as atividades,Brasília,521140,Atendente de lojas e mercados,11879,1693.59,1640.0,1700.0,1700.0,1713.4,44.0,False,7,True,1621.0,1.045,4.83,1.15
2021,todas as atividades,Campo Grande,141510,Gerente de restaurante,56,2141.63,1429.65,1875.0,2280.5,2797.96,44.0,False,12,False,1100.0,1.947,,
2022,todas as atividades,Campo Grande,141510,Gerente de restaurante,58,2868.97,1625.0,1989.5,2964.4,3459.99,44.0,False,12,False,1212.0,2.367,33.96,23.66
2023,todas as atividades,Campo Grande,141510,Gerente de restaurante,77,2631.51,1800.0,2050.0,2800.0,3017.88,44.0,False,12,False,1314.0,2.003,-8.28,-12.78
2024,todas as atividades,Campo Grande,141510,Gerente de restaurante,80,2786.5,1900.0,2200.0,2695.75,3071.69,44.0,False,12,False,1412.0,1.973,5.89,1.78
2025,todas as atividades,Campo Grande,141510,Gerente de restaurante,64,2789.18,1800.0,2331.0,3000.0,2927.75,44.0,False,12,False,1518.0,1.837,0.1,-4.69
2026,todas as atividades,Campo Grande,141510,Gerente de restaurante,46,3175.86,2204.86,2579.82,3365.5,3215.71,44.0,False,7,True,1621.0,1.959,13.86,9.84
2021,todas as atividades,Campo Grande,141515,Gerente de bar,17,1612.16,1400.0,1560.0,1656.0,2108.74,44.0,True,12,False,1100.0,1.466,,
2022,todas as atividades,Campo Grande,141515,Gerente de bar,25,1752.3,1400.0,1500.0,2000.0,2121.01,44.0,True,12,False,1212.0,1.446,8.69,0.58
2023,todas as atividades,Campo Grande,141515,Gerente de bar,19,2134.11,1650.0,2000.0,2307.5,2458.9,44.0,True,12,False,1314.0,1.624,21.79,15.93
2024,todas as atividades,Campo Grande,141515,Gerente de bar,30,2293.99,1812.5,2200.0,2646.87,2534.01,44.0,False,12,False,1412.0,1.625,7.49,3.05
2025,todas as atividades,Campo Grande,141515,Gerente de bar,11,2579.22,2000.0,2500.0,2685.72,2708.45,44.0,True,12,False,1518.0,1.699,12.43,6.88
2026,todas as atividades,Campo Grande,141515,Gerente de bar,12,2613.52,1925.0,2300.0,3000.0,2656.21,44.0,True,7,True,1621.0,1.612,1.33,-1.93
2021,todas as atividades,Campo Grande,371410,Recreador,69,1223.19,1155.77,1218.0,1240.15,1587.21,44.0,False,12,False,1100.0,1.112,,
2022,todas as atividades,Campo Grande,371410,Recreador,119,1303.8,1240.33,1315.0,1315.0,1567.74,44.0,False,12,False,1212.0,1.076,6.59,-1.23
2023,todas as atividades,Campo Grande,371410,Recreador,174,1476.3,1395.0,1410.0,1536.0,1696.84,44.0,False,12,False,1314.0,1.124,13.23,8.23
2024,todas as atividades,Campo Grande,371410,Recreador,153,1507.81,1451.0,1500.0,1500.0,1664.46,44.0,False,12,False,1412.0,1.068,2.13,-1.91
2025,todas as atividades,Campo Grande,371410,Recreador,164,1668.79,1600.0,1600.0,1721.92,1750.22,44.0,False,12,False,1518.0,1.099,10.68,5.15
2026,todas as atividades,Campo Grande,371410,Recreador,84,1808.24,1627.75,1691.2,1900.0,1831.22,44.0,False,7,True,1621.0,1.116,8.36,4.63
2021,todas as atividades,Campo Grande,421125,Operador de caixa,3136,1240.71,1185.0,1225.0,1276.0,1623.0,44.0,False,12,False,1100.0,1.128,,
2022,todas as atividades,Campo Grande,421125,Operador de caixa,4114,1360.18,1315.0,1369.0,1415.0,1633.18,44.0,False,12,False,1212.0,1.122,9.63,0.63
2023,todas as atividades,Campo Grande,421125,Operador de caixa,4702,1476.96,1429.0,1439.0,1567.0,1696.53,44.0,False,12,False,1314.0,1.124,8.59,3.88
2024,todas as atividades,Campo Grande,421125,Operador de caixa,4811,1578.88,1540.0,1540.0,1681.0,1738.33,44.0,False,12,False,1412.0,1.118,6.9,2.46
2025,todas as atividades,Campo Grande,421125,Operador de caixa,4764,1675.96,1540.0,1665.0,1830.0,1759.95,44.0,False,12,False,1518.0,1.104,6.15,1.24
2026,todas as atividades,Campo Grande,421125,Operador de caixa,2282,1805.64,1665.0,1790.0,1930.0,1825.97,44.0,False,7,True,1621.0,1.114,7.74,3.75
2021,todas as atividades,Campo Grande,513205,Cozinheiro geral,829,1352.15,1218.0,1222.1,1498.19,1771.34,44.0,False,12,False,1100.0,1.229,,
2022,todas as atividades,Campo Grande,513205,Cozinheiro geral,1108,1453.68,1315.0,1325.0,1549.0,1748.5,44.0,False,12,False,1212.0,1.199,7.51,-1.29
2023,todas as atividades,Campo Grande,513205,Cozinheiro geral,1083,1588.04,1410.0,1464.0,1700.0,1826.61,44.0,False,12,False,1314.0,1.209,9.24,4.47
2024,todas as atividades,Campo Grande,513205,Cozinheiro geral,1067,1694.38,1500.0,1559.8,1800.0,1867.77,44.0,False,12,False,1412.0,1.2,6.7,2.25
2025,todas as atividades,Campo Grande,513205,Cozinheiro geral,1080,1810.51,1599.62,1665.14,1982.25,1901.12,44.0,False,12,False,1518.0,1.193,6.85,1.79
2026,todas as atividades,Campo Grande,513205,Cozinheiro geral,604,1995.33,1691.2,1900.0,2176.2,2018.03,44.0,False,7,True,1621.0,1.231,10.21,6.15
2021,todas as atividades,Campo Grande,513405,Garçom,427,1274.67,1218.0,1218.0,1295.5,1662.98,44.0,False,12,False,1100.0,1.159,,
2022,todas as atividades,Campo Grande,513405,Garçom,590,1381.61,1315.0,1315.0,1416.5,1660.62,44.0,False,12,False,1212.0,1.14,8.39,-0.14
2023,todas as atividades,Campo Grande,513405,Garçom,754,1474.98,1410.0,1410.0,1500.0,1696.3,44.0,False,12,False,1314.0,1.123,6.76,2.15
2024,todas as atividades,Campo Grande,513405,Garçom,739,1586.83,1500.0,1500.0,1684.0,1748.97,44.0,False,12,False,1412.0,1.124,7.58,3.1
2025,todas as atividades,Campo Grande,513405,Garçom,773,1674.32,1600.0,1600.0,1750.0,1758.11,44.0,False,12,False,1518.0,1.103,5.51,0.52
2026,todas as atividades,Campo Grande,513405,Garçom,443,1792.26,1691.0,1691.2,1891.8,1814.01,44.0,False,7,True,1621.0,1.106,7.04,3.18
2021,todas as atividades,Campo Grande,513415,Cumim,107,1220.51,1217.0,1218.0,1218.0,1579.67,44.0,False,12,False,1100.0,1.11,,
2022,todas as atividades,Campo Grande,513415,Cumim,129,1308.32,1315.0,1315.0,1315.0,1572.06,44.0,False,12,False,1212.0,1.079,7.19,-0.48
2023,todas as atividades,Campo Grande,513415,Cumim,169,1415.55,1410.0,1410.0,1410.0,1626.2,44.0,False,12,False,1314.0,1.077,8.2,3.44
2024,todas as atividades,Campo Grande,513415,Cumim,152,1513.28,1500.0,1500.0,1500.0,1667.6,44.0,False,12,False,1412.0,1.072,6.9,2.55
2025,todas as atividades,Campo Grande,513415,Cumim,157,1617.02,1600.0,1600.0,1600.0,1699.16,44.0,False,12,False,1518.0,1.065,6.86,1.89
2026,todas as atividades,Campo Grande,513415,Cumim,96,1715.03,1691.2,1691.2,1692.0,1732.53,44.0,False,7,True,1621.0,1.058,6.06,1.96
2021,todas as atividades,Campo Grande,513420,Barman,96,1274.09,1218.0,1218.0,1277.0,1670.01,44.0,False,12,False,1100.0,1.158,,
2022,todas as atividades,Campo Grande,513420,Barman,131,1366.12,1315.0,1315.0,1365.0,1639.83,44.0,False,12,False,1212.0,1.127,7.22,-1.81
2023,todas as atividades,Campo Grande,513420,Barman,174,1476.15,1410.0,1410.0,1500.0,1695.99,44.0,False,12,False,1314.0,1.123,8.05,3.42
2024,todas as atividades,Campo Grande,513420,Barman,120,1612.98,1500.0,1500.0,1694.75,1779.82,44.0,False,12,False,1412.0,1.142,9.27,4.94
2025,todas as atividades,Campo Grande,513420,Barman,171,1651.45,1600.0,1600.0,1690.0,1733.44,44.0,False,12,False,1518.0,1.088,2.39,-2.61
2026,todas as atividades,Campo Grande,513420,Barman,91,1808.32,1691.2,1691.2,1848.67,1831.07,44.0,False,7,True,1621.0,1.116,9.5,5.63
2021,todas as atividades,Campo Grande,513435,Atendente de lanchonete,1841,1226.25,1218.0,1218.0,1218.0,1600.02,44.0,False,12,False,1100.0,1.115,,
2022,todas as atividades,Campo Grande,513435,Atendente de lanchonete,2573,1316.32,1250.0,1315.0,1315.0,1582.69,44.0,False,12,False,1212.0,1.086,7.35,-1.08
2023,todas as atividades,Campo Grande,513435,Atendente de lanchonete,2705,1422.33,1400.0,1410.0,1412.0,1635.94,44.0,False,12,False,1314.0,1.082,8.05,3.36
2024,todas as atividades,Campo Grande,513435,Atendente de lanchonete,2924,1529.98,1450.0,1500.0,1551.25,1686.36,44.0,False,12,False,1412.0,1.084,7.57,3.08
2025,todas as atividades,Campo Grande,513435,Atendente de lanchonete,2921,1625.91,1570.0,1600.0,1609.0,1706.46,44.0,False,12,False,1518.0,1.071,6.27,1.19
2026,todas as atividades,Campo Grande,513435,Atendente de lanchonete,1694,1732.97,1621.0,1691.2,1711.02,1753.39,44.0,False,7,True,1621.0,1.069,6.58,2.75
2021,todas as atividades,Campo Grande,513505,Auxiliar nos serviços de alimentação,1844,1248.35,1217.0,1218.0,1275.0,1631.24,44.0,False,12,False,1100.0,1.135,,
2022,todas as atividades,Campo Grande,513505,Auxiliar nos serviços de alimentação,2721,1349.29,1300.0,1315.0,1369.0,1621.95,44.0,False,12,False,1212.0,1.113,8.09,-0.57
2023,todas as atividades,Campo Grande,513505,Auxiliar nos serviços de alimentação,3030,1453.09,1380.57,1410.0,1500.0,1670.86,44.0,False,12,False,1314.0,1.106,7.69,3.02
2024,todas as atividades,Campo Grande,513505,Auxiliar nos serviços de alimentação,3341,1553.75,1450.0,1500.0,1600.0,1713.11,44.0,False,12,False,1412.0,1.1,6.93,2.53
2025,todas as atividades,Campo Grande,513505,Auxiliar nos serviços de alimentação,3368,1681.95,1600.0,1600.0,1748.38,1765.01,44.0,False,12,False,1518.0,1.108,8.25,3.03
2026,todas as atividades,Campo Grande,513505,Auxiliar nos serviços de alimentação,2327,1779.54,1665.0,1691.2,1800.0,1799.41,44.0,False,7,True,1621.0,1.098,5.8,1.95
2021,todas as atividades,Campo Grande,514320,Faxineiro,5998,1175.93,1105.0,1140.0,1218.0,1542.72,44.0,False,12,False,1100.0,1.069,,
2022,todas as atividades,Campo Grande,514320,Faxineiro,7483,1278.34,1217.0,1217.0,1307.0,1538.45,44.0,False,12,False,1212.0,1.055,8.71,-0.28
2023,todas as atividades,Campo Grande,514320,Faxineiro,6692,1393.11,1325.0,1325.0,1414.0,1603.13,44.0,False,12,False,1314.0,1.06,8.98,4.2
2024,todas as atividades,Campo Grande,514320,Faxineiro,6808,1508.2,1431.0,1440.4,1541.4,1662.63,44.0,False,12,False,1412.0,1.068,8.26,3.71
2025,todas as atividades,Campo Grande,514320,Faxineiro,6203,1617.27,1535.0,1535.0,1649.24,1697.74,44.0,False,12,False,1518.0,1.065,7.23,2.11
2026,todas as atividades,Campo Grande,514320,Faxineiro,4114,1708.96,1649.24,1651.0,1763.54,1728.7,44.0,False,7,True,1621.0,1.054,5.67,1.82
2021,todas as atividades,Campo Grande,521140,Atendente de lojas e mercados,2064,1251.61,1185.0,1225.0,1276.0,1634.24,44.0,False,12,False,1100.0,1.138,,
2022,todas as atividades,Campo Grande,521140,Atendente de lojas e mercados,3046,1355.92,1274.12,1369.0,1415.0,1627.09,44.0,False,12,False,1212.0,1.119,8.33,-0.44
2023,todas as atividades,Campo Grande,521140,Atendente de lojas e mercados,3924,1478.88,1410.0,1439.0,1567.0,1698.7,44.0,False,12,False,1314.0,1.125,9.07,4.4
2024,todas as atividades,Campo Grande,521140,Atendente de lojas e mercados,4387,1589.5,1510.0,1540.0,1693.0,1749.49,44.0,False,12,False,1412.0,1.126,7.48,2.99
2025,todas as atividades,Campo Grande,521140,Atendente de lojas e mercados,4970,1705.38,1616.25,1665.0,1830.0,1787.95,44.0,False,12,False,1518.0,1.123,7.29,2.2
2026,todas as atividades,Campo Grande,521140,Atendente de lojas e mercados,3074,1808.16,1665.0,1790.0,1960.0,1828.15,44.0,False,7,True,1621.0,1.115,6.03,2.25
2021,todas as atividades,Cuiabá,141510,Gerente de restaurante,64,2357.84,1500.0,2447.28,2980.2,3101.06,44.0,False,12,False,1100.0,2.143,,
2022,todas as atividades,Cuiabá,141510,Gerente de restaurante,77,2443.97,1350.0,2400.0,3215.0,2945.21,44.0,False,12,False,1212.0,2.016,3.65,-5.03
2023,todas as atividades,Cuiabá,141510,Gerente de restaurante,71,2521.79,1588.0,2000.0,3203.6,2901.83,44.0,False,12,False,1314.0,1.919,3.18,-1.47
2024,todas as atividades,Cuiabá,141510,Gerente de restaurante,97,2691.09,1859.76,2500.0,3097.38,2951.33,44.0,False,12,False,1412.0,1.906,6.71,1.71
2025,todas as atividades,Cuiabá,141510,Gerente de restaurante,105,2671.1,1870.0,2500.0,3282.61,2796.94,44.0,False,12,False,1518.0,1.76,-0.74,-5.23
2026,todas as atividades,Cuiabá,141510,Gerente de restaurante,78,2990.43,2022.5,2609.0,3377.41,3020.01,44.0,False,7,True,1621.0,1.845,11.95,7.98
2021,todas as atividades,Cuiabá,141515,Gerente de bar,13,1644.23,1150.0,1400.0,2000.0,2125.27,44.0,True,12,False,1100.0,1.495,,
2022,todas as atividades,Cuiabá,141515,Gerente de bar,15,2563.37,2000.0,2142.86,2900.0,3087.63,44.0,True,12,False,1212.0,2.115,55.9,45.28
2023,todas as atividades,Cuiabá,141515,Gerente de bar,10,1928.94,1647.34,2000.0,2000.0,2227.29,44.0,True,12,False,1314.0,1.468,-24.75,-27.86
2024,todas as atividades,Cuiabá,141515,Gerente de bar,8,2257.5,2037.5,2400.0,2512.5,2496.88,45.0,True,12,False,1412.0,1.599,17.03,12.1
2025,todas as atividades,Cuiabá,141515,Gerente de bar,15,2196.27,1680.0,2000.0,2795.0,2305.98,44.0,True,12,False,1518.0,1.447,-2.71,-7.65
2026,todas as atividades,Cuiabá,141515,Gerente de bar,4,1865.5,1621.0,1670.5,1915.0,1896.99,44.0,True,7,True,1621.0,1.151,-15.06,-17.74
2021,todas as atividades,Cuiabá,371410,Recreador,84,1256.44,1150.0,1200.0,1300.0,1639.76,44.0,False,12,False,1100.0,1.142,,
2022,todas as atividades,Cuiabá,371410,Recreador,143,1367.6,1212.0,1300.0,1500.0,1646.36,44.0,False,12,False,1212.0,1.128,8.85,0.4
2023,todas as atividades,Cuiabá,371410,Recreador,94,1711.2,1320.0,1416.0,1586.55,1963.1,44.0,False,12,False,1314.0,1.302,25.12,19.24
2024,todas as atividades,Cuiabá,371410,Recreador,144,1670.74,1412.0,1500.0,1600.0,1840.61,44.0,False,12,False,1412.0,1.183,-2.36,-6.24
2025,todas as atividades,Cuiabá,371410,Recreador,129,1896.66,1518.0,1600.0,1800.0,1995.44,44.0,False,12,False,1518.0,1.249,13.52,8.41
2026,todas as atividades,Cuiabá,371410,Recreador,97,2232.43,1700.0,1945.0,2896.3,2269.51,44.0,False,7,True,1621.0,1.377,17.7,13.73
2021,todas as atividades,Cuiabá,421125,Operador de caixa,3627,1213.27,1170.0,1190.0,1200.0,1591.76,44.0,False,12,False,1100.0,1.103,,
2022,todas as atividades,Cuiabá,421125,Operador de caixa,4592,1342.13,1300.0,1320.0,1350.0,1612.11,44.0,False,12,False,1212.0,1.107,10.62,1.28
2023,todas as atividades,Cuiabá,421125,Operador de caixa,4804,1449.34,1416.0,1430.0,1440.01,1665.53,44.0,False,12,False,1314.0,1.103,7.99,3.31
2024,todas as atividades,Cuiabá,421125,Operador de caixa,5016,1534.56,1482.0,1500.0,1550.0,1691.03,44.0,False,12,False,1412.0,1.087,5.88,1.53
2025,todas as atividades,Cuiabá,421125,Operador de caixa,4739,1664.75,1600.0,1615.0,1735.8,1747.49,44.0,False,12,False,1518.0,1.097,8.48,3.34
2026,todas as atividades,Cuiabá,421125,Operador de caixa,2641,1766.15,1685.0,1720.0,1815.0,1786.52,44.0,False,7,True,1621.0,1.09,6.09,2.23
2021,todas as atividades,Cuiabá,513205,Cozinheiro geral,816,1307.06,1100.0,1190.0,1409.57,1711.34,44.0,False,12,False,1100.0,1.188,,
2022,todas as atividades,Cuiabá,513205,Cozinheiro geral,1090,1441.33,1212.0,1300.0,1543.03,1736.09,44.0,False,12,False,1212.0,1.189,10.27,1.45
2023,todas as atividades,Cuiabá,513205,Cozinheiro geral,1018,1582.28,1320.0,1430.0,1700.0,1818.95,44.0,False,12,False,1314.0,1.204,9.78,4.77
2024,todas as atividades,Cuiabá,513205,Cozinheiro geral,1057,1716.11,1418.0,1575.0,1829.24,1892.56,44.0,False,12,False,1412.0,1.215,8.46,4.05
2025,todas as atividades,Cuiabá,513205,Cozinheiro geral,1007,1846.12,1570.0,1700.0,1998.2,1937.21,44.0,False,12,False,1518.0,1.216,7.58,2.36
2026,todas as atividades,Cuiabá,513205,Cozinheiro geral,839,1915.28,1700.0,1774.0,2000.0,1942.18,44.0,False,7,True,1621.0,1.182,3.75,0.26
2021,todas as atividades,Cuiabá,513405,Garçom,471,1174.02,1100.0,1100.0,1150.0,1534.08,44.0,False,12,False,1100.0,1.067,,
2022,todas as atividades,Cuiabá,513405,Garçom,770,1279.19,1212.0,1250.0,1270.0,1537.91,44.0,False,12,False,1212.0,1.055,8.96,0.25
2023,todas as atividades,Cuiabá,513405,Garçom,764,1373.19,1302.0,1320.0,1364.0,1579.29,44.0,False,12,False,1314.0,1.045,7.35,2.69
2024,todas as atividades,Cuiabá,513405,Garçom,755,1471.98,1412.0,1412.0,1480.0,1622.93,44.0,False,12,False,1412.0,1.042,7.19,2.76
2025,todas as atividades,Cuiabá,513405,Garçom,762,1608.56,1518.0,1570.0,1570.0,1688.29,44.0,False,12,False,1518.0,1.06,9.28,4.03
2026,todas as atividades,Cuiabá,513405,Garçom,373,1703.09,1621.0,1676.0,1676.0,1723.66,44.0,False,7,True,1621.0,1.051,5.88,2.1
2021,todas as atividades,Cuiabá,513415,Cumim,159,1131.91,1100.0,1100.0,1150.0,1478.46,44.0,False,12,False,1100.0,1.029,,
2022,todas as atividades,Cuiabá,513415,Cumim,218,1266.04,1212.0,1212.0,1250.0,1522.23,44.0,False,12,False,1212.0,1.045,11.85,2.96
2023,todas as atividades,Cuiabá,513415,Cumim,235,1339.18,1302.0,1320.0,1320.0,1541.32,44.0,False,12,False,1314.0,1.019,5.78,1.25
2024,todas as atividades,Cuiabá,513415,Cumim,245,1441.53,1412.0,1412.0,1412.0,1589.73,44.0,False,12,False,1412.0,1.021,7.64,3.14
2025,todas as atividades,Cuiabá,513415,Cumim,211,1584.59,1518.0,1570.0,1570.0,1665.04,44.0,False,12,False,1518.0,1.044,9.92,4.74
2026,todas as atividades,Cuiabá,513415,Cumim,109,1674.2,1621.0,1676.0,1676.0,1694.19,44.0,False,7,True,1621.0,1.033,5.66,1.75
2021,todas as atividades,Cuiabá,513420,Barman,120,1203.05,1100.0,1150.0,1210.18,1567.23,44.0,False,12,False,1100.0,1.094,,
2022,todas as atividades,Cuiabá,513420,Barman,205,1339.07,1212.0,1250.0,1400.0,1609.37,44.0,False,12,False,1212.0,1.105,11.31,2.69
2023,todas as atividades,Cuiabá,513420,Barman,197,1483.23,1320.0,1360.0,1600.0,1701.82,44.0,False,12,False,1314.0,1.129,10.77,5.74
2024,todas as atividades,Cuiabá,513420,Barman,175,1553.21,1412.0,1460.0,1620.0,1711.66,44.0,False,12,False,1412.0,1.1,4.72,0.58
2025,todas as atividades,Cuiabá,513420,Barman,180,1685.37,1518.0,1570.0,1776.51,1772.22,44.0,False,12,False,1518.0,1.11,8.51,3.54
2026,todas as atividades,Cuiabá,513420,Barman,110,1821.97,1676.0,1676.0,1940.68,1840.65,44.0,False,7,True,1621.0,1.124,8.11,3.86
2021,todas as atividades,Cuiabá,513435,Atendente de lanchonete,1402,1145.67,1100.0,1105.87,1150.0,1496.72,44.0,False,12,False,1100.0,1.042,,
2022,todas as atividades,Cuiabá,513435,Atendente de lanchonete,1934,1266.41,1212.0,1250.0,1300.0,1522.85,44.0,False,12,False,1212.0,1.045,10.54,1.75
2023,todas as atividades,Cuiabá,513435,Atendente de lanchonete,1913,1372.99,1315.0,1320.0,1416.0,1579.37,44.0,False,12,False,1314.0,1.045,8.42,3.71
2024,todas as atividades,Cuiabá,513435,Atendente de lanchonete,2135,1466.1,1412.0,1420.0,1482.0,1616.2,44.0,False,12,False,1412.0,1.038,6.78,2.33
2025,todas as atividades,Cuiabá,513435,Atendente de lanchonete,2398,1586.09,1518.0,1570.0,1600.0,1664.1,44.0,False,12,False,1518.0,1.045,8.18,2.96
2026,todas as atividades,Cuiabá,513435,Atendente de lanchonete,1407,1687.98,1621.0,1676.0,1700.0,1707.88,44.0,False,7,True,1621.0,1.041,6.42,2.63
2021,todas as atividades,Cuiabá,513505,Auxiliar nos serviços de alimentação,1526,1174.19,1100.0,1122.71,1190.0,1541.49,44.0,False,12,False,1100.0,1.067,,
2022,todas as atividades,Cuiabá,513505,Auxiliar nos serviços de alimentação,2157,1308.23,1212.0,1250.0,1320.0,1571.23,44.0,False,12,False,1212.0,1.079,11.42,1.93
2023,todas as atividades,Cuiabá,513505,Auxiliar nos serviços de alimentação,2387,1406.47,1320.0,1320.0,1430.0,1618.12,44.0,False,12,False,1314.0,1.07,7.51,2.98
2024,todas as atividades,Cuiabá,513505,Auxiliar nos serviços de alimentação,2692,1517.06,1412.0,1459.0,1508.57,1671.53,44.0,False,12,False,1412.0,1.074,7.86,3.3
2025,todas as atividades,Cuiabá,513505,Auxiliar nos serviços de alimentação,2669,1645.38,1551.0,1600.0,1699.2,1726.56,44.0,False,12,False,1518.0,1.084,8.46,3.29
2026,todas as atividades,Cuiabá,513505,Auxiliar nos serviços de alimentação,1773,1737.65,1650.0,1700.0,1750.0,1757.46,44.0,False,7,True,1621.0,1.072,5.61,1.79
2021,todas as atividades,Cuiabá,514320,Faxineiro,4351,1201.17,1146.5,1190.0,1198.09,1571.93,44.0,False,12,False,1100.0,1.092,,
2022,todas as atividades,Cuiabá,514320,Faxineiro,6357,1300.01,1212.0,1300.0,1305.91,1562.94,44.0,False,12,False,1212.0,1.073,8.23,-0.57
2023,todas as atividades,Cuiabá,514320,Faxineiro,7383,1407.18,1330.0,1403.85,1403.85,1618.35,44.0,False,12,False,1314.0,1.071,8.24,3.55
2024,todas as atividades,Cuiabá,514320,Faxineiro,7351,1504.59,1412.0,1453.9,1511.95,1659.93,44.0,False,12,False,1412.0,1.066,6.92,2.57
2025,todas as atividades,Cuiabá,514320,Faxineiro,8220,1631.47,1518.0,1591.95,1632.91,1712.34,44.0,False,12,False,1518.0,1.075,8.43,3.16
2026,todas as atividades,Cuiabá,514320,Faxineiro,5514,1715.09,1632.91,1649.12,1763.54,1736.62,44.0,False,7,True,1621.0,1.058,5.13,1.42
2021,todas as atividades,Cuiabá,521140,Atendente de lojas e mercados,1506,1193.68,1170.0,1170.0,1200.0,1557.56,44.0,False,12,False,1100.0,1.085,,
2022,todas as atividades,Cuiabá,521140,Atendente de lojas e mercados,2110,1312.5,1300.0,1300.0,1320.0,1576.43,44.0,False,12,False,1212.0,1.083,9.95,1.21
2023,todas as atividades,Cuiabá,521140,Atendente de lojas e mercados,2241,1430.37,1416.0,1416.0,1430.0,1643.97,44.0,False,12,False,1314.0,1.089,8.98,4.28
2024,todas as atividades,Cuiabá,521140,Atendente de lojas e mercados,2629,1521.19,1482.0,1482.0,1500.0,1674.46,44.0,False,12,False,1412.0,1.077,6.35,1.85
2025,todas as atividades,Cuiabá,521140,Atendente de lojas e mercados,2831,1642.7,1600.0,1600.0,1615.0,1722.5,44.0,False,12,False,1518.0,1.082,7.99,2.87
2026,todas as atividades,Cuiabá,521140,Atendente de lojas e mercados,1860,1730.69,1685.0,1720.0,1720.0,1749.93,44.0,False,7,True,1621.0,1.068,5.36,1.59
2021,todas as atividades,Curitiba,141510,Gerente de restaurante,390,2500.75,1697.0,2100.0,3000.0,3288.24,44.0,False,12,False,1100.0,2.273,,
2022,todas as atividades,Curitiba,141510,Gerente de restaurante,546,2406.97,1800.0,2013.0,2704.0,2887.26,44.0,False,12,False,1212.0,1.986,-3.75,-12.19
2023,todas as atividades,Curitiba,141510,Gerente de restaurante,613,2721.33,1850.0,2285.72,3108.32,3132.16,44.0,False,12,False,1314.0,2.071,13.06,8.48
2024,todas as atividades,Curitiba,141510,Gerente de restaurante,630,2954.0,2000.0,2500.0,3506.54,3253.97,44.0,False,12,False,1412.0,2.092,8.55,3.89
2025,todas as atividades,Curitiba,141510,Gerente de restaurante,572,2976.5,2100.0,2511.4,3500.0,3121.36,44.0,False,12,False,1518.0,1.961,0.76,-4.08
2026,todas as atividades,Curitiba,141510,Gerente de restaurante,335,3035.01,2200.0,2600.0,3500.0,3064.63,44.0,False,7,True,1621.0,1.872,1.97,-1.82
2021,todas as atividades,Curitiba,141515,Gerente de bar,83,1988.38,1500.0,1700.0,1943.92,2593.94,44.0,False,12,False,1100.0,1.808,,
2022,todas as atividades,Curitiba,141515,Gerente de bar,126,2187.28,1700.0,1980.0,2500.0,2629.24,44.0,False,12,False,1212.0,1.805,10.0,1.36
2023,todas as atividades,Curitiba,141515,Gerente de bar,93,2226.46,1800.0,2000.0,2300.0,2558.81,44.0,False,12,False,1314.0,1.694,1.79,-2.68
2024,todas as atividades,Curitiba,141515,Gerente de bar,117,2406.68,1800.0,2200.0,2700.0,2652.78,44.0,False,12,False,1412.0,1.704,8.09,3.67
2025,todas as atividades,Curitiba,141515,Gerente de bar,91,2588.22,2000.0,2376.02,2853.6,2720.69,44.0,False,12,False,1518.0,1.705,7.54,2.56
2026,todas as atividades,Curitiba,141515,Gerente de bar,50,2559.72,2194.57,2475.0,2882.1,2590.85,44.0,False,7,True,1621.0,1.579,-1.1,-4.77
2021,todas as atividades,Curitiba,371410,Recreador,103,1541.22,1370.0,1500.0,1530.3,2005.65,44.0,False,12,False,1100.0,1.401,,
2022,todas as atividades,Curitiba,371410,Recreador,125,1549.78,1400.0,1530.0,1617.32,1865.07,44.0,False,12,False,1212.0,1.279,0.56,-7.01
2023,todas as atividades,Curitiba,371410,Recreador,148,1673.7,1500.0,1669.0,1731.0,1924.19,44.0,False,12,False,1314.0,1.274,8.0,3.17
2024,todas as atividades,Curitiba,371410,Recreador,163,1801.47,1680.0,1735.0,1845.0,1983.69,44.0,False,12,False,1412.0,1.276,7.63,3.09
2025,todas as atividades,Curitiba,371410,Recreador,152,1937.56,1770.23,1900.0,2057.0,2031.75,44.0,False,12,False,1518.0,1.276,7.55,2.42
2026,todas as atividades,Curitiba,371410,Recreador,78,2042.07,1850.0,2000.0,2166.0,2064.48,44.0,False,7,True,1621.0,1.26,5.39,1.61
2021,todas as atividades,Curitiba,421125,Operador de caixa,7658,1425.9,1318.56,1416.0,1525.0,1862.94,44.0,False,12,False,1100.0,1.296,,
2022,todas as atividades,Curitiba,421125,Operador de caixa,10096,1524.75,1416.0,1525.0,1606.96,1831.48,44.0,False,12,False,1212.0,1.258,6.93,-1.69
2023,todas as atividades,Curitiba,421125,Operador de caixa,11807,1645.13,1547.91,1627.07,1723.93,1890.49,44.0,False,12,False,1314.0,1.252,7.9,3.22
2024,todas as atividades,Curitiba,421125,Operador de caixa,13966,1720.61,1600.0,1720.0,1802.0,1894.28,44.0,False,12,False,1412.0,1.219,4.59,0.2
2025,todas as atividades,Curitiba,421125,Operador de caixa,14268,1841.53,1710.99,1816.62,1933.53,1930.88,44.0,False,12,False,1518.0,1.213,7.03,1.93
2026,todas as atividades,Curitiba,421125,Operador de caixa,7938,1940.8,1786.58,1950.03,2058.0,1963.0,44.0,False,7,True,1621.0,1.197,5.39,1.66
2021,todas as atividades,Curitiba,513205,Cozinheiro geral,4202,1446.66,1293.0,1400.0,1524.6,1897.92,44.0,False,12,False,1100.0,1.315,,
2022,todas as atividades,Curitiba,513205,Cozinheiro geral,6678,1534.95,1358.09,1500.0,1617.32,1847.43,44.0,False,12,False,1212.0,1.266,6.1,-2.66
2023,todas as atividades,Curitiba,513205,Cozinheiro geral,6283,1700.2,1494.55,1680.0,1800.0,1955.33,44.0,False,12,False,1314.0,1.294,10.77,5.84
2024,todas as atividades,Curitiba,513205,Cozinheiro geral,7219,1787.86,1540.0,1735.0,1900.0,1971.71,44.0,False,12,False,1412.0,1.266,5.16,0.84
2025,todas as atividades,Curitiba,513205,Cozinheiro geral,7057,1931.73,1655.45,1828.0,2099.1,2027.75,44.0,False,12,False,1518.0,1.273,8.05,2.84
2026,todas as atividades,Curitiba,513205,Cozinheiro geral,4596,2025.64,1782.73,1900.0,2169.45,2049.02,44.0,False,7,True,1621.0,1.25,4.86,1.05
2021,todas as atividades,Curitiba,513405,Garçom,1623,1464.87,1390.0,1417.85,1524.6,1904.54,44.0,False,12,False,1100.0,1.332,,
2022,todas as atividades,Curitiba,513405,Garçom,2605,1572.75,1450.0,1585.0,1607.0,1891.27,44.0,False,12,False,1212.0,1.298,7.36,-0.7
2023,todas as atividades,Curitiba,513405,Garçom,2615,1711.45,1590.0,1680.0,1738.0,1968.65,44.0,False,12,False,1314.0,1.302,8.82,4.09
2024,todas as atividades,Curitiba,513405,Garçom,2653,1799.16,1700.0,1750.0,1852.0,1983.19,44.0,False,12,False,1412.0,1.274,5.12,0.74
2025,todas as atividades,Curitiba,513405,Garçom,2671,1899.42,1801.0,1830.43,1980.0,1992.32,44.0,False,12,False,1518.0,1.251,5.57,0.46
2026,todas as atividades,Curitiba,513405,Garçom,1674,2000.05,1828.0,1900.0,2099.0,2023.34,44.0,False,7,True,1621.0,1.234,5.3,1.56
2021,todas as atividades,Curitiba,513415,Cumim,540,1310.38,1134.5,1300.0,1413.0,1704.3,51.33,False,12,False,1100.0,1.191,,
2022,todas as atividades,Curitiba,513415,Cumim,760,1369.39,1212.0,1400.0,1585.0,1641.54,51.33,False,12,False,1212.0,1.13,4.5,-3.68
2023,todas as atividades,Curitiba,513415,Cumim,396,1648.67,1585.0,1680.0,1700.0,1897.57,44.0,False,12,False,1314.0,1.255,20.39,15.6
2024,todas as atividades,Curitiba,513415,Cumim,295,1745.51,1688.4,1735.0,1802.0,1922.06,44.0,False,12,False,1412.0,1.236,5.87,1.29
2025,todas as atividades,Curitiba,513415,Cumim,429,1833.13,1735.0,1828.0,1900.0,1923.8,44.0,False,12,False,1518.0,1.208,5.02,0.09
2026,todas as atividades,Curitiba,513415,Cumim,245,1886.37,1828.0,1900.0,1982.0,1905.66,44.0,False,7,True,1621.0,1.164,2.9,-0.94
2021,todas as atividades,Curitiba,513420,Barman,269,1479.6,1400.0,1429.0,1524.6,1924.66,44.0,False,12,False,1100.0,1.345,,
2022,todas as atividades,Curitiba,513420,Barman,468,1610.34,1500.0,1585.0,1700.0,1933.13,44.0,False,12,False,1212.0,1.329,8.84,0.44
2023,todas as atividades,Curitiba,513420,Barman,469,1741.87,1623.68,1690.0,1800.0,2003.51,44.0,False,12,False,1314.0,1.326,8.17,3.64
2024,todas as atividades,Curitiba,513420,Barman,548,1817.01,1700.0,1800.0,1854.25,2001.5,44.0,False,12,False,1412.0,1.287,4.31,-0.1
2025,todas as atividades,Curitiba,513420,Barman,510,1939.78,1802.0,1881.66,2000.0,2036.38,44.0,False,12,False,1518.0,1.278,6.76,1.74
2026,todas as atividades,Curitiba,513420,Barman,281,2027.22,1828.0,1956.02,2100.0,2051.08,44.0,False,7,True,1621.0,1.251,4.51,0.72
2021,todas as atividades,Curitiba,513435,Atendente de lanchonete,5382,1417.2,1356.0,1400.0,1473.0,1844.01,44.0,False,12,False,1100.0,1.288,,
2022,todas as atividades,Curitiba,513435,Atendente de lanchonete,7635,1541.7,1400.0,1585.0,1590.0,1852.9,44.0,False,12,False,1212.0,1.272,8.78,0.48
2023,todas as atividades,Curitiba,513435,Atendente de lanchonete,8265,1681.95,1585.0,1680.0,1723.93,1933.9,44.0,False,12,False,1314.0,1.28,9.1,4.37
2024,todas as atividades,Curitiba,513435,Atendente de lanchonete,8569,1766.95,1680.0,1735.0,1802.0,1947.13,44.0,False,12,False,1412.0,1.251,5.05,0.68
2025,todas as atividades,Curitiba,513435,Atendente de lanchonete,9639,1855.27,1735.0,1828.0,1931.6,1946.08,44.0,False,12,False,1518.0,1.222,5.0,-0.05
2026,todas as atividades,Curitiba,513435,Atendente de lanchonete,5651,1920.81,1828.0,1830.0,2035.0,1943.46,44.0,False,7,True,1621.0,1.185,3.53,-0.13
2021,todas as atividades,Curitiba,513505,Auxiliar nos serviços de alimentação,6995,1384.72,1296.08,1400.0,1469.6,1811.32,44.0,False,12,False,1100.0,1.259,,
2022,todas as atividades,Curitiba,513505,Auxiliar nos serviços de alimentação,9370,1511.46,1400.0,1526.32,1590.0,1817.15,44.0,False,12,False,1212.0,1.247,9.15,0.32
2023,todas as atividades,Curitiba,513505,Auxiliar nos serviços de alimentação,10203,1646.01,1585.0,1680.0,1700.0,1892.33,44.0,False,12,False,1314.0,1.253,8.9,4.14
2024,todas as atividades,Curitiba,513505,Auxiliar nos serviços de alimentação,12241,1735.33,1680.0,1734.74,1802.0,1912.08,44.0,False,12,False,1412.0,1.229,5.43,1.04
2025,todas as atividades,Curitiba,513505,Auxiliar nos serviços de alimentação,12389,1850.2,1735.0,1828.0,1931.0,1941.4,44.0,False,12,False,1518.0,1.219,6.62,1.53
2026,todas as atividades,Curitiba,513505,Auxiliar nos serviços de alimentação,7120,1940.4,1828.0,1900.0,2035.0,1962.99,44.0,False,7,True,1621.0,1.197,4.88,1.11
2021,todas as atividades,Curitiba,514320,Faxineiro,20706,1339.38,1227.75,1300.0,1454.0,1770.28,44.0,False,12,False,1100.0,1.218,,
2022,todas as atividades,Curitiba,514320,Faxineiro,21479,1424.24,1315.36,1446.9,1470.0,1713.56,44.0,False,12,False,1212.0,1.175,6.34,-3.2
2023,todas as atividades,Curitiba,514320,Faxineiro,20444,1555.93,1446.9,1534.0,1628.35,1789.77,44.0,False,12,False,1314.0,1.184,9.25,4.45
2024,todas as atividades,Curitiba,514320,Faxineiro,22587,1655.63,1540.51,1641.0,1728.4,1824.67,44.0,False,12,False,1412.0,1.173,6.41,1.95
2025,todas as atividades,Curitiba,514320,Faxineiro,25102,1779.87,1679.0,1764.0,1808.0,1867.21,44.0,False,12,False,1518.0,1.173,7.5,2.33
2026,todas as atividades,Curitiba,514320,Faxineiro,15789,1887.2,1764.0,1900.0,1900.0,1908.3,44.0,False,7,True,1621.0,1.164,6.03,2.2
2021,todas as atividades,Curitiba,521140,Atendente de lojas e mercados,6811,1343.46,1100.0,1390.0,1524.6,1751.12,44.0,False,12,False,1100.0,1.221,,
2022,todas as atividades,Curitiba,521140,Atendente de lojas e mercados,10037,1513.88,1443.6,1500.0,1598.85,1818.14,44.0,False,12,False,1212.0,1.249,12.69,3.83
2023,todas as atividades,Curitiba,521140,Atendente de lojas e mercados,10890,1638.24,1557.45,1625.0,1738.0,1882.13,44.0,False,12,False,1314.0,1.247,8.21,3.52
2024,todas as atividades,Curitiba,521140,Atendente de lojas e mercados,12824,1727.22,1623.33,1723.93,1850.2,1901.32,44.0,False,12,False,1412.0,1.223,5.43,1.02
2025,todas as atividades,Curitiba,521140,Atendente de lojas e mercados,16157,1833.42,1710.99,1816.0,1950.68,1921.33,44.0,False,12,False,1518.0,1.208,6.15,1.05
2026,todas as atividades,Curitiba,521140,Atendente de lojas e mercados,8967,1916.36,1730.0,1900.0,2058.0,1938.45,44.0,False,7,True,1621.0,1.182,4.52,0.89
2021,todas as atividades,Florianópolis,141510,Gerente de restaurante,123,2184.63,1500.0,1944.14,2500.0,2848.28,44.0,False,12,False,1100.0,1.986,,
2022,todas as atividades,Florianópolis,141510,Gerente de restaurante,144,2254.76,1700.0,2048.48,2639.25,2706.83,44.0,False,12,False,1212.0,1.86,3.21,-4.97
2023,todas as atividades,Florianópolis,141510,Gerente de restaurante,152,2420.79,1800.0,2145.0,2800.0,2778.59,44.0,False,12,False,1314.0,1.842,7.36,2.65
2024,todas as atividades,Florianópolis,141510,Gerente de restaurante,180,2489.72,1844.4,2396.16,2800.0,2737.81,44.0,False,12,False,1412.0,1.763,2.85,-1.47
2025,todas as atividades,Florianópolis,141510,Gerente de restaurante,158,2638.97,2000.0,2500.0,2953.07,2767.52,44.0,False,12,False,1518.0,1.738,5.99,1.09
2026,todas as atividades,Florianópolis,141510,Gerente de restaurante,98,2821.21,2212.5,2714.4,3001.5,2854.24,44.0,False,7,True,1621.0,1.74,6.91,3.13
2021,todas as atividades,Florianópolis,141515,Gerente de bar,33,1841.3,1467.0,1600.0,1930.0,2418.3,44.0,False,12,False,1100.0,1.674,,
2022,todas as atividades,Florianópolis,141515,Gerente de bar,55,2121.45,1621.0,1900.0,2232.5,2562.26,44.0,False,12,False,1212.0,1.75,15.21,5.95
2023,todas as atividades,Florianópolis,141515,Gerente de bar,60,2247.9,1740.0,2020.0,2505.0,2583.05,44.0,False,12,False,1314.0,1.711,5.96,0.81
2024,todas as atividades,Florianópolis,141515,Gerente de bar,62,2342.52,1844.4,2000.0,2500.0,2579.22,44.0,False,12,False,1412.0,1.659,4.21,-0.15
2025,todas as atividades,Florianópolis,141515,Gerente de bar,41,2528.12,2000.0,2300.0,2800.0,2654.06,44.0,False,12,False,1518.0,1.665,7.92,2.9
2026,todas as atividades,Florianópolis,141515,Gerente de bar,21,2388.63,2146.0,2146.0,2500.0,2427.74,44.0,True,7,True,1621.0,1.474,-5.52,-8.53
2021,todas as atividades,Florianópolis,371410,Recreador,105,1591.23,1467.0,1467.0,1646.0,2069.93,44.0,False,12,False,1100.0,1.447,,
2022,todas as atividades,Florianópolis,371410,Recreador,123,1720.61,1467.0,1621.0,1842.0,2076.5,44.0,False,12,False,1212.0,1.42,8.13,0.32
2023,todas as atividades,Florianópolis,371410,Recreador,128,1923.63,1733.75,1740.0,1921.0,2206.6,44.0,False,12,False,1314.0,1.464,11.8,6.27
2024,todas as atividades,Florianópolis,371410,Recreador,125,2083.29,1844.4,1844.4,1995.0,2288.1,44.0,False,12,False,1412.0,1.475,8.3,3.69
2025,todas as atividades,Florianópolis,371410,Recreador,137,2151.03,1978.0,1995.0,2159.63,2255.21,44.0,False,12,False,1518.0,1.417,3.25,-1.44
2026,todas as atividades,Florianópolis,371410,Recreador,70,2280.97,2106.0,2146.0,2190.75,2313.6,44.0,False,7,True,1621.0,1.407,6.04,2.59
2021,todas as atividades,Florianópolis,421125,Operador de caixa,2705,1601.1,1559.1,1567.7,1713.0,2081.43,44.0,False,12,False,1100.0,1.456,,
2022,todas as atividades,Florianópolis,421125,Operador de caixa,3103,1752.43,1713.0,1713.0,1886.0,2103.3,44.0,False,12,False,1212.0,1.446,9.45,1.05
2023,todas as atividades,Florianópolis,421125,Operador de caixa,3439,1878.38,1814.0,1886.0,1990.0,2155.35,44.0,False,12,False,1314.0,1.43,7.19,2.47
2024,todas as atividades,Florianópolis,421125,Operador de caixa,3896,1997.07,1990.0,1990.0,2110.0,2193.18,44.0,False,12,False,1412.0,1.414,6.32,1.76
2025,todas as atividades,Florianópolis,421125,Operador de caixa,4149,2136.81,2110.0,2110.0,2255.0,2240.21,44.0,False,12,False,1518.0,1.408,7.0,2.14
2026,todas as atividades,Florianópolis,421125,Operador de caixa,2198,2235.64,2255.0,2255.0,2256.0,2263.18,44.0,False,7,True,1621.0,1.379,4.63,1.03
2021,todas as atividades,Florianópolis,513205,Cozinheiro geral,1554,1631.82,1467.0,1467.0,1710.46,2128.7,44.0,False,12,False,1100.0,1.483,,
2022,todas as atividades,Florianópolis,513205,Cozinheiro geral,1917,1741.64,1621.0,1621.0,1800.0,2094.19,44.0,False,12,False,1212.0,1.437,6.73,-1.62
2023,todas as atividades,Florianópolis,513205,Cozinheiro geral,2116,1862.87,1700.0,1740.0,2000.0,2140.21,44.0,False,12,False,1314.0,1.418,6.96,2.2
2024,todas as atividades,Florianópolis,513205,Cozinheiro geral,2333,1954.6,1740.0,1844.4,2057.2,2153.11,44.0,False,12,False,1412.0,1.384,4.92,0.6
2025,todas as atividades,Florianópolis,513205,Cozinheiro geral,2454,2079.25,1800.0,1978.0,2200.0,2181.46,44.0,False,12,False,1518.0,1.37,6.38,1.32
2026,todas as atividades,Florianópolis,513205,Cozinheiro geral,1270,2257.14,1978.0,2146.0,2350.0,2283.61,44.0,False,7,True,1621.0,1.392,8.56,4.68
2021,todas as atividades,Florianópolis,513405,Garçom,1723,1503.01,1467.0,1467.0,1500.0,1944.78,44.0,False,12,False,1100.0,1.366,,
2022,todas as atividades,Florianópolis,513405,Garçom,2068,1637.37,1621.0,1621.0,1621.0,1968.17,44.0,False,12,False,1212.0,1.351,8.94,1.2
2023,todas as atividades,Florianópolis,513405,Garçom,2057,1752.94,1740.0,1740.0,1740.0,2011.69,44.0,False,12,False,1314.0,1.334,7.06,2.21
2024,todas as atividades,Florianópolis,513405,Garçom,2123,1871.0,1844.4,1844.4,1844.4,2055.98,44.0,False,12,False,1412.0,1.325,6.73,2.2
2025,todas as atividades,Florianópolis,513405,Garçom,2111,1994.65,1895.0,1978.0,1978.0,2090.21,44.0,False,12,False,1518.0,1.314,6.61,1.66
2026,todas as atividades,Florianópolis,513405,Garçom,976,2167.38,2146.0,2146.0,2146.0,2195.43,44.0,False,7,True,1621.0,1.337,8.66,5.03
2021,todas as atividades,Florianópolis,513415,Cumim,148,1476.76,1467.0,1467.0,1467.0,1906.52,44.0,False,12,False,1100.0,1.343,,
2022,todas as atividades,Florianópolis,513415,Cumim,198,1603.3,1621.0,1621.0,1621.0,1927.89,44.0,False,12,False,1212.0,1.323,8.57,1.12
2023,todas as atividades,Florianópolis,513415,Cumim,204,1719.36,1621.0,1740.0,1740.0,1975.24,44.0,False,12,False,1314.0,1.308,7.24,2.46
2024,todas as atividades,Florianópolis,513415,Cumim,188,1843.63,1836.0,1844.4,1844.4,2024.48,44.0,False,12,False,1412.0,1.306,7.23,2.49
2025,todas as atividades,Florianópolis,513415,Cumim,162,1972.09,1844.55,1978.0,1978.0,2065.82,44.0,False,12,False,1518.0,1.299,6.97,2.04
2026,todas as atividades,Florianópolis,513415,Cumim,65,2110.44,2146.0,2146.0,2146.0,2140.67,44.0,False,7,True,1621.0,1.302,7.02,3.62
2021,todas as atividades,Florianópolis,513420,Barman,246,1501.44,1467.0,1467.0,1532.5,1948.27,44.0,False,12,False,1100.0,1.365,,
2022,todas as atividades,Florianópolis,513420,Barman,361,1635.27,1621.0,1621.0,1621.0,1961.8,44.0,False,12,False,1212.0,1.349,8.91,0.69
2023,todas as atividades,Florianópolis,513420,Barman,365,1773.01,1740.0,1740.0,1800.0,2035.36,44.0,False,12,False,1314.0,1.349,8.42,3.75
2024,todas as atividades,Florianópolis,513420,Barman,344,1900.71,1844.4,1844.4,1844.4,2087.47,44.0,False,12,False,1412.0,1.346,7.2,2.56
2025,todas as atividades,Florianópolis,513420,Barman,341,2039.85,1978.0,1978.0,2000.0,2138.17,44.0,False,12,False,1518.0,1.344,7.32,2.43
2026,todas as atividades,Florianópolis,513420,Barman,173,2196.89,2146.0,2146.0,2183.0,2222.07,44.0,False,7,True,1621.0,1.355,7.7,3.92
2021,todas as atividades,Florianópolis,513435,Atendente de lanchonete,1852,1469.22,1467.0,1467.0,1467.0,1914.99,44.0,False,12,False,1100.0,1.336,,
2022,todas as atividades,Florianópolis,513435,Atendente de lanchonete,2707,1611.27,1621.0,1621.0,1621.0,1936.3,44.0,False,12,False,1212.0,1.329,9.67,1.11
2023,todas as atividades,Florianópolis,513435,Atendente de lanchonete,2997,1715.07,1621.0,1740.0,1740.0,1970.32,44.0,False,12,False,1314.0,1.305,6.44,1.76
2024,todas as atividades,Florianópolis,513435,Atendente de lanchonete,3580,1839.25,1740.0,1844.4,1844.4,2024.0,44.0,False,12,False,1412.0,1.303,7.24,2.72
2025,todas as atividades,Florianópolis,513435,Atendente de lanchonete,3779,1952.98,1844.4,1978.0,1978.0,2048.82,44.0,False,12,False,1518.0,1.287,6.18,1.23
2026,todas as atividades,Florianópolis,513435,Atendente de lanchonete,2179,2117.4,2048.46,2146.0,2146.0,2143.11,44.0,False,7,True,1621.0,1.306,8.42,4.6
2021,todas as atividades,Florianópolis,513505,Auxiliar nos serviços de alimentação,2463,1495.24,1467.0,1467.0,1476.01,1948.11,44.0,False,12,False,1100.0,1.359,,
2022,todas as atividades,Florianópolis,513505,Auxiliar nos serviços de alimentação,3848,1612.23,1551.0,1621.0,1621.0,1938.46,44.0,False,12,False,1212.0,1.33,7.82,-0.5
2023,todas as atividades,Florianópolis,513505,Auxiliar nos serviços de alimentação,3976,1751.26,1641.57,1740.0,1740.0,2012.91,44.0,False,12,False,1314.0,1.333,8.62,3.84
2024,todas as atividades,Florianópolis,513505,Auxiliar nos serviços de alimentação,4336,1880.98,1840.4,1844.4,1923.79,2070.58,44.0,False,12,False,1412.0,1.332,7.41,2.87
2025,todas as atividades,Florianópolis,513505,Auxiliar nos serviços de alimentação,4523,2023.39,1898.0,1978.0,2110.0,2121.5,44.0,False,12,False,1518.0,1.333,7.57,2.46
2026,todas as atividades,Florianópolis,513505,Auxiliar nos serviços de alimentação,2557,2174.99,2146.0,2146.0,2251.58,2200.98,44.0,False,7,True,1621.0,1.342,7.49,3.75
2021,todas as atividades,Florianópolis,514320,Faxineiro,4683,1333.8,1222.93,1222.94,1467.0,1751.93,44.0,False,12,False,1100.0,1.213,,
2022,todas as atividades,Florianópolis,514320,Faxineiro,6709,1408.56,1314.09,1322.72,1587.27,1693.79,44.0,False,12,False,1212.0,1.162,5.61,-3.32
2023,todas as atividades,Florianópolis,514320,Faxineiro,6172,1552.92,1440.41,1440.84,1740.0,1787.39,44.0,False,12,False,1314.0,1.182,10.25,5.53
2024,todas as atividades,Florianópolis,514320,Faxineiro,7235,1660.37,1541.23,1541.27,1844.4,1828.84,44.0,False,12,False,1412.0,1.176,6.92,2.32
2025,todas as atividades,Florianópolis,514320,Faxineiro,7892,1774.87,1653.63,1653.63,1978.0,1862.47,44.0,False,12,False,1518.0,1.169,6.9,1.84
2026,todas as atividades,Florianópolis,514320,Faxineiro,5467,1868.21,1752.85,1752.85,2022.0,1892.67,44.0,False,7,True,1621.0,1.153,5.26,1.62
2021,todas as atividades,Florianópolis,521140,Atendente de lojas e mercados,1366,1574.88,1467.0,1560.0,1713.0,2049.88,44.0,False,12,False,1100.0,1.432,,
2022,todas as atividades,Florianópolis,521140,Atendente de lojas e mercados,1715,1718.58,1621.0,1713.0,1739.0,2064.88,44.0,False,12,False,1212.0,1.418,9.12,0.73
2023,todas as atividades,Florianópolis,521140,Atendente de lojas e mercados,2139,1833.5,1740.0,1886.0,1900.0,2103.25,44.0,False,12,False,1314.0,1.395,6.69,1.86
2024,todas as atividades,Florianópolis,521140,Atendente de lojas e mercados,2705,1952.85,1844.4,1990.0,2005.0,2147.53,44.0,False,12,False,1412.0,1.383,6.51,2.11
2025,todas as atividades,Florianópolis,521140,Atendente de lojas e mercados,3204,2088.25,1978.0,2110.0,2255.0,2186.9,44.0,False,12,False,1518.0,1.376,6.93,1.83
2026,todas as atividades,Florianópolis,521140,Atendente de lojas e mercados,1814,2211.63,2146.0,2255.0,2271.0,2237.03,44.0,False,7,True,1621.0,1.364,5.91,2.29
2021,todas as atividades,Fortaleza,141510,Gerente de restaurante,137,1933.91,1340.0,1644.0,2095.0,2539.1,44.0,False,12,False,1100.0,1.758,,
2022,todas as atividades,Fortaleza,141510,Gerente de restaurante,233,1927.84,1400.0,1730.74,2203.2,2316.13,44.0,False,12,False,1212.0,1.591,-0.31,-8.78
2023,todas as atividades,Fortaleza,141510,Gerente de restaurante,209,2218.08,1564.71,2000.0,2500.0,2545.95,44.0,False,12,False,1314.0,1.688,15.06,9.92
2024,todas as atividades,Fortaleza,141510,Gerente de restaurante,220,2219.29,1528.95,2000.0,2669.04,2441.96,44.0,False,12,False,1412.0,1.572,0.05,-4.08
2025,todas as atividades,Fortaleza,141510,Gerente de restaurante,231,2372.68,1800.0,2142.86,2625.08,2487.28,44.0,False,12,False,1518.0,1.563,6.91,1.86
2026,todas as atividades,Fortaleza,141510,Gerente de restaurante,147,2584.31,1813.96,2300.0,2955.0,2615.68,44.0,False,7,True,1621.0,1.594,8.92,5.16
2021,todas as atividades,Fortaleza,141515,Gerente de bar,33,1557.94,1300.0,1500.0,1650.0,2042.17,44.0,False,12,False,1100.0,1.416,,
2022,todas as atividades,Fortaleza,141515,Gerente de bar,37,1829.74,1400.0,1751.0,2200.0,2209.61,44.0,False,12,False,1212.0,1.51,17.45,8.2
2023,todas as atividades,Fortaleza,141515,Gerente de bar,47,1942.35,1450.0,1700.0,2409.13,2229.32,44.0,False,12,False,1314.0,1.478,6.15,0.89
2024,todas as atividades,Fortaleza,141515,Gerente de bar,32,1811.94,1477.04,1675.0,2110.5,1995.4,44.0,False,12,False,1412.0,1.283,-6.71,-10.49
2025,todas as atividades,Fortaleza,141515,Gerente de bar,34,2090.31,1563.54,2000.0,2294.25,2185.84,44.0,False,12,False,1518.0,1.377,15.36,9.54
2026,todas as atividades,Fortaleza,141515,Gerente de bar,20,2288.96,1918.62,2200.0,2448.62,2313.79,44.0,True,7,True,1621.0,1.412,9.5,5.85
2021,todas as atividades,Fortaleza,371410,Recreador,272,1186.16,1100.0,1133.0,1211.1,1539.41,44.0,False,12,False,1100.0,1.078,,
2022,todas as atividades,Fortaleza,371410,Recreador,230,1277.93,1212.0,1248.36,1254.64,1536.54,44.0,False,12,False,1212.0,1.054,7.74,-0.19
2023,todas as atividades,Fortaleza,371410,Recreador,397,1624.85,1328.04,1360.0,2180.99,1864.99,44.0,False,12,False,1314.0,1.237,27.15,21.38
2024,todas as atividades,Fortaleza,371410,Recreador,360,1564.57,1412.0,1454.36,1576.0,1726.34,44.0,False,12,False,1412.0,1.108,-3.71,-7.43
2025,todas as atividades,Fortaleza,371410,Recreador,354,1641.27,1518.0,1563.54,1655.52,1722.02,44.0,False,12,False,1518.0,1.081,4.9,-0.25
2026,todas as atividades,Fortaleza,371410,Recreador,206,1709.43,1621.0,1674.49,1674.49,1730.09,44.0,False,7,True,1621.0,1.055,4.15,0.47
2021,todas as atividades,Fortaleza,421125,Operador de caixa,5404,1196.13,1133.0,1214.55,1233.46,1567.75,44.0,False,12,False,1100.0,1.087,,
2022,todas as atividades,Fortaleza,421125,Operador de caixa,6061,1307.85,1236.24,1337.93,1358.78,1570.51,44.0,False,12,False,1212.0,1.079,9.34,0.18
2023,todas as atividades,Fortaleza,421125,Operador de caixa,6811,1411.69,1351.65,1439.36,1439.36,1621.48,44.0,False,12,False,1314.0,1.074,7.94,3.25
2024,todas as atividades,Fortaleza,421125,Operador de caixa,7862,1491.6,1448.0,1507.15,1507.15,1641.07,44.0,False,12,False,1412.0,1.056,5.66,1.21
2025,todas as atividades,Fortaleza,421125,Operador de caixa,8738,1587.75,1533.98,1594.11,1594.11,1665.26,44.0,False,12,False,1518.0,1.046,6.45,1.47
2026,todas as atividades,Fortaleza,421125,Operador de caixa,5059,1678.35,1621.0,1672.22,1674.49,1696.04,44.0,False,7,True,1621.0,1.035,5.71,1.85
2021,todas as atividades,Fortaleza,513205,Cozinheiro geral,2645,1238.39,1122.0,1138.5,1248.29,1616.17,44.0,False,12,False,1100.0,1.126,,
2022,todas as atividades,Fortaleza,513205,Cozinheiro geral,3400,1340.29,1236.24,1248.36,1373.86,1613.85,44.0,False,12,False,1212.0,1.106,8.23,-0.14
2023,todas as atividades,Fortaleza,513205,Cozinheiro geral,3290,1458.61,1341.06,1373.86,1500.0,1677.66,44.0,False,12,False,1314.0,1.11,8.83,3.95
2024,todas as atividades,Fortaleza,513205,Cozinheiro geral,3858,1569.94,1440.24,1507.15,1560.0,1730.82,44.0,False,12,False,1412.0,1.112,7.63,3.17
2025,todas as atividades,Fortaleza,513205,Cozinheiro geral,5043,1671.94,1548.36,1630.0,1655.52,1751.06,44.0,False,12,False,1518.0,1.101,6.5,1.17
2026,todas as atividades,Fortaleza,513205,Cozinheiro geral,2180,1808.14,1658.28,1700.0,1848.13,1830.15,44.0,False,7,True,1621.0,1.115,8.15,4.52
2021,todas as atividades,Fortaleza,513405,Garçom,1637,1156.41,1122.0,1133.0,1133.0,1501.56,44.0,False,12,False,1100.0,1.051,,
2022,todas as atividades,Fortaleza,513405,Garçom,2268,1290.21,1236.24,1248.36,1248.36,1549.77,44.0,False,12,False,1212.0,1.065,11.57,3.21
2023,todas as atividades,Fortaleza,513405,Garçom,2148,1364.19,1341.06,1346.4,1359.6,1567.76,44.0,False,12,False,1314.0,1.038,5.73,1.16
2024,todas as atividades,Fortaleza,513405,Garçom,2274,1469.82,1440.24,1454.36,1454.36,1619.23,44.0,False,12,False,1412.0,1.041,7.74,3.28
2025,todas as atividades,Fortaleza,513405,Garçom,2433,1578.04,1548.36,1563.54,1563.54,1655.19,44.0,False,12,False,1518.0,1.04,7.36,2.22
2026,todas as atividades,Fortaleza,513405,Garçom,1407,1697.45,1658.68,1674.49,1674.49,1717.17,44.0,False,7,True,1621.0,1.047,7.57,3.74
2021,todas as atividades,Fortaleza,513415,Cumim,711,1143.91,1133.0,1133.0,1133.0,1479.89,44.0,False,12,False,1100.0,1.04,,
2022,todas as atividades,Fortaleza,513415,Cumim,1022,1253.23,1248.36,1248.36,1248.36,1503.92,44.0,False,12,False,1212.0,1.034,9.56,1.62
2023,todas as atividades,Fortaleza,513415,Cumim,1020,1361.62,1341.06,1359.6,1359.6,1564.17,44.0,False,12,False,1314.0,1.036,8.65,4.01
2024,todas as atividades,Fortaleza,513415,Cumim,1163,1460.1,1454.36,1454.36,1454.36,1607.72,44.0,False,12,False,1412.0,1.034,7.23,2.78
2025,todas as atividades,Fortaleza,513415,Cumim,1150,1564.96,1563.54,1563.54,1563.54,1640.48,44.0,False,12,False,1518.0,1.031,7.18,2.04
2026,todas as atividades,Fortaleza,513415,Cumim,604,1672.34,1674.49,1674.49,1674.49,1691.23,44.0,False,7,True,1621.0,1.032,6.86,3.09
2021,todas as atividades,Fortaleza,513420,Barman,413,1189.12,1133.0,1133.0,1150.0,1543.69,44.0,False,12,False,1100.0,1.081,,
2022,todas as atividades,Fortaleza,513420,Barman,647,1288.05,1248.36,1248.36,1248.36,1548.24,44.0,False,12,False,1212.0,1.063,8.32,0.29
2023,todas as atividades,Fortaleza,513420,Barman,634,1398.87,1341.06,1359.6,1359.6,1607.76,44.0,False,12,False,1314.0,1.065,8.6,3.84
2024,todas as atividades,Fortaleza,513420,Barman,658,1506.75,1454.36,1454.36,1454.36,1659.53,44.0,False,12,False,1412.0,1.067,7.71,3.22
2025,todas as atividades,Fortaleza,513420,Barman,680,1612.7,1563.54,1563.54,1568.09,1691.92,44.0,False,12,False,1518.0,1.062,7.03,1.95
2026,todas as atividades,Fortaleza,513420,Barman,389,1737.52,1674.49,1674.49,1675.0,1758.15,44.0,False,7,True,1621.0,1.072,7.74,3.91
2021,todas as atividades,Fortaleza,513435,Atendente de lanchonete,2603,1131.4,1115.0,1122.0,1133.0,1473.76,44.0,False,12,False,1100.0,1.029,,
2022,todas as atividades,Fortaleza,513435,Atendente de lanchonete,3427,1239.72,1227.0,1236.24,1248.36,1490.52,44.0,False,12,False,1212.0,1.023,9.57,1.14
2023,todas as atividades,Fortaleza,513435,Atendente de lanchonete,3942,1341.6,1320.0,1341.06,1359.6,1541.8,44.0,False,12,False,1314.0,1.021,8.22,3.44
2024,todas as atividades,Fortaleza,513435,Atendente de lanchonete,4283,1443.75,1420.0,1440.24,1454.36,1589.78,44.0,False,12,False,1412.0,1.022,7.61,3.11
2025,todas as atividades,Fortaleza,513435,Atendente de lanchonete,5007,1552.46,1530.0,1548.36,1563.54,1628.57,44.0,False,12,False,1518.0,1.023,7.53,2.44
2026,todas as atividades,Fortaleza,513435,Atendente de lanchonete,3126,1658.24,1635.0,1658.28,1674.49,1676.46,44.0,False,7,True,1621.0,1.023,6.81,2.94
2021,todas as atividades,Fortaleza,513505,Auxiliar nos serviços de alimentação,3059,1149.37,1122.0,1133.0,1133.0,1498.43,44.0,False,12,False,1100.0,1.045,,
2022,todas as atividades,Fortaleza,513505,Auxiliar nos serviços de alimentação,4982,1270.29,1236.24,1248.36,1254.42,1529.16,44.0,False,12,False,1212.0,1.048,10.52,2.05
2023,todas as atividades,Fortaleza,513505,Auxiliar nos serviços de alimentação,5450,1373.91,1338.0,1346.8,1359.6,1578.95,44.0,False,12,False,1314.0,1.046,8.16,3.26
2024,todas as atividades,Fortaleza,513505,Auxiliar nos serviços de alimentação,6109,1471.92,1440.24,1454.36,1456.0,1621.0,44.0,False,12,False,1412.0,1.042,7.13,2.66
2025,todas as atividades,Fortaleza,513505,Auxiliar nos serviços de alimentação,6843,1585.79,1548.36,1563.54,1568.09,1663.27,44.0,False,12,False,1518.0,1.045,7.74,2.61
2026,todas as atividades,Fortaleza,513505,Auxiliar nos serviços de alimentação,4150,1680.76,1655.0,1670.0,1674.49,1699.11,44.0,False,7,True,1621.0,1.037,5.99,2.15
2021,todas as atividades,Fortaleza,514320,Faxineiro,8479,1151.03,1100.0,1133.0,1157.6,1508.11,44.0,False,12,False,1100.0,1.046,,
2022,todas as atividades,Fortaleza,514320,Faxineiro,11951,1258.87,1212.0,1248.36,1262.14,1514.11,44.0,False,12,False,1212.0,1.039,9.37,0.4
2023,todas as atividades,Fortaleza,514320,Faxineiro,12710,1359.87,1320.0,1337.24,1380.0,1563.21,44.0,False,12,False,1314.0,1.035,8.02,3.24
2024,todas as atividades,Fortaleza,514320,Faxineiro,14501,1489.45,1412.0,1429.24,1484.6,1639.59,44.0,False,12,False,1412.0,1.055,9.53,4.89
2025,todas as atividades,Fortaleza,514320,Faxineiro,17259,1566.84,1518.0,1536.43,1563.54,1643.42,44.0,False,12,False,1518.0,1.032,5.2,0.23
2026,todas as atividades,Fortaleza,514320,Faxineiro,11643,1661.15,1621.0,1640.75,1662.78,1678.15,44.0,False,7,True,1621.0,1.025,6.02,2.11
2021,todas as atividades,Fortaleza,521140,Atendente de lojas e mercados,2855,1190.6,1115.0,1166.0,1233.46,1554.21,44.0,False,12,False,1100.0,1.082,,
2022,todas as atividades,Fortaleza,521140,Atendente de lojas e mercados,4213,1291.29,1227.0,1275.21,1340.0,1549.29,44.0,False,12,False,1212.0,1.065,8.46,-0.32
2023,todas as atividades,Fortaleza,521140,Atendente de lojas e mercados,4761,1398.02,1327.0,1385.06,1439.36,1605.18,44.0,False,12,False,1314.0,1.064,8.27,3.61
2024,todas as atividades,Fortaleza,521140,Atendente de lojas e mercados,5732,1482.49,1420.0,1484.6,1507.15,1630.05,44.0,False,12,False,1412.0,1.05,6.04,1.55
2025,todas as atividades,Fortaleza,521140,Atendente de lojas e mercados,6393,1590.81,1530.0,1594.06,1600.0,1668.08,44.0,False,12,False,1518.0,1.048,7.31,2.33
2026,todas as atividades,Fortaleza,521140,Atendente de lojas e mercados,3615,1683.05,1621.0,1672.22,1701.0,1701.04,44.0,False,7,True,1621.0,1.038,5.8,1.98
2021,todas as atividades,Goiânia,141510,Gerente de restaurante,131,1871.01,1278.0,1600.0,2000.0,2447.67,44.0,False,12,False,1100.0,1.701,,
2022,todas as atividades,Goiânia,141510,Gerente de restaurante,144,2163.73,1500.0,1945.66,2463.93,2600.26,44.0,False,12,False,1212.0,1.785,15.65,6.23
2023,todas as atividades,Goiânia,141510,Gerente de restaurante,159,2240.71,1600.0,2000.0,2500.0,2574.94,44.0,False,12,False,1314.0,1.705,3.56,-0.97
2024,todas as atividades,Goiânia,141510,Gerente de restaurante,163,2280.79,1683.93,2130.6,2521.79,2512.85,44.0,False,12,False,1412.0,1.615,1.79,-2.41
2025,todas as atividades,Goiânia,141510,Gerente de restaurante,194,2532.56,2000.0,2463.0,2835.0,2655.47,44.0,False,12,False,1518.0,1.668,11.04,5.68
2026,todas as atividades,Goiânia,141510,Gerente de restaurante,106,2597.67,1876.97,2446.48,2855.75,2626.63,44.0,False,7,True,1621.0,1.603,2.57,-1.09
2021,todas as atividades,Goiânia,141515,Gerente de bar,34,1761.6,1277.5,1500.0,2000.0,2304.61,44.0,False,12,False,1100.0,1.601,,
2022,todas as atividades,Goiânia,141515,Gerente de bar,59,1974.9,1500.0,1785.72,2100.0,2372.48,44.0,False,12,False,1212.0,1.629,12.11,2.94
2023,todas as atividades,Goiânia,141515,Gerente de bar,83,1974.7,1455.0,1790.0,2460.0,2271.22,44.0,False,12,False,1314.0,1.503,-0.01,-4.27
2024,todas as atividades,Goiânia,141515,Gerente de bar,81,2113.8,1550.0,1800.0,2253.25,2331.9,44.0,False,12,False,1412.0,1.497,7.04,2.67
2025,todas as atividades,Goiânia,141515,Gerente de bar,82,2498.53,1635.9,2000.0,2590.0,2629.2,44.0,False,12,False,1518.0,1.646,18.2,12.75
2026,todas as atividades,Goiânia,141515,Gerente de bar,39,2571.04,1800.0,2251.66,2878.58,2602.25,44.0,False,7,True,1621.0,1.586,2.9,-1.03
2021,todas as atividades,Goiânia,371410,Recreador,164,1232.09,1165.1,1215.0,1270.0,1603.64,44.0,False,12,False,1100.0,1.12,,
2022,todas as atividades,Goiânia,371410,Recreador,304,1445.19,1279.86,1362.0,1400.0,1733.81,44.0,False,12,False,1212.0,1.192,17.3,8.12
2023,todas as atividades,Goiânia,371410,Recreador,361,1524.42,1362.0,1455.0,1582.81,1750.8,44.0,False,12,False,1314.0,1.16,5.48,0.98
2024,todas as atividades,Goiânia,371410,Recreador,395,1597.97,1455.0,1550.0,1600.0,1758.95,44.0,False,12,False,1412.0,1.132,4.82,0.47
2025,todas as atividades,Goiânia,371410,Recreador,435,1698.75,1550.0,1635.87,1700.0,1781.2,44.0,False,12,False,1518.0,1.119,6.31,1.26
2026,todas as atividades,Goiânia,371410,Recreador,253,1784.27,1635.87,1750.0,1773.2,1804.71,44.0,False,7,True,1621.0,1.101,5.03,1.32
2021,todas as atividades,Goiânia,421125,Operador de caixa,6210,1190.48,1100.0,1168.74,1210.91,1559.52,44.0,False,12,False,1100.0,1.082,,
2022,todas as atividades,Goiânia,421125,Operador de caixa,8089,1306.26,1212.0,1287.72,1335.5,1569.27,44.0,False,12,False,1212.0,1.078,9.73,0.63
2023,todas as atividades,Goiânia,421125,Operador de caixa,8762,1412.96,1320.0,1390.0,1455.0,1623.79,44.0,False,12,False,1314.0,1.075,8.17,3.47
2024,todas as atividades,Goiânia,421125,Operador de caixa,9649,1522.42,1450.0,1500.2,1550.0,1677.18,44.0,False,12,False,1412.0,1.078,7.75,3.29
2025,todas as atividades,Goiânia,421125,Operador de caixa,9982,1630.36,1518.0,1607.0,1653.75,1711.25,44.0,False,12,False,1518.0,1.074,7.09,2.03
2026,todas as atividades,Goiânia,421125,Operador de caixa,5838,1731.35,1621.0,1700.0,1764.88,1752.7,44.0,False,7,True,1621.0,1.068,6.19,2.42
2021,todas as atividades,Goiânia,513205,Cozinheiro geral,1740,1375.82,1215.0,1270.0,1500.0,1801.29,44.0,False,12,False,1100.0,1.251,,
2022,todas as atividades,Goiânia,513205,Cozinheiro geral,2359,1494.2,1300.0,1362.0,1600.0,1796.72,44.0,False,12,False,1212.0,1.233,8.6,-0.25
2023,todas as atividades,Goiânia,513205,Cozinheiro geral,2434,1614.4,1367.02,1486.35,1745.44,1857.31,44.0,False,12,False,1314.0,1.229,8.04,3.37
2024,todas as atividades,Goiânia,513205,Cozinheiro geral,2394,1782.59,1501.2,1600.0,2000.0,1965.04,44.0,False,12,False,1412.0,1.262,10.42,5.8
2025,todas as atividades,Goiânia,513205,Cozinheiro geral,2581,1936.59,1635.87,1800.0,2162.16,2032.24,44.0,False,12,False,1518.0,1.276,8.64,3.42
2026,todas as atividades,Goiânia,513205,Cozinheiro geral,1456,2065.18,1700.0,1890.0,2310.16,2088.85,44.0,False,7,True,1621.0,1.274,6.64,2.79
2021,todas as atividades,Goiânia,513405,Garçom,1562,1264.4,1215.0,1270.0,1270.0,1648.01,44.0,False,12,False,1100.0,1.149,,
2022,todas as atividades,Goiânia,513405,Garçom,1981,1362.98,1270.0,1362.0,1362.0,1638.72,44.0,False,12,False,1212.0,1.125,7.8,-0.56
2023,todas as atividades,Goiânia,513405,Garçom,2100,1438.36,1362.0,1455.0,1455.0,1653.48,44.0,False,12,False,1314.0,1.095,5.53,0.9
2024,todas as atividades,Goiânia,513405,Garçom,2257,1553.65,1455.0,1550.0,1550.0,1711.88,44.0,False,12,False,1412.0,1.1,8.02,3.53
2025,todas as atividades,Goiânia,513405,Garçom,2546,1649.77,1550.0,1635.87,1635.87,1731.38,44.0,False,12,False,1518.0,1.087,6.19,1.14
2026,todas as atividades,Goiânia,513405,Garçom,1442,1741.33,1635.87,1750.0,1750.0,1760.5,44.0,False,7,True,1621.0,1.074,5.55,1.68
2021,todas as atividades,Goiânia,513415,Cumim,426,1240.97,1215.0,1215.0,1270.0,1615.32,44.0,False,12,False,1100.0,1.128,,
2022,todas as atividades,Goiânia,513415,Cumim,738,1336.69,1270.0,1362.0,1362.0,1606.07,44.0,False,12,False,1212.0,1.103,7.71,-0.57
2023,todas as atividades,Goiânia,513415,Cumim,821,1420.28,1362.0,1455.0,1455.0,1632.57,44.0,False,12,False,1314.0,1.081,6.25,1.65
2024,todas as atividades,Goiânia,513415,Cumim,858,1533.88,1455.0,1550.0,1550.0,1690.77,44.0,False,12,False,1412.0,1.086,8.0,3.56
2025,todas as atividades,Goiânia,513415,Cumim,847,1635.94,1550.0,1635.87,1635.87,1717.35,44.0,False,12,False,1518.0,1.078,6.65,1.57
2026,todas as atividades,Goiânia,513415,Cumim,526,1740.22,1635.87,1750.0,1750.0,1760.14,44.0,False,7,True,1621.0,1.074,6.37,2.49
2021,todas as atividades,Goiânia,513420,Barman,322,1355.63,1215.0,1270.0,1455.0,1765.38,44.0,False,12,False,1100.0,1.232,,
2022,todas as atividades,Goiânia,513420,Barman,499,1428.23,1300.0,1362.0,1500.0,1717.17,44.0,False,12,False,1212.0,1.178,5.36,-2.73
2023,todas as atividades,Goiânia,513420,Barman,551,1511.73,1362.0,1455.0,1541.5,1736.95,44.0,False,12,False,1314.0,1.15,5.85,1.15
2024,todas as atividades,Goiânia,513420,Barman,588,1626.91,1500.0,1550.0,1750.0,1792.47,44.0,False,12,False,1412.0,1.152,7.62,3.2
2025,todas as atividades,Goiânia,513420,Barman,648,1746.42,1553.75,1635.87,1825.5,1833.89,44.0,False,12,False,1518.0,1.15,7.35,2.31
2026,todas as atividades,Goiânia,513420,Barman,391,1827.05,1635.87,1750.0,1872.0,1848.86,44.0,False,7,True,1621.0,1.127,4.62,0.82
2021,todas as atividades,Goiânia,513435,Atendente de lanchonete,3705,1215.21,1118.0,1215.0,1270.0,1586.32,44.0,False,12,False,1100.0,1.105,,
2022,todas as atividades,Goiânia,513435,Atendente de lanchonete,5666,1314.72,1254.7,1287.75,1362.0,1580.22,44.0,False,12,False,1212.0,1.085,8.19,-0.38
2023,todas as atividades,Goiânia,513435,Atendente de lanchonete,5937,1409.75,1362.0,1390.0,1455.0,1620.47,44.0,False,12,False,1314.0,1.073,7.23,2.55
2024,todas as atividades,Goiânia,513435,Atendente de lanchonete,6506,1528.3,1455.0,1502.0,1550.0,1684.06,44.0,False,12,False,1412.0,1.082,8.41,3.92
2025,todas as atividades,Goiânia,513435,Atendente de lanchonete,7061,1641.97,1550.0,1635.87,1635.87,1722.61,44.0,False,12,False,1518.0,1.082,7.44,2.29
2026,todas as atividades,Goiânia,513435,Atendente de lanchonete,4393,1728.09,1635.87,1702.36,1750.0,1748.17,44.0,False,7,True,1621.0,1.066,5.24,1.48
2021,todas as atividades,Goiânia,513505,Auxiliar nos serviços de alimentação,3085,1244.86,1196.0,1215.0,1270.0,1625.76,44.0,False,12,False,1100.0,1.132,,
2022,todas as atividades,Goiânia,513505,Auxiliar nos serviços de alimentação,4965,1349.37,1270.0,1362.0,1362.0,1621.68,44.0,False,12,False,1212.0,1.113,8.4,-0.25
2023,todas as atividades,Goiânia,513505,Auxiliar nos serviços de alimentação,5513,1443.73,1362.0,1432.2,1455.0,1659.33,44.0,False,12,False,1314.0,1.099,6.99,2.32
2024,todas as atividades,Goiânia,513505,Auxiliar nos serviços de alimentação,5936,1569.31,1455.0,1550.0,1597.2,1729.41,44.0,False,12,False,1412.0,1.111,8.7,4.22
2025,todas as atividades,Goiânia,513505,Auxiliar nos serviços de alimentação,6436,1685.52,1556.71,1635.87,1700.0,1768.52,44.0,False,12,False,1518.0,1.11,7.41,2.26
2026,todas as atividades,Goiânia,513505,Auxiliar nos serviços de alimentação,3906,1783.53,1635.87,1750.0,1800.0,1803.83,44.0,False,7,True,1621.0,1.1,5.81,2.0
2021,todas as atividades,Goiânia,514320,Faxineiro,9633,1196.26,1113.16,1162.0,1215.0,1564.41,44.0,False,12,False,1100.0,1.088,,
2022,todas as atividades,Goiânia,514320,Faxineiro,13646,1307.04,1217.0,1280.29,1307.85,1571.43,44.0,False,12,False,1212.0,1.078,9.26,0.45
2023,todas as atividades,Goiânia,514320,Faxineiro,14652,1410.68,1346.2,1380.0,1402.46,1622.83,44.0,False,12,False,1314.0,1.074,7.93,3.27
2024,todas as atividades,Goiânia,514320,Faxineiro,15995,1531.53,1470.0,1500.0,1511.07,1688.31,44.0,False,12,False,1412.0,1.085,8.57,4.03
2025,todas as atividades,Goiânia,514320,Faxineiro,17208,1646.47,1576.26,1601.55,1631.84,1727.42,44.0,False,12,False,1518.0,1.085,7.5,2.32
2026,todas as atividades,Goiânia,514320,Faxineiro,9391,1760.49,1664.03,1711.0,1750.0,1781.05,44.0,False,7,True,1621.0,1.086,6.93,3.1
2021,todas as atividades,Goiânia,521140,Atendente de lojas e mercados,3007,1192.7,1117.77,1168.74,1215.0,1555.02,44.0,False,12,False,1100.0,1.084,,
2022,todas as atividades,Goiânia,521140,Atendente de lojas e mercados,4879,1302.72,1212.0,1287.72,1350.0,1563.84,44.0,False,12,False,1212.0,1.075,9.22,0.57
2023,todas as atividades,Goiânia,521140,Atendente de lojas e mercados,5723,1406.73,1320.0,1383.84,1450.64,1616.46,44.0,False,12,False,1314.0,1.071,7.98,3.36
2024,todas as atividades,Goiânia,521140,Atendente de lojas e mercados,7089,1523.86,1455.0,1500.2,1550.0,1677.3,44.0,False,12,False,1412.0,1.079,8.33,3.76
2025,todas as atividades,Goiânia,521140,Atendente de lojas e mercados,7193,1637.86,1550.0,1612.82,1650.0,1717.99,44.0,False,12,False,1518.0,1.079,7.48,2.43
2026,todas as atividades,Goiânia,521140,Atendente de lojas e mercados,4585,1738.05,1632.0,1722.25,1770.65,1758.47,44.0,False,7,True,1621.0,1.072,6.12,2.36
2021,todas as atividades,João Pessoa,141510,Gerente de restaurante,48,1793.42,1215.62,1533.78,2125.0,2368.78,44.0,False,12,False,1100.0,1.63,,
2022,todas as atividades,João Pessoa,141510,Gerente de restaurante,69,1943.21,1412.0,1785.75,2400.0,2342.61,44.0,False,12,False,1212.0,1.603,8.35,-1.1
2023,todas as atividades,João Pessoa,141510,Gerente de restaurante,77,2072.88,1500.0,2000.0,2206.9,2380.3,44.0,False,12,False,1314.0,1.578,6.67,1.61
2024,todas as atividades,João Pessoa,141510,Gerente de restaurante,74,2252.6,1800.0,2000.0,2400.0,2484.99,44.0,False,12,False,1412.0,1.595,8.67,4.4
2025,todas as atividades,João Pessoa,141510,Gerente de restaurante,80,2534.78,1852.5,2250.0,2926.0,2653.1,44.0,False,12,False,1518.0,1.67,12.53,6.77
2026,todas as atividades,João Pessoa,141510,Gerente de restaurante,62,2486.25,2048.62,2379.66,2500.0,2513.81,44.0,False,7,True,1621.0,1.534,-1.91,-5.25
2021,todas as atividades,João Pessoa,141515,Gerente de bar,21,1897.48,1500.0,1750.0,2200.0,2482.88,44.0,True,12,False,1100.0,1.725,,
2022,todas as atividades,João Pessoa,141515,Gerente de bar,19,2082.32,1362.5,1670.0,2000.0,2522.95,44.0,True,12,False,1212.0,1.718,9.74,1.61
2023,todas as atividades,João Pessoa,141515,Gerente de bar,15,2128.85,1669.2,2000.0,2475.0,2453.89,44.0,True,12,False,1314.0,1.62,2.23,-2.74
2024,todas as atividades,João Pessoa,141515,Gerente de bar,16,2055.51,1575.0,1900.0,2209.35,2259.1,44.0,True,12,False,1412.0,1.456,-3.45,-7.94
2025,todas as atividades,João Pessoa,141515,Gerente de bar,18,2269.53,1865.1,2000.0,2500.0,2370.02,44.0,True,12,False,1518.0,1.495,10.41,4.91
2026,todas as atividades,João Pessoa,141515,Gerente de bar,7,2981.28,2000.0,3000.0,3602.0,3008.39,44.0,True,7,True,1621.0,1.839,31.36,26.94
2021,todas as atividades,João Pessoa,371410,Recreador,22,1122.76,1100.0,1100.0,1100.0,1469.3,44.0,True,12,False,1100.0,1.021,,
2022,todas as atividades,João Pessoa,371410,Recreador,45,1383.94,1212.0,1263.0,1400.0,1661.14,44.0,False,12,False,1212.0,1.142,23.26,13.06
2023,todas as atividades,João Pessoa,371410,Recreador,73,1443.93,1363.5,1400.0,1505.67,1655.54,44.0,False,12,False,1314.0,1.099,4.33,-0.34
2024,todas as atividades,João Pessoa,371410,Recreador,81,1546.9,1470.0,1500.0,1615.92,1705.07,44.0,False,12,False,1412.0,1.096,7.13,2.99
2025,todas as atividades,João Pessoa,371410,Recreador,101,1617.97,1563.0,1586.0,1700.76,1693.24,44.0,False,12,False,1518.0,1.066,4.59,-0.69
2026,todas as atividades,João Pessoa,371410,Recreador,89,1841.24,1665.0,1722.3,1722.3,1855.02,44.0,False,7,True,1621.0,1.136,13.8,9.55
2021,todas as atividades,João Pessoa,421125,Operador de caixa,1580,1207.01,1185.0,1185.0,1251.0,1578.55,44.0,False,12,False,1100.0,1.097,,
2022,todas as atividades,João Pessoa,421125,Operador de caixa,1741,1322.02,1295.0,1295.0,1373.0,1587.95,44.0,False,12,False,1212.0,1.091,9.53,0.6
2023,todas as atividades,João Pessoa,421125,Operador de caixa,1786,1447.83,1450.0,1450.0,1510.0,1664.7,44.0,False,12,False,1314.0,1.102,9.52,4.83
2024,todas as atividades,João Pessoa,421125,Operador de caixa,2247,1543.67,1510.0,1510.0,1586.0,1698.08,44.0,False,12,False,1412.0,1.093,6.62,2.01
2025,todas as atividades,João Pessoa,421125,Operador de caixa,2637,1616.75,1586.0,1586.0,1675.0,1694.07,44.0,False,12,False,1518.0,1.065,4.73,-0.24
2026,todas as atividades,João Pessoa,421125,Operador de caixa,1551,1697.06,1700.0,1700.0,1700.0,1715.36,44.0,False,7,True,1621.0,1.047,4.97,1.26
2021,todas as atividades,João Pessoa,513205,Cozinheiro geral,846,1249.82,1100.0,1112.5,1347.25,1635.83,44.0,False,12,False,1100.0,1.136,,
2022,todas as atividades,João Pessoa,513205,Cozinheiro geral,1082,1341.47,1212.0,1248.1,1393.99,1612.44,44.0,False,12,False,1212.0,1.107,7.33,-1.43
2023,todas as atividades,João Pessoa,513205,Cozinheiro geral,1032,1443.17,1320.0,1372.0,1500.0,1661.36,44.0,False,12,False,1314.0,1.098,7.58,3.03
2024,todas as atividades,João Pessoa,513205,Cozinheiro geral,1191,1566.29,1412.0,1470.0,1600.0,1726.23,44.0,False,12,False,1412.0,1.109,8.53,3.9
2025,todas as atividades,João Pessoa,513205,Cozinheiro geral,2284,1645.93,1527.16,1563.0,1638.39,1721.57,44.0,False,12,False,1518.0,1.084,5.08,-0.27
2026,todas as atividades,João Pessoa,513205,Cozinheiro geral,1023,1768.77,1621.0,1644.3,1784.76,1788.98,44.0,False,7,True,1621.0,1.091,7.46,3.92
2021,todas as atividades,João Pessoa,513405,Garçom,799,1126.53,1100.0,1100.0,1100.0,1467.69,44.0,False,12,False,1100.0,1.024,,
2022,todas as atividades,João Pessoa,513405,Garçom,977,1237.72,1212.0,1212.0,1212.0,1486.43,44.0,False,12,False,1212.0,1.021,9.87,1.28
2023,todas as atividades,João Pessoa,513405,Garçom,1057,1340.19,1302.0,1320.0,1354.0,1541.12,44.0,False,12,False,1314.0,1.02,8.28,3.68
2024,todas as atividades,João Pessoa,513405,Garçom,1179,1468.68,1412.0,1427.0,1470.0,1616.1,44.0,False,12,False,1412.0,1.04,9.59,4.87
2025,todas as atividades,João Pessoa,513405,Garçom,1301,1560.36,1518.0,1563.0,1563.0,1637.11,44.0,False,12,False,1518.0,1.028,6.24,1.3
2026,todas as atividades,João Pessoa,513405,Garçom,782,1659.58,1621.0,1621.0,1665.0,1677.64,44.0,False,7,True,1621.0,1.024,6.36,2.48
2021,todas as atividades,João Pessoa,513415,Cumim,223,1110.92,1100.0,1100.0,1100.0,1445.06,44.0,False,12,False,1100.0,1.01,,
2022,todas as atividades,João Pessoa,513415,Cumim,356,1222.77,1212.0,1212.0,1212.0,1468.08,44.0,False,12,False,1212.0,1.009,10.07,1.59
2023,todas as atividades,João Pessoa,513415,Cumim,406,1331.11,1320.0,1320.0,1372.0,1526.98,44.0,False,12,False,1314.0,1.013,8.86,4.01
2024,todas as atividades,João Pessoa,513415,Cumim,488,1438.26,1412.0,1412.0,1470.0,1583.92,44.0,False,12,False,1412.0,1.019,8.05,3.73
2025,todas as atividades,João Pessoa,513415,Cumim,560,1546.77,1518.0,1563.0,1563.0,1622.87,44.0,False,12,False,1518.0,1.019,7.54,2.46
2026,todas as atividades,João Pessoa,513415,Cumim,316,1631.67,1621.0,1621.0,1665.0,1654.11,44.0,False,7,True,1621.0,1.007,5.49,1.92
2021,todas as atividades,João Pessoa,513420,Barman,112,1160.54,1100.0,1100.0,1100.0,1507.23,44.0,False,12,False,1100.0,1.055,,
2022,todas as atividades,João Pessoa,513420,Barman,193,1291.01,1212.0,1212.0,1295.0,1551.83,44.0,False,12,False,1212.0,1.065,11.24,2.96
2023,todas as atividades,João Pessoa,513420,Barman,168,1370.36,1302.0,1320.0,1355.5,1578.26,44.0,False,12,False,1314.0,1.043,6.15,1.7
2024,todas as atividades,João Pessoa,513420,Barman,202,1469.8,1412.0,1470.0,1470.0,1613.27,44.0,False,12,False,1412.0,1.041,7.26,2.22
2025,todas as atividades,João Pessoa,513420,Barman,230,1582.08,1518.0,1563.0,1563.0,1657.57,44.0,False,12,False,1518.0,1.042,7.64,2.75
2026,todas as atividades,João Pessoa,513420,Barman,143,1715.65,1621.0,1621.0,1665.0,1736.07,44.0,False,7,True,1621.0,1.058,8.44,4.74
2021,todas as atividades,João Pessoa,513435,Atendente de lanchonete,854,1124.23,1100.0,1100.0,1123.61,1473.23,44.0,False,12,False,1100.0,1.022,,
2022,todas as atividades,João Pessoa,513435,Atendente de lanchonete,1411,1237.09,1212.0,1212.0,1231.92,1486.53,44.0,False,12,False,1212.0,1.021,10.04,0.9
2023,todas as atividades,João Pessoa,513435,Atendente de lanchonete,1812,1348.05,1302.0,1320.0,1372.0,1548.88,44.0,False,12,False,1314.0,1.026,8.97,4.19
2024,todas as atividades,João Pessoa,513435,Atendente de lanchonete,2259,1451.95,1412.0,1470.0,1470.0,1597.54,44.0,False,12,False,1412.0,1.028,7.71,3.14
2025,todas as atividades,João Pessoa,513435,Atendente de lanchonete,2823,1559.56,1518.0,1563.0,1583.6,1636.18,44.0,False,12,False,1518.0,1.027,7.41,2.42
2026,todas as atividades,João Pessoa,513435,Atendente de lanchonete,1944,1654.07,1621.0,1651.8,1685.0,1674.55,44.0,False,7,True,1621.0,1.02,6.06,2.35
2021,todas as atividades,João Pessoa,513505,Auxiliar nos serviços de alimentação,974,1153.17,1100.0,1100.0,1200.0,1506.98,44.0,False,12,False,1100.0,1.048,,
2022,todas as atividades,João Pessoa,513505,Auxiliar nos serviços de alimentação,1462,1248.94,1212.0,1212.0,1264.09,1502.49,44.0,False,12,False,1212.0,1.03,8.3,-0.3
2023,todas as atividades,João Pessoa,513505,Auxiliar nos serviços de alimentação,1750,1354.71,1320.0,1320.0,1372.0,1556.83,44.0,False,12,False,1314.0,1.031,8.47,3.62
2024,todas as atividades,João Pessoa,513505,Auxiliar nos serviços de alimentação,2307,1461.01,1412.0,1440.24,1470.0,1609.45,44.0,False,12,False,1412.0,1.035,7.85,3.38
2025,todas as atividades,João Pessoa,513505,Auxiliar nos serviços de alimentação,2622,1575.47,1518.0,1563.0,1583.6,1652.98,44.0,False,12,False,1518.0,1.038,7.83,2.7
2026,todas as atividades,João Pessoa,513505,Auxiliar nos serviços de alimentação,1601,1658.45,1621.0,1621.0,1670.0,1677.43,44.0,False,7,True,1621.0,1.023,5.27,1.48
2021,todas as atividades,João Pessoa,514320,Faxineiro,2715,1137.47,1100.0,1103.0,1177.12,1483.5,44.0,False,12,False,1100.0,1.034,,
2022,todas as atividades,João Pessoa,514320,Faxineiro,3044,1233.56,1212.0,1213.74,1248.0,1486.38,44.0,False,12,False,1212.0,1.018,8.45,0.19
2023,todas as atividades,João Pessoa,514320,Faxineiro,3416,1346.75,1303.92,1320.0,1372.0,1548.41,44.0,False,12,False,1314.0,1.025,9.18,4.17
2024,todas as atividades,João Pessoa,514320,Faxineiro,4276,1442.29,1412.0,1414.45,1463.0,1588.36,44.0,False,12,False,1412.0,1.021,7.09,2.58
2025,todas as atividades,João Pessoa,514320,Faxineiro,6780,1538.36,1518.0,1524.77,1530.0,1617.31,44.0,False,12,False,1518.0,1.013,6.66,1.82
2026,todas as atividades,João Pessoa,514320,Faxineiro,3557,1642.41,1621.0,1631.5,1653.0,1660.44,44.0,False,7,True,1621.0,1.013,6.76,2.67
2021,todas as atividades,João Pessoa,521140,Atendente de lojas e mercados,1117,1202.15,1185.0,1185.0,1251.0,1571.53,44.0,False,12,False,1100.0,1.093,,
2022,todas as atividades,João Pessoa,521140,Atendente de lojas e mercados,1524,1327.41,1295.0,1330.0,1373.0,1592.43,44.0,False,12,False,1212.0,1.095,10.42,1.33
2023,todas as atividades,João Pessoa,521140,Atendente de lojas e mercados,1726,1450.31,1409.0,1450.0,1510.0,1666.03,44.0,False,12,False,1314.0,1.104,9.26,4.62
2024,todas as atividades,João Pessoa,521140,Atendente de lojas e mercados,2280,1521.75,1480.0,1510.0,1586.0,1674.92,44.0,False,12,False,1412.0,1.078,4.93,0.53
2025,todas as atividades,João Pessoa,521140,Atendente de lojas e mercados,2636,1615.81,1583.6,1586.0,1675.0,1693.12,44.0,False,12,False,1518.0,1.064,6.18,1.09
2026,todas as atividades,João Pessoa,521140,Atendente de lojas e mercados,1720,1691.73,1685.0,1700.0,1700.0,1709.54,44.0,False,7,True,1621.0,1.044,4.7,0.97
2021,todas as atividades,Macapá,141510,Gerente de restaurante,6,1447.67,1150.0,1325.0,1714.5,1900.77,44.0,True,12,False,1100.0,1.316,,
2022,todas as atividades,Macapá,141510,Gerente de restaurante,3,1389.77,1334.65,1457.3,1478.65,1680.23,44.0,True,12,False,1212.0,1.147,-4.0,-11.6
2023,todas as atividades,Macapá,141510,Gerente de restaurante,14,1785.0,1365.0,1686.12,1950.0,2065.11,44.0,True,12,False,1314.0,1.358,28.44,22.91
2024,todas as atividades,Macapá,141510,Gerente de restaurante,3,1630.67,1446.0,1480.0,1740.0,1806.7,44.0,True,12,False,1412.0,1.155,-8.65,-12.51
2025,todas as atividades,Macapá,141510,Gerente de restaurante,9,2335.26,2194.0,2194.0,2512.04,2433.32,44.0,True,12,False,1518.0,1.538,43.21,34.68
2026,todas as atividades,Macapá,141510,Gerente de restaurante,7,2245.43,1812.58,2142.86,2600.0,2270.74,44.0,True,7,True,1621.0,1.385,-3.85,-6.68
2021,todas as atividades,Macapá,141515,Gerente de bar,1,1490.71,1490.71,1490.71,1490.71,1896.72,44.0,True,12,False,1100.0,1.355,,
2022,todas as atividades,Macapá,141515,Gerente de bar,3,1388.91,1301.36,1390.72,1477.36,1662.83,44.0,True,12,False,1212.0,1.146,-6.83,-12.33
2024,todas as atividades,Macapá,141515,Gerente de bar,3,2000.0,1750.0,2000.0,2250.0,2224.74,44.0,True,12,False,1412.0,1.416,,
2025,todas as atividades,Macapá,141515,Gerente de bar,3,1778.67,1518.0,1518.0,1909.0,1899.98,44.0,True,12,False,1518.0,1.172,-11.07,-14.6
2026,todas as atividades,Macapá,141515,Gerente de bar,1,3500.0,3500.0,3500.0,3500.0,3500.0,44.0,True,7,True,1621.0,2.159,96.78,84.21
2021,todas as atividades,Macapá,371410,Recreador,11,1320.36,1100.0,1128.0,1128.0,1729.51,44.0,True,12,False,1100.0,1.2,,
2022,todas as atividades,Macapá,371410,Recreador,10,1219.3,1212.0,1212.0,1212.0,1463.29,44.0,True,12,False,1212.0,1.006,-7.65,-15.39
2023,todas as atividades,Macapá,371410,Recreador,13,1314.46,1302.0,1320.0,1320.0,1507.75,44.0,True,12,False,1314.0,1.0,7.8,3.04
2024,todas as atividades,Macapá,371410,Recreador,13,1838.62,1412.0,1412.0,1412.0,2019.0,44.0,True,12,False,1412.0,1.302,39.88,33.91
2025,todas as atividades,Macapá,371410,Recreador,6,2014.83,1518.0,1518.0,1518.0,2129.97,44.0,True,12,False,1518.0,1.327,9.58,5.5
2026,todas as atividades,Macapá,371410,Recreador,5,1621.0,1621.0,1621.0,1621.0,1651.29,44.0,True,7,True,1621.0,1.0,-19.55,-22.47
2021,todas as atividades,Macapá,421125,Operador de caixa,652,1123.51,1100.0,1100.0,1115.0,1471.02,44.0,False,12,False,1100.0,1.021,,
2022,todas as atividades,Macapá,421125,Operador de caixa,896,1233.76,1212.0,1212.0,1212.0,1480.54,44.0,False,12,False,1212.0,1.018,9.81,0.65
2023,todas as atividades,Macapá,421125,Operador de caixa,848,1339.04,1320.0,1320.0,1326.0,1537.7,44.0,False,12,False,1314.0,1.019,8.53,3.86
2024,todas as atividades,Macapá,421125,Operador de caixa,1118,1444.87,1412.0,1412.0,1412.0,1591.27,44.0,False,12,False,1412.0,1.023,7.9,3.48
2025,todas as atividades,Macapá,421125,Operador de caixa,1143,1561.7,1518.0,1518.0,1555.95,1637.88,44.0,False,12,False,1518.0,1.029,8.09,2.93
2026,todas as atividades,Macapá,421125,Operador de caixa,696,1660.93,1621.0,1621.0,1621.0,1679.49,44.0,False,7,True,1621.0,1.025,6.35,2.54
2021,todas as atividades,Macapá,513205,Cozinheiro geral,146,1220.29,1100.0,1153.0,1329.42,1613.68,44.0,False,12,False,1100.0,1.109,,
2022,todas as atividades,Macapá,513205,Cozinheiro geral,315,1382.27,1212.0,1428.65,1428.65,1653.8,44.0,False,12,False,1212.0,1.14,13.27,2.49
2023,todas as atividades,Macapá,513205,Cozinheiro geral,312,1425.82,1320.0,1428.65,1428.65,1637.77,44.0,False,12,False,1314.0,1.085,3.15,-0.97
2024,todas as atividades,Macapá,513205,Cozinheiro geral,358,1505.71,1412.0,1428.65,1540.51,1660.14,44.0,False,12,False,1412.0,1.066,5.6,1.37
2025,todas as atividades,Macapá,513205,Cozinheiro geral,269,1729.27,1518.0,1615.0,1900.0,1813.89,44.0,False,12,False,1518.0,1.139,14.85,9.26
2026,todas as atividades,Macapá,513205,Cozinheiro geral,295,1762.4,1621.0,1621.0,1800.0,1776.54,44.0,False,7,True,1621.0,1.087,1.92,-2.06
2021,todas as atividades,Macapá,513405,Garçom,50,1154.19,1100.0,1100.0,1164.8,1511.29,44.0,False,12,False,1100.0,1.049,,
2022,todas as atividades,Macapá,513405,Garçom,90,1251.55,1212.0,1212.0,1300.0,1511.13,44.0,False,12,False,1212.0,1.033,8.44,-0.01
2023,todas as atividades,Macapá,513405,Garçom,113,1328.42,1302.0,1320.0,1340.5,1525.73,44.0,False,12,False,1314.0,1.011,6.14,0.97
2024,todas as atividades,Macapá,513405,Garçom,143,1421.74,1412.0,1412.0,1412.0,1566.44,44.0,False,12,False,1412.0,1.007,7.02,2.67
2025,todas as atividades,Macapá,513405,Garçom,205,1840.83,1518.0,1548.36,1617.02,1927.61,44.0,False,12,False,1518.0,1.213,29.48,23.06
2026,todas as atividades,Macapá,513405,Garçom,111,1665.76,1621.0,1621.0,1685.84,1681.48,44.0,False,7,True,1621.0,1.028,-9.51,-12.77
2023,todas as atividades,Macapá,513415,Cumim,8,1335.31,1335.0,1340.5,1340.5,1526.0,44.0,True,12,False,1314.0,1.016,,
2024,todas as atividades,Macapá,513415,Cumim,25,1425.6,1412.0,1412.0,1412.0,1570.58,44.0,True,12,False,1412.0,1.01,6.76,2.92
2025,todas as atividades,Macapá,513415,Cumim,28,1524.64,1518.0,1518.0,1518.0,1597.23,44.0,True,12,False,1518.0,1.004,6.95,1.7
2026,todas as atividades,Macapá,513415,Cumim,22,1624.01,1621.0,1621.0,1621.0,1634.71,44.0,True,7,True,1621.0,1.002,6.52,2.35
2021,todas as atividades,Macapá,513420,Barman,6,1150.67,1100.0,1100.0,1137.5,1473.96,44.0,True,12,False,1100.0,1.046,,
2022,todas as atividades,Macapá,513420,Barman,14,1282.19,1212.0,1248.5,1285.0,1532.94,44.0,True,12,False,1212.0,1.058,11.43,4.0
2023,todas as atividades,Macapá,513420,Barman,23,1336.11,1302.0,1320.0,1320.0,1533.11,44.0,True,12,False,1314.0,1.017,4.21,0.01
2024,todas as atividades,Macapá,513420,Barman,27,1425.85,1412.0,1412.0,1416.0,1577.29,44.0,True,12,False,1412.0,1.01,6.72,2.88
2025,todas as atividades,Macapá,513420,Barman,30,1551.07,1518.0,1518.0,1580.0,1624.32,44.0,False,12,False,1518.0,1.022,8.78,2.98
2026,todas as atividades,Macapá,513420,Barman,30,1658.23,1621.0,1621.0,1669.63,1671.57,44.0,False,7,True,1621.0,1.023,6.91,2.91
2021,todas as atividades,Macapá,513435,Atendente de lanchonete,197,1112.36,1100.0,1100.0,1100.0,1450.51,44.0,False,12,False,1100.0,1.011,,
2022,todas as atividades,Macapá,513435,Atendente de lanchonete,338,1228.47,1212.0,1212.0,1212.0,1475.39,44.0,False,12,False,1212.0,1.014,10.44,1.72
2023,todas as atividades,Macapá,513435,Atendente de lanchonete,321,1313.07,1302.0,1320.0,1320.0,1509.67,44.0,False,12,False,1314.0,0.999,6.89,2.32
2024,todas as atividades,Macapá,513435,Atendente de lanchonete,376,1442.14,1412.0,1412.0,1412.0,1588.59,44.0,False,12,False,1412.0,1.021,9.83,5.23
2025,todas as atividades,Macapá,513435,Atendente de lanchonete,365,1560.83,1518.0,1518.0,1518.0,1634.57,44.0,False,12,False,1518.0,1.028,8.23,2.89
2026,todas as atividades,Macapá,513435,Atendente de lanchonete,294,1663.74,1621.0,1621.0,1621.0,1682.04,44.0,False,7,True,1621.0,1.026,6.59,2.9
2021,todas as atividades,Macapá,513505,Auxiliar nos serviços de alimentação,246,1140.01,1100.0,1100.0,1150.0,1499.59,44.0,False,12,False,1100.0,1.036,,
2022,todas as atividades,Macapá,513505,Auxiliar nos serviços de alimentação,436,1255.65,1212.0,1212.0,1237.97,1509.89,44.0,False,12,False,1212.0,1.036,10.14,0.69
2023,todas as atividades,Macapá,513505,Auxiliar nos serviços de alimentação,462,1362.47,1320.0,1320.0,1337.05,1565.4,44.0,False,12,False,1314.0,1.037,8.51,3.68
2024,todas as atividades,Macapá,513505,Auxiliar nos serviços de alimentação,625,1435.74,1412.0,1412.0,1429.33,1580.92,44.0,False,12,False,1412.0,1.017,5.38,0.99
2025,todas as atividades,Macapá,513505,Auxiliar nos serviços de alimentação,706,1563.71,1518.0,1518.0,1580.0,1641.98,44.0,False,12,False,1518.0,1.03,8.91,3.86
2026,todas as atividades,Macapá,513505,Auxiliar nos serviços de alimentação,569,1681.73,1621.0,1621.0,1621.0,1698.75,44.0,False,7,True,1621.0,1.037,7.55,3.46
2021,todas as atividades,Macapá,514320,Faxineiro,1568,1130.36,1100.0,1105.49,1108.0,1485.62,44.0,False,12,False,1100.0,1.028,,
2022,todas as atividades,Macapá,514320,Faxineiro,1961,1260.51,1212.0,1227.09,1242.3,1513.06,44.0,False,12,False,1212.0,1.04,11.51,1.85
2023,todas as atividades,Macapá,514320,Faxineiro,2187,1349.05,1318.0,1320.0,1337.0,1550.27,44.0,False,12,False,1314.0,1.027,7.02,2.46
2024,todas as atividades,Macapá,514320,Faxineiro,4200,1495.28,1412.0,1430.19,1590.0,1648.18,44.0,False,12,False,1412.0,1.059,10.84,6.32
2025,todas as atividades,Macapá,514320,Faxineiro,4685,1624.13,1518.0,1717.2,1717.2,1706.78,44.0,False,12,False,1518.0,1.07,8.62,3.56
2026,todas as atividades,Macapá,514320,Faxineiro,2962,1700.23,1621.0,1649.48,1837.4,1717.0,44.0,False,7,True,1621.0,1.049,4.69,0.6
2021,todas as atividades,Macapá,521140,Atendente de lojas e mercados,408,1113.74,1100.0,1100.0,1100.0,1459.95,44.0,False,12,False,1100.0,1.012,,
2022,todas as atividades,Macapá,521140,Atendente de lojas e mercados,784,1229.42,1212.0,1212.0,1212.0,1475.53,44.0,False,12,False,1212.0,1.014,10.39,1.07
2023,todas as atividades,Macapá,521140,Atendente de lojas e mercados,905,1326.69,1302.0,1320.0,1320.0,1522.95,44.0,False,12,False,1314.0,1.01,7.91,3.21
2024,todas as atividades,Macapá,521140,Atendente de lojas e mercados,1015,1431.86,1412.0,1412.0,1412.0,1576.15,44.0,False,12,False,1412.0,1.014,7.93,3.49
2025,todas as atividades,Macapá,521140,Atendente de lojas e mercados,1159,1546.31,1518.0,1518.0,1555.59,1621.89,44.0,False,12,False,1518.0,1.019,7.99,2.9
2026,todas as atividades,Macapá,521140,Atendente de lojas e mercados,822,1649.14,1621.0,1621.0,1621.0,1664.36,44.0,False,7,True,1621.0,1.017,6.65,2.62
2021,todas as atividades,Maceió,141510,Gerente de restaurante,38,1765.34,1267.12,1500.0,2000.0,2340.7,44.0,False,12,False,1100.0,1.605,,
2022,todas as atividades,Maceió,141510,Gerente de restaurante,42,2067.68,1510.64,1863.42,2393.0,2476.29,44.0,False,12,False,1212.0,1.706,17.13,5.79
2023,todas as atividades,Maceió,141510,Gerente de restaurante,42,2152.17,1500.0,1967.99,2500.0,2474.63,44.0,False,12,False,1314.0,1.638,4.09,-0.07
2024,todas as atividades,Maceió,141510,Gerente de restaurante,54,2578.56,1466.01,2000.0,2925.0,2834.57,44.0,False,12,False,1412.0,1.826,19.81,14.55
2025,todas as atividades,Maceió,141510,Gerente de restaurante,72,2865.32,1886.62,2368.42,3000.0,3002.11,44.0,False,12,False,1518.0,1.888,11.12,5.91
2026,todas as atividades,Maceió,141510,Gerente de restaurante,44,2615.91,1875.0,2500.0,3195.5,2646.6,44.0,False,7,True,1621.0,1.614,-8.7,-11.84
2021,todas as atividades,Maceió,141515,Gerente de bar,13,2105.89,1557.76,1600.0,1787.68,2736.03,44.0,True,12,False,1100.0,1.914,,
2022,todas as atividades,Maceió,141515,Gerente de bar,5,1908.0,1500.0,1590.0,2200.0,2305.2,44.0,True,12,False,1212.0,1.574,-9.4,-15.75
2023,todas as atividades,Maceió,141515,Gerente de bar,4,1863.0,1491.5,1742.99,2114.48,2135.04,44.0,True,12,False,1314.0,1.418,-2.36,-7.38
2024,todas as atividades,Maceió,141515,Gerente de bar,7,1884.29,1550.0,1800.0,2162.0,2078.72,44.0,True,12,False,1412.0,1.334,1.14,-2.64
2025,todas as atividades,Maceió,141515,Gerente de bar,2,3119.41,2679.12,3119.41,3559.7,3296.1,44.0,True,12,False,1518.0,2.055,65.55,58.56
2026,todas as atividades,Maceió,141515,Gerente de bar,8,2788.0,2018.0,2150.0,3235.0,2833.54,44.0,True,7,True,1621.0,1.72,-10.62,-14.03
2021,todas as atividades,Maceió,371410,Recreador,79,1225.59,1120.0,1200.0,1316.0,1591.55,44.0,False,12,False,1100.0,1.114,,
2022,todas as atividades,Maceió,371410,Recreador,97,1352.36,1212.0,1320.0,1418.0,1632.39,44.0,False,12,False,1212.0,1.116,10.34,2.57
2023,todas as atividades,Maceió,371410,Recreador,106,1443.67,1344.75,1365.0,1545.0,1656.19,44.0,False,12,False,1314.0,1.099,6.75,1.46
2024,todas as atividades,Maceió,371410,Recreador,149,1599.11,1420.0,1500.0,1650.0,1762.89,44.0,False,12,False,1412.0,1.133,10.77,6.44
2025,todas as atividades,Maceió,371410,Recreador,141,1682.52,1553.0,1643.38,1751.78,1764.21,44.0,False,12,False,1518.0,1.108,5.22,0.07
2026,todas as atividades,Maceió,371410,Recreador,69,1740.18,1622.73,1695.0,1848.0,1762.3,44.0,False,7,True,1621.0,1.074,3.43,-0.11
2021,todas as atividades,Maceió,421125,Operador de caixa,1719,1127.1,1100.0,1125.0,1125.0,1474.3,44.0,False,12,False,1100.0,1.025,,
2022,todas as atividades,Maceió,421125,Operador de caixa,2566,1253.37,1249.47,1250.0,1250.0,1503.08,44.0,False,12,False,1212.0,1.034,11.2,1.95
2023,todas as atividades,Maceió,421125,Operador de caixa,2540,1350.96,1350.0,1350.0,1350.0,1550.59,44.0,False,12,False,1314.0,1.028,7.79,3.16
2024,todas as atividades,Maceió,421125,Operador de caixa,2741,1448.95,1445.0,1445.0,1445.0,1594.13,44.0,False,12,False,1412.0,1.026,7.25,2.81
2025,todas as atividades,Maceió,421125,Operador de caixa,2681,1564.71,1553.0,1553.0,1553.0,1639.67,44.0,False,12,False,1518.0,1.031,7.99,2.86
2026,todas as atividades,Maceió,421125,Operador de caixa,1477,1658.98,1622.73,1660.0,1660.0,1678.15,44.0,False,7,True,1621.0,1.023,6.02,2.35
2021,todas as atividades,Maceió,513205,Cozinheiro geral,657,1213.25,1100.0,1120.0,1249.47,1584.02,44.0,False,12,False,1100.0,1.103,,
2022,todas as atividades,Maceió,513205,Cozinheiro geral,823,1385.99,1249.47,1250.0,1401.74,1667.01,44.0,False,12,False,1212.0,1.144,14.24,5.24
2023,todas as atividades,Maceió,513205,Cozinheiro geral,798,1484.05,1365.0,1365.0,1500.0,1705.32,44.0,False,12,False,1314.0,1.129,7.08,2.3
2024,todas as atividades,Maceió,513205,Cozinheiro geral,789,1603.88,1466.01,1466.01,1631.4,1765.83,44.0,False,12,False,1412.0,1.136,8.07,3.55
2025,todas as atividades,Maceió,513205,Cozinheiro geral,896,1778.84,1580.0,1580.0,1853.25,1864.67,44.0,False,12,False,1518.0,1.172,10.91,5.6
2026,todas as atividades,Maceió,513205,Cozinheiro geral,513,1865.1,1695.0,1695.0,1908.0,1887.13,44.0,False,7,True,1621.0,1.151,4.85,1.2
2021,todas as atividades,Maceió,513405,Garçom,541,1173.91,1100.0,1120.0,1200.0,1526.14,44.0,False,12,False,1100.0,1.067,,
2022,todas as atividades,Maceió,513405,Garçom,691,1301.95,1249.47,1249.47,1300.0,1562.93,44.0,False,12,False,1212.0,1.074,10.91,2.41
2023,todas as atividades,Maceió,513405,Garçom,652,1398.78,1365.0,1365.0,1365.0,1607.45,44.0,False,12,False,1314.0,1.065,7.44,2.85
2024,todas as atividades,Maceió,513405,Garçom,781,1497.55,1466.01,1466.01,1466.01,1647.51,44.0,False,12,False,1412.0,1.061,7.06,2.49
2025,todas as atividades,Maceió,513405,Garçom,940,1629.06,1580.0,1580.0,1580.0,1708.67,44.0,False,12,False,1518.0,1.073,8.78,3.71
2026,todas as atividades,Maceió,513405,Garçom,518,1761.58,1695.0,1695.0,1695.0,1783.49,44.0,False,7,True,1621.0,1.087,8.13,4.38
2021,todas as atividades,Maceió,513415,Cumim,323,1162.81,1120.0,1120.0,1200.0,1504.42,44.0,False,12,False,1100.0,1.057,,
2022,todas as atividades,Maceió,513415,Cumim,357,1296.15,1249.47,1249.47,1351.04,1555.61,44.0,False,12,False,1212.0,1.069,11.47,3.4
2023,todas as atividades,Maceió,513415,Cumim,387,1397.64,1365.0,1365.0,1365.0,1606.36,44.0,False,12,False,1314.0,1.064,7.83,3.26
2024,todas as atividades,Maceió,513415,Cumim,432,1492.35,1466.01,1466.01,1466.01,1641.45,44.0,False,12,False,1412.0,1.057,6.78,2.18
2025,todas as atividades,Maceió,513415,Cumim,488,1597.07,1580.0,1580.0,1580.0,1673.63,44.0,False,12,False,1518.0,1.052,7.02,1.96
2026,todas as atividades,Maceió,513415,Cumim,258,1713.86,1695.0,1695.0,1695.0,1736.12,44.0,False,7,True,1621.0,1.057,7.31,3.73
2021,todas as atividades,Maceió,513420,Barman,107,1141.41,1100.0,1120.0,1120.0,1482.32,44.0,False,12,False,1100.0,1.038,,
2022,todas as atividades,Maceió,513420,Barman,134,1321.34,1249.47,1249.47,1365.0,1585.82,44.0,False,12,False,1212.0,1.09,15.76,6.98
2023,todas as atividades,Maceió,513420,Barman,125,1392.06,1365.0,1365.0,1365.0,1601.0,44.0,False,12,False,1314.0,1.059,5.35,0.96
2024,todas as atividades,Maceió,513420,Barman,162,1486.57,1466.01,1466.01,1466.01,1633.11,44.0,False,12,False,1412.0,1.053,6.79,2.01
2025,todas as atividades,Maceió,513420,Barman,201,1644.51,1580.0,1580.0,1580.0,1722.37,44.0,False,12,False,1518.0,1.083,10.62,5.47
2026,todas as atividades,Maceió,513420,Barman,125,1820.58,1695.0,1695.0,1700.0,1843.58,44.0,False,7,True,1621.0,1.123,10.71,7.04
2021,todas as atividades,Maceió,513435,Atendente de lanchonete,788,1114.81,1100.0,1120.0,1120.0,1450.92,44.0,False,12,False,1100.0,1.013,,
2022,todas as atividades,Maceió,513435,Atendente de lanchonete,1161,1251.02,1212.0,1249.47,1249.47,1504.67,44.0,False,12,False,1212.0,1.032,12.22,3.7
2023,todas as atividades,Maceió,513435,Atendente de lanchonete,1505,1359.58,1365.0,1365.0,1365.0,1562.31,44.0,False,12,False,1314.0,1.035,8.68,3.83
2024,todas as atividades,Maceió,513435,Atendente de lanchonete,1483,1458.09,1445.0,1466.01,1466.01,1606.2,44.0,False,12,False,1412.0,1.033,7.25,2.81
2025,todas as atividades,Maceió,513435,Atendente de lanchonete,1915,1569.63,1525.38,1580.0,1580.0,1645.95,44.0,False,12,False,1518.0,1.034,7.65,2.47
2026,todas as atividades,Maceió,513435,Atendente de lanchonete,1193,1677.95,1650.0,1695.0,1695.0,1697.26,44.0,False,7,True,1621.0,1.035,6.9,3.12
2021,todas as atividades,Maceió,513505,Auxiliar nos serviços de alimentação,1044,1132.82,1100.0,1120.0,1120.0,1479.29,44.0,False,12,False,1100.0,1.03,,
2022,todas as atividades,Maceió,513505,Auxiliar nos serviços de alimentação,1420,1266.63,1212.0,1249.47,1250.0,1520.87,44.0,False,12,False,1212.0,1.045,11.81,2.81
2023,todas as atividades,Maceió,513505,Auxiliar nos serviços de alimentação,1577,1375.96,1350.0,1365.0,1365.0,1582.45,44.0,False,12,False,1314.0,1.047,8.63,4.05
2024,todas as atividades,Maceió,513505,Auxiliar nos serviços de alimentação,1952,1487.45,1445.75,1466.01,1466.01,1637.58,44.0,False,12,False,1412.0,1.053,8.1,3.48
2025,todas as atividades,Maceió,513505,Auxiliar nos serviços de alimentação,2161,1595.04,1580.0,1580.0,1580.0,1673.24,44.0,False,12,False,1518.0,1.051,7.23,2.18
2026,todas as atividades,Maceió,513505,Auxiliar nos serviços de alimentação,1297,1708.42,1695.0,1695.0,1695.0,1728.27,44.0,False,7,True,1621.0,1.054,7.11,3.29
2021,todas as atividades,Maceió,514320,Faxineiro,2813,1127.39,1100.0,1128.57,1130.0,1476.59,44.0,False,12,False,1100.0,1.025,,
2022,todas as atividades,Maceió,514320,Faxineiro,3783,1245.06,1212.0,1243.0,1249.47,1496.3,44.0,False,12,False,1212.0,1.027,10.44,1.33
2023,todas as atividades,Maceió,514320,Faxineiro,3418,1350.35,1320.0,1350.0,1365.0,1551.72,44.0,False,12,False,1314.0,1.028,8.46,3.7
2024,todas as atividades,Maceió,514320,Faxineiro,4314,1453.14,1412.0,1444.0,1445.0,1600.78,44.0,False,12,False,1412.0,1.029,7.61,3.16
2025,todas as atividades,Maceió,514320,Faxineiro,4499,1563.71,1518.0,1550.0,1580.0,1639.0,44.0,False,12,False,1518.0,1.03,7.61,2.39
2026,todas as atividades,Maceió,514320,Faxineiro,2920,1660.48,1621.0,1660.0,1666.0,1679.02,44.0,False,7,True,1621.0,1.024,6.19,2.44
2021,todas as atividades,Maceió,521140,Atendente de lojas e mercados,958,1125.82,1100.0,1125.0,1125.0,1467.4,44.0,False,12,False,1100.0,1.023,,
2022,todas as atividades,Maceió,521140,Atendente de lojas e mercados,1660,1247.03,1212.0,1250.0,1250.0,1495.9,44.0,False,12,False,1212.0,1.029,10.77,1.94
2023,todas as atividades,Maceió,521140,Atendente de lojas e mercados,1757,1346.73,1320.0,1350.0,1350.0,1546.54,44.0,False,12,False,1314.0,1.025,7.99,3.39
2024,todas as atividades,Maceió,521140,Atendente de lojas e mercados,2071,1449.54,1412.0,1445.0,1445.0,1593.93,44.0,False,12,False,1412.0,1.027,7.63,3.06
2025,todas as atividades,Maceió,521140,Atendente de lojas e mercados,2188,1559.59,1518.0,1553.0,1570.62,1634.03,44.0,False,12,False,1518.0,1.027,7.59,2.52
2026,todas as atividades,Maceió,521140,Atendente de lojas e mercados,1545,1650.97,1621.0,1660.0,1660.0,1667.04,44.0,False,7,True,1621.0,1.018,5.86,2.02
2021,todas as atividades,Manaus,141510,Gerente de restaurante,134,2181.76,1600.0,1684.13,2783.85,2847.91,44.0,False,12,False,1100.0,1.983,,
2022,todas as atividades,Manaus,141510,Gerente de restaurante,160,1989.47,1560.0,1684.13,2003.95,2398.84,44.0,False,12,False,1212.0,1.641,-8.81,-15.77
2023,todas as atividades,Manaus,141510,Gerente de restaurante,171,2161.04,1725.0,1872.81,2300.0,2487.77,44.0,False,12,False,1314.0,1.645,8.62,3.71
2024,todas as atividades,Manaus,141510,Gerente de restaurante,154,2370.6,1800.0,1964.0,2600.0,2613.27,44.0,False,12,False,1412.0,1.679,9.7,5.04
2025,todas as atividades,Manaus,141510,Gerente de restaurante,162,2597.67,1800.0,2080.0,3000.0,2729.43,44.0,False,12,False,1518.0,1.711,9.58,4.45
2026,todas as atividades,Manaus,141510,Gerente de restaurante,118,2575.95,1788.75,2305.0,3000.0,2606.68,44.0,False,7,True,1621.0,1.589,-0.84,-4.5
2021,todas as atividades,Manaus,141515,Gerente de bar,8,1566.88,1350.0,1630.0,1781.25,2042.44,44.0,True,12,False,1100.0,1.424,,
2022,todas as atividades,Manaus,141515,Gerente de bar,14,2590.69,1596.5,2200.0,2917.17,3133.72,44.0,True,12,False,1212.0,2.138,65.34,53.43
2023,todas as atividades,Manaus,141515,Gerente de bar,10,1771.6,1367.75,1578.38,2061.15,2033.78,44.0,True,12,False,1314.0,1.348,-31.62,-35.1
2024,todas as atividades,Manaus,141515,Gerente de bar,14,2030.32,1463.72,1738.0,2230.77,2234.22,44.0,True,12,False,1412.0,1.438,14.6,9.86
2025,todas as atividades,Manaus,141515,Gerente de bar,26,2492.87,1994.93,2400.0,2923.08,2617.11,44.0,True,12,False,1518.0,1.642,22.78,17.14
2026,todas as atividades,Manaus,141515,Gerente de bar,13,2626.53,2300.0,2528.97,3000.0,2655.33,44.0,True,7,True,1621.0,1.62,5.36,1.46
2021,todas as atividades,Manaus,371410,Recreador,41,1405.93,1100.0,1100.0,1427.06,1821.45,44.0,False,12,False,1100.0,1.278,,
2022,todas as atividades,Manaus,371410,Recreador,126,1443.6,1212.0,1500.0,1500.0,1728.98,40.0,False,12,False,1212.0,1.191,2.68,-5.08
2023,todas as atividades,Manaus,371410,Recreador,101,1516.08,1320.0,1377.0,1500.0,1735.79,44.0,False,12,False,1314.0,1.154,5.02,0.39
2024,todas as atividades,Manaus,371410,Recreador,139,1588.93,1412.0,1483.0,1500.0,1749.18,44.0,False,12,False,1412.0,1.125,4.81,0.77
2025,todas as atividades,Manaus,371410,Recreador,149,1609.63,1518.0,1518.0,1518.0,1691.33,44.0,False,12,False,1518.0,1.06,1.3,-3.31
2026,todas as atividades,Manaus,371410,Recreador,113,1645.32,1621.0,1621.0,1621.0,1654.44,40.0,False,7,True,1621.0,1.015,2.22,-2.18
2021,todas as atividades,Manaus,421125,Operador de caixa,4449,1170.98,1136.64,1156.2,1210.0,1531.17,44.0,False,12,False,1100.0,1.065,,
2022,todas as atividades,Manaus,421125,Operador de caixa,5092,1264.11,1212.0,1250.0,1310.0,1517.77,44.0,False,12,False,1212.0,1.043,7.95,-0.88
2023,todas as atividades,Manaus,421125,Operador de caixa,5412,1375.23,1320.0,1380.0,1390.52,1579.52,44.0,False,12,False,1314.0,1.047,8.79,4.07
2024,todas as atividades,Manaus,421125,Operador de caixa,6154,1454.1,1412.0,1425.0,1470.0,1600.1,44.0,False,12,False,1412.0,1.03,5.74,1.3
2025,todas as atividades,Manaus,421125,Operador de caixa,6083,1554.68,1518.0,1525.0,1550.0,1630.3,44.0,False,12,False,1518.0,1.024,6.92,1.89
2026,todas as atividades,Manaus,421125,Operador de caixa,3362,1654.31,1621.0,1650.0,1650.0,1672.78,44.0,False,7,True,1621.0,1.021,6.41,2.61
2021,todas as atividades,Manaus,513205,Cozinheiro geral,1160,1313.64,1153.22,1300.0,1394.63,1721.83,44.0,False,12,False,1100.0,1.194,,
2022,todas as atividades,Manaus,513205,Cozinheiro geral,1517,1400.08,1266.88,1393.68,1466.14,1683.58,44.0,False,12,False,1212.0,1.155,6.58,-2.22
2023,todas as atividades,Manaus,513205,Cozinheiro geral,1370,1524.48,1377.0,1491.36,1564.17,1753.27,44.0,False,12,False,1314.0,1.16,8.89,4.14
2024,todas as atividades,Manaus,513205,Cozinheiro geral,1402,1619.43,1470.06,1597.0,1700.0,1782.36,44.0,False,12,False,1412.0,1.147,6.23,1.66
2025,todas as atividades,Manaus,513205,Cozinheiro geral,1744,1715.03,1525.0,1676.75,1800.0,1798.97,44.0,False,12,False,1518.0,1.13,5.9,0.93
2026,todas as atividades,Manaus,513205,Cozinheiro geral,987,1841.53,1650.0,1800.0,1900.0,1861.33,44.0,False,7,True,1621.0,1.136,7.38,3.47
2021,todas as atividades,Manaus,513405,Garçom,383,1159.05,1100.0,1120.0,1200.0,1500.78,44.0,False,12,False,1100.0,1.054,,
2022,todas as atividades,Manaus,513405,Garçom,725,1282.87,1212.0,1212.0,1303.0,1544.08,44.0,False,12,False,1212.0,1.058,10.68,2.89
2023,todas as atividades,Manaus,513405,Garçom,715,1380.07,1320.0,1355.12,1378.02,1585.57,44.0,False,12,False,1314.0,1.05,7.58,2.69
2024,todas as atividades,Manaus,513405,Garçom,770,1480.28,1412.0,1422.5,1483.0,1630.76,44.0,False,12,False,1412.0,1.048,7.26,2.85
2025,todas as atividades,Manaus,513405,Garçom,783,1579.68,1518.0,1518.0,1593.9,1655.24,44.0,False,12,False,1518.0,1.041,6.71,1.5
2026,todas as atividades,Manaus,513405,Garçom,529,1660.95,1621.0,1621.0,1621.0,1680.55,44.0,False,7,True,1621.0,1.025,5.14,1.53
2021,todas as atividades,Manaus,513415,Cumim,190,1111.92,1100.0,1110.0,1125.0,1439.99,44.0,False,12,False,1100.0,1.011,,
2022,todas as atividades,Manaus,513415,Cumim,264,1242.41,1212.0,1212.0,1303.0,1492.5,44.0,False,12,False,1212.0,1.025,11.74,3.65
2023,todas as atividades,Manaus,513415,Cumim,327,1351.11,1320.0,1377.0,1377.0,1548.23,44.0,False,12,False,1314.0,1.028,8.75,3.73
2024,todas as atividades,Manaus,513415,Cumim,401,1447.87,1412.0,1412.0,1483.0,1591.19,44.0,False,12,False,1412.0,1.025,7.16,2.77
2025,todas as atividades,Manaus,513415,Cumim,436,1541.62,1518.0,1518.0,1593.0,1616.93,44.0,False,12,False,1518.0,1.016,6.48,1.62
2026,todas as atividades,Manaus,513415,Cumim,285,1628.02,1621.0,1621.0,1621.0,1647.01,44.0,False,7,True,1621.0,1.004,5.6,1.86
2021,todas as atividades,Manaus,513420,Barman,101,1150.99,1100.0,1125.0,1200.0,1492.99,44.0,False,12,False,1100.0,1.046,,
2022,todas as atividades,Manaus,513420,Barman,156,1308.33,1212.0,1249.0,1303.0,1571.92,44.0,False,12,False,1212.0,1.079,13.67,5.29
2023,todas as atividades,Manaus,513420,Barman,177,1393.11,1320.0,1377.0,1400.0,1599.74,44.0,False,12,False,1314.0,1.06,6.48,1.77
2024,todas as atividades,Manaus,513420,Barman,227,1471.24,1412.0,1420.0,1490.0,1619.93,44.0,False,12,False,1412.0,1.042,5.61,1.26
2025,todas as atividades,Manaus,513420,Barman,244,1579.27,1518.0,1518.0,1593.9,1654.69,44.0,False,12,False,1518.0,1.04,7.34,2.15
2026,todas as atividades,Manaus,513420,Barman,144,1681.29,1621.0,1621.0,1670.67,1698.25,44.0,False,7,True,1621.0,1.037,6.46,2.63
2021,todas as atividades,Manaus,513435,Atendente de lanchonete,1719,1138.22,1110.0,1125.0,1155.0,1478.73,44.0,False,12,False,1100.0,1.035,,
2022,todas as atividades,Manaus,513435,Atendente de lanchonete,2342,1252.86,1212.0,1212.0,1303.0,1504.59,44.0,False,12,False,1212.0,1.034,10.07,1.75
2023,todas as atividades,Manaus,513435,Atendente de lanchonete,2557,1357.08,1320.0,1340.0,1377.0,1559.16,44.0,False,12,False,1314.0,1.033,8.32,3.63
2024,todas as atividades,Manaus,513435,Atendente de lanchonete,3150,1449.14,1412.0,1425.0,1483.0,1593.88,44.0,False,12,False,1412.0,1.026,6.78,2.23
2025,todas as atividades,Manaus,513435,Atendente de lanchonete,3728,1560.88,1518.0,1518.0,1593.9,1636.97,44.0,False,12,False,1518.0,1.028,7.71,2.7
2026,todas as atividades,Manaus,513435,Atendente de lanchonete,2357,1642.44,1621.0,1621.0,1621.0,1661.09,44.0,False,7,True,1621.0,1.013,5.23,1.47
2021,todas as atividades,Manaus,513505,Auxiliar nos serviços de alimentação,2260,1195.21,1110.0,1167.66,1236.81,1563.03,44.0,False,12,False,1100.0,1.087,,
2022,todas as atividades,Manaus,513505,Auxiliar nos serviços de alimentação,3266,1281.07,1212.0,1240.0,1318.0,1538.87,44.0,False,12,False,1212.0,1.057,7.18,-1.55
2023,todas as atividades,Manaus,513505,Auxiliar nos serviços de alimentação,3675,1385.58,1320.0,1377.0,1400.0,1592.43,44.0,False,12,False,1314.0,1.054,8.16,3.48
2024,todas as atividades,Manaus,513505,Auxiliar nos serviços de alimentação,4985,1490.13,1412.0,1479.82,1505.0,1641.07,44.0,False,12,False,1412.0,1.055,7.55,3.05
2025,todas as atividades,Manaus,513505,Auxiliar nos serviços de alimentação,5333,1595.18,1518.0,1593.0,1603.0,1673.12,44.0,False,12,False,1518.0,1.051,7.05,1.95
2026,todas as atividades,Manaus,513505,Auxiliar nos serviços de alimentação,3224,1685.73,1621.0,1650.0,1731.09,1704.73,44.0,False,7,True,1621.0,1.04,5.68,1.89
2021,todas as atividades,Manaus,514320,Faxineiro,6729,1148.95,1113.0,1113.0,1155.0,1503.19,44.0,False,12,False,1100.0,1.044,,
2022,todas as atividades,Manaus,514320,Faxineiro,9070,1270.25,1217.0,1246.0,1277.85,1526.05,44.0,False,12,False,1212.0,1.048,10.56,1.52
2023,todas as atividades,Manaus,514320,Faxineiro,11539,1378.66,1350.0,1358.0,1361.26,1583.95,44.0,False,12,False,1314.0,1.049,8.53,3.79
2024,todas as atividades,Manaus,514320,Faxineiro,12834,1471.71,1450.0,1450.0,1470.0,1620.98,44.0,False,12,False,1412.0,1.042,6.75,2.34
2025,todas as atividades,Manaus,514320,Faxineiro,13989,1572.57,1518.0,1550.0,1564.53,1648.94,44.0,False,12,False,1518.0,1.036,6.85,1.72
2026,todas as atividades,Manaus,514320,Faxineiro,7277,1681.5,1621.0,1655.25,1670.0,1699.78,44.0,False,7,True,1621.0,1.037,6.93,3.08
2021,todas as atividades,Manaus,521140,Atendente de lojas e mercados,2609,1189.44,1155.0,1184.5,1210.0,1555.05,44.0,False,12,False,1100.0,1.081,,
2022,todas as atividades,Manaus,521140,Atendente de lojas e mercados,3508,1293.1,1212.0,1255.0,1319.1,1552.77,44.0,False,12,False,1212.0,1.067,8.72,-0.15
2023,todas as atividades,Manaus,521140,Atendente de lojas e mercados,4075,1388.17,1320.0,1380.0,1413.85,1595.63,44.0,False,12,False,1314.0,1.056,7.35,2.76
2024,todas as atividades,Manaus,521140,Atendente de lojas e mercados,5572,1475.46,1412.0,1427.3,1476.53,1620.31,44.0,False,12,False,1412.0,1.045,6.29,1.55
2025,todas as atividades,Manaus,521140,Atendente de lojas e mercados,7470,1564.6,1525.0,1525.0,1600.0,1642.32,44.0,False,12,False,1518.0,1.031,6.04,1.36
2026,todas as atividades,Manaus,521140,Atendente de lojas e mercados,4511,1651.83,1621.0,1650.0,1650.0,1670.17,44.0,False,7,True,1621.0,1.019,5.58,1.7
2021,todas as atividades,Natal,141510,Gerente de restaurante,44,2093.29,1300.0,1650.0,2283.6,2748.24,44.0,False,12,False,1100.0,1.903,,
2022,todas as atividades,Natal,141510,Gerente de restaurante,56,2285.77,1537.5,2000.0,2477.5,2751.75,44.0,False,12,False,1212.0,1.886,9.2,0.13
2023,todas as atividades,Natal,141510,Gerente de restaurante,36,2292.88,1500.0,1792.86,2222.74,2637.72,44.0,False,12,False,1314.0,1.745,0.31,-4.14
2024,todas as atividades,Natal,141510,Gerente de restaurante,41,2696.58,1500.0,2000.0,2824.0,2972.78,44.0,False,12,False,1412.0,1.91,17.61,12.7
2025,todas as atividades,Natal,141510,Gerente de restaurante,49,2346.45,1615.0,1941.0,2500.0,2456.59,44.0,False,12,False,1518.0,1.546,-12.98,-17.36
2026,todas as atividades,Natal,141510,Gerente de restaurante,34,2559.79,1780.32,2300.66,2700.0,2596.95,44.0,False,7,True,1621.0,1.579,9.09,5.71
2021,todas as atividades,Natal,141515,Gerente de bar,11,2011.07,1200.0,1500.0,2050.0,2624.02,44.0,True,12,False,1100.0,1.828,,
2022,todas as atividades,Natal,141515,Gerente de bar,6,2034.66,1242.97,1621.48,2750.0,2449.59,44.0,True,12,False,1212.0,1.679,1.17,-6.65
2023,todas as atividades,Natal,141515,Gerente de bar,16,1604.0,1323.75,1425.0,1850.0,1844.11,44.0,True,12,False,1314.0,1.221,-21.17,-24.72
2024,todas as atividades,Natal,141515,Gerente de bar,13,2534.76,1800.0,2000.0,3000.0,2791.78,44.0,True,12,False,1412.0,1.795,58.03,51.39
2025,todas as atividades,Natal,141515,Gerente de bar,11,2010.82,1652.5,2000.0,2211.0,2115.2,44.0,True,12,False,1518.0,1.325,-20.67,-24.23
2026,todas as atividades,Natal,141515,Gerente de bar,5,1846.65,1800.0,1800.0,1800.0,1884.32,44.0,True,7,True,1621.0,1.139,-8.16,-10.92
2021,todas as atividades,Natal,371410,Recreador,46,1308.06,1115.0,1148.0,1342.6,1680.41,44.0,False,12,False,1100.0,1.189,,
2022,todas as atividades,Natal,371410,Recreador,87,1394.87,1241.9,1271.98,1505.67,1673.65,44.0,False,12,False,1212.0,1.151,6.64,-0.4
2023,todas as atividades,Natal,371410,Recreador,88,1462.89,1318.0,1350.0,1408.25,1680.8,44.0,False,12,False,1314.0,1.113,4.88,0.43
2024,todas as atividades,Natal,371410,Recreador,160,1534.31,1412.0,1445.0,1470.55,1686.8,44.0,False,12,False,1412.0,1.087,4.88,0.36
2025,todas as atividades,Natal,371410,Recreador,215,1623.79,1518.0,1590.0,1615.0,1705.03,44.0,False,12,False,1518.0,1.07,5.83,1.08
2026,todas as atividades,Natal,371410,Recreador,108,1684.06,1621.0,1691.44,1691.44,1699.95,44.0,False,7,True,1621.0,1.039,3.71,-0.3
2021,todas as atividades,Natal,421125,Operador de caixa,1760,1130.64,1100.0,1120.0,1148.0,1479.35,44.0,False,12,False,1100.0,1.028,,
2022,todas as atividades,Natal,421125,Operador de caixa,1944,1241.47,1212.0,1235.0,1250.0,1490.44,44.0,False,12,False,1212.0,1.024,9.8,0.75
2023,todas as atividades,Natal,421125,Operador de caixa,1974,1345.02,1302.0,1335.0,1364.23,1544.04,44.0,False,12,False,1314.0,1.024,8.34,3.6
2024,todas as atividades,Natal,421125,Operador de caixa,2172,1439.18,1412.0,1430.0,1445.0,1582.58,44.0,False,12,False,1412.0,1.019,7.0,2.5
2025,todas as atividades,Natal,421125,Operador de caixa,2323,1547.73,1518.0,1560.0,1565.0,1622.91,44.0,False,12,False,1518.0,1.02,7.54,2.55
2026,todas as atividades,Natal,421125,Operador de caixa,1344,1635.34,1621.0,1621.0,1637.0,1653.23,44.0,False,7,True,1621.0,1.009,5.66,1.87
2021,todas as atividades,Natal,513205,Cozinheiro geral,833,1242.6,1100.0,1176.78,1280.0,1629.99,44.0,False,12,False,1100.0,1.13,,
2022,todas as atividades,Natal,513205,Cozinheiro geral,1133,1318.66,1222.0,1261.85,1300.0,1587.9,44.0,False,12,False,1212.0,1.088,6.12,-2.58
2023,todas as atividades,Natal,513205,Cozinheiro geral,1008,1411.1,1312.0,1330.0,1434.66,1622.32,44.0,False,12,False,1314.0,1.074,7.01,2.17
2024,todas as atividades,Natal,513205,Cozinheiro geral,1405,1514.41,1412.0,1445.0,1495.64,1666.79,44.0,False,12,False,1412.0,1.073,7.32,2.74
2025,todas as atividades,Natal,513205,Cozinheiro geral,1360,1678.21,1565.0,1607.81,1624.26,1758.77,44.0,False,12,False,1518.0,1.106,10.82,5.52
2026,todas as atividades,Natal,513205,Cozinheiro geral,729,1792.59,1639.0,1715.0,1767.15,1812.68,44.0,False,7,True,1621.0,1.106,6.82,3.07
2021,todas as atividades,Natal,513405,Garçom,590,1155.44,1100.0,1121.82,1148.0,1503.27,44.0,False,12,False,1100.0,1.05,,
2022,todas as atividades,Natal,513405,Garçom,690,1255.89,1212.0,1242.97,1249.1,1508.34,44.0,False,12,False,1212.0,1.036,8.69,0.34
2023,todas as atividades,Natal,513405,Garçom,659,1350.3,1316.0,1330.0,1354.35,1551.34,44.0,False,12,False,1314.0,1.028,7.52,2.85
2024,todas as atividades,Natal,513405,Garçom,740,1445.22,1412.0,1445.0,1445.0,1589.4,44.0,False,12,False,1412.0,1.024,7.03,2.45
2025,todas as atividades,Natal,513405,Garçom,836,1576.67,1518.0,1590.0,1615.0,1653.87,44.0,False,12,False,1518.0,1.039,9.1,4.06
2026,todas as atividades,Natal,513405,Garçom,446,1673.0,1621.0,1653.0,1715.0,1692.53,44.0,False,7,True,1621.0,1.032,6.11,2.34
2021,todas as atividades,Natal,513415,Cumim,375,1132.44,1100.0,1105.0,1110.0,1465.23,44.0,False,12,False,1100.0,1.029,,
2022,todas as atividades,Natal,513415,Cumim,431,1259.22,1222.0,1224.34,1229.88,1512.46,44.0,False,12,False,1212.0,1.039,11.2,3.22
2023,todas as atividades,Natal,513415,Cumim,392,1358.78,1312.0,1330.0,1335.0,1560.47,44.0,False,12,False,1314.0,1.034,7.91,3.17
2024,todas as atividades,Natal,513415,Cumim,521,1449.44,1422.0,1430.0,1430.0,1594.02,44.0,False,12,False,1412.0,1.027,6.67,2.15
2025,todas as atividades,Natal,513415,Cumim,585,1579.23,1533.0,1565.0,1595.0,1657.02,44.0,False,12,False,1518.0,1.04,8.95,3.95
2026,todas as atividades,Natal,513415,Cumim,288,1687.33,1639.0,1664.85,1695.0,1705.5,44.0,False,7,True,1621.0,1.041,6.85,2.93
2021,todas as atividades,Natal,513420,Barman,144,1169.56,1105.0,1121.82,1148.0,1513.83,44.0,False,12,False,1100.0,1.063,,
2022,todas as atividades,Natal,513420,Barman,167,1277.56,1222.0,1242.97,1300.0,1538.16,44.0,False,12,False,1212.0,1.054,9.23,1.61
2023,todas as atividades,Natal,513420,Barman,175,1366.91,1312.0,1330.0,1354.35,1570.52,44.0,False,12,False,1314.0,1.04,6.99,2.1
2024,todas as atividades,Natal,513420,Barman,197,1458.71,1422.0,1445.0,1445.0,1605.3,44.0,False,12,False,1412.0,1.033,6.72,2.21
2025,todas as atividades,Natal,513420,Barman,207,1593.49,1536.5,1595.0,1615.0,1673.93,44.0,False,12,False,1518.0,1.05,9.24,4.28
2026,todas as atividades,Natal,513420,Barman,108,1699.83,1653.0,1691.44,1715.0,1719.7,44.0,False,7,True,1621.0,1.049,6.67,2.73
2021,todas as atividades,Natal,513435,Atendente de lanchonete,753,1120.98,1100.0,1110.0,1133.0,1459.77,44.0,False,12,False,1100.0,1.019,,
2022,todas as atividades,Natal,513435,Atendente de lanchonete,1079,1226.05,1212.0,1222.0,1229.88,1473.28,44.0,False,12,False,1212.0,1.012,9.37,0.93
2023,todas as atividades,Natal,513435,Atendente de lanchonete,1035,1327.68,1312.0,1320.0,1335.0,1524.96,44.0,False,12,False,1314.0,1.01,8.29,3.51
2024,todas as atividades,Natal,513435,Atendente de lanchonete,1225,1425.94,1412.0,1422.0,1430.0,1568.96,44.0,False,12,False,1412.0,1.01,7.4,2.89
2025,todas as atividades,Natal,513435,Atendente de lanchonete,1227,1554.71,1518.0,1540.0,1595.0,1630.41,44.0,False,12,False,1518.0,1.024,9.03,3.92
2026,todas as atividades,Natal,513435,Atendente de lanchonete,892,1646.96,1621.0,1639.0,1695.0,1665.96,44.0,False,7,True,1621.0,1.016,5.93,2.18
2021,todas as atividades,Natal,513505,Auxiliar nos serviços de alimentação,1447,1138.82,1100.0,1110.0,1151.04,1489.24,44.0,False,12,False,1100.0,1.035,,
2022,todas as atividades,Natal,513505,Auxiliar nos serviços de alimentação,1887,1245.21,1212.0,1229.88,1242.97,1495.98,44.0,False,12,False,1212.0,1.027,9.34,0.45
2023,todas as atividades,Natal,513505,Auxiliar nos serviços de alimentação,2032,1342.22,1312.0,1330.0,1355.0,1542.54,44.0,False,12,False,1314.0,1.021,7.79,3.11
2024,todas as atividades,Natal,513505,Auxiliar nos serviços de alimentação,2503,1442.51,1412.0,1423.0,1445.0,1587.67,44.0,False,12,False,1412.0,1.022,7.47,2.93
2025,todas as atividades,Natal,513505,Auxiliar nos serviços de alimentação,2448,1566.01,1527.0,1560.0,1595.0,1641.94,44.0,False,12,False,1518.0,1.032,8.56,3.42
2026,todas as atividades,Natal,513505,Auxiliar nos serviços de alimentação,1472,1659.96,1621.0,1639.0,1695.0,1679.46,44.0,False,7,True,1621.0,1.024,6.0,2.29
2021,todas as atividades,Natal,514320,Faxineiro,3030,1122.32,1100.0,1105.0,1139.85,1475.03,44.0,False,12,False,1100.0,1.02,,
2022,todas as atividades,Natal,514320,Faxineiro,3953,1234.37,1212.0,1218.0,1257.82,1483.0,44.0,False,12,False,1212.0,1.018,9.98,0.54
2023,todas as atividades,Natal,514320,Faxineiro,4547,1327.13,1320.0,1320.0,1351.36,1524.81,44.0,False,12,False,1314.0,1.01,7.51,2.82
2024,todas as atividades,Natal,514320,Faxineiro,4957,1442.83,1412.0,1426.8,1470.16,1588.0,44.0,False,12,False,1412.0,1.022,8.72,4.14
2025,todas as atividades,Natal,514320,Faxineiro,7669,1548.05,1518.0,1530.0,1580.42,1623.24,44.0,False,12,False,1518.0,1.02,7.29,2.22
2026,todas as atividades,Natal,514320,Faxineiro,3100,1651.34,1621.0,1638.5,1685.0,1669.92,44.0,False,7,True,1621.0,1.019,6.67,2.88
2021,todas as atividades,Natal,521140,Atendente de lojas e mercados,977,1139.78,1100.0,1115.0,1120.0,1487.81,44.0,False,12,False,1100.0,1.036,,
2022,todas as atividades,Natal,521140,Atendente de lojas e mercados,1401,1242.72,1212.0,1220.6,1235.0,1490.76,44.0,False,12,False,1212.0,1.025,9.03,0.2
2023,todas as atividades,Natal,521140,Atendente de lojas e mercados,1645,1338.36,1310.65,1330.0,1355.0,1535.35,44.0,False,12,False,1314.0,1.019,7.7,2.99
2024,todas as atividades,Natal,521140,Atendente de lojas e mercados,1867,1432.78,1412.0,1422.0,1438.0,1575.42,44.0,False,12,False,1412.0,1.015,7.05,2.61
2025,todas as atividades,Natal,521140,Atendente de lojas e mercados,2201,1549.71,1518.0,1560.0,1565.0,1623.98,44.0,False,12,False,1518.0,1.021,8.16,3.08
2026,todas as atividades,Natal,521140,Atendente de lojas e mercados,1428,1641.5,1621.0,1621.0,1639.5,1659.47,44.0,False,7,True,1621.0,1.013,5.92,2.19
2021,todas as atividades,Palmas,141510,Gerente de restaurante,11,1687.51,1282.5,1600.0,1719.08,2214.05,44.0,True,12,False,1100.0,1.534,,
2022,todas as atividades,Palmas,141510,Gerente de restaurante,18,1865.84,1500.0,1900.0,2200.0,2235.41,44.0,True,12,False,1212.0,1.539,10.57,0.96
2023,todas as atividades,Palmas,141510,Gerente de restaurante,24,1937.5,1484.5,2000.0,2038.62,2235.75,44.0,True,12,False,1314.0,1.475,3.84,0.02
2024,todas as atividades,Palmas,141510,Gerente de restaurante,23,2493.63,1700.0,2000.0,2500.0,2766.8,44.0,True,12,False,1412.0,1.766,28.7,23.75
2025,todas as atividades,Palmas,141510,Gerente de restaurante,24,2248.5,1715.0,2000.0,2535.72,2357.09,44.0,True,12,False,1518.0,1.481,-9.83,-14.81
2026,todas as atividades,Palmas,141510,Gerente de restaurante,10,2311.8,1747.0,1875.0,2450.0,2333.84,44.0,True,7,True,1621.0,1.426,2.82,-0.99
2021,todas as atividades,Palmas,141515,Gerente de bar,5,1308.0,1180.0,1180.0,1500.0,1692.41,44.0,True,12,False,1100.0,1.189,,
2022,todas as atividades,Palmas,141515,Gerente de bar,5,1478.13,1212.0,1212.0,1254.64,1779.25,44.0,True,12,False,1212.0,1.22,13.01,5.13
2023,todas as atividades,Palmas,141515,Gerente de bar,12,2259.08,1559.5,2291.7,2575.0,2602.21,44.0,True,12,False,1314.0,1.719,52.83,46.25
2024,todas as atividades,Palmas,141515,Gerente de bar,10,1965.24,1553.0,2065.69,2187.5,2164.1,44.0,True,12,False,1412.0,1.392,-13.01,-16.84
2025,todas as atividades,Palmas,141515,Gerente de bar,11,2290.62,1700.0,2160.0,2930.0,2429.51,44.0,True,12,False,1518.0,1.509,16.56,12.26
2026,todas as atividades,Palmas,141515,Gerente de bar,4,3075.0,2875.0,3000.0,3200.0,3114.21,44.0,True,7,True,1621.0,1.897,34.24,28.18
2021,todas as atividades,Palmas,371410,Recreador,24,1150.17,1135.0,1135.0,1139.5,1489.61,44.0,True,12,False,1100.0,1.046,,
2022,todas as atividades,Palmas,371410,Recreador,41,1250.4,1212.0,1255.0,1277.0,1501.44,44.0,False,12,False,1212.0,1.032,8.71,0.79
2023,todas as atividades,Palmas,371410,Recreador,53,1413.54,1320.0,1344.41,1400.0,1627.35,44.0,False,12,False,1314.0,1.076,13.05,8.39
2024,todas as atividades,Palmas,371410,Recreador,42,1465.87,1412.0,1494.0,1594.75,1615.23,44.0,False,12,False,1412.0,1.038,3.7,-0.74
2025,todas as atividades,Palmas,371410,Recreador,64,1672.54,1518.0,1600.0,1650.0,1754.02,44.0,False,12,False,1518.0,1.102,14.1,8.59
2026,todas as atividades,Palmas,371410,Recreador,33,1780.8,1700.0,1725.0,1800.0,1794.17,44.0,False,7,True,1621.0,1.099,6.47,2.29
2021,todas as atividades,Palmas,421125,Operador de caixa,1339,1165.26,1130.31,1130.31,1135.0,1527.79,44.0,False,12,False,1100.0,1.059,,
2022,todas as atividades,Palmas,421125,Operador de caixa,1799,1277.43,1254.64,1254.64,1255.0,1532.96,44.0,False,12,False,1212.0,1.054,9.63,0.34
2023,todas as atividades,Palmas,421125,Operador de caixa,1961,1372.34,1342.46,1342.46,1343.0,1576.92,44.0,False,12,False,1314.0,1.044,7.43,2.87
2024,todas as atividades,Palmas,421125,Operador de caixa,2301,1481.79,1440.0,1440.0,1500.0,1632.27,44.0,False,12,False,1412.0,1.049,7.98,3.51
2025,todas as atividades,Palmas,421125,Operador de caixa,2567,1607.59,1560.0,1560.0,1677.0,1688.0,44.0,False,12,False,1518.0,1.059,8.49,3.41
2026,todas as atividades,Palmas,421125,Operador de caixa,1484,1713.47,1677.0,1677.0,1725.0,1733.4,44.0,False,7,True,1621.0,1.057,6.59,2.69
2021,todas as atividades,Palmas,513205,Cozinheiro geral,280,1214.75,1135.0,1180.0,1200.0,1586.94,44.0,False,12,False,1100.0,1.104,,
2022,todas as atividades,Palmas,513205,Cozinheiro geral,393,1366.16,1254.64,1300.0,1363.5,1640.63,44.0,False,12,False,1212.0,1.127,12.46,3.38
2023,todas as atividades,Palmas,513205,Cozinheiro geral,429,1481.1,1343.0,1438.0,1500.0,1702.63,44.0,False,12,False,1314.0,1.127,8.41,3.78
2024,todas as atividades,Palmas,513205,Cozinheiro geral,389,1596.77,1438.0,1500.0,1600.0,1760.77,44.0,False,12,False,1412.0,1.131,7.81,3.41
2025,todas as atividades,Palmas,513205,Cozinheiro geral,707,1744.15,1606.0,1750.0,1836.95,1831.45,44.0,False,12,False,1518.0,1.149,9.23,4.01
2026,todas as atividades,Palmas,513205,Cozinheiro geral,610,1879.03,1815.0,1850.0,1850.0,1907.57,44.0,False,7,True,1621.0,1.159,7.73,4.16
2021,todas as atividades,Palmas,513405,Garçom,232,1163.66,1150.0,1150.0,1150.0,1510.41,44.0,False,12,False,1100.0,1.058,,
2022,todas as atividades,Palmas,513405,Garçom,380,1280.87,1212.0,1294.0,1294.0,1543.95,44.0,False,12,False,1212.0,1.057,10.07,2.22
2023,todas as atividades,Palmas,513405,Garçom,368,1385.4,1302.0,1401.0,1401.0,1594.01,44.0,False,12,False,1314.0,1.054,8.16,3.24
2024,todas as atividades,Palmas,513405,Garçom,363,1499.72,1412.0,1513.0,1513.0,1653.14,44.0,False,12,False,1412.0,1.062,8.25,3.71
2025,todas as atividades,Palmas,513405,Garçom,343,1635.08,1518.0,1626.0,1626.0,1716.02,44.0,False,12,False,1518.0,1.077,9.03,3.8
2026,todas as atividades,Palmas,513405,Garçom,248,1787.65,1725.0,1747.0,1747.0,1805.64,44.0,False,7,True,1621.0,1.103,9.33,5.22
2021,todas as atividades,Palmas,513415,Cumim,60,1132.01,1135.0,1135.0,1135.0,1455.58,44.0,False,12,False,1100.0,1.029,,
2022,todas as atividades,Palmas,513415,Cumim,90,1242.49,1212.0,1255.0,1277.0,1497.28,44.0,False,12,False,1212.0,1.025,9.76,2.86
2023,todas as atividades,Palmas,513415,Cumim,111,1347.91,1302.0,1360.0,1383.0,1555.65,44.0,False,12,False,1314.0,1.026,8.48,3.9
2024,todas as atividades,Palmas,513415,Cumim,59,1485.24,1412.0,1494.0,1494.0,1637.69,44.0,False,12,False,1412.0,1.052,10.19,5.27
2025,todas as atividades,Palmas,513415,Cumim,73,1606.71,1518.0,1606.0,1606.0,1688.86,44.0,False,12,False,1518.0,1.058,8.18,3.12
2026,todas as atividades,Palmas,513415,Cumim,54,1766.83,1725.0,1725.0,1725.01,1784.54,44.0,False,7,True,1621.0,1.09,9.97,5.67
2021,todas as atividades,Palmas,513420,Barman,55,1168.09,1135.0,1135.0,1150.0,1509.65,44.0,False,12,False,1100.0,1.062,,
2022,todas as atividades,Palmas,513420,Barman,99,1304.98,1212.0,1277.0,1277.0,1570.2,44.0,False,12,False,1212.0,1.077,11.72,4.01
2023,todas as atividades,Palmas,513420,Barman,85,1438.26,1302.0,1383.0,1450.0,1654.91,44.0,False,12,False,1314.0,1.095,10.21,5.39
2024,todas as atividades,Palmas,513420,Barman,75,1503.17,1412.0,1494.0,1494.0,1655.84,44.0,False,12,False,1412.0,1.065,4.51,0.06
2025,todas as atividades,Palmas,513420,Barman,84,1602.14,1558.5,1606.0,1606.0,1681.23,44.0,False,12,False,1518.0,1.055,6.58,1.53
2026,todas as atividades,Palmas,513420,Barman,64,1766.35,1708.44,1725.0,1749.0,1784.28,44.0,False,7,True,1621.0,1.09,10.25,6.13
2021,todas as atividades,Palmas,513435,Atendente de lanchonete,433,1139.1,1130.31,1135.0,1135.0,1488.12,44.0,False,12,False,1100.0,1.036,,
2022,todas as atividades,Palmas,513435,Atendente de lanchonete,766,1265.23,1212.0,1277.0,1277.0,1519.32,44.0,False,12,False,1212.0,1.044,11.07,2.1
2023,todas as atividades,Palmas,513435,Atendente de lanchonete,845,1365.19,1302.0,1383.0,1383.0,1570.1,44.0,False,12,False,1314.0,1.039,7.9,3.34
2024,todas as atividades,Palmas,513435,Atendente de lanchonete,987,1491.0,1412.0,1494.0,1516.2,1642.65,44.0,False,12,False,1412.0,1.056,9.22,4.62
2025,todas as atividades,Palmas,513435,Atendente de lanchonete,902,1596.95,1518.0,1606.0,1606.0,1676.86,44.0,False,12,False,1518.0,1.052,7.11,2.08
2026,todas as atividades,Palmas,513435,Atendente de lanchonete,570,1715.81,1621.0,1725.0,1725.0,1736.31,44.0,False,7,True,1621.0,1.058,7.44,3.55
2021,todas as atividades,Palmas,513505,Auxiliar nos serviços de alimentação,475,1169.5,1130.31,1135.0,1163.4,1525.93,44.0,False,12,False,1100.0,1.063,,
2022,todas as atividades,Palmas,513505,Auxiliar nos serviços de alimentação,781,1272.92,1212.0,1272.6,1277.0,1530.37,44.0,False,12,False,1212.0,1.05,8.84,0.29
2023,todas as atividades,Palmas,513505,Auxiliar nos serviços de alimentação,781,1384.59,1342.46,1366.54,1383.0,1592.2,44.0,False,12,False,1314.0,1.054,8.77,4.04
2024,todas as atividades,Palmas,513505,Auxiliar nos serviços de alimentação,904,1498.08,1412.0,1483.16,1494.0,1650.89,44.0,False,12,False,1412.0,1.061,8.2,3.69
2025,todas as atividades,Palmas,513505,Auxiliar nos serviços de alimentação,964,1639.07,1560.0,1606.0,1640.0,1718.32,44.0,False,12,False,1518.0,1.08,9.41,4.08
2026,todas as atividades,Palmas,513505,Auxiliar nos serviços de alimentação,700,1736.86,1677.0,1722.5,1725.0,1758.91,44.0,False,7,True,1621.0,1.071,5.97,2.36
2021,todas as atividades,Palmas,514320,Faxineiro,1463,1171.28,1130.31,1169.16,1179.41,1530.99,44.0,False,12,False,1100.0,1.065,,
2022,todas as atividades,Palmas,514320,Faxineiro,1974,1275.22,1212.0,1254.64,1286.12,1533.89,44.0,False,12,False,1212.0,1.052,8.87,0.19
2023,todas as atividades,Palmas,514320,Faxineiro,2125,1376.04,1320.0,1360.0,1381.68,1583.41,44.0,False,12,False,1314.0,1.047,7.91,3.23
2024,todas as atividades,Palmas,514320,Faxineiro,2414,1493.95,1440.0,1477.98,1477.98,1643.26,44.0,False,12,False,1412.0,1.058,8.57,3.78
2025,todas as atividades,Palmas,514320,Faxineiro,2513,1604.14,1525.0,1583.58,1588.83,1685.05,44.0,False,12,False,1518.0,1.057,7.38,2.54
2026,todas as atividades,Palmas,514320,Faxineiro,1280,1714.9,1621.01,1696.71,1696.71,1733.46,44.0,False,7,True,1621.0,1.058,6.9,2.87
2021,todas as atividades,Palmas,521140,Atendente de lojas e mercados,514,1163.22,1130.31,1130.31,1177.18,1516.44,44.0,False,12,False,1100.0,1.057,,
2022,todas as atividades,Palmas,521140,Atendente de lojas e mercados,884,1280.82,1254.64,1254.64,1277.0,1536.04,44.0,False,12,False,1212.0,1.057,10.11,1.29
2023,todas as atividades,Palmas,521140,Atendente de lojas e mercados,1081,1367.83,1342.46,1342.46,1383.0,1572.13,44.0,False,12,False,1314.0,1.041,6.79,2.35
2024,todas as atividades,Palmas,521140,Atendente de lojas e mercados,1247,1489.94,1440.0,1440.0,1514.1,1639.06,44.0,False,12,False,1412.0,1.055,8.93,4.26
2025,todas as atividades,Palmas,521140,Atendente de lojas e mercados,1333,1618.62,1560.0,1560.0,1677.0,1698.29,44.0,False,12,False,1518.0,1.066,8.64,3.61
2026,todas as atividades,Palmas,521140,Atendente de lojas e mercados,753,1744.1,1677.0,1677.0,1770.15,1764.31,44.0,False,7,True,1621.0,1.076,7.75,3.89
2021,todas as atividades,Porto Alegre,141510,Gerente de restaurante,268,2213.13,1500.0,1800.0,2825.75,2902.33,44.0,False,12,False,1100.0,2.012,,
2022,todas as atividades,Porto Alegre,141510,Gerente de restaurante,320,2297.62,1600.0,2000.0,2800.0,2758.66,44.0,False,12,False,1212.0,1.896,3.82,-4.95
2023,todas as atividades,Porto Alegre,141510,Gerente de restaurante,287,2488.09,1645.93,2000.0,3000.0,2863.7,44.0,False,12,False,1314.0,1.894,8.29,3.81
2024,todas as atividades,Porto Alegre,141510,Gerente de restaurante,291,2582.88,1800.0,2300.0,3000.0,2841.51,44.0,False,12,False,1412.0,1.829,3.81,-0.77
2025,todas as atividades,Porto Alegre,141510,Gerente de restaurante,350,2707.96,2000.0,2479.19,3212.72,2839.86,44.0,False,12,False,1518.0,1.784,4.84,-0.06
2026,todas as atividades,Porto Alegre,141510,Gerente de restaurante,212,2985.85,2200.0,2619.89,3500.0,3018.59,44.0,False,7,True,1621.0,1.842,10.26,6.29
2021,todas as atividades,Porto Alegre,141515,Gerente de bar,75,2040.89,1416.8,1700.0,2000.0,2654.08,44.0,False,12,False,1100.0,1.855,,
2022,todas as atividades,Porto Alegre,141515,Gerente de bar,99,1926.06,1488.37,1700.0,2100.3,2322.66,44.0,False,12,False,1212.0,1.589,-5.63,-12.49
2023,todas as atividades,Porto Alegre,141515,Gerente de bar,80,2132.54,1597.5,1813.95,2314.68,2456.95,44.0,False,12,False,1314.0,1.623,10.72,5.78
2024,todas as atividades,Porto Alegre,141515,Gerente de bar,80,2247.42,1655.0,1917.53,2411.5,2471.36,44.0,False,12,False,1412.0,1.592,5.39,0.59
2025,todas as atividades,Porto Alegre,141515,Gerente de bar,81,2284.8,1821.0,2100.0,2500.0,2394.85,44.0,False,12,False,1518.0,1.505,1.66,-3.1
2026,todas as atividades,Porto Alegre,141515,Gerente de bar,37,2366.04,1950.0,2100.0,2600.0,2394.02,44.0,False,7,True,1621.0,1.46,3.56,-0.03
2021,todas as atividades,Porto Alegre,371410,Recreador,108,1589.0,1323.64,1513.63,1697.17,2067.1,44.0,False,12,False,1100.0,1.445,,
2022,todas as atividades,Porto Alegre,371410,Recreador,232,1640.88,1408.0,1538.0,1782.0,1975.46,44.0,False,12,False,1212.0,1.354,3.26,-4.43
2023,todas as atividades,Porto Alegre,371410,Recreador,253,1923.86,1538.0,1818.0,2123.5,2214.22,44.0,False,12,False,1314.0,1.464,17.25,12.09
2024,todas as atividades,Porto Alegre,371410,Recreador,268,2076.36,1655.0,1850.33,2240.5,2293.62,44.0,False,12,False,1412.0,1.471,7.93,3.59
2025,todas as atividades,Porto Alegre,371410,Recreador,287,2094.94,1770.85,1949.0,2304.0,2200.43,44.0,False,12,False,1518.0,1.38,0.89,-4.06
2026,todas as atividades,Porto Alegre,371410,Recreador,155,2283.12,1850.0,1955.55,2420.0,2314.06,44.0,False,7,True,1621.0,1.408,8.98,5.16
2021,todas as atividades,Porto Alegre,421125,Operador de caixa,5422,1368.65,1312.0,1376.0,1395.92,1787.17,44.0,False,12,False,1100.0,1.244,,
2022,todas as atividades,Porto Alegre,421125,Operador de caixa,5819,1501.91,1457.4,1528.46,1540.68,1805.43,44.0,False,12,False,1212.0,1.239,9.74,1.02
2023,todas as atividades,Porto Alegre,421125,Operador de caixa,6506,1625.83,1551.6,1627.2,1649.2,1867.47,44.0,False,12,False,1314.0,1.237,8.25,3.44
2024,todas as atividades,Porto Alegre,421125,Operador de caixa,8152,1726.99,1703.0,1703.0,1751.73,1898.09,44.0,False,12,False,1412.0,1.223,6.22,1.64
2025,todas as atividades,Porto Alegre,421125,Operador de caixa,9523,1828.26,1799.22,1800.0,1872.0,1916.74,44.0,False,12,False,1518.0,1.204,5.86,0.98
2026,todas as atividades,Porto Alegre,421125,Operador de caixa,4972,1916.73,1916.0,1916.0,1926.0,1938.09,44.0,False,7,True,1621.0,1.182,4.84,1.11
2021,todas as atividades,Porto Alegre,513205,Cozinheiro geral,3313,1334.22,1150.57,1265.63,1380.11,1748.21,44.0,False,12,False,1100.0,1.213,,
2022,todas as atividades,Porto Alegre,513205,Cozinheiro geral,4263,1442.18,1254.28,1379.71,1528.46,1738.3,44.0,False,12,False,1212.0,1.19,8.09,-0.57
2023,todas as atividades,Porto Alegre,513205,Cozinheiro geral,5359,1489.17,1365.91,1365.92,1505.0,1710.16,40.0,False,12,False,1314.0,1.133,3.26,-1.62
2024,todas as atividades,Porto Alegre,513205,Cozinheiro geral,4307,1615.84,1470.4,1505.0,1655.0,1784.09,44.0,False,12,False,1412.0,1.144,8.51,4.32
2025,todas as atividades,Porto Alegre,513205,Cozinheiro geral,4398,1775.96,1578.33,1736.16,1830.23,1865.65,44.0,False,12,False,1518.0,1.17,9.91,4.57
2026,todas as atividades,Porto Alegre,513205,Cozinheiro geral,1940,1972.24,1770.85,1889.42,2089.87,1993.49,44.0,False,7,True,1621.0,1.217,11.05,6.85
2021,todas as atividades,Porto Alegre,513405,Garçom,1176,1333.23,1265.63,1276.62,1322.58,1733.6,44.0,False,12,False,1100.0,1.212,,
2022,todas as atividades,Porto Alegre,513405,Garçom,1716,1416.49,1335.61,1383.48,1426.34,1702.86,44.0,False,12,False,1212.0,1.169,6.24,-1.77
2023,todas as atividades,Porto Alegre,513405,Garçom,1960,1552.95,1505.0,1505.0,1540.05,1785.22,44.0,False,12,False,1314.0,1.182,9.63,4.84
2024,todas as atividades,Porto Alegre,513405,Garçom,1820,1668.43,1655.0,1655.0,1655.0,1838.09,44.0,False,12,False,1412.0,1.182,7.44,2.96
2025,todas as atividades,Porto Alegre,513405,Garçom,2270,1800.29,1744.38,1770.85,1800.0,1888.22,44.0,False,12,False,1518.0,1.186,7.9,2.73
2026,todas as atividades,Porto Alegre,513405,Garçom,1231,1894.24,1770.85,1850.0,1930.0,1914.24,44.0,False,7,True,1621.0,1.169,5.22,1.38
2021,todas as atividades,Porto Alegre,513415,Cumim,119,1312.53,1265.63,1265.63,1356.0,1704.24,44.0,False,12,False,1100.0,1.193,,
2022,todas as atividades,Porto Alegre,513415,Cumim,247,1395.42,1335.61,1383.48,1500.0,1680.62,44.0,False,12,False,1212.0,1.151,6.32,-1.39
2023,todas as atividades,Porto Alegre,513415,Cumim,213,1501.79,1505.0,1505.0,1505.0,1730.44,44.0,False,12,False,1314.0,1.143,7.62,2.96
2024,todas as atividades,Porto Alegre,513415,Cumim,146,1633.93,1655.0,1655.0,1655.0,1797.89,44.0,False,12,False,1412.0,1.157,8.8,3.9
2025,todas as atividades,Porto Alegre,513415,Cumim,191,1757.32,1770.85,1770.85,1770.85,1839.79,44.0,False,12,False,1518.0,1.158,7.55,2.33
2026,todas as atividades,Porto Alegre,513415,Cumim,116,1844.07,1770.85,1850.0,1876.07,1864.79,44.0,False,7,True,1621.0,1.138,4.94,1.36
2021,todas as atividades,Porto Alegre,513420,Barman,187,1363.11,1265.63,1281.0,1400.0,1768.27,44.0,False,12,False,1100.0,1.239,,
2022,todas as atividades,Porto Alegre,513420,Barman,274,1456.88,1335.61,1383.48,1550.0,1753.76,44.0,False,12,False,1212.0,1.202,6.88,-0.82
2023,todas as atividades,Porto Alegre,513420,Barman,317,1556.86,1505.0,1505.0,1580.0,1789.61,44.0,False,12,False,1314.0,1.185,6.86,2.04
2024,todas as atividades,Porto Alegre,513420,Barman,271,1881.91,1610.13,1655.0,1755.0,2076.31,44.0,False,12,False,1412.0,1.333,20.88,16.02
2025,todas as atividades,Porto Alegre,513420,Barman,283,1846.15,1770.85,1786.0,1860.0,1934.65,44.0,False,12,False,1518.0,1.216,-1.9,-6.82
2026,todas as atividades,Porto Alegre,513420,Barman,160,1931.57,1777.75,1850.0,1968.5,1956.52,44.0,False,7,True,1621.0,1.192,4.63,1.13
2021,todas as atividades,Porto Alegre,513435,Atendente de lanchonete,2667,1305.82,1265.0,1265.63,1316.26,1700.79,44.0,False,12,False,1100.0,1.187,,
2022,todas as atividades,Porto Alegre,513435,Atendente de lanchonete,3633,1373.26,1305.56,1357.16,1384.0,1650.48,44.0,False,12,False,1212.0,1.133,5.16,-2.96
2023,todas as atividades,Porto Alegre,513435,Atendente de lanchonete,3687,1511.74,1505.0,1505.0,1505.0,1738.17,44.0,False,12,False,1314.0,1.15,10.08,5.31
2024,todas as atividades,Porto Alegre,513435,Atendente de lanchonete,3986,1635.55,1625.8,1655.0,1655.0,1800.65,44.0,False,12,False,1412.0,1.158,8.19,3.59
2025,todas as atividades,Porto Alegre,513435,Atendente de lanchonete,5470,1752.09,1655.0,1770.85,1770.85,1836.68,44.0,False,12,False,1518.0,1.154,7.13,2.0
2026,todas as atividades,Porto Alegre,513435,Atendente de lanchonete,3452,1828.38,1770.85,1770.85,1920.69,1848.54,44.0,False,7,True,1621.0,1.128,4.35,0.65
2021,todas as atividades,Porto Alegre,513505,Auxiliar nos serviços de alimentação,5671,1310.0,1236.93,1276.64,1381.07,1714.73,44.0,False,12,False,1100.0,1.191,,
2022,todas as atividades,Porto Alegre,513505,Auxiliar nos serviços de alimentação,9139,1409.97,1324.87,1383.48,1476.08,1693.27,44.0,False,12,False,1212.0,1.163,7.63,-1.25
2023,todas as atividades,Porto Alegre,513505,Auxiliar nos serviços de alimentação,6815,1536.49,1505.0,1505.0,1551.6,1765.29,44.0,False,12,False,1314.0,1.169,8.97,4.25
2024,todas as atividades,Porto Alegre,513505,Auxiliar nos serviços de alimentação,7387,1667.73,1640.45,1655.0,1703.0,1835.64,44.0,False,12,False,1412.0,1.181,8.54,3.99
2025,todas as atividades,Porto Alegre,513505,Auxiliar nos serviços de alimentação,8620,1793.56,1748.6,1770.85,1872.0,1880.68,44.0,False,12,False,1518.0,1.182,7.54,2.45
2026,todas as atividades,Porto Alegre,513505,Auxiliar nos serviços de alimentação,5005,1892.78,1788.4,1916.0,1923.9,1912.67,44.0,False,7,True,1621.0,1.168,5.53,1.7
2021,todas as atividades,Porto Alegre,514320,Faxineiro,10893,1212.32,1077.24,1184.93,1267.9,1590.28,44.0,False,12,False,1100.0,1.102,,
2022,todas as atividades,Porto Alegre,514320,Faxineiro,14036,1339.86,1212.03,1314.09,1391.46,1610.62,44.0,False,12,False,1212.0,1.105,10.52,1.28
2023,todas as atividades,Porto Alegre,514320,Faxineiro,13196,1466.17,1325.86,1431.04,1520.54,1686.06,44.0,False,12,False,1314.0,1.116,9.43,4.68
2024,todas as atividades,Porto Alegre,514320,Faxineiro,14616,1573.88,1493.9,1540.51,1655.0,1732.93,44.0,False,12,False,1412.0,1.115,7.35,2.78
2025,todas as atividades,Porto Alegre,514320,Faxineiro,16524,1685.11,1610.13,1653.58,1770.85,1768.43,44.0,False,12,False,1518.0,1.11,7.07,2.05
2026,todas as atividades,Porto Alegre,514320,Faxineiro,9558,1793.44,1756.86,1765.86,1850.0,1813.54,44.0,False,7,True,1621.0,1.106,6.43,2.55
2021,todas as atividades,Porto Alegre,521140,Atendente de lojas e mercados,3226,1380.94,1323.55,1387.0,1420.37,1800.82,44.0,False,12,False,1100.0,1.255,,
2022,todas as atividades,Porto Alegre,521140,Atendente de lojas e mercados,4681,1516.44,1458.0,1528.46,1540.68,1817.99,44.0,False,12,False,1212.0,1.251,9.81,0.95
2023,todas as atividades,Porto Alegre,521140,Atendente de lojas e mercados,5025,1630.73,1566.76,1630.0,1643.23,1871.69,44.0,False,12,False,1314.0,1.241,7.54,2.95
2024,todas as atividades,Porto Alegre,521140,Atendente de lojas e mercados,5783,1721.38,1700.0,1712.82,1722.0,1892.73,44.0,False,12,False,1412.0,1.219,5.56,1.12
2025,todas as atividades,Porto Alegre,521140,Atendente de lojas e mercados,6625,1814.14,1770.85,1800.0,1820.0,1901.9,44.0,False,12,False,1518.0,1.195,5.39,0.48
2026,todas as atividades,Porto Alegre,521140,Atendente de lojas e mercados,3960,1912.2,1850.0,1916.0,1926.0,1933.05,44.0,False,7,True,1621.0,1.18,5.41,1.64
2021,todas as atividades,Porto Velho,141510,Gerente de restaurante,9,1730.66,1300.0,1300.0,2090.0,2246.15,44.0,True,12,False,1100.0,1.573,,
2022,todas as atividades,Porto Velho,141510,Gerente de restaurante,21,1761.43,1313.4,1500.0,1600.0,2116.05,44.0,True,12,False,1212.0,1.453,1.78,-5.79
2023,todas as atividades,Porto Velho,141510,Gerente de restaurante,22,2209.02,1421.25,1896.6,3000.0,2547.39,44.0,True,12,False,1314.0,1.681,25.41,20.38
2024,todas as atividades,Porto Velho,141510,Gerente de restaurante,22,2181.67,1492.23,1713.94,2300.0,2402.15,44.0,True,12,False,1412.0,1.545,-1.24,-5.7
2025,todas as atividades,Porto Velho,141510,Gerente de restaurante,18,2128.78,1688.0,1900.0,2107.25,2228.4,44.0,True,12,False,1518.0,1.402,-2.42,-7.23
2026,todas as atividades,Porto Velho,141510,Gerente de restaurante,12,2409.99,1950.0,2071.44,2778.75,2439.83,44.0,True,7,True,1621.0,1.487,13.21,9.49
2021,todas as atividades,Porto Velho,141515,Gerente de bar,7,1641.14,1347.0,1600.0,2000.0,2093.89,44.0,True,12,False,1100.0,1.492,,
2022,todas as atividades,Porto Velho,141515,Gerente de bar,8,1955.34,1313.4,2080.69,2238.63,2349.86,44.0,True,12,False,1212.0,1.613,19.15,12.22
2023,todas as atividades,Porto Velho,141515,Gerente de bar,12,1704.85,1395.0,1545.0,1977.96,1953.15,44.0,True,12,False,1314.0,1.297,-12.81,-16.88
2024,todas as atividades,Porto Velho,141515,Gerente de bar,5,1628.66,1583.57,1600.0,1600.0,1794.74,44.0,True,12,False,1412.0,1.153,-4.47,-8.11
2025,todas as atividades,Porto Velho,141515,Gerente de bar,4,1693.5,1665.5,1688.0,1716.0,1780.09,44.0,True,12,False,1518.0,1.116,3.98,-0.82
2026,todas as atividades,Porto Velho,141515,Gerente de bar,5,2143.1,1773.0,1890.0,2431.5,2159.66,44.0,True,7,True,1621.0,1.322,26.55,21.32
2021,todas as atividades,Porto Velho,371410,Recreador,15,1197.71,1194.0,1194.0,1214.5,1563.55,44.0,True,12,False,1100.0,1.089,,
2022,todas as atividades,Porto Velho,371410,Recreador,24,1293.49,1212.0,1313.4,1360.0,1554.04,44.0,True,12,False,1212.0,1.067,8.0,-0.61
2023,todas as atividades,Porto Velho,371410,Recreador,19,1386.2,1380.0,1395.0,1395.0,1598.96,44.0,True,12,False,1314.0,1.055,7.17,2.89
2024,todas as atividades,Porto Velho,371410,Recreador,33,1481.61,1444.0,1492.23,1492.23,1632.51,44.0,False,12,False,1412.0,1.049,6.88,2.1
2025,todas as atividades,Porto Velho,371410,Recreador,37,1592.38,1518.0,1598.0,1598.0,1671.14,44.0,False,12,False,1518.0,1.049,7.48,2.37
2026,todas as atividades,Porto Velho,371410,Recreador,17,1698.64,1706.5,1706.5,1706.5,1713.71,44.0,True,7,True,1621.0,1.048,6.67,2.55
2021,todas as atividades,Porto Velho,421125,Operador de caixa,1596,1238.52,1235.0,1250.96,1255.0,1611.46,44.0,False,12,False,1100.0,1.126,,
2022,todas as atividades,Porto Velho,421125,Operador de caixa,1835,1350.06,1313.4,1360.0,1380.0,1621.06,44.0,False,12,False,1212.0,1.114,9.01,0.6
2023,todas as atividades,Porto Velho,421125,Operador de caixa,1768,1442.09,1395.0,1440.0,1482.0,1656.1,44.0,False,12,False,1314.0,1.097,6.82,2.16
2024,todas as atividades,Porto Velho,421125,Operador de caixa,1858,1565.3,1500.0,1597.1,1600.0,1723.44,44.0,False,12,False,1412.0,1.109,8.54,4.07
2025,todas as atividades,Porto Velho,421125,Operador de caixa,1885,1660.43,1600.0,1679.0,1700.0,1739.83,44.0,False,12,False,1518.0,1.094,6.08,0.95
2026,todas as atividades,Porto Velho,421125,Operador de caixa,1083,1751.1,1688.0,1773.0,1790.0,1769.16,44.0,False,7,True,1621.0,1.08,5.46,1.69
2021,todas as atividades,Porto Velho,513205,Cozinheiro geral,266,1389.56,1194.0,1194.0,1303.75,1813.58,44.0,False,12,False,1100.0,1.263,,
2022,todas as atividades,Porto Velho,513205,Cozinheiro geral,322,1393.35,1242.0,1313.4,1400.0,1675.14,44.0,False,12,False,1212.0,1.15,0.27,-7.63
2023,todas as atividades,Porto Velho,513205,Cozinheiro geral,367,1692.02,1395.0,1395.0,1600.0,1945.88,44.0,False,12,False,1314.0,1.288,21.44,16.16
2024,todas as atividades,Porto Velho,513205,Cozinheiro geral,306,1736.95,1492.23,1492.23,1646.85,1916.48,44.0,False,12,False,1412.0,1.23,2.66,-1.51
2025,todas as atividades,Porto Velho,513205,Cozinheiro geral,421,1754.15,1598.0,1598.0,1800.0,1839.9,44.0,False,12,False,1518.0,1.156,0.99,-4.0
2026,todas as atividades,Porto Velho,513205,Cozinheiro geral,202,1854.47,1706.5,1706.5,1888.32,1875.44,44.0,False,7,True,1621.0,1.144,5.72,1.93
2021,todas as atividades,Porto Velho,513405,Garçom,114,1216.09,1194.0,1194.0,1260.39,1582.84,44.0,False,12,False,1100.0,1.106,,
2022,todas as atividades,Porto Velho,513405,Garçom,145,1314.73,1260.39,1313.4,1380.0,1580.27,44.0,False,12,False,1212.0,1.085,8.11,-0.16
2023,todas as atividades,Porto Velho,513405,Garçom,115,1418.44,1395.0,1395.0,1395.0,1632.99,44.0,False,12,False,1314.0,1.079,7.89,3.34
2024,todas as atividades,Porto Velho,513405,Garçom,79,1539.15,1492.23,1492.23,1492.23,1697.16,44.0,False,12,False,1412.0,1.09,8.51,3.93
2025,todas as atividades,Porto Velho,513405,Garçom,140,1641.12,1598.0,1598.0,1603.37,1719.15,44.0,False,12,False,1518.0,1.081,6.63,1.3
2026,todas as atividades,Porto Velho,513405,Garçom,110,1704.88,1637.0,1706.5,1706.5,1723.59,44.0,False,7,True,1621.0,1.052,3.89,0.26
2021,todas as atividades,Porto Velho,513415,Cumim,14,1230.5,1194.0,1194.0,1235.0,1602.42,44.0,True,12,False,1100.0,1.119,,
2022,todas as atividades,Porto Velho,513415,Cumim,18,1319.66,1235.0,1360.0,1380.0,1588.0,44.0,True,12,False,1212.0,1.089,7.25,-0.9
2023,todas as atividades,Porto Velho,513415,Cumim,68,1396.59,1395.0,1395.0,1395.0,1602.88,44.0,False,12,False,1314.0,1.063,5.83,0.94
2024,todas as atividades,Porto Velho,513415,Cumim,65,1486.49,1492.23,1492.23,1492.23,1634.53,44.0,False,12,False,1412.0,1.053,6.44,1.97
2025,todas as atividades,Porto Velho,513415,Cumim,52,1592.37,1598.0,1598.0,1598.0,1670.34,44.0,False,12,False,1518.0,1.049,7.12,2.19
2026,todas as atividades,Porto Velho,513415,Cumim,48,1681.59,1637.0,1706.5,1706.5,1697.76,44.0,False,7,True,1621.0,1.037,5.6,1.64
2021,todas as atividades,Porto Velho,513420,Barman,23,1211.68,1194.0,1194.0,1194.0,1571.16,44.0,True,12,False,1100.0,1.102,,
2022,todas as atividades,Porto Velho,513420,Barman,32,1355.14,1313.4,1370.0,1380.0,1625.76,44.0,False,12,False,1212.0,1.118,11.84,3.48
2023,todas as atividades,Porto Velho,513420,Barman,52,1378.8,1333.2,1390.72,1395.0,1594.74,44.0,False,12,False,1314.0,1.049,1.75,-1.91
2024,todas as atividades,Porto Velho,513420,Barman,43,1491.79,1492.23,1492.23,1492.23,1636.63,44.0,False,12,False,1412.0,1.057,8.19,2.63
2025,todas as atividades,Porto Velho,513420,Barman,54,1618.43,1598.0,1598.0,1598.0,1692.94,44.0,False,12,False,1518.0,1.066,8.49,3.44
2026,todas as atividades,Porto Velho,513420,Barman,35,1727.46,1668.5,1706.5,1706.5,1744.67,44.0,False,7,True,1621.0,1.066,6.74,3.06
2021,todas as atividades,Porto Velho,513435,Atendente de lanchonete,500,1170.47,1113.0,1194.0,1194.0,1524.3,44.0,False,12,False,1100.0,1.064,,
2022,todas as atividades,Porto Velho,513435,Atendente de lanchonete,731,1283.5,1212.0,1275.02,1313.4,1541.74,44.0,False,12,False,1212.0,1.059,9.66,1.14
2023,todas as atividades,Porto Velho,513435,Atendente de lanchonete,740,1373.83,1320.0,1395.0,1395.0,1579.32,44.0,False,12,False,1314.0,1.046,7.04,2.44
2024,todas as atividades,Porto Velho,513435,Atendente de lanchonete,726,1499.23,1492.0,1492.23,1500.0,1651.67,44.0,False,12,False,1412.0,1.062,9.13,4.58
2025,todas as atividades,Porto Velho,513435,Atendente de lanchonete,881,1589.94,1572.6,1598.0,1600.0,1667.49,44.0,False,12,False,1518.0,1.047,6.05,0.96
2026,todas as atividades,Porto Velho,513435,Atendente de lanchonete,541,1682.95,1621.0,1706.5,1706.5,1703.98,44.0,False,7,True,1621.0,1.038,5.85,2.19
2021,todas as atividades,Porto Velho,513505,Auxiliar nos serviços de alimentação,504,1196.54,1148.91,1194.0,1205.0,1557.46,44.0,False,12,False,1100.0,1.088,,
2022,todas as atividades,Porto Velho,513505,Auxiliar nos serviços de alimentação,893,1299.53,1212.0,1313.4,1334.0,1562.78,44.0,False,12,False,1212.0,1.072,8.61,0.34
2023,todas as atividades,Porto Velho,513505,Auxiliar nos serviços de alimentação,849,1407.85,1360.0,1395.0,1435.31,1619.52,44.0,False,12,False,1314.0,1.071,8.34,3.63
2024,todas as atividades,Porto Velho,513505,Auxiliar nos serviços de alimentação,977,1514.77,1492.0,1492.23,1504.94,1668.23,44.0,False,12,False,1412.0,1.073,7.59,3.01
2025,todas as atividades,Porto Velho,513505,Auxiliar nos serviços de alimentação,1113,1617.03,1589.0,1598.0,1618.58,1697.29,44.0,False,12,False,1518.0,1.065,6.75,1.74
2026,todas as atividades,Porto Velho,513505,Auxiliar nos serviços de alimentação,726,1719.34,1654.0,1706.5,1770.0,1737.55,44.0,False,7,True,1621.0,1.061,6.33,2.37
2021,todas as atividades,Porto Velho,514320,Faxineiro,1297,1218.58,1178.0,1202.13,1256.25,1600.0,44.0,False,12,False,1100.0,1.108,,
2022,todas as atividades,Porto Velho,514320,Faxineiro,1684,1340.84,1256.25,1360.0,1397.58,1610.54,44.0,False,12,False,1212.0,1.106,10.03,0.66
2023,todas as atividades,Porto Velho,514320,Faxineiro,2497,1426.43,1397.58,1397.58,1482.0,1644.68,44.0,False,12,False,1314.0,1.086,6.38,2.12
2024,todas as atividades,Porto Velho,514320,Faxineiro,2259,1518.25,1432.14,1501.7,1600.0,1672.2,44.0,False,12,False,1412.0,1.075,6.44,1.67
2025,todas as atividades,Porto Velho,514320,Faxineiro,2903,1646.26,1530.08,1618.08,1743.48,1724.7,44.0,False,12,False,1518.0,1.084,8.43,3.14
2026,todas as atividades,Porto Velho,514320,Faxineiro,1752,1691.22,1621.0,1700.0,1743.48,1708.33,44.0,False,7,True,1621.0,1.043,2.73,-0.95
2021,todas as atividades,Porto Velho,521140,Atendente de lojas e mercados,686,1266.2,1177.8,1235.0,1255.0,1646.97,44.0,False,12,False,1100.0,1.151,,
2022,todas as atividades,Porto Velho,521140,Atendente de lojas e mercados,843,1348.0,1275.0,1360.0,1360.0,1618.69,44.0,False,12,False,1212.0,1.112,6.46,-1.72
2023,todas as atividades,Porto Velho,521140,Atendente de lojas e mercados,995,1434.25,1395.0,1440.0,1463.0,1647.44,44.0,False,12,False,1314.0,1.092,6.4,1.78
2024,todas as atividades,Porto Velho,521140,Atendente de lojas e mercados,1148,1549.98,1492.0,1600.0,1600.0,1705.57,44.0,False,12,False,1412.0,1.098,8.07,3.53
2025,todas as atividades,Porto Velho,521140,Atendente de lojas e mercados,1501,1654.57,1600.0,1688.0,1688.0,1733.61,44.0,False,12,False,1518.0,1.09,6.75,1.64
2026,todas as atividades,Porto Velho,521140,Atendente de lojas e mercados,942,1739.58,1688.0,1773.0,1773.0,1756.84,44.0,False,7,True,1621.0,1.073,5.14,1.34
2021,todas as atividades,Recife,141510,Gerente de restaurante,127,2135.59,1400.0,1800.0,2500.0,2799.81,44.0,False,12,False,1100.0,1.941,,
2022,todas as atividades,Recife,141510,Gerente de restaurante,149,2256.2,1562.85,2000.0,2697.31,2714.44,44.0,False,12,False,1212.0,1.862,5.65,-3.05
2023,todas as atividades,Recife,141510,Gerente de restaurante,168,2640.85,1658.25,2100.0,3163.75,3033.98,44.0,False,12,False,1314.0,2.01,17.05,11.77
2024,todas as atividades,Recife,141510,Gerente de restaurante,195,2698.91,1743.49,2300.0,3098.96,2977.31,44.0,False,12,False,1412.0,1.911,2.2,-1.87
2025,todas as atividades,Recife,141510,Gerente de restaurante,213,2983.12,2000.0,2500.0,3463.98,3126.43,44.0,False,12,False,1518.0,1.965,10.53,5.01
2026,todas as atividades,Recife,141510,Gerente de restaurante,134,3109.19,2006.14,2717.5,3859.62,3147.66,44.0,False,7,True,1621.0,1.918,4.23,0.68
2021,todas as atividades,Recife,141515,Gerente de bar,37,1795.41,1500.0,1600.0,2000.0,2362.99,44.0,False,12,False,1100.0,1.632,,
2022,todas as atividades,Recife,141515,Gerente de bar,28,1754.9,1500.0,1600.0,1800.0,2108.12,44.0,True,12,False,1212.0,1.448,-2.26,-10.79
2023,todas as atividades,Recife,141515,Gerente de bar,34,2103.7,1637.5,2000.0,2185.75,2415.36,44.0,False,12,False,1314.0,1.601,19.88,14.57
2024,todas as atividades,Recife,141515,Gerente de bar,27,2258.58,2000.0,2000.0,2500.0,2495.96,44.0,True,12,False,1412.0,1.6,7.36,3.34
2025,todas as atividades,Recife,141515,Gerente de bar,33,3364.68,2000.0,2265.52,2930.0,3521.48,44.0,False,12,False,1518.0,2.217,48.97,41.09
2026,todas as atividades,Recife,141515,Gerente de bar,18,3293.67,2500.0,2500.0,2900.0,3334.32,44.0,True,7,True,1621.0,2.032,-2.11,-5.31
2021,todas as atividades,Recife,371410,Recreador,51,1290.86,1127.99,1344.2,1344.2,1671.3,44.0,False,12,False,1100.0,1.174,,
2022,todas as atividades,Recife,371410,Recreador,123,1350.75,1245.5,1310.94,1383.56,1619.31,44.0,False,12,False,1212.0,1.114,4.64,-3.11
2023,todas as atividades,Recife,371410,Recreador,123,1468.79,1371.54,1468.27,1505.67,1682.88,44.0,False,12,False,1314.0,1.118,8.74,3.93
2024,todas as atividades,Recife,371410,Recreador,148,1578.5,1461.92,1563.0,1615.92,1741.8,44.0,False,12,False,1412.0,1.118,7.47,3.5
2025,todas as atividades,Recife,371410,Recreador,152,1626.58,1565.69,1651.8,1700.76,1713.44,44.0,False,12,False,1518.0,1.072,3.05,-1.63
2026,todas as atividades,Recife,371410,Recreador,96,1725.34,1700.0,1700.0,1742.82,1744.58,44.0,False,7,True,1621.0,1.064,6.07,1.82
2021,todas as atividades,Recife,421125,Operador de caixa,3054,1246.15,1172.28,1227.2,1240.0,1618.89,44.0,False,12,False,1100.0,1.133,,
2022,todas as atividades,Recife,421125,Operador de caixa,3123,1349.21,1259.22,1354.0,1415.0,1618.53,44.0,False,12,False,1212.0,1.113,8.27,-0.02
2023,todas as atividades,Recife,421125,Operador de caixa,3841,1478.23,1390.0,1492.0,1543.18,1694.37,44.0,False,12,False,1314.0,1.125,9.56,4.69
2024,todas as atividades,Recife,421125,Operador de caixa,4135,1555.81,1461.92,1538.13,1597.2,1708.9,44.0,False,12,False,1412.0,1.102,5.25,0.86
2025,todas as atividades,Recife,421125,Operador de caixa,3733,1648.73,1565.69,1639.0,1712.0,1728.18,44.0,False,12,False,1518.0,1.086,5.97,1.13
2026,todas as atividades,Recife,421125,Operador de caixa,2027,1721.31,1651.0,1733.0,1740.0,1740.01,44.0,False,7,True,1621.0,1.062,4.4,0.68
2021,todas as atividades,Recife,513205,Cozinheiro geral,1527,1265.18,1100.0,1186.94,1330.64,1659.04,44.0,False,12,False,1100.0,1.15,,
2022,todas as atividades,Recife,513205,Cozinheiro geral,1823,1380.7,1245.5,1312.49,1449.0,1661.03,44.0,False,12,False,1212.0,1.139,9.13,0.12
2023,todas as atividades,Recife,513205,Cozinheiro geral,1855,1515.71,1371.54,1424.79,1591.83,1743.95,44.0,False,12,False,1314.0,1.154,9.78,4.99
2024,todas as atividades,Recife,513205,Cozinheiro geral,2592,1572.79,1433.26,1509.65,1607.75,1734.23,44.0,False,12,False,1412.0,1.114,3.77,-0.56
2025,todas as atividades,Recife,513205,Cozinheiro geral,2803,1696.45,1536.73,1590.6,1713.92,1779.44,44.0,False,12,False,1518.0,1.118,7.86,2.61
2026,todas as atividades,Recife,513205,Cozinheiro geral,1696,1811.13,1651.65,1700.0,1842.21,1831.94,44.0,False,7,True,1621.0,1.117,6.76,2.95
2021,todas as atividades,Recife,513405,Garçom,871,1171.95,1127.97,1132.78,1186.73,1525.09,44.0,False,12,False,1100.0,1.065,,
2022,todas as atividades,Recife,513405,Garçom,1181,1287.94,1245.5,1245.5,1309.26,1548.6,44.0,False,12,False,1212.0,1.063,9.9,1.54
2023,todas as atividades,Recife,513405,Garçom,1134,1406.62,1371.54,1371.54,1433.26,1616.81,44.0,False,12,False,1314.0,1.07,9.21,4.4
2024,todas as atividades,Recife,513405,Garçom,1395,1513.16,1461.92,1461.92,1520.38,1665.5,44.0,False,12,False,1412.0,1.072,7.57,3.01
2025,todas as atividades,Recife,513405,Garçom,1533,1647.83,1565.69,1569.46,1651.8,1727.68,44.0,False,12,False,1518.0,1.086,8.9,3.73
2026,todas as atividades,Recife,513405,Garçom,868,1716.96,1700.0,1700.0,1700.0,1738.73,44.0,False,7,True,1621.0,1.059,4.2,0.64
2021,todas as atividades,Recife,513415,Cumim,351,1165.92,1127.97,1150.0,1186.73,1509.7,44.0,False,12,False,1100.0,1.06,,
2022,todas as atividades,Recife,513415,Cumim,564,1277.34,1245.5,1245.5,1309.26,1534.08,44.0,False,12,False,1212.0,1.054,9.56,1.61
2023,todas as atividades,Recife,513415,Cumim,570,1394.77,1371.54,1371.54,1433.26,1603.48,44.0,False,12,False,1314.0,1.061,9.19,4.52
2024,todas as atividades,Recife,513415,Cumim,685,1488.1,1461.92,1461.92,1520.38,1637.09,44.0,False,12,False,1412.0,1.054,6.69,2.1
2025,todas as atividades,Recife,513415,Cumim,738,1604.48,1565.69,1565.69,1651.8,1681.26,44.0,False,12,False,1518.0,1.057,7.82,2.7
2026,todas as atividades,Recife,513415,Cumim,584,1707.46,1700.0,1700.0,1700.0,1728.61,44.0,False,7,True,1621.0,1.053,6.42,2.82
2021,todas as atividades,Recife,513420,Barman,185,1230.72,1127.97,1186.73,1300.0,1600.04,44.0,False,12,False,1100.0,1.119,,
2022,todas as atividades,Recife,513420,Barman,247,1349.04,1245.5,1300.0,1400.0,1624.72,44.0,False,12,False,1212.0,1.113,9.61,1.54
2023,todas as atividades,Recife,513420,Barman,265,1458.89,1371.54,1400.0,1500.0,1679.35,44.0,False,12,False,1314.0,1.11,8.14,3.36
2024,todas as atividades,Recife,513420,Barman,268,1540.17,1461.92,1461.92,1520.38,1698.19,44.0,False,12,False,1412.0,1.091,5.57,1.12
2025,todas as atividades,Recife,513420,Barman,314,1686.53,1565.69,1644.5,1691.2,1765.61,44.0,False,12,False,1518.0,1.111,9.5,3.97
2026,todas as atividades,Recife,513420,Barman,278,1769.91,1700.0,1700.0,1762.32,1792.43,44.0,False,7,True,1621.0,1.092,4.94,1.52
2021,todas as atividades,Recife,513435,Atendente de lanchonete,1790,1145.82,1100.0,1129.41,1186.73,1492.46,44.0,False,12,False,1100.0,1.042,,
2022,todas as atividades,Recife,513435,Atendente de lanchonete,2358,1271.4,1245.5,1250.0,1309.26,1526.35,44.0,False,12,False,1212.0,1.049,10.96,2.27
2023,todas as atividades,Recife,513435,Atendente de lanchonete,2758,1390.43,1371.54,1371.54,1433.26,1597.17,44.0,False,12,False,1314.0,1.058,9.36,4.64
2024,todas as atividades,Recife,513435,Atendente de lanchonete,3310,1481.6,1441.93,1461.92,1520.38,1631.78,44.0,False,12,False,1412.0,1.049,6.56,2.17
2025,todas as atividades,Recife,513435,Atendente de lanchonete,3878,1590.62,1565.69,1565.99,1651.8,1667.1,44.0,False,12,False,1518.0,1.048,7.36,2.16
2026,todas as atividades,Recife,513435,Atendente de lanchonete,2295,1689.09,1656.03,1700.0,1700.0,1708.6,44.0,False,7,True,1621.0,1.042,6.19,2.49
2021,todas as atividades,Recife,513505,Auxiliar nos serviços de alimentação,1816,1174.48,1124.0,1153.16,1189.14,1531.35,44.0,False,12,False,1100.0,1.068,,
2022,todas as atividades,Recife,513505,Auxiliar nos serviços de alimentação,2596,1300.2,1245.5,1263.3,1309.26,1562.36,44.0,False,12,False,1212.0,1.073,10.7,2.03
2023,todas as atividades,Recife,513505,Auxiliar nos serviços de alimentação,3195,1402.42,1369.56,1371.54,1433.26,1612.05,44.0,False,12,False,1314.0,1.067,7.86,3.18
2024,todas as atividades,Recife,513505,Auxiliar nos serviços de alimentação,3770,1491.99,1444.0,1461.92,1520.38,1642.8,44.0,False,12,False,1412.0,1.057,6.39,1.91
2025,todas as atividades,Recife,513505,Auxiliar nos serviços de alimentação,4211,1610.89,1565.69,1570.12,1651.8,1687.2,44.0,False,12,False,1518.0,1.061,7.97,2.7
2026,todas as atividades,Recife,513505,Auxiliar nos serviços de alimentação,3034,1706.1,1668.0,1700.0,1707.61,1724.83,44.0,False,7,True,1621.0,1.052,5.91,2.23
2021,todas as atividades,Recife,514320,Faxineiro,5765,1152.98,1100.92,1122.2,1165.26,1512.63,44.0,False,12,False,1100.0,1.048,,
2022,todas as atividades,Recife,514320,Faxineiro,7975,1250.17,1212.0,1236.43,1260.5,1504.79,44.0,False,12,False,1212.0,1.031,8.43,-0.52
2023,todas as atividades,Recife,514320,Faxineiro,8666,1368.91,1320.0,1328.3,1380.0,1574.01,44.0,False,12,False,1314.0,1.042,9.5,4.6
2024,todas as atividades,Recife,514320,Faxineiro,10134,1470.71,1412.62,1425.0,1500.3,1620.66,44.0,False,12,False,1412.0,1.042,7.44,2.96
2025,todas as atividades,Recife,514320,Faxineiro,10458,1570.25,1524.77,1528.65,1571.76,1647.11,44.0,False,12,False,1518.0,1.034,6.77,1.63
2026,todas as atividades,Recife,514320,Faxineiro,7261,1659.35,1621.0,1632.45,1666.0,1675.89,44.0,False,7,True,1621.0,1.024,5.67,1.75
2021,todas as atividades,Recife,521140,Atendente de lojas e mercados,2424,1225.3,1166.35,1229.52,1240.0,1585.25,44.0,False,12,False,1100.0,1.114,,
2022,todas as atividades,Recife,521140,Atendente de lojas e mercados,3314,1334.65,1269.56,1352.0,1374.0,1598.68,44.0,False,12,False,1212.0,1.101,8.92,0.85
2023,todas as atividades,Recife,521140,Atendente de lojas e mercados,4914,1445.82,1370.12,1434.6,1500.0,1658.6,44.0,False,12,False,1314.0,1.1,8.33,3.75
2024,todas as atividades,Recife,521140,Atendente de lojas e mercados,5216,1523.18,1449.0,1520.38,1574.0,1675.4,44.0,False,12,False,1412.0,1.079,5.35,1.01
2025,todas as atividades,Recife,521140,Atendente de lojas e mercados,5458,1610.92,1542.87,1612.0,1639.0,1689.25,44.0,False,12,False,1518.0,1.061,5.76,0.83
2026,todas as atividades,Recife,521140,Atendente de lojas e mercados,3719,1699.19,1648.0,1700.0,1733.0,1715.68,44.0,False,7,True,1621.0,1.048,5.48,1.56
2021,todas as atividades,Rio Branco,141510,Gerente de restaurante,9,1598.67,1300.0,1400.0,2000.0,2080.27,44.0,True,12,False,1100.0,1.453,,
2022,todas as atividades,Rio Branco,141510,Gerente de restaurante,4,1284.0,1212.0,1212.0,1284.0,1531.74,44.0,True,12,False,1212.0,1.059,-19.68,-26.37
2023,todas as atividades,Rio Branco,141510,Gerente de restaurante,9,1717.78,1320.0,1700.0,2000.0,1970.73,44.0,True,12,False,1314.0,1.307,33.78,28.66
2024,todas as atividades,Rio Branco,141510,Gerente de restaurante,7,1934.12,1500.0,1600.0,2351.42,2129.34,44.0,True,12,False,1412.0,1.37,12.59,8.05
2025,todas as atividades,Rio Branco,141510,Gerente de restaurante,8,2739.0,1518.0,2679.0,3250.0,2858.16,44.0,True,12,False,1518.0,1.804,41.61,34.23
2026,todas as atividades,Rio Branco,141510,Gerente de restaurante,7,1770.1,1621.0,1621.0,1881.93,1782.29,44.0,True,7,True,1621.0,1.092,-35.37,-37.64
2021,todas as atividades,Rio Branco,141515,Gerente de bar,5,1778.61,1600.0,1600.0,1993.03,2268.28,44.0,True,12,False,1100.0,1.617,,
2022,todas as atividades,Rio Branco,141515,Gerente de bar,5,1395.79,1308.96,1429.0,1429.0,1671.24,44.0,True,12,False,1212.0,1.152,-21.52,-26.32
2023,todas as atividades,Rio Branco,141515,Gerente de bar,4,1605.5,1315.5,1460.0,1750.0,1851.83,44.0,True,12,False,1314.0,1.222,15.02,10.81
2024,todas as atividades,Rio Branco,141515,Gerente de bar,2,2012.48,1768.72,2012.48,2256.24,2206.48,44.0,True,12,False,1412.0,1.425,25.35,19.15
2025,todas as atividades,Rio Branco,141515,Gerente de bar,4,2209.36,1879.5,2259.72,2589.59,2328.23,44.0,True,12,False,1518.0,1.455,9.78,5.52
2026,todas as atividades,Rio Branco,141515,Gerente de bar,1,2145.0,2145.0,2145.0,2145.0,2145.0,44.0,True,7,True,1621.0,1.323,-2.91,-7.87
2021,todas as atividades,Rio Branco,371410,Recreador,7,1158.26,1128.6,1158.0,1188.0,1517.56,44.0,True,12,False,1100.0,1.053,,
2022,todas as atividades,Rio Branco,371410,Recreador,19,1317.53,1212.0,1212.0,1212.0,1582.17,44.0,True,12,False,1212.0,1.087,13.75,4.26
2023,todas as atividades,Rio Branco,371410,Recreador,21,1381.5,1302.0,1320.0,1320.0,1589.37,44.0,True,12,False,1314.0,1.051,4.86,0.46
2024,todas as atividades,Rio Branco,371410,Recreador,33,1539.86,1412.0,1412.0,1524.96,1685.32,44.0,False,12,False,1412.0,1.091,11.46,6.04
2025,todas as atividades,Rio Branco,371410,Recreador,30,1534.93,1518.0,1518.0,1524.96,1601.15,44.0,False,12,False,1518.0,1.011,-0.32,-4.99
2026,todas as atividades,Rio Branco,371410,Recreador,11,1726.86,1663.75,1706.5,1753.25,1741.82,44.0,True,7,True,1621.0,1.065,12.5,8.79
2021,todas as atividades,Rio Branco,421125,Operador de caixa,690,1183.66,1188.0,1188.0,1188.0,1542.06,44.0,False,12,False,1100.0,1.076,,
2022,todas as atividades,Rio Branco,421125,Operador de caixa,854,1260.26,1212.0,1212.0,1308.96,1512.6,44.0,False,12,False,1212.0,1.04,6.47,-1.91
2023,todas as atividades,Rio Branco,421125,Operador de caixa,838,1354.38,1320.0,1320.0,1387.0,1555.51,44.0,False,12,False,1314.0,1.031,7.47,2.84
2024,todas as atividades,Rio Branco,421125,Operador de caixa,839,1467.66,1412.0,1412.0,1524.96,1615.91,44.0,False,12,False,1412.0,1.039,8.36,3.88
2025,todas as atividades,Rio Branco,421125,Operador de caixa,751,1574.27,1518.0,1518.0,1639.44,1651.22,44.0,False,12,False,1518.0,1.037,7.26,2.19
2026,todas as atividades,Rio Branco,421125,Operador de caixa,420,1694.88,1621.0,1621.0,1773.0,1712.08,44.0,False,7,True,1621.0,1.046,7.66,3.69
2021,todas as atividades,Rio Branco,513205,Cozinheiro geral,375,1196.56,1100.0,1188.0,1269.57,1554.47,44.0,False,12,False,1100.0,1.088,,
2022,todas as atividades,Rio Branco,513205,Cozinheiro geral,602,1308.0,1212.0,1250.0,1406.0,1572.33,44.0,False,12,False,1212.0,1.079,9.31,1.15
2023,todas as atividades,Rio Branco,513205,Cozinheiro geral,588,1396.06,1320.0,1320.0,1455.38,1602.64,44.0,False,12,False,1314.0,1.062,6.73,1.93
2024,todas as atividades,Rio Branco,513205,Cozinheiro geral,458,1539.35,1412.0,1490.0,1534.7,1700.07,44.0,False,12,False,1412.0,1.09,10.26,6.08
2025,todas as atividades,Rio Branco,513205,Cozinheiro geral,351,1658.04,1518.0,1600.0,1657.48,1740.57,44.0,False,12,False,1518.0,1.092,7.71,2.38
2026,todas as atividades,Rio Branco,513205,Cozinheiro geral,387,1752.27,1657.48,1657.48,1790.07,1768.15,44.0,False,7,True,1621.0,1.081,5.68,1.58
2021,todas as atividades,Rio Branco,513405,Garçom,92,1182.34,1188.0,1188.0,1188.0,1538.24,44.0,False,12,False,1100.0,1.075,,
2022,todas as atividades,Rio Branco,513405,Garçom,141,1268.47,1212.0,1212.0,1308.96,1524.5,44.0,False,12,False,1212.0,1.047,7.28,-0.89
2023,todas as atividades,Rio Branco,513405,Garçom,163,1468.2,1302.0,1320.0,1400.0,1688.75,44.0,False,12,False,1314.0,1.117,15.75,10.77
2024,todas as atividades,Rio Branco,513405,Garçom,202,1474.77,1412.0,1412.0,1492.23,1619.57,44.0,False,12,False,1412.0,1.044,0.45,-4.1
2025,todas as atividades,Rio Branco,513405,Garçom,162,1573.54,1518.0,1518.0,1598.0,1650.88,44.0,False,12,False,1518.0,1.037,6.7,1.93
2026,todas as atividades,Rio Branco,513405,Garçom,97,1684.73,1621.0,1621.0,1706.5,1704.94,44.0,False,7,True,1621.0,1.039,7.07,3.27
2021,todas as atividades,Rio Branco,513415,Cumim,9,1194.67,1188.0,1188.0,1188.0,1568.46,44.0,True,12,False,1100.0,1.086,,
2022,todas as atividades,Rio Branco,513415,Cumim,30,1242.83,1212.0,1212.0,1212.0,1502.85,44.0,False,12,False,1212.0,1.025,4.03,-4.18
2023,todas as atividades,Rio Branco,513415,Cumim,16,1313.62,1302.0,1302.0,1320.0,1518.51,44.0,True,12,False,1314.0,1.0,5.7,1.04
2024,todas as atividades,Rio Branco,513415,Cumim,55,1440.83,1412.0,1412.0,1492.23,1574.59,44.0,False,12,False,1412.0,1.02,9.68,3.69
2025,todas as atividades,Rio Branco,513415,Cumim,73,1567.65,1518.0,1598.0,1598.0,1646.64,44.0,False,12,False,1518.0,1.033,8.8,4.58
2026,todas as atividades,Rio Branco,513415,Cumim,38,1678.4,1621.0,1678.25,1706.5,1694.22,44.0,False,7,True,1621.0,1.035,7.06,2.89
2021,todas as atividades,Rio Branco,513420,Barman,15,1221.37,1188.0,1188.0,1200.0,1585.4,44.0,True,12,False,1100.0,1.11,,
2022,todas as atividades,Rio Branco,513420,Barman,23,1232.95,1212.0,1212.0,1212.0,1481.85,44.0,True,12,False,1212.0,1.017,0.95,-6.53
2023,todas as atividades,Rio Branco,513420,Barman,22,1352.07,1320.0,1320.0,1376.25,1552.6,44.0,True,12,False,1314.0,1.029,9.66,4.77
2024,todas as atividades,Rio Branco,513420,Barman,28,1479.51,1412.0,1412.0,1492.23,1613.63,44.0,True,12,False,1412.0,1.048,9.43,3.93
2025,todas as atividades,Rio Branco,513420,Barman,33,1561.91,1518.0,1518.0,1598.0,1640.58,44.0,False,12,False,1518.0,1.029,5.57,1.67
2026,todas as atividades,Rio Branco,513420,Barman,24,1679.29,1621.0,1621.0,1706.5,1701.98,44.0,True,7,True,1621.0,1.036,7.52,3.74
2021,todas as atividades,Rio Branco,513435,Atendente de lanchonete,280,1177.94,1188.0,1188.0,1188.0,1536.18,44.0,False,12,False,1100.0,1.071,,
2022,todas as atividades,Rio Branco,513435,Atendente de lanchonete,388,1254.63,1212.0,1212.0,1308.96,1506.83,44.0,False,12,False,1212.0,1.035,6.51,-1.91
2023,todas as atividades,Rio Branco,513435,Atendente de lanchonete,511,1340.91,1308.96,1320.0,1320.0,1540.77,44.0,False,12,False,1314.0,1.02,6.88,2.25
2024,todas as atividades,Rio Branco,513435,Atendente de lanchonete,557,1442.98,1412.0,1412.0,1430.0,1588.37,44.0,False,12,False,1412.0,1.022,7.61,3.09
2025,todas as atividades,Rio Branco,513435,Atendente de lanchonete,609,1560.5,1518.0,1518.0,1600.0,1636.15,44.0,False,12,False,1518.0,1.028,8.14,3.01
2026,todas as atividades,Rio Branco,513435,Atendente de lanchonete,374,1676.21,1621.0,1621.0,1750.68,1692.95,44.0,False,7,True,1621.0,1.034,7.41,3.47
2021,todas as atividades,Rio Branco,513505,Auxiliar nos serviços de alimentação,333,1207.63,1180.0,1188.0,1200.0,1578.24,44.0,False,12,False,1100.0,1.098,,
2022,todas as atividades,Rio Branco,513505,Auxiliar nos serviços de alimentação,439,1284.53,1212.0,1212.0,1308.96,1543.32,44.0,False,12,False,1212.0,1.06,6.37,-2.21
2023,todas as atividades,Rio Branco,513505,Auxiliar nos serviços de alimentação,547,1358.33,1308.96,1320.0,1350.0,1562.59,44.0,False,12,False,1314.0,1.034,5.75,1.25
2024,todas as atividades,Rio Branco,513505,Auxiliar nos serviços de alimentação,671,1479.0,1412.0,1412.0,1524.96,1626.24,44.0,False,12,False,1412.0,1.047,8.88,4.07
2025,todas as atividades,Rio Branco,513505,Auxiliar nos serviços de alimentação,736,1595.99,1518.0,1530.0,1639.44,1675.03,44.0,False,12,False,1518.0,1.051,7.91,3.0
2026,todas as atividades,Rio Branco,513505,Auxiliar nos serviços de alimentação,457,1699.64,1621.0,1621.0,1727.39,1717.36,44.0,False,7,True,1621.0,1.049,6.49,2.53
2021,todas as atividades,Rio Branco,514320,Faxineiro,1758,1128.04,1100.0,1100.0,1128.0,1474.07,44.0,False,12,False,1100.0,1.025,,
2022,todas as atividades,Rio Branco,514320,Faxineiro,1780,1233.94,1212.0,1212.0,1225.0,1482.37,44.0,False,12,False,1212.0,1.018,9.39,0.56
2023,todas as atividades,Rio Branco,514320,Faxineiro,2294,1332.66,1302.0,1320.0,1325.0,1533.98,44.0,False,12,False,1314.0,1.014,8.0,3.48
2024,todas as atividades,Rio Branco,514320,Faxineiro,2233,1436.19,1412.0,1412.0,1426.36,1584.53,44.0,False,12,False,1412.0,1.017,7.77,3.3
2025,todas as atividades,Rio Branco,514320,Faxineiro,2089,1557.85,1518.0,1518.0,1540.47,1634.39,44.0,False,12,False,1518.0,1.026,8.47,3.15
2026,todas as atividades,Rio Branco,514320,Faxineiro,1669,1657.07,1621.0,1663.7,1663.7,1677.2,44.0,False,7,True,1621.0,1.022,6.37,2.62
2021,todas as atividades,Rio Branco,521140,Atendente de lojas e mercados,392,1211.12,1188.0,1188.0,1200.5,1582.59,44.0,False,12,False,1100.0,1.101,,
2022,todas as atividades,Rio Branco,521140,Atendente de lojas e mercados,658,1318.55,1212.0,1245.03,1308.96,1580.96,44.0,False,12,False,1212.0,1.088,8.87,-0.1
2023,todas as atividades,Rio Branco,521140,Atendente de lojas e mercados,880,1372.77,1302.0,1320.0,1400.0,1577.98,44.0,False,12,False,1314.0,1.045,4.11,-0.19
2024,todas as atividades,Rio Branco,521140,Atendente de lojas e mercados,936,1482.41,1412.0,1412.0,1510.84,1630.9,44.0,False,12,False,1412.0,1.05,7.99,3.35
2025,todas as atividades,Rio Branco,521140,Atendente de lojas e mercados,943,1588.16,1518.0,1518.0,1610.0,1662.81,44.0,False,12,False,1518.0,1.046,7.13,1.96
2026,todas as atividades,Rio Branco,521140,Atendente de lojas e mercados,622,1675.15,1621.0,1621.0,1695.0,1692.53,44.0,False,7,True,1621.0,1.033,5.48,1.79
2021,todas as atividades,Rio de Janeiro,141510,Gerente de restaurante,801,2191.2,1500.0,1800.0,2500.0,2865.73,44.0,False,12,False,1100.0,1.992,,
2022,todas as atividades,Rio de Janeiro,141510,Gerente de restaurante,1126,2266.06,1600.0,1908.0,2500.0,2723.19,44.0,False,12,False,1212.0,1.87,3.42,-4.97
2023,todas as atividades,Rio de Janeiro,141510,Gerente de restaurante,1197,2380.02,1704.96,2000.0,2500.0,2737.0,44.0,False,12,False,1314.0,1.811,5.03,0.51
2024,todas as atividades,Rio de Janeiro,141510,Gerente de restaurante,1306,2483.06,1800.0,2080.0,2600.0,2734.18,44.0,False,12,False,1412.0,1.759,4.33,-0.1
2025,todas as atividades,Rio de Janeiro,141510,Gerente de restaurante,1350,2655.73,2000.0,2300.0,3000.0,2786.76,44.0,False,12,False,1518.0,1.749,6.95,1.92
2026,todas as atividades,Rio de Janeiro,141510,Gerente de restaurante,823,2677.93,2000.0,2360.0,3000.0,2706.42,44.0,False,7,True,1621.0,1.652,0.84,-2.88
2021,todas as atividades,Rio de Janeiro,141515,Gerente de bar,243,2010.16,1500.0,1800.0,2265.11,2631.42,44.0,False,12,False,1100.0,1.827,,
2022,todas as atividades,Rio de Janeiro,141515,Gerente de bar,335,1940.65,1500.0,1800.0,2029.85,2331.45,44.0,False,12,False,1212.0,1.601,-3.46,-11.4
2023,todas as atividades,Rio de Janeiro,141515,Gerente de bar,362,2187.78,1603.75,2000.0,2500.0,2516.27,44.0,False,12,False,1314.0,1.665,12.73,7.93
2024,todas as atividades,Rio de Janeiro,141515,Gerente de bar,343,2296.51,1700.0,2000.0,2500.0,2529.33,44.0,False,12,False,1412.0,1.626,4.97,0.52
2025,todas as atividades,Rio de Janeiro,141515,Gerente de bar,339,2375.63,1800.0,2143.0,2600.0,2492.4,44.0,False,12,False,1518.0,1.565,3.45,-1.46
2026,todas as atividades,Rio de Janeiro,141515,Gerente de bar,194,2431.75,1943.59,2260.0,2795.2,2459.25,44.0,False,7,True,1621.0,1.5,2.36,-1.33
2021,todas as atividades,Rio de Janeiro,371410,Recreador,433,1372.38,1209.67,1276.21,1432.23,1793.03,44.0,False,12,False,1100.0,1.248,,
2022,todas as atividades,Rio de Janeiro,371410,Recreador,1324,1365.03,1225.0,1269.47,1413.68,1645.29,44.0,False,12,False,1212.0,1.126,-0.54,-8.24
2023,todas as atividades,Rio de Janeiro,371410,Recreador,741,1497.43,1320.0,1444.0,1532.6,1723.45,44.0,False,12,False,1314.0,1.14,9.7,4.75
2024,todas as atividades,Rio de Janeiro,371410,Recreador,758,1614.26,1454.9,1516.2,1676.3,1785.49,44.0,False,12,False,1412.0,1.143,7.8,3.6
2025,todas as atividades,Rio de Janeiro,371410,Recreador,730,1746.04,1557.31,1624.11,1800.0,1833.14,44.0,False,12,False,1518.0,1.15,8.16,2.67
2026,todas as atividades,Rio de Janeiro,371410,Recreador,540,1780.14,1628.24,1700.0,1833.94,1801.42,44.0,False,7,True,1621.0,1.098,1.95,-1.73
2021,todas as atividades,Rio de Janeiro,421125,Operador de caixa,15354,1305.54,1246.0,1290.0,1350.0,1704.74,44.0,False,12,False,1100.0,1.187,,
2022,todas as atividades,Rio de Janeiro,421125,Operador de caixa,17995,1391.7,1308.3,1361.0,1455.63,1670.73,44.0,False,12,False,1212.0,1.148,6.6,-2.0
2023,todas as atividades,Rio de Janeiro,421125,Operador de caixa,19174,1507.24,1439.0,1504.0,1572.47,1730.57,44.0,False,12,False,1314.0,1.147,8.3,3.58
2024,todas as atividades,Rio de Janeiro,421125,Operador de caixa,21539,1594.02,1504.0,1600.0,1643.23,1752.83,44.0,False,12,False,1412.0,1.129,5.76,1.29
2025,todas as atividades,Rio de Janeiro,421125,Operador de caixa,21473,1688.21,1600.0,1700.0,1725.0,1769.98,44.0,False,12,False,1518.0,1.112,5.91,0.98
2026,todas as atividades,Rio de Janeiro,421125,Operador de caixa,11860,1770.1,1688.0,1797.0,1810.0,1789.52,44.0,False,7,True,1621.0,1.092,4.85,1.1
2021,todas as atividades,Rio de Janeiro,513205,Cozinheiro geral,6866,1457.2,1238.11,1340.0,1550.0,1901.98,44.0,False,12,False,1100.0,1.325,,
2022,todas as atividades,Rio de Janeiro,513205,Cozinheiro geral,8813,1527.36,1283.73,1426.14,1670.91,1837.46,44.0,False,12,False,1212.0,1.26,4.81,-3.39
2023,todas as atividades,Rio de Janeiro,513205,Cozinheiro geral,11802,1567.54,1320.0,1450.0,1700.0,1804.23,44.0,False,12,False,1314.0,1.193,2.63,-1.81
2024,todas as atividades,Rio de Janeiro,513205,Cozinheiro geral,10879,1740.37,1428.0,1604.0,1929.4,1918.83,44.0,False,12,False,1412.0,1.233,11.03,6.35
2025,todas as atividades,Rio de Janeiro,513205,Cozinheiro geral,11267,1871.79,1534.29,1785.25,2002.0,1963.9,44.0,False,12,False,1518.0,1.233,7.55,2.35
2026,todas as atividades,Rio de Janeiro,513205,Cozinheiro geral,6363,1972.14,1655.46,1838.0,2156.0,1994.96,44.0,False,7,True,1621.0,1.217,5.36,1.58
2021,todas as atividades,Rio de Janeiro,513405,Garçom,4721,1328.25,1203.6,1283.73,1300.0,1729.09,44.0,False,12,False,1100.0,1.208,,
2022,todas as atividades,Rio de Janeiro,513405,Garçom,6438,1405.31,1287.13,1381.7,1426.14,1689.22,44.0,False,12,False,1212.0,1.159,5.8,-2.31
2023,todas as atividades,Rio de Janeiro,513405,Garçom,6925,1512.89,1426.14,1497.45,1497.95,1739.78,44.0,False,12,False,1314.0,1.151,7.66,2.99
2024,todas as atividades,Rio de Janeiro,513405,Garçom,7010,1590.8,1497.45,1572.32,1573.0,1752.52,44.0,False,12,False,1412.0,1.127,5.15,0.73
2025,todas as atividades,Rio de Janeiro,513405,Garçom,8009,1698.19,1572.32,1658.8,1680.0,1781.63,44.0,False,12,False,1518.0,1.119,6.75,1.66
2026,todas as atividades,Rio de Janeiro,513405,Garçom,5009,1819.38,1658.8,1680.0,1800.0,1842.65,44.0,False,7,True,1621.0,1.122,7.14,3.42
2021,todas as atividades,Rio de Janeiro,513415,Cumim,2027,1290.22,1203.6,1283.73,1287.13,1672.39,44.0,False,12,False,1100.0,1.173,,
2022,todas as atividades,Rio de Janeiro,513415,Cumim,2840,1373.46,1287.13,1385.88,1426.14,1651.72,44.0,False,12,False,1212.0,1.133,6.45,-1.24
2023,todas as atividades,Rio de Janeiro,513415,Cumim,3333,1480.06,1426.14,1497.45,1497.45,1701.72,44.0,False,12,False,1314.0,1.126,7.76,3.03
2024,todas as atividades,Rio de Janeiro,513415,Cumim,3220,1555.11,1497.45,1572.32,1572.32,1713.71,44.0,False,12,False,1412.0,1.101,5.07,0.7
2025,todas as atividades,Rio de Janeiro,513415,Cumim,3520,1652.01,1572.32,1658.8,1658.8,1733.78,44.0,False,12,False,1518.0,1.088,6.23,1.17
2026,todas as atividades,Rio de Janeiro,513415,Cumim,2174,1720.61,1658.8,1660.0,1733.45,1741.05,44.0,False,7,True,1621.0,1.061,4.15,0.42
2021,todas as atividades,Rio de Janeiro,513420,Barman,1124,1389.62,1283.34,1309.05,1396.18,1808.41,44.0,False,12,False,1100.0,1.263,,
2022,todas as atividades,Rio de Janeiro,513420,Barman,1538,1453.6,1300.0,1400.0,1520.61,1748.52,44.0,False,12,False,1212.0,1.199,4.6,-3.31
2023,todas as atividades,Rio de Janeiro,513420,Barman,1626,1567.03,1477.67,1521.34,1596.64,1801.41,44.0,False,12,False,1314.0,1.193,7.8,3.02
2024,todas as atividades,Rio de Janeiro,513420,Barman,1672,1660.32,1562.19,1676.47,1676.47,1828.88,44.0,False,12,False,1412.0,1.176,5.95,1.52
2025,todas as atividades,Rio de Janeiro,513420,Barman,1732,1878.2,1676.47,1768.67,1800.0,1972.04,44.0,False,12,False,1518.0,1.237,13.12,7.83
2026,todas as atividades,Rio de Janeiro,513420,Barman,1147,1902.04,1768.66,1800.0,1900.0,1925.17,44.0,False,7,True,1621.0,1.173,1.27,-2.38
2021,todas as atividades,Rio de Janeiro,513435,Atendente de lanchonete,10007,1237.43,1146.33,1210.12,1287.13,1613.65,44.0,False,12,False,1100.0,1.125,,
2022,todas as atividades,Rio de Janeiro,513435,Atendente de lanchonete,13881,1310.65,1224.0,1287.13,1321.31,1575.3,44.0,False,12,False,1212.0,1.081,5.92,-2.38
2023,todas as atividades,Rio de Janeiro,513435,Atendente de lanchonete,14672,1398.29,1320.0,1350.82,1450.0,1607.4,44.0,False,12,False,1314.0,1.064,6.69,2.04
2024,todas as atividades,Rio de Janeiro,513435,Atendente de lanchonete,16344,1509.8,1428.0,1491.5,1560.0,1662.51,44.0,False,12,False,1412.0,1.069,7.97,3.43
2025,todas as atividades,Rio de Janeiro,513435,Atendente de lanchonete,18103,1606.75,1518.0,1560.0,1658.8,1685.44,44.0,False,12,False,1518.0,1.058,6.42,1.38
2026,todas as atividades,Rio de Janeiro,513435,Atendente de lanchonete,12456,1692.56,1621.0,1629.1,1800.0,1712.13,44.0,False,7,True,1621.0,1.044,5.34,1.58
2021,todas as atividades,Rio de Janeiro,513505,Auxiliar nos serviços de alimentação,8626,1295.91,1206.0,1283.73,1359.6,1692.0,44.0,False,12,False,1100.0,1.178,,
2022,todas as atividades,Rio de Janeiro,513505,Auxiliar nos serviços de alimentação,12931,1368.05,1283.73,1303.86,1438.42,1644.75,44.0,False,12,False,1212.0,1.129,5.57,-2.79
2023,todas as atividades,Rio de Janeiro,513505,Auxiliar nos serviços de alimentação,15099,1455.13,1320.82,1435.02,1524.4,1672.33,44.0,False,12,False,1314.0,1.107,6.37,1.68
2024,todas as atividades,Rio de Janeiro,513505,Auxiliar nos serviços de alimentação,17316,1563.31,1440.0,1560.0,1610.0,1721.84,44.0,False,12,False,1412.0,1.107,7.43,2.96
2025,todas as atividades,Rio de Janeiro,513505,Auxiliar nos serviços de alimentação,18134,1663.07,1530.0,1618.0,1776.4,1744.79,44.0,False,12,False,1518.0,1.096,6.38,1.33
2026,todas as atividades,Rio de Janeiro,513505,Auxiliar nos serviços de alimentação,12227,1768.53,1622.4,1725.0,1835.5,1788.94,44.0,False,7,True,1621.0,1.091,6.34,2.53
2021,todas as atividades,Rio de Janeiro,514320,Faxineiro,27884,1284.19,1239.0,1288.8,1301.0,1682.48,44.0,False,12,False,1100.0,1.167,,
2022,todas as atividades,Rio de Janeiro,514320,Faxineiro,37277,1368.66,1300.0,1361.0,1430.0,1645.23,44.0,False,12,False,1212.0,1.129,6.58,-2.21
2023,todas as atividades,Rio de Janeiro,514320,Faxineiro,39622,1464.52,1400.0,1469.92,1516.0,1683.09,44.0,False,12,False,1314.0,1.115,7.0,2.3
2024,todas as atividades,Rio de Janeiro,514320,Faxineiro,46488,1552.21,1491.84,1541.23,1610.0,1710.84,44.0,False,12,False,1412.0,1.099,5.99,1.65
2025,todas as atividades,Rio de Janeiro,514320,Faxineiro,47388,1660.22,1590.0,1630.6,1730.75,1741.37,44.0,False,12,False,1518.0,1.094,6.96,1.78
2026,todas as atividades,Rio de Janeiro,514320,Faxineiro,32037,1750.16,1682.7,1730.75,1810.0,1769.03,44.0,False,7,True,1621.0,1.08,5.42,1.59
2021,todas as atividades,Rio de Janeiro,521140,Atendente de lojas e mercados,12228,1284.09,1238.11,1283.73,1329.54,1674.48,44.0,False,12,False,1100.0,1.167,,
2022,todas as atividades,Rio de Janeiro,521140,Atendente de lojas e mercados,17187,1375.2,1294.0,1361.0,1439.0,1649.64,44.0,False,12,False,1212.0,1.135,7.1,-1.48
2023,todas as atividades,Rio de Janeiro,521140,Atendente de lojas e mercados,21132,1479.91,1388.0,1450.0,1556.7,1698.14,44.0,False,12,False,1314.0,1.126,7.61,2.94
2024,todas as atividades,Rio de Janeiro,521140,Atendente de lojas e mercados,25108,1564.84,1464.0,1550.0,1616.32,1719.62,44.0,False,12,False,1412.0,1.108,5.74,1.26
2025,todas as atividades,Rio de Janeiro,521140,Atendente de lojas e mercados,27024,1663.28,1560.0,1620.0,1719.0,1742.32,44.0,False,12,False,1518.0,1.096,6.29,1.32
2026,todas as atividades,Rio de Janeiro,521140,Atendente de lojas e mercados,15349,1749.37,1621.0,1712.0,1810.0,1767.96,44.0,False,7,True,1621.0,1.079,5.18,1.47
2021,todas as atividades,Salvador,141510,Gerente de restaurante,142,2345.94,1500.0,1767.87,2500.0,3085.24,44.0,False,12,False,1100.0,2.133,,
2022,todas as atividades,Salvador,141510,Gerente de restaurante,192,2110.83,1500.0,1800.0,2400.0,2536.49,44.0,False,12,False,1212.0,1.742,-10.02,-17.79
2023,todas as atividades,Salvador,141510,Gerente de restaurante,165,2330.51,1565.4,2000.0,2600.0,2679.89,44.0,False,12,False,1314.0,1.774,10.41,5.65
2024,todas as atividades,Salvador,141510,Gerente de restaurante,187,2521.56,1737.92,2152.63,3000.0,2779.27,44.0,False,12,False,1412.0,1.786,8.2,3.71
2025,todas as atividades,Salvador,141510,Gerente de restaurante,188,2665.46,1813.98,2291.26,3036.0,2800.42,44.0,False,12,False,1518.0,1.756,5.71,0.76
2026,todas as atividades,Salvador,141510,Gerente de restaurante,108,2964.97,2000.0,2500.0,3500.0,2999.55,44.0,False,7,True,1621.0,1.829,11.24,7.11
2021,todas as atividades,Salvador,141515,Gerente de bar,25,1705.54,1300.0,1500.0,2000.0,2225.73,44.0,True,12,False,1100.0,1.55,,
2022,todas as atividades,Salvador,141515,Gerente de bar,46,2164.08,1407.15,1714.98,2275.0,2599.37,44.0,False,12,False,1212.0,1.786,26.89,16.79
2023,todas as atividades,Salvador,141515,Gerente de bar,23,2298.08,1590.0,2200.0,2500.0,2650.5,44.0,True,12,False,1314.0,1.749,6.19,1.97
2024,todas as atividades,Salvador,141515,Gerente de bar,32,2297.65,1600.0,2000.0,2516.68,2524.38,44.0,False,12,False,1412.0,1.627,-0.02,-4.76
2025,todas as atividades,Salvador,141515,Gerente de bar,18,2509.79,2022.5,2500.0,2634.08,2636.76,44.0,True,12,False,1518.0,1.653,9.23,4.45
2026,todas as atividades,Salvador,141515,Gerente de bar,15,2989.17,2500.0,2700.0,3550.0,3028.61,44.0,True,7,True,1621.0,1.844,19.1,14.86
2021,todas as atividades,Salvador,371410,Recreador,56,1341.98,1188.0,1265.0,1348.0,1720.98,44.0,False,12,False,1100.0,1.22,,
2022,todas as atividades,Salvador,371410,Recreador,83,1413.9,1232.0,1283.32,1401.81,1696.74,44.0,False,12,False,1212.0,1.167,5.36,-1.41
2023,todas as atividades,Salvador,371410,Recreador,132,1456.76,1320.0,1414.67,1477.64,1674.25,44.0,False,12,False,1314.0,1.109,3.03,-1.33
2024,todas as atividades,Salvador,371410,Recreador,109,1716.87,1437.0,1492.63,1847.48,1890.47,44.0,False,12,False,1412.0,1.216,17.86,12.91
2025,todas as atividades,Salvador,371410,Recreador,112,1766.44,1518.0,1580.5,1700.38,1859.26,44.0,False,12,False,1518.0,1.164,2.89,-1.65
2026,todas as atividades,Salvador,371410,Recreador,56,1711.13,1621.0,1650.09,1713.11,1738.28,44.0,False,7,True,1621.0,1.056,-3.13,-6.51
2021,todas as atividades,Salvador,421125,Operador de caixa,3634,1183.49,1100.0,1190.27,1247.87,1547.4,44.0,False,12,False,1100.0,1.076,,
2022,todas as atividades,Salvador,421125,Operador de caixa,4658,1311.44,1212.0,1284.15,1401.0,1575.37,44.0,False,12,False,1212.0,1.082,10.81,1.81
2023,todas as atividades,Salvador,421125,Operador de caixa,4413,1428.1,1340.0,1422.83,1478.68,1639.33,44.0,False,12,False,1314.0,1.087,8.9,4.06
2024,todas as atividades,Salvador,421125,Operador de caixa,4739,1525.39,1436.5,1511.0,1582.66,1679.04,44.0,False,12,False,1412.0,1.08,6.81,2.42
2025,todas as atividades,Salvador,421125,Operador de caixa,4730,1636.06,1518.0,1611.5,1700.0,1714.63,44.0,False,12,False,1518.0,1.078,7.26,2.12
2026,todas as atividades,Salvador,421125,Operador de caixa,2648,1720.79,1621.0,1700.0,1814.16,1739.63,44.0,False,7,True,1621.0,1.062,5.18,1.46
2021,todas as atividades,Salvador,513205,Cozinheiro geral,1710,1292.54,1100.0,1200.0,1374.86,1684.75,44.0,False,12,False,1100.0,1.175,,
2022,todas as atividades,Salvador,513205,Cozinheiro geral,2410,1351.38,1218.26,1245.05,1400.64,1624.6,44.0,False,12,False,1212.0,1.115,4.55,-3.57
2023,todas as atividades,Salvador,513205,Cozinheiro geral,2306,1466.57,1322.0,1379.4,1536.18,1686.37,44.0,False,12,False,1314.0,1.116,8.52,3.8
2024,todas as atividades,Salvador,513205,Cozinheiro geral,3535,1538.35,1434.14,1447.29,1570.5,1699.43,44.0,False,12,False,1412.0,1.089,4.89,0.77
2025,todas as atividades,Salvador,513205,Cozinheiro geral,3729,1662.45,1537.83,1551.93,1704.0,1745.6,44.0,False,12,False,1518.0,1.095,8.07,2.72
2026,todas as atividades,Salvador,513205,Cozinheiro geral,2385,1761.14,1625.09,1683.84,1800.0,1783.02,44.0,False,7,True,1621.0,1.086,5.94,2.14
2021,todas as atividades,Salvador,513405,Garçom,1117,1149.42,1100.0,1120.0,1133.0,1493.24,44.0,False,12,False,1100.0,1.045,,
2022,todas as atividades,Salvador,513405,Garçom,1428,1263.9,1232.0,1235.0,1250.0,1519.03,44.0,False,12,False,1212.0,1.043,9.96,1.73
2023,todas as atividades,Salvador,513405,Garçom,1683,1362.92,1322.0,1340.0,1340.0,1566.52,44.0,False,12,False,1314.0,1.037,7.83,3.13
2024,todas as atividades,Salvador,513405,Garçom,1680,1464.04,1432.0,1437.0,1437.0,1611.39,44.0,False,12,False,1412.0,1.037,7.42,2.86
2025,todas as atividades,Salvador,513405,Garçom,1957,1609.64,1543.0,1600.0,1625.09,1690.01,44.0,False,12,False,1518.0,1.06,9.95,4.88
2026,todas as atividades,Salvador,513405,Garçom,1057,1660.26,1625.09,1625.09,1650.0,1679.2,44.0,False,7,True,1621.0,1.024,3.14,-0.64
2021,todas as atividades,Salvador,513415,Cumim,318,1127.26,1100.0,1120.0,1132.7,1459.46,44.0,False,12,False,1100.0,1.025,,
2022,todas as atividades,Salvador,513415,Cumim,464,1244.36,1232.0,1235.0,1235.0,1496.78,44.0,False,12,False,1212.0,1.027,10.39,2.56
2023,todas as atividades,Salvador,513415,Cumim,531,1347.41,1322.0,1340.0,1340.0,1549.56,44.0,False,12,False,1314.0,1.025,8.28,3.53
2024,todas as atividades,Salvador,513415,Cumim,629,1443.74,1437.0,1437.0,1437.0,1589.14,44.0,False,12,False,1412.0,1.022,7.15,2.55
2025,todas as atividades,Salvador,513415,Cumim,742,1584.51,1543.0,1625.09,1625.09,1663.61,44.0,False,12,False,1518.0,1.044,9.75,4.69
2026,todas as atividades,Salvador,513415,Cumim,352,1639.12,1625.09,1625.09,1646.0,1657.67,44.0,False,7,True,1621.0,1.011,3.45,-0.36
2021,todas as atividades,Salvador,513420,Barman,219,1164.56,1100.0,1120.0,1200.0,1514.99,44.0,False,12,False,1100.0,1.059,,
2022,todas as atividades,Salvador,513420,Barman,297,1284.69,1232.0,1235.0,1322.62,1544.21,44.0,False,12,False,1212.0,1.06,10.32,1.93
2023,todas as atividades,Salvador,513420,Barman,301,1362.39,1322.0,1340.0,1346.0,1568.14,44.0,False,12,False,1314.0,1.037,6.05,1.55
2024,todas as atividades,Salvador,513420,Barman,354,1475.2,1437.0,1437.0,1460.28,1623.0,44.0,False,12,False,1412.0,1.045,8.28,3.5
2025,todas as atividades,Salvador,513420,Barman,364,1686.12,1543.0,1625.09,1700.0,1765.09,44.0,False,12,False,1518.0,1.111,14.3,8.75
2026,todas as atividades,Salvador,513420,Barman,218,1681.05,1625.09,1625.09,1706.34,1700.07,44.0,False,7,True,1621.0,1.037,-0.3,-3.68
2021,todas as atividades,Salvador,513435,Atendente de lanchonete,1714,1124.28,1100.0,1100.0,1120.0,1464.22,44.0,False,12,False,1100.0,1.022,,
2022,todas as atividades,Salvador,513435,Atendente de lanchonete,2520,1244.93,1212.0,1232.0,1235.0,1495.94,44.0,False,12,False,1212.0,1.027,10.73,2.17
2023,todas as atividades,Salvador,513435,Atendente de lanchonete,2832,1343.06,1320.0,1340.0,1340.0,1543.24,44.0,False,12,False,1314.0,1.022,7.88,3.16
2024,todas as atividades,Salvador,513435,Atendente de lanchonete,3219,1442.0,1412.0,1437.0,1437.0,1587.77,44.0,False,12,False,1412.0,1.021,7.37,2.89
2025,todas as atividades,Salvador,513435,Atendente de lanchonete,3710,1572.32,1518.0,1543.0,1625.09,1649.25,44.0,False,12,False,1518.0,1.036,9.04,3.87
2026,todas as atividades,Salvador,513435,Atendente de lanchonete,2340,1637.53,1621.0,1625.09,1646.0,1656.18,44.0,False,7,True,1621.0,1.01,4.15,0.42
2021,todas as atividades,Salvador,513505,Auxiliar nos serviços de alimentação,1957,1154.41,1100.0,1120.0,1200.0,1507.39,44.0,False,12,False,1100.0,1.049,,
2022,todas as atividades,Salvador,513505,Auxiliar nos serviços de alimentação,2997,1272.98,1212.0,1235.0,1293.0,1530.7,44.0,False,12,False,1212.0,1.05,10.27,1.55
2023,todas as atividades,Salvador,513505,Auxiliar nos serviços de alimentação,3378,1366.21,1320.0,1340.0,1379.64,1569.94,44.0,False,12,False,1314.0,1.04,7.32,2.56
2024,todas as atividades,Salvador,513505,Auxiliar nos serviços de alimentação,3590,1470.8,1423.62,1437.0,1477.67,1620.19,44.0,False,12,False,1412.0,1.042,7.66,3.2
2025,todas as atividades,Salvador,513505,Auxiliar nos serviços de alimentação,4366,1602.77,1531.43,1580.0,1625.1,1680.99,44.0,False,12,False,1518.0,1.056,8.97,3.75
2026,todas as atividades,Salvador,513505,Auxiliar nos serviços de alimentação,3050,1684.19,1625.09,1649.49,1703.44,1702.91,44.0,False,7,True,1621.0,1.039,5.08,1.3
2021,todas as atividades,Salvador,514320,Faxineiro,8701,1130.2,1100.0,1100.0,1146.19,1480.42,44.0,False,12,False,1100.0,1.027,,
2022,todas as atividades,Salvador,514320,Faxineiro,11028,1247.41,1212.0,1212.03,1262.14,1500.82,44.0,False,12,False,1212.0,1.029,10.37,1.38
2023,todas as atividades,Salvador,514320,Faxineiro,10509,1349.38,1320.0,1321.11,1349.0,1551.19,44.0,False,12,False,1314.0,1.027,8.17,3.36
2024,todas as atividades,Salvador,514320,Faxineiro,13126,1447.85,1412.0,1426.8,1450.0,1597.09,44.0,False,12,False,1412.0,1.025,7.3,2.96
2025,todas as atividades,Salvador,514320,Faxineiro,15931,1552.37,1518.0,1530.0,1552.0,1634.31,44.0,False,12,False,1518.0,1.023,7.22,2.33
2026,todas as atividades,Salvador,514320,Faxineiro,8992,1662.46,1621.0,1653.0,1660.0,1681.12,44.0,False,7,True,1621.0,1.026,7.09,2.86
2021,todas as atividades,Salvador,521140,Atendente de lojas e mercados,3015,1121.73,1100.0,1100.0,1208.95,1464.44,44.0,False,12,False,1100.0,1.02,,
2022,todas as atividades,Salvador,521140,Atendente de lojas e mercados,4286,1259.61,1212.0,1245.0,1361.0,1513.57,44.0,False,12,False,1212.0,1.039,12.29,3.35
2023,todas as atividades,Salvador,521140,Atendente de lojas e mercados,4641,1383.61,1320.0,1370.53,1477.64,1588.52,44.0,False,12,False,1314.0,1.053,9.84,4.95
2024,todas as atividades,Salvador,521140,Atendente de lojas e mercados,5392,1481.04,1412.0,1437.0,1581.0,1629.68,44.0,False,12,False,1412.0,1.049,7.04,2.59
2025,todas as atividades,Salvador,521140,Atendente de lojas e mercados,6168,1616.54,1518.0,1592.0,1700.0,1694.26,44.0,False,12,False,1518.0,1.065,9.15,3.96
2026,todas as atividades,Salvador,521140,Atendente de lojas e mercados,4011,1693.39,1621.0,1646.0,1703.44,1711.94,44.0,False,7,True,1621.0,1.045,4.75,1.04
2021,todas as atividades,São Luís,141510,Gerente de restaurante,29,2435.65,1500.0,1800.0,3603.87,3230.93,44.0,True,12,False,1100.0,2.214,,
2022,todas as atividades,São Luís,141510,Gerente de restaurante,27,3310.42,1650.0,2136.47,3500.0,3981.45,44.0,True,12,False,1212.0,2.731,35.92,23.23
2023,todas as atividades,São Luís,141510,Gerente de restaurante,35,2084.71,1500.0,1995.3,2448.8,2403.54,44.0,False,12,False,1314.0,1.587,-37.03,-39.63
2024,todas as atividades,São Luís,141510,Gerente de restaurante,59,3013.52,1700.0,2297.67,4006.75,3309.26,44.0,False,12,False,1412.0,2.134,44.55,37.68
2025,todas as atividades,São Luís,141510,Gerente de restaurante,60,2570.66,1788.6,2241.88,3000.0,2689.19,44.0,False,12,False,1518.0,1.693,-14.7,-18.74
2026,todas as atividades,São Luís,141510,Gerente de restaurante,31,2798.56,2000.0,2267.29,3000.0,2827.02,44.0,False,7,True,1621.0,1.726,8.87,5.13
2021,todas as atividades,São Luís,141515,Gerente de bar,4,2094.12,1825.0,2250.0,2519.12,2804.35,44.0,True,12,False,1100.0,1.904,,
2022,todas as atividades,São Luís,141515,Gerente de bar,15,1557.44,1250.0,1336.23,1712.0,1872.99,44.0,True,12,False,1212.0,1.285,-25.63,-33.21
2023,todas as atividades,São Luís,141515,Gerente de bar,5,1546.45,1414.2,1417.22,1500.0,1774.95,44.0,True,12,False,1314.0,1.177,-0.71,-5.23
2024,todas as atividades,São Luís,141515,Gerente de bar,9,1585.17,1447.0,1533.82,1590.7,1750.48,44.0,True,12,False,1412.0,1.123,2.5,-1.38
2025,todas as atividades,São Luís,141515,Gerente de bar,9,2111.62,1686.14,1800.0,2200.0,2208.81,44.0,True,12,False,1518.0,1.391,33.21,26.18
2026,todas as atividades,São Luís,141515,Gerente de bar,3,2287.47,2132.76,2500.0,2548.45,2313.28,44.0,True,7,True,1621.0,1.411,8.33,4.73
2021,todas as atividades,São Luís,371410,Recreador,25,1171.3,1132.05,1195.1,1195.1,1516.28,44.0,True,12,False,1100.0,1.065,,
2022,todas as atividades,São Luís,371410,Recreador,21,1318.65,1333.2,1333.2,1336.23,1587.39,44.0,True,12,False,1212.0,1.088,12.58,4.69
2023,todas as atividades,São Luís,371410,Recreador,46,1391.53,1320.0,1337.0,1417.22,1599.1,44.0,False,12,False,1314.0,1.059,5.53,0.74
2024,todas as atividades,São Luís,371410,Recreador,68,1558.02,1412.0,1550.57,1590.7,1711.94,44.0,False,12,False,1412.0,1.103,11.96,7.06
2025,todas as atividades,São Luís,371410,Recreador,63,1781.65,1556.37,1665.59,1686.14,1866.37,44.0,False,12,False,1518.0,1.174,14.35,9.02
2026,todas as atividades,São Luís,371410,Recreador,35,1717.53,1647.06,1787.3,1787.3,1727.95,44.0,False,7,True,1621.0,1.06,-3.6,-7.42
2021,todas as atividades,São Luís,421125,Operador de caixa,1175,1227.01,1188.75,1251.7,1251.7,1610.02,44.0,False,12,False,1100.0,1.115,,
2022,todas as atividades,São Luís,421125,Operador de caixa,1426,1348.35,1311.32,1345.67,1389.38,1619.67,44.0,False,12,False,1212.0,1.112,9.89,0.6
2023,todas as atividades,São Luís,421125,Operador de caixa,1812,1433.72,1389.38,1420.13,1486.64,1646.87,44.0,False,12,False,1314.0,1.091,6.33,1.68
2024,todas as atividades,São Luís,421125,Operador de caixa,2042,1556.68,1482.6,1590.7,1590.7,1714.13,44.0,False,12,False,1412.0,1.102,8.58,4.08
2025,todas as atividades,São Luís,421125,Operador de caixa,2320,1650.14,1590.7,1665.59,1686.14,1729.78,44.0,False,12,False,1518.0,1.087,6.0,0.91
2026,todas as atividades,São Luís,421125,Operador de caixa,1216,1724.1,1621.0,1736.72,1787.3,1741.1,44.0,False,7,True,1621.0,1.064,4.48,0.65
2021,todas as atividades,São Luís,513205,Cozinheiro geral,513,1285.23,1171.67,1195.1,1300.0,1687.09,44.0,False,12,False,1100.0,1.168,,
2022,todas as atividades,São Luís,513205,Cozinheiro geral,805,1385.46,1278.0,1336.23,1400.0,1665.5,44.0,False,12,False,1212.0,1.143,7.8,-1.28
2023,todas as atividades,São Luís,513205,Cozinheiro geral,781,1460.04,1337.0,1417.22,1486.64,1677.59,44.0,False,12,False,1314.0,1.111,5.38,0.73
2024,todas as atividades,São Luís,513205,Cozinheiro geral,920,1570.68,1447.0,1533.82,1590.7,1731.07,44.0,False,12,False,1412.0,1.112,7.58,3.19
2025,todas as atividades,São Luís,513205,Cozinheiro geral,1147,1688.05,1530.0,1596.36,1669.88,1767.49,44.0,False,12,False,1518.0,1.112,7.47,2.1
2026,todas as atividades,São Luís,513205,Cozinheiro geral,539,1778.18,1665.59,1665.59,1787.35,1800.27,44.0,False,7,True,1621.0,1.097,5.34,1.85
2021,todas as atividades,São Luís,513405,Garçom,288,1215.63,1171.67,1195.1,1200.0,1589.04,44.0,False,12,False,1100.0,1.105,,
2022,todas as atividades,São Luís,513405,Garçom,465,1450.07,1272.6,1336.23,1336.57,1741.51,44.0,False,12,False,1212.0,1.196,19.29,9.6
2023,todas as atividades,São Luís,513405,Garçom,388,1430.42,1337.0,1417.22,1417.22,1644.59,44.0,False,12,False,1314.0,1.089,-1.36,-5.57
2024,todas as atividades,São Luís,513405,Garçom,640,1508.84,1447.0,1489.0,1533.82,1662.73,44.0,False,12,False,1412.0,1.069,5.48,1.1
2025,todas as atividades,São Luís,513405,Garçom,597,1683.67,1553.0,1665.59,1665.59,1764.74,44.0,False,12,False,1518.0,1.109,11.59,6.14
2026,todas as atividades,São Luís,513405,Garçom,269,1740.91,1665.59,1665.59,1765.52,1760.69,44.0,False,7,True,1621.0,1.074,3.4,-0.23
2021,todas as atividades,São Luís,513415,Cumim,68,1167.16,1132.07,1171.67,1195.1,1530.4,44.0,False,12,False,1100.0,1.061,,
2022,todas as atividades,São Luís,513415,Cumim,115,1330.05,1333.2,1336.23,1336.23,1600.02,44.0,False,12,False,1212.0,1.097,13.96,4.55
2023,todas as atividades,São Luís,513415,Cumim,103,1394.23,1337.0,1417.22,1417.22,1600.34,44.0,False,12,False,1314.0,1.061,4.83,0.02
2024,todas as atividades,São Luís,513415,Cumim,179,1509.93,1447.0,1533.82,1533.82,1663.02,44.0,False,12,False,1412.0,1.069,8.3,3.92
2025,todas as atividades,São Luís,513415,Cumim,200,1633.1,1553.0,1665.59,1665.59,1712.38,44.0,False,12,False,1518.0,1.076,8.16,2.97
2026,todas as atividades,São Luís,513415,Cumim,77,1736.1,1665.59,1665.59,1665.59,1750.12,44.0,False,7,True,1621.0,1.071,6.31,2.2
2021,todas as atividades,São Luís,513420,Barman,64,1232.7,1171.67,1195.1,1214.85,1605.14,44.0,False,12,False,1100.0,1.121,,
2022,todas as atividades,São Luís,513420,Barman,81,1361.03,1272.6,1336.23,1336.23,1638.55,44.0,False,12,False,1212.0,1.123,10.41,2.08
2023,todas as atividades,São Luís,513420,Barman,98,1424.08,1337.0,1417.22,1417.22,1636.91,44.0,False,12,False,1314.0,1.084,4.63,-0.1
2024,todas as atividades,São Luís,513420,Barman,165,1521.66,1447.0,1533.82,1533.82,1675.26,44.0,False,12,False,1412.0,1.078,6.85,2.34
2025,todas as atividades,São Luís,513420,Barman,124,1656.92,1553.0,1665.59,1665.59,1740.82,44.0,False,12,False,1518.0,1.092,8.89,3.91
2026,todas as atividades,São Luís,513420,Barman,62,1713.11,1665.59,1665.59,1695.46,1736.0,44.0,False,7,True,1621.0,1.057,3.39,-0.28
2021,todas as atividades,São Luís,513435,Atendente de lanchonete,633,1183.21,1132.05,1188.75,1195.1,1549.3,44.0,False,12,False,1100.0,1.076,,
2022,todas as atividades,São Luís,513435,Atendente de lanchonete,1075,1303.81,1272.6,1336.23,1336.23,1566.62,44.0,False,12,False,1212.0,1.076,10.19,1.12
2023,todas as atividades,São Luís,513435,Atendente de lanchonete,1003,1386.06,1337.0,1405.51,1417.22,1593.1,44.0,False,12,False,1314.0,1.055,6.31,1.69
2024,todas as atividades,São Luís,513435,Atendente de lanchonete,1250,1483.61,1447.0,1464.11,1533.82,1635.44,44.0,False,12,False,1412.0,1.051,7.04,2.66
2025,todas as atividades,São Luís,513435,Atendente de lanchonete,1405,1606.18,1553.0,1590.28,1665.59,1682.34,44.0,False,12,False,1518.0,1.058,8.26,2.87
2026,todas as atividades,São Luís,513435,Atendente de lanchonete,804,1677.47,1663.88,1665.59,1689.0,1696.01,44.0,False,7,True,1621.0,1.035,4.44,0.81
2021,todas as atividades,São Luís,513505,Auxiliar nos serviços de alimentação,754,1186.77,1132.05,1171.67,1195.1,1556.52,44.0,False,12,False,1100.0,1.079,,
2022,todas as atividades,São Luís,513505,Auxiliar nos serviços de alimentação,1176,1299.21,1214.85,1313.57,1336.23,1562.95,44.0,False,12,False,1212.0,1.072,9.47,0.41
2023,todas as atividades,São Luís,513505,Auxiliar nos serviços de alimentação,1158,1391.92,1336.23,1405.51,1417.22,1599.28,44.0,False,12,False,1314.0,1.059,7.14,2.32
2024,todas as atividades,São Luís,513505,Auxiliar nos serviços de alimentação,1654,1495.23,1435.12,1452.22,1533.82,1644.66,44.0,False,12,False,1412.0,1.059,7.42,2.84
2025,todas as atividades,São Luís,513505,Auxiliar nos serviços de alimentação,1654,1622.55,1550.0,1602.96,1665.59,1701.09,44.0,False,12,False,1518.0,1.069,8.52,3.43
2026,todas as atividades,São Luís,513505,Auxiliar nos serviços de alimentação,1150,1699.3,1665.59,1665.59,1716.0,1720.09,44.0,False,7,True,1621.0,1.048,4.73,1.12
2021,todas as atividades,São Luís,514320,Faxineiro,3389,1147.88,1100.0,1111.77,1195.1,1502.37,44.0,False,12,False,1100.0,1.044,,
2022,todas as atividades,São Luís,514320,Faxineiro,4709,1253.88,1212.0,1224.73,1260.48,1506.56,44.0,False,12,False,1212.0,1.035,9.23,0.28
2023,todas as atividades,São Luís,514320,Faxineiro,5042,1354.95,1320.0,1341.08,1360.78,1556.74,44.0,False,12,False,1314.0,1.031,8.06,3.33
2024,todas as atividades,São Luís,514320,Faxineiro,4814,1458.31,1412.0,1429.59,1471.8,1606.87,44.0,False,12,False,1412.0,1.033,7.63,3.22
2025,todas as atividades,São Luís,514320,Faxineiro,4802,1565.22,1518.0,1530.0,1570.8,1640.99,44.0,False,12,False,1518.0,1.031,7.33,2.12
2026,todas as atividades,São Luís,514320,Faxineiro,3913,1649.02,1621.0,1621.0,1637.55,1669.78,44.0,False,7,True,1621.0,1.017,5.35,1.75
2021,todas as atividades,São Luís,521140,Atendente de lojas e mercados,792,1227.95,1188.75,1251.7,1251.7,1604.65,44.0,False,12,False,1100.0,1.116,,
2022,todas as atividades,São Luís,521140,Atendente de lojas e mercados,1809,1323.79,1212.0,1313.57,1389.38,1584.32,44.0,False,12,False,1212.0,1.092,7.8,-1.27
2023,todas as atividades,São Luís,521140,Atendente de lojas e mercados,2226,1417.23,1320.0,1406.0,1486.64,1628.14,44.0,False,12,False,1314.0,1.079,7.06,2.77
2024,todas as atividades,São Luís,521140,Atendente de lojas e mercados,3260,1566.19,1435.0,1533.82,1590.7,1720.39,44.0,False,12,False,1412.0,1.109,10.51,5.67
2025,todas as atividades,São Luís,521140,Atendente de lojas e mercados,3008,1651.06,1525.0,1669.88,1686.14,1732.46,44.0,False,12,False,1518.0,1.088,5.42,0.7
2026,todas as atividades,São Luís,521140,Atendente de lojas e mercados,1550,1742.13,1621.0,1787.3,1787.3,1762.52,44.0,False,7,True,1621.0,1.075,5.52,1.74
2021,todas as atividades,São Paulo,141510,Gerente de restaurante,1550,2778.75,1800.0,2300.0,3242.12,3625.94,44.0,False,12,False,1100.0,2.526,,
2022,todas as atividades,São Paulo,141510,Gerente de restaurante,2153,2906.36,1971.0,2500.0,3375.25,3493.62,44.0,False,12,False,1212.0,2.398,4.59,-3.65
2023,todas as atividades,São Paulo,141510,Gerente de restaurante,2227,2934.64,2000.0,2500.0,3500.0,3373.54,44.0,False,12,False,1314.0,2.233,0.97,-3.44
2024,todas as atividades,São Paulo,141510,Gerente de restaurante,2441,3165.63,2221.61,2734.0,3613.34,3487.63,44.0,False,12,False,1412.0,2.242,7.87,3.38
2025,todas as atividades,São Paulo,141510,Gerente de restaurante,2749,3450.91,2500.0,3000.0,4000.0,3617.39,44.0,False,12,False,1518.0,2.273,9.01,3.72
2026,todas as atividades,São Paulo,141510,Gerente de restaurante,1951,3534.87,2600.0,3000.0,3913.09,3573.55,44.0,False,7,True,1621.0,2.181,2.43,-1.21
2021,todas as atividades,São Paulo,141515,Gerente de bar,470,2405.26,1600.0,2000.0,2500.0,3139.35,44.0,False,12,False,1100.0,2.187,,
2022,todas as atividades,São Paulo,141515,Gerente de bar,689,2887.57,1800.0,2275.0,3050.0,3470.81,44.0,False,12,False,1212.0,2.382,20.05,10.56
2023,todas as atividades,São Paulo,141515,Gerente de bar,572,2816.3,2000.0,2432.25,3100.0,3236.51,44.0,False,12,False,1314.0,2.143,-2.47,-6.75
2024,todas as atividades,São Paulo,141515,Gerente de bar,689,3049.23,2100.05,2600.0,3500.0,3353.1,44.0,False,12,False,1412.0,2.16,8.27,3.6
2025,todas as atividades,São Paulo,141515,Gerente de bar,630,3180.4,2300.0,2800.14,3562.18,3336.43,44.0,False,12,False,1518.0,2.095,4.3,-0.5
2026,todas as atividades,São Paulo,141515,Gerente de bar,396,3223.0,2437.25,3000.0,3652.52,3260.3,44.0,False,7,True,1621.0,1.988,1.34,-2.28
2021,todas as atividades,São Paulo,371410,Recreador,974,1600.49,1318.61,1535.77,1674.38,2094.13,44.0,False,12,False,1100.0,1.455,,
2022,todas as atividades,São Paulo,371410,Recreador,1702,1725.31,1400.0,1572.49,1849.34,2080.48,44.0,False,12,False,1212.0,1.424,7.8,-0.65
2023,todas as atividades,São Paulo,371410,Recreador,1765,1918.22,1547.98,1700.18,2076.67,2206.58,44.0,False,12,False,1314.0,1.46,11.18,6.06
2024,todas as atividades,São Paulo,371410,Recreador,1585,1885.2,1632.75,1790.0,2000.0,2080.27,44.0,False,12,False,1412.0,1.335,-1.72,-5.72
2025,todas as atividades,São Paulo,371410,Recreador,1526,2008.77,1732.5,1900.0,2162.59,2112.22,44.0,False,12,False,1518.0,1.323,6.55,1.54
2026,todas as atividades,São Paulo,371410,Recreador,953,2120.2,1852.0,2035.8,2278.5,2148.79,44.0,False,7,True,1621.0,1.308,5.55,1.73
2021,todas as atividades,São Paulo,421125,Operador de caixa,27642,1487.99,1392.0,1488.0,1564.0,1939.27,44.0,False,12,False,1100.0,1.353,,
2022,todas as atividades,São Paulo,421125,Operador de caixa,32640,1630.48,1517.09,1643.0,1719.0,1957.38,44.0,False,12,False,1212.0,1.345,9.58,0.93
2023,todas as atividades,São Paulo,421125,Operador de caixa,33406,1776.85,1613.45,1790.0,1815.0,2039.51,44.0,False,12,False,1314.0,1.352,8.98,4.2
2024,todas as atividades,São Paulo,421125,Operador de caixa,37645,1861.22,1750.0,1882.0,1910.0,2048.27,44.0,False,12,False,1412.0,1.318,4.75,0.43
2025,todas as atividades,São Paulo,421125,Operador de caixa,41214,1987.49,1898.4,1976.1,2029.0,2083.52,44.0,False,12,False,1518.0,1.309,6.78,1.72
2026,todas as atividades,São Paulo,421125,Operador de caixa,24315,2115.52,2100.0,2100.0,2126.9,2140.04,44.0,False,7,True,1621.0,1.305,6.44,2.71
2021,todas as atividades,São Paulo,513205,Cozinheiro geral,18893,1539.1,1313.52,1430.0,1649.92,2018.53,44.0,False,12,False,1100.0,1.399,,
2022,todas as atividades,São Paulo,513205,Cozinheiro geral,26328,1645.58,1376.75,1518.0,1800.0,1981.67,44.0,False,12,False,1212.0,1.358,6.92,-1.83
2023,todas as atividades,São Paulo,513205,Cozinheiro geral,27066,1791.05,1500.65,1655.17,1968.98,2061.54,44.0,False,12,False,1314.0,1.363,8.84,4.03
2024,todas as atividades,São Paulo,513205,Cozinheiro geral,26225,1973.14,1609.0,1850.54,2159.95,2176.91,44.0,False,12,False,1412.0,1.397,10.17,5.6
2025,todas as atividades,São Paulo,513205,Cozinheiro geral,27304,2145.48,1778.4,2000.0,2360.06,2253.19,44.0,False,12,False,1518.0,1.413,8.73,3.5
2026,todas as atividades,São Paulo,513205,Cozinheiro geral,18587,2239.18,1850.0,2092.0,2498.24,2268.0,44.0,False,7,True,1621.0,1.381,4.37,0.66
2021,todas as atividades,São Paulo,513405,Garçom,7960,1460.02,1266.9,1430.0,1500.0,1891.93,44.0,False,12,False,1100.0,1.327,,
2022,todas as atividades,São Paulo,513405,Garçom,13382,1556.48,1384.0,1517.09,1666.77,1869.92,44.0,False,12,False,1212.0,1.284,6.61,-1.16
2023,todas as atividades,São Paulo,513405,Garçom,14194,1682.83,1546.27,1609.0,1807.22,1934.1,44.0,False,12,False,1314.0,1.281,8.12,3.43
2024,todas as atividades,São Paulo,513405,Garçom,15279,1874.26,1671.73,1807.23,1980.72,2064.14,44.0,False,12,False,1412.0,1.327,11.38,6.72
2025,todas as atividades,São Paulo,513405,Garçom,15490,2020.22,1804.0,1949.05,2173.69,2118.86,44.0,False,12,False,1518.0,1.331,7.79,2.65
2026,todas as atividades,São Paulo,513405,Garçom,8938,2108.0,1826.93,2070.51,2213.0,2131.69,44.0,False,7,True,1621.0,1.3,4.35,0.61
2021,todas as atividades,São Paulo,513415,Cumim,3030,1355.63,1230.0,1291.64,1436.6,1758.51,44.0,False,12,False,1100.0,1.232,,
2022,todas as atividades,São Paulo,513415,Cumim,5176,1456.78,1305.0,1384.0,1570.03,1749.83,44.0,False,12,False,1212.0,1.202,7.46,-0.49
2023,todas as atividades,São Paulo,513415,Cumim,5935,1569.72,1384.0,1550.08,1644.41,1805.02,44.0,False,12,False,1314.0,1.195,7.75,3.15
2024,todas as atividades,São Paulo,513415,Cumim,5860,1723.55,1600.0,1671.73,1807.22,1898.92,44.0,False,12,False,1412.0,1.221,9.8,5.2
2025,todas as atividades,São Paulo,513415,Cumim,5561,1839.73,1671.73,1804.0,1925.0,1930.88,44.0,False,12,False,1518.0,1.212,6.74,1.68
2026,todas as atividades,São Paulo,513415,Cumim,3243,1928.52,1804.0,1804.0,2024.0,1949.74,44.0,False,7,True,1621.0,1.19,4.83,0.98
2021,todas as atividades,São Paulo,513420,Barman,1527,1510.15,1271.23,1430.0,1630.0,1957.28,44.0,False,12,False,1100.0,1.373,,
2022,todas as atividades,São Paulo,513420,Barman,2539,1606.9,1384.0,1517.09,1730.0,1931.11,44.0,False,12,False,1212.0,1.326,6.41,-1.34
2023,todas as atividades,São Paulo,513420,Barman,2706,1726.02,1536.1,1621.09,1834.0,1984.17,44.0,False,12,False,1314.0,1.314,7.41,2.75
2024,todas as atividades,São Paulo,513420,Barman,2920,1901.45,1671.73,1807.22,2050.0,2094.7,44.0,False,12,False,1412.0,1.347,10.16,5.57
2025,todas as atividades,São Paulo,513420,Barman,2981,2030.17,1804.0,1949.05,2200.0,2129.52,44.0,False,12,False,1518.0,1.337,6.77,1.66
2026,todas as atividades,São Paulo,513420,Barman,1785,2154.87,1804.0,2070.0,2360.06,2178.95,44.0,False,7,True,1621.0,1.329,6.14,2.32
2021,todas as atividades,São Paulo,513435,Atendente de lanchonete,20983,1374.1,1230.0,1383.0,1499.88,1790.25,44.0,False,12,False,1100.0,1.249,,
2022,todas as atividades,São Paulo,513435,Atendente de lanchonete,33049,1489.06,1304.0,1472.9,1643.0,1789.28,44.0,False,12,False,1212.0,1.229,8.37,-0.05
2023,todas as atividades,São Paulo,513435,Atendente de lanchonete,36248,1608.74,1384.0,1582.86,1791.53,1849.38,44.0,False,12,False,1314.0,1.224,8.04,3.36
2024,todas as atividades,São Paulo,513435,Atendente de lanchonete,42524,1718.91,1492.62,1671.73,1892.56,1892.67,44.0,False,12,False,1412.0,1.217,6.85,2.34
2025,todas as atividades,São Paulo,513435,Atendente de lanchonete,48753,1814.75,1608.12,1779.0,2000.0,1903.31,44.0,False,12,False,1518.0,1.195,5.58,0.56
2026,todas as atividades,São Paulo,513435,Atendente de lanchonete,32037,1908.46,1688.53,1804.0,2071.0,1930.07,44.0,False,7,True,1621.0,1.177,5.16,1.41
2021,todas as atividades,São Paulo,513505,Auxiliar nos serviços de alimentação,30591,1398.87,1266.9,1371.0,1488.0,1826.35,44.0,False,12,False,1100.0,1.272,,
2022,todas as atividades,São Paulo,513505,Auxiliar nos serviços de alimentação,43748,1507.62,1376.75,1473.0,1609.0,1813.69,44.0,False,12,False,1212.0,1.244,7.77,-0.69
2023,todas as atividades,São Paulo,513505,Auxiliar nos serviços de alimentação,51341,1638.22,1481.25,1611.73,1783.0,1883.45,44.0,False,12,False,1314.0,1.247,8.66,3.85
2024,todas as atividades,São Paulo,513505,Auxiliar nos serviços de alimentação,55979,1782.06,1612.08,1762.85,1892.56,1964.36,44.0,False,12,False,1412.0,1.262,8.78,4.3
2025,todas as atividades,São Paulo,513505,Auxiliar nos serviços de alimentação,57352,1919.07,1765.6,1902.0,2017.08,2013.95,44.0,False,12,False,1518.0,1.264,7.69,2.52
2026,todas as atividades,São Paulo,513505,Auxiliar nos serviços de alimentação,34869,2036.57,1821.0,2000.0,2130.45,2059.76,44.0,False,7,True,1621.0,1.256,6.12,2.27
2021,todas as atividades,São Paulo,514320,Faxineiro,102924,1297.49,1253.07,1253.07,1300.0,1701.1,44.0,False,12,False,1100.0,1.18,,
2022,todas as atividades,São Paulo,514320,Faxineiro,133383,1418.73,1378.0,1384.64,1430.0,1705.97,44.0,False,12,False,1212.0,1.171,9.34,0.29
2023,todas as atividades,São Paulo,514320,Faxineiro,165601,1517.87,1481.56,1481.56,1516.0,1744.82,44.0,False,12,False,1314.0,1.155,6.99,2.28
2024,todas as atividades,São Paulo,514320,Faxineiro,200831,1626.01,1590.0,1590.0,1595.62,1791.6,44.0,False,12,False,1412.0,1.152,7.12,2.68
2025,todas as atividades,São Paulo,514320,Faxineiro,208459,1750.32,1717.2,1717.2,1717.38,1836.82,44.0,False,12,False,1518.0,1.153,7.65,2.52
2026,todas as atividades,São Paulo,514320,Faxineiro,131651,1863.93,1805.43,1837.4,1837.4,1885.01,44.0,False,7,True,1621.0,1.15,6.49,2.62
2021,todas as atividades,São Paulo,521140,Atendente de lojas e mercados,36752,1486.98,1440.0,1488.0,1548.0,1935.06,44.0,False,12,False,1100.0,1.352,,
2022,todas as atividades,São Paulo,521140,Atendente de lojas e mercados,49832,1616.3,1520.0,1643.0,1671.0,1940.09,44.0,False,12,False,1212.0,1.334,8.7,0.26
2023,todas as atividades,São Paulo,521140,Atendente de lojas e mercados,62755,1718.83,1611.0,1790.0,1810.0,1973.41,44.0,False,12,False,1314.0,1.308,6.34,1.72
2024,todas as atividades,São Paulo,521140,Atendente de lojas e mercados,70306,1840.33,1750.0,1882.0,1893.26,2024.72,44.0,False,12,False,1412.0,1.303,7.07,2.6
2025,todas as atividades,São Paulo,521140,Atendente de lojas e mercados,79067,1953.58,1864.7,1976.1,2003.48,2047.9,44.0,False,12,False,1518.0,1.287,6.15,1.14
2026,todas as atividades,São Paulo,521140,Atendente de lojas e mercados,45679,2067.41,1977.0,2100.0,2120.0,2091.05,44.0,False,7,True,1621.0,1.275,5.83,2.11
2021,todas as atividades,Teresina,141510,Gerente de restaurante,30,1508.41,1135.0,1478.5,1678.31,2001.41,44.0,False,12,False,1100.0,1.371,,
2022,todas as atividades,Teresina,141510,Gerente de restaurante,31,1914.98,1306.0,1600.0,2000.0,2309.12,44.0,False,12,False,1212.0,1.58,26.95,15.37
2023,todas as atividades,Teresina,141510,Gerente de restaurante,31,1607.24,1360.0,1500.0,1730.19,1852.89,44.0,False,12,False,1314.0,1.223,-16.07,-19.76
2024,todas as atividades,Teresina,141510,Gerente de restaurante,22,2630.69,1457.0,1874.2,2978.5,2904.48,44.0,True,12,False,1412.0,1.863,63.68,56.75
2025,todas as atividades,Teresina,141510,Gerente de restaurante,38,2156.92,1576.0,1840.0,2171.1,2262.49,44.0,False,12,False,1518.0,1.421,-18.01,-22.1
2026,todas as atividades,Teresina,141510,Gerente de restaurante,18,2386.22,1925.0,2150.0,2800.0,2408.91,44.0,True,7,True,1621.0,1.472,10.63,6.47
2021,todas as atividades,Teresina,141515,Gerente de bar,3,1430.0,1145.0,1145.0,1572.5,1911.43,44.0,True,12,False,1100.0,1.3,,
2022,todas as atividades,Teresina,141515,Gerente de bar,6,1940.35,1385.81,1734.66,2414.62,2338.51,44.0,True,12,False,1212.0,1.601,35.69,22.34
2023,todas as atividades,Teresina,141515,Gerente de bar,2,1426.95,1393.48,1426.95,1460.43,1627.54,44.0,True,12,False,1314.0,1.086,-26.46,-30.4
2024,todas as atividades,Teresina,141515,Gerente de bar,4,2010.13,1551.9,1791.76,2250.0,2213.15,44.0,True,12,False,1412.0,1.424,40.87,35.98
2025,todas as atividades,Teresina,141515,Gerente de bar,5,2492.6,1568.0,2327.0,3000.0,2611.95,44.0,True,12,False,1518.0,1.642,24.0,18.02
2026,todas as atividades,Teresina,141515,Gerente de bar,3,1857.02,1735.52,1796.05,1948.02,1888.37,44.0,True,7,True,1621.0,1.146,-25.5,-27.7
2021,todas as atividades,Teresina,371410,Recreador,33,1124.15,1100.0,1135.0,1135.0,1471.0,44.0,False,12,False,1100.0,1.022,,
2022,todas as atividades,Teresina,371410,Recreador,40,1252.83,1262.0,1262.0,1262.0,1499.84,44.0,False,12,False,1212.0,1.034,11.45,1.96
2023,todas as atividades,Teresina,371410,Recreador,50,1358.87,1360.0,1360.0,1360.0,1556.9,44.0,False,12,False,1314.0,1.034,8.46,3.8
2024,todas as atividades,Teresina,371410,Recreador,66,1454.31,1453.0,1457.0,1457.0,1599.92,44.0,False,12,False,1412.0,1.03,7.02,2.76
2025,todas as atividades,Teresina,371410,Recreador,81,1562.63,1568.0,1568.0,1568.0,1634.82,44.0,False,12,False,1518.0,1.029,7.45,2.18
2026,todas as atividades,Teresina,371410,Recreador,41,1724.24,1675.0,1675.0,1675.0,1741.24,44.0,False,7,True,1621.0,1.064,10.34,6.51
2021,todas as atividades,Teresina,421125,Operador de caixa,1240,1184.94,1150.0,1161.26,1243.15,1552.33,44.0,False,12,False,1100.0,1.077,,
2022,todas as atividades,Teresina,421125,Operador de caixa,1383,1299.12,1262.0,1290.0,1369.45,1560.68,44.0,False,12,False,1212.0,1.072,9.64,0.54
2023,todas as atividades,Teresina,421125,Operador de caixa,1432,1406.68,1360.0,1387.36,1424.64,1616.52,44.0,False,12,False,1314.0,1.071,8.28,3.58
2024,todas as atividades,Teresina,421125,Operador de caixa,1622,1503.54,1457.0,1495.87,1524.0,1654.71,44.0,False,12,False,1412.0,1.065,6.89,2.36
2025,todas as atividades,Teresina,421125,Operador de caixa,1783,1613.96,1568.0,1601.48,1653.96,1691.01,44.0,False,12,False,1518.0,1.063,7.34,2.19
2026,todas as atividades,Teresina,421125,Operador de caixa,1126,1699.23,1631.7,1690.0,1729.0,1715.93,44.0,False,7,True,1621.0,1.048,5.28,1.47
2021,todas as atividades,Teresina,513205,Cozinheiro geral,485,1173.92,1100.0,1135.0,1145.0,1537.47,44.0,False,12,False,1100.0,1.067,,
2022,todas as atividades,Teresina,513205,Cozinheiro geral,705,1292.84,1262.0,1262.0,1262.0,1554.99,44.0,False,12,False,1212.0,1.067,10.13,1.14
2023,todas as atividades,Teresina,513205,Cozinheiro geral,617,1392.91,1360.0,1360.0,1360.44,1601.96,44.0,False,12,False,1314.0,1.06,7.74,3.02
2024,todas as atividades,Teresina,513205,Cozinheiro geral,709,1478.33,1433.18,1457.0,1486.83,1630.77,44.0,False,12,False,1412.0,1.047,6.13,1.8
2025,todas as atividades,Teresina,513205,Cozinheiro geral,721,1645.29,1568.0,1568.0,1626.0,1724.65,44.0,False,12,False,1518.0,1.084,11.29,5.76
2026,todas as atividades,Teresina,513205,Cozinheiro geral,419,1725.31,1658.04,1675.0,1713.86,1744.23,44.0,False,7,True,1621.0,1.064,4.86,1.14
2021,todas as atividades,Teresina,513405,Garçom,441,1125.75,1100.0,1135.0,1135.0,1471.93,44.0,False,12,False,1100.0,1.023,,
2022,todas as atividades,Teresina,513405,Garçom,568,1252.28,1262.0,1262.0,1262.0,1506.17,44.0,False,12,False,1212.0,1.033,11.24,2.33
2023,todas as atividades,Teresina,513405,Garçom,718,1367.95,1360.0,1360.0,1360.0,1571.79,44.0,False,12,False,1314.0,1.041,9.24,4.36
2024,todas as atividades,Teresina,513405,Garçom,675,1457.52,1457.0,1457.0,1457.0,1607.14,44.0,False,12,False,1412.0,1.032,6.55,2.25
2025,todas as atividades,Teresina,513405,Garçom,703,1606.23,1568.0,1568.0,1568.0,1684.83,44.0,False,12,False,1518.0,1.058,10.2,4.83
2026,todas as atividades,Teresina,513405,Garçom,403,1680.04,1675.0,1675.0,1675.0,1697.68,44.0,False,7,True,1621.0,1.036,4.6,0.76
2021,todas as atividades,Teresina,513415,Cumim,64,1129.34,1135.0,1135.0,1135.0,1458.43,44.0,False,12,False,1100.0,1.027,,
2022,todas as atividades,Teresina,513415,Cumim,150,1256.19,1262.0,1262.0,1262.0,1505.75,44.0,False,12,False,1212.0,1.036,11.23,3.24
2023,todas as atividades,Teresina,513415,Cumim,204,1358.47,1360.0,1360.0,1360.0,1559.48,44.0,False,12,False,1314.0,1.034,8.14,3.57
2024,todas as atividades,Teresina,513415,Cumim,216,1453.68,1457.0,1457.0,1457.0,1600.91,44.0,False,12,False,1412.0,1.03,7.01,2.66
2025,todas as atividades,Teresina,513415,Cumim,151,1578.65,1568.0,1568.0,1568.0,1653.89,44.0,False,12,False,1518.0,1.04,8.6,3.31
2026,todas as atividades,Teresina,513415,Cumim,93,1672.83,1675.0,1675.0,1675.0,1690.5,44.0,False,7,True,1621.0,1.032,5.97,2.21
2021,todas as atividades,Teresina,513420,Barman,71,1124.11,1100.0,1135.0,1135.0,1467.44,44.0,False,12,False,1100.0,1.022,,
2022,todas as atividades,Teresina,513420,Barman,109,1254.78,1262.0,1262.0,1262.0,1509.98,44.0,False,12,False,1212.0,1.035,11.62,2.9
2023,todas as atividades,Teresina,513420,Barman,136,1364.78,1360.0,1360.0,1360.0,1569.14,44.0,False,12,False,1314.0,1.039,8.77,3.92
2024,todas as atividades,Teresina,513420,Barman,122,1453.73,1457.0,1457.0,1457.0,1599.92,44.0,False,12,False,1412.0,1.03,6.52,1.96
2025,todas as atividades,Teresina,513420,Barman,124,1584.61,1568.0,1568.0,1568.0,1663.17,44.0,False,12,False,1518.0,1.044,9.0,3.95
2026,todas as atividades,Teresina,513420,Barman,79,1678.03,1675.0,1675.0,1675.0,1698.4,44.0,False,7,True,1621.0,1.035,5.9,2.12
2021,todas as atividades,Teresina,513435,Atendente de lanchonete,504,1129.67,1100.0,1135.0,1141.88,1464.77,44.0,False,12,False,1100.0,1.027,,
2022,todas as atividades,Teresina,513435,Atendente de lanchonete,870,1253.34,1257.9,1262.0,1262.0,1508.63,44.0,False,12,False,1212.0,1.034,10.95,2.99
2023,todas as atividades,Teresina,513435,Atendente de lanchonete,788,1365.83,1360.0,1360.0,1360.0,1568.81,44.0,False,12,False,1314.0,1.039,8.98,3.99
2024,todas as atividades,Teresina,513435,Atendente de lanchonete,936,1453.71,1457.0,1457.0,1457.0,1601.69,44.0,False,12,False,1412.0,1.03,6.43,2.1
2025,todas as atividades,Teresina,513435,Atendente de lanchonete,1185,1572.71,1568.0,1568.0,1568.0,1648.11,44.0,False,12,False,1518.0,1.036,8.19,2.9
2026,todas as atividades,Teresina,513435,Atendente de lanchonete,693,1680.09,1675.0,1675.0,1675.0,1697.09,44.0,False,7,True,1621.0,1.036,6.83,2.97
2021,todas as atividades,Teresina,513505,Auxiliar nos serviços de alimentação,543,1137.09,1100.0,1135.0,1160.63,1492.28,44.0,False,12,False,1100.0,1.034,,
2022,todas as atividades,Teresina,513505,Auxiliar nos serviços de alimentação,813,1266.79,1262.0,1262.0,1279.24,1522.46,44.0,False,12,False,1212.0,1.045,11.41,2.02
2023,todas as atividades,Teresina,513505,Auxiliar nos serviços de alimentação,1105,1365.24,1360.0,1360.0,1360.0,1568.81,44.0,False,12,False,1314.0,1.039,7.77,3.04
2024,todas as atividades,Teresina,513505,Auxiliar nos serviços de alimentação,1288,1463.22,1457.0,1457.0,1469.75,1612.13,44.0,False,12,False,1412.0,1.036,7.18,2.76
2025,todas as atividades,Teresina,513505,Auxiliar nos serviços de alimentação,1423,1586.37,1568.0,1568.0,1594.67,1662.73,44.0,False,12,False,1518.0,1.045,8.42,3.14
2026,todas as atividades,Teresina,513505,Auxiliar nos serviços de alimentação,917,1684.0,1675.0,1675.0,1688.0,1703.06,44.0,False,7,True,1621.0,1.039,6.15,2.43
2021,todas as atividades,Teresina,514320,Faxineiro,1579,1126.65,1100.0,1129.12,1141.88,1473.82,44.0,False,12,False,1100.0,1.024,,
2022,todas as atividades,Teresina,514320,Faxineiro,2532,1238.94,1212.0,1243.84,1257.9,1488.77,44.0,False,12,False,1212.0,1.022,9.97,1.01
2023,todas as atividades,Teresina,514320,Faxineiro,2984,1345.41,1320.0,1351.36,1351.36,1545.41,44.0,False,12,False,1314.0,1.024,8.59,3.8
2024,todas as atividades,Teresina,514320,Faxineiro,3395,1422.49,1412.0,1429.59,1445.55,1570.33,44.0,False,12,False,1412.0,1.007,5.73,1.61
2025,todas as atividades,Teresina,514320,Faxineiro,3121,1551.43,1518.0,1553.96,1553.97,1627.37,44.0,False,12,False,1518.0,1.022,9.06,3.63
2026,todas as atividades,Teresina,514320,Faxineiro,2063,1643.88,1621.0,1631.7,1659.47,1663.5,44.0,False,7,True,1621.0,1.014,5.96,2.22
2021,todas as atividades,Teresina,521140,Atendente de lojas e mercados,675,1163.57,1140.0,1160.0,1161.26,1525.11,44.0,False,12,False,1100.0,1.058,,
2022,todas as atividades,Teresina,521140,Atendente de lojas e mercados,972,1274.45,1251.28,1279.24,1290.0,1528.83,44.0,False,12,False,1212.0,1.052,9.53,0.24
2023,todas as atividades,Teresina,521140,Atendente de lojas e mercados,1282,1377.24,1344.0,1360.0,1424.64,1582.93,44.0,False,12,False,1314.0,1.048,8.07,3.54
2024,todas as atividades,Teresina,521140,Atendente de lojas e mercados,1569,1475.21,1424.64,1469.75,1495.87,1622.09,44.0,False,12,False,1412.0,1.045,7.11,2.47
2025,todas as atividades,Teresina,521140,Atendente de lojas e mercados,1641,1594.27,1568.0,1594.67,1647.57,1671.71,44.0,False,12,False,1518.0,1.05,8.07,3.06
2026,todas as atividades,Teresina,521140,Atendente de lojas e mercados,1089,1689.83,1631.7,1675.0,1762.89,1707.34,44.0,False,7,True,1621.0,1.042,5.99,2.13
2021,todas as atividades,Vitória,141510,Gerente de restaurante,103,2699.66,2000.0,2906.79,2906.79,3559.75,44.0,False,12,False,1100.0,2.454,,
2022,todas as atividades,Vitória,141510,Gerente de restaurante,103,2551.87,1600.0,2460.0,3197.47,3078.97,44.0,False,12,False,1212.0,2.106,-5.47,-13.51
2023,todas as atividades,Vitória,141510,Gerente de restaurante,116,2671.05,1905.42,2360.32,3346.31,3068.82,44.0,False,12,False,1314.0,2.033,4.67,-0.33
2024,todas as atividades,Vitória,141510,Gerente de restaurante,186,2760.78,1905.42,2377.0,3718.28,3041.43,44.0,False,12,False,1412.0,1.955,3.36,-0.89
2025,todas as atividades,Vitória,141510,Gerente de restaurante,192,3118.45,2161.13,2672.36,3990.25,3271.21,44.0,False,12,False,1518.0,2.054,12.96,7.55
2026,todas as atividades,Vitória,141510,Gerente de restaurante,81,3104.42,2200.0,2700.0,4000.0,3139.62,44.0,False,7,True,1621.0,1.915,-0.45,-4.02
2021,todas as atividades,Vitória,141515,Gerente de bar,19,1759.56,1400.0,1765.75,1895.0,2292.52,44.0,True,12,False,1100.0,1.6,,
2022,todas as atividades,Vitória,141515,Gerente de bar,28,2128.4,1425.72,1669.17,2200.0,2561.32,44.0,True,12,False,1212.0,1.756,20.96,11.73
2023,todas as atividades,Vitória,141515,Gerente de bar,22,2249.22,1478.67,2002.42,3000.0,2590.14,44.0,True,12,False,1314.0,1.712,5.68,1.13
2024,todas as atividades,Vitória,141515,Gerente de bar,22,2231.98,1671.42,2000.0,2669.18,2472.56,44.0,True,12,False,1412.0,1.581,-0.77,-4.54
2025,todas as atividades,Vitória,141515,Gerente de bar,16,2201.97,1840.03,2000.0,2500.0,2325.37,44.0,True,12,False,1518.0,1.451,-1.34,-5.95
2026,todas as atividades,Vitória,141515,Gerente de bar,9,2903.59,2500.0,2600.0,3200.0,2956.84,44.0,True,7,True,1621.0,1.791,31.86,27.16
2021,todas as atividades,Vitória,371410,Recreador,22,1164.33,1117.05,1154.08,1159.17,1506.08,44.0,True,12,False,1100.0,1.058,,
2022,todas as atividades,Vitória,371410,Recreador,91,1268.0,1212.0,1269.48,1300.0,1532.09,44.0,False,12,False,1212.0,1.046,8.9,1.73
2023,todas as atividades,Vitória,371410,Recreador,65,1385.82,1365.0,1383.73,1383.74,1594.11,44.0,False,12,False,1314.0,1.055,9.29,4.05
2024,todas as atividades,Vitória,371410,Recreador,57,1519.6,1485.0,1485.0,1537.5,1674.09,44.0,False,12,False,1412.0,1.076,9.65,5.02
2025,todas as atividades,Vitória,371410,Recreador,39,1616.94,1580.5,1590.0,1590.0,1696.82,44.0,False,12,False,1518.0,1.065,6.41,1.36
2026,todas as atividades,Vitória,371410,Recreador,37,1711.45,1700.0,1705.0,1705.0,1724.93,44.0,False,7,True,1621.0,1.056,5.84,1.66
2021,todas as atividades,Vitória,421125,Operador de caixa,1191,1231.63,1188.31,1188.31,1295.25,1608.07,44.0,False,12,False,1100.0,1.12,,
2022,todas as atividades,Vitória,421125,Operador de caixa,1552,1329.21,1295.25,1295.26,1361.46,1596.46,44.0,False,12,False,1212.0,1.097,7.92,-0.72
2023,todas as atividades,Vitória,421125,Operador de caixa,1972,1424.06,1370.5,1371.0,1450.0,1635.02,44.0,False,12,False,1314.0,1.084,7.14,2.42
2024,todas as atividades,Vitória,421125,Operador de caixa,2263,1496.93,1450.0,1450.0,1537.0,1649.63,44.0,False,12,False,1412.0,1.06,5.12,0.89
2025,todas as atividades,Vitória,421125,Operador de caixa,2117,1615.78,1537.0,1537.0,1666.0,1695.43,44.0,False,12,False,1518.0,1.064,7.94,2.78
2026,todas as atividades,Vitória,421125,Operador de caixa,1387,1771.81,1650.0,1761.26,1844.75,1791.8,44.0,False,7,True,1621.0,1.093,9.66,5.68
2021,todas as atividades,Vitória,513205,Cozinheiro geral,664,1414.43,1200.0,1400.0,1517.87,1851.37,44.0,False,12,False,1100.0,1.286,,
2022,todas as atividades,Vitória,513205,Cozinheiro geral,1385,1551.13,1408.0,1540.0,1623.0,1886.23,44.0,False,12,False,1212.0,1.28,9.66,1.88
2023,todas as atividades,Vitória,513205,Cozinheiro geral,867,1683.58,1403.73,1635.0,1800.0,1935.57,44.0,False,12,False,1314.0,1.281,8.54,2.62
2024,todas as atividades,Vitória,513205,Cozinheiro geral,970,1839.06,1516.05,1800.0,2000.0,2027.55,44.0,False,12,False,1412.0,1.302,9.24,4.75
2025,todas as atividades,Vitória,513205,Cozinheiro geral,1085,1990.63,1674.75,2000.0,2200.0,2090.08,44.0,False,12,False,1518.0,1.311,8.24,3.08
2026,todas as atividades,Vitória,513205,Cozinheiro geral,613,2141.98,1800.0,2100.0,2450.0,2166.18,44.0,False,7,True,1621.0,1.321,7.6,3.64
2021,todas as atividades,Vitória,513405,Garçom,510,1228.71,1154.08,1154.09,1233.2,1597.76,44.0,False,12,False,1100.0,1.117,,
2022,todas as atividades,Vitória,513405,Garçom,868,1336.61,1269.48,1269.49,1353.12,1605.27,44.0,False,12,False,1212.0,1.103,8.78,0.47
2023,todas as atividades,Vitória,513405,Garçom,804,1471.12,1383.73,1383.73,1500.0,1691.04,44.0,False,12,False,1314.0,1.12,10.06,5.34
2024,todas as atividades,Vitória,513405,Garçom,936,1587.89,1485.0,1485.0,1631.03,1749.28,44.0,False,12,False,1412.0,1.125,7.94,3.44
2025,todas as atividades,Vitória,513405,Garçom,817,1714.95,1590.0,1593.0,1765.5,1801.02,44.0,False,12,False,1518.0,1.13,8.0,2.96
2026,todas as atividades,Vitória,513405,Garçom,467,1825.78,1705.0,1720.02,1862.95,1844.84,44.0,False,7,True,1621.0,1.126,6.46,2.43
2021,todas as atividades,Vitória,513415,Cumim,165,1189.33,1154.08,1155.0,1184.5,1542.79,44.0,False,12,False,1100.0,1.081,,
2022,todas as atividades,Vitória,513415,Cumim,244,1301.67,1269.48,1269.48,1272.32,1563.78,44.0,False,12,False,1212.0,1.074,9.45,1.36
2023,todas as atividades,Vitória,513415,Cumim,239,1398.42,1383.73,1383.73,1383.76,1607.04,44.0,False,12,False,1314.0,1.064,7.43,2.77
2024,todas as atividades,Vitória,513415,Cumim,187,1509.11,1485.0,1485.0,1485.0,1663.52,44.0,False,12,False,1412.0,1.069,7.92,3.51
2025,todas as atividades,Vitória,513415,Cumim,179,1618.28,1590.0,1590.0,1590.0,1700.65,44.0,False,12,False,1518.0,1.066,7.23,2.23
2026,todas as atividades,Vitória,513415,Cumim,98,1714.43,1705.0,1705.0,1708.19,1740.23,44.0,False,7,True,1621.0,1.058,5.94,2.33
2021,todas as atividades,Vitória,513420,Barman,78,1251.47,1154.08,1154.09,1287.5,1630.26,44.0,False,12,False,1100.0,1.138,,
2022,todas as atividades,Vitória,513420,Barman,134,1360.56,1269.48,1269.76,1400.0,1633.88,44.0,False,12,False,1212.0,1.123,8.72,0.22
2023,todas as atividades,Vitória,513420,Barman,170,1497.27,1383.73,1384.3,1518.87,1720.39,44.0,False,12,False,1314.0,1.139,10.05,5.29
2024,todas as atividades,Vitória,513420,Barman,190,1619.25,1485.0,1485.0,1644.26,1784.4,44.0,False,12,False,1412.0,1.147,8.15,3.72
2025,todas as atividades,Vitória,513420,Barman,129,1702.44,1590.0,1590.0,1784.56,1788.85,44.0,False,12,False,1518.0,1.122,5.14,0.25
2026,todas as atividades,Vitória,513420,Barman,71,1818.39,1705.0,1750.0,1900.0,1839.14,44.0,False,7,True,1621.0,1.122,6.81,2.81
2021,todas as atividades,Vitória,513435,Atendente de lanchonete,1022,1181.95,1154.08,1154.08,1188.31,1538.71,44.0,False,12,False,1100.0,1.074,,
2022,todas as atividades,Vitória,513435,Atendente de lanchonete,1486,1286.86,1269.48,1269.48,1295.25,1545.45,44.0,False,12,False,1212.0,1.062,8.88,0.44
2023,todas as atividades,Vitória,513435,Atendente de lanchonete,1901,1397.06,1383.73,1383.73,1388.73,1604.89,44.0,False,12,False,1314.0,1.063,8.56,3.85
2024,todas as atividades,Vitória,513435,Atendente de lanchonete,2177,1493.34,1485.0,1485.0,1485.0,1646.44,44.0,False,12,False,1412.0,1.058,6.89,2.59
2025,todas as atividades,Vitória,513435,Atendente de lanchonete,1930,1607.29,1590.0,1590.0,1600.0,1687.01,44.0,False,12,False,1518.0,1.059,7.63,2.46
2026,todas as atividades,Vitória,513435,Atendente de lanchonete,1207,1733.19,1700.0,1705.0,1715.0,1754.84,44.0,False,7,True,1621.0,1.069,7.83,4.02
2021,todas as atividades,Vitória,513505,Auxiliar nos serviços de alimentação,1475,1209.81,1154.08,1186.18,1200.76,1586.9,44.0,False,12,False,1100.0,1.1,,
2022,todas as atividades,Vitória,513505,Auxiliar nos serviços de alimentação,2049,1315.44,1269.48,1272.32,1304.8,1581.02,44.0,False,12,False,1212.0,1.085,8.73,-0.37
2023,todas as atividades,Vitória,513505,Auxiliar nos serviços de alimentação,2211,1436.8,1383.73,1387.48,1423.21,1652.45,44.0,False,12,False,1314.0,1.093,9.23,4.52
2024,todas as atividades,Vitória,513505,Auxiliar nos serviços de alimentação,2274,1540.7,1485.0,1500.0,1537.0,1698.43,44.0,False,12,False,1412.0,1.091,7.23,2.78
2025,todas as atividades,Vitória,513505,Auxiliar nos serviços de alimentação,2269,1668.64,1590.0,1638.96,1689.68,1749.75,44.0,False,12,False,1518.0,1.099,8.3,3.02
2026,todas as atividades,Vitória,513505,Auxiliar nos serviços de alimentação,1299,1800.07,1705.0,1762.0,1816.41,1820.28,44.0,False,7,True,1621.0,1.11,7.88,4.03
2021,todas as atividades,Vitória,514320,Faxineiro,2567,1215.55,1154.08,1185.72,1295.26,1599.32,44.0,False,12,False,1100.0,1.105,,
2022,todas as atividades,Vitória,514320,Faxineiro,2620,1295.66,1233.15,1273.16,1307.84,1558.56,44.0,False,12,False,1212.0,1.069,6.59,-2.55
2023,todas as atividades,Vitória,514320,Faxineiro,2958,1388.65,1320.0,1370.5,1406.08,1596.21,44.0,False,12,False,1314.0,1.057,7.18,2.42
2024,todas as atividades,Vitória,514320,Faxineiro,3650,1490.88,1412.62,1471.75,1500.31,1642.97,44.0,False,12,False,1412.0,1.056,7.36,2.93
2025,todas as atividades,Vitória,514320,Faxineiro,3437,1621.87,1530.0,1575.05,1653.63,1701.35,44.0,False,12,False,1518.0,1.068,8.79,3.55
2026,todas as atividades,Vitória,514320,Faxineiro,2051,1724.25,1645.9,1682.7,1741.02,1743.68,44.0,False,7,True,1621.0,1.064,6.31,2.49
2021,todas as atividades,Vitória,521140,Atendente de lojas e mercados,1046,1220.45,1155.7,1188.31,1247.07,1590.22,44.0,False,12,False,1100.0,1.11,,
2022,todas as atividades,Vitória,521140,Atendente de lojas e mercados,1509,1312.73,1261.02,1295.25,1352.0,1575.44,44.0,False,12,False,1212.0,1.083,7.56,-0.93
2023,todas as atividades,Vitória,521140,Atendente de lojas e mercados,1711,1398.81,1352.0,1370.5,1406.08,1607.33,44.0,False,12,False,1314.0,1.065,6.56,2.02
2024,todas as atividades,Vitória,521140,Atendente de lojas e mercados,1962,1498.96,1450.0,1450.0,1510.0,1650.93,44.0,False,12,False,1412.0,1.062,7.16,2.71
2025,todas as atividades,Vitória,521140,Atendente de lojas e mercados,1903,1611.66,1537.0,1590.0,1650.0,1690.94,44.0,False,12,False,1518.0,1.062,7.52,2.42
2026,todas as atividades,Vitória,521140,Atendente de lojas e mercados,1251,1738.86,1650.0,1700.0,1750.0,1759.75,44.0,False,7,True,1621.0,1.073,7.89,4.07
