tabela,variavel_id,variavel,unidade,nivel,localidade_id,localidade,periodo,"Geral, grupo, subgrupo, item e subitem",valor_original,valor
7060,63,IPCA - Variação mensal,%,Brasil,1,Brasil,202309,Índice geral,0.26,0.26
7060,63,IPCA - Variação mensal,%,Brasil,1,Brasil,202310,Índice geral,0.24,0.24
7060,63,IPCA - Variação mensal,%,Brasil,1,Brasil,202311,Índice geral,0.28,0.28
7060,63,IPCA - Variação mensal,%,Brasil,1,Brasil,202312,Índice geral,0.56,0.56
7060,63,IPCA - Variação mensal,%,Brasil,1,Brasil,202401,Índice geral,0.42,0.42
7060,63,IPCA - Variação mensal,%,Brasil,1,Brasil,202402,Índice geral,0.83,0.83
7060,63,IPCA - Variação mensal,%,Brasil,1,Brasil,202403,Índice geral,0.16,0.16
7060,63,IPCA - Variação mensal,%,Brasil,1,Brasil,202404,Índice geral,0.38,0.38
7060,63,IPCA - Variação mensal,%,Brasil,1,Brasil,202405,Índice geral,0.46,0.46
7060,63,IPCA - Variação mensal,%,Brasil,1,Brasil,202406,Índice geral,0.21,0.21
7060,63,IPCA - Variação mensal,%,Brasil,1,Brasil,202407,Índice geral,0.38,0.38
7060,63,IPCA - Variação mensal,%,Brasil,1,Brasil,202408,Índice geral,-0.02,-0.02
7060,63,IPCA - Variação mensal,%,Brasil,1,Brasil,202409,Índice geral,0.44,0.44
7060,63,IPCA - Variação mensal,%,Brasil,1,Brasil,202410,Índice geral,0.56,0.56
7060,63,IPCA - Variação mensal,%,Brasil,1,Brasil,202411,Índice geral,0.39,0.39
7060,63,IPCA - Variação mensal,%,Brasil,1,Brasil,202412,Índice geral,0.52,0.52
7060,63,IPCA - Variação mensal,%,Brasil,1,Brasil,202501,Índice geral,0.16,0.16
7060,63,IPCA - Variação mensal,%,Brasil,1,Brasil,202502,Índice geral,1.31,1.31
7060,63,IPCA - Variação mensal,%,Brasil,1,Brasil,202503,Índice geral,0.56,0.56
7060,63,IPCA - Variação mensal,%,Brasil,1,Brasil,202504,Índice geral,0.43,0.43
7060,63,IPCA - Variação mensal,%,Brasil,1,Brasil,202505,Índice geral,0.26,0.26
7060,63,IPCA - Variação mensal,%,Brasil,1,Brasil,202506,Índice geral,0.24,0.24
7060,63,IPCA - Variação mensal,%,Brasil,1,Brasil,202507,Índice geral,0.26,0.26
7060,63,IPCA - Variação mensal,%,Brasil,1,Brasil,202508,Índice geral,-0.11,-0.11
7060,63,IPCA - Variação mensal,%,Brasil,1,Brasil,202509,Índice geral,0.48,0.48
7060,63,IPCA - Variação mensal,%,Brasil,1,Brasil,202510,Índice geral,0.09,0.09
7060,63,IPCA - Variação mensal,%,Brasil,1,Brasil,202511,Índice geral,0.18,0.18
7060,63,IPCA - Variação mensal,%,Brasil,1,Brasil,202512,Índice geral,0.33,0.33
7060,63,IPCA - Variação mensal,%,Brasil,1,Brasil,202601,Índice geral,0.33,0.33
7060,63,IPCA - Variação mensal,%,Brasil,1,Brasil,202602,Índice geral,0.70,0.7
7060,63,IPCA - Variação mensal,%,Brasil,1,Brasil,202603,Índice geral,0.88,0.88
7060,63,IPCA - Variação mensal,%,Brasil,1,Brasil,202604,Índice geral,0.67,0.67
7060,63,IPCA - Variação mensal,%,Brasil,1,Brasil,202605,Índice geral,0.58,0.58
7060,63,IPCA - Variação mensal,%,Brasil,1,Brasil,202606,Índice geral,0.16,0.16
7060,63,IPCA - Variação mensal,%,Brasil,1,Brasil,202607,Índice geral,0.07,0.07
7060,63,IPCA - Variação mensal,%,Brasil,1,Brasil,202608,Índice geral,-0.32,-0.32
7060,63,IPCA - Variação mensal,%,Município,1200401,Rio Branco - AC,202309,Índice geral,0.46,0.46
7060,63,IPCA - Variação mensal,%,Município,1200401,Rio Branco - AC,202310,Índice geral,0.30,0.3
7060,63,IPCA - Variação mensal,%,Município,1200401,Rio Branco - AC,202311,Índice geral,0.04,0.04
7060,63,IPCA - Variação mensal,%,Município,1200401,Rio Branco - AC,202312,Índice geral,0.90,0.9
7060,63,IPCA - Variação mensal,%,Município,1200401,Rio Branco - AC,202401,Índice geral,0.63,0.63
7060,63,IPCA - Variação mensal,%,Município,1200401,Rio Branco - AC,202402,Índice geral,0.26,0.26
7060,63,IPCA - Variação mensal,%,Município,1200401,Rio Branco - AC,202403,Índice geral,0.18,0.18
7060,63,IPCA - Variação mensal,%,Município,1200401,Rio Branco - AC,202404,Índice geral,0.15,0.15
7060,63,IPCA - Variação mensal,%,Município,1200401,Rio Branco - AC,202405,Índice geral,0.19,0.19
7060,63,IPCA - Variação mensal,%,Município,1200401,Rio Branco - AC,202406,Índice geral,0.34,0.34
7060,63,IPCA - Variação mensal,%,Município,1200401,Rio Branco - AC,202407,Índice geral,0.53,0.53
7060,63,IPCA - Variação mensal,%,Município,1200401,Rio Branco - AC,202408,Índice geral,-0.21,-0.21
7060,63,IPCA - Variação mensal,%,Município,1200401,Rio Branco - AC,202409,Índice geral,0.75,0.75
7060,63,IPCA - Variação mensal,%,Município,1200401,Rio Branco - AC,202410,Índice geral,0.55,0.55
7060,63,IPCA - Variação mensal,%,Município,1200401,Rio Branco - AC,202411,Índice geral,0.92,0.92
7060,63,IPCA - Variação mensal,%,Município,1200401,Rio Branco - AC,202412,Índice geral,0.53,0.53
7060,63,IPCA - Variação mensal,%,Município,1200401,Rio Branco - AC,202501,Índice geral,-0.34,-0.34
7060,63,IPCA - Variação mensal,%,Município,1200401,Rio Branco - AC,202502,Índice geral,1.06,1.06
7060,63,IPCA - Variação mensal,%,Município,1200401,Rio Branco - AC,202503,Índice geral,0.27,0.27
7060,63,IPCA - Variação mensal,%,Município,1200401,Rio Branco - AC,202504,Índice geral,0.55,0.55
7060,63,IPCA - Variação mensal,%,Município,1200401,Rio Branco - AC,202505,Índice geral,0.00,0.0
7060,63,IPCA - Variação mensal,%,Município,1200401,Rio Branco - AC,202506,Índice geral,0.64,0.64
7060,63,IPCA - Variação mensal,%,Município,1200401,Rio Branco - AC,202507,Índice geral,-0.15,-0.15
7060,63,IPCA - Variação mensal,%,Município,1200401,Rio Branco - AC,202508,Índice geral,-0.08,-0.08
7060,63,IPCA - Variação mensal,%,Município,1200401,Rio Branco - AC,202509,Índice geral,0.46,0.46
7060,63,IPCA - Variação mensal,%,Município,1200401,Rio Branco - AC,202510,Índice geral,0.10,0.1
7060,63,IPCA - Variação mensal,%,Município,1200401,Rio Branco - AC,202511,Índice geral,0.15,0.15
7060,63,IPCA - Variação mensal,%,Município,1200401,Rio Branco - AC,202512,Índice geral,0.59,0.59
7060,63,IPCA - Variação mensal,%,Município,1200401,Rio Branco - AC,202601,Índice geral,0.81,0.81
7060,63,IPCA - Variação mensal,%,Município,1200401,Rio Branco - AC,202602,Índice geral,0.07,0.07
7060,63,IPCA - Variação mensal,%,Município,1200401,Rio Branco - AC,202603,Índice geral,0.37,0.37
7060,63,IPCA - Variação mensal,%,Município,1200401,Rio Branco - AC,202604,Índice geral,0.56,0.56
7060,63,IPCA - Variação mensal,%,Município,1200401,Rio Branco - AC,202605,Índice geral,0.52,0.52
7060,63,IPCA - Variação mensal,%,Município,1200401,Rio Branco - AC,202606,Índice geral,0.29,0.29
7060,63,IPCA - Variação mensal,%,Município,1200401,Rio Branco - AC,202607,Índice geral,0.32,0.32
7060,63,IPCA - Variação mensal,%,Município,1200401,Rio Branco - AC,202608,Índice geral,-0.17,-0.17
7060,63,IPCA - Variação mensal,%,Município,2111300,São Luís - MA,202309,Índice geral,0.50,0.5
7060,63,IPCA - Variação mensal,%,Município,2111300,São Luís - MA,202310,Índice geral,-0.23,-0.23
7060,63,IPCA - Variação mensal,%,Município,2111300,São Luís - MA,202311,Índice geral,-0.39,-0.39
7060,63,IPCA - Variação mensal,%,Município,2111300,São Luís - MA,202312,Índice geral,0.43,0.43
7060,63,IPCA - Variação mensal,%,Município,2111300,São Luís - MA,202401,Índice geral,1.06,1.06
7060,63,IPCA - Variação mensal,%,Município,2111300,São Luís - MA,202402,Índice geral,1.06,1.06
7060,63,IPCA - Variação mensal,%,Município,2111300,São Luís - MA,202403,Índice geral,0.81,0.81
7060,63,IPCA - Variação mensal,%,Município,2111300,São Luís - MA,202404,Índice geral,0.46,0.46
7060,63,IPCA - Variação mensal,%,Município,2111300,São Luís - MA,202405,Índice geral,0.63,0.63
7060,63,IPCA - Variação mensal,%,Município,2111300,São Luís - MA,202406,Índice geral,0.11,0.11
7060,63,IPCA - Variação mensal,%,Município,2111300,São Luís - MA,202407,Índice geral,0.53,0.53
7060,63,IPCA - Variação mensal,%,Município,2111300,São Luís - MA,202408,Índice geral,-0.54,-0.54
7060,63,IPCA - Variação mensal,%,Município,2111300,São Luís - MA,202409,Índice geral,0.60,0.6
7060,63,IPCA - Variação mensal,%,Município,2111300,São Luís - MA,202410,Índice geral,0.57,0.57
7060,63,IPCA - Variação mensal,%,Município,2111300,São Luís - MA,202411,Índice geral,0.33,0.33
7060,63,IPCA - Variação mensal,%,Município,2111300,São Luís - MA,202412,Índice geral,0.71,0.71
7060,63,IPCA - Variação mensal,%,Município,2111300,São Luís - MA,202501,Índice geral,-0.08,-0.08
7060,63,IPCA - Variação mensal,%,Município,2111300,São Luís - MA,202502,Índice geral,1.41,1.41
7060,63,IPCA - Variação mensal,%,Município,2111300,São Luís - MA,202503,Índice geral,0.55,0.55
7060,63,IPCA - Variação mensal,%,Município,2111300,São Luís - MA,202504,Índice geral,0.45,0.45
7060,63,IPCA - Variação mensal,%,Município,2111300,São Luís - MA,202505,Índice geral,0.33,0.33
7060,63,IPCA - Variação mensal,%,Município,2111300,São Luís - MA,202506,Índice geral,0.22,0.22
7060,63,IPCA - Variação mensal,%,Município,2111300,São Luís - MA,202507,Índice geral,-0.02,-0.02
7060,63,IPCA - Variação mensal,%,Município,2111300,São Luís - MA,202508,Índice geral,-0.27,-0.27
7060,63,IPCA - Variação mensal,%,Município,2111300,São Luís - MA,202509,Índice geral,1.02,1.02
7060,63,IPCA - Variação mensal,%,Município,2111300,São Luís - MA,202510,Índice geral,-0.15,-0.15
7060,63,IPCA - Variação mensal,%,Município,2111300,São Luís - MA,202511,Índice geral,-0.05,-0.05
7060,63,IPCA - Variação mensal,%,Município,2111300,São Luís - MA,202512,Índice geral,-0.19,-0.19
7060,63,IPCA - Variação mensal,%,Município,2111300,São Luís - MA,202601,Índice geral,0.23,0.23
7060,63,IPCA - Variação mensal,%,Município,2111300,São Luís - MA,202602,Índice geral,0.28,0.28
7060,63,IPCA - Variação mensal,%,Município,2111300,São Luís - MA,202603,Índice geral,1.39,1.39
7060,63,IPCA - Variação mensal,%,Município,2111300,São Luís - MA,202604,Índice geral,1.09,1.09
7060,63,IPCA - Variação mensal,%,Município,2111300,São Luís - MA,202605,Índice geral,0.87,0.87
7060,63,IPCA - Variação mensal,%,Município,2111300,São Luís - MA,202606,Índice geral,0.43,0.43
7060,63,IPCA - Variação mensal,%,Município,2111300,São Luís - MA,202607,Índice geral,0.13,0.13
7060,63,IPCA - Variação mensal,%,Município,2111300,São Luís - MA,202608,Índice geral,-0.60,-0.6
7060,63,IPCA - Variação mensal,%,Município,2800308,Aracaju - SE,202309,Índice geral,0.08,0.08
7060,63,IPCA - Variação mensal,%,Município,2800308,Aracaju - SE,202310,Índice geral,0.10,0.1
7060,63,IPCA - Variação mensal,%,Município,2800308,Aracaju - SE,202311,Índice geral,0.19,0.19
7060,63,IPCA - Variação mensal,%,Município,2800308,Aracaju - SE,202312,Índice geral,-0.29,-0.29
7060,63,IPCA - Variação mensal,%,Município,2800308,Aracaju - SE,202401,Índice geral,0.73,0.73
7060,63,IPCA - Variação mensal,%,Município,2800308,Aracaju - SE,202402,Índice geral,1.09,1.09
7060,63,IPCA - Variação mensal,%,Município,2800308,Aracaju - SE,202403,Índice geral,0.50,0.5
7060,63,IPCA - Variação mensal,%,Município,2800308,Aracaju - SE,202404,Índice geral,0.78,0.78
7060,63,IPCA - Variação mensal,%,Município,2800308,Aracaju - SE,202405,Índice geral,0.60,0.6
7060,63,IPCA - Variação mensal,%,Município,2800308,Aracaju - SE,202406,Índice geral,0.08,0.08
7060,63,IPCA - Variação mensal,%,Município,2800308,Aracaju - SE,202407,Índice geral,0.18,0.18
7060,63,IPCA - Variação mensal,%,Município,2800308,Aracaju - SE,202408,Índice geral,-0.33,-0.33
7060,63,IPCA - Variação mensal,%,Município,2800308,Aracaju - SE,202409,Índice geral,0.07,0.07
7060,63,IPCA - Variação mensal,%,Município,2800308,Aracaju - SE,202410,Índice geral,0.11,0.11
7060,63,IPCA - Variação mensal,%,Município,2800308,Aracaju - SE,202411,Índice geral,0.24,0.24
7060,63,IPCA - Variação mensal,%,Município,2800308,Aracaju - SE,202412,Índice geral,0.67,0.67
7060,63,IPCA - Variação mensal,%,Município,2800308,Aracaju - SE,202501,Índice geral,0.59,0.59
7060,63,IPCA - Variação mensal,%,Município,2800308,Aracaju - SE,202502,Índice geral,1.64,1.64
7060,63,IPCA - Variação mensal,%,Município,2800308,Aracaju - SE,202503,Índice geral,0.40,0.4
7060,63,IPCA - Variação mensal,%,Município,2800308,Aracaju - SE,202504,Índice geral,0.39,0.39
7060,63,IPCA - Variação mensal,%,Município,2800308,Aracaju - SE,202505,Índice geral,0.24,0.24
7060,63,IPCA - Variação mensal,%,Município,2800308,Aracaju - SE,202506,Índice geral,0.14,0.14
7060,63,IPCA - Variação mensal,%,Município,2800308,Aracaju - SE,202507,Índice geral,0.28,0.28
7060,63,IPCA - Variação mensal,%,Município,2800308,Aracaju - SE,202508,Índice geral,-0.26,-0.26
7060,63,IPCA - Variação mensal,%,Município,2800308,Aracaju - SE,202509,Índice geral,0.52,0.52
7060,63,IPCA - Variação mensal,%,Município,2800308,Aracaju - SE,202510,Índice geral,0.20,0.2
7060,63,IPCA - Variação mensal,%,Município,2800308,Aracaju - SE,202511,Índice geral,-0.10,-0.1
7060,63,IPCA - Variação mensal,%,Município,2800308,Aracaju - SE,202512,Índice geral,0.36,0.36
7060,63,IPCA - Variação mensal,%,Município,2800308,Aracaju - SE,202601,Índice geral,0.40,0.4
7060,63,IPCA - Variação mensal,%,Município,2800308,Aracaju - SE,202602,Índice geral,0.68,0.68
7060,63,IPCA - Variação mensal,%,Município,2800308,Aracaju - SE,202603,Índice geral,0.92,0.92
7060,63,IPCA - Variação mensal,%,Município,2800308,Aracaju - SE,202604,Índice geral,0.84,0.84
7060,63,IPCA - Variação mensal,%,Município,2800308,Aracaju - SE,202605,Índice geral,1.31,1.31
7060,63,IPCA - Variação mensal,%,Município,2800308,Aracaju - SE,202606,Índice geral,-0.02,-0.02
7060,63,IPCA - Variação mensal,%,Município,2800308,Aracaju - SE,202607,Índice geral,-0.12,-0.12
7060,63,IPCA - Variação mensal,%,Município,2800308,Aracaju - SE,202608,Índice geral,-0.38,-0.38
7060,63,IPCA - Variação mensal,%,Município,5002704,Campo Grande - MS,202309,Índice geral,0.46,0.46
7060,63,IPCA - Variação mensal,%,Município,5002704,Campo Grande - MS,202310,Índice geral,0.28,0.28
7060,63,IPCA - Variação mensal,%,Município,5002704,Campo Grande - MS,202311,Índice geral,0.47,0.47
7060,63,IPCA - Variação mensal,%,Município,5002704,Campo Grande - MS,202312,Índice geral,0.43,0.43
7060,63,IPCA - Variação mensal,%,Município,5002704,Campo Grande - MS,202401,Índice geral,0.48,0.48
7060,63,IPCA - Variação mensal,%,Município,5002704,Campo Grande - MS,202402,Índice geral,0.81,0.81
7060,63,IPCA - Variação mensal,%,Município,5002704,Campo Grande - MS,202403,Índice geral,0.11,0.11
7060,63,IPCA - Variação mensal,%,Município,5002704,Campo Grande - MS,202404,Índice geral,0.36,0.36
7060,63,IPCA - Variação mensal,%,Município,5002704,Campo Grande - MS,202405,Índice geral,0.42,0.42
7060,63,IPCA - Variação mensal,%,Município,5002704,Campo Grande - MS,202406,Índice geral,0.12,0.12
7060,63,IPCA - Variação mensal,%,Município,5002704,Campo Grande - MS,202407,Índice geral,0.29,0.29
7060,63,IPCA - Variação mensal,%,Município,5002704,Campo Grande - MS,202408,Índice geral,0.03,0.03
7060,63,IPCA - Variação mensal,%,Município,5002704,Campo Grande - MS,202409,Índice geral,0.58,0.58
7060,63,IPCA - Variação mensal,%,Município,5002704,Campo Grande - MS,202410,Índice geral,0.70,0.7
7060,63,IPCA - Variação mensal,%,Município,5002704,Campo Grande - MS,202411,Índice geral,0.63,0.63
7060,63,IPCA - Variação mensal,%,Município,5002704,Campo Grande - MS,202412,Índice geral,0.43,0.43
7060,63,IPCA - Variação mensal,%,Município,5002704,Campo Grande - MS,202501,Índice geral,0.04,0.04
7060,63,IPCA - Variação mensal,%,Município,5002704,Campo Grande - MS,202502,Índice geral,1.62,1.62
7060,63,IPCA - Variação mensal,%,Município,5002704,Campo Grande - MS,202503,Índice geral,0.42,0.42
7060,63,IPCA - Variação mensal,%,Município,5002704,Campo Grande - MS,202504,Índice geral,0.60,0.6
7060,63,IPCA - Variação mensal,%,Município,5002704,Campo Grande - MS,202505,Índice geral,0.13,0.13
7060,63,IPCA - Variação mensal,%,Município,5002704,Campo Grande - MS,202506,Índice geral,-0.08,-0.08
7060,63,IPCA - Variação mensal,%,Município,5002704,Campo Grande - MS,202507,Índice geral,-0.19,-0.19
7060,63,IPCA - Variação mensal,%,Município,5002704,Campo Grande - MS,202508,Índice geral,-0.28,-0.28
7060,63,IPCA - Variação mensal,%,Município,5002704,Campo Grande - MS,202509,Índice geral,0.55,0.55
7060,63,IPCA - Variação mensal,%,Município,5002704,Campo Grande - MS,202510,Índice geral,-0.08,-0.08
7060,63,IPCA - Variação mensal,%,Município,5002704,Campo Grande - MS,202511,Índice geral,0.23,0.23
7060,63,IPCA - Variação mensal,%,Município,5002704,Campo Grande - MS,202512,Índice geral,0.17,0.17
7060,63,IPCA - Variação mensal,%,Município,5002704,Campo Grande - MS,202601,Índice geral,0.48,0.48
7060,63,IPCA - Variação mensal,%,Município,5002704,Campo Grande - MS,202602,Índice geral,0.18,0.18
7060,63,IPCA - Variação mensal,%,Município,5002704,Campo Grande - MS,202603,Índice geral,0.93,0.93
7060,63,IPCA - Variação mensal,%,Município,5002704,Campo Grande - MS,202604,Índice geral,1.02,1.02
7060,63,IPCA - Variação mensal,%,Município,5002704,Campo Grande - MS,202605,Índice geral,1.31,1.31
7060,63,IPCA - Variação mensal,%,Município,5002704,Campo Grande - MS,202606,Índice geral,0.02,0.02
7060,63,IPCA - Variação mensal,%,Município,5002704,Campo Grande - MS,202607,Índice geral,0.00,0.0
7060,63,IPCA - Variação mensal,%,Município,5002704,Campo Grande - MS,202608,Índice geral,-0.20,-0.2
7060,63,IPCA - Variação mensal,%,Município,5208707,Goiânia - GO,202309,Índice geral,-0.11,-0.11
7060,63,IPCA - Variação mensal,%,Município,5208707,Goiânia - GO,202310,Índice geral,0.80,0.8
7060,63,IPCA - Variação mensal,%,Município,5208707,Goiânia - GO,202311,Índice geral,0.31,0.31
7060,63,IPCA - Variação mensal,%,Município,5208707,Goiânia - GO,202312,Índice geral,0.44,0.44
7060,63,IPCA - Variação mensal,%,Município,5208707,Goiânia - GO,202401,Índice geral,0.87,0.87
7060,63,IPCA - Variação mensal,%,Município,5208707,Goiânia - GO,202402,Índice geral,0.51,0.51
7060,63,IPCA - Variação mensal,%,Município,5208707,Goiânia - GO,202403,Índice geral,0.36,0.36
7060,63,IPCA - Variação mensal,%,Município,5208707,Goiânia - GO,202404,Índice geral,0.24,0.24
7060,63,IPCA - Variação mensal,%,Município,5208707,Goiânia - GO,202405,Índice geral,-0.06,-0.06
7060,63,IPCA - Variação mensal,%,Município,5208707,Goiânia - GO,202406,Índice geral,0.50,0.5
7060,63,IPCA - Variação mensal,%,Município,5208707,Goiânia - GO,202407,Índice geral,0.43,0.43
7060,63,IPCA - Variação mensal,%,Município,5208707,Goiânia - GO,202408,Índice geral,-0.51,-0.51
7060,63,IPCA - Variação mensal,%,Município,5208707,Goiânia - GO,202409,Índice geral,1.08,1.08
7060,63,IPCA - Variação mensal,%,Município,5208707,Goiânia - GO,202410,Índice geral,0.80,0.8
7060,63,IPCA - Variação mensal,%,Município,5208707,Goiânia - GO,202411,Índice geral,0.41,0.41
7060,63,IPCA - Variação mensal,%,Município,5208707,Goiânia - GO,202412,Índice geral,0.80,0.8
7060,63,IPCA - Variação mensal,%,Município,5208707,Goiânia - GO,202501,Índice geral,-0.03,-0.03
7060,63,IPCA - Variação mensal,%,Município,5208707,Goiânia - GO,202502,Índice geral,1.16,1.16
7060,63,IPCA - Variação mensal,%,Município,5208707,Goiânia - GO,202503,Índice geral,0.31,0.31
7060,63,IPCA - Variação mensal,%,Município,5208707,Goiânia - GO,202504,Índice geral,0.14,0.14
7060,63,IPCA - Variação mensal,%,Município,5208707,Goiânia - GO,202505,Índice geral,0.49,0.49
7060,63,IPCA - Variação mensal,%,Município,5208707,Goiânia - GO,202506,Índice geral,0.16,0.16
7060,63,IPCA - Variação mensal,%,Município,5208707,Goiânia - GO,202507,Índice geral,-0.14,-0.14
7060,63,IPCA - Variação mensal,%,Município,5208707,Goiânia - GO,202508,Índice geral,-0.40,-0.4
7060,63,IPCA - Variação mensal,%,Município,5208707,Goiânia - GO,202509,Índice geral,0.75,0.75
7060,63,IPCA - Variação mensal,%,Município,5208707,Goiânia - GO,202510,Índice geral,0.96,0.96
7060,63,IPCA - Variação mensal,%,Município,5208707,Goiânia - GO,202511,Índice geral,0.44,0.44
7060,63,IPCA - Variação mensal,%,Município,5208707,Goiânia - GO,202512,Índice geral,0.23,0.23
7060,63,IPCA - Variação mensal,%,Município,5208707,Goiânia - GO,202601,Índice geral,0.22,0.22
7060,63,IPCA - Variação mensal,%,Município,5208707,Goiânia - GO,202602,Índice geral,0.70,0.7
7060,63,IPCA - Variação mensal,%,Município,5208707,Goiânia - GO,202603,Índice geral,0.40,0.4
7060,63,IPCA - Variação mensal,%,Município,5208707,Goiânia - GO,202604,Índice geral,1.12,1.12
7060,63,IPCA - Variação mensal,%,Município,5208707,Goiânia - GO,202605,Índice geral,0.77,0.77
7060,63,IPCA - Variação mensal,%,Município,5208707,Goiânia - GO,202606,Índice geral,0.26,0.26
7060,63,IPCA - Variação mensal,%,Município,5208707,Goiânia - GO,202607,Índice geral,0.00,0.0
7060,63,IPCA - Variação mensal,%,Município,5208707,Goiânia - GO,202608,Índice geral,-0.22,-0.22
7060,63,IPCA - Variação mensal,%,Município,5300108,Brasília - DF,202309,Índice geral,0.29,0.29
7060,63,IPCA - Variação mensal,%,Município,5300108,Brasília - DF,202310,Índice geral,0.62,0.62
7060,63,IPCA - Variação mensal,%,Município,5300108,Brasília - DF,202311,Índice geral,0.40,0.4
7060,63,IPCA - Variação mensal,%,Município,5300108,Brasília - DF,202312,Índice geral,0.78,0.78
7060,63,IPCA - Variação mensal,%,Município,5300108,Brasília - DF,202401,Índice geral,-0.36,-0.36
7060,63,IPCA - Variação mensal,%,Município,5300108,Brasília - DF,202402,Índice geral,0.75,0.75
7060,63,IPCA - Variação mensal,%,Município,5300108,Brasília - DF,202403,Índice geral,0.21,0.21
7060,63,IPCA - Variação mensal,%,Município,5300108,Brasília - DF,202404,Índice geral,0.55,0.55
7060,63,IPCA - Variação mensal,%,Município,5300108,Brasília - DF,202405,Índice geral,0.34,0.34
7060,63,IPCA - Variação mensal,%,Município,5300108,Brasília - DF,202406,Índice geral,0.34,0.34
7060,63,IPCA - Variação mensal,%,Município,5300108,Brasília - DF,202407,Índice geral,0.36,0.36
7060,63,IPCA - Variação mensal,%,Município,5300108,Brasília - DF,202408,Índice geral,0.17,0.17
7060,63,IPCA - Variação mensal,%,Município,5300108,Brasília - DF,202409,Índice geral,0.26,0.26
7060,63,IPCA - Variação mensal,%,Município,5300108,Brasília - DF,202410,Índice geral,0.68,0.68
7060,63,IPCA - Variação mensal,%,Município,5300108,Brasília - DF,202411,Índice geral,0.30,0.3
7060,63,IPCA - Variação mensal,%,Município,5300108,Brasília - DF,202412,Índice geral,0.26,0.26
7060,63,IPCA - Variação mensal,%,Município,5300108,Brasília - DF,202501,Índice geral,0.56,0.56
7060,63,IPCA - Variação mensal,%,Município,5300108,Brasília - DF,202502,Índice geral,1.38,1.38
7060,63,IPCA - Variação mensal,%,Município,5300108,Brasília - DF,202503,Índice geral,0.27,0.27
7060,63,IPCA - Variação mensal,%,Município,5300108,Brasília - DF,202504,Índice geral,0.04,0.04
7060,63,IPCA - Variação mensal,%,Município,5300108,Brasília - DF,202505,Índice geral,0.82,0.82
7060,63,IPCA - Variação mensal,%,Município,5300108,Brasília - DF,202506,Índice geral,0.12,0.12
7060,63,IPCA - Variação mensal,%,Município,5300108,Brasília - DF,202507,Índice geral,0.01,0.01
7060,63,IPCA - Variação mensal,%,Município,5300108,Brasília - DF,202508,Índice geral,0.11,0.11
7060,63,IPCA - Variação mensal,%,Município,5300108,Brasília - DF,202509,Índice geral,0.41,0.41
7060,63,IPCA - Variação mensal,%,Município,5300108,Brasília - DF,202510,Índice geral,0.06,0.06
7060,63,IPCA - Variação mensal,%,Município,5300108,Brasília - DF,202511,Índice geral,0.28,0.28
7060,63,IPCA - Variação mensal,%,Município,5300108,Brasília - DF,202512,Índice geral,0.55,0.55
7060,63,IPCA - Variação mensal,%,Município,5300108,Brasília - DF,202601,Índice geral,0.26,0.26
7060,63,IPCA - Variação mensal,%,Município,5300108,Brasília - DF,202602,Índice geral,0.59,0.59
7060,63,IPCA - Variação mensal,%,Município,5300108,Brasília - DF,202603,Índice geral,0.85,0.85
7060,63,IPCA - Variação mensal,%,Município,5300108,Brasília - DF,202604,Índice geral,0.16,0.16
7060,63,IPCA - Variação mensal,%,Município,5300108,Brasília - DF,202605,Índice geral,0.63,0.63
7060,63,IPCA - Variação mensal,%,Município,5300108,Brasília - DF,202606,Índice geral,0.52,0.52
7060,63,IPCA - Variação mensal,%,Município,5300108,Brasília - DF,202607,Índice geral,0.04,0.04
7060,63,IPCA - Variação mensal,%,Município,5300108,Brasília - DF,202608,Índice geral,-0.02,-0.02
7060,63,IPCA - Variação mensal,%,Região Metropolitana até 2020,1501,Belém - PA,202309,Índice geral,0.44,0.44
7060,63,IPCA - Variação mensal,%,Região Metropolitana até 2020,1501,Belém - PA,202310,Índice geral,-0.06,-0.06
7060,63,IPCA - Variação mensal,%,Região Metropolitana até 2020,1501,Belém - PA,202311,Índice geral,0.14,0.14
7060,63,IPCA - Variação mensal,%,Região Metropolitana até 2020,1501,Belém - PA,202312,Índice geral,0.73,0.73
7060,63,IPCA - Variação mensal,%,Região Metropolitana até 2020,1501,Belém - PA,202401,Índice geral,0.75,0.75
7060,63,IPCA - Variação mensal,%,Região Metropolitana até 2020,1501,Belém - PA,202402,Índice geral,0.69,0.69
7060,63,IPCA - Variação mensal,%,Região Metropolitana até 2020,1501,Belém - PA,202403,Índice geral,0.54,0.54
7060,63,IPCA - Variação mensal,%,Região Metropolitana até 2020,1501,Belém - PA,202404,Índice geral,0.33,0.33
7060,63,IPCA - Variação mensal,%,Região Metropolitana até 2020,1501,Belém - PA,202405,Índice geral,0.13,0.13
7060,63,IPCA - Variação mensal,%,Região Metropolitana até 2020,1501,Belém - PA,202406,Índice geral,0.13,0.13
7060,63,IPCA - Variação mensal,%,Região Metropolitana até 2020,1501,Belém - PA,202407,Índice geral,0.39,0.39
7060,63,IPCA - Variação mensal,%,Região Metropolitana até 2020,1501,Belém - PA,202408,Índice geral,-0.40,-0.4
7060,63,IPCA - Variação mensal,%,Região Metropolitana até 2020,1501,Belém - PA,202409,Índice geral,0.18,0.18
7060,63,IPCA - Variação mensal,%,Região Metropolitana até 2020,1501,Belém - PA,202410,Índice geral,0.78,0.78
7060,63,IPCA - Variação mensal,%,Região Metropolitana até 2020,1501,Belém - PA,202411,Índice geral,0.46,0.46
7060,63,IPCA - Variação mensal,%,Região Metropolitana até 2020,1501,Belém - PA,202412,Índice geral,0.63,0.63
7060,63,IPCA - Variação mensal,%,Região Metropolitana até 2020,1501,Belém - PA,202501,Índice geral,0.22,0.22
7060,63,IPCA - Variação mensal,%,Região Metropolitana até 2020,1501,Belém - PA,202502,Índice geral,1.52,1.52
7060,63,IPCA - Variação mensal,%,Região Metropolitana até 2020,1501,Belém - PA,202503,Índice geral,0.35,0.35
7060,63,IPCA - Variação mensal,%,Região Metropolitana até 2020,1501,Belém - PA,202504,Índice geral,0.44,0.44
7060,63,IPCA - Variação mensal,%,Região Metropolitana até 2020,1501,Belém - PA,202505,Índice geral,0.66,0.66
7060,63,IPCA - Variação mensal,%,Região Metropolitana até 2020,1501,Belém - PA,202506,Índice geral,0.16,0.16
7060,63,IPCA - Variação mensal,%,Região Metropolitana até 2020,1501,Belém - PA,202507,Índice geral,-0.04,-0.04
7060,63,IPCA - Variação mensal,%,Região Metropolitana até 2020,1501,Belém - PA,202508,Índice geral,-0.15,-0.15
7060,63,IPCA - Variação mensal,%,Região Metropolitana até 2020,1501,Belém - PA,202509,Índice geral,0.27,0.27
7060,63,IPCA - Variação mensal,%,Região Metropolitana até 2020,1501,Belém - PA,202510,Índice geral,0.26,0.26
7060,63,IPCA - Variação mensal,%,Região Metropolitana até 2020,1501,Belém - PA,202511,Índice geral,0.11,0.11
7060,63,IPCA - Variação mensal,%,Região Metropolitana até 2020,1501,Belém - PA,202512,Índice geral,-0.10,-0.1
7060,63,IPCA - Variação mensal,%,Região Metropolitana até 2020,1501,Belém - PA,202601,Índice geral,0.16,0.16
7060,63,IPCA - Variação mensal,%,Região Metropolitana até 2020,1501,Belém - PA,202602,Índice geral,0.62,0.62
7060,63,IPCA - Variação mensal,%,Região Metropolitana até 2020,1501,Belém - PA,202603,Índice geral,1.31,1.31
7060,63,IPCA - Variação mensal,%,Região Metropolitana até 2020,1501,Belém - PA,202604,Índice geral,1.08,1.08
7060,63,IPCA - Variação mensal,%,Região Metropolitana até 2020,1501,Belém - PA,202605,Índice geral,0.63,0.63
7060,63,IPCA - Variação mensal,%,Região Metropolitana até 2020,1501,Belém - PA,202606,Índice geral,0.07,0.07
7060,63,IPCA - Variação mensal,%,Região Metropolitana até 2020,1501,Belém - PA,202607,Índice geral,-0.45,-0.45
7060,63,IPCA - Variação mensal,%,Região Metropolitana até 2020,1501,Belém - PA,202608,Índice geral,-0.35,-0.35
7060,63,IPCA - Variação mensal,%,Região Metropolitana até 2020,2301,Fortaleza - CE,202309,Índice geral,0.13,0.13
7060,63,IPCA - Variação mensal,%,Região Metropolitana até 2020,2301,Fortaleza - CE,202310,Índice geral,-0.06,-0.06
7060,63,IPCA - Variação mensal,%,Região Metropolitana até 2020,2301,Fortaleza - CE,202311,Índice geral,0.31,0.31
7060,63,IPCA - Variação mensal,%,Região Metropolitana até 2020,2301,Fortaleza - CE,202312,Índice geral,0.83,0.83
7060,63,IPCA - Variação mensal,%,Região Metropolitana até 2020,2301,Fortaleza - CE,202401,Índice geral,0.68,0.68
7060,63,IPCA - Variação mensal,%,Região Metropolitana até 2020,2301,Fortaleza - CE,202402,Índice geral,0.84,0.84
7060,63,IPCA - Variação mensal,%,Região Metropolitana até 2020,2301,Fortaleza - CE,202403,Índice geral,0.28,0.28
7060,63,IPCA - Variação mensal,%,Região Metropolitana até 2020,2301,Fortaleza - CE,202404,Índice geral,-0.15,-0.15
7060,63,IPCA - Variação mensal,%,Região Metropolitana até 2020,2301,Fortaleza - CE,202405,Índice geral,0.55,0.55
7060,63,IPCA - Variação mensal,%,Região Metropolitana até 2020,2301,Fortaleza - CE,202406,Índice geral,0.28,0.28
7060,63,IPCA - Variação mensal,%,Região Metropolitana até 2020,2301,Fortaleza - CE,202407,Índice geral,0.47,0.47
7060,63,IPCA - Variação mensal,%,Região Metropolitana até 2020,2301,Fortaleza - CE,202408,Índice geral,0.00,0.0
7060,63,IPCA - Variação mensal,%,Região Metropolitana até 2020,2301,Fortaleza - CE,202409,Índice geral,0.30,0.3
7060,63,IPCA - Variação mensal,%,Região Metropolitana até 2020,2301,Fortaleza - CE,202410,Índice geral,0.46,0.46
7060,63,IPCA - Variação mensal,%,Região Metropolitana até 2020,2301,Fortaleza - CE,202411,Índice geral,0.44,0.44
7060,63,IPCA - Variação mensal,%,Região Metropolitana até 2020,2301,Fortaleza - CE,202412,Índice geral,0.65,0.65
7060,63,IPCA - Variação mensal,%,Região Metropolitana até 2020,2301,Fortaleza - CE,202501,Índice geral,0.11,0.11
7060,63,IPCA - Variação mensal,%,Região Metropolitana até 2020,2301,Fortaleza - CE,202502,Índice geral,1.03,1.03
7060,63,IPCA - Variação mensal,%,Região Metropolitana até 2020,2301,Fortaleza - CE,202503,Índice geral,0.32,0.32
7060,63,IPCA - Variação mensal,%,Região Metropolitana até 2020,2301,Fortaleza - CE,202504,Índice geral,0.60,0.6
7060,63,IPCA - Variação mensal,%,Região Metropolitana até 2020,2301,Fortaleza - CE,202505,Índice geral,0.57,0.57
7060,63,IPCA - Variação mensal,%,Região Metropolitana até 2020,2301,Fortaleza - CE,202506,Índice geral,0.37,0.37
7060,63,IPCA - Variação mensal,%,Região Metropolitana até 2020,2301,Fortaleza - CE,202507,Índice geral,0.11,0.11
7060,63,IPCA - Variação mensal,%,Região Metropolitana até 2020,2301,Fortaleza - CE,202508,Índice geral,-0.07,-0.07
7060,63,IPCA - Variação mensal,%,Região Metropolitana até 2020,2301,Fortaleza - CE,202509,Índice geral,0.38,0.38
7060,63,IPCA - Variação mensal,%,Região Metropolitana até 2020,2301,Fortaleza - CE,202510,Índice geral,-0.02,-0.02
7060,63,IPCA - Variação mensal,%,Região Metropolitana até 2020,2301,Fortaleza - CE,202511,Índice geral,0.42,0.42
7060,63,IPCA - Variação mensal,%,Região Metropolitana até 2020,2301,Fortaleza - CE,202512,Índice geral,0.17,0.17
7060,63,IPCA - Variação mensal,%,Região Metropolitana até 2020,2301,Fortaleza - CE,202601,Índice geral,0.47,0.47
7060,63,IPCA - Variação mensal,%,Região Metropolitana até 2020,2301,Fortaleza - CE,202602,Índice geral,0.98,0.98
7060,63,IPCA - Variação mensal,%,Região Metropolitana até 2020,2301,Fortaleza - CE,202603,Índice geral,0.81,0.81
7060,63,IPCA - Variação mensal,%,Região Metropolitana até 2020,2301,Fortaleza - CE,202604,Índice geral,0.81,0.81
7060,63,IPCA - Variação mensal,%,Região Metropolitana até 2020,2301,Fortaleza - CE,202605,Índice geral,0.72,0.72
7060,63,IPCA - Variação mensal,%,Região Metropolitana até 2020,2301,Fortaleza - CE,202606,Índice geral,0.12,0.12
7060,63,IPCA - Variação mensal,%,Região Metropolitana até 2020,2301,Fortaleza - CE,202607,Índice geral,0.06,0.06
7060,63,IPCA - Variação mensal,%,Região Metropolitana até 2020,2301,Fortaleza - CE,202608,Índice geral,-0.10,-0.1
7060,63,IPCA - Variação mensal,%,Região Metropolitana até 2020,2601,Recife - PE,202309,Índice geral,0.05,0.05
7060,63,IPCA - Variação mensal,%,Região Metropolitana até 2020,2601,Recife - PE,202310,Índice geral,-0.09,-0.09
7060,63,IPCA - Variação mensal,%,Região Metropolitana até 2020,2601,Recife - PE,202311,Índice geral,-0.29,-0.29
7060,63,IPCA - Variação mensal,%,Região Metropolitana até 2020,2601,Recife - PE,202312,Índice geral,0.21,0.21
7060,63,IPCA - Variação mensal,%,Região Metropolitana até 2020,2601,Recife - PE,202401,Índice geral,0.63,0.63
7060,63,IPCA - Variação mensal,%,Região Metropolitana até 2020,2601,Recife - PE,202402,Índice geral,0.74,0.74
7060,63,IPCA - Variação mensal,%,Região Metropolitana até 2020,2601,Recife - PE,202403,Índice geral,0.33,0.33
7060,63,IPCA - Variação mensal,%,Região Metropolitana até 2020,2601,Recife - PE,202404,Índice geral,0.55,0.55
7060,63,IPCA - Variação mensal,%,Região Metropolitana até 2020,2601,Recife - PE,202405,Índice geral,0.43,0.43
7060,63,IPCA - Variação mensal,%,Região Metropolitana até 2020,2601,Recife - PE,202406,Índice geral,-0.09,-0.09
7060,63,IPCA - Variação mensal,%,Região Metropolitana até 2020,2601,Recife - PE,202407,Índice geral,0.33,0.33
7060,63,IPCA - Variação mensal,%,Região Metropolitana até 2020,2601,Recife - PE,202408,Índice geral,-0.07,-0.07
7060,63,IPCA - Variação mensal,%,Região Metropolitana até 2020,2601,Recife - PE,202409,Índice geral,0.17,0.17
7060,63,IPCA - Variação mensal,%,Região Metropolitana até 2020,2601,Recife - PE,202410,Índice geral,0.50,0.5
7060,63,IPCA - Variação mensal,%,Região Metropolitana até 2020,2601,Recife - PE,202411,Índice geral,0.42,0.42
7060,63,IPCA - Variação mensal,%,Região Metropolitana até 2020,2601,Recife - PE,202412,Índice geral,0.34,0.34
7060,63,IPCA - Variação mensal,%,Região Metropolitana até 2020,2601,Recife - PE,202501,Índice geral,0.12,0.12
7060,63,IPCA - Variação mensal,%,Região Metropolitana até 2020,2601,Recife - PE,202502,Índice geral,1.40,1.4
7060,63,IPCA - Variação mensal,%,Região Metropolitana até 2020,2601,Recife - PE,202503,Índice geral,0.36,0.36
7060,63,IPCA - Variação mensal,%,Região Metropolitana até 2020,2601,Recife - PE,202504,Índice geral,0.22,0.22
7060,63,IPCA - Variação mensal,%,Região Metropolitana até 2020,2601,Recife - PE,202505,Índice geral,0.56,0.56
7060,63,IPCA - Variação mensal,%,Região Metropolitana até 2020,2601,Recife - PE,202506,Índice geral,0.33,0.33
7060,63,IPCA - Variação mensal,%,Região Metropolitana até 2020,2601,Recife - PE,202507,Índice geral,0.32,0.32
7060,63,IPCA - Variação mensal,%,Região Metropolitana até 2020,2601,Recife - PE,202508,Índice geral,-0.24,-0.24
7060,63,IPCA - Variação mensal,%,Região Metropolitana até 2020,2601,Recife - PE,202509,Índice geral,0.56,0.56
7060,63,IPCA - Variação mensal,%,Região Metropolitana até 2020,2601,Recife - PE,202510,Índice geral,0.17,0.17
7060,63,IPCA - Variação mensal,%,Região Metropolitana até 2020,2601,Recife - PE,202511,Índice geral,-0.08,-0.08
7060,63,IPCA - Variação mensal,%,Região Metropolitana até 2020,2601,Recife - PE,202512,Índice geral,0.54,0.54
7060,63,IPCA - Variação mensal,%,Região Metropolitana até 2020,2601,Recife - PE,202601,Índice geral,0.28,0.28
7060,63,IPCA - Variação mensal,%,Região Metropolitana até 2020,2601,Recife - PE,202602,Índice geral,0.73,0.73
7060,63,IPCA - Variação mensal,%,Região Metropolitana até 2020,2601,Recife - PE,202603,Índice geral,1.10,1.1
7060,63,IPCA - Variação mensal,%,Região Metropolitana até 2020,2601,Recife - PE,202604,Índice geral,0.82,0.82
7060,63,IPCA - Variação mensal,%,Região Metropolitana até 2020,2601,Recife - PE,202605,Índice geral,0.95,0.95
7060,63,IPCA - Variação mensal,%,Região Metropolitana até 2020,2601,Recife - PE,202606,Índice geral,-0.04,-0.04
7060,63,IPCA - Variação mensal,%,Região Metropolitana até 2020,2601,Recife - PE,202607,Índice geral,0.09,0.09
7060,63,IPCA - Variação mensal,%,Região Metropolitana até 2020,2601,Recife - PE,202608,Índice geral,-0.53,-0.53
7060,63,IPCA - Variação mensal,%,Região Metropolitana até 2020,2901,Salvador - BA,202309,Índice geral,0.05,0.05
7060,63,IPCA - Variação mensal,%,Região Metropolitana até 2020,2901,Salvador - BA,202310,Índice geral,0.29,0.29
7060,63,IPCA - Variação mensal,%,Região Metropolitana até 2020,2901,Salvador - BA,202311,Índice geral,-0.17,-0.17
7060,63,IPCA - Variação mensal,%,Região Metropolitana até 2020,2901,Salvador - BA,202312,Índice geral,0.84,0.84
7060,63,IPCA - Variação mensal,%,Região Metropolitana até 2020,2901,Salvador - BA,202401,Índice geral,0.13,0.13
7060,63,IPCA - Variação mensal,%,Região Metropolitana até 2020,2901,Salvador - BA,202402,Índice geral,0.96,0.96
7060,63,IPCA - Variação mensal,%,Região Metropolitana até 2020,2901,Salvador - BA,202403,Índice geral,0.16,0.16
7060,63,IPCA - Variação mensal,%,Região Metropolitana até 2020,2901,Salvador - BA,202404,Índice geral,0.63,0.63
7060,63,IPCA - Variação mensal,%,Região Metropolitana até 2020,2901,Salvador - BA,202405,Índice geral,0.58,0.58
7060,63,IPCA - Variação mensal,%,Região Metropolitana até 2020,2901,Salvador - BA,202406,Índice geral,-0.04,-0.04
7060,63,IPCA - Variação mensal,%,Região Metropolitana até 2020,2901,Salvador - BA,202407,Índice geral,0.18,0.18
7060,63,IPCA - Variação mensal,%,Região Metropolitana até 2020,2901,Salvador - BA,202408,Índice geral,0.03,0.03
7060,63,IPCA - Variação mensal,%,Região Metropolitana até 2020,2901,Salvador - BA,202409,Índice geral,0.28,0.28
7060,63,IPCA - Variação mensal,%,Região Metropolitana até 2020,2901,Salvador - BA,202410,Índice geral,0.48,0.48
7060,63,IPCA - Variação mensal,%,Região Metropolitana até 2020,2901,Salvador - BA,202411,Índice geral,0.28,0.28
7060,63,IPCA - Variação mensal,%,Região Metropolitana até 2020,2901,Salvador - BA,202412,Índice geral,0.89,0.89
7060,63,IPCA - Variação mensal,%,Região Metropolitana até 2020,2901,Salvador - BA,202501,Índice geral,0.38,0.38
7060,63,IPCA - Variação mensal,%,Região Metropolitana até 2020,2901,Salvador - BA,202502,Índice geral,1.38,1.38
7060,63,IPCA - Variação mensal,%,Região Metropolitana até 2020,2901,Salvador - BA,202503,Índice geral,0.41,0.41
7060,63,IPCA - Variação mensal,%,Região Metropolitana até 2020,2901,Salvador - BA,202504,Índice geral,0.16,0.16
7060,63,IPCA - Variação mensal,%,Região Metropolitana até 2020,2901,Salvador - BA,202505,Índice geral,0.35,0.35
7060,63,IPCA - Variação mensal,%,Região Metropolitana até 2020,2901,Salvador - BA,202506,Índice geral,0.29,0.29
7060,63,IPCA - Variação mensal,%,Região Metropolitana até 2020,2901,Salvador - BA,202507,Índice geral,0.02,0.02
7060,63,IPCA - Variação mensal,%,Região Metropolitana até 2020,2901,Salvador - BA,202508,Índice geral,-0.08,-0.08
7060,63,IPCA - Variação mensal,%,Região Metropolitana até 2020,2901,Salvador - BA,202509,Índice geral,0.17,0.17
7060,63,IPCA - Variação mensal,%,Região Metropolitana até 2020,2901,Salvador - BA,202510,Índice geral,0.06,0.06
7060,63,IPCA - Variação mensal,%,Região Metropolitana até 2020,2901,Salvador - BA,202511,Índice geral,0.01,0.01
7060,63,IPCA - Variação mensal,%,Região Metropolitana até 2020,2901,Salvador - BA,202512,Índice geral,0.59,0.59
7060,63,IPCA - Variação mensal,%,Região Metropolitana até 2020,2901,Salvador - BA,202601,Índice geral,0.52,0.52
7060,63,IPCA - Variação mensal,%,Região Metropolitana até 2020,2901,Salvador - BA,202602,Índice geral,0.40,0.4
7060,63,IPCA - Variação mensal,%,Região Metropolitana até 2020,2901,Salvador - BA,202603,Índice geral,1.47,1.47
7060,63,IPCA - Variação mensal,%,Região Metropolitana até 2020,2901,Salvador - BA,202604,Índice geral,0.64,0.64
7060,63,IPCA - Variação mensal,%,Região Metropolitana até 2020,2901,Salvador - BA,202605,Índice geral,0.51,0.51
7060,63,IPCA - Variação mensal,%,Região Metropolitana até 2020,2901,Salvador - BA,202606,Índice geral,0.15,0.15
7060,63,IPCA - Variação mensal,%,Região Metropolitana até 2020,2901,Salvador - BA,202607,Índice geral,-0.32,-0.32
7060,63,IPCA - Variação mensal,%,Região Metropolitana até 2020,2901,Salvador - BA,202608,Índice geral,-0.59,-0.59
7060,63,IPCA - Variação mensal,%,Região Metropolitana até 2020,3101,Belo Horizonte - MG,202309,Índice geral,0.25,0.25
7060,63,IPCA - Variação mensal,%,Região Metropolitana até 2020,3101,Belo Horizonte - MG,202310,Índice geral,0.45,0.45
7060,63,IPCA - Variação mensal,%,Região Metropolitana até 2020,3101,Belo Horizonte - MG,202311,Índice geral,0.27,0.27
7060,63,IPCA - Variação mensal,%,Região Metropolitana até 2020,3101,Belo Horizonte - MG,202312,Índice geral,0.80,0.8
7060,63,IPCA - Variação mensal,%,Região Metropolitana até 2020,3101,Belo Horizonte - MG,202401,Índice geral,1.10,1.1
7060,63,IPCA - Variação mensal,%,Região Metropolitana até 2020,3101,Belo Horizonte - MG,202402,Índice geral,0.82,0.82
7060,63,IPCA - Variação mensal,%,Região Metropolitana até 2020,3101,Belo Horizonte - MG,202403,Índice geral,0.12,0.12
7060,63,IPCA - Variação mensal,%,Região Metropolitana até 2020,3101,Belo Horizonte - MG,202404,Índice geral,0.45,0.45
7060,63,IPCA - Variação mensal,%,Região Metropolitana até 2020,3101,Belo Horizonte - MG,202405,Índice geral,0.63,0.63
7060,63,IPCA - Variação mensal,%,Região Metropolitana até 2020,3101,Belo Horizonte - MG,202406,Índice geral,0.46,0.46
7060,63,IPCA - Variação mensal,%,Região Metropolitana até 2020,3101,Belo Horizonte - MG,202407,Índice geral,0.26,0.26
7060,63,IPCA - Variação mensal,%,Região Metropolitana até 2020,3101,Belo Horizonte - MG,202408,Índice geral,0.13,0.13
7060,63,IPCA - Variação mensal,%,Região Metropolitana até 2020,3101,Belo Horizonte - MG,202409,Índice geral,0.51,0.51
7060,63,IPCA - Variação mensal,%,Região Metropolitana até 2020,3101,Belo Horizonte - MG,202410,Índice geral,0.50,0.5
7060,63,IPCA - Variação mensal,%,Região Metropolitana até 2020,3101,Belo Horizonte - MG,202411,Índice geral,0.57,0.57
7060,63,IPCA - Variação mensal,%,Região Metropolitana até 2020,3101,Belo Horizonte - MG,202412,Índice geral,0.25,0.25
7060,63,IPCA - Variação mensal,%,Região Metropolitana até 2020,3101,Belo Horizonte - MG,202501,Índice geral,0.43,0.43
7060,63,IPCA - Variação mensal,%,Região Metropolitana até 2020,3101,Belo Horizonte - MG,202502,Índice geral,1.31,1.31
7060,63,IPCA - Variação mensal,%,Região Metropolitana até 2020,3101,Belo Horizonte - MG,202503,Índice geral,0.41,0.41
7060,63,IPCA - Variação mensal,%,Região Metropolitana até 2020,3101,Belo Horizonte - MG,202504,Índice geral,0.49,0.49
7060,63,IPCA - Variação mensal,%,Região Metropolitana até 2020,3101,Belo Horizonte - MG,202505,Índice geral,0.17,0.17
7060,63,IPCA - Variação mensal,%,Região Metropolitana até 2020,3101,Belo Horizonte - MG,202506,Índice geral,0.53,0.53
7060,63,IPCA - Variação mensal,%,Região Metropolitana até 2020,3101,Belo Horizonte - MG,202507,Índice geral,0.22,0.22
7060,63,IPCA - Variação mensal,%,Região Metropolitana até 2020,3101,Belo Horizonte - MG,202508,Índice geral,-0.26,-0.26
7060,63,IPCA - Variação mensal,%,Região Metropolitana até 2020,3101,Belo Horizonte - MG,202509,Índice geral,0.31,0.31
7060,63,IPCA - Variação mensal,%,Região Metropolitana até 2020,3101,Belo Horizonte - MG,202510,Índice geral,-0.15,-0.15
7060,63,IPCA - Variação mensal,%,Região Metropolitana até 2020,3101,Belo Horizonte - MG,202511,Índice geral,0.04,0.04
7060,63,IPCA - Variação mensal,%,Região Metropolitana até 2020,3101,Belo Horizonte - MG,202512,Índice geral,0.41,0.41
7060,63,IPCA - Variação mensal,%,Região Metropolitana até 2020,3101,Belo Horizonte - MG,202601,Índice geral,0.44,0.44
7060,63,IPCA - Variação mensal,%,Região Metropolitana até 2020,3101,Belo Horizonte - MG,202602,Índice geral,0.76,0.76
7060,63,IPCA - Variação mensal,%,Região Metropolitana até 2020,3101,Belo Horizonte - MG,202603,Índice geral,0.93,0.93
7060,63,IPCA - Variação mensal,%,Região Metropolitana até 2020,3101,Belo Horizonte - MG,202604,Índice geral,0.61,0.61
7060,63,IPCA - Variação mensal,%,Região Metropolitana até 2020,3101,Belo Horizonte - MG,202605,Índice geral,0.34,0.34
7060,63,IPCA - Variação mensal,%,Região Metropolitana até 2020,3101,Belo Horizonte - MG,202606,Índice geral,0.12,0.12
7060,63,IPCA - Variação mensal,%,Região Metropolitana até 2020,3101,Belo Horizonte - MG,202607,Índice geral,-0.17,-0.17
7060,63,IPCA - Variação mensal,%,Região Metropolitana até 2020,3101,Belo Horizonte - MG,202608,Índice geral,-0.29,-0.29
7060,63,IPCA - Variação mensal,%,Região Metropolitana até 2020,3201,Grande Vitória - ES,202309,Índice geral,0.42,0.42
7060,63,IPCA - Variação mensal,%,Região Metropolitana até 2020,3201,Grande Vitória - ES,202310,Índice geral,0.18,0.18
7060,63,IPCA - Variação mensal,%,Região Metropolitana até 2020,3201,Grande Vitória - ES,202311,Índice geral,0.40,0.4
7060,63,IPCA - Variação mensal,%,Região Metropolitana até 2020,3201,Grande Vitória - ES,202312,Índice geral,0.58,0.58
7060,63,IPCA - Variação mensal,%,Região Metropolitana até 2020,3201,Grande Vitória - ES,202401,Índice geral,0.37,0.37
7060,63,IPCA - Variação mensal,%,Região Metropolitana até 2020,3201,Grande Vitória - ES,202402,Índice geral,0.70,0.7
7060,63,IPCA - Variação mensal,%,Região Metropolitana até 2020,3201,Grande Vitória - ES,202403,Índice geral,0.05,0.05
7060,63,IPCA - Variação mensal,%,Região Metropolitana até 2020,3201,Grande Vitória - ES,202404,Índice geral,0.43,0.43
7060,63,IPCA - Variação mensal,%,Região Metropolitana até 2020,3201,Grande Vitória - ES,202405,Índice geral,0.51,0.51
7060,63,IPCA - Variação mensal,%,Região Metropolitana até 2020,3201,Grande Vitória - ES,202406,Índice geral,0.05,0.05
7060,63,IPCA - Variação mensal,%,Região Metropolitana até 2020,3201,Grande Vitória - ES,202407,Índice geral,0.25,0.25
7060,63,IPCA - Variação mensal,%,Região Metropolitana até 2020,3201,Grande Vitória - ES,202408,Índice geral,0.14,0.14
7060,63,IPCA - Variação mensal,%,Região Metropolitana até 2020,3201,Grande Vitória - ES,202409,Índice geral,0.49,0.49
7060,63,IPCA - Variação mensal,%,Região Metropolitana até 2020,3201,Grande Vitória - ES,202410,Índice geral,0.50,0.5
7060,63,IPCA - Variação mensal,%,Região Metropolitana até 2020,3201,Grande Vitória - ES,202411,Índice geral,0.16,0.16
7060,63,IPCA - Variação mensal,%,Região Metropolitana até 2020,3201,Grande Vitória - ES,202412,Índice geral,0.52,0.52
7060,63,IPCA - Variação mensal,%,Região Metropolitana até 2020,3201,Grande Vitória - ES,202501,Índice geral,0.35,0.35
7060,63,IPCA - Variação mensal,%,Região Metropolitana até 2020,3201,Grande Vitória - ES,202502,Índice geral,1.51,1.51
7060,63,IPCA - Variação mensal,%,Região Metropolitana até 2020,3201,Grande Vitória - ES,202503,Índice geral,0.53,0.53
7060,63,IPCA - Variação mensal,%,Região Metropolitana até 2020,3201,Grande Vitória - ES,202504,Índice geral,0.33,0.33
7060,63,IPCA - Variação mensal,%,Região Metropolitana até 2020,3201,Grande Vitória - ES,202505,Índice geral,0.20,0.2
7060,63,IPCA - Variação mensal,%,Região Metropolitana até 2020,3201,Grande Vitória - ES,202506,Índice geral,0.25,0.25
7060,63,IPCA - Variação mensal,%,Região Metropolitana até 2020,3201,Grande Vitória - ES,202507,Índice geral,0.10,0.1
7060,63,IPCA - Variação mensal,%,Região Metropolitana até 2020,3201,Grande Vitória - ES,202508,Índice geral,0.23,0.23
7060,63,IPCA - Variação mensal,%,Região Metropolitana até 2020,3201,Grande Vitória - ES,202509,Índice geral,0.76,0.76
7060,63,IPCA - Variação mensal,%,Região Metropolitana até 2020,3201,Grande Vitória - ES,202510,Índice geral,0.31,0.31
7060,63,IPCA - Variação mensal,%,Região Metropolitana até 2020,3201,Grande Vitória - ES,202511,Índice geral,0.09,0.09
7060,63,IPCA - Variação mensal,%,Região Metropolitana até 2020,3201,Grande Vitória - ES,202512,Índice geral,0.21,0.21
7060,63,IPCA - Variação mensal,%,Região Metropolitana até 2020,3201,Grande Vitória - ES,202601,Índice geral,0.42,0.42
7060,63,IPCA - Variação mensal,%,Região Metropolitana até 2020,3201,Grande Vitória - ES,202602,Índice geral,0.75,0.75
7060,63,IPCA - Variação mensal,%,Região Metropolitana até 2020,3201,Grande Vitória - ES,202603,Índice geral,0.72,0.72
7060,63,IPCA - Variação mensal,%,Região Metropolitana até 2020,3201,Grande Vitória - ES,202604,Índice geral,0.56,0.56
7060,63,IPCA - Variação mensal,%,Região Metropolitana até 2020,3201,Grande Vitória - ES,202605,Índice geral,0.32,0.32
7060,63,IPCA - Variação mensal,%,Região Metropolitana até 2020,3201,Grande Vitória - ES,202606,Índice geral,0.38,0.38
7060,63,IPCA - Variação mensal,%,Região Metropolitana até 2020,3201,Grande Vitória - ES,202607,Índice geral,0.19,0.19
7060,63,IPCA - Variação mensal,%,Região Metropolitana até 2020,3201,Grande Vitória - ES,202608,Índice geral,-0.22,-0.22
7060,63,IPCA - Variação mensal,%,Região Metropolitana até 2020,3301,Rio de Janeiro - RJ,202309,Índice geral,0.18,0.18
7060,63,IPCA - Variação mensal,%,Região Metropolitana até 2020,3301,Rio de Janeiro - RJ,202310,Índice geral,0.38,0.38
7060,63,IPCA - Variação mensal,%,Região Metropolitana até 2020,3301,Rio de Janeiro - RJ,202311,Índice geral,0.57,0.57
7060,63,IPCA - Variação mensal,%,Região Metropolitana até 2020,3301,Rio de Janeiro - RJ,202312,Índice geral,0.65,0.65
7060,63,IPCA - Variação mensal,%,Região Metropolitana até 2020,3301,Rio de Janeiro - RJ,202401,Índice geral,0.44,0.44
7060,63,IPCA - Variação mensal,%,Região Metropolitana até 2020,3301,Rio de Janeiro - RJ,202402,Índice geral,0.88,0.88
7060,63,IPCA - Variação mensal,%,Região Metropolitana até 2020,3301,Rio de Janeiro - RJ,202403,Índice geral,0.17,0.17
7060,63,IPCA - Variação mensal,%,Região Metropolitana até 2020,3301,Rio de Janeiro - RJ,202404,Índice geral,0.15,0.15
7060,63,IPCA - Variação mensal,%,Região Metropolitana até 2020,3301,Rio de Janeiro - RJ,202405,Índice geral,0.44,0.44
7060,63,IPCA - Variação mensal,%,Região Metropolitana até 2020,3301,Rio de Janeiro - RJ,202406,Índice geral,0.11,0.11
7060,63,IPCA - Variação mensal,%,Região Metropolitana até 2020,3301,Rio de Janeiro - RJ,202407,Índice geral,0.28,0.28
7060,63,IPCA - Variação mensal,%,Região Metropolitana até 2020,3301,Rio de Janeiro - RJ,202408,Índice geral,-0.08,-0.08
7060,63,IPCA - Variação mensal,%,Região Metropolitana até 2020,3301,Rio de Janeiro - RJ,202409,Índice geral,0.53,0.53
7060,63,IPCA - Variação mensal,%,Região Metropolitana até 2020,3301,Rio de Janeiro - RJ,202410,Índice geral,0.60,0.6
7060,63,IPCA - Variação mensal,%,Região Metropolitana até 2020,3301,Rio de Janeiro - RJ,202411,Índice geral,0.49,0.49
7060,63,IPCA - Variação mensal,%,Região Metropolitana até 2020,3301,Rio de Janeiro - RJ,202412,Índice geral,0.58,0.58
7060,63,IPCA - Variação mensal,%,Região Metropolitana até 2020,3301,Rio de Janeiro - RJ,202501,Índice geral,0.06,0.06
7060,63,IPCA - Variação mensal,%,Região Metropolitana até 2020,3301,Rio de Janeiro - RJ,202502,Índice geral,1.40,1.4
7060,63,IPCA - Variação mensal,%,Região Metropolitana até 2020,3301,Rio de Janeiro - RJ,202503,Índice geral,0.53,0.53
7060,63,IPCA - Variação mensal,%,Região Metropolitana até 2020,3301,Rio de Janeiro - RJ,202504,Índice geral,0.16,0.16
7060,63,IPCA - Variação mensal,%,Região Metropolitana até 2020,3301,Rio de Janeiro - RJ,202505,Índice geral,0.21,0.21
7060,63,IPCA - Variação mensal,%,Região Metropolitana até 2020,3301,Rio de Janeiro - RJ,202506,Índice geral,0.08,0.08
7060,63,IPCA - Variação mensal,%,Região Metropolitana até 2020,3301,Rio de Janeiro - RJ,202507,Índice geral,0.24,0.24
7060,63,IPCA - Variação mensal,%,Região Metropolitana até 2020,3301,Rio de Janeiro - RJ,202508,Índice geral,-0.34,-0.34
7060,63,IPCA - Variação mensal,%,Região Metropolitana até 2020,3301,Rio de Janeiro - RJ,202509,Índice geral,0.48,0.48
7060,63,IPCA - Variação mensal,%,Região Metropolitana até 2020,3301,Rio de Janeiro - RJ,202510,Índice geral,-0.06,-0.06
7060,63,IPCA - Variação mensal,%,Região Metropolitana até 2020,3301,Rio de Janeiro - RJ,202511,Índice geral,0.12,0.12
7060,63,IPCA - Variação mensal,%,Região Metropolitana até 2020,3301,Rio de Janeiro - RJ,202512,Índice geral,0.52,0.52
7060,63,IPCA - Variação mensal,%,Região Metropolitana até 2020,3301,Rio de Janeiro - RJ,202601,Índice geral,0.30,0.3
7060,63,IPCA - Variação mensal,%,Região Metropolitana até 2020,3301,Rio de Janeiro - RJ,202602,Índice geral,0.74,0.74
7060,63,IPCA - Variação mensal,%,Região Metropolitana até 2020,3301,Rio de Janeiro - RJ,202603,Índice geral,0.78,0.78
7060,63,IPCA - Variação mensal,%,Região Metropolitana até 2020,3301,Rio de Janeiro - RJ,202604,Índice geral,0.73,0.73
7060,63,IPCA - Variação mensal,%,Região Metropolitana até 2020,3301,Rio de Janeiro - RJ,202605,Índice geral,0.53,0.53
7060,63,IPCA - Variação mensal,%,Região Metropolitana até 2020,3301,Rio de Janeiro - RJ,202606,Índice geral,0.32,0.32
7060,63,IPCA - Variação mensal,%,Região Metropolitana até 2020,3301,Rio de Janeiro - RJ,202607,Índice geral,0.30,0.3
7060,63,IPCA - Variação mensal,%,Região Metropolitana até 2020,3301,Rio de Janeiro - RJ,202608,Índice geral,-0.42,-0.42
7060,63,IPCA - Variação mensal,%,Região Metropolitana até 2020,3501,São Paulo - SP,202309,Índice geral,0.38,0.38
7060,63,IPCA - Variação mensal,%,Região Metropolitana até 2020,3501,São Paulo - SP,202310,Índice geral,0.23,0.23
7060,63,IPCA - Variação mensal,%,Região Metropolitana até 2020,3501,São Paulo - SP,202311,Índice geral,0.42,0.42
7060,63,IPCA - Variação mensal,%,Região Metropolitana até 2020,3501,São Paulo - SP,202312,Índice geral,0.54,0.54
7060,63,IPCA - Variação mensal,%,Região Metropolitana até 2020,3501,São Paulo - SP,202401,Índice geral,0.25,0.25
7060,63,IPCA - Variação mensal,%,Região Metropolitana até 2020,3501,São Paulo - SP,202402,Índice geral,0.93,0.93
7060,63,IPCA - Variação mensal,%,Região Metropolitana até 2020,3501,São Paulo - SP,202403,Índice geral,0.14,0.14
7060,63,IPCA - Variação mensal,%,Região Metropolitana até 2020,3501,São Paulo - SP,202404,Índice geral,0.35,0.35
7060,63,IPCA - Variação mensal,%,Região Metropolitana até 2020,3501,São Paulo - SP,202405,Índice geral,0.37,0.37
7060,63,IPCA - Variação mensal,%,Região Metropolitana até 2020,3501,São Paulo - SP,202406,Índice geral,0.29,0.29
7060,63,IPCA - Variação mensal,%,Região Metropolitana até 2020,3501,São Paulo - SP,202407,Índice geral,0.52,0.52
7060,63,IPCA - Variação mensal,%,Região Metropolitana até 2020,3501,São Paulo - SP,202408,Índice geral,0.10,0.1
7060,63,IPCA - Variação mensal,%,Região Metropolitana até 2020,3501,São Paulo - SP,202409,Índice geral,0.36,0.36
7060,63,IPCA - Variação mensal,%,Região Metropolitana até 2020,3501,São Paulo - SP,202410,Índice geral,0.67,0.67
7060,63,IPCA - Variação mensal,%,Região Metropolitana até 2020,3501,São Paulo - SP,202411,Índice geral,0.40,0.4
7060,63,IPCA - Variação mensal,%,Região Metropolitana até 2020,3501,São Paulo - SP,202412,Índice geral,0.52,0.52
7060,63,IPCA - Variação mensal,%,Região Metropolitana até 2020,3501,São Paulo - SP,202501,Índice geral,0.15,0.15
7060,63,IPCA - Variação mensal,%,Região Metropolitana até 2020,3501,São Paulo - SP,202502,Índice geral,1.18,1.18
7060,63,IPCA - Variação mensal,%,Região Metropolitana até 2020,3501,São Paulo - SP,202503,Índice geral,0.71,0.71
7060,63,IPCA - Variação mensal,%,Região Metropolitana até 2020,3501,São Paulo - SP,202504,Índice geral,0.52,0.52
7060,63,IPCA - Variação mensal,%,Região Metropolitana até 2020,3501,São Paulo - SP,202505,Índice geral,0.12,0.12
7060,63,IPCA - Variação mensal,%,Região Metropolitana até 2020,3501,São Paulo - SP,202506,Índice geral,0.29,0.29
7060,63,IPCA - Variação mensal,%,Região Metropolitana até 2020,3501,São Paulo - SP,202507,Índice geral,0.46,0.46
7060,63,IPCA - Variação mensal,%,Região Metropolitana até 2020,3501,São Paulo - SP,202508,Índice geral,0.10,0.1
7060,63,IPCA - Variação mensal,%,Região Metropolitana até 2020,3501,São Paulo - SP,202509,Índice geral,0.57,0.57
7060,63,IPCA - Variação mensal,%,Região Metropolitana até 2020,3501,São Paulo - SP,202510,Índice geral,0.04,0.04
7060,63,IPCA - Variação mensal,%,Região Metropolitana até 2020,3501,São Paulo - SP,202511,Índice geral,0.28,0.28
7060,63,IPCA - Variação mensal,%,Região Metropolitana até 2020,3501,São Paulo - SP,202512,Índice geral,0.27,0.27
7060,63,IPCA - Variação mensal,%,Região Metropolitana até 2020,3501,São Paulo - SP,202601,Índice geral,0.28,0.28
7060,63,IPCA - Variação mensal,%,Região Metropolitana até 2020,3501,São Paulo - SP,202602,Índice geral,0.97,0.97
7060,63,IPCA - Variação mensal,%,Região Metropolitana até 2020,3501,São Paulo - SP,202603,Índice geral,0.78,0.78
7060,63,IPCA - Variação mensal,%,Região Metropolitana até 2020,3501,São Paulo - SP,202604,Índice geral,0.55,0.55
7060,63,IPCA - Variação mensal,%,Região Metropolitana até 2020,3501,São Paulo - SP,202605,Índice geral,0.61,0.61
7060,63,IPCA - Variação mensal,%,Região Metropolitana até 2020,3501,São Paulo - SP,202606,Índice geral,-0.03,-0.03
7060,63,IPCA - Variação mensal,%,Região Metropolitana até 2020,3501,São Paulo - SP,202607,Índice geral,0.29,0.29
7060,63,IPCA - Variação mensal,%,Região Metropolitana até 2020,3501,São Paulo - SP,202608,Índice geral,-0.22,-0.22
7060,63,IPCA - Variação mensal,%,Região Metropolitana até 2020,4101,Curitiba - PR,202309,Índice geral,0.22,0.22
7060,63,IPCA - Variação mensal,%,Região Metropolitana até 2020,4101,Curitiba - PR,202310,Índice geral,0.17,0.17
7060,63,IPCA - Variação mensal,%,Região Metropolitana até 2020,4101,Curitiba - PR,202311,Índice geral,-0.04,-0.04
7060,63,IPCA - Variação mensal,%,Região Metropolitana até 2020,4101,Curitiba - PR,202312,Índice geral,0.26,0.26
7060,63,IPCA - Variação mensal,%,Região Metropolitana até 2020,4101,Curitiba - PR,202401,Índice geral,0.39,0.39
7060,63,IPCA - Variação mensal,%,Região Metropolitana até 2020,4101,Curitiba - PR,202402,Índice geral,0.84,0.84
7060,63,IPCA - Variação mensal,%,Região Metropolitana até 2020,4101,Curitiba - PR,202403,Índice geral,0.03,0.03
7060,63,IPCA - Variação mensal,%,Região Metropolitana até 2020,4101,Curitiba - PR,202404,Índice geral,0.37,0.37
7060,63,IPCA - Variação mensal,%,Região Metropolitana até 2020,4101,Curitiba - PR,202405,Índice geral,0.49,0.49
7060,63,IPCA - Variação mensal,%,Região Metropolitana até 2020,4101,Curitiba - PR,202406,Índice geral,0.25,0.25
7060,63,IPCA - Variação mensal,%,Região Metropolitana até 2020,4101,Curitiba - PR,202407,Índice geral,0.30,0.3
7060,63,IPCA - Variação mensal,%,Região Metropolitana até 2020,4101,Curitiba - PR,202408,Índice geral,-0.36,-0.36
7060,63,IPCA - Variação mensal,%,Região Metropolitana até 2020,4101,Curitiba - PR,202409,Índice geral,0.77,0.77
7060,63,IPCA - Variação mensal,%,Região Metropolitana até 2020,4101,Curitiba - PR,202410,Índice geral,0.42,0.42
7060,63,IPCA - Variação mensal,%,Região Metropolitana até 2020,4101,Curitiba - PR,202411,Índice geral,0.39,0.39
7060,63,IPCA - Variação mensal,%,Região Metropolitana até 2020,4101,Curitiba - PR,202412,Índice geral,0.46,0.46
7060,63,IPCA - Variação mensal,%,Região Metropolitana até 2020,4101,Curitiba - PR,202501,Índice geral,-0.09,-0.09
7060,63,IPCA - Variação mensal,%,Região Metropolitana até 2020,4101,Curitiba - PR,202502,Índice geral,1.55,1.55
7060,63,IPCA - Variação mensal,%,Região Metropolitana até 2020,4101,Curitiba - PR,202503,Índice geral,0.76,0.76
7060,63,IPCA - Variação mensal,%,Região Metropolitana até 2020,4101,Curitiba - PR,202504,Índice geral,0.37,0.37
7060,63,IPCA - Variação mensal,%,Região Metropolitana até 2020,4101,Curitiba - PR,202505,Índice geral,0.30,0.3
7060,63,IPCA - Variação mensal,%,Região Metropolitana até 2020,4101,Curitiba - PR,202506,Índice geral,0.14,0.14
7060,63,IPCA - Variação mensal,%,Região Metropolitana até 2020,4101,Curitiba - PR,202507,Índice geral,0.33,0.33
7060,63,IPCA - Variação mensal,%,Região Metropolitana até 2020,4101,Curitiba - PR,202508,Índice geral,-0.07,-0.07
7060,63,IPCA - Variação mensal,%,Região Metropolitana até 2020,4101,Curitiba - PR,202509,Índice geral,0.37,0.37
7060,63,IPCA - Variação mensal,%,Região Metropolitana até 2020,4101,Curitiba - PR,202510,Índice geral,-0.02,-0.02
7060,63,IPCA - Variação mensal,%,Região Metropolitana até 2020,4101,Curitiba - PR,202511,Índice geral,0.16,0.16
7060,63,IPCA - Variação mensal,%,Região Metropolitana até 2020,4101,Curitiba - PR,202512,Índice geral,-0.02,-0.02
7060,63,IPCA - Variação mensal,%,Região Metropolitana até 2020,4101,Curitiba - PR,202601,Índice geral,0.41,0.41
7060,63,IPCA - Variação mensal,%,Região Metropolitana até 2020,4101,Curitiba - PR,202602,Índice geral,0.32,0.32
7060,63,IPCA - Variação mensal,%,Região Metropolitana até 2020,4101,Curitiba - PR,202603,Índice geral,0.70,0.7
7060,63,IPCA - Variação mensal,%,Região Metropolitana até 2020,4101,Curitiba - PR,202604,Índice geral,0.66,0.66
7060,63,IPCA - Variação mensal,%,Região Metropolitana até 2020,4101,Curitiba - PR,202605,Índice geral,0.29,0.29
7060,63,IPCA - Variação mensal,%,Região Metropolitana até 2020,4101,Curitiba - PR,202606,Índice geral,0.42,0.42
7060,63,IPCA - Variação mensal,%,Região Metropolitana até 2020,4101,Curitiba - PR,202607,Índice geral,-0.21,-0.21
7060,63,IPCA - Variação mensal,%,Região Metropolitana até 2020,4101,Curitiba - PR,202608,Índice geral,-0.64,-0.64
7060,63,IPCA - Variação mensal,%,Região Metropolitana até 2020,4301,Porto Alegre - RS,202309,Índice geral,0.18,0.18
7060,63,IPCA - Variação mensal,%,Região Metropolitana até 2020,4301,Porto Alegre - RS,202310,Índice geral,0.04,0.04
7060,63,IPCA - Variação mensal,%,Região Metropolitana até 2020,4301,Porto Alegre - RS,202311,Índice geral,0.34,0.34
7060,63,IPCA - Variação mensal,%,Região Metropolitana até 2020,4301,Porto Alegre - RS,202312,Índice geral,0.43,0.43
7060,63,IPCA - Variação mensal,%,Região Metropolitana até 2020,4301,Porto Alegre - RS,202401,Índice geral,0.13,0.13
7060,63,IPCA - Variação mensal,%,Região Metropolitana até 2020,4301,Porto Alegre - RS,202402,Índice geral,0.52,0.52
7060,63,IPCA - Variação mensal,%,Região Metropolitana até 2020,4301,Porto Alegre - RS,202403,Índice geral,-0.13,-0.13
7060,63,IPCA - Variação mensal,%,Região Metropolitana até 2020,4301,Porto Alegre - RS,202404,Índice geral,0.64,0.64
7060,63,IPCA - Variação mensal,%,Região Metropolitana até 2020,4301,Porto Alegre - RS,202405,Índice geral,0.87,0.87
7060,63,IPCA - Variação mensal,%,Região Metropolitana até 2020,4301,Porto Alegre - RS,202406,Índice geral,-0.14,-0.14
7060,63,IPCA - Variação mensal,%,Região Metropolitana até 2020,4301,Porto Alegre - RS,202407,Índice geral,0.36,0.36
7060,63,IPCA - Variação mensal,%,Região Metropolitana até 2020,4301,Porto Alegre - RS,202408,Índice geral,0.18,0.18
7060,63,IPCA - Variação mensal,%,Região Metropolitana até 2020,4301,Porto Alegre - RS,202409,Índice geral,0.39,0.39
7060,63,IPCA - Variação mensal,%,Região Metropolitana até 2020,4301,Porto Alegre - RS,202410,Índice geral,0.16,0.16
7060,63,IPCA - Variação mensal,%,Região Metropolitana até 2020,4301,Porto Alegre - RS,202411,Índice geral,0.03,0.03
7060,63,IPCA - Variação mensal,%,Região Metropolitana até 2020,4301,Porto Alegre - RS,202412,Índice geral,0.50,0.5
7060,63,IPCA - Variação mensal,%,Região Metropolitana até 2020,4301,Porto Alegre - RS,202501,Índice geral,-0.03,-0.03
7060,63,IPCA - Variação mensal,%,Região Metropolitana até 2020,4301,Porto Alegre - RS,202502,Índice geral,1.29,1.29
7060,63,IPCA - Variação mensal,%,Região Metropolitana até 2020,4301,Porto Alegre - RS,202503,Índice geral,0.76,0.76
7060,63,IPCA - Variação mensal,%,Região Metropolitana até 2020,4301,Porto Alegre - RS,202504,Índice geral,0.95,0.95
7060,63,IPCA - Variação mensal,%,Região Metropolitana até 2020,4301,Porto Alegre - RS,202505,Índice geral,0.12,0.12
7060,63,IPCA - Variação mensal,%,Região Metropolitana até 2020,4301,Porto Alegre - RS,202506,Índice geral,0.05,0.05
7060,63,IPCA - Variação mensal,%,Região Metropolitana até 2020,4301,Porto Alegre - RS,202507,Índice geral,0.41,0.41
7060,63,IPCA - Variação mensal,%,Região Metropolitana até 2020,4301,Porto Alegre - RS,202508,Índice geral,-0.40,-0.4
7060,63,IPCA - Variação mensal,%,Região Metropolitana até 2020,4301,Porto Alegre - RS,202509,Índice geral,0.50,0.5
7060,63,IPCA - Variação mensal,%,Região Metropolitana até 2020,4301,Porto Alegre - RS,202510,Índice geral,0.33,0.33
7060,63,IPCA - Variação mensal,%,Região Metropolitana até 2020,4301,Porto Alegre - RS,202511,Índice geral,0.09,0.09
7060,63,IPCA - Variação mensal,%,Região Metropolitana até 2020,4301,Porto Alegre - RS,202512,Índice geral,0.63,0.63
7060,63,IPCA - Variação mensal,%,Região Metropolitana até 2020,4301,Porto Alegre - RS,202601,Índice geral,0.23,0.23
7060,63,IPCA - Variação mensal,%,Região Metropolitana até 2020,4301,Porto Alegre - RS,202602,Índice geral,0.33,0.33
7060,63,IPCA - Variação mensal,%,Região Metropolitana até 2020,4301,Porto Alegre - RS,202603,Índice geral,0.96,0.96
7060,63,IPCA - Variação mensal,%,Região Metropolitana até 2020,4301,Porto Alegre - RS,202604,Índice geral,0.67,0.67
7060,63,IPCA - Variação mensal,%,Região Metropolitana até 2020,4301,Porto Alegre - RS,202605,Índice geral,0.57,0.57
7060,63,IPCA - Variação mensal,%,Região Metropolitana até 2020,4301,Porto Alegre - RS,202606,Índice geral,0.36,0.36
7060,63,IPCA - Variação mensal,%,Região Metropolitana até 2020,4301,Porto Alegre - RS,202607,Índice geral,0.04,0.04
7060,63,IPCA - Variação mensal,%,Região Metropolitana até 2020,4301,Porto Alegre - RS,202608,Índice geral,-0.27,-0.27
7060,63,IPCA - Variação mensal,%,Brasil,1,Brasil,202309,12.Alimentação fora do domicílio,0.12,0.12
7060,63,IPCA - Variação mensal,%,Brasil,1,Brasil,202310,12.Alimentação fora do domicílio,0.42,0.42
7060,63,IPCA - Variação mensal,%,Brasil,1,Brasil,202311,12.Alimentação fora do domicílio,0.32,0.32
7060,63,IPCA - Variação mensal,%,Brasil,1,Brasil,202312,12.Alimentação fora do domicílio,0.53,0.53
7060,63,IPCA - Variação mensal,%,Brasil,1,Brasil,202401,12.Alimentação fora do domicílio,0.25,0.25
7060,63,IPCA - Variação mensal,%,Brasil,1,Brasil,202402,12.Alimentação fora do domicílio,0.49,0.49
7060,63,IPCA - Variação mensal,%,Brasil,1,Brasil,202403,12.Alimentação fora do domicílio,0.35,0.35
7060,63,IPCA - Variação mensal,%,Brasil,1,Brasil,202404,12.Alimentação fora do domicílio,0.39,0.39
7060,63,IPCA - Variação mensal,%,Brasil,1,Brasil,202405,12.Alimentação fora do domicílio,0.50,0.5
7060,63,IPCA - Variação mensal,%,Brasil,1,Brasil,202406,12.Alimentação fora do domicílio,0.37,0.37
7060,63,IPCA - Variação mensal,%,Brasil,1,Brasil,202407,12.Alimentação fora do domicílio,0.39,0.39
7060,63,IPCA - Variação mensal,%,Brasil,1,Brasil,202408,12.Alimentação fora do domicílio,0.33,0.33
7060,63,IPCA - Variação mensal,%,Brasil,1,Brasil,202409,12.Alimentação fora do domicílio,0.34,0.34
7060,63,IPCA - Variação mensal,%,Brasil,1,Brasil,202410,12.Alimentação fora do domicílio,0.65,0.65
7060,63,IPCA - Variação mensal,%,Brasil,1,Brasil,202411,12.Alimentação fora do domicílio,0.88,0.88
7060,63,IPCA - Variação mensal,%,Brasil,1,Brasil,202412,12.Alimentação fora do domicílio,1.19,1.19
7060,63,IPCA - Variação mensal,%,Brasil,1,Brasil,202501,12.Alimentação fora do domicílio,0.67,0.67
7060,63,IPCA - Variação mensal,%,Brasil,1,Brasil,202502,12.Alimentação fora do domicílio,0.47,0.47
7060,63,IPCA - Variação mensal,%,Brasil,1,Brasil,202503,12.Alimentação fora do domicílio,0.77,0.77
7060,63,IPCA - Variação mensal,%,Brasil,1,Brasil,202504,12.Alimentação fora do domicílio,0.80,0.8
7060,63,IPCA - Variação mensal,%,Brasil,1,Brasil,202505,12.Alimentação fora do domicílio,0.58,0.58
7060,63,IPCA - Variação mensal,%,Brasil,1,Brasil,202506,12.Alimentação fora do domicílio,0.46,0.46
7060,63,IPCA - Variação mensal,%,Brasil,1,Brasil,202507,12.Alimentação fora do domicílio,0.87,0.87
7060,63,IPCA - Variação mensal,%,Brasil,1,Brasil,202508,12.Alimentação fora do domicílio,0.50,0.5
7060,63,IPCA - Variação mensal,%,Brasil,1,Brasil,202509,12.Alimentação fora do domicílio,0.11,0.11
7060,63,IPCA - Variação mensal,%,Brasil,1,Brasil,202510,12.Alimentação fora do domicílio,0.46,0.46
7060,63,IPCA - Variação mensal,%,Brasil,1,Brasil,202511,12.Alimentação fora do domicílio,0.46,0.46
7060,63,IPCA - Variação mensal,%,Brasil,1,Brasil,202512,12.Alimentação fora do domicílio,0.60,0.6
7060,63,IPCA - Variação mensal,%,Brasil,1,Brasil,202601,12.Alimentação fora do domicílio,0.55,0.55
7060,63,IPCA - Variação mensal,%,Brasil,1,Brasil,202602,12.Alimentação fora do domicílio,0.34,0.34
7060,63,IPCA - Variação mensal,%,Brasil,1,Brasil,202603,12.Alimentação fora do domicílio,0.61,0.61
7060,63,IPCA - Variação mensal,%,Brasil,1,Brasil,202604,12.Alimentação fora do domicílio,0.59,0.59
7060,63,IPCA - Variação mensal,%,Brasil,1,Brasil,202605,12.Alimentação fora do domicílio,0.49,0.49
7060,63,IPCA - Variação mensal,%,Brasil,1,Brasil,202606,12.Alimentação fora do domicílio,0.15,0.15
7060,63,IPCA - Variação mensal,%,Brasil,1,Brasil,202607,12.Alimentação fora do domicílio,0.55,0.55
7060,63,IPCA - Variação mensal,%,Brasil,1,Brasil,202608,12.Alimentação fora do domicílio,0.36,0.36
7060,63,IPCA - Variação mensal,%,Município,1200401,Rio Branco - AC,202309,12.Alimentação fora do domicílio,-0.39,-0.39
7060,63,IPCA - Variação mensal,%,Município,1200401,Rio Branco - AC,202310,12.Alimentação fora do domicílio,0.02,0.02
7060,63,IPCA - Variação mensal,%,Município,1200401,Rio Branco - AC,202311,12.Alimentação fora do domicílio,0.56,0.56
7060,63,IPCA - Variação mensal,%,Município,1200401,Rio Branco - AC,202312,12.Alimentação fora do domicílio,0.53,0.53
7060,63,IPCA - Variação mensal,%,Município,1200401,Rio Branco - AC,202401,12.Alimentação fora do domicílio,0.58,0.58
7060,63,IPCA - Variação mensal,%,Município,1200401,Rio Branco - AC,202402,12.Alimentação fora do domicílio,0.64,0.64
7060,63,IPCA - Variação mensal,%,Município,1200401,Rio Branco - AC,202403,12.Alimentação fora do domicílio,0.77,0.77
7060,63,IPCA - Variação mensal,%,Município,1200401,Rio Branco - AC,202404,12.Alimentação fora do domicílio,0.39,0.39
7060,63,IPCA - Variação mensal,%,Município,1200401,Rio Branco - AC,202405,12.Alimentação fora do domicílio,0.95,0.95
7060,63,IPCA - Variação mensal,%,Município,1200401,Rio Branco - AC,202406,12.Alimentação fora do domicílio,0.42,0.42
7060,63,IPCA - Variação mensal,%,Município,1200401,Rio Branco - AC,202407,12.Alimentação fora do domicílio,0.24,0.24
7060,63,IPCA - Variação mensal,%,Município,1200401,Rio Branco - AC,202408,12.Alimentação fora do domicílio,0.34,0.34
7060,63,IPCA - Variação mensal,%,Município,1200401,Rio Branco - AC,202409,12.Alimentação fora do domicílio,0.18,0.18
7060,63,IPCA - Variação mensal,%,Município,1200401,Rio Branco - AC,202410,12.Alimentação fora do domicílio,0.55,0.55
7060,63,IPCA - Variação mensal,%,Município,1200401,Rio Branco - AC,202411,12.Alimentação fora do domicílio,0.57,0.57
7060,63,IPCA - Variação mensal,%,Município,1200401,Rio Branco - AC,202412,12.Alimentação fora do domicílio,1.41,1.41
7060,63,IPCA - Variação mensal,%,Município,1200401,Rio Branco - AC,202501,12.Alimentação fora do domicílio,0.28,0.28
7060,63,IPCA - Variação mensal,%,Município,1200401,Rio Branco - AC,202502,12.Alimentação fora do domicílio,0.14,0.14
7060,63,IPCA - Variação mensal,%,Município,1200401,Rio Branco - AC,202503,12.Alimentação fora do domicílio,0.86,0.86
7060,63,IPCA - Variação mensal,%,Município,1200401,Rio Branco - AC,202504,12.Alimentação fora do domicílio,0.48,0.48
7060,63,IPCA - Variação mensal,%,Município,1200401,Rio Branco - AC,202505,12.Alimentação fora do domicílio,0.48,0.48
7060,63,IPCA - Variação mensal,%,Município,1200401,Rio Branco - AC,202506,12.Alimentação fora do domicílio,-0.02,-0.02
7060,63,IPCA - Variação mensal,%,Município,1200401,Rio Branco - AC,202507,12.Alimentação fora do domicílio,0.76,0.76
7060,63,IPCA - Variação mensal,%,Município,1200401,Rio Branco - AC,202508,12.Alimentação fora do domicílio,0.45,0.45
7060,63,IPCA - Variação mensal,%,Município,1200401,Rio Branco - AC,202509,12.Alimentação fora do domicílio,0.21,0.21
7060,63,IPCA - Variação mensal,%,Município,1200401,Rio Branco - AC,202510,12.Alimentação fora do domicílio,-0.10,-0.1
7060,63,IPCA - Variação mensal,%,Município,1200401,Rio Branco - AC,202511,12.Alimentação fora do domicílio,0.24,0.24
7060,63,IPCA - Variação mensal,%,Município,1200401,Rio Branco - AC,202512,12.Alimentação fora do domicílio,0.87,0.87
7060,63,IPCA - Variação mensal,%,Município,1200401,Rio Branco - AC,202601,12.Alimentação fora do domicílio,0.25,0.25
7060,63,IPCA - Variação mensal,%,Município,1200401,Rio Branco - AC,202602,12.Alimentação fora do domicílio,0.17,0.17
7060,63,IPCA - Variação mensal,%,Município,1200401,Rio Branco - AC,202603,12.Alimentação fora do domicílio,0.20,0.2
7060,63,IPCA - Variação mensal,%,Município,1200401,Rio Branco - AC,202604,12.Alimentação fora do domicílio,0.69,0.69
7060,63,IPCA - Variação mensal,%,Município,1200401,Rio Branco - AC,202605,12.Alimentação fora do domicílio,0.27,0.27
7060,63,IPCA - Variação mensal,%,Município,1200401,Rio Branco - AC,202606,12.Alimentação fora do domicílio,0.18,0.18
7060,63,IPCA - Variação mensal,%,Município,1200401,Rio Branco - AC,202607,12.Alimentação fora do domicílio,0.74,0.74
7060,63,IPCA - Variação mensal,%,Município,1200401,Rio Branco - AC,202608,12.Alimentação fora do domicílio,0.71,0.71
7060,63,IPCA - Variação mensal,%,Município,2111300,São Luís - MA,202309,12.Alimentação fora do domicílio,-0.09,-0.09
7060,63,IPCA - Variação mensal,%,Município,2111300,São Luís - MA,202310,12.Alimentação fora do domicílio,-0.30,-0.3
7060,63,IPCA - Variação mensal,%,Município,2111300,São Luís - MA,202311,12.Alimentação fora do domicílio,0.16,0.16
7060,63,IPCA - Variação mensal,%,Município,2111300,São Luís - MA,202312,12.Alimentação fora do domicílio,-0.06,-0.06
7060,63,IPCA - Variação mensal,%,Município,2111300,São Luís - MA,202401,12.Alimentação fora do domicílio,0.13,0.13
7060,63,IPCA - Variação mensal,%,Município,2111300,São Luís - MA,202402,12.Alimentação fora do domicílio,1.09,1.09
7060,63,IPCA - Variação mensal,%,Município,2111300,São Luís - MA,202403,12.Alimentação fora do domicílio,0.04,0.04
7060,63,IPCA - Variação mensal,%,Município,2111300,São Luís - MA,202404,12.Alimentação fora do domicílio,0.42,0.42
7060,63,IPCA - Variação mensal,%,Município,2111300,São Luís - MA,202405,12.Alimentação fora do domicílio,-0.34,-0.34
7060,63,IPCA - Variação mensal,%,Município,2111300,São Luís - MA,202406,12.Alimentação fora do domicílio,0.25,0.25
7060,63,IPCA - Variação mensal,%,Município,2111300,São Luís - MA,202407,12.Alimentação fora do domicílio,0.17,0.17
7060,63,IPCA - Variação mensal,%,Município,2111300,São Luís - MA,202408,12.Alimentação fora do domicílio,-0.23,-0.23
7060,63,IPCA - Variação mensal,%,Município,2111300,São Luís - MA,202409,12.Alimentação fora do domicílio,0.73,0.73
7060,63,IPCA - Variação mensal,%,Município,2111300,São Luís - MA,202410,12.Alimentação fora do domicílio,0.38,0.38
7060,63,IPCA - Variação mensal,%,Município,2111300,São Luís - MA,202411,12.Alimentação fora do domicílio,0.95,0.95
7060,63,IPCA - Variação mensal,%,Município,2111300,São Luís - MA,202412,12.Alimentação fora do domicílio,1.04,1.04
7060,63,IPCA - Variação mensal,%,Município,2111300,São Luís - MA,202501,12.Alimentação fora do domicílio,1.17,1.17
7060,63,IPCA - Variação mensal,%,Município,2111300,São Luís - MA,202502,12.Alimentação fora do domicílio,0.30,0.3
7060,63,IPCA - Variação mensal,%,Município,2111300,São Luís - MA,202503,12.Alimentação fora do domicílio,0.78,0.78
7060,63,IPCA - Variação mensal,%,Município,2111300,São Luís - MA,202504,12.Alimentação fora do domicílio,0.61,0.61
7060,63,IPCA - Variação mensal,%,Município,2111300,São Luís - MA,202505,12.Alimentação fora do domicílio,0.40,0.4
7060,63,IPCA - Variação mensal,%,Município,2111300,São Luís - MA,202506,12.Alimentação fora do domicílio,0.90,0.9
7060,63,IPCA - Variação mensal,%,Município,2111300,São Luís - MA,202507,12.Alimentação fora do domicílio,0.37,0.37
7060,63,IPCA - Variação mensal,%,Município,2111300,São Luís - MA,202508,12.Alimentação fora do domicílio,-0.06,-0.06
7060,63,IPCA - Variação mensal,%,Município,2111300,São Luís - MA,202509,12.Alimentação fora do domicílio,-0.13,-0.13
7060,63,IPCA - Variação mensal,%,Município,2111300,São Luís - MA,202510,12.Alimentação fora do domicílio,0.63,0.63
7060,63,IPCA - Variação mensal,%,Município,2111300,São Luís - MA,202511,12.Alimentação fora do domicílio,0.49,0.49
7060,63,IPCA - Variação mensal,%,Município,2111300,São Luís - MA,202512,12.Alimentação fora do domicílio,0.04,0.04
7060,63,IPCA - Variação mensal,%,Município,2111300,São Luís - MA,202601,12.Alimentação fora do domicílio,0.84,0.84
7060,63,IPCA - Variação mensal,%,Município,2111300,São Luís - MA,202602,12.Alimentação fora do domicílio,0.21,0.21
7060,63,IPCA - Variação mensal,%,Município,2111300,São Luís - MA,202603,12.Alimentação fora do domicílio,0.59,0.59
7060,63,IPCA - Variação mensal,%,Município,2111300,São Luís - MA,202604,12.Alimentação fora do domicílio,1.25,1.25
7060,63,IPCA - Variação mensal,%,Município,2111300,São Luís - MA,202605,12.Alimentação fora do domicílio,0.24,0.24
7060,63,IPCA - Variação mensal,%,Município,2111300,São Luís - MA,202606,12.Alimentação fora do domicílio,0.37,0.37
7060,63,IPCA - Variação mensal,%,Município,2111300,São Luís - MA,202607,12.Alimentação fora do domicílio,0.67,0.67
7060,63,IPCA - Variação mensal,%,Município,2111300,São Luís - MA,202608,12.Alimentação fora do domicílio,-0.02,-0.02
7060,63,IPCA - Variação mensal,%,Município,2800308,Aracaju - SE,202309,12.Alimentação fora do domicílio,-0.34,-0.34
7060,63,IPCA - Variação mensal,%,Município,2800308,Aracaju - SE,202310,12.Alimentação fora do domicílio,0.43,0.43
7060,63,IPCA - Variação mensal,%,Município,2800308,Aracaju - SE,202311,12.Alimentação fora do domicílio,0.42,0.42
7060,63,IPCA - Variação mensal,%,Município,2800308,Aracaju - SE,202312,12.Alimentação fora do domicílio,0.19,0.19
7060,63,IPCA - Variação mensal,%,Município,2800308,Aracaju - SE,202401,12.Alimentação fora do domicílio,0.32,0.32
7060,63,IPCA - Variação mensal,%,Município,2800308,Aracaju - SE,202402,12.Alimentação fora do domicílio,0.27,0.27
7060,63,IPCA - Variação mensal,%,Município,2800308,Aracaju - SE,202403,12.Alimentação fora do domicílio,0.23,0.23
7060,63,IPCA - Variação mensal,%,Município,2800308,Aracaju - SE,202404,12.Alimentação fora do domicílio,0.80,0.8
7060,63,IPCA - Variação mensal,%,Município,2800308,Aracaju - SE,202405,12.Alimentação fora do domicílio,0.54,0.54
7060,63,IPCA - Variação mensal,%,Município,2800308,Aracaju - SE,202406,12.Alimentação fora do domicílio,0.32,0.32
7060,63,IPCA - Variação mensal,%,Município,2800308,Aracaju - SE,202407,12.Alimentação fora do domicílio,0.74,0.74
7060,63,IPCA - Variação mensal,%,Município,2800308,Aracaju - SE,202408,12.Alimentação fora do domicílio,0.36,0.36
7060,63,IPCA - Variação mensal,%,Município,2800308,Aracaju - SE,202409,12.Alimentação fora do domicílio,0.67,0.67
7060,63,IPCA - Variação mensal,%,Município,2800308,Aracaju - SE,202410,12.Alimentação fora do domicílio,0.57,0.57
7060,63,IPCA - Variação mensal,%,Município,2800308,Aracaju - SE,202411,12.Alimentação fora do domicílio,1.12,1.12
7060,63,IPCA - Variação mensal,%,Município,2800308,Aracaju - SE,202412,12.Alimentação fora do domicílio,0.04,0.04
7060,63,IPCA - Variação mensal,%,Município,2800308,Aracaju - SE,202501,12.Alimentação fora do domicílio,1.55,1.55
7060,63,IPCA - Variação mensal,%,Município,2800308,Aracaju - SE,202502,12.Alimentação fora do domicílio,0.72,0.72
7060,63,IPCA - Variação mensal,%,Município,2800308,Aracaju - SE,202503,12.Alimentação fora do domicílio,0.64,0.64
7060,63,IPCA - Variação mensal,%,Município,2800308,Aracaju - SE,202504,12.Alimentação fora do domicílio,0.32,0.32
7060,63,IPCA - Variação mensal,%,Município,2800308,Aracaju - SE,202505,12.Alimentação fora do domicílio,0.30,0.3
7060,63,IPCA - Variação mensal,%,Município,2800308,Aracaju - SE,202506,12.Alimentação fora do domicílio,0.29,0.29
7060,63,IPCA - Variação mensal,%,Município,2800308,Aracaju - SE,202507,12.Alimentação fora do domicílio,0.85,0.85
7060,63,IPCA - Variação mensal,%,Município,2800308,Aracaju - SE,202508,12.Alimentação fora do domicílio,0.18,0.18
7060,63,IPCA - Variação mensal,%,Município,2800308,Aracaju - SE,202509,12.Alimentação fora do domicílio,0.32,0.32
7060,63,IPCA - Variação mensal,%,Município,2800308,Aracaju - SE,202510,12.Alimentação fora do domicílio,0.36,0.36
7060,63,IPCA - Variação mensal,%,Município,2800308,Aracaju - SE,202511,12.Alimentação fora do domicílio,0.48,0.48
7060,63,IPCA - Variação mensal,%,Município,2800308,Aracaju - SE,202512,12.Alimentação fora do domicílio,0.47,0.47
7060,63,IPCA - Variação mensal,%,Município,2800308,Aracaju - SE,202601,12.Alimentação fora do domicílio,0.48,0.48
7060,63,IPCA - Variação mensal,%,Município,2800308,Aracaju - SE,202602,12.Alimentação fora do domicílio,0.46,0.46
7060,63,IPCA - Variação mensal,%,Município,2800308,Aracaju - SE,202603,12.Alimentação fora do domicílio,0.63,0.63
7060,63,IPCA - Variação mensal,%,Município,2800308,Aracaju - SE,202604,12.Alimentação fora do domicílio,0.92,0.92
7060,63,IPCA - Variação mensal,%,Município,2800308,Aracaju - SE,202605,12.Alimentação fora do domicílio,0.27,0.27
7060,63,IPCA - Variação mensal,%,Município,2800308,Aracaju - SE,202606,12.Alimentação fora do domicílio,0.93,0.93
7060,63,IPCA - Variação mensal,%,Município,2800308,Aracaju - SE,202607,12.Alimentação fora do domicílio,0.42,0.42
7060,63,IPCA - Variação mensal,%,Município,2800308,Aracaju - SE,202608,12.Alimentação fora do domicílio,0.39,0.39
7060,63,IPCA - Variação mensal,%,Município,5002704,Campo Grande - MS,202309,12.Alimentação fora do domicílio,0.79,0.79
7060,63,IPCA - Variação mensal,%,Município,5002704,Campo Grande - MS,202310,12.Alimentação fora do domicílio,0.70,0.7
7060,63,IPCA - Variação mensal,%,Município,5002704,Campo Grande - MS,202311,12.Alimentação fora do domicílio,0.05,0.05
7060,63,IPCA - Variação mensal,%,Município,5002704,Campo Grande - MS,202312,12.Alimentação fora do domicílio,0.64,0.64
7060,63,IPCA - Variação mensal,%,Município,5002704,Campo Grande - MS,202401,12.Alimentação fora do domicílio,0.34,0.34
7060,63,IPCA - Variação mensal,%,Município,5002704,Campo Grande - MS,202402,12.Alimentação fora do domicílio,0.89,0.89
7060,63,IPCA - Variação mensal,%,Município,5002704,Campo Grande - MS,202403,12.Alimentação fora do domicílio,0.20,0.2
7060,63,IPCA - Variação mensal,%,Município,5002704,Campo Grande - MS,202404,12.Alimentação fora do domicílio,0.11,0.11
7060,63,IPCA - Variação mensal,%,Município,5002704,Campo Grande - MS,202405,12.Alimentação fora do domicílio,1.34,1.34
7060,63,IPCA - Variação mensal,%,Município,5002704,Campo Grande - MS,202406,12.Alimentação fora do domicílio,0.09,0.09
7060,63,IPCA - Variação mensal,%,Município,5002704,Campo Grande - MS,202407,12.Alimentação fora do domicílio,-0.50,-0.5
7060,63,IPCA - Variação mensal,%,Município,5002704,Campo Grande - MS,202408,12.Alimentação fora do domicílio,0.32,0.32
7060,63,IPCA - Variação mensal,%,Município,5002704,Campo Grande - MS,202409,12.Alimentação fora do domicílio,0.24,0.24
7060,63,IPCA - Variação mensal,%,Município,5002704,Campo Grande - MS,202410,12.Alimentação fora do domicílio,0.24,0.24
7060,63,IPCA - Variação mensal,%,Município,5002704,Campo Grande - MS,202411,12.Alimentação fora do domicílio,1.07,1.07
7060,63,IPCA - Variação mensal,%,Município,5002704,Campo Grande - MS,202412,12.Alimentação fora do domicílio,1.49,1.49
7060,63,IPCA - Variação mensal,%,Município,5002704,Campo Grande - MS,202501,12.Alimentação fora do domicílio,0.91,0.91
7060,63,IPCA - Variação mensal,%,Município,5002704,Campo Grande - MS,202502,12.Alimentação fora do domicílio,0.89,0.89
7060,63,IPCA - Variação mensal,%,Município,5002704,Campo Grande - MS,202503,12.Alimentação fora do domicílio,-0.09,-0.09
7060,63,IPCA - Variação mensal,%,Município,5002704,Campo Grande - MS,202504,12.Alimentação fora do domicílio,1.49,1.49
7060,63,IPCA - Variação mensal,%,Município,5002704,Campo Grande - MS,202505,12.Alimentação fora do domicílio,-0.03,-0.03
7060,63,IPCA - Variação mensal,%,Município,5002704,Campo Grande - MS,202506,12.Alimentação fora do domicílio,0.00,0.0
7060,63,IPCA - Variação mensal,%,Município,5002704,Campo Grande - MS,202507,12.Alimentação fora do domicílio,0.87,0.87
7060,63,IPCA - Variação mensal,%,Município,5002704,Campo Grande - MS,202508,12.Alimentação fora do domicílio,0.26,0.26
7060,63,IPCA - Variação mensal,%,Município,5002704,Campo Grande - MS,202509,12.Alimentação fora do domicílio,0.14,0.14
7060,63,IPCA - Variação mensal,%,Município,5002704,Campo Grande - MS,202510,12.Alimentação fora do domicílio,0.26,0.26
7060,63,IPCA - Variação mensal,%,Município,5002704,Campo Grande - MS,202511,12.Alimentação fora do domicílio,0.16,0.16
7060,63,IPCA - Variação mensal,%,Município,5002704,Campo Grande - MS,202512,12.Alimentação fora do domicílio,0.33,0.33
7060,63,IPCA - Variação mensal,%,Município,5002704,Campo Grande - MS,202601,12.Alimentação fora do domicílio,0.50,0.5
7060,63,IPCA - Variação mensal,%,Município,5002704,Campo Grande - MS,202602,12.Alimentação fora do domicílio,-0.44,-0.44
7060,63,IPCA - Variação mensal,%,Município,5002704,Campo Grande - MS,202603,12.Alimentação fora do domicílio,0.87,0.87
7060,63,IPCA - Variação mensal,%,Município,5002704,Campo Grande - MS,202604,12.Alimentação fora do domicílio,1.30,1.3
7060,63,IPCA - Variação mensal,%,Município,5002704,Campo Grande - MS,202605,12.Alimentação fora do domicílio,0.47,0.47
7060,63,IPCA - Variação mensal,%,Município,5002704,Campo Grande - MS,202606,12.Alimentação fora do domicílio,0.46,0.46
7060,63,IPCA - Variação mensal,%,Município,5002704,Campo Grande - MS,202607,12.Alimentação fora do domicílio,-0.11,-0.11
7060,63,IPCA - Variação mensal,%,Município,5002704,Campo Grande - MS,202608,12.Alimentação fora do domicílio,0.63,0.63
7060,63,IPCA - Variação mensal,%,Município,5208707,Goiânia - GO,202309,12.Alimentação fora do domicílio,-0.50,-0.5
7060,63,IPCA - Variação mensal,%,Município,5208707,Goiânia - GO,202310,12.Alimentação fora do domicílio,0.72,0.72
7060,63,IPCA - Variação mensal,%,Município,5208707,Goiânia - GO,202311,12.Alimentação fora do domicílio,0.60,0.6
7060,63,IPCA - Variação mensal,%,Município,5208707,Goiânia - GO,202312,12.Alimentação fora do domicílio,0.33,0.33
7060,63,IPCA - Variação mensal,%,Município,5208707,Goiânia - GO,202401,12.Alimentação fora do domicílio,0.29,0.29
7060,63,IPCA - Variação mensal,%,Município,5208707,Goiânia - GO,202402,12.Alimentação fora do domicílio,0.16,0.16
7060,63,IPCA - Variação mensal,%,Município,5208707,Goiânia - GO,202403,12.Alimentação fora do domicílio,1.16,1.16
7060,63,IPCA - Variação mensal,%,Município,5208707,Goiânia - GO,202404,12.Alimentação fora do domicílio,0.69,0.69
7060,63,IPCA - Variação mensal,%,Município,5208707,Goiânia - GO,202405,12.Alimentação fora do domicílio,0.12,0.12
7060,63,IPCA - Variação mensal,%,Município,5208707,Goiânia - GO,202406,12.Alimentação fora do domicílio,0.62,0.62
7060,63,IPCA - Variação mensal,%,Município,5208707,Goiânia - GO,202407,12.Alimentação fora do domicílio,0.83,0.83
7060,63,IPCA - Variação mensal,%,Município,5208707,Goiânia - GO,202408,12.Alimentação fora do domicílio,0.44,0.44
7060,63,IPCA - Variação mensal,%,Município,5208707,Goiânia - GO,202409,12.Alimentação fora do domicílio,0.28,0.28
7060,63,IPCA - Variação mensal,%,Município,5208707,Goiânia - GO,202410,12.Alimentação fora do domicílio,0.31,0.31
7060,63,IPCA - Variação mensal,%,Município,5208707,Goiânia - GO,202411,12.Alimentação fora do domicílio,1.33,1.33
7060,63,IPCA - Variação mensal,%,Município,5208707,Goiânia - GO,202412,12.Alimentação fora do domicílio,0.77,0.77
7060,63,IPCA - Variação mensal,%,Município,5208707,Goiânia - GO,202501,12.Alimentação fora do domicílio,1.26,1.26
7060,63,IPCA - Variação mensal,%,Município,5208707,Goiânia - GO,202502,12.Alimentação fora do domicílio,0.83,0.83
7060,63,IPCA - Variação mensal,%,Município,5208707,Goiânia - GO,202503,12.Alimentação fora do domicílio,0.27,0.27
7060,63,IPCA - Variação mensal,%,Município,5208707,Goiânia - GO,202504,12.Alimentação fora do domicílio,1.26,1.26
7060,63,IPCA - Variação mensal,%,Município,5208707,Goiânia - GO,202505,12.Alimentação fora do domicílio,0.29,0.29
7060,63,IPCA - Variação mensal,%,Município,5208707,Goiânia - GO,202506,12.Alimentação fora do domicílio,0.44,0.44
7060,63,IPCA - Variação mensal,%,Município,5208707,Goiânia - GO,202507,12.Alimentação fora do domicílio,1.58,1.58
7060,63,IPCA - Variação mensal,%,Município,5208707,Goiânia - GO,202508,12.Alimentação fora do domicílio,-0.65,-0.65
7060,63,IPCA - Variação mensal,%,Município,5208707,Goiânia - GO,202509,12.Alimentação fora do domicílio,0.75,0.75
7060,63,IPCA - Variação mensal,%,Município,5208707,Goiânia - GO,202510,12.Alimentação fora do domicílio,0.06,0.06
7060,63,IPCA - Variação mensal,%,Município,5208707,Goiânia - GO,202511,12.Alimentação fora do domicílio,0.50,0.5
7060,63,IPCA - Variação mensal,%,Município,5208707,Goiânia - GO,202512,12.Alimentação fora do domicílio,0.59,0.59
7060,63,IPCA - Variação mensal,%,Município,5208707,Goiânia - GO,202601,12.Alimentação fora do domicílio,0.83,0.83
7060,63,IPCA - Variação mensal,%,Município,5208707,Goiânia - GO,202602,12.Alimentação fora do domicílio,0.63,0.63
7060,63,IPCA - Variação mensal,%,Município,5208707,Goiânia - GO,202603,12.Alimentação fora do domicílio,0.22,0.22
7060,63,IPCA - Variação mensal,%,Município,5208707,Goiânia - GO,202604,12.Alimentação fora do domicílio,0.18,0.18
7060,63,IPCA - Variação mensal,%,Município,5208707,Goiânia - GO,202605,12.Alimentação fora do domicílio,0.45,0.45
7060,63,IPCA - Variação mensal,%,Município,5208707,Goiânia - GO,202606,12.Alimentação fora do domicílio,0.58,0.58
7060,63,IPCA - Variação mensal,%,Município,5208707,Goiânia - GO,202607,12.Alimentação fora do domicílio,0.54,0.54
7060,63,IPCA - Variação mensal,%,Município,5208707,Goiânia - GO,202608,12.Alimentação fora do domicílio,0.06,0.06
7060,63,IPCA - Variação mensal,%,Município,5300108,Brasília - DF,202309,12.Alimentação fora do domicílio,-0.97,-0.97
7060,63,IPCA - Variação mensal,%,Município,5300108,Brasília - DF,202310,12.Alimentação fora do domicílio,0.39,0.39
7060,63,IPCA - Variação mensal,%,Município,5300108,Brasília - DF,202311,12.Alimentação fora do domicílio,0.36,0.36
7060,63,IPCA - Variação mensal,%,Município,5300108,Brasília - DF,202312,12.Alimentação fora do domicílio,0.35,0.35
7060,63,IPCA - Variação mensal,%,Município,5300108,Brasília - DF,202401,12.Alimentação fora do domicílio,-0.02,-0.02
7060,63,IPCA - Variação mensal,%,Município,5300108,Brasília - DF,202402,12.Alimentação fora do domicílio,1.11,1.11
7060,63,IPCA - Variação mensal,%,Município,5300108,Brasília - DF,202403,12.Alimentação fora do domicílio,0.97,0.97
7060,63,IPCA - Variação mensal,%,Município,5300108,Brasília - DF,202404,12.Alimentação fora do domicílio,0.94,0.94
7060,63,IPCA - Variação mensal,%,Município,5300108,Brasília - DF,202405,12.Alimentação fora do domicílio,0.45,0.45
7060,63,IPCA - Variação mensal,%,Município,5300108,Brasília - DF,202406,12.Alimentação fora do domicílio,0.37,0.37
7060,63,IPCA - Variação mensal,%,Município,5300108,Brasília - DF,202407,12.Alimentação fora do domicílio,0.71,0.71
7060,63,IPCA - Variação mensal,%,Município,5300108,Brasília - DF,202408,12.Alimentação fora do domicílio,0.66,0.66
7060,63,IPCA - Variação mensal,%,Município,5300108,Brasília - DF,202409,12.Alimentação fora do domicílio,0.40,0.4
7060,63,IPCA - Variação mensal,%,Município,5300108,Brasília - DF,202410,12.Alimentação fora do domicílio,0.43,0.43
7060,63,IPCA - Variação mensal,%,Município,5300108,Brasília - DF,202411,12.Alimentação fora do domicílio,0.66,0.66
7060,63,IPCA - Variação mensal,%,Município,5300108,Brasília - DF,202412,12.Alimentação fora do domicílio,1.04,1.04
7060,63,IPCA - Variação mensal,%,Município,5300108,Brasília - DF,202501,12.Alimentação fora do domicílio,0.96,0.96
7060,63,IPCA - Variação mensal,%,Município,5300108,Brasília - DF,202502,12.Alimentação fora do domicílio,1.04,1.04
7060,63,IPCA - Variação mensal,%,Município,5300108,Brasília - DF,202503,12.Alimentação fora do domicílio,0.45,0.45
7060,63,IPCA - Variação mensal,%,Município,5300108,Brasília - DF,202504,12.Alimentação fora do domicílio,0.79,0.79
7060,63,IPCA - Variação mensal,%,Município,5300108,Brasília - DF,202505,12.Alimentação fora do domicílio,0.59,0.59
7060,63,IPCA - Variação mensal,%,Município,5300108,Brasília - DF,202506,12.Alimentação fora do domicílio,0.01,0.01
7060,63,IPCA - Variação mensal,%,Município,5300108,Brasília - DF,202507,12.Alimentação fora do domicílio,0.69,0.69
7060,63,IPCA - Variação mensal,%,Município,5300108,Brasília - DF,202508,12.Alimentação fora do domicílio,0.40,0.4
7060,63,IPCA - Variação mensal,%,Município,5300108,Brasília - DF,202509,12.Alimentação fora do domicílio,0.44,0.44
7060,63,IPCA - Variação mensal,%,Município,5300108,Brasília - DF,202510,12.Alimentação fora do domicílio,0.55,0.55
7060,63,IPCA - Variação mensal,%,Município,5300108,Brasília - DF,202511,12.Alimentação fora do domicílio,0.64,0.64
7060,63,IPCA - Variação mensal,%,Município,5300108,Brasília - DF,202512,12.Alimentação fora do domicílio,0.20,0.2
7060,63,IPCA - Variação mensal,%,Município,5300108,Brasília - DF,202601,12.Alimentação fora do domicílio,1.07,1.07
7060,63,IPCA - Variação mensal,%,Município,5300108,Brasília - DF,202602,12.Alimentação fora do domicílio,0.07,0.07
7060,63,IPCA - Variação mensal,%,Município,5300108,Brasília - DF,202603,12.Alimentação fora do domicílio,0.18,0.18
7060,63,IPCA - Variação mensal,%,Município,5300108,Brasília - DF,202604,12.Alimentação fora do domicílio,0.55,0.55
7060,63,IPCA - Variação mensal,%,Município,5300108,Brasília - DF,202605,12.Alimentação fora do domicílio,0.83,0.83
7060,63,IPCA - Variação mensal,%,Município,5300108,Brasília - DF,202606,12.Alimentação fora do domicílio,0.43,0.43
7060,63,IPCA - Variação mensal,%,Município,5300108,Brasília - DF,202607,12.Alimentação fora do domicílio,1.19,1.19
7060,63,IPCA - Variação mensal,%,Município,5300108,Brasília - DF,202608,12.Alimentação fora do domicílio,-0.54,-0.54
7060,63,IPCA - Variação mensal,%,Região Metropolitana até 2020,1501,Belém - PA,202309,12.Alimentação fora do domicílio,0.03,0.03
7060,63,IPCA - Variação mensal,%,Região Metropolitana até 2020,1501,Belém - PA,202310,12.Alimentação fora do domicílio,0.52,0.52
7060,63,IPCA - Variação mensal,%,Região Metropolitana até 2020,1501,Belém - PA,202311,12.Alimentação fora do domicílio,0.75,0.75
7060,63,IPCA - Variação mensal,%,Região Metropolitana até 2020,1501,Belém - PA,202312,12.Alimentação fora do domicílio,0.77,0.77
7060,63,IPCA - Variação mensal,%,Região Metropolitana até 2020,1501,Belém - PA,202401,12.Alimentação fora do domicílio,0.32,0.32
7060,63,IPCA - Variação mensal,%,Região Metropolitana até 2020,1501,Belém - PA,202402,12.Alimentação fora do domicílio,1.17,1.17
7060,63,IPCA - Variação mensal,%,Região Metropolitana até 2020,1501,Belém - PA,202403,12.Alimentação fora do domicílio,0.83,0.83
7060,63,IPCA - Variação mensal,%,Região Metropolitana até 2020,1501,Belém - PA,202404,12.Alimentação fora do domicílio,0.41,0.41
7060,63,IPCA - Variação mensal,%,Região Metropolitana até 2020,1501,Belém - PA,202405,12.Alimentação fora do domicílio,-0.21,-0.21
7060,63,IPCA - Variação mensal,%,Região Metropolitana até 2020,1501,Belém - PA,202406,12.Alimentação fora do domicílio,0.08,0.08
7060,63,IPCA - Variação mensal,%,Região Metropolitana até 2020,1501,Belém - PA,202407,12.Alimentação fora do domicílio,-0.01,-0.01
7060,63,IPCA - Variação mensal,%,Região Metropolitana até 2020,1501,Belém - PA,202408,12.Alimentação fora do domicílio,-0.40,-0.4
7060,63,IPCA - Variação mensal,%,Região Metropolitana até 2020,1501,Belém - PA,202409,12.Alimentação fora do domicílio,0.38,0.38
7060,63,IPCA - Variação mensal,%,Região Metropolitana até 2020,1501,Belém - PA,202410,12.Alimentação fora do domicílio,0.25,0.25
7060,63,IPCA - Variação mensal,%,Região Metropolitana até 2020,1501,Belém - PA,202411,12.Alimentação fora do domicílio,1.29,1.29
7060,63,IPCA - Variação mensal,%,Região Metropolitana até 2020,1501,Belém - PA,202412,12.Alimentação fora do domicílio,0.04,0.04
7060,63,IPCA - Variação mensal,%,Região Metropolitana até 2020,1501,Belém - PA,202501,12.Alimentação fora do domicílio,0.79,0.79
7060,63,IPCA - Variação mensal,%,Região Metropolitana até 2020,1501,Belém - PA,202502,12.Alimentação fora do domicílio,1.16,1.16
7060,63,IPCA - Variação mensal,%,Região Metropolitana até 2020,1501,Belém - PA,202503,12.Alimentação fora do domicílio,0.10,0.1
7060,63,IPCA - Variação mensal,%,Região Metropolitana até 2020,1501,Belém - PA,202504,12.Alimentação fora do domicílio,-0.20,-0.2
7060,63,IPCA - Variação mensal,%,Região Metropolitana até 2020,1501,Belém - PA,202505,12.Alimentação fora do domicílio,0.66,0.66
7060,63,IPCA - Variação mensal,%,Região Metropolitana até 2020,1501,Belém - PA,202506,12.Alimentação fora do domicílio,1.18,1.18
7060,63,IPCA - Variação mensal,%,Região Metropolitana até 2020,1501,Belém - PA,202507,12.Alimentação fora do domicílio,-0.37,-0.37
7060,63,IPCA - Variação mensal,%,Região Metropolitana até 2020,1501,Belém - PA,202508,12.Alimentação fora do domicílio,0.19,0.19
7060,63,IPCA - Variação mensal,%,Região Metropolitana até 2020,1501,Belém - PA,202509,12.Alimentação fora do domicílio,0.50,0.5
7060,63,IPCA - Variação mensal,%,Região Metropolitana até 2020,1501,Belém - PA,202510,12.Alimentação fora do domicílio,1.37,1.37
7060,63,IPCA - Variação mensal,%,Região Metropolitana até 2020,1501,Belém - PA,202511,12.Alimentação fora do domicílio,1.21,1.21
7060,63,IPCA - Variação mensal,%,Região Metropolitana até 2020,1501,Belém - PA,202512,12.Alimentação fora do domicílio,0.41,0.41
7060,63,IPCA - Variação mensal,%,Região Metropolitana até 2020,1501,Belém - PA,202601,12.Alimentação fora do domicílio,0.83,0.83
7060,63,IPCA - Variação mensal,%,Região Metropolitana até 2020,1501,Belém - PA,202602,12.Alimentação fora do domicílio,-0.52,-0.52
7060,63,IPCA - Variação mensal,%,Região Metropolitana até 2020,1501,Belém - PA,202603,12.Alimentação fora do domicílio,0.68,0.68
7060,63,IPCA - Variação mensal,%,Região Metropolitana até 2020,1501,Belém - PA,202604,12.Alimentação fora do domicílio,0.06,0.06
7060,63,IPCA - Variação mensal,%,Região Metropolitana até 2020,1501,Belém - PA,202605,12.Alimentação fora do domicílio,0.80,0.8
7060,63,IPCA - Variação mensal,%,Região Metropolitana até 2020,1501,Belém - PA,202606,12.Alimentação fora do domicílio,-0.13,-0.13
7060,63,IPCA - Variação mensal,%,Região Metropolitana até 2020,1501,Belém - PA,202607,12.Alimentação fora do domicílio,-0.05,-0.05
7060,63,IPCA - Variação mensal,%,Região Metropolitana até 2020,1501,Belém - PA,202608,12.Alimentação fora do domicílio,0.44,0.44
7060,63,IPCA - Variação mensal,%,Região Metropolitana até 2020,2301,Fortaleza - CE,202309,12.Alimentação fora do domicílio,-0.56,-0.56
7060,63,IPCA - Variação mensal,%,Região Metropolitana até 2020,2301,Fortaleza - CE,202310,12.Alimentação fora do domicílio,0.56,0.56
7060,63,IPCA - Variação mensal,%,Região Metropolitana até 2020,2301,Fortaleza - CE,202311,12.Alimentação fora do domicílio,0.10,0.1
7060,63,IPCA - Variação mensal,%,Região Metropolitana até 2020,2301,Fortaleza - CE,202312,12.Alimentação fora do domicílio,1.07,1.07
7060,63,IPCA - Variação mensal,%,Região Metropolitana até 2020,2301,Fortaleza - CE,202401,12.Alimentação fora do domicílio,0.57,0.57
7060,63,IPCA - Variação mensal,%,Região Metropolitana até 2020,2301,Fortaleza - CE,202402,12.Alimentação fora do domicílio,-0.11,-0.11
7060,63,IPCA - Variação mensal,%,Região Metropolitana até 2020,2301,Fortaleza - CE,202403,12.Alimentação fora do domicílio,0.37,0.37
7060,63,IPCA - Variação mensal,%,Região Metropolitana até 2020,2301,Fortaleza - CE,202404,12.Alimentação fora do domicílio,-0.07,-0.07
7060,63,IPCA - Variação mensal,%,Região Metropolitana até 2020,2301,Fortaleza - CE,202405,12.Alimentação fora do domicílio,1.13,1.13
7060,63,IPCA - Variação mensal,%,Região Metropolitana até 2020,2301,Fortaleza - CE,202406,12.Alimentação fora do domicílio,0.02,0.02
7060,63,IPCA - Variação mensal,%,Região Metropolitana até 2020,2301,Fortaleza - CE,202407,12.Alimentação fora do domicílio,0.50,0.5
7060,63,IPCA - Variação mensal,%,Região Metropolitana até 2020,2301,Fortaleza - CE,202408,12.Alimentação fora do domicílio,0.23,0.23
7060,63,IPCA - Variação mensal,%,Região Metropolitana até 2020,2301,Fortaleza - CE,202409,12.Alimentação fora do domicílio,0.21,0.21
7060,63,IPCA - Variação mensal,%,Região Metropolitana até 2020,2301,Fortaleza - CE,202410,12.Alimentação fora do domicílio,0.52,0.52
7060,63,IPCA - Variação mensal,%,Região Metropolitana até 2020,2301,Fortaleza - CE,202411,12.Alimentação fora do domicílio,0.72,0.72
7060,63,IPCA - Variação mensal,%,Região Metropolitana até 2020,2301,Fortaleza - CE,202412,12.Alimentação fora do domicílio,0.25,0.25
7060,63,IPCA - Variação mensal,%,Região Metropolitana até 2020,2301,Fortaleza - CE,202501,12.Alimentação fora do domicílio,0.65,0.65
7060,63,IPCA - Variação mensal,%,Região Metropolitana até 2020,2301,Fortaleza - CE,202502,12.Alimentação fora do domicílio,0.50,0.5
7060,63,IPCA - Variação mensal,%,Região Metropolitana até 2020,2301,Fortaleza - CE,202503,12.Alimentação fora do domicílio,0.45,0.45
7060,63,IPCA - Variação mensal,%,Região Metropolitana até 2020,2301,Fortaleza - CE,202504,12.Alimentação fora do domicílio,0.66,0.66
7060,63,IPCA - Variação mensal,%,Região Metropolitana até 2020,2301,Fortaleza - CE,202505,12.Alimentação fora do domicílio,-0.12,-0.12
7060,63,IPCA - Variação mensal,%,Região Metropolitana até 2020,2301,Fortaleza - CE,202506,12.Alimentação fora do domicílio,0.52,0.52
7060,63,IPCA - Variação mensal,%,Região Metropolitana até 2020,2301,Fortaleza - CE,202507,12.Alimentação fora do domicílio,0.89,0.89
7060,63,IPCA - Variação mensal,%,Região Metropolitana até 2020,2301,Fortaleza - CE,202508,12.Alimentação fora do domicílio,0.87,0.87
7060,63,IPCA - Variação mensal,%,Região Metropolitana até 2020,2301,Fortaleza - CE,202509,12.Alimentação fora do domicílio,0.54,0.54
7060,63,IPCA - Variação mensal,%,Região Metropolitana até 2020,2301,Fortaleza - CE,202510,12.Alimentação fora do domicílio,0.29,0.29
7060,63,IPCA - Variação mensal,%,Região Metropolitana até 2020,2301,Fortaleza - CE,202511,12.Alimentação fora do domicílio,0.64,0.64
7060,63,IPCA - Variação mensal,%,Região Metropolitana até 2020,2301,Fortaleza - CE,202512,12.Alimentação fora do domicílio,0.84,0.84
7060,63,IPCA - Variação mensal,%,Região Metropolitana até 2020,2301,Fortaleza - CE,202601,12.Alimentação fora do domicílio,0.89,0.89
7060,63,IPCA - Variação mensal,%,Região Metropolitana até 2020,2301,Fortaleza - CE,202602,12.Alimentação fora do domicílio,-0.06,-0.06
7060,63,IPCA - Variação mensal,%,Região Metropolitana até 2020,2301,Fortaleza - CE,202603,12.Alimentação fora do domicílio,0.43,0.43
7060,63,IPCA - Variação mensal,%,Região Metropolitana até 2020,2301,Fortaleza - CE,202604,12.Alimentação fora do domicílio,0.61,0.61
7060,63,IPCA - Variação mensal,%,Região Metropolitana até 2020,2301,Fortaleza - CE,202605,12.Alimentação fora do domicílio,0.67,0.67
7060,63,IPCA - Variação mensal,%,Região Metropolitana até 2020,2301,Fortaleza - CE,202606,12.Alimentação fora do domicílio,0.45,0.45
7060,63,IPCA - Variação mensal,%,Região Metropolitana até 2020,2301,Fortaleza - CE,202607,12.Alimentação fora do domicílio,0.86,0.86
7060,63,IPCA - Variação mensal,%,Região Metropolitana até 2020,2301,Fortaleza - CE,202608,12.Alimentação fora do domicílio,0.50,0.5
7060,63,IPCA - Variação mensal,%,Região Metropolitana até 2020,2601,Recife - PE,202309,12.Alimentação fora do domicílio,0.37,0.37
7060,63,IPCA - Variação mensal,%,Região Metropolitana até 2020,2601,Recife - PE,202310,12.Alimentação fora do domicílio,0.50,0.5
7060,63,IPCA - Variação mensal,%,Região Metropolitana até 2020,2601,Recife - PE,202311,12.Alimentação fora do domicílio,0.60,0.6
7060,63,IPCA - Variação mensal,%,Região Metropolitana até 2020,2601,Recife - PE,202312,12.Alimentação fora do domicílio,0.59,0.59
7060,63,IPCA - Variação mensal,%,Região Metropolitana até 2020,2601,Recife - PE,202401,12.Alimentação fora do domicílio,0.11,0.11
7060,63,IPCA - Variação mensal,%,Região Metropolitana até 2020,2601,Recife - PE,202402,12.Alimentação fora do domicílio,0.70,0.7
7060,63,IPCA - Variação mensal,%,Região Metropolitana até 2020,2601,Recife - PE,202403,12.Alimentação fora do domicílio,1.13,1.13
7060,63,IPCA - Variação mensal,%,Região Metropolitana até 2020,2601,Recife - PE,202404,12.Alimentação fora do domicílio,0.04,0.04
7060,63,IPCA - Variação mensal,%,Região Metropolitana até 2020,2601,Recife - PE,202405,12.Alimentação fora do domicílio,0.99,0.99
7060,63,IPCA - Variação mensal,%,Região Metropolitana até 2020,2601,Recife - PE,202406,12.Alimentação fora do domicílio,-0.02,-0.02
7060,63,IPCA - Variação mensal,%,Região Metropolitana até 2020,2601,Recife - PE,202407,12.Alimentação fora do domicílio,0.44,0.44
7060,63,IPCA - Variação mensal,%,Região Metropolitana até 2020,2601,Recife - PE,202408,12.Alimentação fora do domicílio,0.16,0.16
7060,63,IPCA - Variação mensal,%,Região Metropolitana até 2020,2601,Recife - PE,202409,12.Alimentação fora do domicílio,0.55,0.55
7060,63,IPCA - Variação mensal,%,Região Metropolitana até 2020,2601,Recife - PE,202410,12.Alimentação fora do domicílio,1.41,1.41
7060,63,IPCA - Variação mensal,%,Região Metropolitana até 2020,2601,Recife - PE,202411,12.Alimentação fora do domicílio,0.80,0.8
7060,63,IPCA - Variação mensal,%,Região Metropolitana até 2020,2601,Recife - PE,202412,12.Alimentação fora do domicílio,1.10,1.1
7060,63,IPCA - Variação mensal,%,Região Metropolitana até 2020,2601,Recife - PE,202501,12.Alimentação fora do domicílio,0.58,0.58
7060,63,IPCA - Variação mensal,%,Região Metropolitana até 2020,2601,Recife - PE,202502,12.Alimentação fora do domicílio,0.29,0.29
7060,63,IPCA - Variação mensal,%,Região Metropolitana até 2020,2601,Recife - PE,202503,12.Alimentação fora do domicílio,0.30,0.3
7060,63,IPCA - Variação mensal,%,Região Metropolitana até 2020,2601,Recife - PE,202504,12.Alimentação fora do domicílio,0.46,0.46
7060,63,IPCA - Variação mensal,%,Região Metropolitana até 2020,2601,Recife - PE,202505,12.Alimentação fora do domicílio,0.78,0.78
7060,63,IPCA - Variação mensal,%,Região Metropolitana até 2020,2601,Recife - PE,202506,12.Alimentação fora do domicílio,0.16,0.16
7060,63,IPCA - Variação mensal,%,Região Metropolitana até 2020,2601,Recife - PE,202507,12.Alimentação fora do domicílio,0.95,0.95
7060,63,IPCA - Variação mensal,%,Região Metropolitana até 2020,2601,Recife - PE,202508,12.Alimentação fora do domicílio,0.46,0.46
7060,63,IPCA - Variação mensal,%,Região Metropolitana até 2020,2601,Recife - PE,202509,12.Alimentação fora do domicílio,0.60,0.6
7060,63,IPCA - Variação mensal,%,Região Metropolitana até 2020,2601,Recife - PE,202510,12.Alimentação fora do domicílio,0.50,0.5
7060,63,IPCA - Variação mensal,%,Região Metropolitana até 2020,2601,Recife - PE,202511,12.Alimentação fora do domicílio,0.45,0.45
7060,63,IPCA - Variação mensal,%,Região Metropolitana até 2020,2601,Recife - PE,202512,12.Alimentação fora do domicílio,0.79,0.79
7060,63,IPCA - Variação mensal,%,Região Metropolitana até 2020,2601,Recife - PE,202601,12.Alimentação fora do domicílio,0.24,0.24
7060,63,IPCA - Variação mensal,%,Região Metropolitana até 2020,2601,Recife - PE,202602,12.Alimentação fora do domicílio,0.67,0.67
7060,63,IPCA - Variação mensal,%,Região Metropolitana até 2020,2601,Recife - PE,202603,12.Alimentação fora do domicílio,0.29,0.29
7060,63,IPCA - Variação mensal,%,Região Metropolitana até 2020,2601,Recife - PE,202604,12.Alimentação fora do domicílio,-0.06,-0.06
7060,63,IPCA - Variação mensal,%,Região Metropolitana até 2020,2601,Recife - PE,202605,12.Alimentação fora do domicílio,0.78,0.78
7060,63,IPCA - Variação mensal,%,Região Metropolitana até 2020,2601,Recife - PE,202606,12.Alimentação fora do domicílio,0.88,0.88
7060,63,IPCA - Variação mensal,%,Região Metropolitana até 2020,2601,Recife - PE,202607,12.Alimentação fora do domicílio,-0.26,-0.26
7060,63,IPCA - Variação mensal,%,Região Metropolitana até 2020,2601,Recife - PE,202608,12.Alimentação fora do domicílio,0.10,0.1
7060,63,IPCA - Variação mensal,%,Região Metropolitana até 2020,2901,Salvador - BA,202309,12.Alimentação fora do domicílio,0.11,0.11
7060,63,IPCA - Variação mensal,%,Região Metropolitana até 2020,2901,Salvador - BA,202310,12.Alimentação fora do domicílio,0.21,0.21
7060,63,IPCA - Variação mensal,%,Região Metropolitana até 2020,2901,Salvador - BA,202311,12.Alimentação fora do domicílio,-0.12,-0.12
7060,63,IPCA - Variação mensal,%,Região Metropolitana até 2020,2901,Salvador - BA,202312,12.Alimentação fora do domicílio,0.16,0.16
7060,63,IPCA - Variação mensal,%,Região Metropolitana até 2020,2901,Salvador - BA,202401,12.Alimentação fora do domicílio,0.35,0.35
7060,63,IPCA - Variação mensal,%,Região Metropolitana até 2020,2901,Salvador - BA,202402,12.Alimentação fora do domicílio,0.89,0.89
7060,63,IPCA - Variação mensal,%,Região Metropolitana até 2020,2901,Salvador - BA,202403,12.Alimentação fora do domicílio,0.84,0.84
7060,63,IPCA - Variação mensal,%,Região Metropolitana até 2020,2901,Salvador - BA,202404,12.Alimentação fora do domicílio,-0.22,-0.22
7060,63,IPCA - Variação mensal,%,Região Metropolitana até 2020,2901,Salvador - BA,202405,12.Alimentação fora do domicílio,0.53,0.53
7060,63,IPCA - Variação mensal,%,Região Metropolitana até 2020,2901,Salvador - BA,202406,12.Alimentação fora do domicílio,0.21,0.21
7060,63,IPCA - Variação mensal,%,Região Metropolitana até 2020,2901,Salvador - BA,202407,12.Alimentação fora do domicílio,0.01,0.01
7060,63,IPCA - Variação mensal,%,Região Metropolitana até 2020,2901,Salvador - BA,202408,12.Alimentação fora do domicílio,0.36,0.36
7060,63,IPCA - Variação mensal,%,Região Metropolitana até 2020,2901,Salvador - BA,202409,12.Alimentação fora do domicílio,-0.19,-0.19
7060,63,IPCA - Variação mensal,%,Região Metropolitana até 2020,2901,Salvador - BA,202410,12.Alimentação fora do domicílio,0.44,0.44
7060,63,IPCA - Variação mensal,%,Região Metropolitana até 2020,2901,Salvador - BA,202411,12.Alimentação fora do domicílio,0.55,0.55
7060,63,IPCA - Variação mensal,%,Região Metropolitana até 2020,2901,Salvador - BA,202412,12.Alimentação fora do domicílio,1.12,1.12
7060,63,IPCA - Variação mensal,%,Região Metropolitana até 2020,2901,Salvador - BA,202501,12.Alimentação fora do domicílio,0.89,0.89
7060,63,IPCA - Variação mensal,%,Região Metropolitana até 2020,2901,Salvador - BA,202502,12.Alimentação fora do domicílio,1.04,1.04
7060,63,IPCA - Variação mensal,%,Região Metropolitana até 2020,2901,Salvador - BA,202503,12.Alimentação fora do domicílio,1.03,1.03
7060,63,IPCA - Variação mensal,%,Região Metropolitana até 2020,2901,Salvador - BA,202504,12.Alimentação fora do domicílio,0.82,0.82
7060,63,IPCA - Variação mensal,%,Região Metropolitana até 2020,2901,Salvador - BA,202505,12.Alimentação fora do domicílio,0.14,0.14
7060,63,IPCA - Variação mensal,%,Região Metropolitana até 2020,2901,Salvador - BA,202506,12.Alimentação fora do domicílio,0.50,0.5
7060,63,IPCA - Variação mensal,%,Região Metropolitana até 2020,2901,Salvador - BA,202507,12.Alimentação fora do domicílio,0.78,0.78
7060,63,IPCA - Variação mensal,%,Região Metropolitana até 2020,2901,Salvador - BA,202508,12.Alimentação fora do domicílio,0.33,0.33
7060,63,IPCA - Variação mensal,%,Região Metropolitana até 2020,2901,Salvador - BA,202509,12.Alimentação fora do domicílio,0.36,0.36
7060,63,IPCA - Variação mensal,%,Região Metropolitana até 2020,2901,Salvador - BA,202510,12.Alimentação fora do domicílio,-0.17,-0.17
7060,63,IPCA - Variação mensal,%,Região Metropolitana até 2020,2901,Salvador - BA,202511,12.Alimentação fora do domicílio,0.95,0.95
7060,63,IPCA - Variação mensal,%,Região Metropolitana até 2020,2901,Salvador - BA,202512,12.Alimentação fora do domicílio,0.85,0.85
7060,63,IPCA - Variação mensal,%,Região Metropolitana até 2020,2901,Salvador - BA,202601,12.Alimentação fora do domicílio,0.49,0.49
7060,63,IPCA - Variação mensal,%,Região Metropolitana até 2020,2901,Salvador - BA,202602,12.Alimentação fora do domicílio,0.48,0.48
7060,63,IPCA - Variação mensal,%,Região Metropolitana até 2020,2901,Salvador - BA,202603,12.Alimentação fora do domicílio,0.51,0.51
7060,63,IPCA - Variação mensal,%,Região Metropolitana até 2020,2901,Salvador - BA,202604,12.Alimentação fora do domicílio,0.83,0.83
7060,63,IPCA - Variação mensal,%,Região Metropolitana até 2020,2901,Salvador - BA,202605,12.Alimentação fora do domicílio,0.73,0.73
7060,63,IPCA - Variação mensal,%,Região Metropolitana até 2020,2901,Salvador - BA,202606,12.Alimentação fora do domicílio,0.44,0.44
7060,63,IPCA - Variação mensal,%,Região Metropolitana até 2020,2901,Salvador - BA,202607,12.Alimentação fora do domicílio,0.23,0.23
7060,63,IPCA - Variação mensal,%,Região Metropolitana até 2020,2901,Salvador - BA,202608,12.Alimentação fora do domicílio,0.66,0.66
7060,63,IPCA - Variação mensal,%,Região Metropolitana até 2020,3101,Belo Horizonte - MG,202309,12.Alimentação fora do domicílio,0.17,0.17
7060,63,IPCA - Variação mensal,%,Região Metropolitana até 2020,3101,Belo Horizonte - MG,202310,12.Alimentação fora do domicílio,0.38,0.38
7060,63,IPCA - Variação mensal,%,Região Metropolitana até 2020,3101,Belo Horizonte - MG,202311,12.Alimentação fora do domicílio,0.46,0.46
7060,63,IPCA - Variação mensal,%,Região Metropolitana até 2020,3101,Belo Horizonte - MG,202312,12.Alimentação fora do domicílio,0.35,0.35
7060,63,IPCA - Variação mensal,%,Região Metropolitana até 2020,3101,Belo Horizonte - MG,202401,12.Alimentação fora do domicílio,0.43,0.43
7060,63,IPCA - Variação mensal,%,Região Metropolitana até 2020,3101,Belo Horizonte - MG,202402,12.Alimentação fora do domicílio,0.59,0.59
7060,63,IPCA - Variação mensal,%,Região Metropolitana até 2020,3101,Belo Horizonte - MG,202403,12.Alimentação fora do domicílio,0.23,0.23
7060,63,IPCA - Variação mensal,%,Região Metropolitana até 2020,3101,Belo Horizonte - MG,202404,12.Alimentação fora do domicílio,0.30,0.3
7060,63,IPCA - Variação mensal,%,Região Metropolitana até 2020,3101,Belo Horizonte - MG,202405,12.Alimentação fora do domicílio,0.11,0.11
7060,63,IPCA - Variação mensal,%,Região Metropolitana até 2020,3101,Belo Horizonte - MG,202406,12.Alimentação fora do domicílio,0.61,0.61
7060,63,IPCA - Variação mensal,%,Região Metropolitana até 2020,3101,Belo Horizonte - MG,202407,12.Alimentação fora do domicílio,0.52,0.52
7060,63,IPCA - Variação mensal,%,Região Metropolitana até 2020,3101,Belo Horizonte - MG,202408,12.Alimentação fora do domicílio,0.28,0.28
7060,63,IPCA - Variação mensal,%,Região Metropolitana até 2020,3101,Belo Horizonte - MG,202409,12.Alimentação fora do domicílio,0.65,0.65
7060,63,IPCA - Variação mensal,%,Região Metropolitana até 2020,3101,Belo Horizonte - MG,202410,12.Alimentação fora do domicílio,0.40,0.4
7060,63,IPCA - Variação mensal,%,Região Metropolitana até 2020,3101,Belo Horizonte - MG,202411,12.Alimentação fora do domicílio,1.45,1.45
7060,63,IPCA - Variação mensal,%,Região Metropolitana até 2020,3101,Belo Horizonte - MG,202412,12.Alimentação fora do domicílio,1.16,1.16
7060,63,IPCA - Variação mensal,%,Região Metropolitana até 2020,3101,Belo Horizonte - MG,202501,12.Alimentação fora do domicílio,0.53,0.53
7060,63,IPCA - Variação mensal,%,Região Metropolitana até 2020,3101,Belo Horizonte - MG,202502,12.Alimentação fora do domicílio,0.45,0.45
7060,63,IPCA - Variação mensal,%,Região Metropolitana até 2020,3101,Belo Horizonte - MG,202503,12.Alimentação fora do domicílio,0.49,0.49
7060,63,IPCA - Variação mensal,%,Região Metropolitana até 2020,3101,Belo Horizonte - MG,202504,12.Alimentação fora do domicílio,0.59,0.59
7060,63,IPCA - Variação mensal,%,Região Metropolitana até 2020,3101,Belo Horizonte - MG,202505,12.Alimentação fora do domicílio,0.55,0.55
7060,63,IPCA - Variação mensal,%,Região Metropolitana até 2020,3101,Belo Horizonte - MG,202506,12.Alimentação fora do domicílio,0.45,0.45
7060,63,IPCA - Variação mensal,%,Região Metropolitana até 2020,3101,Belo Horizonte - MG,202507,12.Alimentação fora do domicílio,0.89,0.89
7060,63,IPCA - Variação mensal,%,Região Metropolitana até 2020,3101,Belo Horizonte - MG,202508,12.Alimentação fora do domicílio,0.84,0.84
7060,63,IPCA - Variação mensal,%,Região Metropolitana até 2020,3101,Belo Horizonte - MG,202509,12.Alimentação fora do domicílio,0.66,0.66
7060,63,IPCA - Variação mensal,%,Região Metropolitana até 2020,3101,Belo Horizonte - MG,202510,12.Alimentação fora do domicílio,0.73,0.73
7060,63,IPCA - Variação mensal,%,Região Metropolitana até 2020,3101,Belo Horizonte - MG,202511,12.Alimentação fora do domicílio,0.14,0.14
7060,63,IPCA - Variação mensal,%,Região Metropolitana até 2020,3101,Belo Horizonte - MG,202512,12.Alimentação fora do domicílio,1.19,1.19
7060,63,IPCA - Variação mensal,%,Região Metropolitana até 2020,3101,Belo Horizonte - MG,202601,12.Alimentação fora do domicílio,0.17,0.17
7060,63,IPCA - Variação mensal,%,Região Metropolitana até 2020,3101,Belo Horizonte - MG,202602,12.Alimentação fora do domicílio,1.31,1.31
7060,63,IPCA - Variação mensal,%,Região Metropolitana até 2020,3101,Belo Horizonte - MG,202603,12.Alimentação fora do domicílio,1.00,1.0
7060,63,IPCA - Variação mensal,%,Região Metropolitana até 2020,3101,Belo Horizonte - MG,202604,12.Alimentação fora do domicílio,0.04,0.04
7060,63,IPCA - Variação mensal,%,Região Metropolitana até 2020,3101,Belo Horizonte - MG,202605,12.Alimentação fora do domicílio,-0.05,-0.05
7060,63,IPCA - Variação mensal,%,Região Metropolitana até 2020,3101,Belo Horizonte - MG,202606,12.Alimentação fora do domicílio,0.20,0.2
7060,63,IPCA - Variação mensal,%,Região Metropolitana até 2020,3101,Belo Horizonte - MG,202607,12.Alimentação fora do domicílio,0.55,0.55
7060,63,IPCA - Variação mensal,%,Região Metropolitana até 2020,3101,Belo Horizonte - MG,202608,12.Alimentação fora do domicílio,0.63,0.63
7060,63,IPCA - Variação mensal,%,Região Metropolitana até 2020,3201,Grande Vitória - ES,202309,12.Alimentação fora do domicílio,0.52,0.52
7060,63,IPCA - Variação mensal,%,Região Metropolitana até 2020,3201,Grande Vitória - ES,202310,12.Alimentação fora do domicílio,0.14,0.14
7060,63,IPCA - Variação mensal,%,Região Metropolitana até 2020,3201,Grande Vitória - ES,202311,12.Alimentação fora do domicílio,0.95,0.95
7060,63,IPCA - Variação mensal,%,Região Metropolitana até 2020,3201,Grande Vitória - ES,202312,12.Alimentação fora do domicílio,0.99,0.99
7060,63,IPCA - Variação mensal,%,Região Metropolitana até 2020,3201,Grande Vitória - ES,202401,12.Alimentação fora do domicílio,0.80,0.8
7060,63,IPCA - Variação mensal,%,Região Metropolitana até 2020,3201,Grande Vitória - ES,202402,12.Alimentação fora do domicílio,0.35,0.35
7060,63,IPCA - Variação mensal,%,Região Metropolitana até 2020,3201,Grande Vitória - ES,202403,12.Alimentação fora do domicílio,0.50,0.5
7060,63,IPCA - Variação mensal,%,Região Metropolitana até 2020,3201,Grande Vitória - ES,202404,12.Alimentação fora do domicílio,0.04,0.04
7060,63,IPCA - Variação mensal,%,Região Metropolitana até 2020,3201,Grande Vitória - ES,202405,12.Alimentação fora do domicílio,0.68,0.68
7060,63,IPCA - Variação mensal,%,Região Metropolitana até 2020,3201,Grande Vitória - ES,202406,12.Alimentação fora do domicílio,0.24,0.24
7060,63,IPCA - Variação mensal,%,Região Metropolitana até 2020,3201,Grande Vitória - ES,202407,12.Alimentação fora do domicílio,-0.05,-0.05
7060,63,IPCA - Variação mensal,%,Região Metropolitana até 2020,3201,Grande Vitória - ES,202408,12.Alimentação fora do domicílio,0.12,0.12
7060,63,IPCA - Variação mensal,%,Região Metropolitana até 2020,3201,Grande Vitória - ES,202409,12.Alimentação fora do domicílio,0.15,0.15
7060,63,IPCA - Variação mensal,%,Região Metropolitana até 2020,3201,Grande Vitória - ES,202410,12.Alimentação fora do domicílio,0.33,0.33
7060,63,IPCA - Variação mensal,%,Região Metropolitana até 2020,3201,Grande Vitória - ES,202411,12.Alimentação fora do domicílio,0.75,0.75
7060,63,IPCA - Variação mensal,%,Região Metropolitana até 2020,3201,Grande Vitória - ES,202412,12.Alimentação fora do domicílio,1.48,1.48
7060,63,IPCA - Variação mensal,%,Região Metropolitana até 2020,3201,Grande Vitória - ES,202501,12.Alimentação fora do domicílio,2.50,2.5
7060,63,IPCA - Variação mensal,%,Região Metropolitana até 2020,3201,Grande Vitória - ES,202502,12.Alimentação fora do domicílio,0.94,0.94
7060,63,IPCA - Variação mensal,%,Região Metropolitana até 2020,3201,Grande Vitória - ES,202503,12.Alimentação fora do domicílio,0.59,0.59
7060,63,IPCA - Variação mensal,%,Região Metropolitana até 2020,3201,Grande Vitória - ES,202504,12.Alimentação fora do domicílio,1.21,1.21
7060,63,IPCA - Variação mensal,%,Região Metropolitana até 2020,3201,Grande Vitória - ES,202505,12.Alimentação fora do domicílio,0.07,0.07
7060,63,IPCA - Variação mensal,%,Região Metropolitana até 2020,3201,Grande Vitória - ES,202506,12.Alimentação fora do domicílio,0.11,0.11
7060,63,IPCA - Variação mensal,%,Região Metropolitana até 2020,3201,Grande Vitória - ES,202507,12.Alimentação fora do domicílio,0.47,0.47
7060,63,IPCA - Variação mensal,%,Região Metropolitana até 2020,3201,Grande Vitória - ES,202508,12.Alimentação fora do domicílio,0.49,0.49
7060,63,IPCA - Variação mensal,%,Região Metropolitana até 2020,3201,Grande Vitória - ES,202509,12.Alimentação fora do domicílio,0.49,0.49
7060,63,IPCA - Variação mensal,%,Região Metropolitana até 2020,3201,Grande Vitória - ES,202510,12.Alimentação fora do domicílio,0.83,0.83
7060,63,IPCA - Variação mensal,%,Região Metropolitana até 2020,3201,Grande Vitória - ES,202511,12.Alimentação fora do domicílio,0.51,0.51
7060,63,IPCA - Variação mensal,%,Região Metropolitana até 2020,3201,Grande Vitória - ES,202512,12.Alimentação fora do domicílio,0.76,0.76
7060,63,IPCA - Variação mensal,%,Região Metropolitana até 2020,3201,Grande Vitória - ES,202601,12.Alimentação fora do domicílio,1.47,1.47
7060,63,IPCA - Variação mensal,%,Região Metropolitana até 2020,3201,Grande Vitória - ES,202602,12.Alimentação fora do domicílio,0.57,0.57
7060,63,IPCA - Variação mensal,%,Região Metropolitana até 2020,3201,Grande Vitória - ES,202603,12.Alimentação fora do domicílio,-0.08,-0.08
7060,63,IPCA - Variação mensal,%,Região Metropolitana até 2020,3201,Grande Vitória - ES,202604,12.Alimentação fora do domicílio,0.33,0.33
7060,63,IPCA - Variação mensal,%,Região Metropolitana até 2020,3201,Grande Vitória - ES,202605,12.Alimentação fora do domicílio,0.85,0.85
7060,63,IPCA - Variação mensal,%,Região Metropolitana até 2020,3201,Grande Vitória - ES,202606,12.Alimentação fora do domicílio,0.19,0.19
7060,63,IPCA - Variação mensal,%,Região Metropolitana até 2020,3201,Grande Vitória - ES,202607,12.Alimentação fora do domicílio,0.77,0.77
7060,63,IPCA - Variação mensal,%,Região Metropolitana até 2020,3201,Grande Vitória - ES,202608,12.Alimentação fora do domicílio,0.08,0.08
7060,63,IPCA - Variação mensal,%,Região Metropolitana até 2020,3301,Rio de Janeiro - RJ,202309,12.Alimentação fora do domicílio,-0.12,-0.12
7060,63,IPCA - Variação mensal,%,Região Metropolitana até 2020,3301,Rio de Janeiro - RJ,202310,12.Alimentação fora do domicílio,0.30,0.3
7060,63,IPCA - Variação mensal,%,Região Metropolitana até 2020,3301,Rio de Janeiro - RJ,202311,12.Alimentação fora do domicílio,0.40,0.4
7060,63,IPCA - Variação mensal,%,Região Metropolitana até 2020,3301,Rio de Janeiro - RJ,202312,12.Alimentação fora do domicílio,0.61,0.61
7060,63,IPCA - Variação mensal,%,Região Metropolitana até 2020,3301,Rio de Janeiro - RJ,202401,12.Alimentação fora do domicílio,0.01,0.01
7060,63,IPCA - Variação mensal,%,Região Metropolitana até 2020,3301,Rio de Janeiro - RJ,202402,12.Alimentação fora do domicílio,0.29,0.29
7060,63,IPCA - Variação mensal,%,Região Metropolitana até 2020,3301,Rio de Janeiro - RJ,202403,12.Alimentação fora do domicílio,0.80,0.8
7060,63,IPCA - Variação mensal,%,Região Metropolitana até 2020,3301,Rio de Janeiro - RJ,202404,12.Alimentação fora do domicílio,0.38,0.38
7060,63,IPCA - Variação mensal,%,Região Metropolitana até 2020,3301,Rio de Janeiro - RJ,202405,12.Alimentação fora do domicílio,-0.17,-0.17
7060,63,IPCA - Variação mensal,%,Região Metropolitana até 2020,3301,Rio de Janeiro - RJ,202406,12.Alimentação fora do domicílio,0.27,0.27
7060,63,IPCA - Variação mensal,%,Região Metropolitana até 2020,3301,Rio de Janeiro - RJ,202407,12.Alimentação fora do domicílio,0.11,0.11
7060,63,IPCA - Variação mensal,%,Região Metropolitana até 2020,3301,Rio de Janeiro - RJ,202408,12.Alimentação fora do domicílio,0.35,0.35
7060,63,IPCA - Variação mensal,%,Região Metropolitana até 2020,3301,Rio de Janeiro - RJ,202409,12.Alimentação fora do domicílio,0.49,0.49
7060,63,IPCA - Variação mensal,%,Região Metropolitana até 2020,3301,Rio de Janeiro - RJ,202410,12.Alimentação fora do domicílio,0.97,0.97
7060,63,IPCA - Variação mensal,%,Região Metropolitana até 2020,3301,Rio de Janeiro - RJ,202411,12.Alimentação fora do domicílio,1.31,1.31
7060,63,IPCA - Variação mensal,%,Região Metropolitana até 2020,3301,Rio de Janeiro - RJ,202412,12.Alimentação fora do domicílio,1.98,1.98
7060,63,IPCA - Variação mensal,%,Região Metropolitana até 2020,3301,Rio de Janeiro - RJ,202501,12.Alimentação fora do domicílio,0.76,0.76
7060,63,IPCA - Variação mensal,%,Região Metropolitana até 2020,3301,Rio de Janeiro - RJ,202502,12.Alimentação fora do domicílio,0.36,0.36
7060,63,IPCA - Variação mensal,%,Região Metropolitana até 2020,3301,Rio de Janeiro - RJ,202503,12.Alimentação fora do domicílio,0.64,0.64
7060,63,IPCA - Variação mensal,%,Região Metropolitana até 2020,3301,Rio de Janeiro - RJ,202504,12.Alimentação fora do domicílio,0.48,0.48
7060,63,IPCA - Variação mensal,%,Região Metropolitana até 2020,3301,Rio de Janeiro - RJ,202505,12.Alimentação fora do domicílio,0.72,0.72
7060,63,IPCA - Variação mensal,%,Região Metropolitana até 2020,3301,Rio de Janeiro - RJ,202506,12.Alimentação fora do domicílio,0.45,0.45
7060,63,IPCA - Variação mensal,%,Região Metropolitana até 2020,3301,Rio de Janeiro - RJ,202507,12.Alimentação fora do domicílio,1.14,1.14
7060,63,IPCA - Variação mensal,%,Região Metropolitana até 2020,3301,Rio de Janeiro - RJ,202508,12.Alimentação fora do domicílio,0.54,0.54
7060,63,IPCA - Variação mensal,%,Região Metropolitana até 2020,3301,Rio de Janeiro - RJ,202509,12.Alimentação fora do domicílio,-0.39,-0.39
7060,63,IPCA - Variação mensal,%,Região Metropolitana até 2020,3301,Rio de Janeiro - RJ,202510,12.Alimentação fora do domicílio,0.11,0.11
7060,63,IPCA - Variação mensal,%,Região Metropolitana até 2020,3301,Rio de Janeiro - RJ,202511,12.Alimentação fora do domicílio,0.84,0.84
7060,63,IPCA - Variação mensal,%,Região Metropolitana até 2020,3301,Rio de Janeiro - RJ,202512,12.Alimentação fora do domicílio,0.66,0.66
7060,63,IPCA - Variação mensal,%,Região Metropolitana até 2020,3301,Rio de Janeiro - RJ,202601,12.Alimentação fora do domicílio,0.39,0.39
7060,63,IPCA - Variação mensal,%,Região Metropolitana até 2020,3301,Rio de Janeiro - RJ,202602,12.Alimentação fora do domicílio,0.37,0.37
7060,63,IPCA - Variação mensal,%,Região Metropolitana até 2020,3301,Rio de Janeiro - RJ,202603,12.Alimentação fora do domicílio,-0.01,-0.01
7060,63,IPCA - Variação mensal,%,Região Metropolitana até 2020,3301,Rio de Janeiro - RJ,202604,12.Alimentação fora do domicílio,0.15,0.15
7060,63,IPCA - Variação mensal,%,Região Metropolitana até 2020,3301,Rio de Janeiro - RJ,202605,12.Alimentação fora do domicílio,0.08,0.08
7060,63,IPCA - Variação mensal,%,Região Metropolitana até 2020,3301,Rio de Janeiro - RJ,202606,12.Alimentação fora do domicílio,0.02,0.02
7060,63,IPCA - Variação mensal,%,Região Metropolitana até 2020,3301,Rio de Janeiro - RJ,202607,12.Alimentação fora do domicílio,0.84,0.84
7060,63,IPCA - Variação mensal,%,Região Metropolitana até 2020,3301,Rio de Janeiro - RJ,202608,12.Alimentação fora do domicílio,0.36,0.36
7060,63,IPCA - Variação mensal,%,Região Metropolitana até 2020,3501,São Paulo - SP,202309,12.Alimentação fora do domicílio,0.40,0.4
7060,63,IPCA - Variação mensal,%,Região Metropolitana até 2020,3501,São Paulo - SP,202310,12.Alimentação fora do domicílio,0.43,0.43
7060,63,IPCA - Variação mensal,%,Região Metropolitana até 2020,3501,São Paulo - SP,202311,12.Alimentação fora do domicílio,0.31,0.31
7060,63,IPCA - Variação mensal,%,Região Metropolitana até 2020,3501,São Paulo - SP,202312,12.Alimentação fora do domicílio,0.63,0.63
7060,63,IPCA - Variação mensal,%,Região Metropolitana até 2020,3501,São Paulo - SP,202401,12.Alimentação fora do domicílio,0.09,0.09
7060,63,IPCA - Variação mensal,%,Região Metropolitana até 2020,3501,São Paulo - SP,202402,12.Alimentação fora do domicílio,0.28,0.28
7060,63,IPCA - Variação mensal,%,Região Metropolitana até 2020,3501,São Paulo - SP,202403,12.Alimentação fora do domicílio,-0.05,-0.05
7060,63,IPCA - Variação mensal,%,Região Metropolitana até 2020,3501,São Paulo - SP,202404,12.Alimentação fora do domicílio,0.54,0.54
7060,63,IPCA - Variação mensal,%,Região Metropolitana até 2020,3501,São Paulo - SP,202405,12.Alimentação fora do domicílio,0.93,0.93
7060,63,IPCA - Variação mensal,%,Região Metropolitana até 2020,3501,São Paulo - SP,202406,12.Alimentação fora do domicílio,0.38,0.38
7060,63,IPCA - Variação mensal,%,Região Metropolitana até 2020,3501,São Paulo - SP,202407,12.Alimentação fora do domicílio,0.41,0.41
7060,63,IPCA - Variação mensal,%,Região Metropolitana até 2020,3501,São Paulo - SP,202408,12.Alimentação fora do domicílio,0.47,0.47
7060,63,IPCA - Variação mensal,%,Região Metropolitana até 2020,3501,São Paulo - SP,202409,12.Alimentação fora do domicílio,0.17,0.17
7060,63,IPCA - Variação mensal,%,Região Metropolitana até 2020,3501,São Paulo - SP,202410,12.Alimentação fora do domicílio,0.71,0.71
7060,63,IPCA - Variação mensal,%,Região Metropolitana até 2020,3501,São Paulo - SP,202411,12.Alimentação fora do domicílio,0.54,0.54
7060,63,IPCA - Variação mensal,%,Região Metropolitana até 2020,3501,São Paulo - SP,202412,12.Alimentação fora do domicílio,1.44,1.44
7060,63,IPCA - Variação mensal,%,Região Metropolitana até 2020,3501,São Paulo - SP,202501,12.Alimentação fora do domicílio,0.30,0.3
7060,63,IPCA - Variação mensal,%,Região Metropolitana até 2020,3501,São Paulo - SP,202502,12.Alimentação fora do domicílio,0.26,0.26
7060,63,IPCA - Variação mensal,%,Região Metropolitana até 2020,3501,São Paulo - SP,202503,12.Alimentação fora do domicílio,1.05,1.05
7060,63,IPCA - Variação mensal,%,Região Metropolitana até 2020,3501,São Paulo - SP,202504,12.Alimentação fora do domicílio,1.10,1.1
7060,63,IPCA - Variação mensal,%,Região Metropolitana até 2020,3501,São Paulo - SP,202505,12.Alimentação fora do domicílio,0.51,0.51
7060,63,IPCA - Variação mensal,%,Região Metropolitana até 2020,3501,São Paulo - SP,202506,12.Alimentação fora do domicílio,0.46,0.46
7060,63,IPCA - Variação mensal,%,Região Metropolitana até 2020,3501,São Paulo - SP,202507,12.Alimentação fora do domicílio,0.92,0.92
7060,63,IPCA - Variação mensal,%,Região Metropolitana até 2020,3501,São Paulo - SP,202508,12.Alimentação fora do domicílio,0.74,0.74
7060,63,IPCA - Variação mensal,%,Região Metropolitana até 2020,3501,São Paulo - SP,202509,12.Alimentação fora do domicílio,-0.24,-0.24
7060,63,IPCA - Variação mensal,%,Região Metropolitana até 2020,3501,São Paulo - SP,202510,12.Alimentação fora do domicílio,0.46,0.46
7060,63,IPCA - Variação mensal,%,Região Metropolitana até 2020,3501,São Paulo - SP,202511,12.Alimentação fora do domicílio,0.43,0.43
7060,63,IPCA - Variação mensal,%,Região Metropolitana até 2020,3501,São Paulo - SP,202512,12.Alimentação fora do domicílio,0.38,0.38
7060,63,IPCA - Variação mensal,%,Região Metropolitana até 2020,3501,São Paulo - SP,202601,12.Alimentação fora do domicílio,0.61,0.61
7060,63,IPCA - Variação mensal,%,Região Metropolitana até 2020,3501,São Paulo - SP,202602,12.Alimentação fora do domicílio,0.23,0.23
7060,63,IPCA - Variação mensal,%,Região Metropolitana até 2020,3501,São Paulo - SP,202603,12.Alimentação fora do domicílio,0.95,0.95
7060,63,IPCA - Variação mensal,%,Região Metropolitana até 2020,3501,São Paulo - SP,202604,12.Alimentação fora do domicílio,0.98,0.98
7060,63,IPCA - Variação mensal,%,Região Metropolitana até 2020,3501,São Paulo - SP,202605,12.Alimentação fora do domicílio,0.59,0.59
7060,63,IPCA - Variação mensal,%,Região Metropolitana até 2020,3501,São Paulo - SP,202606,12.Alimentação fora do domicílio,-0.17,-0.17
7060,63,IPCA - Variação mensal,%,Região Metropolitana até 2020,3501,São Paulo - SP,202607,12.Alimentação fora do domicílio,0.67,0.67
7060,63,IPCA - Variação mensal,%,Região Metropolitana até 2020,3501,São Paulo - SP,202608,12.Alimentação fora do domicílio,0.40,0.4
7060,63,IPCA - Variação mensal,%,Região Metropolitana até 2020,4101,Curitiba - PR,202309,12.Alimentação fora do domicílio,0.49,0.49
7060,63,IPCA - Variação mensal,%,Região Metropolitana até 2020,4101,Curitiba - PR,202310,12.Alimentação fora do domicílio,0.16,0.16
7060,63,IPCA - Variação mensal,%,Região Metropolitana até 2020,4101,Curitiba - PR,202311,12.Alimentação fora do domicílio,0.11,0.11
7060,63,IPCA - Variação mensal,%,Região Metropolitana até 2020,4101,Curitiba - PR,202312,12.Alimentação fora do domicílio,0.54,0.54
7060,63,IPCA - Variação mensal,%,Região Metropolitana até 2020,4101,Curitiba - PR,202401,12.Alimentação fora do domicílio,0.70,0.7
7060,63,IPCA - Variação mensal,%,Região Metropolitana até 2020,4101,Curitiba - PR,202402,12.Alimentação fora do domicílio,0.41,0.41
7060,63,IPCA - Variação mensal,%,Região Metropolitana até 2020,4101,Curitiba - PR,202403,12.Alimentação fora do domicílio,0.17,0.17
7060,63,IPCA - Variação mensal,%,Região Metropolitana até 2020,4101,Curitiba - PR,202404,12.Alimentação fora do domicílio,0.32,0.32
7060,63,IPCA - Variação mensal,%,Região Metropolitana até 2020,4101,Curitiba - PR,202405,12.Alimentação fora do domicílio,0.37,0.37
7060,63,IPCA - Variação mensal,%,Região Metropolitana até 2020,4101,Curitiba - PR,202406,12.Alimentação fora do domicílio,0.56,0.56
7060,63,IPCA - Variação mensal,%,Região Metropolitana até 2020,4101,Curitiba - PR,202407,12.Alimentação fora do domicílio,0.66,0.66
7060,63,IPCA - Variação mensal,%,Região Metropolitana até 2020,4101,Curitiba - PR,202408,12.Alimentação fora do domicílio,0.31,0.31
7060,63,IPCA - Variação mensal,%,Região Metropolitana até 2020,4101,Curitiba - PR,202409,12.Alimentação fora do domicílio,0.81,0.81
7060,63,IPCA - Variação mensal,%,Região Metropolitana até 2020,4101,Curitiba - PR,202410,12.Alimentação fora do domicílio,0.61,0.61
7060,63,IPCA - Variação mensal,%,Região Metropolitana até 2020,4101,Curitiba - PR,202411,12.Alimentação fora do domicílio,0.82,0.82
7060,63,IPCA - Variação mensal,%,Região Metropolitana até 2020,4101,Curitiba - PR,202412,12.Alimentação fora do domicílio,0.60,0.6
7060,63,IPCA - Variação mensal,%,Região Metropolitana até 2020,4101,Curitiba - PR,202501,12.Alimentação fora do domicílio,0.57,0.57
7060,63,IPCA - Variação mensal,%,Região Metropolitana até 2020,4101,Curitiba - PR,202502,12.Alimentação fora do domicílio,0.84,0.84
7060,63,IPCA - Variação mensal,%,Região Metropolitana até 2020,4101,Curitiba - PR,202503,12.Alimentação fora do domicílio,1.10,1.1
7060,63,IPCA - Variação mensal,%,Região Metropolitana até 2020,4101,Curitiba - PR,202504,12.Alimentação fora do domicílio,0.81,0.81
7060,63,IPCA - Variação mensal,%,Região Metropolitana até 2020,4101,Curitiba - PR,202505,12.Alimentação fora do domicílio,1.05,1.05
7060,63,IPCA - Variação mensal,%,Região Metropolitana até 2020,4101,Curitiba - PR,202506,12.Alimentação fora do domicílio,0.12,0.12
7060,63,IPCA - Variação mensal,%,Região Metropolitana até 2020,4101,Curitiba - PR,202507,12.Alimentação fora do domicílio,0.61,0.61
7060,63,IPCA - Variação mensal,%,Região Metropolitana até 2020,4101,Curitiba - PR,202508,12.Alimentação fora do domicílio,0.24,0.24
7060,63,IPCA - Variação mensal,%,Região Metropolitana até 2020,4101,Curitiba - PR,202509,12.Alimentação fora do domicílio,0.30,0.3
7060,63,IPCA - Variação mensal,%,Região Metropolitana até 2020,4101,Curitiba - PR,202510,12.Alimentação fora do domicílio,0.28,0.28
7060,63,IPCA - Variação mensal,%,Região Metropolitana até 2020,4101,Curitiba - PR,202511,12.Alimentação fora do domicílio,0.07,0.07
7060,63,IPCA - Variação mensal,%,Região Metropolitana até 2020,4101,Curitiba - PR,202512,12.Alimentação fora do domicílio,0.90,0.9
7060,63,IPCA - Variação mensal,%,Região Metropolitana até 2020,4101,Curitiba - PR,202601,12.Alimentação fora do domicílio,0.22,0.22
7060,63,IPCA - Variação mensal,%,Região Metropolitana até 2020,4101,Curitiba - PR,202602,12.Alimentação fora do domicílio,-0.07,-0.07
7060,63,IPCA - Variação mensal,%,Região Metropolitana até 2020,4101,Curitiba - PR,202603,12.Alimentação fora do domicílio,0.75,0.75
7060,63,IPCA - Variação mensal,%,Região Metropolitana até 2020,4101,Curitiba - PR,202604,12.Alimentação fora do domicílio,0.65,0.65
7060,63,IPCA - Variação mensal,%,Região Metropolitana até 2020,4101,Curitiba - PR,202605,12.Alimentação fora do domicílio,0.07,0.07
7060,63,IPCA - Variação mensal,%,Região Metropolitana até 2020,4101,Curitiba - PR,202606,12.Alimentação fora do domicílio,0.27,0.27
7060,63,IPCA - Variação mensal,%,Região Metropolitana até 2020,4101,Curitiba - PR,202607,12.Alimentação fora do domicílio,0.63,0.63
7060,63,IPCA - Variação mensal,%,Região Metropolitana até 2020,4101,Curitiba - PR,202608,12.Alimentação fora do domicílio,0.20,0.2
7060,63,IPCA - Variação mensal,%,Região Metropolitana até 2020,4301,Porto Alegre - RS,202309,12.Alimentação fora do domicílio,-0.13,-0.13
7060,63,IPCA - Variação mensal,%,Região Metropolitana até 2020,4301,Porto Alegre - RS,202310,12.Alimentação fora do domicílio,0.77,0.77
7060,63,IPCA - Variação mensal,%,Região Metropolitana até 2020,4301,Porto Alegre - RS,202311,12.Alimentação fora do domicílio,0.12,0.12
7060,63,IPCA - Variação mensal,%,Região Metropolitana até 2020,4301,Porto Alegre - RS,202312,12.Alimentação fora do domicílio,0.39,0.39
7060,63,IPCA - Variação mensal,%,Região Metropolitana até 2020,4301,Porto Alegre - RS,202401,12.Alimentação fora do domicílio,0.40,0.4
7060,63,IPCA - Variação mensal,%,Região Metropolitana até 2020,4301,Porto Alegre - RS,202402,12.Alimentação fora do domicílio,0.74,0.74
7060,63,IPCA - Variação mensal,%,Região Metropolitana até 2020,4301,Porto Alegre - RS,202403,12.Alimentação fora do domicílio,0.18,0.18
7060,63,IPCA - Variação mensal,%,Região Metropolitana até 2020,4301,Porto Alegre - RS,202404,12.Alimentação fora do domicílio,0.32,0.32
7060,63,IPCA - Variação mensal,%,Região Metropolitana até 2020,4301,Porto Alegre - RS,202405,12.Alimentação fora do domicílio,-0.09,-0.09
7060,63,IPCA - Variação mensal,%,Região Metropolitana até 2020,4301,Porto Alegre - RS,202406,12.Alimentação fora do domicílio,0.47,0.47
7060,63,IPCA - Variação mensal,%,Região Metropolitana até 2020,4301,Porto Alegre - RS,202407,12.Alimentação fora do domicílio,0.48,0.48
7060,63,IPCA - Variação mensal,%,Região Metropolitana até 2020,4301,Porto Alegre - RS,202408,12.Alimentação fora do domicílio,0.11,0.11
7060,63,IPCA - Variação mensal,%,Região Metropolitana até 2020,4301,Porto Alegre - RS,202409,12.Alimentação fora do domicílio,0.38,0.38
7060,63,IPCA - Variação mensal,%,Região Metropolitana até 2020,4301,Porto Alegre - RS,202410,12.Alimentação fora do domicílio,0.75,0.75
7060,63,IPCA - Variação mensal,%,Região Metropolitana até 2020,4301,Porto Alegre - RS,202411,12.Alimentação fora do domicílio,1.21,1.21
7060,63,IPCA - Variação mensal,%,Região Metropolitana até 2020,4301,Porto Alegre - RS,202412,12.Alimentação fora do domicílio,1.18,1.18
7060,63,IPCA - Variação mensal,%,Região Metropolitana até 2020,4301,Porto Alegre - RS,202501,12.Alimentação fora do domicílio,1.25,1.25
7060,63,IPCA - Variação mensal,%,Região Metropolitana até 2020,4301,Porto Alegre - RS,202502,12.Alimentação fora do domicílio,-0.11,-0.11
7060,63,IPCA - Variação mensal,%,Região Metropolitana até 2020,4301,Porto Alegre - RS,202503,12.Alimentação fora do domicílio,0.89,0.89
7060,63,IPCA - Variação mensal,%,Região Metropolitana até 2020,4301,Porto Alegre - RS,202504,12.Alimentação fora do domicílio,0.54,0.54
7060,63,IPCA - Variação mensal,%,Região Metropolitana até 2020,4301,Porto Alegre - RS,202505,12.Alimentação fora do domicílio,1.11,1.11
7060,63,IPCA - Variação mensal,%,Região Metropolitana até 2020,4301,Porto Alegre - RS,202506,12.Alimentação fora do domicílio,1.01,1.01
7060,63,IPCA - Variação mensal,%,Região Metropolitana até 2020,4301,Porto Alegre - RS,202507,12.Alimentação fora do domicílio,0.99,0.99
7060,63,IPCA - Variação mensal,%,Região Metropolitana até 2020,4301,Porto Alegre - RS,202508,12.Alimentação fora do domicílio,0.27,0.27
7060,63,IPCA - Variação mensal,%,Região Metropolitana até 2020,4301,Porto Alegre - RS,202509,12.Alimentação fora do domicílio,-0.01,-0.01
7060,63,IPCA - Variação mensal,%,Região Metropolitana até 2020,4301,Porto Alegre - RS,202510,12.Alimentação fora do domicílio,0.96,0.96
7060,63,IPCA - Variação mensal,%,Região Metropolitana até 2020,4301,Porto Alegre - RS,202511,12.Alimentação fora do domicílio,0.11,0.11
7060,63,IPCA - Variação mensal,%,Região Metropolitana até 2020,4301,Porto Alegre - RS,202512,12.Alimentação fora do domicílio,0.43,0.43
7060,63,IPCA - Variação mensal,%,Região Metropolitana até 2020,4301,Porto Alegre - RS,202601,12.Alimentação fora do domicílio,0.66,0.66
7060,63,IPCA - Variação mensal,%,Região Metropolitana até 2020,4301,Porto Alegre - RS,202602,12.Alimentação fora do domicílio,0.36,0.36
7060,63,IPCA - Variação mensal,%,Região Metropolitana até 2020,4301,Porto Alegre - RS,202603,12.Alimentação fora do domicílio,0.19,0.19
7060,63,IPCA - Variação mensal,%,Região Metropolitana até 2020,4301,Porto Alegre - RS,202604,12.Alimentação fora do domicílio,0.43,0.43
7060,63,IPCA - Variação mensal,%,Região Metropolitana até 2020,4301,Porto Alegre - RS,202605,12.Alimentação fora do domicílio,0.90,0.9
7060,63,IPCA - Variação mensal,%,Região Metropolitana até 2020,4301,Porto Alegre - RS,202606,12.Alimentação fora do domicílio,0.33,0.33
7060,63,IPCA - Variação mensal,%,Região Metropolitana até 2020,4301,Porto Alegre - RS,202607,12.Alimentação fora do domicílio,0.18,0.18
7060,63,IPCA - Variação mensal,%,Região Metropolitana até 2020,4301,Porto Alegre - RS,202608,12.Alimentação fora do domicílio,0.53,0.53
7060,63,IPCA - Variação mensal,%,Brasil,1,Brasil,202309,1201.Alimentação fora do domicílio,0.12,0.12
7060,63,IPCA - Variação mensal,%,Brasil,1,Brasil,202310,1201.Alimentação fora do domicílio,0.42,0.42
7060,63,IPCA - Variação mensal,%,Brasil,1,Brasil,202311,1201.Alimentação fora do domicílio,0.32,0.32
7060,63,IPCA - Variação mensal,%,Brasil,1,Brasil,202312,1201.Alimentação fora do domicílio,0.53,0.53
7060,63,IPCA - Variação mensal,%,Brasil,1,Brasil,202401,1201.Alimentação fora do domicílio,0.25,0.25
7060,63,IPCA - Variação mensal,%,Brasil,1,Brasil,202402,1201.Alimentação fora do domicílio,0.49,0.49
7060,63,IPCA - Variação mensal,%,Brasil,1,Brasil,202403,1201.Alimentação fora do domicílio,0.35,0.35
7060,63,IPCA - Variação mensal,%,Brasil,1,Brasil,202404,1201.Alimentação fora do domicílio,0.39,0.39
7060,63,IPCA - Variação mensal,%,Brasil,1,Brasil,202405,1201.Alimentação fora do domicílio,0.50,0.5
7060,63,IPCA - Variação mensal,%,Brasil,1,Brasil,202406,1201.Alimentação fora do domicílio,0.37,0.37
7060,63,IPCA - Variação mensal,%,Brasil,1,Brasil,202407,1201.Alimentação fora do domicílio,0.39,0.39
7060,63,IPCA - Variação mensal,%,Brasil,1,Brasil,202408,1201.Alimentação fora do domicílio,0.33,0.33
7060,63,IPCA - Variação mensal,%,Brasil,1,Brasil,202409,1201.Alimentação fora do domicílio,0.34,0.34
7060,63,IPCA - Variação mensal,%,Brasil,1,Brasil,202410,1201.Alimentação fora do domicílio,0.65,0.65
7060,63,IPCA - Variação mensal,%,Brasil,1,Brasil,202411,1201.Alimentação fora do domicílio,0.88,0.88
7060,63,IPCA - Variação mensal,%,Brasil,1,Brasil,202412,1201.Alimentação fora do domicílio,1.19,1.19
7060,63,IPCA - Variação mensal,%,Brasil,1,Brasil,202501,1201.Alimentação fora do domicílio,0.67,0.67
7060,63,IPCA - Variação mensal,%,Brasil,1,Brasil,202502,1201.Alimentação fora do domicílio,0.47,0.47
7060,63,IPCA - Variação mensal,%,Brasil,1,Brasil,202503,1201.Alimentação fora do domicílio,0.77,0.77
7060,63,IPCA - Variação mensal,%,Brasil,1,Brasil,202504,1201.Alimentação fora do domicílio,0.80,0.8
7060,63,IPCA - Variação mensal,%,Brasil,1,Brasil,202505,1201.Alimentação fora do domicílio,0.58,0.58
7060,63,IPCA - Variação mensal,%,Brasil,1,Brasil,202506,1201.Alimentação fora do domicílio,0.46,0.46
7060,63,IPCA - Variação mensal,%,Brasil,1,Brasil,202507,1201.Alimentação fora do domicílio,0.87,0.87
7060,63,IPCA - Variação mensal,%,Brasil,1,Brasil,202508,1201.Alimentação fora do domicílio,0.50,0.5
7060,63,IPCA - Variação mensal,%,Brasil,1,Brasil,202509,1201.Alimentação fora do domicílio,0.11,0.11
7060,63,IPCA - Variação mensal,%,Brasil,1,Brasil,202510,1201.Alimentação fora do domicílio,0.46,0.46
7060,63,IPCA - Variação mensal,%,Brasil,1,Brasil,202511,1201.Alimentação fora do domicílio,0.46,0.46
7060,63,IPCA - Variação mensal,%,Brasil,1,Brasil,202512,1201.Alimentação fora do domicílio,0.60,0.6
7060,63,IPCA - Variação mensal,%,Brasil,1,Brasil,202601,1201.Alimentação fora do domicílio,0.55,0.55
7060,63,IPCA - Variação mensal,%,Brasil,1,Brasil,202602,1201.Alimentação fora do domicílio,0.34,0.34
7060,63,IPCA - Variação mensal,%,Brasil,1,Brasil,202603,1201.Alimentação fora do domicílio,0.61,0.61
7060,63,IPCA - Variação mensal,%,Brasil,1,Brasil,202604,1201.Alimentação fora do domicílio,0.59,0.59
7060,63,IPCA - Variação mensal,%,Brasil,1,Brasil,202605,1201.Alimentação fora do domicílio,0.49,0.49
7060,63,IPCA - Variação mensal,%,Brasil,1,Brasil,202606,1201.Alimentação fora do domicílio,0.15,0.15
7060,63,IPCA - Variação mensal,%,Brasil,1,Brasil,202607,1201.Alimentação fora do domicílio,0.55,0.55
7060,63,IPCA - Variação mensal,%,Brasil,1,Brasil,202608,1201.Alimentação fora do domicílio,0.36,0.36
7060,63,IPCA - Variação mensal,%,Município,1200401,Rio Branco - AC,202309,1201.Alimentação fora do domicílio,-0.39,-0.39
7060,63,IPCA - Variação mensal,%,Município,1200401,Rio Branco - AC,202310,1201.Alimentação fora do domicílio,0.02,0.02
7060,63,IPCA - Variação mensal,%,Município,1200401,Rio Branco - AC,202311,1201.Alimentação fora do domicílio,0.56,0.56
7060,63,IPCA - Variação mensal,%,Município,1200401,Rio Branco - AC,202312,1201.Alimentação fora do domicílio,0.53,0.53
7060,63,IPCA - Variação mensal,%,Município,1200401,Rio Branco - AC,202401,1201.Alimentação fora do domicílio,0.58,0.58
7060,63,IPCA - Variação mensal,%,Município,1200401,Rio Branco - AC,202402,1201.Alimentação fora do domicílio,0.64,0.64
7060,63,IPCA - Variação mensal,%,Município,1200401,Rio Branco - AC,202403,1201.Alimentação fora do domicílio,0.77,0.77
7060,63,IPCA - Variação mensal,%,Município,1200401,Rio Branco - AC,202404,1201.Alimentação fora do domicílio,0.39,0.39
7060,63,IPCA - Variação mensal,%,Município,1200401,Rio Branco - AC,202405,1201.Alimentação fora do domicílio,0.95,0.95
7060,63,IPCA - Variação mensal,%,Município,1200401,Rio Branco - AC,202406,1201.Alimentação fora do domicílio,0.42,0.42
7060,63,IPCA - Variação mensal,%,Município,1200401,Rio Branco - AC,202407,1201.Alimentação fora do domicílio,0.24,0.24
7060,63,IPCA - Variação mensal,%,Município,1200401,Rio Branco - AC,202408,1201.Alimentação fora do domicílio,0.34,0.34
7060,63,IPCA - Variação mensal,%,Município,1200401,Rio Branco - AC,202409,1201.Alimentação fora do domicílio,0.18,0.18
7060,63,IPCA - Variação mensal,%,Município,1200401,Rio Branco - AC,202410,1201.Alimentação fora do domicílio,0.55,0.55
7060,63,IPCA - Variação mensal,%,Município,1200401,Rio Branco - AC,202411,1201.Alimentação fora do domicílio,0.57,0.57
7060,63,IPCA - Variação mensal,%,Município,1200401,Rio Branco - AC,202412,1201.Alimentação fora do domicílio,1.41,1.41
7060,63,IPCA - Variação mensal,%,Município,1200401,Rio Branco - AC,202501,1201.Alimentação fora do domicílio,0.28,0.28
7060,63,IPCA - Variação mensal,%,Município,1200401,Rio Branco - AC,202502,1201.Alimentação fora do domicílio,0.14,0.14
7060,63,IPCA - Variação mensal,%,Município,1200401,Rio Branco - AC,202503,1201.Alimentação fora do domicílio,0.86,0.86
7060,63,IPCA - Variação mensal,%,Município,1200401,Rio Branco - AC,202504,1201.Alimentação fora do domicílio,0.48,0.48
7060,63,IPCA - Variação mensal,%,Município,1200401,Rio Branco - AC,202505,1201.Alimentação fora do domicílio,0.48,0.48
7060,63,IPCA - Variação mensal,%,Município,1200401,Rio Branco - AC,202506,1201.Alimentação fora do domicílio,-0.02,-0.02
7060,63,IPCA - Variação mensal,%,Município,1200401,Rio Branco - AC,202507,1201.Alimentação fora do domicílio,0.76,0.76
7060,63,IPCA - Variação mensal,%,Município,1200401,Rio Branco - AC,202508,1201.Alimentação fora do domicílio,0.45,0.45
7060,63,IPCA - Variação mensal,%,Município,1200401,Rio Branco - AC,202509,1201.Alimentação fora do domicílio,0.21,0.21
7060,63,IPCA - Variação mensal,%,Município,1200401,Rio Branco - AC,202510,1201.Alimentação fora do domicílio,-0.10,-0.1
7060,63,IPCA - Variação mensal,%,Município,1200401,Rio Branco - AC,202511,1201.Alimentação fora do domicílio,0.24,0.24
7060,63,IPCA - Variação mensal,%,Município,1200401,Rio Branco - AC,202512,1201.Alimentação fora do domicílio,0.87,0.87
7060,63,IPCA - Variação mensal,%,Município,1200401,Rio Branco - AC,202601,1201.Alimentação fora do domicílio,0.25,0.25
7060,63,IPCA - Variação mensal,%,Município,1200401,Rio Branco - AC,202602,1201.Alimentação fora do domicílio,0.17,0.17
7060,63,IPCA - Variação mensal,%,Município,1200401,Rio Branco - AC,202603,1201.Alimentação fora do domicílio,0.20,0.2
7060,63,IPCA - Variação mensal,%,Município,1200401,Rio Branco - AC,202604,1201.Alimentação fora do domicílio,0.69,0.69
7060,63,IPCA - Variação mensal,%,Município,1200401,Rio Branco - AC,202605,1201.Alimentação fora do domicílio,0.27,0.27
7060,63,IPCA - Variação mensal,%,Município,1200401,Rio Branco - AC,202606,1201.Alimentação fora do domicílio,0.18,0.18
7060,63,IPCA - Variação mensal,%,Município,1200401,Rio Branco - AC,202607,1201.Alimentação fora do domicílio,0.74,0.74
7060,63,IPCA - Variação mensal,%,Município,1200401,Rio Branco - AC,202608,1201.Alimentação fora do domicílio,0.71,0.71
7060,63,IPCA - Variação mensal,%,Município,2111300,São Luís - MA,202309,1201.Alimentação fora do domicílio,-0.09,-0.09
7060,63,IPCA - Variação mensal,%,Município,2111300,São Luís - MA,202310,1201.Alimentação fora do domicílio,-0.30,-0.3
7060,63,IPCA - Variação mensal,%,Município,2111300,São Luís - MA,202311,1201.Alimentação fora do domicílio,0.16,0.16
7060,63,IPCA - Variação mensal,%,Município,2111300,São Luís - MA,202312,1201.Alimentação fora do domicílio,-0.06,-0.06
7060,63,IPCA - Variação mensal,%,Município,2111300,São Luís - MA,202401,1201.Alimentação fora do domicílio,0.13,0.13
7060,63,IPCA - Variação mensal,%,Município,2111300,São Luís - MA,202402,1201.Alimentação fora do domicílio,1.09,1.09
7060,63,IPCA - Variação mensal,%,Município,2111300,São Luís - MA,202403,1201.Alimentação fora do domicílio,0.04,0.04
7060,63,IPCA - Variação mensal,%,Município,2111300,São Luís - MA,202404,1201.Alimentação fora do domicílio,0.42,0.42
7060,63,IPCA - Variação mensal,%,Município,2111300,São Luís - MA,202405,1201.Alimentação fora do domicílio,-0.34,-0.34
7060,63,IPCA - Variação mensal,%,Município,2111300,São Luís - MA,202406,1201.Alimentação fora do domicílio,0.25,0.25
7060,63,IPCA - Variação mensal,%,Município,2111300,São Luís - MA,202407,1201.Alimentação fora do domicílio,0.17,0.17
7060,63,IPCA - Variação mensal,%,Município,2111300,São Luís - MA,202408,1201.Alimentação fora do domicílio,-0.23,-0.23
7060,63,IPCA - Variação mensal,%,Município,2111300,São Luís - MA,202409,1201.Alimentação fora do domicílio,0.73,0.73
7060,63,IPCA - Variação mensal,%,Município,2111300,São Luís - MA,202410,1201.Alimentação fora do domicílio,0.38,0.38
7060,63,IPCA - Variação mensal,%,Município,2111300,São Luís - MA,202411,1201.Alimentação fora do domicílio,0.95,0.95
7060,63,IPCA - Variação mensal,%,Município,2111300,São Luís - MA,202412,1201.Alimentação fora do domicílio,1.04,1.04
7060,63,IPCA - Variação mensal,%,Município,2111300,São Luís - MA,202501,1201.Alimentação fora do domicílio,1.17,1.17
7060,63,IPCA - Variação mensal,%,Município,2111300,São Luís - MA,202502,1201.Alimentação fora do domicílio,0.30,0.3
7060,63,IPCA - Variação mensal,%,Município,2111300,São Luís - MA,202503,1201.Alimentação fora do domicílio,0.78,0.78
7060,63,IPCA - Variação mensal,%,Município,2111300,São Luís - MA,202504,1201.Alimentação fora do domicílio,0.61,0.61
7060,63,IPCA - Variação mensal,%,Município,2111300,São Luís - MA,202505,1201.Alimentação fora do domicílio,0.40,0.4
7060,63,IPCA - Variação mensal,%,Município,2111300,São Luís - MA,202506,1201.Alimentação fora do domicílio,0.90,0.9
7060,63,IPCA - Variação mensal,%,Município,2111300,São Luís - MA,202507,1201.Alimentação fora do domicílio,0.37,0.37
7060,63,IPCA - Variação mensal,%,Município,2111300,São Luís - MA,202508,1201.Alimentação fora do domicílio,-0.06,-0.06
7060,63,IPCA - Variação mensal,%,Município,2111300,São Luís - MA,202509,1201.Alimentação fora do domicílio,-0.13,-0.13
7060,63,IPCA - Variação mensal,%,Município,2111300,São Luís - MA,202510,1201.Alimentação fora do domicílio,0.63,0.63
7060,63,IPCA - Variação mensal,%,Município,2111300,São Luís - MA,202511,1201.Alimentação fora do domicílio,0.49,0.49
7060,63,IPCA - Variação mensal,%,Município,2111300,São Luís - MA,202512,1201.Alimentação fora do domicílio,0.04,0.04
7060,63,IPCA - Variação mensal,%,Município,2111300,São Luís - MA,202601,1201.Alimentação fora do domicílio,0.84,0.84
7060,63,IPCA - Variação mensal,%,Município,2111300,São Luís - MA,202602,1201.Alimentação fora do domicílio,0.21,0.21
7060,63,IPCA - Variação mensal,%,Município,2111300,São Luís - MA,202603,1201.Alimentação fora do domicílio,0.59,0.59
7060,63,IPCA - Variação mensal,%,Município,2111300,São Luís - MA,202604,1201.Alimentação fora do domicílio,1.25,1.25
7060,63,IPCA - Variação mensal,%,Município,2111300,São Luís - MA,202605,1201.Alimentação fora do domicílio,0.24,0.24
7060,63,IPCA - Variação mensal,%,Município,2111300,São Luís - MA,202606,1201.Alimentação fora do domicílio,0.37,0.37
7060,63,IPCA - Variação mensal,%,Município,2111300,São Luís - MA,202607,1201.Alimentação fora do domicílio,0.67,0.67
7060,63,IPCA - Variação mensal,%,Município,2111300,São Luís - MA,202608,1201.Alimentação fora do domicílio,-0.02,-0.02
7060,63,IPCA - Variação mensal,%,Município,2800308,Aracaju - SE,202309,1201.Alimentação fora do domicílio,-0.34,-0.34
7060,63,IPCA - Variação mensal,%,Município,2800308,Aracaju - SE,202310,1201.Alimentação fora do domicílio,0.43,0.43
7060,63,IPCA - Variação mensal,%,Município,2800308,Aracaju - SE,202311,1201.Alimentação fora do domicílio,0.42,0.42
7060,63,IPCA - Variação mensal,%,Município,2800308,Aracaju - SE,202312,1201.Alimentação fora do domicílio,0.19,0.19
7060,63,IPCA - Variação mensal,%,Município,2800308,Aracaju - SE,202401,1201.Alimentação fora do domicílio,0.32,0.32
7060,63,IPCA - Variação mensal,%,Município,2800308,Aracaju - SE,202402,1201.Alimentação fora do domicílio,0.27,0.27
7060,63,IPCA - Variação mensal,%,Município,2800308,Aracaju - SE,202403,1201.Alimentação fora do domicílio,0.23,0.23
7060,63,IPCA - Variação mensal,%,Município,2800308,Aracaju - SE,202404,1201.Alimentação fora do domicílio,0.80,0.8
7060,63,IPCA - Variação mensal,%,Município,2800308,Aracaju - SE,202405,1201.Alimentação fora do domicílio,0.54,0.54
7060,63,IPCA - Variação mensal,%,Município,2800308,Aracaju - SE,202406,1201.Alimentação fora do domicílio,0.32,0.32
7060,63,IPCA - Variação mensal,%,Município,2800308,Aracaju - SE,202407,1201.Alimentação fora do domicílio,0.74,0.74
7060,63,IPCA - Variação mensal,%,Município,2800308,Aracaju - SE,202408,1201.Alimentação fora do domicílio,0.36,0.36
7060,63,IPCA - Variação mensal,%,Município,2800308,Aracaju - SE,202409,1201.Alimentação fora do domicílio,0.67,0.67
7060,63,IPCA - Variação mensal,%,Município,2800308,Aracaju - SE,202410,1201.Alimentação fora do domicílio,0.57,0.57
7060,63,IPCA - Variação mensal,%,Município,2800308,Aracaju - SE,202411,1201.Alimentação fora do domicílio,1.12,1.12
7060,63,IPCA - Variação mensal,%,Município,2800308,Aracaju - SE,202412,1201.Alimentação fora do domicílio,0.04,0.04
7060,63,IPCA - Variação mensal,%,Município,2800308,Aracaju - SE,202501,1201.Alimentação fora do domicílio,1.55,1.55
7060,63,IPCA - Variação mensal,%,Município,2800308,Aracaju - SE,202502,1201.Alimentação fora do domicílio,0.72,0.72
7060,63,IPCA - Variação mensal,%,Município,2800308,Aracaju - SE,202503,1201.Alimentação fora do domicílio,0.64,0.64
7060,63,IPCA - Variação mensal,%,Município,2800308,Aracaju - SE,202504,1201.Alimentação fora do domicílio,0.32,0.32
7060,63,IPCA - Variação mensal,%,Município,2800308,Aracaju - SE,202505,1201.Alimentação fora do domicílio,0.30,0.3
7060,63,IPCA - Variação mensal,%,Município,2800308,Aracaju - SE,202506,1201.Alimentação fora do domicílio,0.29,0.29
7060,63,IPCA - Variação mensal,%,Município,2800308,Aracaju - SE,202507,1201.Alimentação fora do domicílio,0.85,0.85
7060,63,IPCA - Variação mensal,%,Município,2800308,Aracaju - SE,202508,1201.Alimentação fora do domicílio,0.18,0.18
7060,63,IPCA - Variação mensal,%,Município,2800308,Aracaju - SE,202509,1201.Alimentação fora do domicílio,0.32,0.32
7060,63,IPCA - Variação mensal,%,Município,2800308,Aracaju - SE,202510,1201.Alimentação fora do domicílio,0.36,0.36
7060,63,IPCA - Variação mensal,%,Município,2800308,Aracaju - SE,202511,1201.Alimentação fora do domicílio,0.48,0.48
7060,63,IPCA - Variação mensal,%,Município,2800308,Aracaju - SE,202512,1201.Alimentação fora do domicílio,0.47,0.47
7060,63,IPCA - Variação mensal,%,Município,2800308,Aracaju - SE,202601,1201.Alimentação fora do domicílio,0.48,0.48
7060,63,IPCA - Variação mensal,%,Município,2800308,Aracaju - SE,202602,1201.Alimentação fora do domicílio,0.46,0.46
7060,63,IPCA - Variação mensal,%,Município,2800308,Aracaju - SE,202603,1201.Alimentação fora do domicílio,0.63,0.63
7060,63,IPCA - Variação mensal,%,Município,2800308,Aracaju - SE,202604,1201.Alimentação fora do domicílio,0.92,0.92
7060,63,IPCA - Variação mensal,%,Município,2800308,Aracaju - SE,202605,1201.Alimentação fora do domicílio,0.27,0.27
7060,63,IPCA - Variação mensal,%,Município,2800308,Aracaju - SE,202606,1201.Alimentação fora do domicílio,0.93,0.93
7060,63,IPCA - Variação mensal,%,Município,2800308,Aracaju - SE,202607,1201.Alimentação fora do domicílio,0.42,0.42
7060,63,IPCA - Variação mensal,%,Município,2800308,Aracaju - SE,202608,1201.Alimentação fora do domicílio,0.39,0.39
7060,63,IPCA - Variação mensal,%,Município,5002704,Campo Grande - MS,202309,1201.Alimentação fora do domicílio,0.79,0.79
7060,63,IPCA - Variação mensal,%,Município,5002704,Campo Grande - MS,202310,1201.Alimentação fora do domicílio,0.70,0.7
7060,63,IPCA - Variação mensal,%,Município,5002704,Campo Grande - MS,202311,1201.Alimentação fora do domicílio,0.05,0.05
7060,63,IPCA - Variação mensal,%,Município,5002704,Campo Grande - MS,202312,1201.Alimentação fora do domicílio,0.64,0.64
7060,63,IPCA - Variação mensal,%,Município,5002704,Campo Grande - MS,202401,1201.Alimentação fora do domicílio,0.34,0.34
7060,63,IPCA - Variação mensal,%,Município,5002704,Campo Grande - MS,202402,1201.Alimentação fora do domicílio,0.89,0.89
7060,63,IPCA - Variação mensal,%,Município,5002704,Campo Grande - MS,202403,1201.Alimentação fora do domicílio,0.20,0.2
7060,63,IPCA - Variação mensal,%,Município,5002704,Campo Grande - MS,202404,1201.Alimentação fora do domicílio,0.11,0.11
7060,63,IPCA - Variação mensal,%,Município,5002704,Campo Grande - MS,202405,1201.Alimentação fora do domicílio,1.34,1.34
7060,63,IPCA - Variação mensal,%,Município,5002704,Campo Grande - MS,202406,1201.Alimentação fora do domicílio,0.09,0.09
7060,63,IPCA - Variação mensal,%,Município,5002704,Campo Grande - MS,202407,1201.Alimentação fora do domicílio,-0.50,-0.5
7060,63,IPCA - Variação mensal,%,Município,5002704,Campo Grande - MS,202408,1201.Alimentação fora do domicílio,0.32,0.32
7060,63,IPCA - Variação mensal,%,Município,5002704,Campo Grande - MS,202409,1201.Alimentação fora do domicílio,0.24,0.24
7060,63,IPCA - Variação mensal,%,Município,5002704,Campo Grande - MS,202410,1201.Alimentação fora do domicílio,0.24,0.24
7060,63,IPCA - Variação mensal,%,Município,5002704,Campo Grande - MS,202411,1201.Alimentação fora do domicílio,1.07,1.07
7060,63,IPCA - Variação mensal,%,Município,5002704,Campo Grande - MS,202412,1201.Alimentação fora do domicílio,1.49,1.49
7060,63,IPCA - Variação mensal,%,Município,5002704,Campo Grande - MS,202501,1201.Alimentação fora do domicílio,0.91,0.91
7060,63,IPCA - Variação mensal,%,Município,5002704,Campo Grande - MS,202502,1201.Alimentação fora do domicílio,0.89,0.89
7060,63,IPCA - Variação mensal,%,Município,5002704,Campo Grande - MS,202503,1201.Alimentação fora do domicílio,-0.09,-0.09
7060,63,IPCA - Variação mensal,%,Município,5002704,Campo Grande - MS,202504,1201.Alimentação fora do domicílio,1.49,1.49
7060,63,IPCA - Variação mensal,%,Município,5002704,Campo Grande - MS,202505,1201.Alimentação fora do domicílio,-0.03,-0.03
7060,63,IPCA - Variação mensal,%,Município,5002704,Campo Grande - MS,202506,1201.Alimentação fora do domicílio,0.00,0.0
7060,63,IPCA - Variação mensal,%,Município,5002704,Campo Grande - MS,202507,1201.Alimentação fora do domicílio,0.87,0.87
7060,63,IPCA - Variação mensal,%,Município,5002704,Campo Grande - MS,202508,1201.Alimentação fora do domicílio,0.26,0.26
7060,63,IPCA - Variação mensal,%,Município,5002704,Campo Grande - MS,202509,1201.Alimentação fora do domicílio,0.14,0.14
7060,63,IPCA - Variação mensal,%,Município,5002704,Campo Grande - MS,202510,1201.Alimentação fora do domicílio,0.26,0.26
7060,63,IPCA - Variação mensal,%,Município,5002704,Campo Grande - MS,202511,1201.Alimentação fora do domicílio,0.16,0.16
7060,63,IPCA - Variação mensal,%,Município,5002704,Campo Grande - MS,202512,1201.Alimentação fora do domicílio,0.33,0.33
7060,63,IPCA - Variação mensal,%,Município,5002704,Campo Grande - MS,202601,1201.Alimentação fora do domicílio,0.50,0.5
7060,63,IPCA - Variação mensal,%,Município,5002704,Campo Grande - MS,202602,1201.Alimentação fora do domicílio,-0.44,-0.44
7060,63,IPCA - Variação mensal,%,Município,5002704,Campo Grande - MS,202603,1201.Alimentação fora do domicílio,0.87,0.87
7060,63,IPCA - Variação mensal,%,Município,5002704,Campo Grande - MS,202604,1201.Alimentação fora do domicílio,1.30,1.3
7060,63,IPCA - Variação mensal,%,Município,5002704,Campo Grande - MS,202605,1201.Alimentação fora do domicílio,0.47,0.47
7060,63,IPCA - Variação mensal,%,Município,5002704,Campo Grande - MS,202606,1201.Alimentação fora do domicílio,0.46,0.46
7060,63,IPCA - Variação mensal,%,Município,5002704,Campo Grande - MS,202607,1201.Alimentação fora do domicílio,-0.11,-0.11
7060,63,IPCA - Variação mensal,%,Município,5002704,Campo Grande - MS,202608,1201.Alimentação fora do domicílio,0.63,0.63
7060,63,IPCA - Variação mensal,%,Município,5208707,Goiânia - GO,202309,1201.Alimentação fora do domicílio,-0.50,-0.5
7060,63,IPCA - Variação mensal,%,Município,5208707,Goiânia - GO,202310,1201.Alimentação fora do domicílio,0.72,0.72
7060,63,IPCA - Variação mensal,%,Município,5208707,Goiânia - GO,202311,1201.Alimentação fora do domicílio,0.60,0.6
7060,63,IPCA - Variação mensal,%,Município,5208707,Goiânia - GO,202312,1201.Alimentação fora do domicílio,0.33,0.33
7060,63,IPCA - Variação mensal,%,Município,5208707,Goiânia - GO,202401,1201.Alimentação fora do domicílio,0.29,0.29
7060,63,IPCA - Variação mensal,%,Município,5208707,Goiânia - GO,202402,1201.Alimentação fora do domicílio,0.16,0.16
7060,63,IPCA - Variação mensal,%,Município,5208707,Goiânia - GO,202403,1201.Alimentação fora do domicílio,1.16,1.16
7060,63,IPCA - Variação mensal,%,Município,5208707,Goiânia - GO,202404,1201.Alimentação fora do domicílio,0.69,0.69
7060,63,IPCA - Variação mensal,%,Município,5208707,Goiânia - GO,202405,1201.Alimentação fora do domicílio,0.12,0.12
7060,63,IPCA - Variação mensal,%,Município,5208707,Goiânia - GO,202406,1201.Alimentação fora do domicílio,0.62,0.62
7060,63,IPCA - Variação mensal,%,Município,5208707,Goiânia - GO,202407,1201.Alimentação fora do domicílio,0.83,0.83
7060,63,IPCA - Variação mensal,%,Município,5208707,Goiânia - GO,202408,1201.Alimentação fora do domicílio,0.44,0.44
7060,63,IPCA - Variação mensal,%,Município,5208707,Goiânia - GO,202409,1201.Alimentação fora do domicílio,0.28,0.28
7060,63,IPCA - Variação mensal,%,Município,5208707,Goiânia - GO,202410,1201.Alimentação fora do domicílio,0.31,0.31
7060,63,IPCA - Variação mensal,%,Município,5208707,Goiânia - GO,202411,1201.Alimentação fora do domicílio,1.33,1.33
7060,63,IPCA - Variação mensal,%,Município,5208707,Goiânia - GO,202412,1201.Alimentação fora do domicílio,0.77,0.77
7060,63,IPCA - Variação mensal,%,Município,5208707,Goiânia - GO,202501,1201.Alimentação fora do domicílio,1.26,1.26
7060,63,IPCA - Variação mensal,%,Município,5208707,Goiânia - GO,202502,1201.Alimentação fora do domicílio,0.83,0.83
7060,63,IPCA - Variação mensal,%,Município,5208707,Goiânia - GO,202503,1201.Alimentação fora do domicílio,0.27,0.27
7060,63,IPCA - Variação mensal,%,Município,5208707,Goiânia - GO,202504,1201.Alimentação fora do domicílio,1.26,1.26
7060,63,IPCA - Variação mensal,%,Município,5208707,Goiânia - GO,202505,1201.Alimentação fora do domicílio,0.29,0.29
7060,63,IPCA - Variação mensal,%,Município,5208707,Goiânia - GO,202506,1201.Alimentação fora do domicílio,0.44,0.44
7060,63,IPCA - Variação mensal,%,Município,5208707,Goiânia - GO,202507,1201.Alimentação fora do domicílio,1.58,1.58
7060,63,IPCA - Variação mensal,%,Município,5208707,Goiânia - GO,202508,1201.Alimentação fora do domicílio,-0.65,-0.65
7060,63,IPCA - Variação mensal,%,Município,5208707,Goiânia - GO,202509,1201.Alimentação fora do domicílio,0.75,0.75
7060,63,IPCA - Variação mensal,%,Município,5208707,Goiânia - GO,202510,1201.Alimentação fora do domicílio,0.06,0.06
7060,63,IPCA - Variação mensal,%,Município,5208707,Goiânia - GO,202511,1201.Alimentação fora do domicílio,0.50,0.5
7060,63,IPCA - Variação mensal,%,Município,5208707,Goiânia - GO,202512,1201.Alimentação fora do domicílio,0.59,0.59
7060,63,IPCA - Variação mensal,%,Município,5208707,Goiânia - GO,202601,1201.Alimentação fora do domicílio,0.83,0.83
7060,63,IPCA - Variação mensal,%,Município,5208707,Goiânia - GO,202602,1201.Alimentação fora do domicílio,0.63,0.63
7060,63,IPCA - Variação mensal,%,Município,5208707,Goiânia - GO,202603,1201.Alimentação fora do domicílio,0.22,0.22
7060,63,IPCA - Variação mensal,%,Município,5208707,Goiânia - GO,202604,1201.Alimentação fora do domicílio,0.18,0.18
7060,63,IPCA - Variação mensal,%,Município,5208707,Goiânia - GO,202605,1201.Alimentação fora do domicílio,0.45,0.45
7060,63,IPCA - Variação mensal,%,Município,5208707,Goiânia - GO,202606,1201.Alimentação fora do domicílio,0.58,0.58
7060,63,IPCA - Variação mensal,%,Município,5208707,Goiânia - GO,202607,1201.Alimentação fora do domicílio,0.54,0.54
7060,63,IPCA - Variação mensal,%,Município,5208707,Goiânia - GO,202608,1201.Alimentação fora do domicílio,0.06,0.06
7060,63,IPCA - Variação mensal,%,Município,5300108,Brasília - DF,202309,1201.Alimentação fora do domicílio,-0.97,-0.97
7060,63,IPCA - Variação mensal,%,Município,5300108,Brasília - DF,202310,1201.Alimentação fora do domicílio,0.39,0.39
7060,63,IPCA - Variação mensal,%,Município,5300108,Brasília - DF,202311,1201.Alimentação fora do domicílio,0.36,0.36
7060,63,IPCA - Variação mensal,%,Município,5300108,Brasília - DF,202312,1201.Alimentação fora do domicílio,0.35,0.35
7060,63,IPCA - Variação mensal,%,Município,5300108,Brasília - DF,202401,1201.Alimentação fora do domicílio,-0.02,-0.02
7060,63,IPCA - Variação mensal,%,Município,5300108,Brasília - DF,202402,1201.Alimentação fora do domicílio,1.11,1.11
7060,63,IPCA - Variação mensal,%,Município,5300108,Brasília - DF,202403,1201.Alimentação fora do domicílio,0.97,0.97
7060,63,IPCA - Variação mensal,%,Município,5300108,Brasília - DF,202404,1201.Alimentação fora do domicílio,0.94,0.94
7060,63,IPCA - Variação mensal,%,Município,5300108,Brasília - DF,202405,1201.Alimentação fora do domicílio,0.45,0.45
7060,63,IPCA - Variação mensal,%,Município,5300108,Brasília - DF,202406,1201.Alimentação fora do domicílio,0.37,0.37
7060,63,IPCA - Variação mensal,%,Município,5300108,Brasília - DF,202407,1201.Alimentação fora do domicílio,0.71,0.71
7060,63,IPCA - Variação mensal,%,Município,5300108,Brasília - DF,202408,1201.Alimentação fora do domicílio,0.66,0.66
7060,63,IPCA - Variação mensal,%,Município,5300108,Brasília - DF,202409,1201.Alimentação fora do domicílio,0.40,0.4
7060,63,IPCA - Variação mensal,%,Município,5300108,Brasília - DF,202410,1201.Alimentação fora do domicílio,0.43,0.43
7060,63,IPCA - Variação mensal,%,Município,5300108,Brasília - DF,202411,1201.Alimentação fora do domicílio,0.66,0.66
7060,63,IPCA - Variação mensal,%,Município,5300108,Brasília - DF,202412,1201.Alimentação fora do domicílio,1.04,1.04
7060,63,IPCA - Variação mensal,%,Município,5300108,Brasília - DF,202501,1201.Alimentação fora do domicílio,0.96,0.96
7060,63,IPCA - Variação mensal,%,Município,5300108,Brasília - DF,202502,1201.Alimentação fora do domicílio,1.04,1.04
7060,63,IPCA - Variação mensal,%,Município,5300108,Brasília - DF,202503,1201.Alimentação fora do domicílio,0.45,0.45
7060,63,IPCA - Variação mensal,%,Município,5300108,Brasília - DF,202504,1201.Alimentação fora do domicílio,0.79,0.79
7060,63,IPCA - Variação mensal,%,Município,5300108,Brasília - DF,202505,1201.Alimentação fora do domicílio,0.59,0.59
7060,63,IPCA - Variação mensal,%,Município,5300108,Brasília - DF,202506,1201.Alimentação fora do domicílio,0.01,0.01
7060,63,IPCA - Variação mensal,%,Município,5300108,Brasília - DF,202507,1201.Alimentação fora do domicílio,0.69,0.69
7060,63,IPCA - Variação mensal,%,Município,5300108,Brasília - DF,202508,1201.Alimentação fora do domicílio,0.40,0.4
7060,63,IPCA - Variação mensal,%,Município,5300108,Brasília - DF,202509,1201.Alimentação fora do domicílio,0.44,0.44
7060,63,IPCA - Variação mensal,%,Município,5300108,Brasília - DF,202510,1201.Alimentação fora do domicílio,0.55,0.55
7060,63,IPCA - Variação mensal,%,Município,5300108,Brasília - DF,202511,1201.Alimentação fora do domicílio,0.64,0.64
7060,63,IPCA - Variação mensal,%,Município,5300108,Brasília - DF,202512,1201.Alimentação fora do domicílio,0.20,0.2
7060,63,IPCA - Variação mensal,%,Município,5300108,Brasília - DF,202601,1201.Alimentação fora do domicílio,1.07,1.07
7060,63,IPCA - Variação mensal,%,Município,5300108,Brasília - DF,202602,1201.Alimentação fora do domicílio,0.07,0.07
7060,63,IPCA - Variação mensal,%,Município,5300108,Brasília - DF,202603,1201.Alimentação fora do domicílio,0.18,0.18
7060,63,IPCA - Variação mensal,%,Município,5300108,Brasília - DF,202604,1201.Alimentação fora do domicílio,0.55,0.55
7060,63,IPCA - Variação mensal,%,Município,5300108,Brasília - DF,202605,1201.Alimentação fora do domicílio,0.83,0.83
7060,63,IPCA - Variação mensal,%,Município,5300108,Brasília - DF,202606,1201.Alimentação fora do domicílio,0.43,0.43
7060,63,IPCA - Variação mensal,%,Município,5300108,Brasília - DF,202607,1201.Alimentação fora do domicílio,1.19,1.19
7060,63,IPCA - Variação mensal,%,Município,5300108,Brasília - DF,202608,1201.Alimentação fora do domicílio,-0.54,-0.54
7060,63,IPCA - Variação mensal,%,Região Metropolitana até 2020,1501,Belém - PA,202309,1201.Alimentação fora do domicílio,0.03,0.03
7060,63,IPCA - Variação mensal,%,Região Metropolitana até 2020,1501,Belém - PA,202310,1201.Alimentação fora do domicílio,0.52,0.52
7060,63,IPCA - Variação mensal,%,Região Metropolitana até 2020,1501,Belém - PA,202311,1201.Alimentação fora do domicílio,0.75,0.75
7060,63,IPCA - Variação mensal,%,Região Metropolitana até 2020,1501,Belém - PA,202312,1201.Alimentação fora do domicílio,0.77,0.77
7060,63,IPCA - Variação mensal,%,Região Metropolitana até 2020,1501,Belém - PA,202401,1201.Alimentação fora do domicílio,0.32,0.32
7060,63,IPCA - Variação mensal,%,Região Metropolitana até 2020,1501,Belém - PA,202402,1201.Alimentação fora do domicílio,1.17,1.17
7060,63,IPCA - Variação mensal,%,Região Metropolitana até 2020,1501,Belém - PA,202403,1201.Alimentação fora do domicílio,0.83,0.83
7060,63,IPCA - Variação mensal,%,Região Metropolitana até 2020,1501,Belém - PA,202404,1201.Alimentação fora do domicílio,0.41,0.41
7060,63,IPCA - Variação mensal,%,Região Metropolitana até 2020,1501,Belém - PA,202405,1201.Alimentação fora do domicílio,-0.21,-0.21
7060,63,IPCA - Variação mensal,%,Região Metropolitana até 2020,1501,Belém - PA,202406,1201.Alimentação fora do domicílio,0.08,0.08
7060,63,IPCA - Variação mensal,%,Região Metropolitana até 2020,1501,Belém - PA,202407,1201.Alimentação fora do domicílio,-0.01,-0.01
7060,63,IPCA - Variação mensal,%,Região Metropolitana até 2020,1501,Belém - PA,202408,1201.Alimentação fora do domicílio,-0.40,-0.4
7060,63,IPCA - Variação mensal,%,Região Metropolitana até 2020,1501,Belém - PA,202409,1201.Alimentação fora do domicílio,0.38,0.38
7060,63,IPCA - Variação mensal,%,Região Metropolitana até 2020,1501,Belém - PA,202410,1201.Alimentação fora do domicílio,0.25,0.25
7060,63,IPCA - Variação mensal,%,Região Metropolitana até 2020,1501,Belém - PA,202411,1201.Alimentação fora do domicílio,1.29,1.29
7060,63,IPCA - Variação mensal,%,Região Metropolitana até 2020,1501,Belém - PA,202412,1201.Alimentação fora do domicílio,0.04,0.04
7060,63,IPCA - Variação mensal,%,Região Metropolitana até 2020,1501,Belém - PA,202501,1201.Alimentação fora do domicílio,0.79,0.79
7060,63,IPCA - Variação mensal,%,Região Metropolitana até 2020,1501,Belém - PA,202502,1201.Alimentação fora do domicílio,1.16,1.16
7060,63,IPCA - Variação mensal,%,Região Metropolitana até 2020,1501,Belém - PA,202503,1201.Alimentação fora do domicílio,0.10,0.1
7060,63,IPCA - Variação mensal,%,Região Metropolitana até 2020,1501,Belém - PA,202504,1201.Alimentação fora do domicílio,-0.20,-0.2
7060,63,IPCA - Variação mensal,%,Região Metropolitana até 2020,1501,Belém - PA,202505,1201.Alimentação fora do domicílio,0.66,0.66
7060,63,IPCA - Variação mensal,%,Região Metropolitana até 2020,1501,Belém - PA,202506,1201.Alimentação fora do domicílio,1.18,1.18
7060,63,IPCA - Variação mensal,%,Região Metropolitana até 2020,1501,Belém - PA,202507,1201.Alimentação fora do domicílio,-0.37,-0.37
7060,63,IPCA - Variação mensal,%,Região Metropolitana até 2020,1501,Belém - PA,202508,1201.Alimentação fora do domicílio,0.19,0.19
7060,63,IPCA - Variação mensal,%,Região Metropolitana até 2020,1501,Belém - PA,202509,1201.Alimentação fora do domicílio,0.50,0.5
7060,63,IPCA - Variação mensal,%,Região Metropolitana até 2020,1501,Belém - PA,202510,1201.Alimentação fora do domicílio,1.37,1.37
7060,63,IPCA - Variação mensal,%,Região Metropolitana até 2020,1501,Belém - PA,202511,1201.Alimentação fora do domicílio,1.21,1.21
7060,63,IPCA - Variação mensal,%,Região Metropolitana até 2020,1501,Belém - PA,202512,1201.Alimentação fora do domicílio,0.41,0.41
7060,63,IPCA - Variação mensal,%,Região Metropolitana até 2020,1501,Belém - PA,202601,1201.Alimentação fora do domicílio,0.83,0.83
7060,63,IPCA - Variação mensal,%,Região Metropolitana até 2020,1501,Belém - PA,202602,1201.Alimentação fora do domicílio,-0.52,-0.52
7060,63,IPCA - Variação mensal,%,Região Metropolitana até 2020,1501,Belém - PA,202603,1201.Alimentação fora do domicílio,0.68,0.68
7060,63,IPCA - Variação mensal,%,Região Metropolitana até 2020,1501,Belém - PA,202604,1201.Alimentação fora do domicílio,0.06,0.06
7060,63,IPCA - Variação mensal,%,Região Metropolitana até 2020,1501,Belém - PA,202605,1201.Alimentação fora do domicílio,0.80,0.8
7060,63,IPCA - Variação mensal,%,Região Metropolitana até 2020,1501,Belém - PA,202606,1201.Alimentação fora do domicílio,-0.13,-0.13
7060,63,IPCA - Variação mensal,%,Região Metropolitana até 2020,1501,Belém - PA,202607,1201.Alimentação fora do domicílio,-0.05,-0.05
7060,63,IPCA - Variação mensal,%,Região Metropolitana até 2020,1501,Belém - PA,202608,1201.Alimentação fora do domicílio,0.44,0.44
7060,63,IPCA - Variação mensal,%,Região Metropolitana até 2020,2301,Fortaleza - CE,202309,1201.Alimentação fora do domicílio,-0.56,-0.56
7060,63,IPCA - Variação mensal,%,Região Metropolitana até 2020,2301,Fortaleza - CE,202310,1201.Alimentação fora do domicílio,0.56,0.56
7060,63,IPCA - Variação mensal,%,Região Metropolitana até 2020,2301,Fortaleza - CE,202311,1201.Alimentação fora do domicílio,0.10,0.1
7060,63,IPCA - Variação mensal,%,Região Metropolitana até 2020,2301,Fortaleza - CE,202312,1201.Alimentação fora do domicílio,1.07,1.07
7060,63,IPCA - Variação mensal,%,Região Metropolitana até 2020,2301,Fortaleza - CE,202401,1201.Alimentação fora do domicílio,0.57,0.57
7060,63,IPCA - Variação mensal,%,Região Metropolitana até 2020,2301,Fortaleza - CE,202402,1201.Alimentação fora do domicílio,-0.11,-0.11
7060,63,IPCA - Variação mensal,%,Região Metropolitana até 2020,2301,Fortaleza - CE,202403,1201.Alimentação fora do domicílio,0.37,0.37
7060,63,IPCA - Variação mensal,%,Região Metropolitana até 2020,2301,Fortaleza - CE,202404,1201.Alimentação fora do domicílio,-0.07,-0.07
7060,63,IPCA - Variação mensal,%,Região Metropolitana até 2020,2301,Fortaleza - CE,202405,1201.Alimentação fora do domicílio,1.13,1.13
7060,63,IPCA - Variação mensal,%,Região Metropolitana até 2020,2301,Fortaleza - CE,202406,1201.Alimentação fora do domicílio,0.02,0.02
7060,63,IPCA - Variação mensal,%,Região Metropolitana até 2020,2301,Fortaleza - CE,202407,1201.Alimentação fora do domicílio,0.50,0.5
7060,63,IPCA - Variação mensal,%,Região Metropolitana até 2020,2301,Fortaleza - CE,202408,1201.Alimentação fora do domicílio,0.23,0.23
7060,63,IPCA - Variação mensal,%,Região Metropolitana até 2020,2301,Fortaleza - CE,202409,1201.Alimentação fora do domicílio,0.21,0.21
7060,63,IPCA - Variação mensal,%,Região Metropolitana até 2020,2301,Fortaleza - CE,202410,1201.Alimentação fora do domicílio,0.52,0.52
7060,63,IPCA - Variação mensal,%,Região Metropolitana até 2020,2301,Fortaleza - CE,202411,1201.Alimentação fora do domicílio,0.72,0.72
7060,63,IPCA - Variação mensal,%,Região Metropolitana até 2020,2301,Fortaleza - CE,202412,1201.Alimentação fora do domicílio,0.25,0.25
7060,63,IPCA - Variação mensal,%,Região Metropolitana até 2020,2301,Fortaleza - CE,202501,1201.Alimentação fora do domicílio,0.65,0.65
7060,63,IPCA - Variação mensal,%,Região Metropolitana até 2020,2301,Fortaleza - CE,202502,1201.Alimentação fora do domicílio,0.50,0.5
7060,63,IPCA - Variação mensal,%,Região Metropolitana até 2020,2301,Fortaleza - CE,202503,1201.Alimentação fora do domicílio,0.45,0.45
7060,63,IPCA - Variação mensal,%,Região Metropolitana até 2020,2301,Fortaleza - CE,202504,1201.Alimentação fora do domicílio,0.66,0.66
7060,63,IPCA - Variação mensal,%,Região Metropolitana até 2020,2301,Fortaleza - CE,202505,1201.Alimentação fora do domicílio,-0.12,-0.12
7060,63,IPCA - Variação mensal,%,Região Metropolitana até 2020,2301,Fortaleza - CE,202506,1201.Alimentação fora do domicílio,0.52,0.52
7060,63,IPCA - Variação mensal,%,Região Metropolitana até 2020,2301,Fortaleza - CE,202507,1201.Alimentação fora do domicílio,0.89,0.89
7060,63,IPCA - Variação mensal,%,Região Metropolitana até 2020,2301,Fortaleza - CE,202508,1201.Alimentação fora do domicílio,0.87,0.87
7060,63,IPCA - Variação mensal,%,Região Metropolitana até 2020,2301,Fortaleza - CE,202509,1201.Alimentação fora do domicílio,0.54,0.54
7060,63,IPCA - Variação mensal,%,Região Metropolitana até 2020,2301,Fortaleza - CE,202510,1201.Alimentação fora do domicílio,0.29,0.29
7060,63,IPCA - Variação mensal,%,Região Metropolitana até 2020,2301,Fortaleza - CE,202511,1201.Alimentação fora do domicílio,0.64,0.64
7060,63,IPCA - Variação mensal,%,Região Metropolitana até 2020,2301,Fortaleza - CE,202512,1201.Alimentação fora do domicílio,0.84,0.84
7060,63,IPCA - Variação mensal,%,Região Metropolitana até 2020,2301,Fortaleza - CE,202601,1201.Alimentação fora do domicílio,0.89,0.89
7060,63,IPCA - Variação mensal,%,Região Metropolitana até 2020,2301,Fortaleza - CE,202602,1201.Alimentação fora do domicílio,-0.06,-0.06
7060,63,IPCA - Variação mensal,%,Região Metropolitana até 2020,2301,Fortaleza - CE,202603,1201.Alimentação fora do domicílio,0.43,0.43
7060,63,IPCA - Variação mensal,%,Região Metropolitana até 2020,2301,Fortaleza - CE,202604,1201.Alimentação fora do domicílio,0.61,0.61
7060,63,IPCA - Variação mensal,%,Região Metropolitana até 2020,2301,Fortaleza - CE,202605,1201.Alimentação fora do domicílio,0.67,0.67
7060,63,IPCA - Variação mensal,%,Região Metropolitana até 2020,2301,Fortaleza - CE,202606,1201.Alimentação fora do domicílio,0.45,0.45
7060,63,IPCA - Variação mensal,%,Região Metropolitana até 2020,2301,Fortaleza - CE,202607,1201.Alimentação fora do domicílio,0.86,0.86
7060,63,IPCA - Variação mensal,%,Região Metropolitana até 2020,2301,Fortaleza - CE,202608,1201.Alimentação fora do domicílio,0.50,0.5
7060,63,IPCA - Variação mensal,%,Região Metropolitana até 2020,2601,Recife - PE,202309,1201.Alimentação fora do domicílio,0.37,0.37
7060,63,IPCA - Variação mensal,%,Região Metropolitana até 2020,2601,Recife - PE,202310,1201.Alimentação fora do domicílio,0.50,0.5
7060,63,IPCA - Variação mensal,%,Região Metropolitana até 2020,2601,Recife - PE,202311,1201.Alimentação fora do domicílio,0.60,0.6
7060,63,IPCA - Variação mensal,%,Região Metropolitana até 2020,2601,Recife - PE,202312,1201.Alimentação fora do domicílio,0.59,0.59
7060,63,IPCA - Variação mensal,%,Região Metropolitana até 2020,2601,Recife - PE,202401,1201.Alimentação fora do domicílio,0.11,0.11
7060,63,IPCA - Variação mensal,%,Região Metropolitana até 2020,2601,Recife - PE,202402,1201.Alimentação fora do domicílio,0.70,0.7
7060,63,IPCA - Variação mensal,%,Região Metropolitana até 2020,2601,Recife - PE,202403,1201.Alimentação fora do domicílio,1.13,1.13
7060,63,IPCA - Variação mensal,%,Região Metropolitana até 2020,2601,Recife - PE,202404,1201.Alimentação fora do domicílio,0.04,0.04
7060,63,IPCA - Variação mensal,%,Região Metropolitana até 2020,2601,Recife - PE,202405,1201.Alimentação fora do domicílio,0.99,0.99
7060,63,IPCA - Variação mensal,%,Região Metropolitana até 2020,2601,Recife - PE,202406,1201.Alimentação fora do domicílio,-0.02,-0.02
7060,63,IPCA - Variação mensal,%,Região Metropolitana até 2020,2601,Recife - PE,202407,1201.Alimentação fora do domicílio,0.44,0.44
7060,63,IPCA - Variação mensal,%,Região Metropolitana até 2020,2601,Recife - PE,202408,1201.Alimentação fora do domicílio,0.16,0.16
7060,63,IPCA - Variação mensal,%,Região Metropolitana até 2020,2601,Recife - PE,202409,1201.Alimentação fora do domicílio,0.55,0.55
7060,63,IPCA - Variação mensal,%,Região Metropolitana até 2020,2601,Recife - PE,202410,1201.Alimentação fora do domicílio,1.41,1.41
7060,63,IPCA - Variação mensal,%,Região Metropolitana até 2020,2601,Recife - PE,202411,1201.Alimentação fora do domicílio,0.80,0.8
7060,63,IPCA - Variação mensal,%,Região Metropolitana até 2020,2601,Recife - PE,202412,1201.Alimentação fora do domicílio,1.10,1.1
7060,63,IPCA - Variação mensal,%,Região Metropolitana até 2020,2601,Recife - PE,202501,1201.Alimentação fora do domicílio,0.58,0.58
7060,63,IPCA - Variação mensal,%,Região Metropolitana até 2020,2601,Recife - PE,202502,1201.Alimentação fora do domicílio,0.29,0.29
7060,63,IPCA - Variação mensal,%,Região Metropolitana até 2020,2601,Recife - PE,202503,1201.Alimentação fora do domicílio,0.30,0.3
7060,63,IPCA - Variação mensal,%,Região Metropolitana até 2020,2601,Recife - PE,202504,1201.Alimentação fora do domicílio,0.46,0.46
7060,63,IPCA - Variação mensal,%,Região Metropolitana até 2020,2601,Recife - PE,202505,1201.Alimentação fora do domicílio,0.78,0.78
7060,63,IPCA - Variação mensal,%,Região Metropolitana até 2020,2601,Recife - PE,202506,1201.Alimentação fora do domicílio,0.16,0.16
7060,63,IPCA - Variação mensal,%,Região Metropolitana até 2020,2601,Recife - PE,202507,1201.Alimentação fora do domicílio,0.95,0.95
7060,63,IPCA - Variação mensal,%,Região Metropolitana até 2020,2601,Recife - PE,202508,1201.Alimentação fora do domicílio,0.46,0.46
7060,63,IPCA - Variação mensal,%,Região Metropolitana até 2020,2601,Recife - PE,202509,1201.Alimentação fora do domicílio,0.60,0.6
7060,63,IPCA - Variação mensal,%,Região Metropolitana até 2020,2601,Recife - PE,202510,1201.Alimentação fora do domicílio,0.50,0.5
7060,63,IPCA - Variação mensal,%,Região Metropolitana até 2020,2601,Recife - PE,202511,1201.Alimentação fora do domicílio,0.45,0.45
7060,63,IPCA - Variação mensal,%,Região Metropolitana até 2020,2601,Recife - PE,202512,1201.Alimentação fora do domicílio,0.79,0.79
7060,63,IPCA - Variação mensal,%,Região Metropolitana até 2020,2601,Recife - PE,202601,1201.Alimentação fora do domicílio,0.24,0.24
7060,63,IPCA - Variação mensal,%,Região Metropolitana até 2020,2601,Recife - PE,202602,1201.Alimentação fora do domicílio,0.67,0.67
7060,63,IPCA - Variação mensal,%,Região Metropolitana até 2020,2601,Recife - PE,202603,1201.Alimentação fora do domicílio,0.29,0.29
7060,63,IPCA - Variação mensal,%,Região Metropolitana até 2020,2601,Recife - PE,202604,1201.Alimentação fora do domicílio,-0.06,-0.06
7060,63,IPCA - Variação mensal,%,Região Metropolitana até 2020,2601,Recife - PE,202605,1201.Alimentação fora do domicílio,0.78,0.78
7060,63,IPCA - Variação mensal,%,Região Metropolitana até 2020,2601,Recife - PE,202606,1201.Alimentação fora do domicílio,0.88,0.88
7060,63,IPCA - Variação mensal,%,Região Metropolitana até 2020,2601,Recife - PE,202607,1201.Alimentação fora do domicílio,-0.26,-0.26
7060,63,IPCA - Variação mensal,%,Região Metropolitana até 2020,2601,Recife - PE,202608,1201.Alimentação fora do domicílio,0.10,0.1
7060,63,IPCA - Variação mensal,%,Região Metropolitana até 2020,2901,Salvador - BA,202309,1201.Alimentação fora do domicílio,0.11,0.11
7060,63,IPCA - Variação mensal,%,Região Metropolitana até 2020,2901,Salvador - BA,202310,1201.Alimentação fora do domicílio,0.21,0.21
7060,63,IPCA - Variação mensal,%,Região Metropolitana até 2020,2901,Salvador - BA,202311,1201.Alimentação fora do domicílio,-0.12,-0.12
7060,63,IPCA - Variação mensal,%,Região Metropolitana até 2020,2901,Salvador - BA,202312,1201.Alimentação fora do domicílio,0.16,0.16
7060,63,IPCA - Variação mensal,%,Região Metropolitana até 2020,2901,Salvador - BA,202401,1201.Alimentação fora do domicílio,0.35,0.35
7060,63,IPCA - Variação mensal,%,Região Metropolitana até 2020,2901,Salvador - BA,202402,1201.Alimentação fora do domicílio,0.89,0.89
7060,63,IPCA - Variação mensal,%,Região Metropolitana até 2020,2901,Salvador - BA,202403,1201.Alimentação fora do domicílio,0.84,0.84
7060,63,IPCA - Variação mensal,%,Região Metropolitana até 2020,2901,Salvador - BA,202404,1201.Alimentação fora do domicílio,-0.22,-0.22
7060,63,IPCA - Variação mensal,%,Região Metropolitana até 2020,2901,Salvador - BA,202405,1201.Alimentação fora do domicílio,0.53,0.53
7060,63,IPCA - Variação mensal,%,Região Metropolitana até 2020,2901,Salvador - BA,202406,1201.Alimentação fora do domicílio,0.21,0.21
7060,63,IPCA - Variação mensal,%,Região Metropolitana até 2020,2901,Salvador - BA,202407,1201.Alimentação fora do domicílio,0.01,0.01
7060,63,IPCA - Variação mensal,%,Região Metropolitana até 2020,2901,Salvador - BA,202408,1201.Alimentação fora do domicílio,0.36,0.36
7060,63,IPCA - Variação mensal,%,Região Metropolitana até 2020,2901,Salvador - BA,202409,1201.Alimentação fora do domicílio,-0.19,-0.19
7060,63,IPCA - Variação mensal,%,Região Metropolitana até 2020,2901,Salvador - BA,202410,1201.Alimentação fora do domicílio,0.44,0.44
7060,63,IPCA - Variação mensal,%,Região Metropolitana até 2020,2901,Salvador - BA,202411,1201.Alimentação fora do domicílio,0.55,0.55
7060,63,IPCA - Variação mensal,%,Região Metropolitana até 2020,2901,Salvador - BA,202412,1201.Alimentação fora do domicílio,1.12,1.12
7060,63,IPCA - Variação mensal,%,Região Metropolitana até 2020,2901,Salvador - BA,202501,1201.Alimentação fora do domicílio,0.89,0.89
7060,63,IPCA - Variação mensal,%,Região Metropolitana até 2020,2901,Salvador - BA,202502,1201.Alimentação fora do domicílio,1.04,1.04
7060,63,IPCA - Variação mensal,%,Região Metropolitana até 2020,2901,Salvador - BA,202503,1201.Alimentação fora do domicílio,1.03,1.03
7060,63,IPCA - Variação mensal,%,Região Metropolitana até 2020,2901,Salvador - BA,202504,1201.Alimentação fora do domicílio,0.82,0.82
7060,63,IPCA - Variação mensal,%,Região Metropolitana até 2020,2901,Salvador - BA,202505,1201.Alimentação fora do domicílio,0.14,0.14
7060,63,IPCA - Variação mensal,%,Região Metropolitana até 2020,2901,Salvador - BA,202506,1201.Alimentação fora do domicílio,0.50,0.5
7060,63,IPCA - Variação mensal,%,Região Metropolitana até 2020,2901,Salvador - BA,202507,1201.Alimentação fora do domicílio,0.78,0.78
7060,63,IPCA - Variação mensal,%,Região Metropolitana até 2020,2901,Salvador - BA,202508,1201.Alimentação fora do domicílio,0.33,0.33
7060,63,IPCA - Variação mensal,%,Região Metropolitana até 2020,2901,Salvador - BA,202509,1201.Alimentação fora do domicílio,0.36,0.36
7060,63,IPCA - Variação mensal,%,Região Metropolitana até 2020,2901,Salvador - BA,202510,1201.Alimentação fora do domicílio,-0.17,-0.17
7060,63,IPCA - Variação mensal,%,Região Metropolitana até 2020,2901,Salvador - BA,202511,1201.Alimentação fora do domicílio,0.95,0.95
7060,63,IPCA - Variação mensal,%,Região Metropolitana até 2020,2901,Salvador - BA,202512,1201.Alimentação fora do domicílio,0.85,0.85
7060,63,IPCA - Variação mensal,%,Região Metropolitana até 2020,2901,Salvador - BA,202601,1201.Alimentação fora do domicílio,0.49,0.49
7060,63,IPCA - Variação mensal,%,Região Metropolitana até 2020,2901,Salvador - BA,202602,1201.Alimentação fora do domicílio,0.48,0.48
7060,63,IPCA - Variação mensal,%,Região Metropolitana até 2020,2901,Salvador - BA,202603,1201.Alimentação fora do domicílio,0.51,0.51
7060,63,IPCA - Variação mensal,%,Região Metropolitana até 2020,2901,Salvador - BA,202604,1201.Alimentação fora do domicílio,0.83,0.83
7060,63,IPCA - Variação mensal,%,Região Metropolitana até 2020,2901,Salvador - BA,202605,1201.Alimentação fora do domicílio,0.73,0.73
7060,63,IPCA - Variação mensal,%,Região Metropolitana até 2020,2901,Salvador - BA,202606,1201.Alimentação fora do domicílio,0.44,0.44
7060,63,IPCA - Variação mensal,%,Região Metropolitana até 2020,2901,Salvador - BA,202607,1201.Alimentação fora do domicílio,0.23,0.23
7060,63,IPCA - Variação mensal,%,Região Metropolitana até 2020,2901,Salvador - BA,202608,1201.Alimentação fora do domicílio,0.66,0.66
7060,63,IPCA - Variação mensal,%,Região Metropolitana até 2020,3101,Belo Horizonte - MG,202309,1201.Alimentação fora do domicílio,0.17,0.17
7060,63,IPCA - Variação mensal,%,Região Metropolitana até 2020,3101,Belo Horizonte - MG,202310,1201.Alimentação fora do domicílio,0.38,0.38
7060,63,IPCA - Variação mensal,%,Região Metropolitana até 2020,3101,Belo Horizonte - MG,202311,1201.Alimentação fora do domicílio,0.46,0.46
7060,63,IPCA - Variação mensal,%,Região Metropolitana até 2020,3101,Belo Horizonte - MG,202312,1201.Alimentação fora do domicílio,0.35,0.35
7060,63,IPCA - Variação mensal,%,Região Metropolitana até 2020,3101,Belo Horizonte - MG,202401,1201.Alimentação fora do domicílio,0.43,0.43
7060,63,IPCA - Variação mensal,%,Região Metropolitana até 2020,3101,Belo Horizonte - MG,202402,1201.Alimentação fora do domicílio,0.59,0.59
7060,63,IPCA - Variação mensal,%,Região Metropolitana até 2020,3101,Belo Horizonte - MG,202403,1201.Alimentação fora do domicílio,0.23,0.23
7060,63,IPCA - Variação mensal,%,Região Metropolitana até 2020,3101,Belo Horizonte - MG,202404,1201.Alimentação fora do domicílio,0.30,0.3
7060,63,IPCA - Variação mensal,%,Região Metropolitana até 2020,3101,Belo Horizonte - MG,202405,1201.Alimentação fora do domicílio,0.11,0.11
7060,63,IPCA - Variação mensal,%,Região Metropolitana até 2020,3101,Belo Horizonte - MG,202406,1201.Alimentação fora do domicílio,0.61,0.61
7060,63,IPCA - Variação mensal,%,Região Metropolitana até 2020,3101,Belo Horizonte - MG,202407,1201.Alimentação fora do domicílio,0.52,0.52
7060,63,IPCA - Variação mensal,%,Região Metropolitana até 2020,3101,Belo Horizonte - MG,202408,1201.Alimentação fora do domicílio,0.28,0.28
7060,63,IPCA - Variação mensal,%,Região Metropolitana até 2020,3101,Belo Horizonte - MG,202409,1201.Alimentação fora do domicílio,0.65,0.65
7060,63,IPCA - Variação mensal,%,Região Metropolitana até 2020,3101,Belo Horizonte - MG,202410,1201.Alimentação fora do domicílio,0.40,0.4
7060,63,IPCA - Variação mensal,%,Região Metropolitana até 2020,3101,Belo Horizonte - MG,202411,1201.Alimentação fora do domicílio,1.45,1.45
7060,63,IPCA - Variação mensal,%,Região Metropolitana até 2020,3101,Belo Horizonte - MG,202412,1201.Alimentação fora do domicílio,1.16,1.16
7060,63,IPCA - Variação mensal,%,Região Metropolitana até 2020,3101,Belo Horizonte - MG,202501,1201.Alimentação fora do domicílio,0.53,0.53
7060,63,IPCA - Variação mensal,%,Região Metropolitana até 2020,3101,Belo Horizonte - MG,202502,1201.Alimentação fora do domicílio,0.45,0.45
7060,63,IPCA - Variação mensal,%,Região Metropolitana até 2020,3101,Belo Horizonte - MG,202503,1201.Alimentação fora do domicílio,0.49,0.49
7060,63,IPCA - Variação mensal,%,Região Metropolitana até 2020,3101,Belo Horizonte - MG,202504,1201.Alimentação fora do domicílio,0.59,0.59
7060,63,IPCA - Variação mensal,%,Região Metropolitana até 2020,3101,Belo Horizonte - MG,202505,1201.Alimentação fora do domicílio,0.55,0.55
7060,63,IPCA - Variação mensal,%,Região Metropolitana até 2020,3101,Belo Horizonte - MG,202506,1201.Alimentação fora do domicílio,0.45,0.45
7060,63,IPCA - Variação mensal,%,Região Metropolitana até 2020,3101,Belo Horizonte - MG,202507,1201.Alimentação fora do domicílio,0.89,0.89
7060,63,IPCA - Variação mensal,%,Região Metropolitana até 2020,3101,Belo Horizonte - MG,202508,1201.Alimentação fora do domicílio,0.84,0.84
7060,63,IPCA - Variação mensal,%,Região Metropolitana até 2020,3101,Belo Horizonte - MG,202509,1201.Alimentação fora do domicílio,0.66,0.66
7060,63,IPCA - Variação mensal,%,Região Metropolitana até 2020,3101,Belo Horizonte - MG,202510,1201.Alimentação fora do domicílio,0.73,0.73
7060,63,IPCA - Variação mensal,%,Região Metropolitana até 2020,3101,Belo Horizonte - MG,202511,1201.Alimentação fora do domicílio,0.14,0.14
7060,63,IPCA - Variação mensal,%,Região Metropolitana até 2020,3101,Belo Horizonte - MG,202512,1201.Alimentação fora do domicílio,1.19,1.19
7060,63,IPCA - Variação mensal,%,Região Metropolitana até 2020,3101,Belo Horizonte - MG,202601,1201.Alimentação fora do domicílio,0.17,0.17
7060,63,IPCA - Variação mensal,%,Região Metropolitana até 2020,3101,Belo Horizonte - MG,202602,1201.Alimentação fora do domicílio,1.31,1.31
7060,63,IPCA - Variação mensal,%,Região Metropolitana até 2020,3101,Belo Horizonte - MG,202603,1201.Alimentação fora do domicílio,1.00,1.0
7060,63,IPCA - Variação mensal,%,Região Metropolitana até 2020,3101,Belo Horizonte - MG,202604,1201.Alimentação fora do domicílio,0.04,0.04
7060,63,IPCA - Variação mensal,%,Região Metropolitana até 2020,3101,Belo Horizonte - MG,202605,1201.Alimentação fora do domicílio,-0.05,-0.05
7060,63,IPCA - Variação mensal,%,Região Metropolitana até 2020,3101,Belo Horizonte - MG,202606,1201.Alimentação fora do domicílio,0.20,0.2
7060,63,IPCA - Variação mensal,%,Região Metropolitana até 2020,3101,Belo Horizonte - MG,202607,1201.Alimentação fora do domicílio,0.55,0.55
7060,63,IPCA - Variação mensal,%,Região Metropolitana até 2020,3101,Belo Horizonte - MG,202608,1201.Alimentação fora do domicílio,0.63,0.63
7060,63,IPCA - Variação mensal,%,Região Metropolitana até 2020,3201,Grande Vitória - ES,202309,1201.Alimentação fora do domicílio,0.52,0.52
7060,63,IPCA - Variação mensal,%,Região Metropolitana até 2020,3201,Grande Vitória - ES,202310,1201.Alimentação fora do domicílio,0.14,0.14
7060,63,IPCA - Variação mensal,%,Região Metropolitana até 2020,3201,Grande Vitória - ES,202311,1201.Alimentação fora do domicílio,0.95,0.95
7060,63,IPCA - Variação mensal,%,Região Metropolitana até 2020,3201,Grande Vitória - ES,202312,1201.Alimentação fora do domicílio,0.99,0.99
7060,63,IPCA - Variação mensal,%,Região Metropolitana até 2020,3201,Grande Vitória - ES,202401,1201.Alimentação fora do domicílio,0.80,0.8
7060,63,IPCA - Variação mensal,%,Região Metropolitana até 2020,3201,Grande Vitória - ES,202402,1201.Alimentação fora do domicílio,0.35,0.35
7060,63,IPCA - Variação mensal,%,Região Metropolitana até 2020,3201,Grande Vitória - ES,202403,1201.Alimentação fora do domicílio,0.50,0.5
7060,63,IPCA - Variação mensal,%,Região Metropolitana até 2020,3201,Grande Vitória - ES,202404,1201.Alimentação fora do domicílio,0.04,0.04
7060,63,IPCA - Variação mensal,%,Região Metropolitana até 2020,3201,Grande Vitória - ES,202405,1201.Alimentação fora do domicílio,0.68,0.68
7060,63,IPCA - Variação mensal,%,Região Metropolitana até 2020,3201,Grande Vitória - ES,202406,1201.Alimentação fora do domicílio,0.24,0.24
7060,63,IPCA - Variação mensal,%,Região Metropolitana até 2020,3201,Grande Vitória - ES,202407,1201.Alimentação fora do domicílio,-0.05,-0.05
7060,63,IPCA - Variação mensal,%,Região Metropolitana até 2020,3201,Grande Vitória - ES,202408,1201.Alimentação fora do domicílio,0.12,0.12
7060,63,IPCA - Variação mensal,%,Região Metropolitana até 2020,3201,Grande Vitória - ES,202409,1201.Alimentação fora do domicílio,0.15,0.15
7060,63,IPCA - Variação mensal,%,Região Metropolitana até 2020,3201,Grande Vitória - ES,202410,1201.Alimentação fora do domicílio,0.33,0.33
7060,63,IPCA - Variação mensal,%,Região Metropolitana até 2020,3201,Grande Vitória - ES,202411,1201.Alimentação fora do domicílio,0.75,0.75
7060,63,IPCA - Variação mensal,%,Região Metropolitana até 2020,3201,Grande Vitória - ES,202412,1201.Alimentação fora do domicílio,1.48,1.48
7060,63,IPCA - Variação mensal,%,Região Metropolitana até 2020,3201,Grande Vitória - ES,202501,1201.Alimentação fora do domicílio,2.50,2.5
7060,63,IPCA - Variação mensal,%,Região Metropolitana até 2020,3201,Grande Vitória - ES,202502,1201.Alimentação fora do domicílio,0.94,0.94
7060,63,IPCA - Variação mensal,%,Região Metropolitana até 2020,3201,Grande Vitória - ES,202503,1201.Alimentação fora do domicílio,0.59,0.59
7060,63,IPCA - Variação mensal,%,Região Metropolitana até 2020,3201,Grande Vitória - ES,202504,1201.Alimentação fora do domicílio,1.21,1.21
7060,63,IPCA - Variação mensal,%,Região Metropolitana até 2020,3201,Grande Vitória - ES,202505,1201.Alimentação fora do domicílio,0.07,0.07
7060,63,IPCA - Variação mensal,%,Região Metropolitana até 2020,3201,Grande Vitória - ES,202506,1201.Alimentação fora do domicílio,0.11,0.11
7060,63,IPCA - Variação mensal,%,Região Metropolitana até 2020,3201,Grande Vitória - ES,202507,1201.Alimentação fora do domicílio,0.47,0.47
7060,63,IPCA - Variação mensal,%,Região Metropolitana até 2020,3201,Grande Vitória - ES,202508,1201.Alimentação fora do domicílio,0.49,0.49
7060,63,IPCA - Variação mensal,%,Região Metropolitana até 2020,3201,Grande Vitória - ES,202509,1201.Alimentação fora do domicílio,0.49,0.49
7060,63,IPCA - Variação mensal,%,Região Metropolitana até 2020,3201,Grande Vitória - ES,202510,1201.Alimentação fora do domicílio,0.83,0.83
7060,63,IPCA - Variação mensal,%,Região Metropolitana até 2020,3201,Grande Vitória - ES,202511,1201.Alimentação fora do domicílio,0.51,0.51
7060,63,IPCA - Variação mensal,%,Região Metropolitana até 2020,3201,Grande Vitória - ES,202512,1201.Alimentação fora do domicílio,0.76,0.76
7060,63,IPCA - Variação mensal,%,Região Metropolitana até 2020,3201,Grande Vitória - ES,202601,1201.Alimentação fora do domicílio,1.47,1.47
7060,63,IPCA - Variação mensal,%,Região Metropolitana até 2020,3201,Grande Vitória - ES,202602,1201.Alimentação fora do domicílio,0.57,0.57
7060,63,IPCA - Variação mensal,%,Região Metropolitana até 2020,3201,Grande Vitória - ES,202603,1201.Alimentação fora do domicílio,-0.08,-0.08
7060,63,IPCA - Variação mensal,%,Região Metropolitana até 2020,3201,Grande Vitória - ES,202604,1201.Alimentação fora do domicílio,0.33,0.33
7060,63,IPCA - Variação mensal,%,Região Metropolitana até 2020,3201,Grande Vitória - ES,202605,1201.Alimentação fora do domicílio,0.85,0.85
7060,63,IPCA - Variação mensal,%,Região Metropolitana até 2020,3201,Grande Vitória - ES,202606,1201.Alimentação fora do domicílio,0.19,0.19
7060,63,IPCA - Variação mensal,%,Região Metropolitana até 2020,3201,Grande Vitória - ES,202607,1201.Alimentação fora do domicílio,0.77,0.77
7060,63,IPCA - Variação mensal,%,Região Metropolitana até 2020,3201,Grande Vitória - ES,202608,1201.Alimentação fora do domicílio,0.08,0.08
7060,63,IPCA - Variação mensal,%,Região Metropolitana até 2020,3301,Rio de Janeiro - RJ,202309,1201.Alimentação fora do domicílio,-0.12,-0.12
7060,63,IPCA - Variação mensal,%,Região Metropolitana até 2020,3301,Rio de Janeiro - RJ,202310,1201.Alimentação fora do domicílio,0.30,0.3
7060,63,IPCA - Variação mensal,%,Região Metropolitana até 2020,3301,Rio de Janeiro - RJ,202311,1201.Alimentação fora do domicílio,0.40,0.4
7060,63,IPCA - Variação mensal,%,Região Metropolitana até 2020,3301,Rio de Janeiro - RJ,202312,1201.Alimentação fora do domicílio,0.61,0.61
7060,63,IPCA - Variação mensal,%,Região Metropolitana até 2020,3301,Rio de Janeiro - RJ,202401,1201.Alimentação fora do domicílio,0.01,0.01
7060,63,IPCA - Variação mensal,%,Região Metropolitana até 2020,3301,Rio de Janeiro - RJ,202402,1201.Alimentação fora do domicílio,0.29,0.29
7060,63,IPCA - Variação mensal,%,Região Metropolitana até 2020,3301,Rio de Janeiro - RJ,202403,1201.Alimentação fora do domicílio,0.80,0.8
7060,63,IPCA - Variação mensal,%,Região Metropolitana até 2020,3301,Rio de Janeiro - RJ,202404,1201.Alimentação fora do domicílio,0.38,0.38
7060,63,IPCA - Variação mensal,%,Região Metropolitana até 2020,3301,Rio de Janeiro - RJ,202405,1201.Alimentação fora do domicílio,-0.17,-0.17
7060,63,IPCA - Variação mensal,%,Região Metropolitana até 2020,3301,Rio de Janeiro - RJ,202406,1201.Alimentação fora do domicílio,0.27,0.27
7060,63,IPCA - Variação mensal,%,Região Metropolitana até 2020,3301,Rio de Janeiro - RJ,202407,1201.Alimentação fora do domicílio,0.11,0.11
7060,63,IPCA - Variação mensal,%,Região Metropolitana até 2020,3301,Rio de Janeiro - RJ,202408,1201.Alimentação fora do domicílio,0.35,0.35
7060,63,IPCA - Variação mensal,%,Região Metropolitana até 2020,3301,Rio de Janeiro - RJ,202409,1201.Alimentação fora do domicílio,0.49,0.49
7060,63,IPCA - Variação mensal,%,Região Metropolitana até 2020,3301,Rio de Janeiro - RJ,202410,1201.Alimentação fora do domicílio,0.97,0.97
7060,63,IPCA - Variação mensal,%,Região Metropolitana até 2020,3301,Rio de Janeiro - RJ,202411,1201.Alimentação fora do domicílio,1.31,1.31
7060,63,IPCA - Variação mensal,%,Região Metropolitana até 2020,3301,Rio de Janeiro - RJ,202412,1201.Alimentação fora do domicílio,1.98,1.98
7060,63,IPCA - Variação mensal,%,Região Metropolitana até 2020,3301,Rio de Janeiro - RJ,202501,1201.Alimentação fora do domicílio,0.76,0.76
7060,63,IPCA - Variação mensal,%,Região Metropolitana até 2020,3301,Rio de Janeiro - RJ,202502,1201.Alimentação fora do domicílio,0.36,0.36
7060,63,IPCA - Variação mensal,%,Região Metropolitana até 2020,3301,Rio de Janeiro - RJ,202503,1201.Alimentação fora do domicílio,0.64,0.64
7060,63,IPCA - Variação mensal,%,Região Metropolitana até 2020,3301,Rio de Janeiro - RJ,202504,1201.Alimentação fora do domicílio,0.48,0.48
7060,63,IPCA - Variação mensal,%,Região Metropolitana até 2020,3301,Rio de Janeiro - RJ,202505,1201.Alimentação fora do domicílio,0.72,0.72
7060,63,IPCA - Variação mensal,%,Região Metropolitana até 2020,3301,Rio de Janeiro - RJ,202506,1201.Alimentação fora do domicílio,0.45,0.45
7060,63,IPCA - Variação mensal,%,Região Metropolitana até 2020,3301,Rio de Janeiro - RJ,202507,1201.Alimentação fora do domicílio,1.14,1.14
7060,63,IPCA - Variação mensal,%,Região Metropolitana até 2020,3301,Rio de Janeiro - RJ,202508,1201.Alimentação fora do domicílio,0.54,0.54
7060,63,IPCA - Variação mensal,%,Região Metropolitana até 2020,3301,Rio de Janeiro - RJ,202509,1201.Alimentação fora do domicílio,-0.39,-0.39
7060,63,IPCA - Variação mensal,%,Região Metropolitana até 2020,3301,Rio de Janeiro - RJ,202510,1201.Alimentação fora do domicílio,0.11,0.11
7060,63,IPCA - Variação mensal,%,Região Metropolitana até 2020,3301,Rio de Janeiro - RJ,202511,1201.Alimentação fora do domicílio,0.84,0.84
7060,63,IPCA - Variação mensal,%,Região Metropolitana até 2020,3301,Rio de Janeiro - RJ,202512,1201.Alimentação fora do domicílio,0.66,0.66
7060,63,IPCA - Variação mensal,%,Região Metropolitana até 2020,3301,Rio de Janeiro - RJ,202601,1201.Alimentação fora do domicílio,0.39,0.39
7060,63,IPCA - Variação mensal,%,Região Metropolitana até 2020,3301,Rio de Janeiro - RJ,202602,1201.Alimentação fora do domicílio,0.37,0.37
7060,63,IPCA - Variação mensal,%,Região Metropolitana até 2020,3301,Rio de Janeiro - RJ,202603,1201.Alimentação fora do domicílio,-0.01,-0.01
7060,63,IPCA - Variação mensal,%,Região Metropolitana até 2020,3301,Rio de Janeiro - RJ,202604,1201.Alimentação fora do domicílio,0.15,0.15
7060,63,IPCA - Variação mensal,%,Região Metropolitana até 2020,3301,Rio de Janeiro - RJ,202605,1201.Alimentação fora do domicílio,0.08,0.08
7060,63,IPCA - Variação mensal,%,Região Metropolitana até 2020,3301,Rio de Janeiro - RJ,202606,1201.Alimentação fora do domicílio,0.02,0.02
7060,63,IPCA - Variação mensal,%,Região Metropolitana até 2020,3301,Rio de Janeiro - RJ,202607,1201.Alimentação fora do domicílio,0.84,0.84
7060,63,IPCA - Variação mensal,%,Região Metropolitana até 2020,3301,Rio de Janeiro - RJ,202608,1201.Alimentação fora do domicílio,0.36,0.36
7060,63,IPCA - Variação mensal,%,Região Metropolitana até 2020,3501,São Paulo - SP,202309,1201.Alimentação fora do domicílio,0.40,0.4
7060,63,IPCA - Variação mensal,%,Região Metropolitana até 2020,3501,São Paulo - SP,202310,1201.Alimentação fora do domicílio,0.43,0.43
7060,63,IPCA - Variação mensal,%,Região Metropolitana até 2020,3501,São Paulo - SP,202311,1201.Alimentação fora do domicílio,0.31,0.31
7060,63,IPCA - Variação mensal,%,Região Metropolitana até 2020,3501,São Paulo - SP,202312,1201.Alimentação fora do domicílio,0.63,0.63
7060,63,IPCA - Variação mensal,%,Região Metropolitana até 2020,3501,São Paulo - SP,202401,1201.Alimentação fora do domicílio,0.09,0.09
7060,63,IPCA - Variação mensal,%,Região Metropolitana até 2020,3501,São Paulo - SP,202402,1201.Alimentação fora do domicílio,0.28,0.28
7060,63,IPCA - Variação mensal,%,Região Metropolitana até 2020,3501,São Paulo - SP,202403,1201.Alimentação fora do domicílio,-0.05,-0.05
7060,63,IPCA - Variação mensal,%,Região Metropolitana até 2020,3501,São Paulo - SP,202404,1201.Alimentação fora do domicílio,0.54,0.54
7060,63,IPCA - Variação mensal,%,Região Metropolitana até 2020,3501,São Paulo - SP,202405,1201.Alimentação fora do domicílio,0.93,0.93
7060,63,IPCA - Variação mensal,%,Região Metropolitana até 2020,3501,São Paulo - SP,202406,1201.Alimentação fora do domicílio,0.38,0.38
7060,63,IPCA - Variação mensal,%,Região Metropolitana até 2020,3501,São Paulo - SP,202407,1201.Alimentação fora do domicílio,0.41,0.41
7060,63,IPCA - Variação mensal,%,Região Metropolitana até 2020,3501,São Paulo - SP,202408,1201.Alimentação fora do domicílio,0.47,0.47
7060,63,IPCA - Variação mensal,%,Região Metropolitana até 2020,3501,São Paulo - SP,202409,1201.Alimentação fora do domicílio,0.17,0.17
7060,63,IPCA - Variação mensal,%,Região Metropolitana até 2020,3501,São Paulo - SP,202410,1201.Alimentação fora do domicílio,0.71,0.71
7060,63,IPCA - Variação mensal,%,Região Metropolitana até 2020,3501,São Paulo - SP,202411,1201.Alimentação fora do domicílio,0.54,0.54
7060,63,IPCA - Variação mensal,%,Região Metropolitana até 2020,3501,São Paulo - SP,202412,1201.Alimentação fora do domicílio,1.44,1.44
7060,63,IPCA - Variação mensal,%,Região Metropolitana até 2020,3501,São Paulo - SP,202501,1201.Alimentação fora do domicílio,0.30,0.3
7060,63,IPCA - Variação mensal,%,Região Metropolitana até 2020,3501,São Paulo - SP,202502,1201.Alimentação fora do domicílio,0.26,0.26
7060,63,IPCA - Variação mensal,%,Região Metropolitana até 2020,3501,São Paulo - SP,202503,1201.Alimentação fora do domicílio,1.05,1.05
7060,63,IPCA - Variação mensal,%,Região Metropolitana até 2020,3501,São Paulo - SP,202504,1201.Alimentação fora do domicílio,1.10,1.1
7060,63,IPCA - Variação mensal,%,Região Metropolitana até 2020,3501,São Paulo - SP,202505,1201.Alimentação fora do domicílio,0.51,0.51
7060,63,IPCA - Variação mensal,%,Região Metropolitana até 2020,3501,São Paulo - SP,202506,1201.Alimentação fora do domicílio,0.46,0.46
7060,63,IPCA - Variação mensal,%,Região Metropolitana até 2020,3501,São Paulo - SP,202507,1201.Alimentação fora do domicílio,0.92,0.92
7060,63,IPCA - Variação mensal,%,Região Metropolitana até 2020,3501,São Paulo - SP,202508,1201.Alimentação fora do domicílio,0.74,0.74
7060,63,IPCA - Variação mensal,%,Região Metropolitana até 2020,3501,São Paulo - SP,202509,1201.Alimentação fora do domicílio,-0.24,-0.24
7060,63,IPCA - Variação mensal,%,Região Metropolitana até 2020,3501,São Paulo - SP,202510,1201.Alimentação fora do domicílio,0.46,0.46
7060,63,IPCA - Variação mensal,%,Região Metropolitana até 2020,3501,São Paulo - SP,202511,1201.Alimentação fora do domicílio,0.43,0.43
7060,63,IPCA - Variação mensal,%,Região Metropolitana até 2020,3501,São Paulo - SP,202512,1201.Alimentação fora do domicílio,0.38,0.38
7060,63,IPCA - Variação mensal,%,Região Metropolitana até 2020,3501,São Paulo - SP,202601,1201.Alimentação fora do domicílio,0.61,0.61
7060,63,IPCA - Variação mensal,%,Região Metropolitana até 2020,3501,São Paulo - SP,202602,1201.Alimentação fora do domicílio,0.23,0.23
7060,63,IPCA - Variação mensal,%,Região Metropolitana até 2020,3501,São Paulo - SP,202603,1201.Alimentação fora do domicílio,0.95,0.95
7060,63,IPCA - Variação mensal,%,Região Metropolitana até 2020,3501,São Paulo - SP,202604,1201.Alimentação fora do domicílio,0.98,0.98
7060,63,IPCA - Variação mensal,%,Região Metropolitana até 2020,3501,São Paulo - SP,202605,1201.Alimentação fora do domicílio,0.59,0.59
7060,63,IPCA - Variação mensal,%,Região Metropolitana até 2020,3501,São Paulo - SP,202606,1201.Alimentação fora do domicílio,-0.17,-0.17
7060,63,IPCA - Variação mensal,%,Região Metropolitana até 2020,3501,São Paulo - SP,202607,1201.Alimentação fora do domicílio,0.67,0.67
7060,63,IPCA - Variação mensal,%,Região Metropolitana até 2020,3501,São Paulo - SP,202608,1201.Alimentação fora do domicílio,0.40,0.4
7060,63,IPCA - Variação mensal,%,Região Metropolitana até 2020,4101,Curitiba - PR,202309,1201.Alimentação fora do domicílio,0.49,0.49
7060,63,IPCA - Variação mensal,%,Região Metropolitana até 2020,4101,Curitiba - PR,202310,1201.Alimentação fora do domicílio,0.16,0.16
7060,63,IPCA - Variação mensal,%,Região Metropolitana até 2020,4101,Curitiba - PR,202311,1201.Alimentação fora do domicílio,0.11,0.11
7060,63,IPCA - Variação mensal,%,Região Metropolitana até 2020,4101,Curitiba - PR,202312,1201.Alimentação fora do domicílio,0.54,0.54
7060,63,IPCA - Variação mensal,%,Região Metropolitana até 2020,4101,Curitiba - PR,202401,1201.Alimentação fora do domicílio,0.70,0.7
7060,63,IPCA - Variação mensal,%,Região Metropolitana até 2020,4101,Curitiba - PR,202402,1201.Alimentação fora do domicílio,0.41,0.41
7060,63,IPCA - Variação mensal,%,Região Metropolitana até 2020,4101,Curitiba - PR,202403,1201.Alimentação fora do domicílio,0.17,0.17
7060,63,IPCA - Variação mensal,%,Região Metropolitana até 2020,4101,Curitiba - PR,202404,1201.Alimentação fora do domicílio,0.32,0.32
7060,63,IPCA - Variação mensal,%,Região Metropolitana até 2020,4101,Curitiba - PR,202405,1201.Alimentação fora do domicílio,0.37,0.37
7060,63,IPCA - Variação mensal,%,Região Metropolitana até 2020,4101,Curitiba - PR,202406,1201.Alimentação fora do domicílio,0.56,0.56
7060,63,IPCA - Variação mensal,%,Região Metropolitana até 2020,4101,Curitiba - PR,202407,1201.Alimentação fora do domicílio,0.66,0.66
7060,63,IPCA - Variação mensal,%,Região Metropolitana até 2020,4101,Curitiba - PR,202408,1201.Alimentação fora do domicílio,0.31,0.31
7060,63,IPCA - Variação mensal,%,Região Metropolitana até 2020,4101,Curitiba - PR,202409,1201.Alimentação fora do domicílio,0.81,0.81
7060,63,IPCA - Variação mensal,%,Região Metropolitana até 2020,4101,Curitiba - PR,202410,1201.Alimentação fora do domicílio,0.61,0.61
7060,63,IPCA - Variação mensal,%,Região Metropolitana até 2020,4101,Curitiba - PR,202411,1201.Alimentação fora do domicílio,0.82,0.82
7060,63,IPCA - Variação mensal,%,Região Metropolitana até 2020,4101,Curitiba - PR,202412,1201.Alimentação fora do domicílio,0.60,0.6
7060,63,IPCA - Variação mensal,%,Região Metropolitana até 2020,4101,Curitiba - PR,202501,1201.Alimentação fora do domicílio,0.57,0.57
7060,63,IPCA - Variação mensal,%,Região Metropolitana até 2020,4101,Curitiba - PR,202502,1201.Alimentação fora do domicílio,0.84,0.84
7060,63,IPCA - Variação mensal,%,Região Metropolitana até 2020,4101,Curitiba - PR,202503,1201.Alimentação fora do domicílio,1.10,1.1
7060,63,IPCA - Variação mensal,%,Região Metropolitana até 2020,4101,Curitiba - PR,202504,1201.Alimentação fora do domicílio,0.81,0.81
7060,63,IPCA - Variação mensal,%,Região Metropolitana até 2020,4101,Curitiba - PR,202505,1201.Alimentação fora do domicílio,1.05,1.05
7060,63,IPCA - Variação mensal,%,Região Metropolitana até 2020,4101,Curitiba - PR,202506,1201.Alimentação fora do domicílio,0.12,0.12
7060,63,IPCA - Variação mensal,%,Região Metropolitana até 2020,4101,Curitiba - PR,202507,1201.Alimentação fora do domicílio,0.61,0.61
7060,63,IPCA - Variação mensal,%,Região Metropolitana até 2020,4101,Curitiba - PR,202508,1201.Alimentação fora do domicílio,0.24,0.24
7060,63,IPCA - Variação mensal,%,Região Metropolitana até 2020,4101,Curitiba - PR,202509,1201.Alimentação fora do domicílio,0.30,0.3
7060,63,IPCA - Variação mensal,%,Região Metropolitana até 2020,4101,Curitiba - PR,202510,1201.Alimentação fora do domicílio,0.28,0.28
7060,63,IPCA - Variação mensal,%,Região Metropolitana até 2020,4101,Curitiba - PR,202511,1201.Alimentação fora do domicílio,0.07,0.07
7060,63,IPCA - Variação mensal,%,Região Metropolitana até 2020,4101,Curitiba - PR,202512,1201.Alimentação fora do domicílio,0.90,0.9
7060,63,IPCA - Variação mensal,%,Região Metropolitana até 2020,4101,Curitiba - PR,202601,1201.Alimentação fora do domicílio,0.22,0.22
7060,63,IPCA - Variação mensal,%,Região Metropolitana até 2020,4101,Curitiba - PR,202602,1201.Alimentação fora do domicílio,-0.07,-0.07
7060,63,IPCA - Variação mensal,%,Região Metropolitana até 2020,4101,Curitiba - PR,202603,1201.Alimentação fora do domicílio,0.75,0.75
7060,63,IPCA - Variação mensal,%,Região Metropolitana até 2020,4101,Curitiba - PR,202604,1201.Alimentação fora do domicílio,0.65,0.65
7060,63,IPCA - Variação mensal,%,Região Metropolitana até 2020,4101,Curitiba - PR,202605,1201.Alimentação fora do domicílio,0.07,0.07
7060,63,IPCA - Variação mensal,%,Região Metropolitana até 2020,4101,Curitiba - PR,202606,1201.Alimentação fora do domicílio,0.27,0.27
7060,63,IPCA - Variação mensal,%,Região Metropolitana até 2020,4101,Curitiba - PR,202607,1201.Alimentação fora do domicílio,0.63,0.63
7060,63,IPCA - Variação mensal,%,Região Metropolitana até 2020,4101,Curitiba - PR,202608,1201.Alimentação fora do domicílio,0.20,0.2
7060,63,IPCA - Variação mensal,%,Região Metropolitana até 2020,4301,Porto Alegre - RS,202309,1201.Alimentação fora do domicílio,-0.13,-0.13
7060,63,IPCA - Variação mensal,%,Região Metropolitana até 2020,4301,Porto Alegre - RS,202310,1201.Alimentação fora do domicílio,0.77,0.77
7060,63,IPCA - Variação mensal,%,Região Metropolitana até 2020,4301,Porto Alegre - RS,202311,1201.Alimentação fora do domicílio,0.12,0.12
7060,63,IPCA - Variação mensal,%,Região Metropolitana até 2020,4301,Porto Alegre - RS,202312,1201.Alimentação fora do domicílio,0.39,0.39
7060,63,IPCA - Variação mensal,%,Região Metropolitana até 2020,4301,Porto Alegre - RS,202401,1201.Alimentação fora do domicílio,0.40,0.4
7060,63,IPCA - Variação mensal,%,Região Metropolitana até 2020,4301,Porto Alegre - RS,202402,1201.Alimentação fora do domicílio,0.74,0.74
7060,63,IPCA - Variação mensal,%,Região Metropolitana até 2020,4301,Porto Alegre - RS,202403,1201.Alimentação fora do domicílio,0.18,0.18
7060,63,IPCA - Variação mensal,%,Região Metropolitana até 2020,4301,Porto Alegre - RS,202404,1201.Alimentação fora do domicílio,0.32,0.32
7060,63,IPCA - Variação mensal,%,Região Metropolitana até 2020,4301,Porto Alegre - RS,202405,1201.Alimentação fora do domicílio,-0.09,-0.09
7060,63,IPCA - Variação mensal,%,Região Metropolitana até 2020,4301,Porto Alegre - RS,202406,1201.Alimentação fora do domicílio,0.47,0.47
7060,63,IPCA - Variação mensal,%,Região Metropolitana até 2020,4301,Porto Alegre - RS,202407,1201.Alimentação fora do domicílio,0.48,0.48
7060,63,IPCA - Variação mensal,%,Região Metropolitana até 2020,4301,Porto Alegre - RS,202408,1201.Alimentação fora do domicílio,0.11,0.11
7060,63,IPCA - Variação mensal,%,Região Metropolitana até 2020,4301,Porto Alegre - RS,202409,1201.Alimentação fora do domicílio,0.38,0.38
7060,63,IPCA - Variação mensal,%,Região Metropolitana até 2020,4301,Porto Alegre - RS,202410,1201.Alimentação fora do domicílio,0.75,0.75
7060,63,IPCA - Variação mensal,%,Região Metropolitana até 2020,4301,Porto Alegre - RS,202411,1201.Alimentação fora do domicílio,1.21,1.21
7060,63,IPCA - Variação mensal,%,Região Metropolitana até 2020,4301,Porto Alegre - RS,202412,1201.Alimentação fora do domicílio,1.18,1.18
7060,63,IPCA - Variação mensal,%,Região Metropolitana até 2020,4301,Porto Alegre - RS,202501,1201.Alimentação fora do domicílio,1.25,1.25
7060,63,IPCA - Variação mensal,%,Região Metropolitana até 2020,4301,Porto Alegre - RS,202502,1201.Alimentação fora do domicílio,-0.11,-0.11
7060,63,IPCA - Variação mensal,%,Região Metropolitana até 2020,4301,Porto Alegre - RS,202503,1201.Alimentação fora do domicílio,0.89,0.89
7060,63,IPCA - Variação mensal,%,Região Metropolitana até 2020,4301,Porto Alegre - RS,202504,1201.Alimentação fora do domicílio,0.54,0.54
7060,63,IPCA - Variação mensal,%,Região Metropolitana até 2020,4301,Porto Alegre - RS,202505,1201.Alimentação fora do domicílio,1.11,1.11
7060,63,IPCA - Variação mensal,%,Região Metropolitana até 2020,4301,Porto Alegre - RS,202506,1201.Alimentação fora do domicílio,1.01,1.01
7060,63,IPCA - Variação mensal,%,Região Metropolitana até 2020,4301,Porto Alegre - RS,202507,1201.Alimentação fora do domicílio,0.99,0.99
7060,63,IPCA - Variação mensal,%,Região Metropolitana até 2020,4301,Porto Alegre - RS,202508,1201.Alimentação fora do domicílio,0.27,0.27
7060,63,IPCA - Variação mensal,%,Região Metropolitana até 2020,4301,Porto Alegre - RS,202509,1201.Alimentação fora do domicílio,-0.01,-0.01
7060,63,IPCA - Variação mensal,%,Região Metropolitana até 2020,4301,Porto Alegre - RS,202510,1201.Alimentação fora do domicílio,0.96,0.96
7060,63,IPCA - Variação mensal,%,Região Metropolitana até 2020,4301,Porto Alegre - RS,202511,1201.Alimentação fora do domicílio,0.11,0.11
7060,63,IPCA - Variação mensal,%,Região Metropolitana até 2020,4301,Porto Alegre - RS,202512,1201.Alimentação fora do domicílio,0.43,0.43
7060,63,IPCA - Variação mensal,%,Região Metropolitana até 2020,4301,Porto Alegre - RS,202601,1201.Alimentação fora do domicílio,0.66,0.66
7060,63,IPCA - Variação mensal,%,Região Metropolitana até 2020,4301,Porto Alegre - RS,202602,1201.Alimentação fora do domicílio,0.36,0.36
7060,63,IPCA - Variação mensal,%,Região Metropolitana até 2020,4301,Porto Alegre - RS,202603,1201.Alimentação fora do domicílio,0.19,0.19
7060,63,IPCA - Variação mensal,%,Região Metropolitana até 2020,4301,Porto Alegre - RS,202604,1201.Alimentação fora do domicílio,0.43,0.43
7060,63,IPCA - Variação mensal,%,Região Metropolitana até 2020,4301,Porto Alegre - RS,202605,1201.Alimentação fora do domicílio,0.90,0.9
7060,63,IPCA - Variação mensal,%,Região Metropolitana até 2020,4301,Porto Alegre - RS,202606,1201.Alimentação fora do domicílio,0.33,0.33
7060,63,IPCA - Variação mensal,%,Região Metropolitana até 2020,4301,Porto Alegre - RS,202607,1201.Alimentação fora do domicílio,0.18,0.18
7060,63,IPCA - Variação mensal,%,Região Metropolitana até 2020,4301,Porto Alegre - RS,202608,1201.Alimentação fora do domicílio,0.53,0.53
7060,2265,IPCA - Variação acumulada em 12 meses,%,Brasil,1,Brasil,202309,Índice geral,5.19,5.19
7060,2265,IPCA - Variação acumulada em 12 meses,%,Brasil,1,Brasil,202310,Índice geral,4.82,4.82
7060,2265,IPCA - Variação acumulada em 12 meses,%,Brasil,1,Brasil,202311,Índice geral,4.68,4.68
7060,2265,IPCA - Variação acumulada em 12 meses,%,Brasil,1,Brasil,202312,Índice geral,4.62,4.62
7060,2265,IPCA - Variação acumulada em 12 meses,%,Brasil,1,Brasil,202401,Índice geral,4.51,4.51
7060,2265,IPCA - Variação acumulada em 12 meses,%,Brasil,1,Brasil,202402,Índice geral,4.50,4.5
7060,2265,IPCA - Variação acumulada em 12 meses,%,Brasil,1,Brasil,202403,Índice geral,3.93,3.93
7060,2265,IPCA - Variação acumulada em 12 meses,%,Brasil,1,Brasil,202404,Índice geral,3.69,3.69
7060,2265,IPCA - Variação acumulada em 12 meses,%,Brasil,1,Brasil,202405,Índice geral,3.93,3.93
7060,2265,IPCA - Variação acumulada em 12 meses,%,Brasil,1,Brasil,202406,Índice geral,4.23,4.23
7060,2265,IPCA - Variação acumulada em 12 meses,%,Brasil,1,Brasil,202407,Índice geral,4.50,4.5
7060,2265,IPCA - Variação acumulada em 12 meses,%,Brasil,1,Brasil,202408,Índice geral,4.24,4.24
7060,2265,IPCA - Variação acumulada em 12 meses,%,Brasil,1,Brasil,202409,Índice geral,4.42,4.42
7060,2265,IPCA - Variação acumulada em 12 meses,%,Brasil,1,Brasil,202410,Índice geral,4.76,4.76
7060,2265,IPCA - Variação acumulada em 12 meses,%,Brasil,1,Brasil,202411,Índice geral,4.87,4.87
7060,2265,IPCA - Variação acumulada em 12 meses,%,Brasil,1,Brasil,202412,Índice geral,4.83,4.83
7060,2265,IPCA - Variação acumulada em 12 meses,%,Brasil,1,Brasil,202501,Índice geral,4.56,4.56
7060,2265,IPCA - Variação acumulada em 12 meses,%,Brasil,1,Brasil,202502,Índice geral,5.06,5.06
7060,2265,IPCA - Variação acumulada em 12 meses,%,Brasil,1,Brasil,202503,Índice geral,5.48,5.48
7060,2265,IPCA - Variação acumulada em 12 meses,%,Brasil,1,Brasil,202504,Índice geral,5.53,5.53
7060,2265,IPCA - Variação acumulada em 12 meses,%,Brasil,1,Brasil,202505,Índice geral,5.32,5.32
7060,2265,IPCA - Variação acumulada em 12 meses,%,Brasil,1,Brasil,202506,Índice geral,5.35,5.35
7060,2265,IPCA - Variação acumulada em 12 meses,%,Brasil,1,Brasil,202507,Índice geral,5.23,5.23
7060,2265,IPCA - Variação acumulada em 12 meses,%,Brasil,1,Brasil,202508,Índice geral,5.13,5.13
7060,2265,IPCA - Variação acumulada em 12 meses,%,Brasil,1,Brasil,202509,Índice geral,5.17,5.17
7060,2265,IPCA - Variação acumulada em 12 meses,%,Brasil,1,Brasil,202510,Índice geral,4.68,4.68
7060,2265,IPCA - Variação acumulada em 12 meses,%,Brasil,1,Brasil,202511,Índice geral,4.46,4.46
7060,2265,IPCA - Variação acumulada em 12 meses,%,Brasil,1,Brasil,202512,Índice geral,4.26,4.26
7060,2265,IPCA - Variação acumulada em 12 meses,%,Brasil,1,Brasil,202601,Índice geral,4.44,4.44
7060,2265,IPCA - Variação acumulada em 12 meses,%,Brasil,1,Brasil,202602,Índice geral,3.81,3.81
7060,2265,IPCA - Variação acumulada em 12 meses,%,Brasil,1,Brasil,202603,Índice geral,4.14,4.14
7060,2265,IPCA - Variação acumulada em 12 meses,%,Brasil,1,Brasil,202604,Índice geral,4.39,4.39
7060,2265,IPCA - Variação acumulada em 12 meses,%,Brasil,1,Brasil,202605,Índice geral,4.72,4.72
7060,2265,IPCA - Variação acumulada em 12 meses,%,Brasil,1,Brasil,202606,Índice geral,4.64,4.64
7060,2265,IPCA - Variação acumulada em 12 meses,%,Brasil,1,Brasil,202607,Índice geral,4.44,4.44
7060,2265,IPCA - Variação acumulada em 12 meses,%,Brasil,1,Brasil,202608,Índice geral,4.22,4.22
7060,2265,IPCA - Variação acumulada em 12 meses,%,Município,1200401,Rio Branco - AC,202309,Índice geral,5.29,5.29
7060,2265,IPCA - Variação acumulada em 12 meses,%,Município,1200401,Rio Branco - AC,202310,Índice geral,5.14,5.14
7060,2265,IPCA - Variação acumulada em 12 meses,%,Município,1200401,Rio Branco - AC,202311,Índice geral,5.06,5.06
7060,2265,IPCA - Variação acumulada em 12 meses,%,Município,1200401,Rio Branco - AC,202312,Índice geral,4.62,4.62
7060,2265,IPCA - Variação acumulada em 12 meses,%,Município,1200401,Rio Branco - AC,202401,Índice geral,4.58,4.58
7060,2265,IPCA - Variação acumulada em 12 meses,%,Município,1200401,Rio Branco - AC,202402,Índice geral,4.39,4.39
7060,2265,IPCA - Variação acumulada em 12 meses,%,Município,1200401,Rio Branco - AC,202403,Índice geral,4.01,4.01
7060,2265,IPCA - Variação acumulada em 12 meses,%,Município,1200401,Rio Branco - AC,202404,Índice geral,3.50,3.5
7060,2265,IPCA - Variação acumulada em 12 meses,%,Município,1200401,Rio Branco - AC,202405,Índice geral,3.40,3.4
7060,2265,IPCA - Variação acumulada em 12 meses,%,Município,1200401,Rio Branco - AC,202406,Índice geral,4.26,4.26
7060,2265,IPCA - Variação acumulada em 12 meses,%,Município,1200401,Rio Branco - AC,202407,Índice geral,4.49,4.49
7060,2265,IPCA - Variação acumulada em 12 meses,%,Município,1200401,Rio Branco - AC,202408,Índice geral,3.82,3.82
7060,2265,IPCA - Variação acumulada em 12 meses,%,Município,1200401,Rio Branco - AC,202409,Índice geral,4.11,4.11
7060,2265,IPCA - Variação acumulada em 12 meses,%,Município,1200401,Rio Branco - AC,202410,Índice geral,4.38,4.38
7060,2265,IPCA - Variação acumulada em 12 meses,%,Município,1200401,Rio Branco - AC,202411,Índice geral,5.30,5.3
7060,2265,IPCA - Variação acumulada em 12 meses,%,Município,1200401,Rio Branco - AC,202412,Índice geral,4.91,4.91
7060,2265,IPCA - Variação acumulada em 12 meses,%,Município,1200401,Rio Branco - AC,202501,Índice geral,3.89,3.89
7060,2265,IPCA - Variação acumulada em 12 meses,%,Município,1200401,Rio Branco - AC,202502,Índice geral,4.73,4.73
7060,2265,IPCA - Variação acumulada em 12 meses,%,Município,1200401,Rio Branco - AC,202503,Índice geral,4.83,4.83
7060,2265,IPCA - Variação acumulada em 12 meses,%,Município,1200401,Rio Branco - AC,202504,Índice geral,5.24,5.24
7060,2265,IPCA - Variação acumulada em 12 meses,%,Município,1200401,Rio Branco - AC,202505,Índice geral,5.05,5.05
7060,2265,IPCA - Variação acumulada em 12 meses,%,Município,1200401,Rio Branco - AC,202506,Índice geral,5.36,5.36
7060,2265,IPCA - Variação acumulada em 12 meses,%,Município,1200401,Rio Branco - AC,202507,Índice geral,4.65,4.65
7060,2265,IPCA - Variação acumulada em 12 meses,%,Município,1200401,Rio Branco - AC,202508,Índice geral,4.78,4.78
7060,2265,IPCA - Variação acumulada em 12 meses,%,Município,1200401,Rio Branco - AC,202509,Índice geral,4.48,4.48
7060,2265,IPCA - Variação acumulada em 12 meses,%,Município,1200401,Rio Branco - AC,202510,Índice geral,4.01,4.01
7060,2265,IPCA - Variação acumulada em 12 meses,%,Município,1200401,Rio Branco - AC,202511,Índice geral,3.21,3.21
7060,2265,IPCA - Variação acumulada em 12 meses,%,Município,1200401,Rio Branco - AC,202512,Índice geral,3.27,3.27
7060,2265,IPCA - Variação acumulada em 12 meses,%,Município,1200401,Rio Branco - AC,202601,Índice geral,4.47,4.47
7060,2265,IPCA - Variação acumulada em 12 meses,%,Município,1200401,Rio Branco - AC,202602,Índice geral,3.45,3.45
7060,2265,IPCA - Variação acumulada em 12 meses,%,Município,1200401,Rio Branco - AC,202603,Índice geral,3.55,3.55
7060,2265,IPCA - Variação acumulada em 12 meses,%,Município,1200401,Rio Branco - AC,202604,Índice geral,3.56,3.56
7060,2265,IPCA - Variação acumulada em 12 meses,%,Município,1200401,Rio Branco - AC,202605,Índice geral,4.10,4.1
7060,2265,IPCA - Variação acumulada em 12 meses,%,Município,1200401,Rio Branco - AC,202606,Índice geral,3.74,3.74
7060,2265,IPCA - Variação acumulada em 12 meses,%,Município,1200401,Rio Branco - AC,202607,Índice geral,4.23,4.23
7060,2265,IPCA - Variação acumulada em 12 meses,%,Município,1200401,Rio Branco - AC,202608,Índice geral,4.13,4.13
7060,2265,IPCA - Variação acumulada em 12 meses,%,Município,2111300,São Luís - MA,202309,Índice geral,4.02,4.02
7060,2265,IPCA - Variação acumulada em 12 meses,%,Município,2111300,São Luís - MA,202310,Índice geral,3.05,3.05
7060,2265,IPCA - Variação acumulada em 12 meses,%,Município,2111300,São Luís - MA,202311,Índice geral,2.28,2.28
7060,2265,IPCA - Variação acumulada em 12 meses,%,Município,2111300,São Luís - MA,202312,Índice geral,1.70,1.7
7060,2265,IPCA - Variação acumulada em 12 meses,%,Município,2111300,São Luís - MA,202401,Índice geral,2.79,2.79
7060,2265,IPCA - Variação acumulada em 12 meses,%,Município,2111300,São Luís - MA,202402,Índice geral,3.21,3.21
7060,2265,IPCA - Variação acumulada em 12 meses,%,Município,2111300,São Luís - MA,202403,Índice geral,3.29,3.29
7060,2265,IPCA - Variação acumulada em 12 meses,%,Município,2111300,São Luís - MA,202404,Índice geral,3.22,3.22
7060,2265,IPCA - Variação acumulada em 12 meses,%,Município,2111300,São Luís - MA,202405,Índice geral,4.27,4.27
7060,2265,IPCA - Variação acumulada em 12 meses,%,Município,2111300,São Luís - MA,202406,Índice geral,5.04,5.04
7060,2265,IPCA - Variação acumulada em 12 meses,%,Município,2111300,São Luís - MA,202407,Índice geral,5.53,5.53
7060,2265,IPCA - Variação acumulada em 12 meses,%,Município,2111300,São Luís - MA,202408,Índice geral,4.51,4.51
7060,2265,IPCA - Variação acumulada em 12 meses,%,Município,2111300,São Luís - MA,202409,Índice geral,4.62,4.62
7060,2265,IPCA - Variação acumulada em 12 meses,%,Município,2111300,São Luís - MA,202410,Índice geral,5.46,5.46
7060,2265,IPCA - Variação acumulada em 12 meses,%,Município,2111300,São Luís - MA,202411,Índice geral,6.22,6.22
7060,2265,IPCA - Variação acumulada em 12 meses,%,Município,2111300,São Luís - MA,202412,Índice geral,6.51,6.51
7060,2265,IPCA - Variação acumulada em 12 meses,%,Município,2111300,São Luís - MA,202501,Índice geral,5.31,5.31
7060,2265,IPCA - Variação acumulada em 12 meses,%,Município,2111300,São Luís - MA,202502,Índice geral,5.67,5.67
7060,2265,IPCA - Variação acumulada em 12 meses,%,Município,2111300,São Luís - MA,202503,Índice geral,5.39,5.39
7060,2265,IPCA - Variação acumulada em 12 meses,%,Município,2111300,São Luís - MA,202504,Índice geral,5.38,5.38
7060,2265,IPCA - Variação acumulada em 12 meses,%,Município,2111300,São Luís - MA,202505,Índice geral,5.07,5.07
7060,2265,IPCA - Variação acumulada em 12 meses,%,Município,2111300,São Luís - MA,202506,Índice geral,5.17,5.17
7060,2265,IPCA - Variação acumulada em 12 meses,%,Município,2111300,São Luís - MA,202507,Índice geral,4.60,4.6
7060,2265,IPCA - Variação acumulada em 12 meses,%,Município,2111300,São Luís - MA,202508,Índice geral,4.88,4.88
7060,2265,IPCA - Variação acumulada em 12 meses,%,Município,2111300,São Luís - MA,202509,Índice geral,5.32,5.32
7060,2265,IPCA - Variação acumulada em 12 meses,%,Município,2111300,São Luís - MA,202510,Índice geral,4.57,4.57
7060,2265,IPCA - Variação acumulada em 12 meses,%,Município,2111300,São Luís - MA,202511,Índice geral,4.17,4.17
7060,2265,IPCA - Variação acumulada em 12 meses,%,Município,2111300,São Luís - MA,202512,Índice geral,3.24,3.24
7060,2265,IPCA - Variação acumulada em 12 meses,%,Município,2111300,São Luís - MA,202601,Índice geral,3.56,3.56
7060,2265,IPCA - Variação acumulada em 12 meses,%,Município,2111300,São Luís - MA,202602,Índice geral,2.41,2.41
7060,2265,IPCA - Variação acumulada em 12 meses,%,Município,2111300,São Luís - MA,202603,Índice geral,3.27,3.27
7060,2265,IPCA - Variação acumulada em 12 meses,%,Município,2111300,São Luís - MA,202604,Índice geral,3.93,3.93
7060,2265,IPCA - Variação acumulada em 12 meses,%,Município,2111300,São Luís - MA,202605,Índice geral,4.49,4.49
7060,2265,IPCA - Variação acumulada em 12 meses,%,Município,2111300,São Luís - MA,202606,Índice geral,4.72,4.72
7060,2265,IPCA - Variação acumulada em 12 meses,%,Município,2111300,São Luís - MA,202607,Índice geral,4.87,4.87
7060,2265,IPCA - Variação acumulada em 12 meses,%,Município,2111300,São Luís - MA,202608,Índice geral,4.52,4.52
7060,2265,IPCA - Variação acumulada em 12 meses,%,Município,2800308,Aracaju - SE,202309,Índice geral,5.37,5.37
7060,2265,IPCA - Variação acumulada em 12 meses,%,Município,2800308,Aracaju - SE,202310,Índice geral,4.86,4.86
7060,2265,IPCA - Variação acumulada em 12 meses,%,Município,2800308,Aracaju - SE,202311,Índice geral,4.94,4.94
7060,2265,IPCA - Variação acumulada em 12 meses,%,Município,2800308,Aracaju - SE,202312,Índice geral,3.94,3.94
7060,2265,IPCA - Variação acumulada em 12 meses,%,Município,2800308,Aracaju - SE,202401,Índice geral,4.05,4.05
7060,2265,IPCA - Variação acumulada em 12 meses,%,Município,2800308,Aracaju - SE,202402,Índice geral,4.27,4.27
7060,2265,IPCA - Variação acumulada em 12 meses,%,Município,2800308,Aracaju - SE,202403,Índice geral,4.06,4.06
7060,2265,IPCA - Variação acumulada em 12 meses,%,Município,2800308,Aracaju - SE,202404,Índice geral,4.46,4.46
7060,2265,IPCA - Variação acumulada em 12 meses,%,Município,2800308,Aracaju - SE,202405,Índice geral,4.73,4.73
7060,2265,IPCA - Variação acumulada em 12 meses,%,Município,2800308,Aracaju - SE,202406,Índice geral,4.54,4.54
7060,2265,IPCA - Variação acumulada em 12 meses,%,Município,2800308,Aracaju - SE,202407,Índice geral,4.46,4.46
7060,2265,IPCA - Variação acumulada em 12 meses,%,Município,2800308,Aracaju - SE,202408,Índice geral,3.76,3.76
7060,2265,IPCA - Variação acumulada em 12 meses,%,Município,2800308,Aracaju - SE,202409,Índice geral,3.75,3.75
7060,2265,IPCA - Variação acumulada em 12 meses,%,Município,2800308,Aracaju - SE,202410,Índice geral,3.77,3.77
7060,2265,IPCA - Variação acumulada em 12 meses,%,Município,2800308,Aracaju - SE,202411,Índice geral,3.82,3.82
7060,2265,IPCA - Variação acumulada em 12 meses,%,Município,2800308,Aracaju - SE,202412,Índice geral,4.81,4.81
7060,2265,IPCA - Variação acumulada em 12 meses,%,Município,2800308,Aracaju - SE,202501,Índice geral,4.67,4.67
7060,2265,IPCA - Variação acumulada em 12 meses,%,Município,2800308,Aracaju - SE,202502,Índice geral,5.24,5.24
7060,2265,IPCA - Variação acumulada em 12 meses,%,Município,2800308,Aracaju - SE,202503,Índice geral,5.14,5.14
7060,2265,IPCA - Variação acumulada em 12 meses,%,Município,2800308,Aracaju - SE,202504,Índice geral,4.73,4.73
7060,2265,IPCA - Variação acumulada em 12 meses,%,Município,2800308,Aracaju - SE,202505,Índice geral,4.35,4.35
7060,2265,IPCA - Variação acumulada em 12 meses,%,Município,2800308,Aracaju - SE,202506,Índice geral,4.42,4.42
7060,2265,IPCA - Variação acumulada em 12 meses,%,Município,2800308,Aracaju - SE,202507,Índice geral,4.53,4.53
7060,2265,IPCA - Variação acumulada em 12 meses,%,Município,2800308,Aracaju - SE,202508,Índice geral,4.60,4.6
7060,2265,IPCA - Variação acumulada em 12 meses,%,Município,2800308,Aracaju - SE,202509,Índice geral,5.07,5.07
7060,2265,IPCA - Variação acumulada em 12 meses,%,Município,2800308,Aracaju - SE,202510,Índice geral,5.17,5.17
7060,2265,IPCA - Variação acumulada em 12 meses,%,Município,2800308,Aracaju - SE,202511,Índice geral,4.81,4.81
7060,2265,IPCA - Variação acumulada em 12 meses,%,Município,2800308,Aracaju - SE,202512,Índice geral,4.49,4.49
7060,2265,IPCA - Variação acumulada em 12 meses,%,Município,2800308,Aracaju - SE,202601,Índice geral,4.29,4.29
7060,2265,IPCA - Variação acumulada em 12 meses,%,Município,2800308,Aracaju - SE,202602,Índice geral,3.30,3.3
7060,2265,IPCA - Variação acumulada em 12 meses,%,Município,2800308,Aracaju - SE,202603,Índice geral,3.84,3.84
7060,2265,IPCA - Variação acumulada em 12 meses,%,Município,2800308,Aracaju - SE,202604,Índice geral,4.31,4.31
7060,2265,IPCA - Variação acumulada em 12 meses,%,Município,2800308,Aracaju - SE,202605,Índice geral,5.42,5.42
7060,2265,IPCA - Variação acumulada em 12 meses,%,Município,2800308,Aracaju - SE,202606,Índice geral,5.25,5.25
7060,2265,IPCA - Variação acumulada em 12 meses,%,Município,2800308,Aracaju - SE,202607,Índice geral,4.83,4.83
7060,2265,IPCA - Variação acumulada em 12 meses,%,Município,2800308,Aracaju - SE,202608,Índice geral,4.70,4.7
7060,2265,IPCA - Variação acumulada em 12 meses,%,Município,5002704,Campo Grande - MS,202309,Índice geral,4.69,4.69
7060,2265,IPCA - Variação acumulada em 12 meses,%,Município,5002704,Campo Grande - MS,202310,Índice geral,4.50,4.5
7060,2265,IPCA - Variação acumulada em 12 meses,%,Município,5002704,Campo Grande - MS,202311,Índice geral,4.71,4.71
7060,2265,IPCA - Variação acumulada em 12 meses,%,Município,5002704,Campo Grande - MS,202312,Índice geral,4.76,4.76
7060,2265,IPCA - Variação acumulada em 12 meses,%,Município,5002704,Campo Grande - MS,202401,Índice geral,4.64,4.64
7060,2265,IPCA - Variação acumulada em 12 meses,%,Município,5002704,Campo Grande - MS,202402,Índice geral,4.92,4.92
7060,2265,IPCA - Variação acumulada em 12 meses,%,Município,5002704,Campo Grande - MS,202403,Índice geral,4.32,4.32
7060,2265,IPCA - Variação acumulada em 12 meses,%,Município,5002704,Campo Grande - MS,202404,Índice geral,3.76,3.76
7060,2265,IPCA - Variação acumulada em 12 meses,%,Município,5002704,Campo Grande - MS,202405,Índice geral,3.88,3.88
7060,2265,IPCA - Variação acumulada em 12 meses,%,Município,5002704,Campo Grande - MS,202406,Índice geral,4.15,4.15
7060,2265,IPCA - Variação acumulada em 12 meses,%,Município,5002704,Campo Grande - MS,202407,Índice geral,4.57,4.57
7060,2265,IPCA - Variação acumulada em 12 meses,%,Município,5002704,Campo Grande - MS,202408,Índice geral,4.33,4.33
7060,2265,IPCA - Variação acumulada em 12 meses,%,Município,5002704,Campo Grande - MS,202409,Índice geral,4.45,4.45
7060,2265,IPCA - Variação acumulada em 12 meses,%,Município,5002704,Campo Grande - MS,202410,Índice geral,4.89,4.89
7060,2265,IPCA - Variação acumulada em 12 meses,%,Município,5002704,Campo Grande - MS,202411,Índice geral,5.06,5.06
7060,2265,IPCA - Variação acumulada em 12 meses,%,Município,5002704,Campo Grande - MS,202412,Índice geral,5.06,5.06
7060,2265,IPCA - Variação acumulada em 12 meses,%,Município,5002704,Campo Grande - MS,202501,Índice geral,4.60,4.6
7060,2265,IPCA - Variação acumulada em 12 meses,%,Município,5002704,Campo Grande - MS,202502,Índice geral,5.43,5.43
7060,2265,IPCA - Variação acumulada em 12 meses,%,Município,5002704,Campo Grande - MS,202503,Índice geral,5.76,5.76
7060,2265,IPCA - Variação acumulada em 12 meses,%,Município,5002704,Campo Grande - MS,202504,Índice geral,6.01,6.01
7060,2265,IPCA - Variação acumulada em 12 meses,%,Município,5002704,Campo Grande - MS,202505,Índice geral,5.72,5.72
7060,2265,IPCA - Variação acumulada em 12 meses,%,Município,5002704,Campo Grande - MS,202506,Índice geral,5.52,5.52
7060,2265,IPCA - Variação acumulada em 12 meses,%,Município,5002704,Campo Grande - MS,202507,Índice geral,5.01,5.01
7060,2265,IPCA - Variação acumulada em 12 meses,%,Município,5002704,Campo Grande - MS,202508,Índice geral,4.68,4.68
7060,2265,IPCA - Variação acumulada em 12 meses,%,Município,5002704,Campo Grande - MS,202509,Índice geral,4.64,4.64
7060,2265,IPCA - Variação acumulada em 12 meses,%,Município,5002704,Campo Grande - MS,202510,Índice geral,3.83,3.83
7060,2265,IPCA - Variação acumulada em 12 meses,%,Município,5002704,Campo Grande - MS,202511,Índice geral,3.42,3.42
7060,2265,IPCA - Variação acumulada em 12 meses,%,Município,5002704,Campo Grande - MS,202512,Índice geral,3.14,3.14
7060,2265,IPCA - Variação acumulada em 12 meses,%,Município,5002704,Campo Grande - MS,202601,Índice geral,3.60,3.6
7060,2265,IPCA - Variação acumulada em 12 meses,%,Município,5002704,Campo Grande - MS,202602,Índice geral,2.13,2.13
7060,2265,IPCA - Variação acumulada em 12 meses,%,Município,5002704,Campo Grande - MS,202603,Índice geral,2.66,2.66
7060,2265,IPCA - Variação acumulada em 12 meses,%,Município,5002704,Campo Grande - MS,202604,Índice geral,3.08,3.08
7060,2265,IPCA - Variação acumulada em 12 meses,%,Município,5002704,Campo Grande - MS,202605,Índice geral,4.30,4.3
7060,2265,IPCA - Variação acumulada em 12 meses,%,Município,5002704,Campo Grande - MS,202606,Índice geral,4.39,4.39
7060,2265,IPCA - Variação acumulada em 12 meses,%,Município,5002704,Campo Grande - MS,202607,Índice geral,4.60,4.6
7060,2265,IPCA - Variação acumulada em 12 meses,%,Município,5002704,Campo Grande - MS,202608,Índice geral,4.69,4.69
7060,2265,IPCA - Variação acumulada em 12 meses,%,Município,5208707,Goiânia - GO,202309,Índice geral,4.32,4.32
7060,2265,IPCA - Variação acumulada em 12 meses,%,Município,5208707,Goiânia - GO,202310,Índice geral,4.60,4.6
7060,2265,IPCA - Variação acumulada em 12 meses,%,Município,5208707,Goiânia - GO,202311,Índice geral,3.94,3.94
7060,2265,IPCA - Variação acumulada em 12 meses,%,Município,5208707,Goiânia - GO,202312,Índice geral,3.82,3.82
7060,2265,IPCA - Variação acumulada em 12 meses,%,Município,5208707,Goiânia - GO,202401,Índice geral,4.48,4.48
7060,2265,IPCA - Variação acumulada em 12 meses,%,Município,5208707,Goiânia - GO,202402,Índice geral,4.13,4.13
7060,2265,IPCA - Variação acumulada em 12 meses,%,Município,5208707,Goiânia - GO,202403,Índice geral,3.46,3.46
7060,2265,IPCA - Variação acumulada em 12 meses,%,Município,5208707,Goiânia - GO,202404,Índice geral,2.91,2.91
7060,2265,IPCA - Variação acumulada em 12 meses,%,Município,5208707,Goiânia - GO,202405,Índice geral,2.69,2.69
7060,2265,IPCA - Variação acumulada em 12 meses,%,Município,5208707,Goiânia - GO,202406,Índice geral,4.22,4.22
7060,2265,IPCA - Variação acumulada em 12 meses,%,Município,5208707,Goiânia - GO,202407,Índice geral,4.50,4.5
7060,2265,IPCA - Variação acumulada em 12 meses,%,Município,5208707,Goiânia - GO,202408,Índice geral,3.84,3.84
7060,2265,IPCA - Variação acumulada em 12 meses,%,Município,5208707,Goiânia - GO,202409,Índice geral,5.08,5.08
7060,2265,IPCA - Variação acumulada em 12 meses,%,Município,5208707,Goiânia - GO,202410,Índice geral,5.08,5.08
7060,2265,IPCA - Variação acumulada em 12 meses,%,Município,5208707,Goiânia - GO,202411,Índice geral,5.18,5.18
7060,2265,IPCA - Variação acumulada em 12 meses,%,Município,5208707,Goiânia - GO,202412,Índice geral,5.56,5.56
7060,2265,IPCA - Variação acumulada em 12 meses,%,Município,5208707,Goiânia - GO,202501,Índice geral,4.61,4.61
7060,2265,IPCA - Variação acumulada em 12 meses,%,Município,5208707,Goiânia - GO,202502,Índice geral,5.28,5.28
7060,2265,IPCA - Variação acumulada em 12 meses,%,Município,5208707,Goiânia - GO,202503,Índice geral,5.23,5.23
7060,2265,IPCA - Variação acumulada em 12 meses,%,Município,5208707,Goiânia - GO,202504,Índice geral,5.13,5.13
7060,2265,IPCA - Variação acumulada em 12 meses,%,Município,5208707,Goiânia - GO,202505,Índice geral,5.71,5.71
7060,2265,IPCA - Variação acumulada em 12 meses,%,Município,5208707,Goiânia - GO,202506,Índice geral,5.35,5.35
7060,2265,IPCA - Variação acumulada em 12 meses,%,Município,5208707,Goiânia - GO,202507,Índice geral,4.75,4.75
7060,2265,IPCA - Variação acumulada em 12 meses,%,Município,5208707,Goiânia - GO,202508,Índice geral,4.85,4.85
7060,2265,IPCA - Variação acumulada em 12 meses,%,Município,5208707,Goiânia - GO,202509,Índice geral,4.51,4.51
7060,2265,IPCA - Variação acumulada em 12 meses,%,Município,5208707,Goiânia - GO,202510,Índice geral,4.68,4.68
7060,2265,IPCA - Variação acumulada em 12 meses,%,Município,5208707,Goiânia - GO,202511,Índice geral,4.71,4.71
7060,2265,IPCA - Variação acumulada em 12 meses,%,Município,5208707,Goiânia - GO,202512,Índice geral,4.12,4.12
7060,2265,IPCA - Variação acumulada em 12 meses,%,Município,5208707,Goiânia - GO,202601,Índice geral,4.38,4.38
7060,2265,IPCA - Variação acumulada em 12 meses,%,Município,5208707,Goiânia - GO,202602,Índice geral,3.91,3.91
7060,2265,IPCA - Variação acumulada em 12 meses,%,Município,5208707,Goiânia - GO,202603,Índice geral,4.00,4.0
7060,2265,IPCA - Variação acumulada em 12 meses,%,Município,5208707,Goiânia - GO,202604,Índice geral,5.01,5.01
7060,2265,IPCA - Variação acumulada em 12 meses,%,Município,5208707,Goiânia - GO,202605,Índice geral,5.30,5.3
7060,2265,IPCA - Variação acumulada em 12 meses,%,Município,5208707,Goiânia - GO,202606,Índice geral,5.41,5.41
7060,2265,IPCA - Variação acumulada em 12 meses,%,Município,5208707,Goiânia - GO,202607,Índice geral,5.56,5.56
7060,2265,IPCA - Variação acumulada em 12 meses,%,Município,5208707,Goiânia - GO,202608,Índice geral,5.75,5.75
7060,2265,IPCA - Variação acumulada em 12 meses,%,Município,5300108,Brasília - DF,202309,Índice geral,6.13,6.13
7060,2265,IPCA - Variação acumulada em 12 meses,%,Município,5300108,Brasília - DF,202310,Índice geral,5.87,5.87
7060,2265,IPCA - Variação acumulada em 12 meses,%,Município,5300108,Brasília - DF,202311,Índice geral,5.21,5.21
7060,2265,IPCA - Variação acumulada em 12 meses,%,Município,5300108,Brasília - DF,202312,Índice geral,5.50,5.5
7060,2265,IPCA - Variação acumulada em 12 meses,%,Município,5300108,Brasília - DF,202401,Índice geral,4.78,4.78
7060,2265,IPCA - Variação acumulada em 12 meses,%,Município,5300108,Brasília - DF,202402,Índice geral,5.06,5.06
7060,2265,IPCA - Variação acumulada em 12 meses,%,Município,5300108,Brasília - DF,202403,Índice geral,4.13,4.13
7060,2265,IPCA - Variação acumulada em 12 meses,%,Município,5300108,Brasília - DF,202404,Índice geral,4.12,4.12
7060,2265,IPCA - Variação acumulada em 12 meses,%,Município,5300108,Brasília - DF,202405,Índice geral,4.27,4.27
7060,2265,IPCA - Variação acumulada em 12 meses,%,Município,5300108,Brasília - DF,202406,Índice geral,5.04,5.04
7060,2265,IPCA - Variação acumulada em 12 meses,%,Município,5300108,Brasília - DF,202407,Índice geral,5.06,5.06
7060,2265,IPCA - Variação acumulada em 12 meses,%,Município,5300108,Brasília - DF,202408,Índice geral,4.53,4.53
7060,2265,IPCA - Variação acumulada em 12 meses,%,Município,5300108,Brasília - DF,202409,Índice geral,4.50,4.5
7060,2265,IPCA - Variação acumulada em 12 meses,%,Município,5300108,Brasília - DF,202410,Índice geral,4.57,4.57
7060,2265,IPCA - Variação acumulada em 12 meses,%,Município,5300108,Brasília - DF,202411,Índice geral,4.47,4.47
7060,2265,IPCA - Variação acumulada em 12 meses,%,Município,5300108,Brasília - DF,202412,Índice geral,3.93,3.93
7060,2265,IPCA - Variação acumulada em 12 meses,%,Município,5300108,Brasília - DF,202501,Índice geral,4.89,4.89
7060,2265,IPCA - Variação acumulada em 12 meses,%,Município,5300108,Brasília - DF,202502,Índice geral,5.55,5.55
7060,2265,IPCA - Variação acumulada em 12 meses,%,Município,5300108,Brasília - DF,202503,Índice geral,5.61,5.61
7060,2265,IPCA - Variação acumulada em 12 meses,%,Município,5300108,Brasília - DF,202504,Índice geral,5.08,5.08
7060,2265,IPCA - Variação acumulada em 12 meses,%,Município,5300108,Brasília - DF,202505,Índice geral,5.59,5.59
7060,2265,IPCA - Variação acumulada em 12 meses,%,Município,5300108,Brasília - DF,202506,Índice geral,5.36,5.36
7060,2265,IPCA - Variação acumulada em 12 meses,%,Município,5300108,Brasília - DF,202507,Índice geral,4.99,4.99
7060,2265,IPCA - Variação acumulada em 12 meses,%,Município,5300108,Brasília - DF,202508,Índice geral,4.93,4.93
7060,2265,IPCA - Variação acumulada em 12 meses,%,Município,5300108,Brasília - DF,202509,Índice geral,5.09,5.09
7060,2265,IPCA - Variação acumulada em 12 meses,%,Município,5300108,Brasília - DF,202510,Índice geral,4.44,4.44
7060,2265,IPCA - Variação acumulada em 12 meses,%,Município,5300108,Brasília - DF,202511,Índice geral,4.42,4.42
7060,2265,IPCA - Variação acumulada em 12 meses,%,Município,5300108,Brasília - DF,202512,Índice geral,4.72,4.72
7060,2265,IPCA - Variação acumulada em 12 meses,%,Município,5300108,Brasília - DF,202601,Índice geral,4.41,4.41
7060,2265,IPCA - Variação acumulada em 12 meses,%,Município,5300108,Brasília - DF,202602,Índice geral,3.60,3.6
7060,2265,IPCA - Variação acumulada em 12 meses,%,Município,5300108,Brasília - DF,202603,Índice geral,4.19,4.19
7060,2265,IPCA - Variação acumulada em 12 meses,%,Município,5300108,Brasília - DF,202604,Índice geral,4.32,4.32
7060,2265,IPCA - Variação acumulada em 12 meses,%,Município,5300108,Brasília - DF,202605,Índice geral,4.11,4.11
7060,2265,IPCA - Variação acumulada em 12 meses,%,Município,5300108,Brasília - DF,202606,Índice geral,4.52,4.52
7060,2265,IPCA - Variação acumulada em 12 meses,%,Município,5300108,Brasília - DF,202607,Índice geral,4.56,4.56
7060,2265,IPCA - Variação acumulada em 12 meses,%,Município,5300108,Brasília - DF,202608,Índice geral,4.42,4.42
7060,2265,IPCA - Variação acumulada em 12 meses,%,Região Metropolitana até 2020,1501,Belém - PA,202309,Índice geral,5.71,5.71
7060,2265,IPCA - Variação acumulada em 12 meses,%,Região Metropolitana até 2020,1501,Belém - PA,202310,Índice geral,5.11,5.11
7060,2265,IPCA - Variação acumulada em 12 meses,%,Região Metropolitana até 2020,1501,Belém - PA,202311,Índice geral,5.15,5.15
7060,2265,IPCA - Variação acumulada em 12 meses,%,Região Metropolitana até 2020,1501,Belém - PA,202312,Índice geral,4.82,4.82
7060,2265,IPCA - Variação acumulada em 12 meses,%,Região Metropolitana até 2020,1501,Belém - PA,202401,Índice geral,5.18,5.18
7060,2265,IPCA - Variação acumulada em 12 meses,%,Região Metropolitana até 2020,1501,Belém - PA,202402,Índice geral,4.99,4.99
7060,2265,IPCA - Variação acumulada em 12 meses,%,Região Metropolitana até 2020,1501,Belém - PA,202403,Índice geral,4.69,4.69
7060,2265,IPCA - Variação acumulada em 12 meses,%,Região Metropolitana até 2020,1501,Belém - PA,202404,Índice geral,4.44,4.44
7060,2265,IPCA - Variação acumulada em 12 meses,%,Região Metropolitana até 2020,1501,Belém - PA,202405,Índice geral,4.57,4.57
7060,2265,IPCA - Variação acumulada em 12 meses,%,Região Metropolitana até 2020,1501,Belém - PA,202406,Índice geral,4.80,4.8
7060,2265,IPCA - Variação acumulada em 12 meses,%,Região Metropolitana até 2020,1501,Belém - PA,202407,Índice geral,4.94,4.94
7060,2265,IPCA - Variação acumulada em 12 meses,%,Região Metropolitana até 2020,1501,Belém - PA,202408,Índice geral,3.87,3.87
7060,2265,IPCA - Variação acumulada em 12 meses,%,Região Metropolitana até 2020,1501,Belém - PA,202409,Índice geral,3.60,3.6
7060,2265,IPCA - Variação acumulada em 12 meses,%,Região Metropolitana até 2020,1501,Belém - PA,202410,Índice geral,4.47,4.47
7060,2265,IPCA - Variação acumulada em 12 meses,%,Região Metropolitana até 2020,1501,Belém - PA,202411,Índice geral,4.80,4.8
7060,2265,IPCA - Variação acumulada em 12 meses,%,Região Metropolitana até 2020,1501,Belém - PA,202412,Índice geral,4.70,4.7
7060,2265,IPCA - Variação acumulada em 12 meses,%,Região Metropolitana até 2020,1501,Belém - PA,202501,Índice geral,4.15,4.15
7060,2265,IPCA - Variação acumulada em 12 meses,%,Região Metropolitana até 2020,1501,Belém - PA,202502,Índice geral,5.01,5.01
7060,2265,IPCA - Variação acumulada em 12 meses,%,Região Metropolitana até 2020,1501,Belém - PA,202503,Índice geral,4.81,4.81
7060,2265,IPCA - Variação acumulada em 12 meses,%,Região Metropolitana até 2020,1501,Belém - PA,202504,Índice geral,4.94,4.94
7060,2265,IPCA - Variação acumulada em 12 meses,%,Região Metropolitana até 2020,1501,Belém - PA,202505,Índice geral,5.49,5.49
7060,2265,IPCA - Variação acumulada em 12 meses,%,Região Metropolitana até 2020,1501,Belém - PA,202506,Índice geral,5.52,5.52
7060,2265,IPCA - Variação acumulada em 12 meses,%,Região Metropolitana até 2020,1501,Belém - PA,202507,Índice geral,5.07,5.07
7060,2265,IPCA - Variação acumulada em 12 meses,%,Região Metropolitana até 2020,1501,Belém - PA,202508,Índice geral,5.33,5.33
7060,2265,IPCA - Variação acumulada em 12 meses,%,Região Metropolitana até 2020,1501,Belém - PA,202509,Índice geral,5.42,5.42
7060,2265,IPCA - Variação acumulada em 12 meses,%,Região Metropolitana até 2020,1501,Belém - PA,202510,Índice geral,4.87,4.87
7060,2265,IPCA - Variação acumulada em 12 meses,%,Região Metropolitana até 2020,1501,Belém - PA,202511,Índice geral,4.51,4.51
7060,2265,IPCA - Variação acumulada em 12 meses,%,Região Metropolitana até 2020,1501,Belém - PA,202512,Índice geral,3.75,3.75
7060,2265,IPCA - Variação acumulada em 12 meses,%,Região Metropolitana até 2020,1501,Belém - PA,202601,Índice geral,3.69,3.69
7060,2265,IPCA - Variação acumulada em 12 meses,%,Região Metropolitana até 2020,1501,Belém - PA,202602,Índice geral,2.77,2.77
7060,2265,IPCA - Variação acumulada em 12 meses,%,Região Metropolitana até 2020,1501,Belém - PA,202603,Índice geral,3.75,3.75
7060,2265,IPCA - Variação acumulada em 12 meses,%,Região Metropolitana até 2020,1501,Belém - PA,202604,Índice geral,4.41,4.41
7060,2265,IPCA - Variação acumulada em 12 meses,%,Região Metropolitana até 2020,1501,Belém - PA,202605,Índice geral,4.38,4.38
7060,2265,IPCA - Variação acumulada em 12 meses,%,Região Metropolitana até 2020,1501,Belém - PA,202606,Índice geral,4.29,4.29
7060,2265,IPCA - Variação acumulada em 12 meses,%,Região Metropolitana até 2020,1501,Belém - PA,202607,Índice geral,3.87,3.87
7060,2265,IPCA - Variação acumulada em 12 meses,%,Região Metropolitana até 2020,1501,Belém - PA,202608,Índice geral,3.66,3.66
7060,2265,IPCA - Variação acumulada em 12 meses,%,Região Metropolitana até 2020,2301,Fortaleza - CE,202309,Índice geral,5.32,5.32
7060,2265,IPCA - Variação acumulada em 12 meses,%,Região Metropolitana até 2020,2301,Fortaleza - CE,202310,Índice geral,4.61,4.61
7060,2265,IPCA - Variação acumulada em 12 meses,%,Região Metropolitana até 2020,2301,Fortaleza - CE,202311,Índice geral,4.64,4.64
7060,2265,IPCA - Variação acumulada em 12 meses,%,Região Metropolitana até 2020,2301,Fortaleza - CE,202312,Índice geral,4.88,4.88
7060,2265,IPCA - Variação acumulada em 12 meses,%,Região Metropolitana até 2020,2301,Fortaleza - CE,202401,Índice geral,4.69,4.69
7060,2265,IPCA - Variação acumulada em 12 meses,%,Região Metropolitana até 2020,2301,Fortaleza - CE,202402,Índice geral,4.80,4.8
7060,2265,IPCA - Variação acumulada em 12 meses,%,Região Metropolitana até 2020,2301,Fortaleza - CE,202403,Índice geral,4.72,4.72
7060,2265,IPCA - Variação acumulada em 12 meses,%,Região Metropolitana até 2020,2301,Fortaleza - CE,202404,Índice geral,3.99,3.99
7060,2265,IPCA - Variação acumulada em 12 meses,%,Região Metropolitana até 2020,2301,Fortaleza - CE,202405,Índice geral,3.99,3.99
7060,2265,IPCA - Variação acumulada em 12 meses,%,Região Metropolitana até 2020,2301,Fortaleza - CE,202406,Índice geral,4.71,4.71
7060,2265,IPCA - Variação acumulada em 12 meses,%,Região Metropolitana até 2020,2301,Fortaleza - CE,202407,Índice geral,5.02,5.02
7060,2265,IPCA - Variação acumulada em 12 meses,%,Região Metropolitana até 2020,2301,Fortaleza - CE,202408,Índice geral,4.25,4.25
7060,2265,IPCA - Variação acumulada em 12 meses,%,Região Metropolitana até 2020,2301,Fortaleza - CE,202409,Índice geral,4.42,4.42
7060,2265,IPCA - Variação acumulada em 12 meses,%,Região Metropolitana até 2020,2301,Fortaleza - CE,202410,Índice geral,4.97,4.97
7060,2265,IPCA - Variação acumulada em 12 meses,%,Região Metropolitana até 2020,2301,Fortaleza - CE,202411,Índice geral,5.10,5.1
7060,2265,IPCA - Variação acumulada em 12 meses,%,Região Metropolitana até 2020,2301,Fortaleza - CE,202412,Índice geral,4.92,4.92
7060,2265,IPCA - Variação acumulada em 12 meses,%,Região Metropolitana até 2020,2301,Fortaleza - CE,202501,Índice geral,4.32,4.32
7060,2265,IPCA - Variação acumulada em 12 meses,%,Região Metropolitana até 2020,2301,Fortaleza - CE,202502,Índice geral,4.52,4.52
7060,2265,IPCA - Variação acumulada em 12 meses,%,Região Metropolitana até 2020,2301,Fortaleza - CE,202503,Índice geral,4.57,4.57
7060,2265,IPCA - Variação acumulada em 12 meses,%,Região Metropolitana até 2020,2301,Fortaleza - CE,202504,Índice geral,5.35,5.35
7060,2265,IPCA - Variação acumulada em 12 meses,%,Região Metropolitana até 2020,2301,Fortaleza - CE,202505,Índice geral,5.37,5.37
7060,2265,IPCA - Variação acumulada em 12 meses,%,Região Metropolitana até 2020,2301,Fortaleza - CE,202506,Índice geral,5.46,5.46
7060,2265,IPCA - Variação acumulada em 12 meses,%,Região Metropolitana até 2020,2301,Fortaleza - CE,202507,Índice geral,5.08,5.08
7060,2265,IPCA - Variação acumulada em 12 meses,%,Região Metropolitana até 2020,2301,Fortaleza - CE,202508,Índice geral,5.01,5.01
7060,2265,IPCA - Variação acumulada em 12 meses,%,Região Metropolitana até 2020,2301,Fortaleza - CE,202509,Índice geral,5.10,5.1
7060,2265,IPCA - Variação acumulada em 12 meses,%,Região Metropolitana até 2020,2301,Fortaleza - CE,202510,Índice geral,4.59,4.59
7060,2265,IPCA - Variação acumulada em 12 meses,%,Região Metropolitana até 2020,2301,Fortaleza - CE,202511,Índice geral,4.57,4.57
7060,2265,IPCA - Variação acumulada em 12 meses,%,Região Metropolitana até 2020,2301,Fortaleza - CE,202512,Índice geral,4.06,4.06
7060,2265,IPCA - Variação acumulada em 12 meses,%,Região Metropolitana até 2020,2301,Fortaleza - CE,202601,Índice geral,4.43,4.43
7060,2265,IPCA - Variação acumulada em 12 meses,%,Região Metropolitana até 2020,2301,Fortaleza - CE,202602,Índice geral,4.38,4.38
7060,2265,IPCA - Variação acumulada em 12 meses,%,Região Metropolitana até 2020,2301,Fortaleza - CE,202603,Índice geral,4.89,4.89
7060,2265,IPCA - Variação acumulada em 12 meses,%,Região Metropolitana até 2020,2301,Fortaleza - CE,202604,Índice geral,5.10,5.1
7060,2265,IPCA - Variação acumulada em 12 meses,%,Região Metropolitana até 2020,2301,Fortaleza - CE,202605,Índice geral,5.26,5.26
7060,2265,IPCA - Variação acumulada em 12 meses,%,Região Metropolitana até 2020,2301,Fortaleza - CE,202606,Índice geral,5.00,5.0
7060,2265,IPCA - Variação acumulada em 12 meses,%,Região Metropolitana até 2020,2301,Fortaleza - CE,202607,Índice geral,4.94,4.94
7060,2265,IPCA - Variação acumulada em 12 meses,%,Região Metropolitana até 2020,2301,Fortaleza - CE,202608,Índice geral,4.91,4.91
7060,2265,IPCA - Variação acumulada em 12 meses,%,Região Metropolitana até 2020,2601,Recife - PE,202309,Índice geral,5.67,5.67
7060,2265,IPCA - Variação acumulada em 12 meses,%,Região Metropolitana até 2020,2601,Recife - PE,202310,Índice geral,4.57,4.57
7060,2265,IPCA - Variação acumulada em 12 meses,%,Região Metropolitana até 2020,2601,Recife - PE,202311,Índice geral,3.86,3.86
7060,2265,IPCA - Variação acumulada em 12 meses,%,Região Metropolitana até 2020,2601,Recife - PE,202312,Índice geral,3.18,3.18
7060,2265,IPCA - Variação acumulada em 12 meses,%,Região Metropolitana até 2020,2601,Recife - PE,202401,Índice geral,3.79,3.79
7060,2265,IPCA - Variação acumulada em 12 meses,%,Região Metropolitana até 2020,2601,Recife - PE,202402,Índice geral,3.53,3.53
7060,2265,IPCA - Variação acumulada em 12 meses,%,Região Metropolitana até 2020,2601,Recife - PE,202403,Índice geral,3.23,3.23
7060,2265,IPCA - Variação acumulada em 12 meses,%,Região Metropolitana até 2020,2601,Recife - PE,202404,Índice geral,3.63,3.63
7060,2265,IPCA - Variação acumulada em 12 meses,%,Região Metropolitana até 2020,2601,Recife - PE,202405,Índice geral,3.65,3.65
7060,2265,IPCA - Variação acumulada em 12 meses,%,Região Metropolitana até 2020,2601,Recife - PE,202406,Índice geral,3.26,3.26
7060,2265,IPCA - Variação acumulada em 12 meses,%,Região Metropolitana até 2020,2601,Recife - PE,202407,Índice geral,3.19,3.19
7060,2265,IPCA - Variação acumulada em 12 meses,%,Região Metropolitana até 2020,2601,Recife - PE,202408,Índice geral,2.75,2.75
7060,2265,IPCA - Variação acumulada em 12 meses,%,Região Metropolitana até 2020,2601,Recife - PE,202409,Índice geral,2.87,2.87
7060,2265,IPCA - Variação acumulada em 12 meses,%,Região Metropolitana até 2020,2601,Recife - PE,202410,Índice geral,3.48,3.48
7060,2265,IPCA - Variação acumulada em 12 meses,%,Região Metropolitana até 2020,2601,Recife - PE,202411,Índice geral,4.22,4.22
7060,2265,IPCA - Variação acumulada em 12 meses,%,Região Metropolitana até 2020,2601,Recife - PE,202412,Índice geral,4.36,4.36
7060,2265,IPCA - Variação acumulada em 12 meses,%,Região Metropolitana até 2020,2601,Recife - PE,202501,Índice geral,3.83,3.83
7060,2265,IPCA - Variação acumulada em 12 meses,%,Região Metropolitana até 2020,2601,Recife - PE,202502,Índice geral,4.51,4.51
7060,2265,IPCA - Variação acumulada em 12 meses,%,Região Metropolitana até 2020,2601,Recife - PE,202503,Índice geral,4.55,4.55
7060,2265,IPCA - Variação acumulada em 12 meses,%,Região Metropolitana até 2020,2601,Recife - PE,202504,Índice geral,4.20,4.2
7060,2265,IPCA - Variação acumulada em 12 meses,%,Região Metropolitana até 2020,2601,Recife - PE,202505,Índice geral,4.33,4.33
7060,2265,IPCA - Variação acumulada em 12 meses,%,Região Metropolitana até 2020,2601,Recife - PE,202506,Índice geral,4.77,4.77
7060,2265,IPCA - Variação acumulada em 12 meses,%,Região Metropolitana até 2020,2601,Recife - PE,202507,Índice geral,4.76,4.76
7060,2265,IPCA - Variação acumulada em 12 meses,%,Região Metropolitana até 2020,2601,Recife - PE,202508,Índice geral,4.58,4.58
7060,2265,IPCA - Variação acumulada em 12 meses,%,Região Metropolitana até 2020,2601,Recife - PE,202509,Índice geral,4.98,4.98
7060,2265,IPCA - Variação acumulada em 12 meses,%,Região Metropolitana até 2020,2601,Recife - PE,202510,Índice geral,4.64,4.64
7060,2265,IPCA - Variação acumulada em 12 meses,%,Região Metropolitana até 2020,2601,Recife - PE,202511,Índice geral,4.12,4.12
7060,2265,IPCA - Variação acumulada em 12 meses,%,Região Metropolitana até 2020,2601,Recife - PE,202512,Índice geral,4.33,4.33
7060,2265,IPCA - Variação acumulada em 12 meses,%,Região Metropolitana até 2020,2601,Recife - PE,202601,Índice geral,4.50,4.5
7060,2265,IPCA - Variação acumulada em 12 meses,%,Região Metropolitana até 2020,2601,Recife - PE,202602,Índice geral,3.81,3.81
7060,2265,IPCA - Variação acumulada em 12 meses,%,Região Metropolitana até 2020,2601,Recife - PE,202603,Índice geral,4.58,4.58
7060,2265,IPCA - Variação acumulada em 12 meses,%,Região Metropolitana até 2020,2601,Recife - PE,202604,Índice geral,5.21,5.21
7060,2265,IPCA - Variação acumulada em 12 meses,%,Região Metropolitana até 2020,2601,Recife - PE,202605,Índice geral,5.62,5.62
7060,2265,IPCA - Variação acumulada em 12 meses,%,Região Metropolitana até 2020,2601,Recife - PE,202606,Índice geral,5.24,5.24
7060,2265,IPCA - Variação acumulada em 12 meses,%,Região Metropolitana até 2020,2601,Recife - PE,202607,Índice geral,4.99,4.99
7060,2265,IPCA - Variação acumulada em 12 meses,%,Região Metropolitana até 2020,2601,Recife - PE,202608,Índice geral,4.69,4.69
7060,2265,IPCA - Variação acumulada em 12 meses,%,Região Metropolitana até 2020,2901,Salvador - BA,202309,Índice geral,4.79,4.79
7060,2265,IPCA - Variação acumulada em 12 meses,%,Região Metropolitana até 2020,2901,Salvador - BA,202310,Índice geral,4.46,4.46
7060,2265,IPCA - Variação acumulada em 12 meses,%,Região Metropolitana até 2020,2901,Salvador - BA,202311,Índice geral,4.01,4.01
7060,2265,IPCA - Variação acumulada em 12 meses,%,Região Metropolitana até 2020,2901,Salvador - BA,202312,Índice geral,4.48,4.48
7060,2265,IPCA - Variação acumulada em 12 meses,%,Região Metropolitana até 2020,2901,Salvador - BA,202401,Índice geral,3.49,3.49
7060,2265,IPCA - Variação acumulada em 12 meses,%,Região Metropolitana até 2020,2901,Salvador - BA,202402,Índice geral,3.65,3.65
7060,2265,IPCA - Variação acumulada em 12 meses,%,Região Metropolitana até 2020,2901,Salvador - BA,202403,Índice geral,3.36,3.36
7060,2265,IPCA - Variação acumulada em 12 meses,%,Região Metropolitana até 2020,2901,Salvador - BA,202404,Índice geral,3.49,3.49
7060,2265,IPCA - Variação acumulada em 12 meses,%,Região Metropolitana até 2020,2901,Salvador - BA,202405,Índice geral,3.73,3.73
7060,2265,IPCA - Variação acumulada em 12 meses,%,Região Metropolitana até 2020,2901,Salvador - BA,202406,Índice geral,3.93,3.93
7060,2265,IPCA - Variação acumulada em 12 meses,%,Região Metropolitana até 2020,2901,Salvador - BA,202407,Índice geral,3.86,3.86
7060,2265,IPCA - Variação acumulada em 12 meses,%,Região Metropolitana até 2020,2901,Salvador - BA,202408,Índice geral,3.71,3.71
7060,2265,IPCA - Variação acumulada em 12 meses,%,Região Metropolitana até 2020,2901,Salvador - BA,202409,Índice geral,3.95,3.95
7060,2265,IPCA - Variação acumulada em 12 meses,%,Região Metropolitana até 2020,2901,Salvador - BA,202410,Índice geral,4.15,4.15
7060,2265,IPCA - Variação acumulada em 12 meses,%,Região Metropolitana até 2020,2901,Salvador - BA,202411,Índice geral,4.62,4.62
7060,2265,IPCA - Variação acumulada em 12 meses,%,Região Metropolitana até 2020,2901,Salvador - BA,202412,Índice geral,4.68,4.68
7060,2265,IPCA - Variação acumulada em 12 meses,%,Região Metropolitana até 2020,2901,Salvador - BA,202501,Índice geral,4.93,4.93
7060,2265,IPCA - Variação acumulada em 12 meses,%,Região Metropolitana até 2020,2901,Salvador - BA,202502,Índice geral,5.37,5.37
7060,2265,IPCA - Variação acumulada em 12 meses,%,Região Metropolitana até 2020,2901,Salvador - BA,202503,Índice geral,5.63,5.63
7060,2265,IPCA - Variação acumulada em 12 meses,%,Região Metropolitana até 2020,2901,Salvador - BA,202504,Índice geral,5.13,5.13
7060,2265,IPCA - Variação acumulada em 12 meses,%,Região Metropolitana até 2020,2901,Salvador - BA,202505,Índice geral,4.89,4.89
7060,2265,IPCA - Variação acumulada em 12 meses,%,Região Metropolitana até 2020,2901,Salvador - BA,202506,Índice geral,5.23,5.23
7060,2265,IPCA - Variação acumulada em 12 meses,%,Região Metropolitana até 2020,2901,Salvador - BA,202507,Índice geral,5.06,5.06
7060,2265,IPCA - Variação acumulada em 12 meses,%,Região Metropolitana até 2020,2901,Salvador - BA,202508,Índice geral,4.94,4.94
7060,2265,IPCA - Variação acumulada em 12 meses,%,Região Metropolitana até 2020,2901,Salvador - BA,202509,Índice geral,4.83,4.83
7060,2265,IPCA - Variação acumulada em 12 meses,%,Região Metropolitana até 2020,2901,Salvador - BA,202510,Índice geral,4.39,4.39
7060,2265,IPCA - Variação acumulada em 12 meses,%,Região Metropolitana até 2020,2901,Salvador - BA,202511,Índice geral,4.11,4.11
7060,2265,IPCA - Variação acumulada em 12 meses,%,Região Metropolitana até 2020,2901,Salvador - BA,202512,Índice geral,3.80,3.8
7060,2265,IPCA - Variação acumulada em 12 meses,%,Região Metropolitana até 2020,2901,Salvador - BA,202601,Índice geral,3.94,3.94
7060,2265,IPCA - Variação acumulada em 12 meses,%,Região Metropolitana até 2020,2901,Salvador - BA,202602,Índice geral,2.93,2.93
7060,2265,IPCA - Variação acumulada em 12 meses,%,Região Metropolitana até 2020,2901,Salvador - BA,202603,Índice geral,4.01,4.01
7060,2265,IPCA - Variação acumulada em 12 meses,%,Região Metropolitana até 2020,2901,Salvador - BA,202604,Índice geral,4.51,4.51
7060,2265,IPCA - Variação acumulada em 12 meses,%,Região Metropolitana até 2020,2901,Salvador - BA,202605,Índice geral,4.67,4.67
7060,2265,IPCA - Variação acumulada em 12 meses,%,Região Metropolitana até 2020,2901,Salvador - BA,202606,Índice geral,4.53,4.53
7060,2265,IPCA - Variação acumulada em 12 meses,%,Região Metropolitana até 2020,2901,Salvador - BA,202607,Índice geral,4.17,4.17
7060,2265,IPCA - Variação acumulada em 12 meses,%,Região Metropolitana até 2020,2901,Salvador - BA,202608,Índice geral,3.64,3.64
7060,2265,IPCA - Variação acumulada em 12 meses,%,Região Metropolitana até 2020,3101,Belo Horizonte - MG,202309,Índice geral,5.34,5.34
7060,2265,IPCA - Variação acumulada em 12 meses,%,Região Metropolitana até 2020,3101,Belo Horizonte - MG,202310,Índice geral,5.24,5.24
7060,2265,IPCA - Variação acumulada em 12 meses,%,Região Metropolitana até 2020,3101,Belo Horizonte - MG,202311,Índice geral,4.96,4.96
7060,2265,IPCA - Variação acumulada em 12 meses,%,Região Metropolitana até 2020,3101,Belo Horizonte - MG,202312,Índice geral,5.05,5.05
7060,2265,IPCA - Variação acumulada em 12 meses,%,Região Metropolitana até 2020,3101,Belo Horizonte - MG,202401,Índice geral,5.34,5.34
7060,2265,IPCA - Variação acumulada em 12 meses,%,Região Metropolitana até 2020,3101,Belo Horizonte - MG,202402,Índice geral,5.35,5.35
7060,2265,IPCA - Variação acumulada em 12 meses,%,Região Metropolitana até 2020,3101,Belo Horizonte - MG,202403,Índice geral,5.07,5.07
7060,2265,IPCA - Variação acumulada em 12 meses,%,Região Metropolitana até 2020,3101,Belo Horizonte - MG,202404,Índice geral,4.91,4.91
7060,2265,IPCA - Variação acumulada em 12 meses,%,Região Metropolitana até 2020,3101,Belo Horizonte - MG,202405,Índice geral,5.07,5.07
7060,2265,IPCA - Variação acumulada em 12 meses,%,Região Metropolitana até 2020,3101,Belo Horizonte - MG,202406,Índice geral,5.23,5.23
7060,2265,IPCA - Variação acumulada em 12 meses,%,Região Metropolitana até 2020,3101,Belo Horizonte - MG,202407,Índice geral,5.67,5.67
7060,2265,IPCA - Variação acumulada em 12 meses,%,Região Metropolitana até 2020,3101,Belo Horizonte - MG,202408,Índice geral,5.89,5.89
7060,2265,IPCA - Variação acumulada em 12 meses,%,Região Metropolitana até 2020,3101,Belo Horizonte - MG,202409,Índice geral,6.17,6.17
7060,2265,IPCA - Variação acumulada em 12 meses,%,Região Metropolitana até 2020,3101,Belo Horizonte - MG,202410,Índice geral,6.23,6.23
7060,2265,IPCA - Variação acumulada em 12 meses,%,Região Metropolitana até 2020,3101,Belo Horizonte - MG,202411,Índice geral,6.54,6.54
7060,2265,IPCA - Variação acumulada em 12 meses,%,Região Metropolitana até 2020,3101,Belo Horizonte - MG,202412,Índice geral,5.96,5.96
7060,2265,IPCA - Variação acumulada em 12 meses,%,Região Metropolitana até 2020,3101,Belo Horizonte - MG,202501,Índice geral,5.26,5.26
7060,2265,IPCA - Variação acumulada em 12 meses,%,Região Metropolitana até 2020,3101,Belo Horizonte - MG,202502,Índice geral,5.77,5.77
7060,2265,IPCA - Variação acumulada em 12 meses,%,Região Metropolitana até 2020,3101,Belo Horizonte - MG,202503,Índice geral,6.07,6.07
7060,2265,IPCA - Variação acumulada em 12 meses,%,Região Metropolitana até 2020,3101,Belo Horizonte - MG,202504,Índice geral,6.12,6.12
7060,2265,IPCA - Variação acumulada em 12 meses,%,Região Metropolitana até 2020,3101,Belo Horizonte - MG,202505,Índice geral,5.63,5.63
7060,2265,IPCA - Variação acumulada em 12 meses,%,Região Metropolitana até 2020,3101,Belo Horizonte - MG,202506,Índice geral,5.70,5.7
7060,2265,IPCA - Variação acumulada em 12 meses,%,Região Metropolitana até 2020,3101,Belo Horizonte - MG,202507,Índice geral,5.66,5.66
7060,2265,IPCA - Variação acumulada em 12 meses,%,Região Metropolitana até 2020,3101,Belo Horizonte - MG,202508,Índice geral,5.25,5.25
7060,2265,IPCA - Variação acumulada em 12 meses,%,Região Metropolitana até 2020,3101,Belo Horizonte - MG,202509,Índice geral,5.04,5.04
7060,2265,IPCA - Variação acumulada em 12 meses,%,Região Metropolitana até 2020,3101,Belo Horizonte - MG,202510,Índice geral,4.36,4.36
7060,2265,IPCA - Variação acumulada em 12 meses,%,Região Metropolitana até 2020,3101,Belo Horizonte - MG,202511,Índice geral,3.81,3.81
7060,2265,IPCA - Variação acumulada em 12 meses,%,Região Metropolitana até 2020,3101,Belo Horizonte - MG,202512,Índice geral,3.97,3.97
7060,2265,IPCA - Variação acumulada em 12 meses,%,Região Metropolitana até 2020,3101,Belo Horizonte - MG,202601,Índice geral,3.98,3.98
7060,2265,IPCA - Variação acumulada em 12 meses,%,Região Metropolitana até 2020,3101,Belo Horizonte - MG,202602,Índice geral,3.42,3.42
7060,2265,IPCA - Variação acumulada em 12 meses,%,Região Metropolitana até 2020,3101,Belo Horizonte - MG,202603,Índice geral,3.96,3.96
7060,2265,IPCA - Variação acumulada em 12 meses,%,Região Metropolitana até 2020,3101,Belo Horizonte - MG,202604,Índice geral,4.08,4.08
7060,2265,IPCA - Variação acumulada em 12 meses,%,Região Metropolitana até 2020,3101,Belo Horizonte - MG,202605,Índice geral,4.26,4.26
7060,2265,IPCA - Variação acumulada em 12 meses,%,Região Metropolitana até 2020,3101,Belo Horizonte - MG,202606,Índice geral,3.84,3.84
7060,2265,IPCA - Variação acumulada em 12 meses,%,Região Metropolitana até 2020,3101,Belo Horizonte - MG,202607,Índice geral,3.43,3.43
7060,2265,IPCA - Variação acumulada em 12 meses,%,Região Metropolitana até 2020,3101,Belo Horizonte - MG,202608,Índice geral,3.39,3.39
7060,2265,IPCA - Variação acumulada em 12 meses,%,Região Metropolitana até 2020,3201,Grande Vitória - ES,202309,Índice geral,5.30,5.3
7060,2265,IPCA - Variação acumulada em 12 meses,%,Região Metropolitana até 2020,3201,Grande Vitória - ES,202310,Índice geral,4.85,4.85
7060,2265,IPCA - Variação acumulada em 12 meses,%,Região Metropolitana até 2020,3201,Grande Vitória - ES,202311,Índice geral,5.17,5.17
7060,2265,IPCA - Variação acumulada em 12 meses,%,Região Metropolitana até 2020,3201,Grande Vitória - ES,202312,Índice geral,5.10,5.1
7060,2265,IPCA - Variação acumulada em 12 meses,%,Região Metropolitana até 2020,3201,Grande Vitória - ES,202401,Índice geral,4.53,4.53
7060,2265,IPCA - Variação acumulada em 12 meses,%,Região Metropolitana até 2020,3201,Grande Vitória - ES,202402,Índice geral,4.30,4.3
7060,2265,IPCA - Variação acumulada em 12 meses,%,Região Metropolitana até 2020,3201,Grande Vitória - ES,202403,Índice geral,3.49,3.49
7060,2265,IPCA - Variação acumulada em 12 meses,%,Região Metropolitana até 2020,3201,Grande Vitória - ES,202404,Índice geral,3.61,3.61
7060,2265,IPCA - Variação acumulada em 12 meses,%,Região Metropolitana até 2020,3201,Grande Vitória - ES,202405,Índice geral,4.13,4.13
7060,2265,IPCA - Variação acumulada em 12 meses,%,Região Metropolitana até 2020,3201,Grande Vitória - ES,202406,Índice geral,4.12,4.12
7060,2265,IPCA - Variação acumulada em 12 meses,%,Região Metropolitana até 2020,3201,Grande Vitória - ES,202407,Índice geral,4.34,4.34
7060,2265,IPCA - Variação acumulada em 12 meses,%,Região Metropolitana até 2020,3201,Grande Vitória - ES,202408,Índice geral,4.16,4.16
7060,2265,IPCA - Variação acumulada em 12 meses,%,Região Metropolitana até 2020,3201,Grande Vitória - ES,202409,Índice geral,4.23,4.23
7060,2265,IPCA - Variação acumulada em 12 meses,%,Região Metropolitana até 2020,3201,Grande Vitória - ES,202410,Índice geral,4.57,4.57
7060,2265,IPCA - Variação acumulada em 12 meses,%,Região Metropolitana até 2020,3201,Grande Vitória - ES,202411,Índice geral,4.32,4.32
7060,2265,IPCA - Variação acumulada em 12 meses,%,Região Metropolitana até 2020,3201,Grande Vitória - ES,202412,Índice geral,4.26,4.26
7060,2265,IPCA - Variação acumulada em 12 meses,%,Região Metropolitana até 2020,3201,Grande Vitória - ES,202501,Índice geral,4.24,4.24
7060,2265,IPCA - Variação acumulada em 12 meses,%,Região Metropolitana até 2020,3201,Grande Vitória - ES,202502,Índice geral,5.08,5.08
7060,2265,IPCA - Variação acumulada em 12 meses,%,Região Metropolitana até 2020,3201,Grande Vitória - ES,202503,Índice geral,5.58,5.58
7060,2265,IPCA - Variação acumulada em 12 meses,%,Região Metropolitana até 2020,3201,Grande Vitória - ES,202504,Índice geral,5.48,5.48
7060,2265,IPCA - Variação acumulada em 12 meses,%,Região Metropolitana até 2020,3201,Grande Vitória - ES,202505,Índice geral,5.15,5.15
7060,2265,IPCA - Variação acumulada em 12 meses,%,Região Metropolitana até 2020,3201,Grande Vitória - ES,202506,Índice geral,5.36,5.36
7060,2265,IPCA - Variação acumulada em 12 meses,%,Região Metropolitana até 2020,3201,Grande Vitória - ES,202507,Índice geral,5.20,5.2
7060,2265,IPCA - Variação acumulada em 12 meses,%,Região Metropolitana até 2020,3201,Grande Vitória - ES,202508,Índice geral,5.30,5.3
7060,2265,IPCA - Variação acumulada em 12 meses,%,Região Metropolitana até 2020,3201,Grande Vitória - ES,202509,Índice geral,5.59,5.59
7060,2265,IPCA - Variação acumulada em 12 meses,%,Região Metropolitana até 2020,3201,Grande Vitória - ES,202510,Índice geral,5.39,5.39
7060,2265,IPCA - Variação acumulada em 12 meses,%,Região Metropolitana até 2020,3201,Grande Vitória - ES,202511,Índice geral,5.31,5.31
7060,2265,IPCA - Variação acumulada em 12 meses,%,Região Metropolitana até 2020,3201,Grande Vitória - ES,202512,Índice geral,4.99,4.99
7060,2265,IPCA - Variação acumulada em 12 meses,%,Região Metropolitana até 2020,3201,Grande Vitória - ES,202601,Índice geral,5.06,5.06
7060,2265,IPCA - Variação acumulada em 12 meses,%,Região Metropolitana até 2020,3201,Grande Vitória - ES,202602,Índice geral,4.27,4.27
7060,2265,IPCA - Variação acumulada em 12 meses,%,Região Metropolitana até 2020,3201,Grande Vitória - ES,202603,Índice geral,4.47,4.47
7060,2265,IPCA - Variação acumulada em 12 meses,%,Região Metropolitana até 2020,3201,Grande Vitória - ES,202604,Índice geral,4.71,4.71
7060,2265,IPCA - Variação acumulada em 12 meses,%,Região Metropolitana até 2020,3201,Grande Vitória - ES,202605,Índice geral,4.83,4.83
7060,2265,IPCA - Variação acumulada em 12 meses,%,Região Metropolitana até 2020,3201,Grande Vitória - ES,202606,Índice geral,4.97,4.97
7060,2265,IPCA - Variação acumulada em 12 meses,%,Região Metropolitana até 2020,3201,Grande Vitória - ES,202607,Índice geral,5.07,5.07
7060,2265,IPCA - Variação acumulada em 12 meses,%,Região Metropolitana até 2020,3201,Grande Vitória - ES,202608,Índice geral,4.59,4.59
7060,2265,IPCA - Variação acumulada em 12 meses,%,Região Metropolitana até 2020,3301,Rio de Janeiro - RJ,202309,Índice geral,3.77,3.77
7060,2265,IPCA - Variação acumulada em 12 meses,%,Região Metropolitana até 2020,3301,Rio de Janeiro - RJ,202310,Índice geral,3.74,3.74
7060,2265,IPCA - Variação acumulada em 12 meses,%,Região Metropolitana até 2020,3301,Rio de Janeiro - RJ,202311,Índice geral,3.97,3.97
7060,2265,IPCA - Variação acumulada em 12 meses,%,Região Metropolitana até 2020,3301,Rio de Janeiro - RJ,202312,Índice geral,4.29,4.29
7060,2265,IPCA - Variação acumulada em 12 meses,%,Região Metropolitana até 2020,3301,Rio de Janeiro - RJ,202401,Índice geral,4.30,4.3
7060,2265,IPCA - Variação acumulada em 12 meses,%,Região Metropolitana até 2020,3301,Rio de Janeiro - RJ,202402,Índice geral,4.54,4.54
7060,2265,IPCA - Variação acumulada em 12 meses,%,Região Metropolitana até 2020,3301,Rio de Janeiro - RJ,202403,Índice geral,4.05,4.05
7060,2265,IPCA - Variação acumulada em 12 meses,%,Região Metropolitana até 2020,3301,Rio de Janeiro - RJ,202404,Índice geral,3.33,3.33
7060,2265,IPCA - Variação acumulada em 12 meses,%,Região Metropolitana até 2020,3301,Rio de Janeiro - RJ,202405,Índice geral,3.71,3.71
7060,2265,IPCA - Variação acumulada em 12 meses,%,Região Metropolitana até 2020,3301,Rio de Janeiro - RJ,202406,Índice geral,4.02,4.02
7060,2265,IPCA - Variação acumulada em 12 meses,%,Região Metropolitana até 2020,3301,Rio de Janeiro - RJ,202407,Índice geral,4.28,4.28
7060,2265,IPCA - Variação acumulada em 12 meses,%,Região Metropolitana até 2020,3301,Rio de Janeiro - RJ,202408,Índice geral,4.24,4.24
7060,2265,IPCA - Variação acumulada em 12 meses,%,Região Metropolitana até 2020,3301,Rio de Janeiro - RJ,202409,Índice geral,4.60,4.6
7060,2265,IPCA - Variação acumulada em 12 meses,%,Região Metropolitana até 2020,3301,Rio de Janeiro - RJ,202410,Índice geral,4.84,4.84
7060,2265,IPCA - Variação acumulada em 12 meses,%,Região Metropolitana até 2020,3301,Rio de Janeiro - RJ,202411,Índice geral,4.76,4.76
7060,2265,IPCA - Variação acumulada em 12 meses,%,Região Metropolitana até 2020,3301,Rio de Janeiro - RJ,202412,Índice geral,4.69,4.69
7060,2265,IPCA - Variação acumulada em 12 meses,%,Região Metropolitana até 2020,3301,Rio de Janeiro - RJ,202501,Índice geral,4.30,4.3
7060,2265,IPCA - Variação acumulada em 12 meses,%,Região Metropolitana até 2020,3301,Rio de Janeiro - RJ,202502,Índice geral,4.84,4.84
7060,2265,IPCA - Variação acumulada em 12 meses,%,Região Metropolitana até 2020,3301,Rio de Janeiro - RJ,202503,Índice geral,5.22,5.22
7060,2265,IPCA - Variação acumulada em 12 meses,%,Região Metropolitana até 2020,3301,Rio de Janeiro - RJ,202504,Índice geral,5.22,5.22
7060,2265,IPCA - Variação acumulada em 12 meses,%,Região Metropolitana até 2020,3301,Rio de Janeiro - RJ,202505,Índice geral,4.98,4.98
7060,2265,IPCA - Variação acumulada em 12 meses,%,Região Metropolitana até 2020,3301,Rio de Janeiro - RJ,202506,Índice geral,4.94,4.94
7060,2265,IPCA - Variação acumulada em 12 meses,%,Região Metropolitana até 2020,3301,Rio de Janeiro - RJ,202507,Índice geral,4.91,4.91
7060,2265,IPCA - Variação acumulada em 12 meses,%,Região Metropolitana até 2020,3301,Rio de Janeiro - RJ,202508,Índice geral,4.63,4.63
7060,2265,IPCA - Variação acumulada em 12 meses,%,Região Metropolitana até 2020,3301,Rio de Janeiro - RJ,202509,Índice geral,4.58,4.58
7060,2265,IPCA - Variação acumulada em 12 meses,%,Região Metropolitana até 2020,3301,Rio de Janeiro - RJ,202510,Índice geral,3.89,3.89
7060,2265,IPCA - Variação acumulada em 12 meses,%,Região Metropolitana até 2020,3301,Rio de Janeiro - RJ,202511,Índice geral,3.51,3.51
7060,2265,IPCA - Variação acumulada em 12 meses,%,Região Metropolitana até 2020,3301,Rio de Janeiro - RJ,202512,Índice geral,3.45,3.45
7060,2265,IPCA - Variação acumulada em 12 meses,%,Região Metropolitana até 2020,3301,Rio de Janeiro - RJ,202601,Índice geral,3.69,3.69
7060,2265,IPCA - Variação acumulada em 12 meses,%,Região Metropolitana até 2020,3301,Rio de Janeiro - RJ,202602,Índice geral,3.01,3.01
7060,2265,IPCA - Variação acumulada em 12 meses,%,Região Metropolitana até 2020,3301,Rio de Janeiro - RJ,202603,Índice geral,3.26,3.26
7060,2265,IPCA - Variação acumulada em 12 meses,%,Região Metropolitana até 2020,3301,Rio de Janeiro - RJ,202604,Índice geral,3.85,3.85
7060,2265,IPCA - Variação acumulada em 12 meses,%,Região Metropolitana até 2020,3301,Rio de Janeiro - RJ,202605,Índice geral,4.19,4.19
7060,2265,IPCA - Variação acumulada em 12 meses,%,Região Metropolitana até 2020,3301,Rio de Janeiro - RJ,202606,Índice geral,4.44,4.44
7060,2265,IPCA - Variação acumulada em 12 meses,%,Região Metropolitana até 2020,3301,Rio de Janeiro - RJ,202607,Índice geral,4.50,4.5
7060,2265,IPCA - Variação acumulada em 12 meses,%,Região Metropolitana até 2020,3301,Rio de Janeiro - RJ,202608,Índice geral,4.41,4.41
7060,2265,IPCA - Variação acumulada em 12 meses,%,Região Metropolitana até 2020,3501,São Paulo - SP,202309,Índice geral,5.48,5.48
7060,2265,IPCA - Variação acumulada em 12 meses,%,Região Metropolitana até 2020,3501,São Paulo - SP,202310,Índice geral,5.03,5.03
7060,2265,IPCA - Variação acumulada em 12 meses,%,Região Metropolitana até 2020,3501,São Paulo - SP,202311,Índice geral,5.05,5.05
7060,2265,IPCA - Variação acumulada em 12 meses,%,Região Metropolitana até 2020,3501,São Paulo - SP,202312,Índice geral,4.97,4.97
7060,2265,IPCA - Variação acumulada em 12 meses,%,Região Metropolitana até 2020,3501,São Paulo - SP,202401,Índice geral,4.51,4.51
7060,2265,IPCA - Variação acumulada em 12 meses,%,Região Metropolitana até 2020,3501,São Paulo - SP,202402,Índice geral,4.52,4.52
7060,2265,IPCA - Variação acumulada em 12 meses,%,Região Metropolitana até 2020,3501,São Paulo - SP,202403,Índice geral,4.07,4.07
7060,2265,IPCA - Variação acumulada em 12 meses,%,Região Metropolitana até 2020,3501,São Paulo - SP,202404,Índice geral,3.74,3.74
7060,2265,IPCA - Variação acumulada em 12 meses,%,Região Metropolitana até 2020,3501,São Paulo - SP,202405,Índice geral,3.87,3.87
7060,2265,IPCA - Variação acumulada em 12 meses,%,Região Metropolitana até 2020,3501,São Paulo - SP,202406,Índice geral,4.18,4.18
7060,2265,IPCA - Variação acumulada em 12 meses,%,Região Metropolitana até 2020,3501,São Paulo - SP,202407,Índice geral,4.74,4.74
7060,2265,IPCA - Variação acumulada em 12 meses,%,Região Metropolitana até 2020,3501,São Paulo - SP,202408,Índice geral,4.61,4.61
7060,2265,IPCA - Variação acumulada em 12 meses,%,Região Metropolitana até 2020,3501,São Paulo - SP,202409,Índice geral,4.59,4.59
7060,2265,IPCA - Variação acumulada em 12 meses,%,Região Metropolitana até 2020,3501,São Paulo - SP,202410,Índice geral,5.05,5.05
7060,2265,IPCA - Variação acumulada em 12 meses,%,Região Metropolitana até 2020,3501,São Paulo - SP,202411,Índice geral,5.04,5.04
7060,2265,IPCA - Variação acumulada em 12 meses,%,Região Metropolitana até 2020,3501,São Paulo - SP,202412,Índice geral,5.01,5.01
7060,2265,IPCA - Variação acumulada em 12 meses,%,Região Metropolitana até 2020,3501,São Paulo - SP,202501,Índice geral,4.91,4.91
7060,2265,IPCA - Variação acumulada em 12 meses,%,Região Metropolitana até 2020,3501,São Paulo - SP,202502,Índice geral,5.17,5.17
7060,2265,IPCA - Variação acumulada em 12 meses,%,Região Metropolitana até 2020,3501,São Paulo - SP,202503,Índice geral,5.77,5.77
7060,2265,IPCA - Variação acumulada em 12 meses,%,Região Metropolitana até 2020,3501,São Paulo - SP,202504,Índice geral,5.95,5.95
7060,2265,IPCA - Variação acumulada em 12 meses,%,Região Metropolitana até 2020,3501,São Paulo - SP,202505,Índice geral,5.69,5.69
7060,2265,IPCA - Variação acumulada em 12 meses,%,Região Metropolitana até 2020,3501,São Paulo - SP,202506,Índice geral,5.69,5.69
7060,2265,IPCA - Variação acumulada em 12 meses,%,Região Metropolitana até 2020,3501,São Paulo - SP,202507,Índice geral,5.62,5.62
7060,2265,IPCA - Variação acumulada em 12 meses,%,Região Metropolitana até 2020,3501,São Paulo - SP,202508,Índice geral,5.61,5.61
7060,2265,IPCA - Variação acumulada em 12 meses,%,Região Metropolitana até 2020,3501,São Paulo - SP,202509,Índice geral,5.83,5.83
7060,2265,IPCA - Variação acumulada em 12 meses,%,Região Metropolitana até 2020,3501,São Paulo - SP,202510,Índice geral,5.17,5.17
7060,2265,IPCA - Variação acumulada em 12 meses,%,Região Metropolitana até 2020,3501,São Paulo - SP,202511,Índice geral,5.04,5.04
7060,2265,IPCA - Variação acumulada em 12 meses,%,Região Metropolitana até 2020,3501,São Paulo - SP,202512,Índice geral,4.78,4.78
7060,2265,IPCA - Variação acumulada em 12 meses,%,Região Metropolitana até 2020,3501,São Paulo - SP,202601,Índice geral,4.92,4.92
7060,2265,IPCA - Variação acumulada em 12 meses,%,Região Metropolitana até 2020,3501,São Paulo - SP,202602,Índice geral,4.70,4.7
7060,2265,IPCA - Variação acumulada em 12 meses,%,Região Metropolitana até 2020,3501,São Paulo - SP,202603,Índice geral,4.76,4.76
7060,2265,IPCA - Variação acumulada em 12 meses,%,Região Metropolitana até 2020,3501,São Paulo - SP,202604,Índice geral,4.80,4.8
7060,2265,IPCA - Variação acumulada em 12 meses,%,Região Metropolitana até 2020,3501,São Paulo - SP,202605,Índice geral,5.31,5.31
7060,2265,IPCA - Variação acumulada em 12 meses,%,Região Metropolitana até 2020,3501,São Paulo - SP,202606,Índice geral,4.98,4.98
7060,2265,IPCA - Variação acumulada em 12 meses,%,Região Metropolitana até 2020,3501,São Paulo - SP,202607,Índice geral,4.81,4.81
7060,2265,IPCA - Variação acumulada em 12 meses,%,Região Metropolitana até 2020,3501,São Paulo - SP,202608,Índice geral,4.48,4.48
7060,2265,IPCA - Variação acumulada em 12 meses,%,Região Metropolitana até 2020,4101,Curitiba - PR,202309,Índice geral,5.00,5.0
7060,2265,IPCA - Variação acumulada em 12 meses,%,Região Metropolitana até 2020,4101,Curitiba - PR,202310,Índice geral,4.97,4.97
7060,2265,IPCA - Variação acumulada em 12 meses,%,Região Metropolitana até 2020,4101,Curitiba - PR,202311,Índice geral,4.69,4.69
7060,2265,IPCA - Variação acumulada em 12 meses,%,Região Metropolitana até 2020,4101,Curitiba - PR,202312,Índice geral,4.18,4.18
7060,2265,IPCA - Variação acumulada em 12 meses,%,Região Metropolitana até 2020,4101,Curitiba - PR,202401,Índice geral,4.63,4.63
7060,2265,IPCA - Variação acumulada em 12 meses,%,Região Metropolitana até 2020,4101,Curitiba - PR,202402,Índice geral,4.38,4.38
7060,2265,IPCA - Variação acumulada em 12 meses,%,Região Metropolitana até 2020,4101,Curitiba - PR,202403,Índice geral,3.35,3.35
7060,2265,IPCA - Variação acumulada em 12 meses,%,Região Metropolitana até 2020,4101,Curitiba - PR,202404,Índice geral,3.13,3.13
7060,2265,IPCA - Variação acumulada em 12 meses,%,Região Metropolitana até 2020,4101,Curitiba - PR,202405,Índice geral,3.38,3.38
7060,2265,IPCA - Variação acumulada em 12 meses,%,Região Metropolitana até 2020,4101,Curitiba - PR,202406,Índice geral,3.61,3.61
7060,2265,IPCA - Variação acumulada em 12 meses,%,Região Metropolitana até 2020,4101,Curitiba - PR,202407,Índice geral,3.63,3.63
7060,2265,IPCA - Variação acumulada em 12 meses,%,Região Metropolitana até 2020,4101,Curitiba - PR,202408,Índice geral,2.96,2.96
7060,2265,IPCA - Variação acumulada em 12 meses,%,Região Metropolitana até 2020,4101,Curitiba - PR,202409,Índice geral,3.52,3.52
7060,2265,IPCA - Variação acumulada em 12 meses,%,Região Metropolitana até 2020,4101,Curitiba - PR,202410,Índice geral,3.78,3.78
7060,2265,IPCA - Variação acumulada em 12 meses,%,Região Metropolitana até 2020,4101,Curitiba - PR,202411,Índice geral,4.22,4.22
7060,2265,IPCA - Variação acumulada em 12 meses,%,Região Metropolitana até 2020,4101,Curitiba - PR,202412,Índice geral,4.43,4.43
7060,2265,IPCA - Variação acumulada em 12 meses,%,Região Metropolitana até 2020,4101,Curitiba - PR,202501,Índice geral,3.94,3.94
7060,2265,IPCA - Variação acumulada em 12 meses,%,Região Metropolitana até 2020,4101,Curitiba - PR,202502,Índice geral,4.67,4.67
7060,2265,IPCA - Variação acumulada em 12 meses,%,Região Metropolitana até 2020,4101,Curitiba - PR,202503,Índice geral,5.43,5.43
7060,2265,IPCA - Variação acumulada em 12 meses,%,Região Metropolitana até 2020,4101,Curitiba - PR,202504,Índice geral,5.44,5.44
7060,2265,IPCA - Variação acumulada em 12 meses,%,Região Metropolitana até 2020,4101,Curitiba - PR,202505,Índice geral,5.23,5.23
7060,2265,IPCA - Variação acumulada em 12 meses,%,Região Metropolitana até 2020,4101,Curitiba - PR,202506,Índice geral,5.12,5.12
7060,2265,IPCA - Variação acumulada em 12 meses,%,Região Metropolitana até 2020,4101,Curitiba - PR,202507,Índice geral,5.15,5.15
7060,2265,IPCA - Variação acumulada em 12 meses,%,Região Metropolitana até 2020,4101,Curitiba - PR,202508,Índice geral,5.46,5.46
7060,2265,IPCA - Variação acumulada em 12 meses,%,Região Metropolitana até 2020,4101,Curitiba - PR,202509,Índice geral,5.04,5.04
7060,2265,IPCA - Variação acumulada em 12 meses,%,Região Metropolitana até 2020,4101,Curitiba - PR,202510,Índice geral,4.59,4.59
7060,2265,IPCA - Variação acumulada em 12 meses,%,Região Metropolitana até 2020,4101,Curitiba - PR,202511,Índice geral,4.34,4.34
7060,2265,IPCA - Variação acumulada em 12 meses,%,Região Metropolitana até 2020,4101,Curitiba - PR,202512,Índice geral,3.84,3.84
7060,2265,IPCA - Variação acumulada em 12 meses,%,Região Metropolitana até 2020,4101,Curitiba - PR,202601,Índice geral,4.36,4.36
7060,2265,IPCA - Variação acumulada em 12 meses,%,Região Metropolitana até 2020,4101,Curitiba - PR,202602,Índice geral,3.10,3.1
7060,2265,IPCA - Variação acumulada em 12 meses,%,Região Metropolitana até 2020,4101,Curitiba - PR,202603,Índice geral,3.03,3.03
7060,2265,IPCA - Variação acumulada em 12 meses,%,Região Metropolitana até 2020,4101,Curitiba - PR,202604,Índice geral,3.33,3.33
7060,2265,IPCA - Variação acumulada em 12 meses,%,Região Metropolitana até 2020,4101,Curitiba - PR,202605,Índice geral,3.33,3.33
7060,2265,IPCA - Variação acumulada em 12 meses,%,Região Metropolitana até 2020,4101,Curitiba - PR,202606,Índice geral,3.61,3.61
7060,2265,IPCA - Variação acumulada em 12 meses,%,Região Metropolitana até 2020,4101,Curitiba - PR,202607,Índice geral,3.05,3.05
7060,2265,IPCA - Variação acumulada em 12 meses,%,Região Metropolitana até 2020,4101,Curitiba - PR,202608,Índice geral,2.46,2.46
7060,2265,IPCA - Variação acumulada em 12 meses,%,Região Metropolitana até 2020,4301,Porto Alegre - RS,202309,Índice geral,5.60,5.6
7060,2265,IPCA - Variação acumulada em 12 meses,%,Região Metropolitana até 2020,4301,Porto Alegre - RS,202310,Índice geral,4.85,4.85
7060,2265,IPCA - Variação acumulada em 12 meses,%,Região Metropolitana até 2020,4301,Porto Alegre - RS,202311,Índice geral,4.77,4.77
7060,2265,IPCA - Variação acumulada em 12 meses,%,Região Metropolitana até 2020,4301,Porto Alegre - RS,202312,Índice geral,4.63,4.63
7060,2265,IPCA - Variação acumulada em 12 meses,%,Região Metropolitana até 2020,4301,Porto Alegre - RS,202401,Índice geral,4.53,4.53
7060,2265,IPCA - Variação acumulada em 12 meses,%,Região Metropolitana até 2020,4301,Porto Alegre - RS,202402,Índice geral,4.29,4.29
7060,2265,IPCA - Variação acumulada em 12 meses,%,Região Metropolitana até 2020,4301,Porto Alegre - RS,202403,Índice geral,2.86,2.86
7060,2265,IPCA - Variação acumulada em 12 meses,%,Região Metropolitana até 2020,4301,Porto Alegre - RS,202404,Índice geral,3.02,3.02
7060,2265,IPCA - Variação acumulada em 12 meses,%,Região Metropolitana até 2020,4301,Porto Alegre - RS,202405,Índice geral,3.83,3.83
7060,2265,IPCA - Variação acumulada em 12 meses,%,Região Metropolitana até 2020,4301,Porto Alegre - RS,202406,Índice geral,3.71,3.71
7060,2265,IPCA - Variação acumulada em 12 meses,%,Região Metropolitana até 2020,4301,Porto Alegre - RS,202407,Índice geral,3.53,3.53
7060,2265,IPCA - Variação acumulada em 12 meses,%,Região Metropolitana até 2020,4301,Porto Alegre - RS,202408,Índice geral,3.47,3.47
7060,2265,IPCA - Variação acumulada em 12 meses,%,Região Metropolitana até 2020,4301,Porto Alegre - RS,202409,Índice geral,3.69,3.69
7060,2265,IPCA - Variação acumulada em 12 meses,%,Região Metropolitana até 2020,4301,Porto Alegre - RS,202410,Índice geral,3.81,3.81
7060,2265,IPCA - Variação acumulada em 12 meses,%,Região Metropolitana até 2020,4301,Porto Alegre - RS,202411,Índice geral,3.49,3.49
7060,2265,IPCA - Variação acumulada em 12 meses,%,Região Metropolitana até 2020,4301,Porto Alegre - RS,202412,Índice geral,3.57,3.57
7060,2265,IPCA - Variação acumulada em 12 meses,%,Região Metropolitana até 2020,4301,Porto Alegre - RS,202501,Índice geral,3.41,3.41
7060,2265,IPCA - Variação acumulada em 12 meses,%,Região Metropolitana até 2020,4301,Porto Alegre - RS,202502,Índice geral,4.20,4.2
7060,2265,IPCA - Variação acumulada em 12 meses,%,Região Metropolitana até 2020,4301,Porto Alegre - RS,202503,Índice geral,5.13,5.13
7060,2265,IPCA - Variação acumulada em 12 meses,%,Região Metropolitana até 2020,4301,Porto Alegre - RS,202504,Índice geral,5.44,5.44
7060,2265,IPCA - Variação acumulada em 12 meses,%,Região Metropolitana até 2020,4301,Porto Alegre - RS,202505,Índice geral,4.66,4.66
7060,2265,IPCA - Variação acumulada em 12 meses,%,Região Metropolitana até 2020,4301,Porto Alegre - RS,202506,Índice geral,4.85,4.85
7060,2265,IPCA - Variação acumulada em 12 meses,%,Região Metropolitana até 2020,4301,Porto Alegre - RS,202507,Índice geral,4.90,4.9
7060,2265,IPCA - Variação acumulada em 12 meses,%,Região Metropolitana até 2020,4301,Porto Alegre - RS,202508,Índice geral,4.29,4.29
7060,2265,IPCA - Variação acumulada em 12 meses,%,Região Metropolitana até 2020,4301,Porto Alegre - RS,202509,Índice geral,4.41,4.41
7060,2265,IPCA - Variação acumulada em 12 meses,%,Região Metropolitana até 2020,4301,Porto Alegre - RS,202510,Índice geral,4.59,4.59
7060,2265,IPCA - Variação acumulada em 12 meses,%,Região Metropolitana até 2020,4301,Porto Alegre - RS,202511,Índice geral,4.66,4.66
7060,2265,IPCA - Variação acumulada em 12 meses,%,Região Metropolitana até 2020,4301,Porto Alegre - RS,202512,Índice geral,4.79,4.79
7060,2265,IPCA - Variação acumulada em 12 meses,%,Região Metropolitana até 2020,4301,Porto Alegre - RS,202601,Índice geral,5.06,5.06
7060,2265,IPCA - Variação acumulada em 12 meses,%,Região Metropolitana até 2020,4301,Porto Alegre - RS,202602,Índice geral,4.07,4.07
7060,2265,IPCA - Variação acumulada em 12 meses,%,Região Metropolitana até 2020,4301,Porto Alegre - RS,202603,Índice geral,4.28,4.28
7060,2265,IPCA - Variação acumulada em 12 meses,%,Região Metropolitana até 2020,4301,Porto Alegre - RS,202604,Índice geral,4.00,4.0
7060,2265,IPCA - Variação acumulada em 12 meses,%,Região Metropolitana até 2020,4301,Porto Alegre - RS,202605,Índice geral,4.47,4.47
7060,2265,IPCA - Variação acumulada em 12 meses,%,Região Metropolitana até 2020,4301,Porto Alegre - RS,202606,Índice geral,4.80,4.8
7060,2265,IPCA - Variação acumulada em 12 meses,%,Região Metropolitana até 2020,4301,Porto Alegre - RS,202607,Índice geral,4.41,4.41
7060,2265,IPCA - Variação acumulada em 12 meses,%,Região Metropolitana até 2020,4301,Porto Alegre - RS,202608,Índice geral,4.54,4.54
7060,2265,IPCA - Variação acumulada em 12 meses,%,Brasil,1,Brasil,202309,12.Alimentação fora do domicílio,5.42,5.42
7060,2265,IPCA - Variação acumulada em 12 meses,%,Brasil,1,Brasil,202310,12.Alimentação fora do domicílio,5.35,5.35
7060,2265,IPCA - Variação acumulada em 12 meses,%,Brasil,1,Brasil,202311,12.Alimentação fora do domicílio,5.28,5.28
7060,2265,IPCA - Variação acumulada em 12 meses,%,Brasil,1,Brasil,202312,12.Alimentação fora do domicílio,5.31,5.31
7060,2265,IPCA - Variação acumulada em 12 meses,%,Brasil,1,Brasil,202401,12.Alimentação fora do domicílio,4.97,4.97
7060,2265,IPCA - Variação acumulada em 12 meses,%,Brasil,1,Brasil,202402,12.Alimentação fora do domicílio,4.96,4.96
7060,2265,IPCA - Variação acumulada em 12 meses,%,Brasil,1,Brasil,202403,12.Alimentação fora do domicílio,4.71,4.71
7060,2265,IPCA - Variação acumulada em 12 meses,%,Brasil,1,Brasil,202404,12.Alimentação fora do domicílio,4.42,4.42
7060,2265,IPCA - Variação acumulada em 12 meses,%,Brasil,1,Brasil,202405,12.Alimentação fora do domicílio,4.33,4.33
7060,2265,IPCA - Variação acumulada em 12 meses,%,Brasil,1,Brasil,202406,12.Alimentação fora do domicílio,4.24,4.24
7060,2265,IPCA - Variação acumulada em 12 meses,%,Brasil,1,Brasil,202407,12.Alimentação fora do domicílio,4.43,4.43
7060,2265,IPCA - Variação acumulada em 12 meses,%,Brasil,1,Brasil,202408,12.Alimentação fora do domicílio,4.55,4.55
7060,2265,IPCA - Variação acumulada em 12 meses,%,Brasil,1,Brasil,202409,12.Alimentação fora do domicílio,4.78,4.78
7060,2265,IPCA - Variação acumulada em 12 meses,%,Brasil,1,Brasil,202410,12.Alimentação fora do domicílio,5.02,5.02
7060,2265,IPCA - Variação acumulada em 12 meses,%,Brasil,1,Brasil,202411,12.Alimentação fora do domicílio,5.60,5.6
7060,2265,IPCA - Variação acumulada em 12 meses,%,Brasil,1,Brasil,202412,12.Alimentação fora do domicílio,6.29,6.29
7060,2265,IPCA - Variação acumulada em 12 meses,%,Brasil,1,Brasil,202501,12.Alimentação fora do domicílio,6.74,6.74
7060,2265,IPCA - Variação acumulada em 12 meses,%,Brasil,1,Brasil,202502,12.Alimentação fora do domicílio,6.72,6.72
7060,2265,IPCA - Variação acumulada em 12 meses,%,Brasil,1,Brasil,202503,12.Alimentação fora do domicílio,7.17,7.17
7060,2265,IPCA - Variação acumulada em 12 meses,%,Brasil,1,Brasil,202504,12.Alimentação fora do domicílio,7.61,7.61
7060,2265,IPCA - Variação acumulada em 12 meses,%,Brasil,1,Brasil,202505,12.Alimentação fora do domicílio,7.70,7.7
7060,2265,IPCA - Variação acumulada em 12 meses,%,Brasil,1,Brasil,202506,12.Alimentação fora do domicílio,7.80,7.8
7060,2265,IPCA - Variação acumulada em 12 meses,%,Brasil,1,Brasil,202507,12.Alimentação fora do domicílio,8.31,8.31
7060,2265,IPCA - Variação acumulada em 12 meses,%,Brasil,1,Brasil,202508,12.Alimentação fora do domicílio,8.50,8.5
7060,2265,IPCA - Variação acumulada em 12 meses,%,Brasil,1,Brasil,202509,12.Alimentação fora do domicílio,8.24,8.24
7060,2265,IPCA - Variação acumulada em 12 meses,%,Brasil,1,Brasil,202510,12.Alimentação fora do domicílio,8.05,8.05
7060,2265,IPCA - Variação acumulada em 12 meses,%,Brasil,1,Brasil,202511,12.Alimentação fora do domicílio,7.60,7.6
7060,2265,IPCA - Variação acumulada em 12 meses,%,Brasil,1,Brasil,202512,12.Alimentação fora do domicílio,6.97,6.97
7060,2265,IPCA - Variação acumulada em 12 meses,%,Brasil,1,Brasil,202601,12.Alimentação fora do domicílio,6.84,6.84
7060,2265,IPCA - Variação acumulada em 12 meses,%,Brasil,1,Brasil,202602,12.Alimentação fora do domicílio,6.70,6.7
7060,2265,IPCA - Variação acumulada em 12 meses,%,Brasil,1,Brasil,202603,12.Alimentação fora do domicílio,6.54,6.54
7060,2265,IPCA - Variação acumulada em 12 meses,%,Brasil,1,Brasil,202604,12.Alimentação fora do domicílio,6.31,6.31
7060,2265,IPCA - Variação acumulada em 12 meses,%,Brasil,1,Brasil,202605,12.Alimentação fora do domicílio,6.22,6.22
7060,2265,IPCA - Variação acumulada em 12 meses,%,Brasil,1,Brasil,202606,12.Alimentação fora do domicílio,5.89,5.89
7060,2265,IPCA - Variação acumulada em 12 meses,%,Brasil,1,Brasil,202607,12.Alimentação fora do domicílio,5.55,5.55
7060,2265,IPCA - Variação acumulada em 12 meses,%,Brasil,1,Brasil,202608,12.Alimentação fora do domicílio,5.40,5.4
7060,2265,IPCA - Variação acumulada em 12 meses,%,Município,1200401,Rio Branco - AC,202309,12.Alimentação fora do domicílio,4.44,4.44
7060,2265,IPCA - Variação acumulada em 12 meses,%,Município,1200401,Rio Branco - AC,202310,12.Alimentação fora do domicílio,3.89,3.89
7060,2265,IPCA - Variação acumulada em 12 meses,%,Município,1200401,Rio Branco - AC,202311,12.Alimentação fora do domicílio,3.97,3.97
7060,2265,IPCA - Variação acumulada em 12 meses,%,Município,1200401,Rio Branco - AC,202312,12.Alimentação fora do domicílio,4.66,4.66
7060,2265,IPCA - Variação acumulada em 12 meses,%,Município,1200401,Rio Branco - AC,202401,12.Alimentação fora do domicílio,3.91,3.91
7060,2265,IPCA - Variação acumulada em 12 meses,%,Município,1200401,Rio Branco - AC,202402,12.Alimentação fora do domicílio,4.10,4.1
7060,2265,IPCA - Variação acumulada em 12 meses,%,Município,1200401,Rio Branco - AC,202403,12.Alimentação fora do domicílio,4.10,4.1
7060,2265,IPCA - Variação acumulada em 12 meses,%,Município,1200401,Rio Branco - AC,202404,12.Alimentação fora do domicílio,4.05,4.05
7060,2265,IPCA - Variação acumulada em 12 meses,%,Município,1200401,Rio Branco - AC,202405,12.Alimentação fora do domicílio,4.94,4.94
7060,2265,IPCA - Variação acumulada em 12 meses,%,Município,1200401,Rio Branco - AC,202406,12.Alimentação fora do domicílio,5.19,5.19
7060,2265,IPCA - Variação acumulada em 12 meses,%,Município,1200401,Rio Branco - AC,202407,12.Alimentação fora do domicílio,4.92,4.92
7060,2265,IPCA - Variação acumulada em 12 meses,%,Município,1200401,Rio Branco - AC,202408,12.Alimentação fora do domicílio,5.18,5.18
7060,2265,IPCA - Variação acumulada em 12 meses,%,Município,1200401,Rio Branco - AC,202409,12.Alimentação fora do domicílio,5.78,5.78
7060,2265,IPCA - Variação acumulada em 12 meses,%,Município,1200401,Rio Branco - AC,202410,12.Alimentação fora do domicílio,6.34,6.34
7060,2265,IPCA - Variação acumulada em 12 meses,%,Município,1200401,Rio Branco - AC,202411,12.Alimentação fora do domicílio,6.35,6.35
7060,2265,IPCA - Variação acumulada em 12 meses,%,Município,1200401,Rio Branco - AC,202412,12.Alimentação fora do domicílio,7.28,7.28
7060,2265,IPCA - Variação acumulada em 12 meses,%,Município,1200401,Rio Branco - AC,202501,12.Alimentação fora do domicílio,6.96,6.96
7060,2265,IPCA - Variação acumulada em 12 meses,%,Município,1200401,Rio Branco - AC,202502,12.Alimentação fora do domicílio,6.43,6.43
7060,2265,IPCA - Variação acumulada em 12 meses,%,Município,1200401,Rio Branco - AC,202503,12.Alimentação fora do domicílio,6.52,6.52
7060,2265,IPCA - Variação acumulada em 12 meses,%,Município,1200401,Rio Branco - AC,202504,12.Alimentação fora do domicílio,6.61,6.61
7060,2265,IPCA - Variação acumulada em 12 meses,%,Município,1200401,Rio Branco - AC,202505,12.Alimentação fora do domicílio,6.12,6.12
7060,2265,IPCA - Variação acumulada em 12 meses,%,Município,1200401,Rio Branco - AC,202506,12.Alimentação fora do domicílio,5.65,5.65
7060,2265,IPCA - Variação acumulada em 12 meses,%,Município,1200401,Rio Branco - AC,202507,12.Alimentação fora do domicílio,6.20,6.2
7060,2265,IPCA - Variação acumulada em 12 meses,%,Município,1200401,Rio Branco - AC,202508,12.Alimentação fora do domicílio,6.31,6.31
7060,2265,IPCA - Variação acumulada em 12 meses,%,Município,1200401,Rio Branco - AC,202509,12.Alimentação fora do domicílio,6.35,6.35
7060,2265,IPCA - Variação acumulada em 12 meses,%,Município,1200401,Rio Branco - AC,202510,12.Alimentação fora do domicílio,5.66,5.66
7060,2265,IPCA - Variação acumulada em 12 meses,%,Município,1200401,Rio Branco - AC,202511,12.Alimentação fora do domicílio,5.31,5.31
7060,2265,IPCA - Variação acumulada em 12 meses,%,Município,1200401,Rio Branco - AC,202512,12.Alimentação fora do domicílio,4.75,4.75
7060,2265,IPCA - Variação acumulada em 12 meses,%,Município,1200401,Rio Branco - AC,202601,12.Alimentação fora do domicílio,4.71,4.71
7060,2265,IPCA - Variação acumulada em 12 meses,%,Município,1200401,Rio Branco - AC,202602,12.Alimentação fora do domicílio,4.75,4.75
7060,2265,IPCA - Variação acumulada em 12 meses,%,Município,1200401,Rio Branco - AC,202603,12.Alimentação fora do domicílio,4.07,4.07
7060,2265,IPCA - Variação acumulada em 12 meses,%,Município,1200401,Rio Branco - AC,202604,12.Alimentação fora do domicílio,4.29,4.29
7060,2265,IPCA - Variação acumulada em 12 meses,%,Município,1200401,Rio Branco - AC,202605,12.Alimentação fora do domicílio,4.07,4.07
7060,2265,IPCA - Variação acumulada em 12 meses,%,Município,1200401,Rio Branco - AC,202606,12.Alimentação fora do domicílio,4.28,4.28
7060,2265,IPCA - Variação acumulada em 12 meses,%,Município,1200401,Rio Branco - AC,202607,12.Alimentação fora do domicílio,4.26,4.26
7060,2265,IPCA - Variação acumulada em 12 meses,%,Município,1200401,Rio Branco - AC,202608,12.Alimentação fora do domicílio,4.53,4.53
7060,2265,IPCA - Variação acumulada em 12 meses,%,Município,2111300,São Luís - MA,202309,12.Alimentação fora do domicílio,4.10,4.1
7060,2265,IPCA - Variação acumulada em 12 meses,%,Município,2111300,São Luís - MA,202310,12.Alimentação fora do domicílio,3.40,3.4
7060,2265,IPCA - Variação acumulada em 12 meses,%,Município,2111300,São Luís - MA,202311,12.Alimentação fora do domicílio,3.73,3.73
7060,2265,IPCA - Variação acumulada em 12 meses,%,Município,2111300,São Luís - MA,202312,12.Alimentação fora do domicílio,3.25,3.25
7060,2265,IPCA - Variação acumulada em 12 meses,%,Município,2111300,São Luís - MA,202401,12.Alimentação fora do domicílio,2.25,2.25
7060,2265,IPCA - Variação acumulada em 12 meses,%,Município,2111300,São Luís - MA,202402,12.Alimentação fora do domicílio,2.99,2.99
7060,2265,IPCA - Variação acumulada em 12 meses,%,Município,2111300,São Luís - MA,202403,12.Alimentação fora do domicílio,2.66,2.66
7060,2265,IPCA - Variação acumulada em 12 meses,%,Município,2111300,São Luís - MA,202404,12.Alimentação fora do domicílio,2.30,2.3
7060,2265,IPCA - Variação acumulada em 12 meses,%,Município,2111300,São Luís - MA,202405,12.Alimentação fora do domicílio,1.46,1.46
7060,2265,IPCA - Variação acumulada em 12 meses,%,Município,2111300,São Luís - MA,202406,12.Alimentação fora do domicílio,1.70,1.7
7060,2265,IPCA - Variação acumulada em 12 meses,%,Município,2111300,São Luís - MA,202407,12.Alimentação fora do domicílio,2.15,2.15
7060,2265,IPCA - Variação acumulada em 12 meses,%,Município,2111300,São Luís - MA,202408,12.Alimentação fora do domicílio,1.25,1.25
7060,2265,IPCA - Variação acumulada em 12 meses,%,Município,2111300,São Luís - MA,202409,12.Alimentação fora do domicílio,2.09,2.09
7060,2265,IPCA - Variação acumulada em 12 meses,%,Município,2111300,São Luís - MA,202410,12.Alimentação fora do domicílio,2.79,2.79
7060,2265,IPCA - Variação acumulada em 12 meses,%,Município,2111300,São Luís - MA,202411,12.Alimentação fora do domicílio,3.60,3.6
7060,2265,IPCA - Variação acumulada em 12 meses,%,Município,2111300,São Luís - MA,202412,12.Alimentação fora do domicílio,4.73,4.73
7060,2265,IPCA - Variação acumulada em 12 meses,%,Município,2111300,São Luís - MA,202501,12.Alimentação fora do domicílio,5.82,5.82
7060,2265,IPCA - Variação acumulada em 12 meses,%,Município,2111300,São Luís - MA,202502,12.Alimentação fora do domicílio,4.99,4.99
7060,2265,IPCA - Variação acumulada em 12 meses,%,Município,2111300,São Luís - MA,202503,12.Alimentação fora do domicílio,5.77,5.77
7060,2265,IPCA - Variação acumulada em 12 meses,%,Município,2111300,São Luís - MA,202504,12.Alimentação fora do domicílio,5.97,5.97
7060,2265,IPCA - Variação acumulada em 12 meses,%,Município,2111300,São Luís - MA,202505,12.Alimentação fora do domicílio,6.75,6.75
7060,2265,IPCA - Variação acumulada em 12 meses,%,Município,2111300,São Luís - MA,202506,12.Alimentação fora do domicílio,7.45,7.45
7060,2265,IPCA - Variação acumulada em 12 meses,%,Município,2111300,São Luís - MA,202507,12.Alimentação fora do domicílio,7.66,7.66
7060,2265,IPCA - Variação acumulada em 12 meses,%,Município,2111300,São Luís - MA,202508,12.Alimentação fora do domicílio,7.85,7.85
7060,2265,IPCA - Variação acumulada em 12 meses,%,Município,2111300,São Luís - MA,202509,12.Alimentação fora do domicílio,6.92,6.92
7060,2265,IPCA - Variação acumulada em 12 meses,%,Município,2111300,São Luís - MA,202510,12.Alimentação fora do domicílio,7.18,7.18
7060,2265,IPCA - Variação acumulada em 12 meses,%,Município,2111300,São Luís - MA,202511,12.Alimentação fora do domicílio,6.68,6.68
7060,2265,IPCA - Variação acumulada em 12 meses,%,Município,2111300,São Luís - MA,202512,12.Alimentação fora do domicílio,5.63,5.63
7060,2265,IPCA - Variação acumulada em 12 meses,%,Município,2111300,São Luís - MA,202601,12.Alimentação fora do domicílio,5.29,5.29
7060,2265,IPCA - Variação acumulada em 12 meses,%,Município,2111300,São Luís - MA,202602,12.Alimentação fora do domicílio,5.19,5.19
7060,2265,IPCA - Variação acumulada em 12 meses,%,Município,2111300,São Luís - MA,202603,12.Alimentação fora do domicílio,4.99,4.99
7060,2265,IPCA - Variação acumulada em 12 meses,%,Município,2111300,São Luís - MA,202604,12.Alimentação fora do domicílio,5.66,5.66
7060,2265,IPCA - Variação acumulada em 12 meses,%,Município,2111300,São Luís - MA,202605,12.Alimentação fora do domicílio,5.49,5.49
7060,2265,IPCA - Variação acumulada em 12 meses,%,Município,2111300,São Luís - MA,202606,12.Alimentação fora do domicílio,4.93,4.93
7060,2265,IPCA - Variação acumulada em 12 meses,%,Município,2111300,São Luís - MA,202607,12.Alimentação fora do domicílio,5.25,5.25
7060,2265,IPCA - Variação acumulada em 12 meses,%,Município,2111300,São Luís - MA,202608,12.Alimentação fora do domicílio,5.28,5.28
7060,2265,IPCA - Variação acumulada em 12 meses,%,Município,2800308,Aracaju - SE,202309,12.Alimentação fora do domicílio,5.32,5.32
7060,2265,IPCA - Variação acumulada em 12 meses,%,Município,2800308,Aracaju - SE,202310,12.Alimentação fora do domicílio,4.60,4.6
7060,2265,IPCA - Variação acumulada em 12 meses,%,Município,2800308,Aracaju - SE,202311,12.Alimentação fora do domicílio,5.03,5.03
7060,2265,IPCA - Variação acumulada em 12 meses,%,Município,2800308,Aracaju - SE,202312,12.Alimentação fora do domicílio,4.52,4.52
7060,2265,IPCA - Variação acumulada em 12 meses,%,Município,2800308,Aracaju - SE,202401,12.Alimentação fora do domicílio,3.79,3.79
7060,2265,IPCA - Variação acumulada em 12 meses,%,Município,2800308,Aracaju - SE,202402,12.Alimentação fora do domicílio,3.84,3.84
7060,2265,IPCA - Variação acumulada em 12 meses,%,Município,2800308,Aracaju - SE,202403,12.Alimentação fora do domicílio,3.60,3.6
7060,2265,IPCA - Variação acumulada em 12 meses,%,Município,2800308,Aracaju - SE,202404,12.Alimentação fora do domicílio,4.02,4.02
7060,2265,IPCA - Variação acumulada em 12 meses,%,Município,2800308,Aracaju - SE,202405,12.Alimentação fora do domicílio,4.04,4.04
7060,2265,IPCA - Variação acumulada em 12 meses,%,Município,2800308,Aracaju - SE,202406,12.Alimentação fora do domicílio,3.82,3.82
7060,2265,IPCA - Variação acumulada em 12 meses,%,Município,2800308,Aracaju - SE,202407,12.Alimentação fora do domicílio,4.68,4.68
7060,2265,IPCA - Variação acumulada em 12 meses,%,Município,2800308,Aracaju - SE,202408,12.Alimentação fora do domicílio,4.36,4.36
7060,2265,IPCA - Variação acumulada em 12 meses,%,Município,2800308,Aracaju - SE,202409,12.Alimentação fora do domicílio,5.41,5.41
7060,2265,IPCA - Variação acumulada em 12 meses,%,Município,2800308,Aracaju - SE,202410,12.Alimentação fora do domicílio,5.55,5.55
7060,2265,IPCA - Variação acumulada em 12 meses,%,Município,2800308,Aracaju - SE,202411,12.Alimentação fora do domicílio,6.29,6.29
7060,2265,IPCA - Variação acumulada em 12 meses,%,Município,2800308,Aracaju - SE,202412,12.Alimentação fora do domicílio,6.13,6.13
7060,2265,IPCA - Variação acumulada em 12 meses,%,Município,2800308,Aracaju - SE,202501,12.Alimentação fora do domicílio,7.43,7.43
7060,2265,IPCA - Variação acumulada em 12 meses,%,Município,2800308,Aracaju - SE,202502,12.Alimentação fora do domicílio,7.92,7.92
7060,2265,IPCA - Variação acumulada em 12 meses,%,Município,2800308,Aracaju - SE,202503,12.Alimentação fora do domicílio,8.36,8.36
7060,2265,IPCA - Variação acumulada em 12 meses,%,Município,2800308,Aracaju - SE,202504,12.Alimentação fora do domicílio,7.85,7.85
7060,2265,IPCA - Variação acumulada em 12 meses,%,Município,2800308,Aracaju - SE,202505,12.Alimentação fora do domicílio,7.59,7.59
7060,2265,IPCA - Variação acumulada em 12 meses,%,Município,2800308,Aracaju - SE,202506,12.Alimentação fora do domicílio,7.57,7.57
7060,2265,IPCA - Variação acumulada em 12 meses,%,Município,2800308,Aracaju - SE,202507,12.Alimentação fora do domicílio,7.68,7.68
7060,2265,IPCA - Variação acumulada em 12 meses,%,Município,2800308,Aracaju - SE,202508,12.Alimentação fora do domicílio,7.48,7.48
7060,2265,IPCA - Variação acumulada em 12 meses,%,Município,2800308,Aracaju - SE,202509,12.Alimentação fora do domicílio,7.11,7.11
7060,2265,IPCA - Variação acumulada em 12 meses,%,Município,2800308,Aracaju - SE,202510,12.Alimentação fora do domicílio,6.88,6.88
7060,2265,IPCA - Variação acumulada em 12 meses,%,Município,2800308,Aracaju - SE,202511,12.Alimentação fora do domicílio,6.20,6.2
7060,2265,IPCA - Variação acumulada em 12 meses,%,Município,2800308,Aracaju - SE,202512,12.Alimentação fora do domicílio,6.66,6.66
7060,2265,IPCA - Variação acumulada em 12 meses,%,Município,2800308,Aracaju - SE,202601,12.Alimentação fora do domicílio,5.53,5.53
7060,2265,IPCA - Variação acumulada em 12 meses,%,Município,2800308,Aracaju - SE,202602,12.Alimentação fora do domicílio,5.26,5.26
7060,2265,IPCA - Variação acumulada em 12 meses,%,Município,2800308,Aracaju - SE,202603,12.Alimentação fora do domicílio,5.26,5.26
7060,2265,IPCA - Variação acumulada em 12 meses,%,Município,2800308,Aracaju - SE,202604,12.Alimentação fora do domicílio,5.88,5.88
7060,2265,IPCA - Variação acumulada em 12 meses,%,Município,2800308,Aracaju - SE,202605,12.Alimentação fora do domicílio,5.85,5.85
7060,2265,IPCA - Variação acumulada em 12 meses,%,Município,2800308,Aracaju - SE,202606,12.Alimentação fora do domicílio,6.52,6.52
7060,2265,IPCA - Variação acumulada em 12 meses,%,Município,2800308,Aracaju - SE,202607,12.Alimentação fora do domicílio,6.07,6.07
7060,2265,IPCA - Variação acumulada em 12 meses,%,Município,2800308,Aracaju - SE,202608,12.Alimentação fora do domicílio,6.29,6.29
7060,2265,IPCA - Variação acumulada em 12 meses,%,Município,5002704,Campo Grande - MS,202309,12.Alimentação fora do domicílio,5.98,5.98
7060,2265,IPCA - Variação acumulada em 12 meses,%,Município,5002704,Campo Grande - MS,202310,12.Alimentação fora do domicílio,6.44,6.44
7060,2265,IPCA - Variação acumulada em 12 meses,%,Município,5002704,Campo Grande - MS,202311,12.Alimentação fora do domicílio,5.64,5.64
7060,2265,IPCA - Variação acumulada em 12 meses,%,Município,5002704,Campo Grande - MS,202312,12.Alimentação fora do domicílio,5.43,5.43
7060,2265,IPCA - Variação acumulada em 12 meses,%,Município,5002704,Campo Grande - MS,202401,12.Alimentação fora do domicílio,5.32,5.32
7060,2265,IPCA - Variação acumulada em 12 meses,%,Município,5002704,Campo Grande - MS,202402,12.Alimentação fora do domicílio,5.51,5.51
7060,2265,IPCA - Variação acumulada em 12 meses,%,Município,5002704,Campo Grande - MS,202403,12.Alimentação fora do domicílio,5.52,5.52
7060,2265,IPCA - Variação acumulada em 12 meses,%,Município,5002704,Campo Grande - MS,202404,12.Alimentação fora do domicílio,5.13,5.13
7060,2265,IPCA - Variação acumulada em 12 meses,%,Município,5002704,Campo Grande - MS,202405,12.Alimentação fora do domicílio,6.20,6.2
7060,2265,IPCA - Variação acumulada em 12 meses,%,Município,5002704,Campo Grande - MS,202406,12.Alimentação fora do domicílio,5.76,5.76
7060,2265,IPCA - Variação acumulada em 12 meses,%,Município,5002704,Campo Grande - MS,202407,12.Alimentação fora do domicílio,4.83,4.83
7060,2265,IPCA - Variação acumulada em 12 meses,%,Município,5002704,Campo Grande - MS,202408,12.Alimentação fora do domicílio,5.07,5.07
7060,2265,IPCA - Variação acumulada em 12 meses,%,Município,5002704,Campo Grande - MS,202409,12.Alimentação fora do domicílio,4.50,4.5
7060,2265,IPCA - Variação acumulada em 12 meses,%,Município,5002704,Campo Grande - MS,202410,12.Alimentação fora do domicílio,4.02,4.02
7060,2265,IPCA - Variação acumulada em 12 meses,%,Município,5002704,Campo Grande - MS,202411,12.Alimentação fora do domicílio,5.08,5.08
7060,2265,IPCA - Variação acumulada em 12 meses,%,Município,5002704,Campo Grande - MS,202412,12.Alimentação fora do domicílio,5.96,5.96
7060,2265,IPCA - Variação acumulada em 12 meses,%,Município,5002704,Campo Grande - MS,202501,12.Alimentação fora do domicílio,6.57,6.57
7060,2265,IPCA - Variação acumulada em 12 meses,%,Município,5002704,Campo Grande - MS,202502,12.Alimentação fora do domicílio,6.57,6.57
7060,2265,IPCA - Variação acumulada em 12 meses,%,Município,5002704,Campo Grande - MS,202503,12.Alimentação fora do domicílio,6.26,6.26
7060,2265,IPCA - Variação acumulada em 12 meses,%,Município,5002704,Campo Grande - MS,202504,12.Alimentação fora do domicílio,7.73,7.73
7060,2265,IPCA - Variação acumulada em 12 meses,%,Município,5002704,Campo Grande - MS,202505,12.Alimentação fora do domicílio,6.27,6.27
7060,2265,IPCA - Variação acumulada em 12 meses,%,Município,5002704,Campo Grande - MS,202506,12.Alimentação fora do domicílio,6.18,6.18
7060,2265,IPCA - Variação acumulada em 12 meses,%,Município,5002704,Campo Grande - MS,202507,12.Alimentação fora do domicílio,7.64,7.64
7060,2265,IPCA - Variação acumulada em 12 meses,%,Município,5002704,Campo Grande - MS,202508,12.Alimentação fora do domicílio,7.58,7.58
7060,2265,IPCA - Variação acumulada em 12 meses,%,Município,5002704,Campo Grande - MS,202509,12.Alimentação fora do domicílio,7.48,7.48
7060,2265,IPCA - Variação acumulada em 12 meses,%,Município,5002704,Campo Grande - MS,202510,12.Alimentação fora do domicílio,7.50,7.5
7060,2265,IPCA - Variação acumulada em 12 meses,%,Município,5002704,Campo Grande - MS,202511,12.Alimentação fora do domicílio,6.54,6.54
7060,2265,IPCA - Variação acumulada em 12 meses,%,Município,5002704,Campo Grande - MS,202512,12.Alimentação fora do domicílio,5.32,5.32
7060,2265,IPCA - Variação acumulada em 12 meses,%,Município,5002704,Campo Grande - MS,202601,12.Alimentação fora do domicílio,4.88,4.88
7060,2265,IPCA - Variação acumulada em 12 meses,%,Município,5002704,Campo Grande - MS,202602,12.Alimentação fora do domicílio,3.49,3.49
7060,2265,IPCA - Variação acumulada em 12 meses,%,Município,5002704,Campo Grande - MS,202603,12.Alimentação fora do domicílio,4.48,4.48
7060,2265,IPCA - Variação acumulada em 12 meses,%,Município,5002704,Campo Grande - MS,202604,12.Alimentação fora do domicílio,4.28,4.28
7060,2265,IPCA - Variação acumulada em 12 meses,%,Município,5002704,Campo Grande - MS,202605,12.Alimentação fora do domicílio,4.80,4.8
7060,2265,IPCA - Variação acumulada em 12 meses,%,Município,5002704,Campo Grande - MS,202606,12.Alimentação fora do domicílio,5.28,5.28
7060,2265,IPCA - Variação acumulada em 12 meses,%,Município,5002704,Campo Grande - MS,202607,12.Alimentação fora do domicílio,4.25,4.25
7060,2265,IPCA - Variação acumulada em 12 meses,%,Município,5002704,Campo Grande - MS,202608,12.Alimentação fora do domicílio,4.64,4.64
7060,2265,IPCA - Variação acumulada em 12 meses,%,Município,5208707,Goiânia - GO,202309,12.Alimentação fora do domicílio,5.37,5.37
7060,2265,IPCA - Variação acumulada em 12 meses,%,Município,5208707,Goiânia - GO,202310,12.Alimentação fora do domicílio,5.33,5.33
7060,2265,IPCA - Variação acumulada em 12 meses,%,Município,5208707,Goiânia - GO,202311,12.Alimentação fora do domicílio,6.15,6.15
7060,2265,IPCA - Variação acumulada em 12 meses,%,Município,5208707,Goiânia - GO,202312,12.Alimentação fora do domicílio,5.62,5.62
7060,2265,IPCA - Variação acumulada em 12 meses,%,Município,5208707,Goiânia - GO,202401,12.Alimentação fora do domicílio,5.61,5.61
7060,2265,IPCA - Variação acumulada em 12 meses,%,Município,5208707,Goiânia - GO,202402,12.Alimentação fora do domicílio,5.33,5.33
7060,2265,IPCA - Variação acumulada em 12 meses,%,Município,5208707,Goiânia - GO,202403,12.Alimentação fora do domicílio,5.67,5.67
7060,2265,IPCA - Variação acumulada em 12 meses,%,Município,5208707,Goiânia - GO,202404,12.Alimentação fora do domicílio,5.76,5.76
7060,2265,IPCA - Variação acumulada em 12 meses,%,Município,5208707,Goiânia - GO,202405,12.Alimentação fora do domicílio,5.24,5.24
7060,2265,IPCA - Variação acumulada em 12 meses,%,Município,5208707,Goiânia - GO,202406,12.Alimentação fora do domicílio,5.16,5.16
7060,2265,IPCA - Variação acumulada em 12 meses,%,Município,5208707,Goiânia - GO,202407,12.Alimentação fora do domicílio,5.77,5.77
7060,2265,IPCA - Variação acumulada em 12 meses,%,Município,5208707,Goiânia - GO,202408,12.Alimentação fora do domicílio,5.59,5.59
7060,2265,IPCA - Variação acumulada em 12 meses,%,Município,5208707,Goiânia - GO,202409,12.Alimentação fora do domicílio,6.42,6.42
7060,2265,IPCA - Variação acumulada em 12 meses,%,Município,5208707,Goiânia - GO,202410,12.Alimentação fora do domicílio,5.98,5.98
7060,2265,IPCA - Variação acumulada em 12 meses,%,Município,5208707,Goiânia - GO,202411,12.Alimentação fora do domicílio,6.76,6.76
7060,2265,IPCA - Variação acumulada em 12 meses,%,Município,5208707,Goiânia - GO,202412,12.Alimentação fora do domicílio,7.22,7.22
7060,2265,IPCA - Variação acumulada em 12 meses,%,Município,5208707,Goiânia - GO,202501,12.Alimentação fora do domicílio,8.27,8.27
7060,2265,IPCA - Variação acumulada em 12 meses,%,Município,5208707,Goiânia - GO,202502,12.Alimentação fora do domicílio,8.99,8.99
7060,2265,IPCA - Variação acumulada em 12 meses,%,Município,5208707,Goiânia - GO,202503,12.Alimentação fora do domicílio,8.03,8.03
7060,2265,IPCA - Variação acumulada em 12 meses,%,Município,5208707,Goiânia - GO,202504,12.Alimentação fora do domicílio,8.65,8.65
7060,2265,IPCA - Variação acumulada em 12 meses,%,Município,5208707,Goiânia - GO,202505,12.Alimentação fora do domicílio,8.82,8.82
7060,2265,IPCA - Variação acumulada em 12 meses,%,Município,5208707,Goiânia - GO,202506,12.Alimentação fora do domicílio,8.63,8.63
7060,2265,IPCA - Variação acumulada em 12 meses,%,Município,5208707,Goiânia - GO,202507,12.Alimentação fora do domicílio,9.44,9.44
7060,2265,IPCA - Variação acumulada em 12 meses,%,Município,5208707,Goiânia - GO,202508,12.Alimentação fora do domicílio,8.25,8.25
7060,2265,IPCA - Variação acumulada em 12 meses,%,Município,5208707,Goiânia - GO,202509,12.Alimentação fora do domicílio,8.76,8.76
7060,2265,IPCA - Variação acumulada em 12 meses,%,Município,5208707,Goiânia - GO,202510,12.Alimentação fora do domicílio,8.50,8.5
7060,2265,IPCA - Variação acumulada em 12 meses,%,Município,5208707,Goiânia - GO,202511,12.Alimentação fora do domicílio,7.61,7.61
7060,2265,IPCA - Variação acumulada em 12 meses,%,Município,5208707,Goiânia - GO,202512,12.Alimentação fora do domicílio,7.42,7.42
7060,2265,IPCA - Variação acumulada em 12 meses,%,Município,5208707,Goiânia - GO,202601,12.Alimentação fora do domicílio,6.95,6.95
7060,2265,IPCA - Variação acumulada em 12 meses,%,Município,5208707,Goiânia - GO,202602,12.Alimentação fora do domicílio,6.75,6.75
7060,2265,IPCA - Variação acumulada em 12 meses,%,Município,5208707,Goiânia - GO,202603,12.Alimentação fora do domicílio,6.69,6.69
7060,2265,IPCA - Variação acumulada em 12 meses,%,Município,5208707,Goiânia - GO,202604,12.Alimentação fora do domicílio,5.55,5.55
7060,2265,IPCA - Variação acumulada em 12 meses,%,Município,5208707,Goiânia - GO,202605,12.Alimentação fora do domicílio,5.73,5.73
7060,2265,IPCA - Variação acumulada em 12 meses,%,Município,5208707,Goiânia - GO,202606,12.Alimentação fora do domicílio,5.88,5.88
7060,2265,IPCA - Variação acumulada em 12 meses,%,Município,5208707,Goiânia - GO,202607,12.Alimentação fora do domicílio,4.79,4.79
7060,2265,IPCA - Variação acumulada em 12 meses,%,Município,5208707,Goiânia - GO,202608,12.Alimentação fora do domicílio,5.54,5.54
7060,2265,IPCA - Variação acumulada em 12 meses,%,Município,5300108,Brasília - DF,202309,12.Alimentação fora do domicílio,5.47,5.47
7060,2265,IPCA - Variação acumulada em 12 meses,%,Município,5300108,Brasília - DF,202310,12.Alimentação fora do domicílio,5.20,5.2
7060,2265,IPCA - Variação acumulada em 12 meses,%,Município,5300108,Brasília - DF,202311,12.Alimentação fora do domicílio,5.50,5.5
7060,2265,IPCA - Variação acumulada em 12 meses,%,Município,5300108,Brasília - DF,202312,12.Alimentação fora do domicílio,6.23,6.23
7060,2265,IPCA - Variação acumulada em 12 meses,%,Município,5300108,Brasília - DF,202401,12.Alimentação fora do domicílio,5.64,5.64
7060,2265,IPCA - Variação acumulada em 12 meses,%,Município,5300108,Brasília - DF,202402,12.Alimentação fora do domicílio,6.05,6.05
7060,2265,IPCA - Variação acumulada em 12 meses,%,Município,5300108,Brasília - DF,202403,12.Alimentação fora do domicílio,6.39,6.39
7060,2265,IPCA - Variação acumulada em 12 meses,%,Município,5300108,Brasília - DF,202404,12.Alimentação fora do domicílio,6.38,6.38
7060,2265,IPCA - Variação acumulada em 12 meses,%,Município,5300108,Brasília - DF,202405,12.Alimentação fora do domicílio,5.64,5.64
7060,2265,IPCA - Variação acumulada em 12 meses,%,Município,5300108,Brasília - DF,202406,12.Alimentação fora do domicílio,5.50,5.5
7060,2265,IPCA - Variação acumulada em 12 meses,%,Município,5300108,Brasília - DF,202407,12.Alimentação fora do domicílio,5.88,5.88
7060,2265,IPCA - Variação acumulada em 12 meses,%,Município,5300108,Brasília - DF,202408,12.Alimentação fora do domicílio,5.44,5.44
7060,2265,IPCA - Variação acumulada em 12 meses,%,Município,5300108,Brasília - DF,202409,12.Alimentação fora do domicílio,6.90,6.9
7060,2265,IPCA - Variação acumulada em 12 meses,%,Município,5300108,Brasília - DF,202410,12.Alimentação fora do domicílio,6.94,6.94
7060,2265,IPCA - Variação acumulada em 12 meses,%,Município,5300108,Brasília - DF,202411,12.Alimentação fora do domicílio,7.26,7.26
7060,2265,IPCA - Variação acumulada em 12 meses,%,Município,5300108,Brasília - DF,202412,12.Alimentação fora do domicílio,8.00,8.0
7060,2265,IPCA - Variação acumulada em 12 meses,%,Município,5300108,Brasília - DF,202501,12.Alimentação fora do domicílio,9.05,9.05
7060,2265,IPCA - Variação acumulada em 12 meses,%,Município,5300108,Brasília - DF,202502,12.Alimentação fora do domicílio,8.97,8.97
7060,2265,IPCA - Variação acumulada em 12 meses,%,Município,5300108,Brasília - DF,202503,12.Alimentação fora do domicílio,8.41,8.41
7060,2265,IPCA - Variação acumulada em 12 meses,%,Município,5300108,Brasília - DF,202504,12.Alimentação fora do domicílio,8.25,8.25
7060,2265,IPCA - Variação acumulada em 12 meses,%,Município,5300108,Brasília - DF,202505,12.Alimentação fora do domicílio,8.40,8.4
7060,2265,IPCA - Variação acumulada em 12 meses,%,Município,5300108,Brasília - DF,202506,12.Alimentação fora do domicílio,8.01,8.01
7060,2265,IPCA - Variação acumulada em 12 meses,%,Município,5300108,Brasília - DF,202507,12.Alimentação fora do domicílio,7.98,7.98
7060,2265,IPCA - Variação acumulada em 12 meses,%,Município,5300108,Brasília - DF,202508,12.Alimentação fora do domicílio,7.70,7.7
7060,2265,IPCA - Variação acumulada em 12 meses,%,Município,5300108,Brasília - DF,202509,12.Alimentação fora do domicílio,7.74,7.74
7060,2265,IPCA - Variação acumulada em 12 meses,%,Município,5300108,Brasília - DF,202510,12.Alimentação fora do domicílio,7.86,7.86
7060,2265,IPCA - Variação acumulada em 12 meses,%,Município,5300108,Brasília - DF,202511,12.Alimentação fora do domicílio,7.84,7.84
7060,2265,IPCA - Variação acumulada em 12 meses,%,Município,5300108,Brasília - DF,202512,12.Alimentação fora do domicílio,6.96,6.96
7060,2265,IPCA - Variação acumulada em 12 meses,%,Município,5300108,Brasília - DF,202601,12.Alimentação fora do domicílio,7.08,7.08
7060,2265,IPCA - Variação acumulada em 12 meses,%,Município,5300108,Brasília - DF,202602,12.Alimentação fora do domicílio,6.05,6.05
7060,2265,IPCA - Variação acumulada em 12 meses,%,Município,5300108,Brasília - DF,202603,12.Alimentação fora do domicílio,5.77,5.77
7060,2265,IPCA - Variação acumulada em 12 meses,%,Município,5300108,Brasília - DF,202604,12.Alimentação fora do domicílio,5.52,5.52
7060,2265,IPCA - Variação acumulada em 12 meses,%,Município,5300108,Brasília - DF,202605,12.Alimentação fora do domicílio,5.77,5.77
7060,2265,IPCA - Variação acumulada em 12 meses,%,Município,5300108,Brasília - DF,202606,12.Alimentação fora do domicílio,6.21,6.21
7060,2265,IPCA - Variação acumulada em 12 meses,%,Município,5300108,Brasília - DF,202607,12.Alimentação fora do domicílio,6.74,6.74
7060,2265,IPCA - Variação acumulada em 12 meses,%,Município,5300108,Brasília - DF,202608,12.Alimentação fora do domicílio,5.74,5.74
7060,2265,IPCA - Variação acumulada em 12 meses,%,Região Metropolitana até 2020,1501,Belém - PA,202309,12.Alimentação fora do domicílio,4.88,4.88
7060,2265,IPCA - Variação acumulada em 12 meses,%,Região Metropolitana até 2020,1501,Belém - PA,202310,12.Alimentação fora do domicílio,4.98,4.98
7060,2265,IPCA - Variação acumulada em 12 meses,%,Região Metropolitana até 2020,1501,Belém - PA,202311,12.Alimentação fora do domicílio,5.24,5.24
7060,2265,IPCA - Variação acumulada em 12 meses,%,Região Metropolitana até 2020,1501,Belém - PA,202312,12.Alimentação fora do domicílio,5.84,5.84
7060,2265,IPCA - Variação acumulada em 12 meses,%,Região Metropolitana até 2020,1501,Belém - PA,202401,12.Alimentação fora do domicílio,5.96,5.96
7060,2265,IPCA - Variação acumulada em 12 meses,%,Região Metropolitana até 2020,1501,Belém - PA,202402,12.Alimentação fora do domicílio,6.70,6.7
7060,2265,IPCA - Variação acumulada em 12 meses,%,Região Metropolitana até 2020,1501,Belém - PA,202403,12.Alimentação fora do domicílio,6.71,6.71
7060,2265,IPCA - Variação acumulada em 12 meses,%,Região Metropolitana até 2020,1501,Belém - PA,202404,12.Alimentação fora do domicílio,6.42,6.42
7060,2265,IPCA - Variação acumulada em 12 meses,%,Região Metropolitana até 2020,1501,Belém - PA,202405,12.Alimentação fora do domicílio,5.87,5.87
7060,2265,IPCA - Variação acumulada em 12 meses,%,Região Metropolitana até 2020,1501,Belém - PA,202406,12.Alimentação fora do domicílio,5.43,5.43
7060,2265,IPCA - Variação acumulada em 12 meses,%,Região Metropolitana até 2020,1501,Belém - PA,202407,12.Alimentação fora do domicílio,5.82,5.82
7060,2265,IPCA - Variação acumulada em 12 meses,%,Região Metropolitana até 2020,1501,Belém - PA,202408,12.Alimentação fora do domicílio,4.36,4.36
7060,2265,IPCA - Variação acumulada em 12 meses,%,Região Metropolitana até 2020,1501,Belém - PA,202409,12.Alimentação fora do domicílio,4.72,4.72
7060,2265,IPCA - Variação acumulada em 12 meses,%,Região Metropolitana até 2020,1501,Belém - PA,202410,12.Alimentação fora do domicílio,4.44,4.44
7060,2265,IPCA - Variação acumulada em 12 meses,%,Região Metropolitana até 2020,1501,Belém - PA,202411,12.Alimentação fora do domicílio,5.00,5.0
7060,2265,IPCA - Variação acumulada em 12 meses,%,Região Metropolitana até 2020,1501,Belém - PA,202412,12.Alimentação fora do domicílio,4.24,4.24
7060,2265,IPCA - Variação acumulada em 12 meses,%,Região Metropolitana até 2020,1501,Belém - PA,202501,12.Alimentação fora do domicílio,4.73,4.73
7060,2265,IPCA - Variação acumulada em 12 meses,%,Região Metropolitana até 2020,1501,Belém - PA,202502,12.Alimentação fora do domicílio,4.72,4.72
7060,2265,IPCA - Variação acumulada em 12 meses,%,Região Metropolitana até 2020,1501,Belém - PA,202503,12.Alimentação fora do domicílio,3.96,3.96
7060,2265,IPCA - Variação acumulada em 12 meses,%,Região Metropolitana até 2020,1501,Belém - PA,202504,12.Alimentação fora do domicílio,3.32,3.32
7060,2265,IPCA - Variação acumulada em 12 meses,%,Região Metropolitana até 2020,1501,Belém - PA,202505,12.Alimentação fora do domicílio,4.22,4.22
7060,2265,IPCA - Variação acumulada em 12 meses,%,Região Metropolitana até 2020,1501,Belém - PA,202506,12.Alimentação fora do domicílio,5.37,5.37
7060,2265,IPCA - Variação acumulada em 12 meses,%,Região Metropolitana até 2020,1501,Belém - PA,202507,12.Alimentação fora do domicílio,4.98,4.98
7060,2265,IPCA - Variação acumulada em 12 meses,%,Região Metropolitana até 2020,1501,Belém - PA,202508,12.Alimentação fora do domicílio,5.60,5.6
7060,2265,IPCA - Variação acumulada em 12 meses,%,Região Metropolitana até 2020,1501,Belém - PA,202509,12.Alimentação fora do domicílio,5.72,5.72
7060,2265,IPCA - Variação acumulada em 12 meses,%,Região Metropolitana até 2020,1501,Belém - PA,202510,12.Alimentação fora do domicílio,6.89,6.89
7060,2265,IPCA - Variação acumulada em 12 meses,%,Região Metropolitana até 2020,1501,Belém - PA,202511,12.Alimentação fora do domicílio,6.81,6.81
7060,2265,IPCA - Variação acumulada em 12 meses,%,Região Metropolitana até 2020,1501,Belém - PA,202512,12.Alimentação fora do domicílio,7.20,7.2
7060,2265,IPCA - Variação acumulada em 12 meses,%,Região Metropolitana até 2020,1501,Belém - PA,202601,12.Alimentação fora do domicílio,7.25,7.25
7060,2265,IPCA - Variação acumulada em 12 meses,%,Região Metropolitana até 2020,1501,Belém - PA,202602,12.Alimentação fora do domicílio,5.46,5.46
7060,2265,IPCA - Variação acumulada em 12 meses,%,Região Metropolitana até 2020,1501,Belém - PA,202603,12.Alimentação fora do domicílio,6.08,6.08
7060,2265,IPCA - Variação acumulada em 12 meses,%,Região Metropolitana até 2020,1501,Belém - PA,202604,12.Alimentação fora do domicílio,6.36,6.36
7060,2265,IPCA - Variação acumulada em 12 meses,%,Região Metropolitana até 2020,1501,Belém - PA,202605,12.Alimentação fora do domicílio,6.50,6.5
7060,2265,IPCA - Variação acumulada em 12 meses,%,Região Metropolitana até 2020,1501,Belém - PA,202606,12.Alimentação fora do domicílio,5.12,5.12
7060,2265,IPCA - Variação acumulada em 12 meses,%,Região Metropolitana até 2020,1501,Belém - PA,202607,12.Alimentação fora do domicílio,5.45,5.45
7060,2265,IPCA - Variação acumulada em 12 meses,%,Região Metropolitana até 2020,1501,Belém - PA,202608,12.Alimentação fora do domicílio,5.72,5.72
7060,2265,IPCA - Variação acumulada em 12 meses,%,Região Metropolitana até 2020,2301,Fortaleza - CE,202309,12.Alimentação fora do domicílio,4.04,4.04
7060,2265,IPCA - Variação acumulada em 12 meses,%,Região Metropolitana até 2020,2301,Fortaleza - CE,202310,12.Alimentação fora do domicílio,4.56,4.56
7060,2265,IPCA - Variação acumulada em 12 meses,%,Região Metropolitana até 2020,2301,Fortaleza - CE,202311,12.Alimentação fora do domicílio,4.41,4.41
7060,2265,IPCA - Variação acumulada em 12 meses,%,Região Metropolitana até 2020,2301,Fortaleza - CE,202312,12.Alimentação fora do domicílio,5.30,5.3
7060,2265,IPCA - Variação acumulada em 12 meses,%,Região Metropolitana até 2020,2301,Fortaleza - CE,202401,12.Alimentação fora do domicílio,5.01,5.01
7060,2265,IPCA - Variação acumulada em 12 meses,%,Região Metropolitana até 2020,2301,Fortaleza - CE,202402,12.Alimentação fora do domicílio,4.23,4.23
7060,2265,IPCA - Variação acumulada em 12 meses,%,Região Metropolitana até 2020,2301,Fortaleza - CE,202403,12.Alimentação fora do domicílio,3.55,3.55
7060,2265,IPCA - Variação acumulada em 12 meses,%,Região Metropolitana até 2020,2301,Fortaleza - CE,202404,12.Alimentação fora do domicílio,3.33,3.33
7060,2265,IPCA - Variação acumulada em 12 meses,%,Região Metropolitana até 2020,2301,Fortaleza - CE,202405,12.Alimentação fora do domicílio,4.19,4.19
7060,2265,IPCA - Variação acumulada em 12 meses,%,Região Metropolitana até 2020,2301,Fortaleza - CE,202406,12.Alimentação fora do domicílio,3.45,3.45
7060,2265,IPCA - Variação acumulada em 12 meses,%,Região Metropolitana até 2020,2301,Fortaleza - CE,202407,12.Alimentação fora do domicílio,3.63,3.63
7060,2265,IPCA - Variação acumulada em 12 meses,%,Região Metropolitana até 2020,2301,Fortaleza - CE,202408,12.Alimentação fora do domicílio,3.85,3.85
7060,2265,IPCA - Variação acumulada em 12 meses,%,Região Metropolitana até 2020,2301,Fortaleza - CE,202409,12.Alimentação fora do domicílio,4.65,4.65
7060,2265,IPCA - Variação acumulada em 12 meses,%,Região Metropolitana até 2020,2301,Fortaleza - CE,202410,12.Alimentação fora do domicílio,4.61,4.61
7060,2265,IPCA - Variação acumulada em 12 meses,%,Região Metropolitana até 2020,2301,Fortaleza - CE,202411,12.Alimentação fora do domicílio,5.27,5.27
7060,2265,IPCA - Variação acumulada em 12 meses,%,Região Metropolitana até 2020,2301,Fortaleza - CE,202412,12.Alimentação fora do domicílio,4.42,4.42
7060,2265,IPCA - Variação acumulada em 12 meses,%,Região Metropolitana até 2020,2301,Fortaleza - CE,202501,12.Alimentação fora do domicílio,4.50,4.5
7060,2265,IPCA - Variação acumulada em 12 meses,%,Região Metropolitana até 2020,2301,Fortaleza - CE,202502,12.Alimentação fora do domicílio,5.14,5.14
7060,2265,IPCA - Variação acumulada em 12 meses,%,Região Metropolitana até 2020,2301,Fortaleza - CE,202503,12.Alimentação fora do domicílio,5.23,5.23
7060,2265,IPCA - Variação acumulada em 12 meses,%,Região Metropolitana até 2020,2301,Fortaleza - CE,202504,12.Alimentação fora do domicílio,6.00,6.0
7060,2265,IPCA - Variação acumulada em 12 meses,%,Região Metropolitana até 2020,2301,Fortaleza - CE,202505,12.Alimentação fora do domicílio,4.70,4.7
7060,2265,IPCA - Variação acumulada em 12 meses,%,Região Metropolitana até 2020,2301,Fortaleza - CE,202506,12.Alimentação fora do domicílio,5.23,5.23
7060,2265,IPCA - Variação acumulada em 12 meses,%,Região Metropolitana até 2020,2301,Fortaleza - CE,202507,12.Alimentação fora do domicílio,5.63,5.63
7060,2265,IPCA - Variação acumulada em 12 meses,%,Região Metropolitana até 2020,2301,Fortaleza - CE,202508,12.Alimentação fora do domicílio,6.30,6.3
7060,2265,IPCA - Variação acumulada em 12 meses,%,Região Metropolitana até 2020,2301,Fortaleza - CE,202509,12.Alimentação fora do domicílio,6.65,6.65
7060,2265,IPCA - Variação acumulada em 12 meses,%,Região Metropolitana até 2020,2301,Fortaleza - CE,202510,12.Alimentação fora do domicílio,6.41,6.41
7060,2265,IPCA - Variação acumulada em 12 meses,%,Região Metropolitana até 2020,2301,Fortaleza - CE,202511,12.Alimentação fora do domicílio,6.32,6.32
7060,2265,IPCA - Variação acumulada em 12 meses,%,Região Metropolitana até 2020,2301,Fortaleza - CE,202512,12.Alimentação fora do domicílio,6.94,6.94
7060,2265,IPCA - Variação acumulada em 12 meses,%,Região Metropolitana até 2020,2301,Fortaleza - CE,202601,12.Alimentação fora do domicílio,7.19,7.19
7060,2265,IPCA - Variação acumulada em 12 meses,%,Região Metropolitana até 2020,2301,Fortaleza - CE,202602,12.Alimentação fora do domicílio,6.60,6.6
7060,2265,IPCA - Variação acumulada em 12 meses,%,Região Metropolitana até 2020,2301,Fortaleza - CE,202603,12.Alimentação fora do domicílio,6.57,6.57
7060,2265,IPCA - Variação acumulada em 12 meses,%,Região Metropolitana até 2020,2301,Fortaleza - CE,202604,12.Alimentação fora do domicílio,6.51,6.51
7060,2265,IPCA - Variação acumulada em 12 meses,%,Região Metropolitana até 2020,2301,Fortaleza - CE,202605,12.Alimentação fora do domicílio,7.35,7.35
7060,2265,IPCA - Variação acumulada em 12 meses,%,Região Metropolitana até 2020,2301,Fortaleza - CE,202606,12.Alimentação fora do domicílio,7.27,7.27
7060,2265,IPCA - Variação acumulada em 12 meses,%,Região Metropolitana até 2020,2301,Fortaleza - CE,202607,12.Alimentação fora do domicílio,7.24,7.24
7060,2265,IPCA - Variação acumulada em 12 meses,%,Região Metropolitana até 2020,2301,Fortaleza - CE,202608,12.Alimentação fora do domicílio,6.85,6.85
7060,2265,IPCA - Variação acumulada em 12 meses,%,Região Metropolitana até 2020,2601,Recife - PE,202309,12.Alimentação fora do domicílio,6.96,6.96
7060,2265,IPCA - Variação acumulada em 12 meses,%,Região Metropolitana até 2020,2601,Recife - PE,202310,12.Alimentação fora do domicílio,6.70,6.7
7060,2265,IPCA - Variação acumulada em 12 meses,%,Região Metropolitana até 2020,2601,Recife - PE,202311,12.Alimentação fora do domicílio,6.53,6.53
7060,2265,IPCA - Variação acumulada em 12 meses,%,Região Metropolitana até 2020,2601,Recife - PE,202312,12.Alimentação fora do domicílio,6.82,6.82
7060,2265,IPCA - Variação acumulada em 12 meses,%,Região Metropolitana até 2020,2601,Recife - PE,202401,12.Alimentação fora do domicílio,6.32,6.32
7060,2265,IPCA - Variação acumulada em 12 meses,%,Região Metropolitana até 2020,2601,Recife - PE,202402,12.Alimentação fora do domicílio,6.15,6.15
7060,2265,IPCA - Variação acumulada em 12 meses,%,Região Metropolitana até 2020,2601,Recife - PE,202403,12.Alimentação fora do domicílio,6.22,6.22
7060,2265,IPCA - Variação acumulada em 12 meses,%,Região Metropolitana até 2020,2601,Recife - PE,202404,12.Alimentação fora do domicílio,5.72,5.72
7060,2265,IPCA - Variação acumulada em 12 meses,%,Região Metropolitana até 2020,2601,Recife - PE,202405,12.Alimentação fora do domicílio,6.77,6.77
7060,2265,IPCA - Variação acumulada em 12 meses,%,Região Metropolitana até 2020,2601,Recife - PE,202406,12.Alimentação fora do domicílio,6.32,6.32
7060,2265,IPCA - Variação acumulada em 12 meses,%,Região Metropolitana até 2020,2601,Recife - PE,202407,12.Alimentação fora do domicílio,6.28,6.28
7060,2265,IPCA - Variação acumulada em 12 meses,%,Região Metropolitana até 2020,2601,Recife - PE,202408,12.Alimentação fora do domicílio,5.76,5.76
7060,2265,IPCA - Variação acumulada em 12 meses,%,Região Metropolitana até 2020,2601,Recife - PE,202409,12.Alimentação fora do domicílio,5.94,5.94
7060,2265,IPCA - Variação acumulada em 12 meses,%,Região Metropolitana até 2020,2601,Recife - PE,202410,12.Alimentação fora do domicílio,6.90,6.9
7060,2265,IPCA - Variação acumulada em 12 meses,%,Região Metropolitana até 2020,2601,Recife - PE,202411,12.Alimentação fora do domicílio,7.11,7.11
7060,2265,IPCA - Variação acumulada em 12 meses,%,Região Metropolitana até 2020,2601,Recife - PE,202412,12.Alimentação fora do domicílio,7.65,7.65
7060,2265,IPCA - Variação acumulada em 12 meses,%,Região Metropolitana até 2020,2601,Recife - PE,202501,12.Alimentação fora do domicílio,8.16,8.16
7060,2265,IPCA - Variação acumulada em 12 meses,%,Região Metropolitana até 2020,2601,Recife - PE,202502,12.Alimentação fora do domicílio,7.72,7.72
7060,2265,IPCA - Variação acumulada em 12 meses,%,Região Metropolitana até 2020,2601,Recife - PE,202503,12.Alimentação fora do domicílio,6.84,6.84
7060,2265,IPCA - Variação acumulada em 12 meses,%,Região Metropolitana até 2020,2601,Recife - PE,202504,12.Alimentação fora do domicílio,7.30,7.3
7060,2265,IPCA - Variação acumulada em 12 meses,%,Região Metropolitana até 2020,2601,Recife - PE,202505,12.Alimentação fora do domicílio,7.06,7.06
7060,2265,IPCA - Variação acumulada em 12 meses,%,Região Metropolitana até 2020,2601,Recife - PE,202506,12.Alimentação fora do domicílio,7.26,7.26
7060,2265,IPCA - Variação acumulada em 12 meses,%,Região Metropolitana até 2020,2601,Recife - PE,202507,12.Alimentação fora do domicílio,7.81,7.81
7060,2265,IPCA - Variação acumulada em 12 meses,%,Região Metropolitana até 2020,2601,Recife - PE,202508,12.Alimentação fora do domicílio,8.12,8.12
7060,2265,IPCA - Variação acumulada em 12 meses,%,Região Metropolitana até 2020,2601,Recife - PE,202509,12.Alimentação fora do domicílio,8.17,8.17
7060,2265,IPCA - Variação acumulada em 12 meses,%,Região Metropolitana até 2020,2601,Recife - PE,202510,12.Alimentação fora do domicílio,7.21,7.21
7060,2265,IPCA - Variação acumulada em 12 meses,%,Região Metropolitana até 2020,2601,Recife - PE,202511,12.Alimentação fora do domicílio,6.84,6.84
7060,2265,IPCA - Variação acumulada em 12 meses,%,Região Metropolitana até 2020,2601,Recife - PE,202512,12.Alimentação fora do domicílio,6.51,6.51
7060,2265,IPCA - Variação acumulada em 12 meses,%,Região Metropolitana até 2020,2601,Recife - PE,202601,12.Alimentação fora do domicílio,6.14,6.14
7060,2265,IPCA - Variação acumulada em 12 meses,%,Região Metropolitana até 2020,2601,Recife - PE,202602,12.Alimentação fora do domicílio,6.54,6.54
7060,2265,IPCA - Variação acumulada em 12 meses,%,Região Metropolitana até 2020,2601,Recife - PE,202603,12.Alimentação fora do domicílio,6.53,6.53
7060,2265,IPCA - Variação acumulada em 12 meses,%,Região Metropolitana até 2020,2601,Recife - PE,202604,12.Alimentação fora do domicílio,5.97,5.97
7060,2265,IPCA - Variação acumulada em 12 meses,%,Região Metropolitana até 2020,2601,Recife - PE,202605,12.Alimentação fora do domicílio,5.98,5.98
7060,2265,IPCA - Variação acumulada em 12 meses,%,Região Metropolitana até 2020,2601,Recife - PE,202606,12.Alimentação fora do domicílio,6.74,6.74
7060,2265,IPCA - Variação acumulada em 12 meses,%,Região Metropolitana até 2020,2601,Recife - PE,202607,12.Alimentação fora do domicílio,5.46,5.46
7060,2265,IPCA - Variação acumulada em 12 meses,%,Região Metropolitana até 2020,2601,Recife - PE,202608,12.Alimentação fora do domicílio,5.08,5.08
7060,2265,IPCA - Variação acumulada em 12 meses,%,Região Metropolitana até 2020,2901,Salvador - BA,202309,12.Alimentação fora do domicílio,5.12,5.12
7060,2265,IPCA - Variação acumulada em 12 meses,%,Região Metropolitana até 2020,2901,Salvador - BA,202310,12.Alimentação fora do domicílio,5.19,5.19
7060,2265,IPCA - Variação acumulada em 12 meses,%,Região Metropolitana até 2020,2901,Salvador - BA,202311,12.Alimentação fora do domicílio,4.76,4.76
7060,2265,IPCA - Variação acumulada em 12 meses,%,Região Metropolitana até 2020,2901,Salvador - BA,202312,12.Alimentação fora do domicílio,3.46,3.46
7060,2265,IPCA - Variação acumulada em 12 meses,%,Região Metropolitana até 2020,2901,Salvador - BA,202401,12.Alimentação fora do domicílio,2.87,2.87
7060,2265,IPCA - Variação acumulada em 12 meses,%,Região Metropolitana até 2020,2901,Salvador - BA,202402,12.Alimentação fora do domicílio,3.35,3.35
7060,2265,IPCA - Variação acumulada em 12 meses,%,Região Metropolitana até 2020,2901,Salvador - BA,202403,12.Alimentação fora do domicílio,3.48,3.48
7060,2265,IPCA - Variação acumulada em 12 meses,%,Região Metropolitana até 2020,2901,Salvador - BA,202404,12.Alimentação fora do domicílio,2.76,2.76
7060,2265,IPCA - Variação acumulada em 12 meses,%,Região Metropolitana até 2020,2901,Salvador - BA,202405,12.Alimentação fora do domicílio,2.80,2.8
7060,2265,IPCA - Variação acumulada em 12 meses,%,Região Metropolitana até 2020,2901,Salvador - BA,202406,12.Alimentação fora do domicílio,3.06,3.06
7060,2265,IPCA - Variação acumulada em 12 meses,%,Região Metropolitana até 2020,2901,Salvador - BA,202407,12.Alimentação fora do domicílio,2.95,2.95
7060,2265,IPCA - Variação acumulada em 12 meses,%,Região Metropolitana até 2020,2901,Salvador - BA,202408,12.Alimentação fora do domicílio,3.38,3.38
7060,2265,IPCA - Variação acumulada em 12 meses,%,Região Metropolitana até 2020,2901,Salvador - BA,202409,12.Alimentação fora do domicílio,3.07,3.07
7060,2265,IPCA - Variação acumulada em 12 meses,%,Região Metropolitana até 2020,2901,Salvador - BA,202410,12.Alimentação fora do domicílio,3.31,3.31
7060,2265,IPCA - Variação acumulada em 12 meses,%,Região Metropolitana até 2020,2901,Salvador - BA,202411,12.Alimentação fora do domicílio,4.00,4.0
7060,2265,IPCA - Variação acumulada em 12 meses,%,Região Metropolitana até 2020,2901,Salvador - BA,202412,12.Alimentação fora do domicílio,4.99,4.99
7060,2265,IPCA - Variação acumulada em 12 meses,%,Região Metropolitana até 2020,2901,Salvador - BA,202501,12.Alimentação fora do domicílio,5.56,5.56
7060,2265,IPCA - Variação acumulada em 12 meses,%,Região Metropolitana até 2020,2901,Salvador - BA,202502,12.Alimentação fora do domicílio,5.71,5.71
7060,2265,IPCA - Variação acumulada em 12 meses,%,Região Metropolitana até 2020,2901,Salvador - BA,202503,12.Alimentação fora do domicílio,5.92,5.92
7060,2265,IPCA - Variação acumulada em 12 meses,%,Região Metropolitana até 2020,2901,Salvador - BA,202504,12.Alimentação fora do domicílio,7.02,7.02
7060,2265,IPCA - Variação acumulada em 12 meses,%,Região Metropolitana até 2020,2901,Salvador - BA,202505,12.Alimentação fora do domicílio,6.60,6.6
7060,2265,IPCA - Variação acumulada em 12 meses,%,Região Metropolitana até 2020,2901,Salvador - BA,202506,12.Alimentação fora do domicílio,6.90,6.9
7060,2265,IPCA - Variação acumulada em 12 meses,%,Região Metropolitana até 2020,2901,Salvador - BA,202507,12.Alimentação fora do domicílio,7.72,7.72
7060,2265,IPCA - Variação acumulada em 12 meses,%,Região Metropolitana até 2020,2901,Salvador - BA,202508,12.Alimentação fora do domicílio,7.70,7.7
7060,2265,IPCA - Variação acumulada em 12 meses,%,Região Metropolitana até 2020,2901,Salvador - BA,202509,12.Alimentação fora do domicílio,8.28,8.28
7060,2265,IPCA - Variação acumulada em 12 meses,%,Região Metropolitana até 2020,2901,Salvador - BA,202510,12.Alimentação fora do domicílio,7.63,7.63
7060,2265,IPCA - Variação acumulada em 12 meses,%,Região Metropolitana até 2020,2901,Salvador - BA,202511,12.Alimentação fora do domicílio,8.06,8.06
7060,2265,IPCA - Variação acumulada em 12 meses,%,Região Metropolitana até 2020,2901,Salvador - BA,202512,12.Alimentação fora do domicílio,7.78,7.78
7060,2265,IPCA - Variação acumulada em 12 meses,%,Região Metropolitana até 2020,2901,Salvador - BA,202601,12.Alimentação fora do domicílio,7.34,7.34
7060,2265,IPCA - Variação acumulada em 12 meses,%,Região Metropolitana até 2020,2901,Salvador - BA,202602,12.Alimentação fora do domicílio,6.74,6.74
7060,2265,IPCA - Variação acumulada em 12 meses,%,Região Metropolitana até 2020,2901,Salvador - BA,202603,12.Alimentação fora do domicílio,6.19,6.19
7060,2265,IPCA - Variação acumulada em 12 meses,%,Região Metropolitana até 2020,2901,Salvador - BA,202604,12.Alimentação fora do domicílio,6.21,6.21
7060,2265,IPCA - Variação acumulada em 12 meses,%,Região Metropolitana até 2020,2901,Salvador - BA,202605,12.Alimentação fora do domicílio,6.84,6.84
7060,2265,IPCA - Variação acumulada em 12 meses,%,Região Metropolitana até 2020,2901,Salvador - BA,202606,12.Alimentação fora do domicílio,6.79,6.79
7060,2265,IPCA - Variação acumulada em 12 meses,%,Região Metropolitana até 2020,2901,Salvador - BA,202607,12.Alimentação fora do domicílio,6.20,6.2
7060,2265,IPCA - Variação acumulada em 12 meses,%,Região Metropolitana até 2020,2901,Salvador - BA,202608,12.Alimentação fora do domicílio,6.55,6.55
7060,2265,IPCA - Variação acumulada em 12 meses,%,Região Metropolitana até 2020,3101,Belo Horizonte - MG,202309,12.Alimentação fora do domicílio,6.78,6.78
7060,2265,IPCA - Variação acumulada em 12 meses,%,Região Metropolitana até 2020,3101,Belo Horizonte - MG,202310,12.Alimentação fora do domicílio,6.66,6.66
7060,2265,IPCA - Variação acumulada em 12 meses,%,Região Metropolitana até 2020,3101,Belo Horizonte - MG,202311,12.Alimentação fora do domicílio,6.59,6.59
7060,2265,IPCA - Variação acumulada em 12 meses,%,Região Metropolitana até 2020,3101,Belo Horizonte - MG,202312,12.Alimentação fora do domicílio,5.71,5.71
7060,2265,IPCA - Variação acumulada em 12 meses,%,Região Metropolitana até 2020,3101,Belo Horizonte - MG,202401,12.Alimentação fora do domicílio,5.89,5.89
7060,2265,IPCA - Variação acumulada em 12 meses,%,Região Metropolitana até 2020,3101,Belo Horizonte - MG,202402,12.Alimentação fora do domicílio,6.05,6.05
7060,2265,IPCA - Variação acumulada em 12 meses,%,Região Metropolitana até 2020,3101,Belo Horizonte - MG,202403,12.Alimentação fora do domicílio,5.21,5.21
7060,2265,IPCA - Variação acumulada em 12 meses,%,Região Metropolitana até 2020,3101,Belo Horizonte - MG,202404,12.Alimentação fora do domicílio,5.00,5.0
7060,2265,IPCA - Variação acumulada em 12 meses,%,Região Metropolitana até 2020,3101,Belo Horizonte - MG,202405,12.Alimentação fora do domicílio,4.64,4.64
7060,2265,IPCA - Variação acumulada em 12 meses,%,Região Metropolitana até 2020,3101,Belo Horizonte - MG,202406,12.Alimentação fora do domicílio,4.84,4.84
7060,2265,IPCA - Variação acumulada em 12 meses,%,Região Metropolitana até 2020,3101,Belo Horizonte - MG,202407,12.Alimentação fora do domicílio,4.64,4.64
7060,2265,IPCA - Variação acumulada em 12 meses,%,Região Metropolitana até 2020,3101,Belo Horizonte - MG,202408,12.Alimentação fora do domicílio,4.52,4.52
7060,2265,IPCA - Variação acumulada em 12 meses,%,Região Metropolitana até 2020,3101,Belo Horizonte - MG,202409,12.Alimentação fora do domicílio,5.03,5.03
7060,2265,IPCA - Variação acumulada em 12 meses,%,Região Metropolitana até 2020,3101,Belo Horizonte - MG,202410,12.Alimentação fora do domicílio,5.06,5.06
7060,2265,IPCA - Variação acumulada em 12 meses,%,Região Metropolitana até 2020,3101,Belo Horizonte - MG,202411,12.Alimentação fora do domicílio,6.09,6.09
7060,2265,IPCA - Variação acumulada em 12 meses,%,Região Metropolitana até 2020,3101,Belo Horizonte - MG,202412,12.Alimentação fora do domicílio,6.95,6.95
7060,2265,IPCA - Variação acumulada em 12 meses,%,Região Metropolitana até 2020,3101,Belo Horizonte - MG,202501,12.Alimentação fora do domicílio,7.05,7.05
7060,2265,IPCA - Variação acumulada em 12 meses,%,Região Metropolitana até 2020,3101,Belo Horizonte - MG,202502,12.Alimentação fora do domicílio,6.90,6.9
7060,2265,IPCA - Variação acumulada em 12 meses,%,Região Metropolitana até 2020,3101,Belo Horizonte - MG,202503,12.Alimentação fora do domicílio,7.18,7.18
7060,2265,IPCA - Variação acumulada em 12 meses,%,Região Metropolitana até 2020,3101,Belo Horizonte - MG,202504,12.Alimentação fora do domicílio,7.49,7.49
7060,2265,IPCA - Variação acumulada em 12 meses,%,Região Metropolitana até 2020,3101,Belo Horizonte - MG,202505,12.Alimentação fora do domicílio,7.96,7.96
7060,2265,IPCA - Variação acumulada em 12 meses,%,Região Metropolitana até 2020,3101,Belo Horizonte - MG,202506,12.Alimentação fora do domicílio,7.79,7.79
7060,2265,IPCA - Variação acumulada em 12 meses,%,Região Metropolitana até 2020,3101,Belo Horizonte - MG,202507,12.Alimentação fora do domicílio,8.19,8.19
7060,2265,IPCA - Variação acumulada em 12 meses,%,Região Metropolitana até 2020,3101,Belo Horizonte - MG,202508,12.Alimentação fora do domicílio,8.78,8.78
7060,2265,IPCA - Variação acumulada em 12 meses,%,Região Metropolitana até 2020,3101,Belo Horizonte - MG,202509,12.Alimentação fora do domicílio,8.79,8.79
7060,2265,IPCA - Variação acumulada em 12 meses,%,Região Metropolitana até 2020,3101,Belo Horizonte - MG,202510,12.Alimentação fora do domicílio,9.14,9.14
7060,2265,IPCA - Variação acumulada em 12 meses,%,Região Metropolitana até 2020,3101,Belo Horizonte - MG,202511,12.Alimentação fora do domicílio,7.73,7.73
7060,2265,IPCA - Variação acumulada em 12 meses,%,Região Metropolitana até 2020,3101,Belo Horizonte - MG,202512,12.Alimentação fora do domicílio,7.78,7.78
7060,2265,IPCA - Variação acumulada em 12 meses,%,Região Metropolitana até 2020,3101,Belo Horizonte - MG,202601,12.Alimentação fora do domicílio,7.39,7.39
7060,2265,IPCA - Variação acumulada em 12 meses,%,Região Metropolitana até 2020,3101,Belo Horizonte - MG,202602,12.Alimentação fora do domicílio,8.31,8.31
7060,2265,IPCA - Variação acumulada em 12 meses,%,Região Metropolitana até 2020,3101,Belo Horizonte - MG,202603,12.Alimentação fora do domicílio,8.86,8.86
7060,2265,IPCA - Variação acumulada em 12 meses,%,Região Metropolitana até 2020,3101,Belo Horizonte - MG,202604,12.Alimentação fora do domicílio,8.26,8.26
7060,2265,IPCA - Variação acumulada em 12 meses,%,Região Metropolitana até 2020,3101,Belo Horizonte - MG,202605,12.Alimentação fora do domicílio,7.61,7.61
7060,2265,IPCA - Variação acumulada em 12 meses,%,Região Metropolitana até 2020,3101,Belo Horizonte - MG,202606,12.Alimentação fora do domicílio,7.34,7.34
7060,2265,IPCA - Variação acumulada em 12 meses,%,Região Metropolitana até 2020,3101,Belo Horizonte - MG,202607,12.Alimentação fora do domicílio,6.97,6.97
7060,2265,IPCA - Variação acumulada em 12 meses,%,Região Metropolitana até 2020,3101,Belo Horizonte - MG,202608,12.Alimentação fora do domicílio,6.75,6.75
7060,2265,IPCA - Variação acumulada em 12 meses,%,Região Metropolitana até 2020,3201,Grande Vitória - ES,202309,12.Alimentação fora do domicílio,8.87,8.87
7060,2265,IPCA - Variação acumulada em 12 meses,%,Região Metropolitana até 2020,3201,Grande Vitória - ES,202310,12.Alimentação fora do domicílio,8.17,8.17
7060,2265,IPCA - Variação acumulada em 12 meses,%,Região Metropolitana até 2020,3201,Grande Vitória - ES,202311,12.Alimentação fora do domicílio,7.71,7.71
7060,2265,IPCA - Variação acumulada em 12 meses,%,Região Metropolitana até 2020,3201,Grande Vitória - ES,202312,12.Alimentação fora do domicílio,7.68,7.68
7060,2265,IPCA - Variação acumulada em 12 meses,%,Região Metropolitana até 2020,3201,Grande Vitória - ES,202401,12.Alimentação fora do domicílio,7.23,7.23
7060,2265,IPCA - Variação acumulada em 12 meses,%,Região Metropolitana até 2020,3201,Grande Vitória - ES,202402,12.Alimentação fora do domicílio,7.21,7.21
7060,2265,IPCA - Variação acumulada em 12 meses,%,Região Metropolitana até 2020,3201,Grande Vitória - ES,202403,12.Alimentação fora do domicílio,6.65,6.65
7060,2265,IPCA - Variação acumulada em 12 meses,%,Região Metropolitana até 2020,3201,Grande Vitória - ES,202404,12.Alimentação fora do domicílio,6.25,6.25
7060,2265,IPCA - Variação acumulada em 12 meses,%,Região Metropolitana até 2020,3201,Grande Vitória - ES,202405,12.Alimentação fora do domicílio,6.49,6.49
7060,2265,IPCA - Variação acumulada em 12 meses,%,Região Metropolitana até 2020,3201,Grande Vitória - ES,202406,12.Alimentação fora do domicílio,6.29,6.29
7060,2265,IPCA - Variação acumulada em 12 meses,%,Região Metropolitana até 2020,3201,Grande Vitória - ES,202407,12.Alimentação fora do domicílio,5.57,5.57
7060,2265,IPCA - Variação acumulada em 12 meses,%,Região Metropolitana até 2020,3201,Grande Vitória - ES,202408,12.Alimentação fora do domicílio,5.41,5.41
7060,2265,IPCA - Variação acumulada em 12 meses,%,Região Metropolitana até 2020,3201,Grande Vitória - ES,202409,12.Alimentação fora do domicílio,5.02,5.02
7060,2265,IPCA - Variação acumulada em 12 meses,%,Região Metropolitana até 2020,3201,Grande Vitória - ES,202410,12.Alimentação fora do domicílio,5.22,5.22
7060,2265,IPCA - Variação acumulada em 12 meses,%,Região Metropolitana até 2020,3201,Grande Vitória - ES,202411,12.Alimentação fora do domicílio,5.01,5.01
7060,2265,IPCA - Variação acumulada em 12 meses,%,Região Metropolitana até 2020,3201,Grande Vitória - ES,202412,12.Alimentação fora do domicílio,5.53,5.53
7060,2265,IPCA - Variação acumulada em 12 meses,%,Região Metropolitana até 2020,3201,Grande Vitória - ES,202501,12.Alimentação fora do domicílio,7.30,7.3
7060,2265,IPCA - Variação acumulada em 12 meses,%,Região Metropolitana até 2020,3201,Grande Vitória - ES,202502,12.Alimentação fora do domicílio,7.93,7.93
7060,2265,IPCA - Variação acumulada em 12 meses,%,Região Metropolitana até 2020,3201,Grande Vitória - ES,202503,12.Alimentação fora do domicílio,8.02,8.02
7060,2265,IPCA - Variação acumulada em 12 meses,%,Região Metropolitana até 2020,3201,Grande Vitória - ES,202504,12.Alimentação fora do domicílio,9.28,9.28
7060,2265,IPCA - Variação acumulada em 12 meses,%,Região Metropolitana até 2020,3201,Grande Vitória - ES,202505,12.Alimentação fora do domicílio,8.61,8.61
7060,2265,IPCA - Variação acumulada em 12 meses,%,Região Metropolitana até 2020,3201,Grande Vitória - ES,202506,12.Alimentação fora do domicílio,8.47,8.47
7060,2265,IPCA - Variação acumulada em 12 meses,%,Região Metropolitana até 2020,3201,Grande Vitória - ES,202507,12.Alimentação fora do domicílio,9.03,9.03
7060,2265,IPCA - Variação acumulada em 12 meses,%,Região Metropolitana até 2020,3201,Grande Vitória - ES,202508,12.Alimentação fora do domicílio,9.44,9.44
7060,2265,IPCA - Variação acumulada em 12 meses,%,Região Metropolitana até 2020,3201,Grande Vitória - ES,202509,12.Alimentação fora do domicílio,9.81,9.81
7060,2265,IPCA - Variação acumulada em 12 meses,%,Região Metropolitana até 2020,3201,Grande Vitória - ES,202510,12.Alimentação fora do domicílio,10.35,10.35
7060,2265,IPCA - Variação acumulada em 12 meses,%,Região Metropolitana até 2020,3201,Grande Vitória - ES,202511,12.Alimentação fora do domicílio,10.09,10.09
7060,2265,IPCA - Variação acumulada em 12 meses,%,Região Metropolitana até 2020,3201,Grande Vitória - ES,202512,12.Alimentação fora do domicílio,9.31,9.31
7060,2265,IPCA - Variação acumulada em 12 meses,%,Região Metropolitana até 2020,3201,Grande Vitória - ES,202601,12.Alimentação fora do domicílio,8.22,8.22
7060,2265,IPCA - Variação acumulada em 12 meses,%,Região Metropolitana até 2020,3201,Grande Vitória - ES,202602,12.Alimentação fora do domicílio,7.82,7.82
7060,2265,IPCA - Variação acumulada em 12 meses,%,Região Metropolitana até 2020,3201,Grande Vitória - ES,202603,12.Alimentação fora do domicílio,7.10,7.1
7060,2265,IPCA - Variação acumulada em 12 meses,%,Região Metropolitana até 2020,3201,Grande Vitória - ES,202604,12.Alimentação fora do domicílio,6.18,6.18
7060,2265,IPCA - Variação acumulada em 12 meses,%,Região Metropolitana até 2020,3201,Grande Vitória - ES,202605,12.Alimentação fora do domicílio,7.01,7.01
7060,2265,IPCA - Variação acumulada em 12 meses,%,Região Metropolitana até 2020,3201,Grande Vitória - ES,202606,12.Alimentação fora do domicílio,7.09,7.09
7060,2265,IPCA - Variação acumulada em 12 meses,%,Região Metropolitana até 2020,3201,Grande Vitória - ES,202607,12.Alimentação fora do domicílio,7.42,7.42
7060,2265,IPCA - Variação acumulada em 12 meses,%,Região Metropolitana até 2020,3201,Grande Vitória - ES,202608,12.Alimentação fora do domicílio,6.97,6.97
7060,2265,IPCA - Variação acumulada em 12 meses,%,Região Metropolitana até 2020,3301,Rio de Janeiro - RJ,202309,12.Alimentação fora do domicílio,3.72,3.72
7060,2265,IPCA - Variação acumulada em 12 meses,%,Região Metropolitana até 2020,3301,Rio de Janeiro - RJ,202310,12.Alimentação fora do domicílio,3.95,3.95
7060,2265,IPCA - Variação acumulada em 12 meses,%,Região Metropolitana até 2020,3301,Rio de Janeiro - RJ,202311,12.Alimentação fora do domicílio,4.04,4.04
7060,2265,IPCA - Variação acumulada em 12 meses,%,Região Metropolitana até 2020,3301,Rio de Janeiro - RJ,202312,12.Alimentação fora do domicílio,3.75,3.75
7060,2265,IPCA - Variação acumulada em 12 meses,%,Região Metropolitana até 2020,3301,Rio de Janeiro - RJ,202401,12.Alimentação fora do domicílio,3.71,3.71
7060,2265,IPCA - Variação acumulada em 12 meses,%,Região Metropolitana até 2020,3301,Rio de Janeiro - RJ,202402,12.Alimentação fora do domicílio,3.43,3.43
7060,2265,IPCA - Variação acumulada em 12 meses,%,Região Metropolitana até 2020,3301,Rio de Janeiro - RJ,202403,12.Alimentação fora do domicílio,3.52,3.52
7060,2265,IPCA - Variação acumulada em 12 meses,%,Região Metropolitana até 2020,3301,Rio de Janeiro - RJ,202404,12.Alimentação fora do domicílio,3.66,3.66
7060,2265,IPCA - Variação acumulada em 12 meses,%,Região Metropolitana até 2020,3301,Rio de Janeiro - RJ,202405,12.Alimentação fora do domicílio,3.20,3.2
7060,2265,IPCA - Variação acumulada em 12 meses,%,Região Metropolitana até 2020,3301,Rio de Janeiro - RJ,202406,12.Alimentação fora do domicílio,2.90,2.9
7060,2265,IPCA - Variação acumulada em 12 meses,%,Região Metropolitana até 2020,3301,Rio de Janeiro - RJ,202407,12.Alimentação fora do domicílio,2.96,2.96
7060,2265,IPCA - Variação acumulada em 12 meses,%,Região Metropolitana até 2020,3301,Rio de Janeiro - RJ,202408,12.Alimentação fora do domicílio,3.27,3.27
7060,2265,IPCA - Variação acumulada em 12 meses,%,Região Metropolitana até 2020,3301,Rio de Janeiro - RJ,202409,12.Alimentação fora do domicílio,3.90,3.9
7060,2265,IPCA - Variação acumulada em 12 meses,%,Região Metropolitana até 2020,3301,Rio de Janeiro - RJ,202410,12.Alimentação fora do domicílio,4.59,4.59
7060,2265,IPCA - Variação acumulada em 12 meses,%,Região Metropolitana até 2020,3301,Rio de Janeiro - RJ,202411,12.Alimentação fora do domicílio,5.54,5.54
7060,2265,IPCA - Variação acumulada em 12 meses,%,Região Metropolitana até 2020,3301,Rio de Janeiro - RJ,202412,12.Alimentação fora do domicílio,6.98,6.98
7060,2265,IPCA - Variação acumulada em 12 meses,%,Região Metropolitana até 2020,3301,Rio de Janeiro - RJ,202501,12.Alimentação fora do domicílio,7.78,7.78
7060,2265,IPCA - Variação acumulada em 12 meses,%,Região Metropolitana até 2020,3301,Rio de Janeiro - RJ,202502,12.Alimentação fora do domicílio,7.87,7.87
7060,2265,IPCA - Variação acumulada em 12 meses,%,Região Metropolitana até 2020,3301,Rio de Janeiro - RJ,202503,12.Alimentação fora do domicílio,7.70,7.7
7060,2265,IPCA - Variação acumulada em 12 meses,%,Região Metropolitana até 2020,3301,Rio de Janeiro - RJ,202504,12.Alimentação fora do domicílio,7.80,7.8
7060,2265,IPCA - Variação acumulada em 12 meses,%,Região Metropolitana até 2020,3301,Rio de Janeiro - RJ,202505,12.Alimentação fora do domicílio,8.76,8.76
7060,2265,IPCA - Variação acumulada em 12 meses,%,Região Metropolitana até 2020,3301,Rio de Janeiro - RJ,202506,12.Alimentação fora do domicílio,8.96,8.96
7060,2265,IPCA - Variação acumulada em 12 meses,%,Região Metropolitana até 2020,3301,Rio de Janeiro - RJ,202507,12.Alimentação fora do domicílio,10.08,10.08
7060,2265,IPCA - Variação acumulada em 12 meses,%,Região Metropolitana até 2020,3301,Rio de Janeiro - RJ,202508,12.Alimentação fora do domicílio,10.28,10.28
7060,2265,IPCA - Variação acumulada em 12 meses,%,Região Metropolitana até 2020,3301,Rio de Janeiro - RJ,202509,12.Alimentação fora do domicílio,9.31,9.31
7060,2265,IPCA - Variação acumulada em 12 meses,%,Região Metropolitana até 2020,3301,Rio de Janeiro - RJ,202510,12.Alimentação fora do domicílio,8.38,8.38
7060,2265,IPCA - Variação acumulada em 12 meses,%,Região Metropolitana até 2020,3301,Rio de Janeiro - RJ,202511,12.Alimentação fora do domicílio,7.88,7.88
7060,2265,IPCA - Variação acumulada em 12 meses,%,Região Metropolitana até 2020,3301,Rio de Janeiro - RJ,202512,12.Alimentação fora do domicílio,6.48,6.48
7060,2265,IPCA - Variação acumulada em 12 meses,%,Região Metropolitana até 2020,3301,Rio de Janeiro - RJ,202601,12.Alimentação fora do domicílio,6.10,6.1
7060,2265,IPCA - Variação acumulada em 12 meses,%,Região Metropolitana até 2020,3301,Rio de Janeiro - RJ,202602,12.Alimentação fora do domicílio,6.10,6.1
7060,2265,IPCA - Variação acumulada em 12 meses,%,Região Metropolitana até 2020,3301,Rio de Janeiro - RJ,202603,12.Alimentação fora do domicílio,5.42,5.42
7060,2265,IPCA - Variação acumulada em 12 meses,%,Região Metropolitana até 2020,3301,Rio de Janeiro - RJ,202604,12.Alimentação fora do domicílio,5.08,5.08
7060,2265,IPCA - Variação acumulada em 12 meses,%,Região Metropolitana até 2020,3301,Rio de Janeiro - RJ,202605,12.Alimentação fora do domicílio,4.41,4.41
7060,2265,IPCA - Variação acumulada em 12 meses,%,Região Metropolitana até 2020,3301,Rio de Janeiro - RJ,202606,12.Alimentação fora do domicílio,3.96,3.96
7060,2265,IPCA - Variação acumulada em 12 meses,%,Região Metropolitana até 2020,3301,Rio de Janeiro - RJ,202607,12.Alimentação fora do domicílio,3.65,3.65
7060,2265,IPCA - Variação acumulada em 12 meses,%,Região Metropolitana até 2020,3301,Rio de Janeiro - RJ,202608,12.Alimentação fora do domicílio,3.47,3.47
7060,2265,IPCA - Variação acumulada em 12 meses,%,Região Metropolitana até 2020,3501,São Paulo - SP,202309,12.Alimentação fora do domicílio,5.83,5.83
7060,2265,IPCA - Variação acumulada em 12 meses,%,Região Metropolitana até 2020,3501,São Paulo - SP,202310,12.Alimentação fora do domicílio,5.74,5.74
7060,2265,IPCA - Variação acumulada em 12 meses,%,Região Metropolitana até 2020,3501,São Paulo - SP,202311,12.Alimentação fora do domicílio,5.53,5.53
7060,2265,IPCA - Variação acumulada em 12 meses,%,Região Metropolitana até 2020,3501,São Paulo - SP,202312,12.Alimentação fora do domicílio,5.87,5.87
7060,2265,IPCA - Variação acumulada em 12 meses,%,Região Metropolitana até 2020,3501,São Paulo - SP,202401,12.Alimentação fora do domicílio,5.06,5.06
7060,2265,IPCA - Variação acumulada em 12 meses,%,Região Metropolitana até 2020,3501,São Paulo - SP,202402,12.Alimentação fora do domicílio,4.72,4.72
7060,2265,IPCA - Variação acumulada em 12 meses,%,Região Metropolitana até 2020,3501,São Paulo - SP,202403,12.Alimentação fora do domicílio,4.38,4.38
7060,2265,IPCA - Variação acumulada em 12 meses,%,Região Metropolitana até 2020,3501,São Paulo - SP,202404,12.Alimentação fora do domicílio,4.02,4.02
7060,2265,IPCA - Variação acumulada em 12 meses,%,Região Metropolitana até 2020,3501,São Paulo - SP,202405,12.Alimentação fora do domicílio,4.11,4.11
7060,2265,IPCA - Variação acumulada em 12 meses,%,Região Metropolitana até 2020,3501,São Paulo - SP,202406,12.Alimentação fora do domicílio,3.99,3.99
7060,2265,IPCA - Variação acumulada em 12 meses,%,Região Metropolitana até 2020,3501,São Paulo - SP,202407,12.Alimentação fora do domicílio,4.32,4.32
7060,2265,IPCA - Variação acumulada em 12 meses,%,Região Metropolitana até 2020,3501,São Paulo - SP,202408,12.Alimentação fora do domicílio,4.93,4.93
7060,2265,IPCA - Variação acumulada em 12 meses,%,Região Metropolitana até 2020,3501,São Paulo - SP,202409,12.Alimentação fora do domicílio,4.70,4.7
7060,2265,IPCA - Variação acumulada em 12 meses,%,Região Metropolitana até 2020,3501,São Paulo - SP,202410,12.Alimentação fora do domicílio,4.99,4.99
7060,2265,IPCA - Variação acumulada em 12 meses,%,Região Metropolitana até 2020,3501,São Paulo - SP,202411,12.Alimentação fora do domicílio,5.22,5.22
7060,2265,IPCA - Variação acumulada em 12 meses,%,Região Metropolitana até 2020,3501,São Paulo - SP,202412,12.Alimentação fora do domicílio,6.07,6.07
7060,2265,IPCA - Variação acumulada em 12 meses,%,Região Metropolitana até 2020,3501,São Paulo - SP,202501,12.Alimentação fora do domicílio,6.29,6.29
7060,2265,IPCA - Variação acumulada em 12 meses,%,Região Metropolitana até 2020,3501,São Paulo - SP,202502,12.Alimentação fora do domicílio,6.27,6.27
7060,2265,IPCA - Variação acumulada em 12 meses,%,Região Metropolitana até 2020,3501,São Paulo - SP,202503,12.Alimentação fora do domicílio,7.44,7.44
7060,2265,IPCA - Variação acumulada em 12 meses,%,Região Metropolitana até 2020,3501,São Paulo - SP,202504,12.Alimentação fora do domicílio,8.05,8.05
7060,2265,IPCA - Variação acumulada em 12 meses,%,Região Metropolitana até 2020,3501,São Paulo - SP,202505,12.Alimentação fora do domicílio,7.60,7.6
7060,2265,IPCA - Variação acumulada em 12 meses,%,Região Metropolitana até 2020,3501,São Paulo - SP,202506,12.Alimentação fora do domicílio,7.68,7.68
7060,2265,IPCA - Variação acumulada em 12 meses,%,Região Metropolitana até 2020,3501,São Paulo - SP,202507,12.Alimentação fora do domicílio,8.23,8.23
7060,2265,IPCA - Variação acumulada em 12 meses,%,Região Metropolitana até 2020,3501,São Paulo - SP,202508,12.Alimentação fora do domicílio,8.51,8.51
7060,2265,IPCA - Variação acumulada em 12 meses,%,Região Metropolitana até 2020,3501,São Paulo - SP,202509,12.Alimentação fora do domicílio,8.07,8.07
7060,2265,IPCA - Variação acumulada em 12 meses,%,Região Metropolitana até 2020,3501,São Paulo - SP,202510,12.Alimentação fora do domicílio,7.80,7.8
7060,2265,IPCA - Variação acumulada em 12 meses,%,Região Metropolitana até 2020,3501,São Paulo - SP,202511,12.Alimentação fora do domicílio,7.69,7.69
7060,2265,IPCA - Variação acumulada em 12 meses,%,Região Metropolitana até 2020,3501,São Paulo - SP,202512,12.Alimentação fora do domicílio,6.57,6.57
7060,2265,IPCA - Variação acumulada em 12 meses,%,Região Metropolitana até 2020,3501,São Paulo - SP,202601,12.Alimentação fora do domicílio,6.89,6.89
7060,2265,IPCA - Variação acumulada em 12 meses,%,Região Metropolitana até 2020,3501,São Paulo - SP,202602,12.Alimentação fora do domicílio,6.86,6.86
7060,2265,IPCA - Variação acumulada em 12 meses,%,Região Metropolitana até 2020,3501,São Paulo - SP,202603,12.Alimentação fora do domicílio,6.76,6.76
7060,2265,IPCA - Variação acumulada em 12 meses,%,Região Metropolitana até 2020,3501,São Paulo - SP,202604,12.Alimentação fora do domicílio,6.63,6.63
7060,2265,IPCA - Variação acumulada em 12 meses,%,Região Metropolitana até 2020,3501,São Paulo - SP,202605,12.Alimentação fora do domicílio,6.71,6.71
7060,2265,IPCA - Variação acumulada em 12 meses,%,Região Metropolitana até 2020,3501,São Paulo - SP,202606,12.Alimentação fora do domicílio,6.04,6.04
7060,2265,IPCA - Variação acumulada em 12 meses,%,Região Metropolitana até 2020,3501,São Paulo - SP,202607,12.Alimentação fora do domicílio,5.78,5.78
7060,2265,IPCA - Variação acumulada em 12 meses,%,Região Metropolitana até 2020,3501,São Paulo - SP,202608,12.Alimentação fora do domicílio,5.42,5.42
7060,2265,IPCA - Variação acumulada em 12 meses,%,Região Metropolitana até 2020,4101,Curitiba - PR,202309,12.Alimentação fora do domicílio,4.16,4.16
7060,2265,IPCA - Variação acumulada em 12 meses,%,Região Metropolitana até 2020,4101,Curitiba - PR,202310,12.Alimentação fora do domicílio,3.30,3.3
7060,2265,IPCA - Variação acumulada em 12 meses,%,Região Metropolitana até 2020,4101,Curitiba - PR,202311,12.Alimentação fora do domicílio,3.11,3.11
7060,2265,IPCA - Variação acumulada em 12 meses,%,Região Metropolitana até 2020,4101,Curitiba - PR,202312,12.Alimentação fora do domicílio,3.50,3.5
7060,2265,IPCA - Variação acumulada em 12 meses,%,Região Metropolitana até 2020,4101,Curitiba - PR,202401,12.Alimentação fora do domicílio,4.25,4.25
7060,2265,IPCA - Variação acumulada em 12 meses,%,Região Metropolitana até 2020,4101,Curitiba - PR,202402,12.Alimentação fora do domicílio,4.39,4.39
7060,2265,IPCA - Variação acumulada em 12 meses,%,Região Metropolitana até 2020,4101,Curitiba - PR,202403,12.Alimentação fora do domicílio,4.24,4.24
7060,2265,IPCA - Variação acumulada em 12 meses,%,Região Metropolitana até 2020,4101,Curitiba - PR,202404,12.Alimentação fora do domicílio,4.10,4.1
7060,2265,IPCA - Variação acumulada em 12 meses,%,Região Metropolitana até 2020,4101,Curitiba - PR,202405,12.Alimentação fora do domicílio,3.91,3.91
7060,2265,IPCA - Variação acumulada em 12 meses,%,Região Metropolitana até 2020,4101,Curitiba - PR,202406,12.Alimentação fora do domicílio,4.91,4.91
7060,2265,IPCA - Variação acumulada em 12 meses,%,Região Metropolitana até 2020,4101,Curitiba - PR,202407,12.Alimentação fora do domicílio,4.60,4.6
7060,2265,IPCA - Variação acumulada em 12 meses,%,Região Metropolitana até 2020,4101,Curitiba - PR,202408,12.Alimentação fora do domicílio,4.92,4.92
7060,2265,IPCA - Variação acumulada em 12 meses,%,Região Metropolitana até 2020,4101,Curitiba - PR,202409,12.Alimentação fora do domicílio,5.25,5.25
7060,2265,IPCA - Variação acumulada em 12 meses,%,Região Metropolitana até 2020,4101,Curitiba - PR,202410,12.Alimentação fora do domicílio,5.72,5.72
7060,2265,IPCA - Variação acumulada em 12 meses,%,Região Metropolitana até 2020,4101,Curitiba - PR,202411,12.Alimentação fora do domicílio,6.48,6.48
7060,2265,IPCA - Variação acumulada em 12 meses,%,Região Metropolitana até 2020,4101,Curitiba - PR,202412,12.Alimentação fora do domicílio,6.54,6.54
7060,2265,IPCA - Variação acumulada em 12 meses,%,Região Metropolitana até 2020,4101,Curitiba - PR,202501,12.Alimentação fora do domicílio,6.40,6.4
7060,2265,IPCA - Variação acumulada em 12 meses,%,Região Metropolitana até 2020,4101,Curitiba - PR,202502,12.Alimentação fora do domicílio,6.85,6.85
7060,2265,IPCA - Variação acumulada em 12 meses,%,Região Metropolitana até 2020,4101,Curitiba - PR,202503,12.Alimentação fora do domicílio,7.84,7.84
7060,2265,IPCA - Variação acumulada em 12 meses,%,Região Metropolitana até 2020,4101,Curitiba - PR,202504,12.Alimentação fora do domicílio,8.36,8.36
7060,2265,IPCA - Variação acumulada em 12 meses,%,Região Metropolitana até 2020,4101,Curitiba - PR,202505,12.Alimentação fora do domicílio,9.10,9.1
7060,2265,IPCA - Variação acumulada em 12 meses,%,Região Metropolitana até 2020,4101,Curitiba - PR,202506,12.Alimentação fora do domicílio,8.62,8.62
7060,2265,IPCA - Variação acumulada em 12 meses,%,Região Metropolitana até 2020,4101,Curitiba - PR,202507,12.Alimentação fora do domicílio,8.57,8.57
7060,2265,IPCA - Variação acumulada em 12 meses,%,Região Metropolitana até 2020,4101,Curitiba - PR,202508,12.Alimentação fora do domicílio,8.49,8.49
7060,2265,IPCA - Variação acumulada em 12 meses,%,Região Metropolitana até 2020,4101,Curitiba - PR,202509,12.Alimentação fora do domicílio,7.94,7.94
7060,2265,IPCA - Variação acumulada em 12 meses,%,Região Metropolitana até 2020,4101,Curitiba - PR,202510,12.Alimentação fora do domicílio,7.59,7.59
7060,2265,IPCA - Variação acumulada em 12 meses,%,Região Metropolitana até 2020,4101,Curitiba - PR,202511,12.Alimentação fora do domicílio,6.78,6.78
7060,2265,IPCA - Variação acumulada em 12 meses,%,Região Metropolitana até 2020,4101,Curitiba - PR,202512,12.Alimentação fora do domicílio,7.11,7.11
7060,2265,IPCA - Variação acumulada em 12 meses,%,Região Metropolitana até 2020,4101,Curitiba - PR,202601,12.Alimentação fora do domicílio,6.73,6.73
7060,2265,IPCA - Variação acumulada em 12 meses,%,Região Metropolitana até 2020,4101,Curitiba - PR,202602,12.Alimentação fora do domicílio,5.77,5.77
7060,2265,IPCA - Variação acumulada em 12 meses,%,Região Metropolitana até 2020,4101,Curitiba - PR,202603,12.Alimentação fora do domicílio,5.41,5.41
7060,2265,IPCA - Variação acumulada em 12 meses,%,Região Metropolitana até 2020,4101,Curitiba - PR,202604,12.Alimentação fora do domicílio,5.24,5.24
7060,2265,IPCA - Variação acumulada em 12 meses,%,Região Metropolitana até 2020,4101,Curitiba - PR,202605,12.Alimentação fora do domicílio,4.21,4.21
7060,2265,IPCA - Variação acumulada em 12 meses,%,Região Metropolitana até 2020,4101,Curitiba - PR,202606,12.Alimentação fora do domicílio,4.36,4.36
7060,2265,IPCA - Variação acumulada em 12 meses,%,Região Metropolitana até 2020,4101,Curitiba - PR,202607,12.Alimentação fora do domicílio,4.38,4.38
7060,2265,IPCA - Variação acumulada em 12 meses,%,Região Metropolitana até 2020,4101,Curitiba - PR,202608,12.Alimentação fora do domicílio,4.35,4.35
7060,2265,IPCA - Variação acumulada em 12 meses,%,Região Metropolitana até 2020,4301,Porto Alegre - RS,202309,12.Alimentação fora do domicílio,5.00,5.0
7060,2265,IPCA - Variação acumulada em 12 meses,%,Região Metropolitana até 2020,4301,Porto Alegre - RS,202310,12.Alimentação fora do domicílio,5.47,5.47
7060,2265,IPCA - Variação acumulada em 12 meses,%,Região Metropolitana até 2020,4301,Porto Alegre - RS,202311,12.Alimentação fora do domicílio,5.53,5.53
7060,2265,IPCA - Variação acumulada em 12 meses,%,Região Metropolitana até 2020,4301,Porto Alegre - RS,202312,12.Alimentação fora do domicílio,5.59,5.59
7060,2265,IPCA - Variação acumulada em 12 meses,%,Região Metropolitana até 2020,4301,Porto Alegre - RS,202401,12.Alimentação fora do domicílio,5.42,5.42
7060,2265,IPCA - Variação acumulada em 12 meses,%,Região Metropolitana até 2020,4301,Porto Alegre - RS,202402,12.Alimentação fora do domicílio,6.16,6.16
7060,2265,IPCA - Variação acumulada em 12 meses,%,Região Metropolitana até 2020,4301,Porto Alegre - RS,202403,12.Alimentação fora do domicílio,5.42,5.42
7060,2265,IPCA - Variação acumulada em 12 meses,%,Região Metropolitana até 2020,4301,Porto Alegre - RS,202404,12.Alimentação fora do domicílio,4.80,4.8
7060,2265,IPCA - Variação acumulada em 12 meses,%,Região Metropolitana até 2020,4301,Porto Alegre - RS,202405,12.Alimentação fora do domicílio,4.31,4.31
7060,2265,IPCA - Variação acumulada em 12 meses,%,Região Metropolitana até 2020,4301,Porto Alegre - RS,202406,12.Alimentação fora do domicílio,3.62,3.62
7060,2265,IPCA - Variação acumulada em 12 meses,%,Região Metropolitana até 2020,4301,Porto Alegre - RS,202407,12.Alimentação fora do domicílio,4.50,4.5
7060,2265,IPCA - Variação acumulada em 12 meses,%,Região Metropolitana até 2020,4301,Porto Alegre - RS,202408,12.Alimentação fora do domicílio,3.84,3.84
7060,2265,IPCA - Variação acumulada em 12 meses,%,Região Metropolitana até 2020,4301,Porto Alegre - RS,202409,12.Alimentação fora do domicílio,4.37,4.37
7060,2265,IPCA - Variação acumulada em 12 meses,%,Região Metropolitana até 2020,4301,Porto Alegre - RS,202410,12.Alimentação fora do domicílio,4.35,4.35
7060,2265,IPCA - Variação acumulada em 12 meses,%,Região Metropolitana até 2020,4301,Porto Alegre - RS,202411,12.Alimentação fora do domicílio,5.49,5.49
7060,2265,IPCA - Variação acumulada em 12 meses,%,Região Metropolitana até 2020,4301,Porto Alegre - RS,202412,12.Alimentação fora do domicílio,6.31,6.31
7060,2265,IPCA - Variação acumulada em 12 meses,%,Região Metropolitana até 2020,4301,Porto Alegre - RS,202501,12.Alimentação fora do domicílio,7.21,7.21
7060,2265,IPCA - Variação acumulada em 12 meses,%,Região Metropolitana até 2020,4301,Porto Alegre - RS,202502,12.Alimentação fora do domicílio,6.31,6.31
7060,2265,IPCA - Variação acumulada em 12 meses,%,Região Metropolitana até 2020,4301,Porto Alegre - RS,202503,12.Alimentação fora do domicílio,7.06,7.06
7060,2265,IPCA - Variação acumulada em 12 meses,%,Região Metropolitana até 2020,4301,Porto Alegre - RS,202504,12.Alimentação fora do domicílio,7.29,7.29
7060,2265,IPCA - Variação acumulada em 12 meses,%,Região Metropolitana até 2020,4301,Porto Alegre - RS,202505,12.Alimentação fora do domicílio,8.57,8.57
7060,2265,IPCA - Variação acumulada em 12 meses,%,Região Metropolitana até 2020,4301,Porto Alegre - RS,202506,12.Alimentação fora do domicílio,9.15,9.15
7060,2265,IPCA - Variação acumulada em 12 meses,%,Região Metropolitana até 2020,4301,Porto Alegre - RS,202507,12.Alimentação fora do domicílio,9.70,9.7
7060,2265,IPCA - Variação acumulada em 12 meses,%,Região Metropolitana até 2020,4301,Porto Alegre - RS,202508,12.Alimentação fora do domicílio,9.88,9.88
7060,2265,IPCA - Variação acumulada em 12 meses,%,Região Metropolitana até 2020,4301,Porto Alegre - RS,202509,12.Alimentação fora do domicílio,9.45,9.45
7060,2265,IPCA - Variação acumulada em 12 meses,%,Região Metropolitana até 2020,4301,Porto Alegre - RS,202510,12.Alimentação fora do domicílio,9.68,9.68
7060,2265,IPCA - Variação acumulada em 12 meses,%,Região Metropolitana até 2020,4301,Porto Alegre - RS,202511,12.Alimentação fora do domicílio,8.48,8.48
7060,2265,IPCA - Variação acumulada em 12 meses,%,Região Metropolitana até 2020,4301,Porto Alegre - RS,202512,12.Alimentação fora do domicílio,7.67,7.67
7060,2265,IPCA - Variação acumulada em 12 meses,%,Região Metropolitana até 2020,4301,Porto Alegre - RS,202601,12.Alimentação fora do domicílio,7.04,7.04
7060,2265,IPCA - Variação acumulada em 12 meses,%,Região Metropolitana até 2020,4301,Porto Alegre - RS,202602,12.Alimentação fora do domicílio,7.54,7.54
7060,2265,IPCA - Variação acumulada em 12 meses,%,Região Metropolitana até 2020,4301,Porto Alegre - RS,202603,12.Alimentação fora do domicílio,6.80,6.8
7060,2265,IPCA - Variação acumulada em 12 meses,%,Região Metropolitana até 2020,4301,Porto Alegre - RS,202604,12.Alimentação fora do domicílio,6.69,6.69
7060,2265,IPCA - Variação acumulada em 12 meses,%,Região Metropolitana até 2020,4301,Porto Alegre - RS,202605,12.Alimentação fora do domicílio,6.47,6.47
7060,2265,IPCA - Variação acumulada em 12 meses,%,Região Metropolitana até 2020,4301,Porto Alegre - RS,202606,12.Alimentação fora do domicílio,5.75,5.75
7060,2265,IPCA - Variação acumulada em 12 meses,%,Região Metropolitana até 2020,4301,Porto Alegre - RS,202607,12.Alimentação fora do domicílio,4.90,4.9
7060,2265,IPCA - Variação acumulada em 12 meses,%,Região Metropolitana até 2020,4301,Porto Alegre - RS,202608,12.Alimentação fora do domicílio,5.17,5.17
7060,2265,IPCA - Variação acumulada em 12 meses,%,Brasil,1,Brasil,202309,1201.Alimentação fora do domicílio,5.42,5.42
7060,2265,IPCA - Variação acumulada em 12 meses,%,Brasil,1,Brasil,202310,1201.Alimentação fora do domicílio,5.35,5.35
7060,2265,IPCA - Variação acumulada em 12 meses,%,Brasil,1,Brasil,202311,1201.Alimentação fora do domicílio,5.28,5.28
7060,2265,IPCA - Variação acumulada em 12 meses,%,Brasil,1,Brasil,202312,1201.Alimentação fora do domicílio,5.31,5.31
7060,2265,IPCA - Variação acumulada em 12 meses,%,Brasil,1,Brasil,202401,1201.Alimentação fora do domicílio,4.97,4.97
7060,2265,IPCA - Variação acumulada em 12 meses,%,Brasil,1,Brasil,202402,1201.Alimentação fora do domicílio,4.96,4.96
7060,2265,IPCA - Variação acumulada em 12 meses,%,Brasil,1,Brasil,202403,1201.Alimentação fora do domicílio,4.71,4.71
7060,2265,IPCA - Variação acumulada em 12 meses,%,Brasil,1,Brasil,202404,1201.Alimentação fora do domicílio,4.42,4.42
7060,2265,IPCA - Variação acumulada em 12 meses,%,Brasil,1,Brasil,202405,1201.Alimentação fora do domicílio,4.33,4.33
7060,2265,IPCA - Variação acumulada em 12 meses,%,Brasil,1,Brasil,202406,1201.Alimentação fora do domicílio,4.24,4.24
7060,2265,IPCA - Variação acumulada em 12 meses,%,Brasil,1,Brasil,202407,1201.Alimentação fora do domicílio,4.43,4.43
7060,2265,IPCA - Variação acumulada em 12 meses,%,Brasil,1,Brasil,202408,1201.Alimentação fora do domicílio,4.55,4.55
7060,2265,IPCA - Variação acumulada em 12 meses,%,Brasil,1,Brasil,202409,1201.Alimentação fora do domicílio,4.78,4.78
7060,2265,IPCA - Variação acumulada em 12 meses,%,Brasil,1,Brasil,202410,1201.Alimentação fora do domicílio,5.02,5.02
7060,2265,IPCA - Variação acumulada em 12 meses,%,Brasil,1,Brasil,202411,1201.Alimentação fora do domicílio,5.60,5.6
7060,2265,IPCA - Variação acumulada em 12 meses,%,Brasil,1,Brasil,202412,1201.Alimentação fora do domicílio,6.29,6.29
7060,2265,IPCA - Variação acumulada em 12 meses,%,Brasil,1,Brasil,202501,1201.Alimentação fora do domicílio,6.74,6.74
7060,2265,IPCA - Variação acumulada em 12 meses,%,Brasil,1,Brasil,202502,1201.Alimentação fora do domicílio,6.72,6.72
7060,2265,IPCA - Variação acumulada em 12 meses,%,Brasil,1,Brasil,202503,1201.Alimentação fora do domicílio,7.17,7.17
7060,2265,IPCA - Variação acumulada em 12 meses,%,Brasil,1,Brasil,202504,1201.Alimentação fora do domicílio,7.61,7.61
7060,2265,IPCA - Variação acumulada em 12 meses,%,Brasil,1,Brasil,202505,1201.Alimentação fora do domicílio,7.70,7.7
7060,2265,IPCA - Variação acumulada em 12 meses,%,Brasil,1,Brasil,202506,1201.Alimentação fora do domicílio,7.80,7.8
7060,2265,IPCA - Variação acumulada em 12 meses,%,Brasil,1,Brasil,202507,1201.Alimentação fora do domicílio,8.31,8.31
7060,2265,IPCA - Variação acumulada em 12 meses,%,Brasil,1,Brasil,202508,1201.Alimentação fora do domicílio,8.50,8.5
7060,2265,IPCA - Variação acumulada em 12 meses,%,Brasil,1,Brasil,202509,1201.Alimentação fora do domicílio,8.24,8.24
7060,2265,IPCA - Variação acumulada em 12 meses,%,Brasil,1,Brasil,202510,1201.Alimentação fora do domicílio,8.05,8.05
7060,2265,IPCA - Variação acumulada em 12 meses,%,Brasil,1,Brasil,202511,1201.Alimentação fora do domicílio,7.60,7.6
7060,2265,IPCA - Variação acumulada em 12 meses,%,Brasil,1,Brasil,202512,1201.Alimentação fora do domicílio,6.97,6.97
7060,2265,IPCA - Variação acumulada em 12 meses,%,Brasil,1,Brasil,202601,1201.Alimentação fora do domicílio,6.84,6.84
7060,2265,IPCA - Variação acumulada em 12 meses,%,Brasil,1,Brasil,202602,1201.Alimentação fora do domicílio,6.70,6.7
7060,2265,IPCA - Variação acumulada em 12 meses,%,Brasil,1,Brasil,202603,1201.Alimentação fora do domicílio,6.54,6.54
7060,2265,IPCA - Variação acumulada em 12 meses,%,Brasil,1,Brasil,202604,1201.Alimentação fora do domicílio,6.31,6.31
7060,2265,IPCA - Variação acumulada em 12 meses,%,Brasil,1,Brasil,202605,1201.Alimentação fora do domicílio,6.22,6.22
7060,2265,IPCA - Variação acumulada em 12 meses,%,Brasil,1,Brasil,202606,1201.Alimentação fora do domicílio,5.89,5.89
7060,2265,IPCA - Variação acumulada em 12 meses,%,Brasil,1,Brasil,202607,1201.Alimentação fora do domicílio,5.55,5.55
7060,2265,IPCA - Variação acumulada em 12 meses,%,Brasil,1,Brasil,202608,1201.Alimentação fora do domicílio,5.40,5.4
7060,2265,IPCA - Variação acumulada em 12 meses,%,Município,1200401,Rio Branco - AC,202309,1201.Alimentação fora do domicílio,4.44,4.44
7060,2265,IPCA - Variação acumulada em 12 meses,%,Município,1200401,Rio Branco - AC,202310,1201.Alimentação fora do domicílio,3.89,3.89
7060,2265,IPCA - Variação acumulada em 12 meses,%,Município,1200401,Rio Branco - AC,202311,1201.Alimentação fora do domicílio,3.97,3.97
7060,2265,IPCA - Variação acumulada em 12 meses,%,Município,1200401,Rio Branco - AC,202312,1201.Alimentação fora do domicílio,4.66,4.66
7060,2265,IPCA - Variação acumulada em 12 meses,%,Município,1200401,Rio Branco - AC,202401,1201.Alimentação fora do domicílio,3.91,3.91
7060,2265,IPCA - Variação acumulada em 12 meses,%,Município,1200401,Rio Branco - AC,202402,1201.Alimentação fora do domicílio,4.10,4.1
7060,2265,IPCA - Variação acumulada em 12 meses,%,Município,1200401,Rio Branco - AC,202403,1201.Alimentação fora do domicílio,4.10,4.1
7060,2265,IPCA - Variação acumulada em 12 meses,%,Município,1200401,Rio Branco - AC,202404,1201.Alimentação fora do domicílio,4.05,4.05
7060,2265,IPCA - Variação acumulada em 12 meses,%,Município,1200401,Rio Branco - AC,202405,1201.Alimentação fora do domicílio,4.94,4.94
7060,2265,IPCA - Variação acumulada em 12 meses,%,Município,1200401,Rio Branco - AC,202406,1201.Alimentação fora do domicílio,5.19,5.19
7060,2265,IPCA - Variação acumulada em 12 meses,%,Município,1200401,Rio Branco - AC,202407,1201.Alimentação fora do domicílio,4.92,4.92
7060,2265,IPCA - Variação acumulada em 12 meses,%,Município,1200401,Rio Branco - AC,202408,1201.Alimentação fora do domicílio,5.18,5.18
7060,2265,IPCA - Variação acumulada em 12 meses,%,Município,1200401,Rio Branco - AC,202409,1201.Alimentação fora do domicílio,5.78,5.78
7060,2265,IPCA - Variação acumulada em 12 meses,%,Município,1200401,Rio Branco - AC,202410,1201.Alimentação fora do domicílio,6.34,6.34
7060,2265,IPCA - Variação acumulada em 12 meses,%,Município,1200401,Rio Branco - AC,202411,1201.Alimentação fora do domicílio,6.35,6.35
7060,2265,IPCA - Variação acumulada em 12 meses,%,Município,1200401,Rio Branco - AC,202412,1201.Alimentação fora do domicílio,7.28,7.28
7060,2265,IPCA - Variação acumulada em 12 meses,%,Município,1200401,Rio Branco - AC,202501,1201.Alimentação fora do domicílio,6.96,6.96
7060,2265,IPCA - Variação acumulada em 12 meses,%,Município,1200401,Rio Branco - AC,202502,1201.Alimentação fora do domicílio,6.43,6.43
7060,2265,IPCA - Variação acumulada em 12 meses,%,Município,1200401,Rio Branco - AC,202503,1201.Alimentação fora do domicílio,6.52,6.52
7060,2265,IPCA - Variação acumulada em 12 meses,%,Município,1200401,Rio Branco - AC,202504,1201.Alimentação fora do domicílio,6.61,6.61
7060,2265,IPCA - Variação acumulada em 12 meses,%,Município,1200401,Rio Branco - AC,202505,1201.Alimentação fora do domicílio,6.12,6.12
7060,2265,IPCA - Variação acumulada em 12 meses,%,Município,1200401,Rio Branco - AC,202506,1201.Alimentação fora do domicílio,5.65,5.65
7060,2265,IPCA - Variação acumulada em 12 meses,%,Município,1200401,Rio Branco - AC,202507,1201.Alimentação fora do domicílio,6.20,6.2
7060,2265,IPCA - Variação acumulada em 12 meses,%,Município,1200401,Rio Branco - AC,202508,1201.Alimentação fora do domicílio,6.31,6.31
7060,2265,IPCA - Variação acumulada em 12 meses,%,Município,1200401,Rio Branco - AC,202509,1201.Alimentação fora do domicílio,6.35,6.35
7060,2265,IPCA - Variação acumulada em 12 meses,%,Município,1200401,Rio Branco - AC,202510,1201.Alimentação fora do domicílio,5.66,5.66
7060,2265,IPCA - Variação acumulada em 12 meses,%,Município,1200401,Rio Branco - AC,202511,1201.Alimentação fora do domicílio,5.31,5.31
7060,2265,IPCA - Variação acumulada em 12 meses,%,Município,1200401,Rio Branco - AC,202512,1201.Alimentação fora do domicílio,4.75,4.75
7060,2265,IPCA - Variação acumulada em 12 meses,%,Município,1200401,Rio Branco - AC,202601,1201.Alimentação fora do domicílio,4.71,4.71
7060,2265,IPCA - Variação acumulada em 12 meses,%,Município,1200401,Rio Branco - AC,202602,1201.Alimentação fora do domicílio,4.75,4.75
7060,2265,IPCA - Variação acumulada em 12 meses,%,Município,1200401,Rio Branco - AC,202603,1201.Alimentação fora do domicílio,4.07,4.07
7060,2265,IPCA - Variação acumulada em 12 meses,%,Município,1200401,Rio Branco - AC,202604,1201.Alimentação fora do domicílio,4.29,4.29
7060,2265,IPCA - Variação acumulada em 12 meses,%,Município,1200401,Rio Branco - AC,202605,1201.Alimentação fora do domicílio,4.07,4.07
7060,2265,IPCA - Variação acumulada em 12 meses,%,Município,1200401,Rio Branco - AC,202606,1201.Alimentação fora do domicílio,4.28,4.28
7060,2265,IPCA - Variação acumulada em 12 meses,%,Município,1200401,Rio Branco - AC,202607,1201.Alimentação fora do domicílio,4.26,4.26
7060,2265,IPCA - Variação acumulada em 12 meses,%,Município,1200401,Rio Branco - AC,202608,1201.Alimentação fora do domicílio,4.53,4.53
7060,2265,IPCA - Variação acumulada em 12 meses,%,Município,2111300,São Luís - MA,202309,1201.Alimentação fora do domicílio,4.10,4.1
7060,2265,IPCA - Variação acumulada em 12 meses,%,Município,2111300,São Luís - MA,202310,1201.Alimentação fora do domicílio,3.40,3.4
7060,2265,IPCA - Variação acumulada em 12 meses,%,Município,2111300,São Luís - MA,202311,1201.Alimentação fora do domicílio,3.73,3.73
7060,2265,IPCA - Variação acumulada em 12 meses,%,Município,2111300,São Luís - MA,202312,1201.Alimentação fora do domicílio,3.25,3.25
7060,2265,IPCA - Variação acumulada em 12 meses,%,Município,2111300,São Luís - MA,202401,1201.Alimentação fora do domicílio,2.25,2.25
7060,2265,IPCA - Variação acumulada em 12 meses,%,Município,2111300,São Luís - MA,202402,1201.Alimentação fora do domicílio,2.99,2.99
7060,2265,IPCA - Variação acumulada em 12 meses,%,Município,2111300,São Luís - MA,202403,1201.Alimentação fora do domicílio,2.66,2.66
7060,2265,IPCA - Variação acumulada em 12 meses,%,Município,2111300,São Luís - MA,202404,1201.Alimentação fora do domicílio,2.30,2.3
7060,2265,IPCA - Variação acumulada em 12 meses,%,Município,2111300,São Luís - MA,202405,1201.Alimentação fora do domicílio,1.46,1.46
7060,2265,IPCA - Variação acumulada em 12 meses,%,Município,2111300,São Luís - MA,202406,1201.Alimentação fora do domicílio,1.70,1.7
7060,2265,IPCA - Variação acumulada em 12 meses,%,Município,2111300,São Luís - MA,202407,1201.Alimentação fora do domicílio,2.15,2.15
7060,2265,IPCA - Variação acumulada em 12 meses,%,Município,2111300,São Luís - MA,202408,1201.Alimentação fora do domicílio,1.25,1.25
7060,2265,IPCA - Variação acumulada em 12 meses,%,Município,2111300,São Luís - MA,202409,1201.Alimentação fora do domicílio,2.09,2.09
7060,2265,IPCA - Variação acumulada em 12 meses,%,Município,2111300,São Luís - MA,202410,1201.Alimentação fora do domicílio,2.79,2.79
7060,2265,IPCA - Variação acumulada em 12 meses,%,Município,2111300,São Luís - MA,202411,1201.Alimentação fora do domicílio,3.60,3.6
7060,2265,IPCA - Variação acumulada em 12 meses,%,Município,2111300,São Luís - MA,202412,1201.Alimentação fora do domicílio,4.73,4.73
7060,2265,IPCA - Variação acumulada em 12 meses,%,Município,2111300,São Luís - MA,202501,1201.Alimentação fora do domicílio,5.82,5.82
7060,2265,IPCA - Variação acumulada em 12 meses,%,Município,2111300,São Luís - MA,202502,1201.Alimentação fora do domicílio,4.99,4.99
7060,2265,IPCA - Variação acumulada em 12 meses,%,Município,2111300,São Luís - MA,202503,1201.Alimentação fora do domicílio,5.77,5.77
7060,2265,IPCA - Variação acumulada em 12 meses,%,Município,2111300,São Luís - MA,202504,1201.Alimentação fora do domicílio,5.97,5.97
7060,2265,IPCA - Variação acumulada em 12 meses,%,Município,2111300,São Luís - MA,202505,1201.Alimentação fora do domicílio,6.75,6.75
7060,2265,IPCA - Variação acumulada em 12 meses,%,Município,2111300,São Luís - MA,202506,1201.Alimentação fora do domicílio,7.45,7.45
7060,2265,IPCA - Variação acumulada em 12 meses,%,Município,2111300,São Luís - MA,202507,1201.Alimentação fora do domicílio,7.66,7.66
7060,2265,IPCA - Variação acumulada em 12 meses,%,Município,2111300,São Luís - MA,202508,1201.Alimentação fora do domicílio,7.85,7.85
7060,2265,IPCA - Variação acumulada em 12 meses,%,Município,2111300,São Luís - MA,202509,1201.Alimentação fora do domicílio,6.92,6.92
7060,2265,IPCA - Variação acumulada em 12 meses,%,Município,2111300,São Luís - MA,202510,1201.Alimentação fora do domicílio,7.18,7.18
7060,2265,IPCA - Variação acumulada em 12 meses,%,Município,2111300,São Luís - MA,202511,1201.Alimentação fora do domicílio,6.68,6.68
7060,2265,IPCA - Variação acumulada em 12 meses,%,Município,2111300,São Luís - MA,202512,1201.Alimentação fora do domicílio,5.63,5.63
7060,2265,IPCA - Variação acumulada em 12 meses,%,Município,2111300,São Luís - MA,202601,1201.Alimentação fora do domicílio,5.29,5.29
7060,2265,IPCA - Variação acumulada em 12 meses,%,Município,2111300,São Luís - MA,202602,1201.Alimentação fora do domicílio,5.19,5.19
7060,2265,IPCA - Variação acumulada em 12 meses,%,Município,2111300,São Luís - MA,202603,1201.Alimentação fora do domicílio,4.99,4.99
7060,2265,IPCA - Variação acumulada em 12 meses,%,Município,2111300,São Luís - MA,202604,1201.Alimentação fora do domicílio,5.66,5.66
7060,2265,IPCA - Variação acumulada em 12 meses,%,Município,2111300,São Luís - MA,202605,1201.Alimentação fora do domicílio,5.49,5.49
7060,2265,IPCA - Variação acumulada em 12 meses,%,Município,2111300,São Luís - MA,202606,1201.Alimentação fora do domicílio,4.93,4.93
7060,2265,IPCA - Variação acumulada em 12 meses,%,Município,2111300,São Luís - MA,202607,1201.Alimentação fora do domicílio,5.25,5.25
7060,2265,IPCA - Variação acumulada em 12 meses,%,Município,2111300,São Luís - MA,202608,1201.Alimentação fora do domicílio,5.28,5.28
7060,2265,IPCA - Variação acumulada em 12 meses,%,Município,2800308,Aracaju - SE,202309,1201.Alimentação fora do domicílio,5.32,5.32
7060,2265,IPCA - Variação acumulada em 12 meses,%,Município,2800308,Aracaju - SE,202310,1201.Alimentação fora do domicílio,4.60,4.6
7060,2265,IPCA - Variação acumulada em 12 meses,%,Município,2800308,Aracaju - SE,202311,1201.Alimentação fora do domicílio,5.03,5.03
7060,2265,IPCA - Variação acumulada em 12 meses,%,Município,2800308,Aracaju - SE,202312,1201.Alimentação fora do domicílio,4.52,4.52
7060,2265,IPCA - Variação acumulada em 12 meses,%,Município,2800308,Aracaju - SE,202401,1201.Alimentação fora do domicílio,3.79,3.79
7060,2265,IPCA - Variação acumulada em 12 meses,%,Município,2800308,Aracaju - SE,202402,1201.Alimentação fora do domicílio,3.84,3.84
7060,2265,IPCA - Variação acumulada em 12 meses,%,Município,2800308,Aracaju - SE,202403,1201.Alimentação fora do domicílio,3.60,3.6
7060,2265,IPCA - Variação acumulada em 12 meses,%,Município,2800308,Aracaju - SE,202404,1201.Alimentação fora do domicílio,4.02,4.02
7060,2265,IPCA - Variação acumulada em 12 meses,%,Município,2800308,Aracaju - SE,202405,1201.Alimentação fora do domicílio,4.04,4.04
7060,2265,IPCA - Variação acumulada em 12 meses,%,Município,2800308,Aracaju - SE,202406,1201.Alimentação fora do domicílio,3.82,3.82
7060,2265,IPCA - Variação acumulada em 12 meses,%,Município,2800308,Aracaju - SE,202407,1201.Alimentação fora do domicílio,4.68,4.68
7060,2265,IPCA - Variação acumulada em 12 meses,%,Município,2800308,Aracaju - SE,202408,1201.Alimentação fora do domicílio,4.36,4.36
7060,2265,IPCA - Variação acumulada em 12 meses,%,Município,2800308,Aracaju - SE,202409,1201.Alimentação fora do domicílio,5.41,5.41
7060,2265,IPCA - Variação acumulada em 12 meses,%,Município,2800308,Aracaju - SE,202410,1201.Alimentação fora do domicílio,5.55,5.55
7060,2265,IPCA - Variação acumulada em 12 meses,%,Município,2800308,Aracaju - SE,202411,1201.Alimentação fora do domicílio,6.29,6.29
7060,2265,IPCA - Variação acumulada em 12 meses,%,Município,2800308,Aracaju - SE,202412,1201.Alimentação fora do domicílio,6.13,6.13
7060,2265,IPCA - Variação acumulada em 12 meses,%,Município,2800308,Aracaju - SE,202501,1201.Alimentação fora do domicílio,7.43,7.43
7060,2265,IPCA - Variação acumulada em 12 meses,%,Município,2800308,Aracaju - SE,202502,1201.Alimentação fora do domicílio,7.92,7.92
7060,2265,IPCA - Variação acumulada em 12 meses,%,Município,2800308,Aracaju - SE,202503,1201.Alimentação fora do domicílio,8.36,8.36
7060,2265,IPCA - Variação acumulada em 12 meses,%,Município,2800308,Aracaju - SE,202504,1201.Alimentação fora do domicílio,7.85,7.85
7060,2265,IPCA - Variação acumulada em 12 meses,%,Município,2800308,Aracaju - SE,202505,1201.Alimentação fora do domicílio,7.59,7.59
7060,2265,IPCA - Variação acumulada em 12 meses,%,Município,2800308,Aracaju - SE,202506,1201.Alimentação fora do domicílio,7.57,7.57
7060,2265,IPCA - Variação acumulada em 12 meses,%,Município,2800308,Aracaju - SE,202507,1201.Alimentação fora do domicílio,7.68,7.68
7060,2265,IPCA - Variação acumulada em 12 meses,%,Município,2800308,Aracaju - SE,202508,1201.Alimentação fora do domicílio,7.48,7.48
7060,2265,IPCA - Variação acumulada em 12 meses,%,Município,2800308,Aracaju - SE,202509,1201.Alimentação fora do domicílio,7.11,7.11
7060,2265,IPCA - Variação acumulada em 12 meses,%,Município,2800308,Aracaju - SE,202510,1201.Alimentação fora do domicílio,6.88,6.88
7060,2265,IPCA - Variação acumulada em 12 meses,%,Município,2800308,Aracaju - SE,202511,1201.Alimentação fora do domicílio,6.20,6.2
7060,2265,IPCA - Variação acumulada em 12 meses,%,Município,2800308,Aracaju - SE,202512,1201.Alimentação fora do domicílio,6.66,6.66
7060,2265,IPCA - Variação acumulada em 12 meses,%,Município,2800308,Aracaju - SE,202601,1201.Alimentação fora do domicílio,5.53,5.53
7060,2265,IPCA - Variação acumulada em 12 meses,%,Município,2800308,Aracaju - SE,202602,1201.Alimentação fora do domicílio,5.26,5.26
7060,2265,IPCA - Variação acumulada em 12 meses,%,Município,2800308,Aracaju - SE,202603,1201.Alimentação fora do domicílio,5.26,5.26
7060,2265,IPCA - Variação acumulada em 12 meses,%,Município,2800308,Aracaju - SE,202604,1201.Alimentação fora do domicílio,5.88,5.88
7060,2265,IPCA - Variação acumulada em 12 meses,%,Município,2800308,Aracaju - SE,202605,1201.Alimentação fora do domicílio,5.85,5.85
7060,2265,IPCA - Variação acumulada em 12 meses,%,Município,2800308,Aracaju - SE,202606,1201.Alimentação fora do domicílio,6.52,6.52
7060,2265,IPCA - Variação acumulada em 12 meses,%,Município,2800308,Aracaju - SE,202607,1201.Alimentação fora do domicílio,6.07,6.07
7060,2265,IPCA - Variação acumulada em 12 meses,%,Município,2800308,Aracaju - SE,202608,1201.Alimentação fora do domicílio,6.29,6.29
7060,2265,IPCA - Variação acumulada em 12 meses,%,Município,5002704,Campo Grande - MS,202309,1201.Alimentação fora do domicílio,5.98,5.98
7060,2265,IPCA - Variação acumulada em 12 meses,%,Município,5002704,Campo Grande - MS,202310,1201.Alimentação fora do domicílio,6.44,6.44
7060,2265,IPCA - Variação acumulada em 12 meses,%,Município,5002704,Campo Grande - MS,202311,1201.Alimentação fora do domicílio,5.64,5.64
7060,2265,IPCA - Variação acumulada em 12 meses,%,Município,5002704,Campo Grande - MS,202312,1201.Alimentação fora do domicílio,5.43,5.43
7060,2265,IPCA - Variação acumulada em 12 meses,%,Município,5002704,Campo Grande - MS,202401,1201.Alimentação fora do domicílio,5.32,5.32
7060,2265,IPCA - Variação acumulada em 12 meses,%,Município,5002704,Campo Grande - MS,202402,1201.Alimentação fora do domicílio,5.51,5.51
7060,2265,IPCA - Variação acumulada em 12 meses,%,Município,5002704,Campo Grande - MS,202403,1201.Alimentação fora do domicílio,5.52,5.52
7060,2265,IPCA - Variação acumulada em 12 meses,%,Município,5002704,Campo Grande - MS,202404,1201.Alimentação fora do domicílio,5.13,5.13
7060,2265,IPCA - Variação acumulada em 12 meses,%,Município,5002704,Campo Grande - MS,202405,1201.Alimentação fora do domicílio,6.20,6.2
7060,2265,IPCA - Variação acumulada em 12 meses,%,Município,5002704,Campo Grande - MS,202406,1201.Alimentação fora do domicílio,5.76,5.76
7060,2265,IPCA - Variação acumulada em 12 meses,%,Município,5002704,Campo Grande - MS,202407,1201.Alimentação fora do domicílio,4.83,4.83
7060,2265,IPCA - Variação acumulada em 12 meses,%,Município,5002704,Campo Grande - MS,202408,1201.Alimentação fora do domicílio,5.07,5.07
7060,2265,IPCA - Variação acumulada em 12 meses,%,Município,5002704,Campo Grande - MS,202409,1201.Alimentação fora do domicílio,4.50,4.5
7060,2265,IPCA - Variação acumulada em 12 meses,%,Município,5002704,Campo Grande - MS,202410,1201.Alimentação fora do domicílio,4.02,4.02
7060,2265,IPCA - Variação acumulada em 12 meses,%,Município,5002704,Campo Grande - MS,202411,1201.Alimentação fora do domicílio,5.08,5.08
7060,2265,IPCA - Variação acumulada em 12 meses,%,Município,5002704,Campo Grande - MS,202412,1201.Alimentação fora do domicílio,5.96,5.96
7060,2265,IPCA - Variação acumulada em 12 meses,%,Município,5002704,Campo Grande - MS,202501,1201.Alimentação fora do domicílio,6.57,6.57
7060,2265,IPCA - Variação acumulada em 12 meses,%,Município,5002704,Campo Grande - MS,202502,1201.Alimentação fora do domicílio,6.57,6.57
7060,2265,IPCA - Variação acumulada em 12 meses,%,Município,5002704,Campo Grande - MS,202503,1201.Alimentação fora do domicílio,6.26,6.26
7060,2265,IPCA - Variação acumulada em 12 meses,%,Município,5002704,Campo Grande - MS,202504,1201.Alimentação fora do domicílio,7.73,7.73
7060,2265,IPCA - Variação acumulada em 12 meses,%,Município,5002704,Campo Grande - MS,202505,1201.Alimentação fora do domicílio,6.27,6.27
7060,2265,IPCA - Variação acumulada em 12 meses,%,Município,5002704,Campo Grande - MS,202506,1201.Alimentação fora do domicílio,6.18,6.18
7060,2265,IPCA - Variação acumulada em 12 meses,%,Município,5002704,Campo Grande - MS,202507,1201.Alimentação fora do domicílio,7.64,7.64
7060,2265,IPCA - Variação acumulada em 12 meses,%,Município,5002704,Campo Grande - MS,202508,1201.Alimentação fora do domicílio,7.58,7.58
7060,2265,IPCA - Variação acumulada em 12 meses,%,Município,5002704,Campo Grande - MS,202509,1201.Alimentação fora do domicílio,7.48,7.48
7060,2265,IPCA - Variação acumulada em 12 meses,%,Município,5002704,Campo Grande - MS,202510,1201.Alimentação fora do domicílio,7.50,7.5
7060,2265,IPCA - Variação acumulada em 12 meses,%,Município,5002704,Campo Grande - MS,202511,1201.Alimentação fora do domicílio,6.54,6.54
7060,2265,IPCA - Variação acumulada em 12 meses,%,Município,5002704,Campo Grande - MS,202512,1201.Alimentação fora do domicílio,5.32,5.32
7060,2265,IPCA - Variação acumulada em 12 meses,%,Município,5002704,Campo Grande - MS,202601,1201.Alimentação fora do domicílio,4.88,4.88
7060,2265,IPCA - Variação acumulada em 12 meses,%,Município,5002704,Campo Grande - MS,202602,1201.Alimentação fora do domicílio,3.49,3.49
7060,2265,IPCA - Variação acumulada em 12 meses,%,Município,5002704,Campo Grande - MS,202603,1201.Alimentação fora do domicílio,4.48,4.48
7060,2265,IPCA - Variação acumulada em 12 meses,%,Município,5002704,Campo Grande - MS,202604,1201.Alimentação fora do domicílio,4.28,4.28
7060,2265,IPCA - Variação acumulada em 12 meses,%,Município,5002704,Campo Grande - MS,202605,1201.Alimentação fora do domicílio,4.80,4.8
7060,2265,IPCA - Variação acumulada em 12 meses,%,Município,5002704,Campo Grande - MS,202606,1201.Alimentação fora do domicílio,5.28,5.28
7060,2265,IPCA - Variação acumulada em 12 meses,%,Município,5002704,Campo Grande - MS,202607,1201.Alimentação fora do domicílio,4.25,4.25
7060,2265,IPCA - Variação acumulada em 12 meses,%,Município,5002704,Campo Grande - MS,202608,1201.Alimentação fora do domicílio,4.64,4.64
7060,2265,IPCA - Variação acumulada em 12 meses,%,Município,5208707,Goiânia - GO,202309,1201.Alimentação fora do domicílio,5.37,5.37
7060,2265,IPCA - Variação acumulada em 12 meses,%,Município,5208707,Goiânia - GO,202310,1201.Alimentação fora do domicílio,5.33,5.33
7060,2265,IPCA - Variação acumulada em 12 meses,%,Município,5208707,Goiânia - GO,202311,1201.Alimentação fora do domicílio,6.15,6.15
7060,2265,IPCA - Variação acumulada em 12 meses,%,Município,5208707,Goiânia - GO,202312,1201.Alimentação fora do domicílio,5.62,5.62
7060,2265,IPCA - Variação acumulada em 12 meses,%,Município,5208707,Goiânia - GO,202401,1201.Alimentação fora do domicílio,5.61,5.61
7060,2265,IPCA - Variação acumulada em 12 meses,%,Município,5208707,Goiânia - GO,202402,1201.Alimentação fora do domicílio,5.33,5.33
7060,2265,IPCA - Variação acumulada em 12 meses,%,Município,5208707,Goiânia - GO,202403,1201.Alimentação fora do domicílio,5.67,5.67
7060,2265,IPCA - Variação acumulada em 12 meses,%,Município,5208707,Goiânia - GO,202404,1201.Alimentação fora do domicílio,5.76,5.76
7060,2265,IPCA - Variação acumulada em 12 meses,%,Município,5208707,Goiânia - GO,202405,1201.Alimentação fora do domicílio,5.24,5.24
7060,2265,IPCA - Variação acumulada em 12 meses,%,Município,5208707,Goiânia - GO,202406,1201.Alimentação fora do domicílio,5.16,5.16
7060,2265,IPCA - Variação acumulada em 12 meses,%,Município,5208707,Goiânia - GO,202407,1201.Alimentação fora do domicílio,5.77,5.77
7060,2265,IPCA - Variação acumulada em 12 meses,%,Município,5208707,Goiânia - GO,202408,1201.Alimentação fora do domicílio,5.59,5.59
7060,2265,IPCA - Variação acumulada em 12 meses,%,Município,5208707,Goiânia - GO,202409,1201.Alimentação fora do domicílio,6.42,6.42
7060,2265,IPCA - Variação acumulada em 12 meses,%,Município,5208707,Goiânia - GO,202410,1201.Alimentação fora do domicílio,5.98,5.98
7060,2265,IPCA - Variação acumulada em 12 meses,%,Município,5208707,Goiânia - GO,202411,1201.Alimentação fora do domicílio,6.76,6.76
7060,2265,IPCA - Variação acumulada em 12 meses,%,Município,5208707,Goiânia - GO,202412,1201.Alimentação fora do domicílio,7.22,7.22
7060,2265,IPCA - Variação acumulada em 12 meses,%,Município,5208707,Goiânia - GO,202501,1201.Alimentação fora do domicílio,8.27,8.27
7060,2265,IPCA - Variação acumulada em 12 meses,%,Município,5208707,Goiânia - GO,202502,1201.Alimentação fora do domicílio,8.99,8.99
7060,2265,IPCA - Variação acumulada em 12 meses,%,Município,5208707,Goiânia - GO,202503,1201.Alimentação fora do domicílio,8.03,8.03
7060,2265,IPCA - Variação acumulada em 12 meses,%,Município,5208707,Goiânia - GO,202504,1201.Alimentação fora do domicílio,8.65,8.65
7060,2265,IPCA - Variação acumulada em 12 meses,%,Município,5208707,Goiânia - GO,202505,1201.Alimentação fora do domicílio,8.82,8.82
7060,2265,IPCA - Variação acumulada em 12 meses,%,Município,5208707,Goiânia - GO,202506,1201.Alimentação fora do domicílio,8.63,8.63
7060,2265,IPCA - Variação acumulada em 12 meses,%,Município,5208707,Goiânia - GO,202507,1201.Alimentação fora do domicílio,9.44,9.44
7060,2265,IPCA - Variação acumulada em 12 meses,%,Município,5208707,Goiânia - GO,202508,1201.Alimentação fora do domicílio,8.25,8.25
7060,2265,IPCA - Variação acumulada em 12 meses,%,Município,5208707,Goiânia - GO,202509,1201.Alimentação fora do domicílio,8.76,8.76
7060,2265,IPCA - Variação acumulada em 12 meses,%,Município,5208707,Goiânia - GO,202510,1201.Alimentação fora do domicílio,8.50,8.5
7060,2265,IPCA - Variação acumulada em 12 meses,%,Município,5208707,Goiânia - GO,202511,1201.Alimentação fora do domicílio,7.61,7.61
7060,2265,IPCA - Variação acumulada em 12 meses,%,Município,5208707,Goiânia - GO,202512,1201.Alimentação fora do domicílio,7.42,7.42
7060,2265,IPCA - Variação acumulada em 12 meses,%,Município,5208707,Goiânia - GO,202601,1201.Alimentação fora do domicílio,6.95,6.95
7060,2265,IPCA - Variação acumulada em 12 meses,%,Município,5208707,Goiânia - GO,202602,1201.Alimentação fora do domicílio,6.75,6.75
7060,2265,IPCA - Variação acumulada em 12 meses,%,Município,5208707,Goiânia - GO,202603,1201.Alimentação fora do domicílio,6.69,6.69
7060,2265,IPCA - Variação acumulada em 12 meses,%,Município,5208707,Goiânia - GO,202604,1201.Alimentação fora do domicílio,5.55,5.55
7060,2265,IPCA - Variação acumulada em 12 meses,%,Município,5208707,Goiânia - GO,202605,1201.Alimentação fora do domicílio,5.73,5.73
7060,2265,IPCA - Variação acumulada em 12 meses,%,Município,5208707,Goiânia - GO,202606,1201.Alimentação fora do domicílio,5.88,5.88
7060,2265,IPCA - Variação acumulada em 12 meses,%,Município,5208707,Goiânia - GO,202607,1201.Alimentação fora do domicílio,4.79,4.79
7060,2265,IPCA - Variação acumulada em 12 meses,%,Município,5208707,Goiânia - GO,202608,1201.Alimentação fora do domicílio,5.54,5.54
7060,2265,IPCA - Variação acumulada em 12 meses,%,Município,5300108,Brasília - DF,202309,1201.Alimentação fora do domicílio,5.47,5.47
7060,2265,IPCA - Variação acumulada em 12 meses,%,Município,5300108,Brasília - DF,202310,1201.Alimentação fora do domicílio,5.20,5.2
7060,2265,IPCA - Variação acumulada em 12 meses,%,Município,5300108,Brasília - DF,202311,1201.Alimentação fora do domicílio,5.50,5.5
7060,2265,IPCA - Variação acumulada em 12 meses,%,Município,5300108,Brasília - DF,202312,1201.Alimentação fora do domicílio,6.23,6.23
7060,2265,IPCA - Variação acumulada em 12 meses,%,Município,5300108,Brasília - DF,202401,1201.Alimentação fora do domicílio,5.64,5.64
7060,2265,IPCA - Variação acumulada em 12 meses,%,Município,5300108,Brasília - DF,202402,1201.Alimentação fora do domicílio,6.05,6.05
7060,2265,IPCA - Variação acumulada em 12 meses,%,Município,5300108,Brasília - DF,202403,1201.Alimentação fora do domicílio,6.39,6.39
7060,2265,IPCA - Variação acumulada em 12 meses,%,Município,5300108,Brasília - DF,202404,1201.Alimentação fora do domicílio,6.38,6.38
7060,2265,IPCA - Variação acumulada em 12 meses,%,Município,5300108,Brasília - DF,202405,1201.Alimentação fora do domicílio,5.64,5.64
7060,2265,IPCA - Variação acumulada em 12 meses,%,Município,5300108,Brasília - DF,202406,1201.Alimentação fora do domicílio,5.50,5.5
7060,2265,IPCA - Variação acumulada em 12 meses,%,Município,5300108,Brasília - DF,202407,1201.Alimentação fora do domicílio,5.88,5.88
7060,2265,IPCA - Variação acumulada em 12 meses,%,Município,5300108,Brasília - DF,202408,1201.Alimentação fora do domicílio,5.44,5.44
7060,2265,IPCA - Variação acumulada em 12 meses,%,Município,5300108,Brasília - DF,202409,1201.Alimentação fora do domicílio,6.90,6.9
7060,2265,IPCA - Variação acumulada em 12 meses,%,Município,5300108,Brasília - DF,202410,1201.Alimentação fora do domicílio,6.94,6.94
7060,2265,IPCA - Variação acumulada em 12 meses,%,Município,5300108,Brasília - DF,202411,1201.Alimentação fora do domicílio,7.26,7.26
7060,2265,IPCA - Variação acumulada em 12 meses,%,Município,5300108,Brasília - DF,202412,1201.Alimentação fora do domicílio,8.00,8.0
7060,2265,IPCA - Variação acumulada em 12 meses,%,Município,5300108,Brasília - DF,202501,1201.Alimentação fora do domicílio,9.05,9.05
7060,2265,IPCA - Variação acumulada em 12 meses,%,Município,5300108,Brasília - DF,202502,1201.Alimentação fora do domicílio,8.97,8.97
7060,2265,IPCA - Variação acumulada em 12 meses,%,Município,5300108,Brasília - DF,202503,1201.Alimentação fora do domicílio,8.41,8.41
7060,2265,IPCA - Variação acumulada em 12 meses,%,Município,5300108,Brasília - DF,202504,1201.Alimentação fora do domicílio,8.25,8.25
7060,2265,IPCA - Variação acumulada em 12 meses,%,Município,5300108,Brasília - DF,202505,1201.Alimentação fora do domicílio,8.40,8.4
7060,2265,IPCA - Variação acumulada em 12 meses,%,Município,5300108,Brasília - DF,202506,1201.Alimentação fora do domicílio,8.01,8.01
7060,2265,IPCA - Variação acumulada em 12 meses,%,Município,5300108,Brasília - DF,202507,1201.Alimentação fora do domicílio,7.98,7.98
7060,2265,IPCA - Variação acumulada em 12 meses,%,Município,5300108,Brasília - DF,202508,1201.Alimentação fora do domicílio,7.70,7.7
7060,2265,IPCA - Variação acumulada em 12 meses,%,Município,5300108,Brasília - DF,202509,1201.Alimentação fora do domicílio,7.74,7.74
7060,2265,IPCA - Variação acumulada em 12 meses,%,Município,5300108,Brasília - DF,202510,1201.Alimentação fora do domicílio,7.86,7.86
7060,2265,IPCA - Variação acumulada em 12 meses,%,Município,5300108,Brasília - DF,202511,1201.Alimentação fora do domicílio,7.84,7.84
7060,2265,IPCA - Variação acumulada em 12 meses,%,Município,5300108,Brasília - DF,202512,1201.Alimentação fora do domicílio,6.96,6.96
7060,2265,IPCA - Variação acumulada em 12 meses,%,Município,5300108,Brasília - DF,202601,1201.Alimentação fora do domicílio,7.08,7.08
7060,2265,IPCA - Variação acumulada em 12 meses,%,Município,5300108,Brasília - DF,202602,1201.Alimentação fora do domicílio,6.05,6.05
7060,2265,IPCA - Variação acumulada em 12 meses,%,Município,5300108,Brasília - DF,202603,1201.Alimentação fora do domicílio,5.77,5.77
7060,2265,IPCA - Variação acumulada em 12 meses,%,Município,5300108,Brasília - DF,202604,1201.Alimentação fora do domicílio,5.52,5.52
7060,2265,IPCA - Variação acumulada em 12 meses,%,Município,5300108,Brasília - DF,202605,1201.Alimentação fora do domicílio,5.77,5.77
7060,2265,IPCA - Variação acumulada em 12 meses,%,Município,5300108,Brasília - DF,202606,1201.Alimentação fora do domicílio,6.21,6.21
7060,2265,IPCA - Variação acumulada em 12 meses,%,Município,5300108,Brasília - DF,202607,1201.Alimentação fora do domicílio,6.74,6.74
7060,2265,IPCA - Variação acumulada em 12 meses,%,Município,5300108,Brasília - DF,202608,1201.Alimentação fora do domicílio,5.74,5.74
7060,2265,IPCA - Variação acumulada em 12 meses,%,Região Metropolitana até 2020,1501,Belém - PA,202309,1201.Alimentação fora do domicílio,4.88,4.88
7060,2265,IPCA - Variação acumulada em 12 meses,%,Região Metropolitana até 2020,1501,Belém - PA,202310,1201.Alimentação fora do domicílio,4.98,4.98
7060,2265,IPCA - Variação acumulada em 12 meses,%,Região Metropolitana até 2020,1501,Belém - PA,202311,1201.Alimentação fora do domicílio,5.24,5.24
7060,2265,IPCA - Variação acumulada em 12 meses,%,Região Metropolitana até 2020,1501,Belém - PA,202312,1201.Alimentação fora do domicílio,5.84,5.84
7060,2265,IPCA - Variação acumulada em 12 meses,%,Região Metropolitana até 2020,1501,Belém - PA,202401,1201.Alimentação fora do domicílio,5.96,5.96
7060,2265,IPCA - Variação acumulada em 12 meses,%,Região Metropolitana até 2020,1501,Belém - PA,202402,1201.Alimentação fora do domicílio,6.70,6.7
7060,2265,IPCA - Variação acumulada em 12 meses,%,Região Metropolitana até 2020,1501,Belém - PA,202403,1201.Alimentação fora do domicílio,6.71,6.71
7060,2265,IPCA - Variação acumulada em 12 meses,%,Região Metropolitana até 2020,1501,Belém - PA,202404,1201.Alimentação fora do domicílio,6.42,6.42
7060,2265,IPCA - Variação acumulada em 12 meses,%,Região Metropolitana até 2020,1501,Belém - PA,202405,1201.Alimentação fora do domicílio,5.87,5.87
7060,2265,IPCA - Variação acumulada em 12 meses,%,Região Metropolitana até 2020,1501,Belém - PA,202406,1201.Alimentação fora do domicílio,5.43,5.43
7060,2265,IPCA - Variação acumulada em 12 meses,%,Região Metropolitana até 2020,1501,Belém - PA,202407,1201.Alimentação fora do domicílio,5.82,5.82
7060,2265,IPCA - Variação acumulada em 12 meses,%,Região Metropolitana até 2020,1501,Belém - PA,202408,1201.Alimentação fora do domicílio,4.36,4.36
7060,2265,IPCA - Variação acumulada em 12 meses,%,Região Metropolitana até 2020,1501,Belém - PA,202409,1201.Alimentação fora do domicílio,4.72,4.72
7060,2265,IPCA - Variação acumulada em 12 meses,%,Região Metropolitana até 2020,1501,Belém - PA,202410,1201.Alimentação fora do domicílio,4.44,4.44
7060,2265,IPCA - Variação acumulada em 12 meses,%,Região Metropolitana até 2020,1501,Belém - PA,202411,1201.Alimentação fora do domicílio,5.00,5.0
7060,2265,IPCA - Variação acumulada em 12 meses,%,Região Metropolitana até 2020,1501,Belém - PA,202412,1201.Alimentação fora do domicílio,4.24,4.24
7060,2265,IPCA - Variação acumulada em 12 meses,%,Região Metropolitana até 2020,1501,Belém - PA,202501,1201.Alimentação fora do domicílio,4.73,4.73
7060,2265,IPCA - Variação acumulada em 12 meses,%,Região Metropolitana até 2020,1501,Belém - PA,202502,1201.Alimentação fora do domicílio,4.72,4.72
7060,2265,IPCA - Variação acumulada em 12 meses,%,Região Metropolitana até 2020,1501,Belém - PA,202503,1201.Alimentação fora do domicílio,3.96,3.96
7060,2265,IPCA - Variação acumulada em 12 meses,%,Região Metropolitana até 2020,1501,Belém - PA,202504,1201.Alimentação fora do domicílio,3.32,3.32
7060,2265,IPCA - Variação acumulada em 12 meses,%,Região Metropolitana até 2020,1501,Belém - PA,202505,1201.Alimentação fora do domicílio,4.22,4.22
7060,2265,IPCA - Variação acumulada em 12 meses,%,Região Metropolitana até 2020,1501,Belém - PA,202506,1201.Alimentação fora do domicílio,5.37,5.37
7060,2265,IPCA - Variação acumulada em 12 meses,%,Região Metropolitana até 2020,1501,Belém - PA,202507,1201.Alimentação fora do domicílio,4.98,4.98
7060,2265,IPCA - Variação acumulada em 12 meses,%,Região Metropolitana até 2020,1501,Belém - PA,202508,1201.Alimentação fora do domicílio,5.60,5.6
7060,2265,IPCA - Variação acumulada em 12 meses,%,Região Metropolitana até 2020,1501,Belém - PA,202509,1201.Alimentação fora do domicílio,5.72,5.72
7060,2265,IPCA - Variação acumulada em 12 meses,%,Região Metropolitana até 2020,1501,Belém - PA,202510,1201.Alimentação fora do domicílio,6.89,6.89
7060,2265,IPCA - Variação acumulada em 12 meses,%,Região Metropolitana até 2020,1501,Belém - PA,202511,1201.Alimentação fora do domicílio,6.81,6.81
7060,2265,IPCA - Variação acumulada em 12 meses,%,Região Metropolitana até 2020,1501,Belém - PA,202512,1201.Alimentação fora do domicílio,7.20,7.2
7060,2265,IPCA - Variação acumulada em 12 meses,%,Região Metropolitana até 2020,1501,Belém - PA,202601,1201.Alimentação fora do domicílio,7.25,7.25
7060,2265,IPCA - Variação acumulada em 12 meses,%,Região Metropolitana até 2020,1501,Belém - PA,202602,1201.Alimentação fora do domicílio,5.46,5.46
7060,2265,IPCA - Variação acumulada em 12 meses,%,Região Metropolitana até 2020,1501,Belém - PA,202603,1201.Alimentação fora do domicílio,6.08,6.08
7060,2265,IPCA - Variação acumulada em 12 meses,%,Região Metropolitana até 2020,1501,Belém - PA,202604,1201.Alimentação fora do domicílio,6.36,6.36
7060,2265,IPCA - Variação acumulada em 12 meses,%,Região Metropolitana até 2020,1501,Belém - PA,202605,1201.Alimentação fora do domicílio,6.50,6.5
7060,2265,IPCA - Variação acumulada em 12 meses,%,Região Metropolitana até 2020,1501,Belém - PA,202606,1201.Alimentação fora do domicílio,5.12,5.12
7060,2265,IPCA - Variação acumulada em 12 meses,%,Região Metropolitana até 2020,1501,Belém - PA,202607,1201.Alimentação fora do domicílio,5.45,5.45
7060,2265,IPCA - Variação acumulada em 12 meses,%,Região Metropolitana até 2020,1501,Belém - PA,202608,1201.Alimentação fora do domicílio,5.72,5.72
7060,2265,IPCA - Variação acumulada em 12 meses,%,Região Metropolitana até 2020,2301,Fortaleza - CE,202309,1201.Alimentação fora do domicílio,4.04,4.04
7060,2265,IPCA - Variação acumulada em 12 meses,%,Região Metropolitana até 2020,2301,Fortaleza - CE,202310,1201.Alimentação fora do domicílio,4.56,4.56
7060,2265,IPCA - Variação acumulada em 12 meses,%,Região Metropolitana até 2020,2301,Fortaleza - CE,202311,1201.Alimentação fora do domicílio,4.41,4.41
7060,2265,IPCA - Variação acumulada em 12 meses,%,Região Metropolitana até 2020,2301,Fortaleza - CE,202312,1201.Alimentação fora do domicílio,5.30,5.3
7060,2265,IPCA - Variação acumulada em 12 meses,%,Região Metropolitana até 2020,2301,Fortaleza - CE,202401,1201.Alimentação fora do domicílio,5.01,5.01
7060,2265,IPCA - Variação acumulada em 12 meses,%,Região Metropolitana até 2020,2301,Fortaleza - CE,202402,1201.Alimentação fora do domicílio,4.23,4.23
7060,2265,IPCA - Variação acumulada em 12 meses,%,Região Metropolitana até 2020,2301,Fortaleza - CE,202403,1201.Alimentação fora do domicílio,3.55,3.55
7060,2265,IPCA - Variação acumulada em 12 meses,%,Região Metropolitana até 2020,2301,Fortaleza - CE,202404,1201.Alimentação fora do domicílio,3.33,3.33
7060,2265,IPCA - Variação acumulada em 12 meses,%,Região Metropolitana até 2020,2301,Fortaleza - CE,202405,1201.Alimentação fora do domicílio,4.19,4.19
7060,2265,IPCA - Variação acumulada em 12 meses,%,Região Metropolitana até 2020,2301,Fortaleza - CE,202406,1201.Alimentação fora do domicílio,3.45,3.45
7060,2265,IPCA - Variação acumulada em 12 meses,%,Região Metropolitana até 2020,2301,Fortaleza - CE,202407,1201.Alimentação fora do domicílio,3.63,3.63
7060,2265,IPCA - Variação acumulada em 12 meses,%,Região Metropolitana até 2020,2301,Fortaleza - CE,202408,1201.Alimentação fora do domicílio,3.85,3.85
7060,2265,IPCA - Variação acumulada em 12 meses,%,Região Metropolitana até 2020,2301,Fortaleza - CE,202409,1201.Alimentação fora do domicílio,4.65,4.65
7060,2265,IPCA - Variação acumulada em 12 meses,%,Região Metropolitana até 2020,2301,Fortaleza - CE,202410,1201.Alimentação fora do domicílio,4.61,4.61
7060,2265,IPCA - Variação acumulada em 12 meses,%,Região Metropolitana até 2020,2301,Fortaleza - CE,202411,1201.Alimentação fora do domicílio,5.27,5.27
7060,2265,IPCA - Variação acumulada em 12 meses,%,Região Metropolitana até 2020,2301,Fortaleza - CE,202412,1201.Alimentação fora do domicílio,4.42,4.42
7060,2265,IPCA - Variação acumulada em 12 meses,%,Região Metropolitana até 2020,2301,Fortaleza - CE,202501,1201.Alimentação fora do domicílio,4.50,4.5
7060,2265,IPCA - Variação acumulada em 12 meses,%,Região Metropolitana até 2020,2301,Fortaleza - CE,202502,1201.Alimentação fora do domicílio,5.14,5.14
7060,2265,IPCA - Variação acumulada em 12 meses,%,Região Metropolitana até 2020,2301,Fortaleza - CE,202503,1201.Alimentação fora do domicílio,5.23,5.23
7060,2265,IPCA - Variação acumulada em 12 meses,%,Região Metropolitana até 2020,2301,Fortaleza - CE,202504,1201.Alimentação fora do domicílio,6.00,6.0
7060,2265,IPCA - Variação acumulada em 12 meses,%,Região Metropolitana até 2020,2301,Fortaleza - CE,202505,1201.Alimentação fora do domicílio,4.70,4.7
7060,2265,IPCA - Variação acumulada em 12 meses,%,Região Metropolitana até 2020,2301,Fortaleza - CE,202506,1201.Alimentação fora do domicílio,5.23,5.23
7060,2265,IPCA - Variação acumulada em 12 meses,%,Região Metropolitana até 2020,2301,Fortaleza - CE,202507,1201.Alimentação fora do domicílio,5.63,5.63
7060,2265,IPCA - Variação acumulada em 12 meses,%,Região Metropolitana até 2020,2301,Fortaleza - CE,202508,1201.Alimentação fora do domicílio,6.30,6.3
7060,2265,IPCA - Variação acumulada em 12 meses,%,Região Metropolitana até 2020,2301,Fortaleza - CE,202509,1201.Alimentação fora do domicílio,6.65,6.65
7060,2265,IPCA - Variação acumulada em 12 meses,%,Região Metropolitana até 2020,2301,Fortaleza - CE,202510,1201.Alimentação fora do domicílio,6.41,6.41
7060,2265,IPCA - Variação acumulada em 12 meses,%,Região Metropolitana até 2020,2301,Fortaleza - CE,202511,1201.Alimentação fora do domicílio,6.32,6.32
7060,2265,IPCA - Variação acumulada em 12 meses,%,Região Metropolitana até 2020,2301,Fortaleza - CE,202512,1201.Alimentação fora do domicílio,6.94,6.94
7060,2265,IPCA - Variação acumulada em 12 meses,%,Região Metropolitana até 2020,2301,Fortaleza - CE,202601,1201.Alimentação fora do domicílio,7.19,7.19
7060,2265,IPCA - Variação acumulada em 12 meses,%,Região Metropolitana até 2020,2301,Fortaleza - CE,202602,1201.Alimentação fora do domicílio,6.60,6.6
7060,2265,IPCA - Variação acumulada em 12 meses,%,Região Metropolitana até 2020,2301,Fortaleza - CE,202603,1201.Alimentação fora do domicílio,6.57,6.57
7060,2265,IPCA - Variação acumulada em 12 meses,%,Região Metropolitana até 2020,2301,Fortaleza - CE,202604,1201.Alimentação fora do domicílio,6.51,6.51
7060,2265,IPCA - Variação acumulada em 12 meses,%,Região Metropolitana até 2020,2301,Fortaleza - CE,202605,1201.Alimentação fora do domicílio,7.35,7.35
7060,2265,IPCA - Variação acumulada em 12 meses,%,Região Metropolitana até 2020,2301,Fortaleza - CE,202606,1201.Alimentação fora do domicílio,7.27,7.27
7060,2265,IPCA - Variação acumulada em 12 meses,%,Região Metropolitana até 2020,2301,Fortaleza - CE,202607,1201.Alimentação fora do domicílio,7.24,7.24
7060,2265,IPCA - Variação acumulada em 12 meses,%,Região Metropolitana até 2020,2301,Fortaleza - CE,202608,1201.Alimentação fora do domicílio,6.85,6.85
7060,2265,IPCA - Variação acumulada em 12 meses,%,Região Metropolitana até 2020,2601,Recife - PE,202309,1201.Alimentação fora do domicílio,6.96,6.96
7060,2265,IPCA - Variação acumulada em 12 meses,%,Região Metropolitana até 2020,2601,Recife - PE,202310,1201.Alimentação fora do domicílio,6.70,6.7
7060,2265,IPCA - Variação acumulada em 12 meses,%,Região Metropolitana até 2020,2601,Recife - PE,202311,1201.Alimentação fora do domicílio,6.53,6.53
7060,2265,IPCA - Variação acumulada em 12 meses,%,Região Metropolitana até 2020,2601,Recife - PE,202312,1201.Alimentação fora do domicílio,6.82,6.82
7060,2265,IPCA - Variação acumulada em 12 meses,%,Região Metropolitana até 2020,2601,Recife - PE,202401,1201.Alimentação fora do domicílio,6.32,6.32
7060,2265,IPCA - Variação acumulada em 12 meses,%,Região Metropolitana até 2020,2601,Recife - PE,202402,1201.Alimentação fora do domicílio,6.15,6.15
7060,2265,IPCA - Variação acumulada em 12 meses,%,Região Metropolitana até 2020,2601,Recife - PE,202403,1201.Alimentação fora do domicílio,6.22,6.22
7060,2265,IPCA - Variação acumulada em 12 meses,%,Região Metropolitana até 2020,2601,Recife - PE,202404,1201.Alimentação fora do domicílio,5.72,5.72
7060,2265,IPCA - Variação acumulada em 12 meses,%,Região Metropolitana até 2020,2601,Recife - PE,202405,1201.Alimentação fora do domicílio,6.77,6.77
7060,2265,IPCA - Variação acumulada em 12 meses,%,Região Metropolitana até 2020,2601,Recife - PE,202406,1201.Alimentação fora do domicílio,6.32,6.32
7060,2265,IPCA - Variação acumulada em 12 meses,%,Região Metropolitana até 2020,2601,Recife - PE,202407,1201.Alimentação fora do domicílio,6.28,6.28
7060,2265,IPCA - Variação acumulada em 12 meses,%,Região Metropolitana até 2020,2601,Recife - PE,202408,1201.Alimentação fora do domicílio,5.76,5.76
7060,2265,IPCA - Variação acumulada em 12 meses,%,Região Metropolitana até 2020,2601,Recife - PE,202409,1201.Alimentação fora do domicílio,5.94,5.94
7060,2265,IPCA - Variação acumulada em 12 meses,%,Região Metropolitana até 2020,2601,Recife - PE,202410,1201.Alimentação fora do domicílio,6.90,6.9
7060,2265,IPCA - Variação acumulada em 12 meses,%,Região Metropolitana até 2020,2601,Recife - PE,202411,1201.Alimentação fora do domicílio,7.11,7.11
7060,2265,IPCA - Variação acumulada em 12 meses,%,Região Metropolitana até 2020,2601,Recife - PE,202412,1201.Alimentação fora do domicílio,7.65,7.65
7060,2265,IPCA - Variação acumulada em 12 meses,%,Região Metropolitana até 2020,2601,Recife - PE,202501,1201.Alimentação fora do domicílio,8.16,8.16
7060,2265,IPCA - Variação acumulada em 12 meses,%,Região Metropolitana até 2020,2601,Recife - PE,202502,1201.Alimentação fora do domicílio,7.72,7.72
7060,2265,IPCA - Variação acumulada em 12 meses,%,Região Metropolitana até 2020,2601,Recife - PE,202503,1201.Alimentação fora do domicílio,6.84,6.84
7060,2265,IPCA - Variação acumulada em 12 meses,%,Região Metropolitana até 2020,2601,Recife - PE,202504,1201.Alimentação fora do domicílio,7.30,7.3
7060,2265,IPCA - Variação acumulada em 12 meses,%,Região Metropolitana até 2020,2601,Recife - PE,202505,1201.Alimentação fora do domicílio,7.06,7.06
7060,2265,IPCA - Variação acumulada em 12 meses,%,Região Metropolitana até 2020,2601,Recife - PE,202506,1201.Alimentação fora do domicílio,7.26,7.26
7060,2265,IPCA - Variação acumulada em 12 meses,%,Região Metropolitana até 2020,2601,Recife - PE,202507,1201.Alimentação fora do domicílio,7.81,7.81
7060,2265,IPCA - Variação acumulada em 12 meses,%,Região Metropolitana até 2020,2601,Recife - PE,202508,1201.Alimentação fora do domicílio,8.12,8.12
7060,2265,IPCA - Variação acumulada em 12 meses,%,Região Metropolitana até 2020,2601,Recife - PE,202509,1201.Alimentação fora do domicílio,8.17,8.17
7060,2265,IPCA - Variação acumulada em 12 meses,%,Região Metropolitana até 2020,2601,Recife - PE,202510,1201.Alimentação fora do domicílio,7.21,7.21
7060,2265,IPCA - Variação acumulada em 12 meses,%,Região Metropolitana até 2020,2601,Recife - PE,202511,1201.Alimentação fora do domicílio,6.84,6.84
7060,2265,IPCA - Variação acumulada em 12 meses,%,Região Metropolitana até 2020,2601,Recife - PE,202512,1201.Alimentação fora do domicílio,6.51,6.51
7060,2265,IPCA - Variação acumulada em 12 meses,%,Região Metropolitana até 2020,2601,Recife - PE,202601,1201.Alimentação fora do domicílio,6.14,6.14
7060,2265,IPCA - Variação acumulada em 12 meses,%,Região Metropolitana até 2020,2601,Recife - PE,202602,1201.Alimentação fora do domicílio,6.54,6.54
7060,2265,IPCA - Variação acumulada em 12 meses,%,Região Metropolitana até 2020,2601,Recife - PE,202603,1201.Alimentação fora do domicílio,6.53,6.53
7060,2265,IPCA - Variação acumulada em 12 meses,%,Região Metropolitana até 2020,2601,Recife - PE,202604,1201.Alimentação fora do domicílio,5.97,5.97
7060,2265,IPCA - Variação acumulada em 12 meses,%,Região Metropolitana até 2020,2601,Recife - PE,202605,1201.Alimentação fora do domicílio,5.98,5.98
7060,2265,IPCA - Variação acumulada em 12 meses,%,Região Metropolitana até 2020,2601,Recife - PE,202606,1201.Alimentação fora do domicílio,6.74,6.74
7060,2265,IPCA - Variação acumulada em 12 meses,%,Região Metropolitana até 2020,2601,Recife - PE,202607,1201.Alimentação fora do domicílio,5.46,5.46
7060,2265,IPCA - Variação acumulada em 12 meses,%,Região Metropolitana até 2020,2601,Recife - PE,202608,1201.Alimentação fora do domicílio,5.08,5.08
7060,2265,IPCA - Variação acumulada em 12 meses,%,Região Metropolitana até 2020,2901,Salvador - BA,202309,1201.Alimentação fora do domicílio,5.12,5.12
7060,2265,IPCA - Variação acumulada em 12 meses,%,Região Metropolitana até 2020,2901,Salvador - BA,202310,1201.Alimentação fora do domicílio,5.19,5.19
7060,2265,IPCA - Variação acumulada em 12 meses,%,Região Metropolitana até 2020,2901,Salvador - BA,202311,1201.Alimentação fora do domicílio,4.76,4.76
7060,2265,IPCA - Variação acumulada em 12 meses,%,Região Metropolitana até 2020,2901,Salvador - BA,202312,1201.Alimentação fora do domicílio,3.46,3.46
7060,2265,IPCA - Variação acumulada em 12 meses,%,Região Metropolitana até 2020,2901,Salvador - BA,202401,1201.Alimentação fora do domicílio,2.87,2.87
7060,2265,IPCA - Variação acumulada em 12 meses,%,Região Metropolitana até 2020,2901,Salvador - BA,202402,1201.Alimentação fora do domicílio,3.35,3.35
7060,2265,IPCA - Variação acumulada em 12 meses,%,Região Metropolitana até 2020,2901,Salvador - BA,202403,1201.Alimentação fora do domicílio,3.48,3.48
7060,2265,IPCA - Variação acumulada em 12 meses,%,Região Metropolitana até 2020,2901,Salvador - BA,202404,1201.Alimentação fora do domicílio,2.76,2.76
7060,2265,IPCA - Variação acumulada em 12 meses,%,Região Metropolitana até 2020,2901,Salvador - BA,202405,1201.Alimentação fora do domicílio,2.80,2.8
7060,2265,IPCA - Variação acumulada em 12 meses,%,Região Metropolitana até 2020,2901,Salvador - BA,202406,1201.Alimentação fora do domicílio,3.06,3.06
7060,2265,IPCA - Variação acumulada em 12 meses,%,Região Metropolitana até 2020,2901,Salvador - BA,202407,1201.Alimentação fora do domicílio,2.95,2.95
7060,2265,IPCA - Variação acumulada em 12 meses,%,Região Metropolitana até 2020,2901,Salvador - BA,202408,1201.Alimentação fora do domicílio,3.38,3.38
7060,2265,IPCA - Variação acumulada em 12 meses,%,Região Metropolitana até 2020,2901,Salvador - BA,202409,1201.Alimentação fora do domicílio,3.07,3.07
7060,2265,IPCA - Variação acumulada em 12 meses,%,Região Metropolitana até 2020,2901,Salvador - BA,202410,1201.Alimentação fora do domicílio,3.31,3.31
7060,2265,IPCA - Variação acumulada em 12 meses,%,Região Metropolitana até 2020,2901,Salvador - BA,202411,1201.Alimentação fora do domicílio,4.00,4.0
7060,2265,IPCA - Variação acumulada em 12 meses,%,Região Metropolitana até 2020,2901,Salvador - BA,202412,1201.Alimentação fora do domicílio,4.99,4.99
7060,2265,IPCA - Variação acumulada em 12 meses,%,Região Metropolitana até 2020,2901,Salvador - BA,202501,1201.Alimentação fora do domicílio,5.56,5.56
7060,2265,IPCA - Variação acumulada em 12 meses,%,Região Metropolitana até 2020,2901,Salvador - BA,202502,1201.Alimentação fora do domicílio,5.71,5.71
7060,2265,IPCA - Variação acumulada em 12 meses,%,Região Metropolitana até 2020,2901,Salvador - BA,202503,1201.Alimentação fora do domicílio,5.92,5.92
7060,2265,IPCA - Variação acumulada em 12 meses,%,Região Metropolitana até 2020,2901,Salvador - BA,202504,1201.Alimentação fora do domicílio,7.02,7.02
7060,2265,IPCA - Variação acumulada em 12 meses,%,Região Metropolitana até 2020,2901,Salvador - BA,202505,1201.Alimentação fora do domicílio,6.60,6.6
7060,2265,IPCA - Variação acumulada em 12 meses,%,Região Metropolitana até 2020,2901,Salvador - BA,202506,1201.Alimentação fora do domicílio,6.90,6.9
7060,2265,IPCA - Variação acumulada em 12 meses,%,Região Metropolitana até 2020,2901,Salvador - BA,202507,1201.Alimentação fora do domicílio,7.72,7.72
7060,2265,IPCA - Variação acumulada em 12 meses,%,Região Metropolitana até 2020,2901,Salvador - BA,202508,1201.Alimentação fora do domicílio,7.70,7.7
7060,2265,IPCA - Variação acumulada em 12 meses,%,Região Metropolitana até 2020,2901,Salvador - BA,202509,1201.Alimentação fora do domicílio,8.28,8.28
7060,2265,IPCA - Variação acumulada em 12 meses,%,Região Metropolitana até 2020,2901,Salvador - BA,202510,1201.Alimentação fora do domicílio,7.63,7.63
7060,2265,IPCA - Variação acumulada em 12 meses,%,Região Metropolitana até 2020,2901,Salvador - BA,202511,1201.Alimentação fora do domicílio,8.06,8.06
7060,2265,IPCA - Variação acumulada em 12 meses,%,Região Metropolitana até 2020,2901,Salvador - BA,202512,1201.Alimentação fora do domicílio,7.78,7.78
7060,2265,IPCA - Variação acumulada em 12 meses,%,Região Metropolitana até 2020,2901,Salvador - BA,202601,1201.Alimentação fora do domicílio,7.34,7.34
7060,2265,IPCA - Variação acumulada em 12 meses,%,Região Metropolitana até 2020,2901,Salvador - BA,202602,1201.Alimentação fora do domicílio,6.74,6.74
7060,2265,IPCA - Variação acumulada em 12 meses,%,Região Metropolitana até 2020,2901,Salvador - BA,202603,1201.Alimentação fora do domicílio,6.19,6.19
7060,2265,IPCA - Variação acumulada em 12 meses,%,Região Metropolitana até 2020,2901,Salvador - BA,202604,1201.Alimentação fora do domicílio,6.21,6.21
7060,2265,IPCA - Variação acumulada em 12 meses,%,Região Metropolitana até 2020,2901,Salvador - BA,202605,1201.Alimentação fora do domicílio,6.84,6.84
7060,2265,IPCA - Variação acumulada em 12 meses,%,Região Metropolitana até 2020,2901,Salvador - BA,202606,1201.Alimentação fora do domicílio,6.79,6.79
7060,2265,IPCA - Variação acumulada em 12 meses,%,Região Metropolitana até 2020,2901,Salvador - BA,202607,1201.Alimentação fora do domicílio,6.20,6.2
7060,2265,IPCA - Variação acumulada em 12 meses,%,Região Metropolitana até 2020,2901,Salvador - BA,202608,1201.Alimentação fora do domicílio,6.55,6.55
7060,2265,IPCA - Variação acumulada em 12 meses,%,Região Metropolitana até 2020,3101,Belo Horizonte - MG,202309,1201.Alimentação fora do domicílio,6.78,6.78
7060,2265,IPCA - Variação acumulada em 12 meses,%,Região Metropolitana até 2020,3101,Belo Horizonte - MG,202310,1201.Alimentação fora do domicílio,6.66,6.66
7060,2265,IPCA - Variação acumulada em 12 meses,%,Região Metropolitana até 2020,3101,Belo Horizonte - MG,202311,1201.Alimentação fora do domicílio,6.59,6.59
7060,2265,IPCA - Variação acumulada em 12 meses,%,Região Metropolitana até 2020,3101,Belo Horizonte - MG,202312,1201.Alimentação fora do domicílio,5.71,5.71
7060,2265,IPCA - Variação acumulada em 12 meses,%,Região Metropolitana até 2020,3101,Belo Horizonte - MG,202401,1201.Alimentação fora do domicílio,5.89,5.89
7060,2265,IPCA - Variação acumulada em 12 meses,%,Região Metropolitana até 2020,3101,Belo Horizonte - MG,202402,1201.Alimentação fora do domicílio,6.05,6.05
7060,2265,IPCA - Variação acumulada em 12 meses,%,Região Metropolitana até 2020,3101,Belo Horizonte - MG,202403,1201.Alimentação fora do domicílio,5.21,5.21
7060,2265,IPCA - Variação acumulada em 12 meses,%,Região Metropolitana até 2020,3101,Belo Horizonte - MG,202404,1201.Alimentação fora do domicílio,5.00,5.0
7060,2265,IPCA - Variação acumulada em 12 meses,%,Região Metropolitana até 2020,3101,Belo Horizonte - MG,202405,1201.Alimentação fora do domicílio,4.64,4.64
7060,2265,IPCA - Variação acumulada em 12 meses,%,Região Metropolitana até 2020,3101,Belo Horizonte - MG,202406,1201.Alimentação fora do domicílio,4.84,4.84
7060,2265,IPCA - Variação acumulada em 12 meses,%,Região Metropolitana até 2020,3101,Belo Horizonte - MG,202407,1201.Alimentação fora do domicílio,4.64,4.64
7060,2265,IPCA - Variação acumulada em 12 meses,%,Região Metropolitana até 2020,3101,Belo Horizonte - MG,202408,1201.Alimentação fora do domicílio,4.52,4.52
7060,2265,IPCA - Variação acumulada em 12 meses,%,Região Metropolitana até 2020,3101,Belo Horizonte - MG,202409,1201.Alimentação fora do domicílio,5.03,5.03
7060,2265,IPCA - Variação acumulada em 12 meses,%,Região Metropolitana até 2020,3101,Belo Horizonte - MG,202410,1201.Alimentação fora do domicílio,5.06,5.06
7060,2265,IPCA - Variação acumulada em 12 meses,%,Região Metropolitana até 2020,3101,Belo Horizonte - MG,202411,1201.Alimentação fora do domicílio,6.09,6.09
7060,2265,IPCA - Variação acumulada em 12 meses,%,Região Metropolitana até 2020,3101,Belo Horizonte - MG,202412,1201.Alimentação fora do domicílio,6.95,6.95
7060,2265,IPCA - Variação acumulada em 12 meses,%,Região Metropolitana até 2020,3101,Belo Horizonte - MG,202501,1201.Alimentação fora do domicílio,7.05,7.05
7060,2265,IPCA - Variação acumulada em 12 meses,%,Região Metropolitana até 2020,3101,Belo Horizonte - MG,202502,1201.Alimentação fora do domicílio,6.90,6.9
7060,2265,IPCA - Variação acumulada em 12 meses,%,Região Metropolitana até 2020,3101,Belo Horizonte - MG,202503,1201.Alimentação fora do domicílio,7.18,7.18
7060,2265,IPCA - Variação acumulada em 12 meses,%,Região Metropolitana até 2020,3101,Belo Horizonte - MG,202504,1201.Alimentação fora do domicílio,7.49,7.49
7060,2265,IPCA - Variação acumulada em 12 meses,%,Região Metropolitana até 2020,3101,Belo Horizonte - MG,202505,1201.Alimentação fora do domicílio,7.96,7.96
7060,2265,IPCA - Variação acumulada em 12 meses,%,Região Metropolitana até 2020,3101,Belo Horizonte - MG,202506,1201.Alimentação fora do domicílio,7.79,7.79
7060,2265,IPCA - Variação acumulada em 12 meses,%,Região Metropolitana até 2020,3101,Belo Horizonte - MG,202507,1201.Alimentação fora do domicílio,8.19,8.19
7060,2265,IPCA - Variação acumulada em 12 meses,%,Região Metropolitana até 2020,3101,Belo Horizonte - MG,202508,1201.Alimentação fora do domicílio,8.78,8.78
7060,2265,IPCA - Variação acumulada em 12 meses,%,Região Metropolitana até 2020,3101,Belo Horizonte - MG,202509,1201.Alimentação fora do domicílio,8.79,8.79
7060,2265,IPCA - Variação acumulada em 12 meses,%,Região Metropolitana até 2020,3101,Belo Horizonte - MG,202510,1201.Alimentação fora do domicílio,9.14,9.14
7060,2265,IPCA - Variação acumulada em 12 meses,%,Região Metropolitana até 2020,3101,Belo Horizonte - MG,202511,1201.Alimentação fora do domicílio,7.73,7.73
7060,2265,IPCA - Variação acumulada em 12 meses,%,Região Metropolitana até 2020,3101,Belo Horizonte - MG,202512,1201.Alimentação fora do domicílio,7.78,7.78
7060,2265,IPCA - Variação acumulada em 12 meses,%,Região Metropolitana até 2020,3101,Belo Horizonte - MG,202601,1201.Alimentação fora do domicílio,7.39,7.39
7060,2265,IPCA - Variação acumulada em 12 meses,%,Região Metropolitana até 2020,3101,Belo Horizonte - MG,202602,1201.Alimentação fora do domicílio,8.31,8.31
7060,2265,IPCA - Variação acumulada em 12 meses,%,Região Metropolitana até 2020,3101,Belo Horizonte - MG,202603,1201.Alimentação fora do domicílio,8.86,8.86
7060,2265,IPCA - Variação acumulada em 12 meses,%,Região Metropolitana até 2020,3101,Belo Horizonte - MG,202604,1201.Alimentação fora do domicílio,8.26,8.26
7060,2265,IPCA - Variação acumulada em 12 meses,%,Região Metropolitana até 2020,3101,Belo Horizonte - MG,202605,1201.Alimentação fora do domicílio,7.61,7.61
7060,2265,IPCA - Variação acumulada em 12 meses,%,Região Metropolitana até 2020,3101,Belo Horizonte - MG,202606,1201.Alimentação fora do domicílio,7.34,7.34
7060,2265,IPCA - Variação acumulada em 12 meses,%,Região Metropolitana até 2020,3101,Belo Horizonte - MG,202607,1201.Alimentação fora do domicílio,6.97,6.97
7060,2265,IPCA - Variação acumulada em 12 meses,%,Região Metropolitana até 2020,3101,Belo Horizonte - MG,202608,1201.Alimentação fora do domicílio,6.75,6.75
7060,2265,IPCA - Variação acumulada em 12 meses,%,Região Metropolitana até 2020,3201,Grande Vitória - ES,202309,1201.Alimentação fora do domicílio,8.87,8.87
7060,2265,IPCA - Variação acumulada em 12 meses,%,Região Metropolitana até 2020,3201,Grande Vitória - ES,202310,1201.Alimentação fora do domicílio,8.17,8.17
7060,2265,IPCA - Variação acumulada em 12 meses,%,Região Metropolitana até 2020,3201,Grande Vitória - ES,202311,1201.Alimentação fora do domicílio,7.71,7.71
7060,2265,IPCA - Variação acumulada em 12 meses,%,Região Metropolitana até 2020,3201,Grande Vitória - ES,202312,1201.Alimentação fora do domicílio,7.68,7.68
7060,2265,IPCA - Variação acumulada em 12 meses,%,Região Metropolitana até 2020,3201,Grande Vitória - ES,202401,1201.Alimentação fora do domicílio,7.23,7.23
7060,2265,IPCA - Variação acumulada em 12 meses,%,Região Metropolitana até 2020,3201,Grande Vitória - ES,202402,1201.Alimentação fora do domicílio,7.21,7.21
7060,2265,IPCA - Variação acumulada em 12 meses,%,Região Metropolitana até 2020,3201,Grande Vitória - ES,202403,1201.Alimentação fora do domicílio,6.65,6.65
7060,2265,IPCA - Variação acumulada em 12 meses,%,Região Metropolitana até 2020,3201,Grande Vitória - ES,202404,1201.Alimentação fora do domicílio,6.25,6.25
7060,2265,IPCA - Variação acumulada em 12 meses,%,Região Metropolitana até 2020,3201,Grande Vitória - ES,202405,1201.Alimentação fora do domicílio,6.49,6.49
7060,2265,IPCA - Variação acumulada em 12 meses,%,Região Metropolitana até 2020,3201,Grande Vitória - ES,202406,1201.Alimentação fora do domicílio,6.29,6.29
7060,2265,IPCA - Variação acumulada em 12 meses,%,Região Metropolitana até 2020,3201,Grande Vitória - ES,202407,1201.Alimentação fora do domicílio,5.57,5.57
7060,2265,IPCA - Variação acumulada em 12 meses,%,Região Metropolitana até 2020,3201,Grande Vitória - ES,202408,1201.Alimentação fora do domicílio,5.41,5.41
7060,2265,IPCA - Variação acumulada em 12 meses,%,Região Metropolitana até 2020,3201,Grande Vitória - ES,202409,1201.Alimentação fora do domicílio,5.02,5.02
7060,2265,IPCA - Variação acumulada em 12 meses,%,Região Metropolitana até 2020,3201,Grande Vitória - ES,202410,1201.Alimentação fora do domicílio,5.22,5.22
7060,2265,IPCA - Variação acumulada em 12 meses,%,Região Metropolitana até 2020,3201,Grande Vitória - ES,202411,1201.Alimentação fora do domicílio,5.01,5.01
7060,2265,IPCA - Variação acumulada em 12 meses,%,Região Metropolitana até 2020,3201,Grande Vitória - ES,202412,1201.Alimentação fora do domicílio,5.53,5.53
7060,2265,IPCA - Variação acumulada em 12 meses,%,Região Metropolitana até 2020,3201,Grande Vitória - ES,202501,1201.Alimentação fora do domicílio,7.30,7.3
7060,2265,IPCA - Variação acumulada em 12 meses,%,Região Metropolitana até 2020,3201,Grande Vitória - ES,202502,1201.Alimentação fora do domicílio,7.93,7.93
7060,2265,IPCA - Variação acumulada em 12 meses,%,Região Metropolitana até 2020,3201,Grande Vitória - ES,202503,1201.Alimentação fora do domicílio,8.02,8.02
7060,2265,IPCA - Variação acumulada em 12 meses,%,Região Metropolitana até 2020,3201,Grande Vitória - ES,202504,1201.Alimentação fora do domicílio,9.28,9.28
7060,2265,IPCA - Variação acumulada em 12 meses,%,Região Metropolitana até 2020,3201,Grande Vitória - ES,202505,1201.Alimentação fora do domicílio,8.61,8.61
7060,2265,IPCA - Variação acumulada em 12 meses,%,Região Metropolitana até 2020,3201,Grande Vitória - ES,202506,1201.Alimentação fora do domicílio,8.47,8.47
7060,2265,IPCA - Variação acumulada em 12 meses,%,Região Metropolitana até 2020,3201,Grande Vitória - ES,202507,1201.Alimentação fora do domicílio,9.03,9.03
7060,2265,IPCA - Variação acumulada em 12 meses,%,Região Metropolitana até 2020,3201,Grande Vitória - ES,202508,1201.Alimentação fora do domicílio,9.44,9.44
7060,2265,IPCA - Variação acumulada em 12 meses,%,Região Metropolitana até 2020,3201,Grande Vitória - ES,202509,1201.Alimentação fora do domicílio,9.81,9.81
7060,2265,IPCA - Variação acumulada em 12 meses,%,Região Metropolitana até 2020,3201,Grande Vitória - ES,202510,1201.Alimentação fora do domicílio,10.35,10.35
7060,2265,IPCA - Variação acumulada em 12 meses,%,Região Metropolitana até 2020,3201,Grande Vitória - ES,202511,1201.Alimentação fora do domicílio,10.09,10.09
7060,2265,IPCA - Variação acumulada em 12 meses,%,Região Metropolitana até 2020,3201,Grande Vitória - ES,202512,1201.Alimentação fora do domicílio,9.31,9.31
7060,2265,IPCA - Variação acumulada em 12 meses,%,Região Metropolitana até 2020,3201,Grande Vitória - ES,202601,1201.Alimentação fora do domicílio,8.22,8.22
7060,2265,IPCA - Variação acumulada em 12 meses,%,Região Metropolitana até 2020,3201,Grande Vitória - ES,202602,1201.Alimentação fora do domicílio,7.82,7.82
7060,2265,IPCA - Variação acumulada em 12 meses,%,Região Metropolitana até 2020,3201,Grande Vitória - ES,202603,1201.Alimentação fora do domicílio,7.10,7.1
7060,2265,IPCA - Variação acumulada em 12 meses,%,Região Metropolitana até 2020,3201,Grande Vitória - ES,202604,1201.Alimentação fora do domicílio,6.18,6.18
7060,2265,IPCA - Variação acumulada em 12 meses,%,Região Metropolitana até 2020,3201,Grande Vitória - ES,202605,1201.Alimentação fora do domicílio,7.01,7.01
7060,2265,IPCA - Variação acumulada em 12 meses,%,Região Metropolitana até 2020,3201,Grande Vitória - ES,202606,1201.Alimentação fora do domicílio,7.09,7.09
7060,2265,IPCA - Variação acumulada em 12 meses,%,Região Metropolitana até 2020,3201,Grande Vitória - ES,202607,1201.Alimentação fora do domicílio,7.42,7.42
7060,2265,IPCA - Variação acumulada em 12 meses,%,Região Metropolitana até 2020,3201,Grande Vitória - ES,202608,1201.Alimentação fora do domicílio,6.97,6.97
7060,2265,IPCA - Variação acumulada em 12 meses,%,Região Metropolitana até 2020,3301,Rio de Janeiro - RJ,202309,1201.Alimentação fora do domicílio,3.72,3.72
7060,2265,IPCA - Variação acumulada em 12 meses,%,Região Metropolitana até 2020,3301,Rio de Janeiro - RJ,202310,1201.Alimentação fora do domicílio,3.95,3.95
7060,2265,IPCA - Variação acumulada em 12 meses,%,Região Metropolitana até 2020,3301,Rio de Janeiro - RJ,202311,1201.Alimentação fora do domicílio,4.04,4.04
7060,2265,IPCA - Variação acumulada em 12 meses,%,Região Metropolitana até 2020,3301,Rio de Janeiro - RJ,202312,1201.Alimentação fora do domicílio,3.75,3.75
7060,2265,IPCA - Variação acumulada em 12 meses,%,Região Metropolitana até 2020,3301,Rio de Janeiro - RJ,202401,1201.Alimentação fora do domicílio,3.71,3.71
7060,2265,IPCA - Variação acumulada em 12 meses,%,Região Metropolitana até 2020,3301,Rio de Janeiro - RJ,202402,1201.Alimentação fora do domicílio,3.43,3.43
7060,2265,IPCA - Variação acumulada em 12 meses,%,Região Metropolitana até 2020,3301,Rio de Janeiro - RJ,202403,1201.Alimentação fora do domicílio,3.52,3.52
7060,2265,IPCA - Variação acumulada em 12 meses,%,Região Metropolitana até 2020,3301,Rio de Janeiro - RJ,202404,1201.Alimentação fora do domicílio,3.66,3.66
7060,2265,IPCA - Variação acumulada em 12 meses,%,Região Metropolitana até 2020,3301,Rio de Janeiro - RJ,202405,1201.Alimentação fora do domicílio,3.20,3.2
7060,2265,IPCA - Variação acumulada em 12 meses,%,Região Metropolitana até 2020,3301,Rio de Janeiro - RJ,202406,1201.Alimentação fora do domicílio,2.90,2.9
7060,2265,IPCA - Variação acumulada em 12 meses,%,Região Metropolitana até 2020,3301,Rio de Janeiro - RJ,202407,1201.Alimentação fora do domicílio,2.96,2.96
7060,2265,IPCA - Variação acumulada em 12 meses,%,Região Metropolitana até 2020,3301,Rio de Janeiro - RJ,202408,1201.Alimentação fora do domicílio,3.27,3.27
7060,2265,IPCA - Variação acumulada em 12 meses,%,Região Metropolitana até 2020,3301,Rio de Janeiro - RJ,202409,1201.Alimentação fora do domicílio,3.90,3.9
7060,2265,IPCA - Variação acumulada em 12 meses,%,Região Metropolitana até 2020,3301,Rio de Janeiro - RJ,202410,1201.Alimentação fora do domicílio,4.59,4.59
7060,2265,IPCA - Variação acumulada em 12 meses,%,Região Metropolitana até 2020,3301,Rio de Janeiro - RJ,202411,1201.Alimentação fora do domicílio,5.54,5.54
7060,2265,IPCA - Variação acumulada em 12 meses,%,Região Metropolitana até 2020,3301,Rio de Janeiro - RJ,202412,1201.Alimentação fora do domicílio,6.98,6.98
7060,2265,IPCA - Variação acumulada em 12 meses,%,Região Metropolitana até 2020,3301,Rio de Janeiro - RJ,202501,1201.Alimentação fora do domicílio,7.78,7.78
7060,2265,IPCA - Variação acumulada em 12 meses,%,Região Metropolitana até 2020,3301,Rio de Janeiro - RJ,202502,1201.Alimentação fora do domicílio,7.87,7.87
7060,2265,IPCA - Variação acumulada em 12 meses,%,Região Metropolitana até 2020,3301,Rio de Janeiro - RJ,202503,1201.Alimentação fora do domicílio,7.70,7.7
7060,2265,IPCA - Variação acumulada em 12 meses,%,Região Metropolitana até 2020,3301,Rio de Janeiro - RJ,202504,1201.Alimentação fora do domicílio,7.80,7.8
7060,2265,IPCA - Variação acumulada em 12 meses,%,Região Metropolitana até 2020,3301,Rio de Janeiro - RJ,202505,1201.Alimentação fora do domicílio,8.76,8.76
7060,2265,IPCA - Variação acumulada em 12 meses,%,Região Metropolitana até 2020,3301,Rio de Janeiro - RJ,202506,1201.Alimentação fora do domicílio,8.96,8.96
7060,2265,IPCA - Variação acumulada em 12 meses,%,Região Metropolitana até 2020,3301,Rio de Janeiro - RJ,202507,1201.Alimentação fora do domicílio,10.08,10.08
7060,2265,IPCA - Variação acumulada em 12 meses,%,Região Metropolitana até 2020,3301,Rio de Janeiro - RJ,202508,1201.Alimentação fora do domicílio,10.28,10.28
7060,2265,IPCA - Variação acumulada em 12 meses,%,Região Metropolitana até 2020,3301,Rio de Janeiro - RJ,202509,1201.Alimentação fora do domicílio,9.31,9.31
7060,2265,IPCA - Variação acumulada em 12 meses,%,Região Metropolitana até 2020,3301,Rio de Janeiro - RJ,202510,1201.Alimentação fora do domicílio,8.38,8.38
7060,2265,IPCA - Variação acumulada em 12 meses,%,Região Metropolitana até 2020,3301,Rio de Janeiro - RJ,202511,1201.Alimentação fora do domicílio,7.88,7.88
7060,2265,IPCA - Variação acumulada em 12 meses,%,Região Metropolitana até 2020,3301,Rio de Janeiro - RJ,202512,1201.Alimentação fora do domicílio,6.48,6.48
7060,2265,IPCA - Variação acumulada em 12 meses,%,Região Metropolitana até 2020,3301,Rio de Janeiro - RJ,202601,1201.Alimentação fora do domicílio,6.10,6.1
7060,2265,IPCA - Variação acumulada em 12 meses,%,Região Metropolitana até 2020,3301,Rio de Janeiro - RJ,202602,1201.Alimentação fora do domicílio,6.10,6.1
7060,2265,IPCA - Variação acumulada em 12 meses,%,Região Metropolitana até 2020,3301,Rio de Janeiro - RJ,202603,1201.Alimentação fora do domicílio,5.42,5.42
7060,2265,IPCA - Variação acumulada em 12 meses,%,Região Metropolitana até 2020,3301,Rio de Janeiro - RJ,202604,1201.Alimentação fora do domicílio,5.08,5.08
7060,2265,IPCA - Variação acumulada em 12 meses,%,Região Metropolitana até 2020,3301,Rio de Janeiro - RJ,202605,1201.Alimentação fora do domicílio,4.41,4.41
7060,2265,IPCA - Variação acumulada em 12 meses,%,Região Metropolitana até 2020,3301,Rio de Janeiro - RJ,202606,1201.Alimentação fora do domicílio,3.96,3.96
7060,2265,IPCA - Variação acumulada em 12 meses,%,Região Metropolitana até 2020,3301,Rio de Janeiro - RJ,202607,1201.Alimentação fora do domicílio,3.65,3.65
7060,2265,IPCA - Variação acumulada em 12 meses,%,Região Metropolitana até 2020,3301,Rio de Janeiro - RJ,202608,1201.Alimentação fora do domicílio,3.47,3.47
7060,2265,IPCA - Variação acumulada em 12 meses,%,Região Metropolitana até 2020,3501,São Paulo - SP,202309,1201.Alimentação fora do domicílio,5.83,5.83
7060,2265,IPCA - Variação acumulada em 12 meses,%,Região Metropolitana até 2020,3501,São Paulo - SP,202310,1201.Alimentação fora do domicílio,5.74,5.74
7060,2265,IPCA - Variação acumulada em 12 meses,%,Região Metropolitana até 2020,3501,São Paulo - SP,202311,1201.Alimentação fora do domicílio,5.53,5.53
7060,2265,IPCA - Variação acumulada em 12 meses,%,Região Metropolitana até 2020,3501,São Paulo - SP,202312,1201.Alimentação fora do domicílio,5.87,5.87
7060,2265,IPCA - Variação acumulada em 12 meses,%,Região Metropolitana até 2020,3501,São Paulo - SP,202401,1201.Alimentação fora do domicílio,5.06,5.06
7060,2265,IPCA - Variação acumulada em 12 meses,%,Região Metropolitana até 2020,3501,São Paulo - SP,202402,1201.Alimentação fora do domicílio,4.72,4.72
7060,2265,IPCA - Variação acumulada em 12 meses,%,Região Metropolitana até 2020,3501,São Paulo - SP,202403,1201.Alimentação fora do domicílio,4.38,4.38
7060,2265,IPCA - Variação acumulada em 12 meses,%,Região Metropolitana até 2020,3501,São Paulo - SP,202404,1201.Alimentação fora do domicílio,4.02,4.02
7060,2265,IPCA - Variação acumulada em 12 meses,%,Região Metropolitana até 2020,3501,São Paulo - SP,202405,1201.Alimentação fora do domicílio,4.11,4.11
7060,2265,IPCA - Variação acumulada em 12 meses,%,Região Metropolitana até 2020,3501,São Paulo - SP,202406,1201.Alimentação fora do domicílio,3.99,3.99
7060,2265,IPCA - Variação acumulada em 12 meses,%,Região Metropolitana até 2020,3501,São Paulo - SP,202407,1201.Alimentação fora do domicílio,4.32,4.32
7060,2265,IPCA - Variação acumulada em 12 meses,%,Região Metropolitana até 2020,3501,São Paulo - SP,202408,1201.Alimentação fora do domicílio,4.93,4.93
7060,2265,IPCA - Variação acumulada em 12 meses,%,Região Metropolitana até 2020,3501,São Paulo - SP,202409,1201.Alimentação fora do domicílio,4.70,4.7
7060,2265,IPCA - Variação acumulada em 12 meses,%,Região Metropolitana até 2020,3501,São Paulo - SP,202410,1201.Alimentação fora do domicílio,4.99,4.99
7060,2265,IPCA - Variação acumulada em 12 meses,%,Região Metropolitana até 2020,3501,São Paulo - SP,202411,1201.Alimentação fora do domicílio,5.22,5.22
7060,2265,IPCA - Variação acumulada em 12 meses,%,Região Metropolitana até 2020,3501,São Paulo - SP,202412,1201.Alimentação fora do domicílio,6.07,6.07
7060,2265,IPCA - Variação acumulada em 12 meses,%,Região Metropolitana até 2020,3501,São Paulo - SP,202501,1201.Alimentação fora do domicílio,6.29,6.29
7060,2265,IPCA - Variação acumulada em 12 meses,%,Região Metropolitana até 2020,3501,São Paulo - SP,202502,1201.Alimentação fora do domicílio,6.27,6.27
7060,2265,IPCA - Variação acumulada em 12 meses,%,Região Metropolitana até 2020,3501,São Paulo - SP,202503,1201.Alimentação fora do domicílio,7.44,7.44
7060,2265,IPCA - Variação acumulada em 12 meses,%,Região Metropolitana até 2020,3501,São Paulo - SP,202504,1201.Alimentação fora do domicílio,8.05,8.05
7060,2265,IPCA - Variação acumulada em 12 meses,%,Região Metropolitana até 2020,3501,São Paulo - SP,202505,1201.Alimentação fora do domicílio,7.60,7.6
7060,2265,IPCA - Variação acumulada em 12 meses,%,Região Metropolitana até 2020,3501,São Paulo - SP,202506,1201.Alimentação fora do domicílio,7.68,7.68
7060,2265,IPCA - Variação acumulada em 12 meses,%,Região Metropolitana até 2020,3501,São Paulo - SP,202507,1201.Alimentação fora do domicílio,8.23,8.23
7060,2265,IPCA - Variação acumulada em 12 meses,%,Região Metropolitana até 2020,3501,São Paulo - SP,202508,1201.Alimentação fora do domicílio,8.51,8.51
7060,2265,IPCA - Variação acumulada em 12 meses,%,Região Metropolitana até 2020,3501,São Paulo - SP,202509,1201.Alimentação fora do domicílio,8.07,8.07
7060,2265,IPCA - Variação acumulada em 12 meses,%,Região Metropolitana até 2020,3501,São Paulo - SP,202510,1201.Alimentação fora do domicílio,7.80,7.8
7060,2265,IPCA - Variação acumulada em 12 meses,%,Região Metropolitana até 2020,3501,São Paulo - SP,202511,1201.Alimentação fora do domicílio,7.69,7.69
7060,2265,IPCA - Variação acumulada em 12 meses,%,Região Metropolitana até 2020,3501,São Paulo - SP,202512,1201.Alimentação fora do domicílio,6.57,6.57
7060,2265,IPCA - Variação acumulada em 12 meses,%,Região Metropolitana até 2020,3501,São Paulo - SP,202601,1201.Alimentação fora do domicílio,6.89,6.89
7060,2265,IPCA - Variação acumulada em 12 meses,%,Região Metropolitana até 2020,3501,São Paulo - SP,202602,1201.Alimentação fora do domicílio,6.86,6.86
7060,2265,IPCA - Variação acumulada em 12 meses,%,Região Metropolitana até 2020,3501,São Paulo - SP,202603,1201.Alimentação fora do domicílio,6.76,6.76
7060,2265,IPCA - Variação acumulada em 12 meses,%,Região Metropolitana até 2020,3501,São Paulo - SP,202604,1201.Alimentação fora do domicílio,6.63,6.63
7060,2265,IPCA - Variação acumulada em 12 meses,%,Região Metropolitana até 2020,3501,São Paulo - SP,202605,1201.Alimentação fora do domicílio,6.71,6.71
7060,2265,IPCA - Variação acumulada em 12 meses,%,Região Metropolitana até 2020,3501,São Paulo - SP,202606,1201.Alimentação fora do domicílio,6.04,6.04
7060,2265,IPCA - Variação acumulada em 12 meses,%,Região Metropolitana até 2020,3501,São Paulo - SP,202607,1201.Alimentação fora do domicílio,5.78,5.78
7060,2265,IPCA - Variação acumulada em 12 meses,%,Região Metropolitana até 2020,3501,São Paulo - SP,202608,1201.Alimentação fora do domicílio,5.42,5.42
7060,2265,IPCA - Variação acumulada em 12 meses,%,Região Metropolitana até 2020,4101,Curitiba - PR,202309,1201.Alimentação fora do domicílio,4.16,4.16
7060,2265,IPCA - Variação acumulada em 12 meses,%,Região Metropolitana até 2020,4101,Curitiba - PR,202310,1201.Alimentação fora do domicílio,3.30,3.3
7060,2265,IPCA - Variação acumulada em 12 meses,%,Região Metropolitana até 2020,4101,Curitiba - PR,202311,1201.Alimentação fora do domicílio,3.11,3.11
7060,2265,IPCA - Variação acumulada em 12 meses,%,Região Metropolitana até 2020,4101,Curitiba - PR,202312,1201.Alimentação fora do domicílio,3.50,3.5
7060,2265,IPCA - Variação acumulada em 12 meses,%,Região Metropolitana até 2020,4101,Curitiba - PR,202401,1201.Alimentação fora do domicílio,4.25,4.25
7060,2265,IPCA - Variação acumulada em 12 meses,%,Região Metropolitana até 2020,4101,Curitiba - PR,202402,1201.Alimentação fora do domicílio,4.39,4.39
7060,2265,IPCA - Variação acumulada em 12 meses,%,Região Metropolitana até 2020,4101,Curitiba - PR,202403,1201.Alimentação fora do domicílio,4.24,4.24
7060,2265,IPCA - Variação acumulada em 12 meses,%,Região Metropolitana até 2020,4101,Curitiba - PR,202404,1201.Alimentação fora do domicílio,4.10,4.1
7060,2265,IPCA - Variação acumulada em 12 meses,%,Região Metropolitana até 2020,4101,Curitiba - PR,202405,1201.Alimentação fora do domicílio,3.91,3.91
7060,2265,IPCA - Variação acumulada em 12 meses,%,Região Metropolitana até 2020,4101,Curitiba - PR,202406,1201.Alimentação fora do domicílio,4.91,4.91
7060,2265,IPCA - Variação acumulada em 12 meses,%,Região Metropolitana até 2020,4101,Curitiba - PR,202407,1201.Alimentação fora do domicílio,4.60,4.6
7060,2265,IPCA - Variação acumulada em 12 meses,%,Região Metropolitana até 2020,4101,Curitiba - PR,202408,1201.Alimentação fora do domicílio,4.92,4.92
7060,2265,IPCA - Variação acumulada em 12 meses,%,Região Metropolitana até 2020,4101,Curitiba - PR,202409,1201.Alimentação fora do domicílio,5.25,5.25
7060,2265,IPCA - Variação acumulada em 12 meses,%,Região Metropolitana até 2020,4101,Curitiba - PR,202410,1201.Alimentação fora do domicílio,5.72,5.72
7060,2265,IPCA - Variação acumulada em 12 meses,%,Região Metropolitana até 2020,4101,Curitiba - PR,202411,1201.Alimentação fora do domicílio,6.48,6.48
7060,2265,IPCA - Variação acumulada em 12 meses,%,Região Metropolitana até 2020,4101,Curitiba - PR,202412,1201.Alimentação fora do domicílio,6.54,6.54
7060,2265,IPCA - Variação acumulada em 12 meses,%,Região Metropolitana até 2020,4101,Curitiba - PR,202501,1201.Alimentação fora do domicílio,6.40,6.4
7060,2265,IPCA - Variação acumulada em 12 meses,%,Região Metropolitana até 2020,4101,Curitiba - PR,202502,1201.Alimentação fora do domicílio,6.85,6.85
7060,2265,IPCA - Variação acumulada em 12 meses,%,Região Metropolitana até 2020,4101,Curitiba - PR,202503,1201.Alimentação fora do domicílio,7.84,7.84
7060,2265,IPCA - Variação acumulada em 12 meses,%,Região Metropolitana até 2020,4101,Curitiba - PR,202504,1201.Alimentação fora do domicílio,8.36,8.36
7060,2265,IPCA - Variação acumulada em 12 meses,%,Região Metropolitana até 2020,4101,Curitiba - PR,202505,1201.Alimentação fora do domicílio,9.10,9.1
7060,2265,IPCA - Variação acumulada em 12 meses,%,Região Metropolitana até 2020,4101,Curitiba - PR,202506,1201.Alimentação fora do domicílio,8.62,8.62
7060,2265,IPCA - Variação acumulada em 12 meses,%,Região Metropolitana até 2020,4101,Curitiba - PR,202507,1201.Alimentação fora do domicílio,8.57,8.57
7060,2265,IPCA - Variação acumulada em 12 meses,%,Região Metropolitana até 2020,4101,Curitiba - PR,202508,1201.Alimentação fora do domicílio,8.49,8.49
7060,2265,IPCA - Variação acumulada em 12 meses,%,Região Metropolitana até 2020,4101,Curitiba - PR,202509,1201.Alimentação fora do domicílio,7.94,7.94
7060,2265,IPCA - Variação acumulada em 12 meses,%,Região Metropolitana até 2020,4101,Curitiba - PR,202510,1201.Alimentação fora do domicílio,7.59,7.59
7060,2265,IPCA - Variação acumulada em 12 meses,%,Região Metropolitana até 2020,4101,Curitiba - PR,202511,1201.Alimentação fora do domicílio,6.78,6.78
7060,2265,IPCA - Variação acumulada em 12 meses,%,Região Metropolitana até 2020,4101,Curitiba - PR,202512,1201.Alimentação fora do domicílio,7.11,7.11
7060,2265,IPCA - Variação acumulada em 12 meses,%,Região Metropolitana até 2020,4101,Curitiba - PR,202601,1201.Alimentação fora do domicílio,6.73,6.73
7060,2265,IPCA - Variação acumulada em 12 meses,%,Região Metropolitana até 2020,4101,Curitiba - PR,202602,1201.Alimentação fora do domicílio,5.77,5.77
7060,2265,IPCA - Variação acumulada em 12 meses,%,Região Metropolitana até 2020,4101,Curitiba - PR,202603,1201.Alimentação fora do domicílio,5.41,5.41
7060,2265,IPCA - Variação acumulada em 12 meses,%,Região Metropolitana até 2020,4101,Curitiba - PR,202604,1201.Alimentação fora do domicílio,5.24,5.24
7060,2265,IPCA - Variação acumulada em 12 meses,%,Região Metropolitana até 2020,4101,Curitiba - PR,202605,1201.Alimentação fora do domicílio,4.21,4.21
7060,2265,IPCA - Variação acumulada em 12 meses,%,Região Metropolitana até 2020,4101,Curitiba - PR,202606,1201.Alimentação fora do domicílio,4.36,4.36
7060,2265,IPCA - Variação acumulada em 12 meses,%,Região Metropolitana até 2020,4101,Curitiba - PR,202607,1201.Alimentação fora do domicílio,4.38,4.38
7060,2265,IPCA - Variação acumulada em 12 meses,%,Região Metropolitana até 2020,4101,Curitiba - PR,202608,1201.Alimentação fora do domicílio,4.35,4.35
7060,2265,IPCA - Variação acumulada em 12 meses,%,Região Metropolitana até 2020,4301,Porto Alegre - RS,202309,1201.Alimentação fora do domicílio,5.00,5.0
7060,2265,IPCA - Variação acumulada em 12 meses,%,Região Metropolitana até 2020,4301,Porto Alegre - RS,202310,1201.Alimentação fora do domicílio,5.47,5.47
7060,2265,IPCA - Variação acumulada em 12 meses,%,Região Metropolitana até 2020,4301,Porto Alegre - RS,202311,1201.Alimentação fora do domicílio,5.53,5.53
7060,2265,IPCA - Variação acumulada em 12 meses,%,Região Metropolitana até 2020,4301,Porto Alegre - RS,202312,1201.Alimentação fora do domicílio,5.59,5.59
7060,2265,IPCA - Variação acumulada em 12 meses,%,Região Metropolitana até 2020,4301,Porto Alegre - RS,202401,1201.Alimentação fora do domicílio,5.42,5.42
7060,2265,IPCA - Variação acumulada em 12 meses,%,Região Metropolitana até 2020,4301,Porto Alegre - RS,202402,1201.Alimentação fora do domicílio,6.16,6.16
7060,2265,IPCA - Variação acumulada em 12 meses,%,Região Metropolitana até 2020,4301,Porto Alegre - RS,202403,1201.Alimentação fora do domicílio,5.42,5.42
7060,2265,IPCA - Variação acumulada em 12 meses,%,Região Metropolitana até 2020,4301,Porto Alegre - RS,202404,1201.Alimentação fora do domicílio,4.80,4.8
7060,2265,IPCA - Variação acumulada em 12 meses,%,Região Metropolitana até 2020,4301,Porto Alegre - RS,202405,1201.Alimentação fora do domicílio,4.31,4.31
7060,2265,IPCA - Variação acumulada em 12 meses,%,Região Metropolitana até 2020,4301,Porto Alegre - RS,202406,1201.Alimentação fora do domicílio,3.62,3.62
7060,2265,IPCA - Variação acumulada em 12 meses,%,Região Metropolitana até 2020,4301,Porto Alegre - RS,202407,1201.Alimentação fora do domicílio,4.50,4.5
7060,2265,IPCA - Variação acumulada em 12 meses,%,Região Metropolitana até 2020,4301,Porto Alegre - RS,202408,1201.Alimentação fora do domicílio,3.84,3.84
7060,2265,IPCA - Variação acumulada em 12 meses,%,Região Metropolitana até 2020,4301,Porto Alegre - RS,202409,1201.Alimentação fora do domicílio,4.37,4.37
7060,2265,IPCA - Variação acumulada em 12 meses,%,Região Metropolitana até 2020,4301,Porto Alegre - RS,202410,1201.Alimentação fora do domicílio,4.35,4.35
7060,2265,IPCA - Variação acumulada em 12 meses,%,Região Metropolitana até 2020,4301,Porto Alegre - RS,202411,1201.Alimentação fora do domicílio,5.49,5.49
7060,2265,IPCA - Variação acumulada em 12 meses,%,Região Metropolitana até 2020,4301,Porto Alegre - RS,202412,1201.Alimentação fora do domicílio,6.31,6.31
7060,2265,IPCA - Variação acumulada em 12 meses,%,Região Metropolitana até 2020,4301,Porto Alegre - RS,202501,1201.Alimentação fora do domicílio,7.21,7.21
7060,2265,IPCA - Variação acumulada em 12 meses,%,Região Metropolitana até 2020,4301,Porto Alegre - RS,202502,1201.Alimentação fora do domicílio,6.31,6.31
7060,2265,IPCA - Variação acumulada em 12 meses,%,Região Metropolitana até 2020,4301,Porto Alegre - RS,202503,1201.Alimentação fora do domicílio,7.06,7.06
7060,2265,IPCA - Variação acumulada em 12 meses,%,Região Metropolitana até 2020,4301,Porto Alegre - RS,202504,1201.Alimentação fora do domicílio,7.29,7.29
7060,2265,IPCA - Variação acumulada em 12 meses,%,Região Metropolitana até 2020,4301,Porto Alegre - RS,202505,1201.Alimentação fora do domicílio,8.57,8.57
7060,2265,IPCA - Variação acumulada em 12 meses,%,Região Metropolitana até 2020,4301,Porto Alegre - RS,202506,1201.Alimentação fora do domicílio,9.15,9.15
7060,2265,IPCA - Variação acumulada em 12 meses,%,Região Metropolitana até 2020,4301,Porto Alegre - RS,202507,1201.Alimentação fora do domicílio,9.70,9.7
7060,2265,IPCA - Variação acumulada em 12 meses,%,Região Metropolitana até 2020,4301,Porto Alegre - RS,202508,1201.Alimentação fora do domicílio,9.88,9.88
7060,2265,IPCA - Variação acumulada em 12 meses,%,Região Metropolitana até 2020,4301,Porto Alegre - RS,202509,1201.Alimentação fora do domicílio,9.45,9.45
7060,2265,IPCA - Variação acumulada em 12 meses,%,Região Metropolitana até 2020,4301,Porto Alegre - RS,202510,1201.Alimentação fora do domicílio,9.68,9.68
7060,2265,IPCA - Variação acumulada em 12 meses,%,Região Metropolitana até 2020,4301,Porto Alegre - RS,202511,1201.Alimentação fora do domicílio,8.48,8.48
7060,2265,IPCA - Variação acumulada em 12 meses,%,Região Metropolitana até 2020,4301,Porto Alegre - RS,202512,1201.Alimentação fora do domicílio,7.67,7.67
7060,2265,IPCA - Variação acumulada em 12 meses,%,Região Metropolitana até 2020,4301,Porto Alegre - RS,202601,1201.Alimentação fora do domicílio,7.04,7.04
7060,2265,IPCA - Variação acumulada em 12 meses,%,Região Metropolitana até 2020,4301,Porto Alegre - RS,202602,1201.Alimentação fora do domicílio,7.54,7.54
7060,2265,IPCA - Variação acumulada em 12 meses,%,Região Metropolitana até 2020,4301,Porto Alegre - RS,202603,1201.Alimentação fora do domicílio,6.80,6.8
7060,2265,IPCA - Variação acumulada em 12 meses,%,Região Metropolitana até 2020,4301,Porto Alegre - RS,202604,1201.Alimentação fora do domicílio,6.69,6.69
7060,2265,IPCA - Variação acumulada em 12 meses,%,Região Metropolitana até 2020,4301,Porto Alegre - RS,202605,1201.Alimentação fora do domicílio,6.47,6.47
7060,2265,IPCA - Variação acumulada em 12 meses,%,Região Metropolitana até 2020,4301,Porto Alegre - RS,202606,1201.Alimentação fora do domicílio,5.75,5.75
7060,2265,IPCA - Variação acumulada em 12 meses,%,Região Metropolitana até 2020,4301,Porto Alegre - RS,202607,1201.Alimentação fora do domicílio,4.90,4.9
7060,2265,IPCA - Variação acumulada em 12 meses,%,Região Metropolitana até 2020,4301,Porto Alegre - RS,202608,1201.Alimentação fora do domicílio,5.17,5.17
