tabela,variavel_id,variavel,unidade,nivel,localidade_id,localidade,periodo,Classes de rendimento total e variação patrimonial mensal familiar,Tipos de despesa,valor_original,valor
6972,1201,Despesa monetária e não monetária média mensal familiar,Reais,Brasil,1,Brasil,2018,Total,1 Despesas com alimentação,658.23,658.23
6972,1201,Despesa monetária e não monetária média mensal familiar,Reais,Unidade da Federação,11,Rondônia,2018,Total,1 Despesas com alimentação,386.79,386.79
6972,1201,Despesa monetária e não monetária média mensal familiar,Reais,Unidade da Federação,12,Acre,2018,Total,1 Despesas com alimentação,637.28,637.28
6972,1201,Despesa monetária e não monetária média mensal familiar,Reais,Unidade da Federação,13,Amazonas,2018,Total,1 Despesas com alimentação,557.70,557.7
6972,1201,Despesa monetária e não monetária média mensal familiar,Reais,Unidade da Federação,14,Roraima,2018,Total,1 Despesas com alimentação,545.88,545.88
6972,1201,Despesa monetária e não monetária média mensal familiar,Reais,Unidade da Federação,15,Pará,2018,Total,1 Despesas com alimentação,608.43,608.43
6972,1201,Despesa monetária e não monetária média mensal familiar,Reais,Unidade da Federação,16,Amapá,2018,Total,1 Despesas com alimentação,894.87,894.87
6972,1201,Despesa monetária e não monetária média mensal familiar,Reais,Unidade da Federação,17,Tocantins,2018,Total,1 Despesas com alimentação,294.00,294.0
6972,1201,Despesa monetária e não monetária média mensal familiar,Reais,Unidade da Federação,21,Maranhão,2018,Total,1 Despesas com alimentação,498.60,498.6
6972,1201,Despesa monetária e não monetária média mensal familiar,Reais,Unidade da Federação,22,Piauí,2018,Total,1 Despesas com alimentação,647.17,647.17
6972,1201,Despesa monetária e não monetária média mensal familiar,Reais,Unidade da Federação,23,Ceará,2018,Total,1 Despesas com alimentação,526.53,526.53
6972,1201,Despesa monetária e não monetária média mensal familiar,Reais,Unidade da Federação,24,Rio Grande do Norte,2018,Total,1 Despesas com alimentação,820.21,820.21
6972,1201,Despesa monetária e não monetária média mensal familiar,Reais,Unidade da Federação,25,Paraíba,2018,Total,1 Despesas com alimentação,496.10,496.1
6972,1201,Despesa monetária e não monetária média mensal familiar,Reais,Unidade da Federação,26,Pernambuco,2018,Total,1 Despesas com alimentação,587.35,587.35
6972,1201,Despesa monetária e não monetária média mensal familiar,Reais,Unidade da Federação,27,Alagoas,2018,Total,1 Despesas com alimentação,390.71,390.71
6972,1201,Despesa monetária e não monetária média mensal familiar,Reais,Unidade da Federação,28,Sergipe,2018,Total,1 Despesas com alimentação,794.97,794.97
6972,1201,Despesa monetária e não monetária média mensal familiar,Reais,Unidade da Federação,29,Bahia,2018,Total,1 Despesas com alimentação,626.61,626.61
6972,1201,Despesa monetária e não monetária média mensal familiar,Reais,Unidade da Federação,31,Minas Gerais,2018,Total,1 Despesas com alimentação,688.51,688.51
6972,1201,Despesa monetária e não monetária média mensal familiar,Reais,Unidade da Federação,32,Espírito Santo,2018,Total,1 Despesas com alimentação,465.51,465.51
6972,1201,Despesa monetária e não monetária média mensal familiar,Reais,Unidade da Federação,33,Rio de Janeiro,2018,Total,1 Despesas com alimentação,596.14,596.14
6972,1201,Despesa monetária e não monetária média mensal familiar,Reais,Unidade da Federação,35,São Paulo,2018,Total,1 Despesas com alimentação,751.62,751.62
6972,1201,Despesa monetária e não monetária média mensal familiar,Reais,Unidade da Federação,41,Paraná,2018,Total,1 Despesas com alimentação,641.75,641.75
6972,1201,Despesa monetária e não monetária média mensal familiar,Reais,Unidade da Federação,42,Santa Catarina,2018,Total,1 Despesas com alimentação,698.67,698.67
6972,1201,Despesa monetária e não monetária média mensal familiar,Reais,Unidade da Federação,43,Rio Grande do Sul,2018,Total,1 Despesas com alimentação,736.69,736.69
6972,1201,Despesa monetária e não monetária média mensal familiar,Reais,Unidade da Federação,50,Mato Grosso do Sul,2018,Total,1 Despesas com alimentação,806.48,806.48
6972,1201,Despesa monetária e não monetária média mensal familiar,Reais,Unidade da Federação,51,Mato Grosso,2018,Total,1 Despesas com alimentação,708.29,708.29
6972,1201,Despesa monetária e não monetária média mensal familiar,Reais,Unidade da Federação,52,Goiás,2018,Total,1 Despesas com alimentação,652.88,652.88
6972,1201,Despesa monetária e não monetária média mensal familiar,Reais,Unidade da Federação,53,Distrito Federal,2018,Total,1 Despesas com alimentação,876.27,876.27
6972,1201,Despesa monetária e não monetária média mensal familiar,Reais,Brasil,1,Brasil,2018,Total,3 Alimentação fora do domicílio,215.96,215.96
6972,1201,Despesa monetária e não monetária média mensal familiar,Reais,Unidade da Federação,11,Rondônia,2018,Total,3 Alimentação fora do domicílio,112.16,112.16
6972,1201,Despesa monetária e não monetária média mensal familiar,Reais,Unidade da Federação,12,Acre,2018,Total,3 Alimentação fora do domicílio,190.44,190.44
6972,1201,Despesa monetária e não monetária média mensal familiar,Reais,Unidade da Federação,13,Amazonas,2018,Total,3 Alimentação fora do domicílio,112.94,112.94
6972,1201,Despesa monetária e não monetária média mensal familiar,Reais,Unidade da Federação,14,Roraima,2018,Total,3 Alimentação fora do domicílio,69.34,69.34
6972,1201,Despesa monetária e não monetária média mensal familiar,Reais,Unidade da Federação,15,Pará,2018,Total,3 Alimentação fora do domicílio,123.24,123.24
6972,1201,Despesa monetária e não monetária média mensal familiar,Reais,Unidade da Federação,16,Amapá,2018,Total,3 Alimentação fora do domicílio,185.00,185.0
6972,1201,Despesa monetária e não monetária média mensal familiar,Reais,Unidade da Federação,17,Tocantins,2018,Total,3 Alimentação fora do domicílio,67.86,67.86
6972,1201,Despesa monetária e não monetária média mensal familiar,Reais,Unidade da Federação,21,Maranhão,2018,Total,3 Alimentação fora do domicílio,106.89,106.89
6972,1201,Despesa monetária e não monetária média mensal familiar,Reais,Unidade da Federação,22,Piauí,2018,Total,3 Alimentação fora do domicílio,238.93,238.93
6972,1201,Despesa monetária e não monetária média mensal familiar,Reais,Unidade da Federação,23,Ceará,2018,Total,3 Alimentação fora do domicílio,147.73,147.73
6972,1201,Despesa monetária e não monetária média mensal familiar,Reais,Unidade da Federação,24,Rio Grande do Norte,2018,Total,3 Alimentação fora do domicílio,299.64,299.64
6972,1201,Despesa monetária e não monetária média mensal familiar,Reais,Unidade da Federação,25,Paraíba,2018,Total,3 Alimentação fora do domicílio,124.85,124.85
6972,1201,Despesa monetária e não monetária média mensal familiar,Reais,Unidade da Federação,26,Pernambuco,2018,Total,3 Alimentação fora do domicílio,185.09,185.09
6972,1201,Despesa monetária e não monetária média mensal familiar,Reais,Unidade da Federação,27,Alagoas,2018,Total,3 Alimentação fora do domicílio,78.77,78.77
6972,1201,Despesa monetária e não monetária média mensal familiar,Reais,Unidade da Federação,28,Sergipe,2018,Total,3 Alimentação fora do domicílio,383.15,383.15
6972,1201,Despesa monetária e não monetária média mensal familiar,Reais,Unidade da Federação,29,Bahia,2018,Total,3 Alimentação fora do domicílio,226.13,226.13
6972,1201,Despesa monetária e não monetária média mensal familiar,Reais,Unidade da Federação,31,Minas Gerais,2018,Total,3 Alimentação fora do domicílio,267.33,267.33
6972,1201,Despesa monetária e não monetária média mensal familiar,Reais,Unidade da Federação,32,Espírito Santo,2018,Total,3 Alimentação fora do domicílio,145.85,145.85
6972,1201,Despesa monetária e não monetária média mensal familiar,Reais,Unidade da Federação,33,Rio de Janeiro,2018,Total,3 Alimentação fora do domicílio,182.89,182.89
6972,1201,Despesa monetária e não monetária média mensal familiar,Reais,Unidade da Federação,35,São Paulo,2018,Total,3 Alimentação fora do domicílio,251.80,251.8
6972,1201,Despesa monetária e não monetária média mensal familiar,Reais,Unidade da Federação,41,Paraná,2018,Total,3 Alimentação fora do domicílio,193.66,193.66
6972,1201,Despesa monetária e não monetária média mensal familiar,Reais,Unidade da Federação,42,Santa Catarina,2018,Total,3 Alimentação fora do domicílio,192.59,192.59
6972,1201,Despesa monetária e não monetária média mensal familiar,Reais,Unidade da Federação,43,Rio Grande do Sul,2018,Total,3 Alimentação fora do domicílio,249.69,249.69
6972,1201,Despesa monetária e não monetária média mensal familiar,Reais,Unidade da Federação,50,Mato Grosso do Sul,2018,Total,3 Alimentação fora do domicílio,342.50,342.5
6972,1201,Despesa monetária e não monetária média mensal familiar,Reais,Unidade da Federação,51,Mato Grosso,2018,Total,3 Alimentação fora do domicílio,272.75,272.75
6972,1201,Despesa monetária e não monetária média mensal familiar,Reais,Unidade da Federação,52,Goiás,2018,Total,3 Alimentação fora do domicílio,222.53,222.53
6972,1201,Despesa monetária e não monetária média mensal familiar,Reais,Unidade da Federação,53,Distrito Federal,2018,Total,3 Alimentação fora do domicílio,355.80,355.8
6972,1201,Despesa monetária e não monetária média mensal familiar,Reais,Brasil,1,Brasil,2018,Total,3.1 Almoço e jantar,145.97,145.97
6972,1201,Despesa monetária e não monetária média mensal familiar,Reais,Unidade da Federação,11,Rondônia,2018,Total,3.1 Almoço e jantar,72.93,72.93
6972,1201,Despesa monetária e não monetária média mensal familiar,Reais,Unidade da Federação,12,Acre,2018,Total,3.1 Almoço e jantar,114.04,114.04
6972,1201,Despesa monetária e não monetária média mensal familiar,Reais,Unidade da Federação,13,Amazonas,2018,Total,3.1 Almoço e jantar,73.20,73.2
6972,1201,Despesa monetária e não monetária média mensal familiar,Reais,Unidade da Federação,14,Roraima,2018,Total,3.1 Almoço e jantar,53.68,53.68
6972,1201,Despesa monetária e não monetária média mensal familiar,Reais,Unidade da Federação,15,Pará,2018,Total,3.1 Almoço e jantar,79.79,79.79
6972,1201,Despesa monetária e não monetária média mensal familiar,Reais,Unidade da Federação,16,Amapá,2018,Total,3.1 Almoço e jantar,115.55,115.55
6972,1201,Despesa monetária e não monetária média mensal familiar,Reais,Unidade da Federação,17,Tocantins,2018,Total,3.1 Almoço e jantar,34.56,34.56
6972,1201,Despesa monetária e não monetária média mensal familiar,Reais,Unidade da Federação,21,Maranhão,2018,Total,3.1 Almoço e jantar,69.19,69.19
6972,1201,Despesa monetária e não monetária média mensal familiar,Reais,Unidade da Federação,22,Piauí,2018,Total,3.1 Almoço e jantar,146.29,146.29
6972,1201,Despesa monetária e não monetária média mensal familiar,Reais,Unidade da Federação,23,Ceará,2018,Total,3.1 Almoço e jantar,104.59,104.59
6972,1201,Despesa monetária e não monetária média mensal familiar,Reais,Unidade da Federação,24,Rio Grande do Norte,2018,Total,3.1 Almoço e jantar,181.42,181.42
6972,1201,Despesa monetária e não monetária média mensal familiar,Reais,Unidade da Federação,25,Paraíba,2018,Total,3.1 Almoço e jantar,88.07,88.07
6972,1201,Despesa monetária e não monetária média mensal familiar,Reais,Unidade da Federação,26,Pernambuco,2018,Total,3.1 Almoço e jantar,127.53,127.53
6972,1201,Despesa monetária e não monetária média mensal familiar,Reais,Unidade da Federação,27,Alagoas,2018,Total,3.1 Almoço e jantar,47.94,47.94
6972,1201,Despesa monetária e não monetária média mensal familiar,Reais,Unidade da Federação,28,Sergipe,2018,Total,3.1 Almoço e jantar,241.67,241.67
6972,1201,Despesa monetária e não monetária média mensal familiar,Reais,Unidade da Federação,29,Bahia,2018,Total,3.1 Almoço e jantar,146.63,146.63
6972,1201,Despesa monetária e não monetária média mensal familiar,Reais,Unidade da Federação,31,Minas Gerais,2018,Total,3.1 Almoço e jantar,158.44,158.44
6972,1201,Despesa monetária e não monetária média mensal familiar,Reais,Unidade da Federação,32,Espírito Santo,2018,Total,3.1 Almoço e jantar,85.67,85.67
6972,1201,Despesa monetária e não monetária média mensal familiar,Reais,Unidade da Federação,33,Rio de Janeiro,2018,Total,3.1 Almoço e jantar,138.42,138.42
6972,1201,Despesa monetária e não monetária média mensal familiar,Reais,Unidade da Federação,35,São Paulo,2018,Total,3.1 Almoço e jantar,178.75,178.75
6972,1201,Despesa monetária e não monetária média mensal familiar,Reais,Unidade da Federação,41,Paraná,2018,Total,3.1 Almoço e jantar,134.83,134.83
6972,1201,Despesa monetária e não monetária média mensal familiar,Reais,Unidade da Federação,42,Santa Catarina,2018,Total,3.1 Almoço e jantar,123.77,123.77
6972,1201,Despesa monetária e não monetária média mensal familiar,Reais,Unidade da Federação,43,Rio Grande do Sul,2018,Total,3.1 Almoço e jantar,185.89,185.89
6972,1201,Despesa monetária e não monetária média mensal familiar,Reais,Unidade da Federação,50,Mato Grosso do Sul,2018,Total,3.1 Almoço e jantar,234.79,234.79
6972,1201,Despesa monetária e não monetária média mensal familiar,Reais,Unidade da Federação,51,Mato Grosso,2018,Total,3.1 Almoço e jantar,151.12,151.12
6972,1201,Despesa monetária e não monetária média mensal familiar,Reais,Unidade da Federação,52,Goiás,2018,Total,3.1 Almoço e jantar,145.54,145.54
6972,1201,Despesa monetária e não monetária média mensal familiar,Reais,Unidade da Federação,53,Distrito Federal,2018,Total,3.1 Almoço e jantar,261.81,261.81
6972,1201,Despesa monetária e não monetária média mensal familiar,Reais,Brasil,1,Brasil,2018,Total,"3.2 Café, leite, café/leite e chocolate",2.50,2.5
6972,1201,Despesa monetária e não monetária média mensal familiar,Reais,Unidade da Federação,11,Rondônia,2018,Total,"3.2 Café, leite, café/leite e chocolate",1.25,1.25
6972,1201,Despesa monetária e não monetária média mensal familiar,Reais,Unidade da Federação,12,Acre,2018,Total,"3.2 Café, leite, café/leite e chocolate",3.24,3.24
6972,1201,Despesa monetária e não monetária média mensal familiar,Reais,Unidade da Federação,13,Amazonas,2018,Total,"3.2 Café, leite, café/leite e chocolate",0.83,0.83
6972,1201,Despesa monetária e não monetária média mensal familiar,Reais,Unidade da Federação,14,Roraima,2018,Total,"3.2 Café, leite, café/leite e chocolate",0.16,0.16
6972,1201,Despesa monetária e não monetária média mensal familiar,Reais,Unidade da Federação,15,Pará,2018,Total,"3.2 Café, leite, café/leite e chocolate",1.16,1.16
6972,1201,Despesa monetária e não monetária média mensal familiar,Reais,Unidade da Federação,16,Amapá,2018,Total,"3.2 Café, leite, café/leite e chocolate",2.66,2.66
6972,1201,Despesa monetária e não monetária média mensal familiar,Reais,Unidade da Federação,17,Tocantins,2018,Total,"3.2 Café, leite, café/leite e chocolate",0.28,0.28
6972,1201,Despesa monetária e não monetária média mensal familiar,Reais,Unidade da Federação,21,Maranhão,2018,Total,"3.2 Café, leite, café/leite e chocolate",1.38,1.38
6972,1201,Despesa monetária e não monetária média mensal familiar,Reais,Unidade da Federação,22,Piauí,2018,Total,"3.2 Café, leite, café/leite e chocolate",2.73,2.73
6972,1201,Despesa monetária e não monetária média mensal familiar,Reais,Unidade da Federação,23,Ceará,2018,Total,"3.2 Café, leite, café/leite e chocolate",1.77,1.77
6972,1201,Despesa monetária e não monetária média mensal familiar,Reais,Unidade da Federação,24,Rio Grande do Norte,2018,Total,"3.2 Café, leite, café/leite e chocolate",1.21,1.21
6972,1201,Despesa monetária e não monetária média mensal familiar,Reais,Unidade da Federação,25,Paraíba,2018,Total,"3.2 Café, leite, café/leite e chocolate",0.86,0.86
6972,1201,Despesa monetária e não monetária média mensal familiar,Reais,Unidade da Federação,26,Pernambuco,2018,Total,"3.2 Café, leite, café/leite e chocolate",1.22,1.22
6972,1201,Despesa monetária e não monetária média mensal familiar,Reais,Unidade da Federação,27,Alagoas,2018,Total,"3.2 Café, leite, café/leite e chocolate",0.32,0.32
6972,1201,Despesa monetária e não monetária média mensal familiar,Reais,Unidade da Federação,28,Sergipe,2018,Total,"3.2 Café, leite, café/leite e chocolate",1.68,1.68
6972,1201,Despesa monetária e não monetária média mensal familiar,Reais,Unidade da Federação,29,Bahia,2018,Total,"3.2 Café, leite, café/leite e chocolate",1.50,1.5
6972,1201,Despesa monetária e não monetária média mensal familiar,Reais,Unidade da Federação,31,Minas Gerais,2018,Total,"3.2 Café, leite, café/leite e chocolate",2.71,2.71
6972,1201,Despesa monetária e não monetária média mensal familiar,Reais,Unidade da Federação,32,Espírito Santo,2018,Total,"3.2 Café, leite, café/leite e chocolate",0.98,0.98
6972,1201,Despesa monetária e não monetária média mensal familiar,Reais,Unidade da Federação,33,Rio de Janeiro,2018,Total,"3.2 Café, leite, café/leite e chocolate",1.32,1.32
6972,1201,Despesa monetária e não monetária média mensal familiar,Reais,Unidade da Federação,35,São Paulo,2018,Total,"3.2 Café, leite, café/leite e chocolate",4.52,4.52
6972,1201,Despesa monetária e não monetária média mensal familiar,Reais,Unidade da Federação,41,Paraná,2018,Total,"3.2 Café, leite, café/leite e chocolate",1.73,1.73
6972,1201,Despesa monetária e não monetária média mensal familiar,Reais,Unidade da Federação,42,Santa Catarina,2018,Total,"3.2 Café, leite, café/leite e chocolate",2.01,2.01
6972,1201,Despesa monetária e não monetária média mensal familiar,Reais,Unidade da Federação,43,Rio Grande do Sul,2018,Total,"3.2 Café, leite, café/leite e chocolate",4.33,4.33
6972,1201,Despesa monetária e não monetária média mensal familiar,Reais,Unidade da Federação,50,Mato Grosso do Sul,2018,Total,"3.2 Café, leite, café/leite e chocolate",3.60,3.6
6972,1201,Despesa monetária e não monetária média mensal familiar,Reais,Unidade da Federação,51,Mato Grosso,2018,Total,"3.2 Café, leite, café/leite e chocolate",1.49,1.49
6972,1201,Despesa monetária e não monetária média mensal familiar,Reais,Unidade da Federação,52,Goiás,2018,Total,"3.2 Café, leite, café/leite e chocolate",1.76,1.76
6972,1201,Despesa monetária e não monetária média mensal familiar,Reais,Unidade da Federação,53,Distrito Federal,2018,Total,"3.2 Café, leite, café/leite e chocolate",2.65,2.65
6972,1201,Despesa monetária e não monetária média mensal familiar,Reais,Brasil,1,Brasil,2018,Total,3.3 Sanduíches e salgados,18.28,18.28
6972,1201,Despesa monetária e não monetária média mensal familiar,Reais,Unidade da Federação,11,Rondônia,2018,Total,3.3 Sanduíches e salgados,12.60,12.6
6972,1201,Despesa monetária e não monetária média mensal familiar,Reais,Unidade da Federação,12,Acre,2018,Total,3.3 Sanduíches e salgados,15.97,15.97
6972,1201,Despesa monetária e não monetária média mensal familiar,Reais,Unidade da Federação,13,Amazonas,2018,Total,3.3 Sanduíches e salgados,11.97,11.97
6972,1201,Despesa monetária e não monetária média mensal familiar,Reais,Unidade da Federação,14,Roraima,2018,Total,3.3 Sanduíches e salgados,3.46,3.46
6972,1201,Despesa monetária e não monetária média mensal familiar,Reais,Unidade da Federação,15,Pará,2018,Total,3.3 Sanduíches e salgados,10.58,10.58
6972,1201,Despesa monetária e não monetária média mensal familiar,Reais,Unidade da Federação,16,Amapá,2018,Total,3.3 Sanduíches e salgados,19.24,19.24
6972,1201,Despesa monetária e não monetária média mensal familiar,Reais,Unidade da Federação,17,Tocantins,2018,Total,3.3 Sanduíches e salgados,9.57,9.57
6972,1201,Despesa monetária e não monetária média mensal familiar,Reais,Unidade da Federação,21,Maranhão,2018,Total,3.3 Sanduíches e salgados,9.16,9.16
6972,1201,Despesa monetária e não monetária média mensal familiar,Reais,Unidade da Federação,22,Piauí,2018,Total,3.3 Sanduíches e salgados,13.07,13.07
6972,1201,Despesa monetária e não monetária média mensal familiar,Reais,Unidade da Federação,23,Ceará,2018,Total,3.3 Sanduíches e salgados,12.21,12.21
6972,1201,Despesa monetária e não monetária média mensal familiar,Reais,Unidade da Federação,24,Rio Grande do Norte,2018,Total,3.3 Sanduíches e salgados,22.46,22.46
6972,1201,Despesa monetária e não monetária média mensal familiar,Reais,Unidade da Federação,25,Paraíba,2018,Total,3.3 Sanduíches e salgados,10.34,10.34
6972,1201,Despesa monetária e não monetária média mensal familiar,Reais,Unidade da Federação,26,Pernambuco,2018,Total,3.3 Sanduíches e salgados,17.13,17.13
6972,1201,Despesa monetária e não monetária média mensal familiar,Reais,Unidade da Federação,27,Alagoas,2018,Total,3.3 Sanduíches e salgados,6.54,6.54
6972,1201,Despesa monetária e não monetária média mensal familiar,Reais,Unidade da Federação,28,Sergipe,2018,Total,3.3 Sanduíches e salgados,15.28,15.28
6972,1201,Despesa monetária e não monetária média mensal familiar,Reais,Unidade da Federação,29,Bahia,2018,Total,3.3 Sanduíches e salgados,17.17,17.17
6972,1201,Despesa monetária e não monetária média mensal familiar,Reais,Unidade da Federação,31,Minas Gerais,2018,Total,3.3 Sanduíches e salgados,17.02,17.02
6972,1201,Despesa monetária e não monetária média mensal familiar,Reais,Unidade da Federação,32,Espírito Santo,2018,Total,3.3 Sanduíches e salgados,11.34,11.34
6972,1201,Despesa monetária e não monetária média mensal familiar,Reais,Unidade da Federação,33,Rio de Janeiro,2018,Total,3.3 Sanduíches e salgados,16.33,16.33
6972,1201,Despesa monetária e não monetária média mensal familiar,Reais,Unidade da Federação,35,São Paulo,2018,Total,3.3 Sanduíches e salgados,23.90,23.9
6972,1201,Despesa monetária e não monetária média mensal familiar,Reais,Unidade da Federação,41,Paraná,2018,Total,3.3 Sanduíches e salgados,19.43,19.43
6972,1201,Despesa monetária e não monetária média mensal familiar,Reais,Unidade da Federação,42,Santa Catarina,2018,Total,3.3 Sanduíches e salgados,19.93,19.93
6972,1201,Despesa monetária e não monetária média mensal familiar,Reais,Unidade da Federação,43,Rio Grande do Sul,2018,Total,3.3 Sanduíches e salgados,18.06,18.06
6972,1201,Despesa monetária e não monetária média mensal familiar,Reais,Unidade da Federação,50,Mato Grosso do Sul,2018,Total,3.3 Sanduíches e salgados,26.46,26.46
6972,1201,Despesa monetária e não monetária média mensal familiar,Reais,Unidade da Federação,51,Mato Grosso,2018,Total,3.3 Sanduíches e salgados,24.53,24.53
6972,1201,Despesa monetária e não monetária média mensal familiar,Reais,Unidade da Federação,52,Goiás,2018,Total,3.3 Sanduíches e salgados,22.82,22.82
6972,1201,Despesa monetária e não monetária média mensal familiar,Reais,Unidade da Federação,53,Distrito Federal,2018,Total,3.3 Sanduíches e salgados,31.96,31.96
6972,1201,Despesa monetária e não monetária média mensal familiar,Reais,Brasil,1,Brasil,2018,Total,3.4 Refrigerantes e outras bebidas não alcoólicas,7.25,7.25
6972,1201,Despesa monetária e não monetária média mensal familiar,Reais,Unidade da Federação,11,Rondônia,2018,Total,3.4 Refrigerantes e outras bebidas não alcoólicas,4.84,4.84
6972,1201,Despesa monetária e não monetária média mensal familiar,Reais,Unidade da Federação,12,Acre,2018,Total,3.4 Refrigerantes e outras bebidas não alcoólicas,16.19,16.19
6972,1201,Despesa monetária e não monetária média mensal familiar,Reais,Unidade da Federação,13,Amazonas,2018,Total,3.4 Refrigerantes e outras bebidas não alcoólicas,3.64,3.64
6972,1201,Despesa monetária e não monetária média mensal familiar,Reais,Unidade da Federação,14,Roraima,2018,Total,3.4 Refrigerantes e outras bebidas não alcoólicas,0.96,0.96
6972,1201,Despesa monetária e não monetária média mensal familiar,Reais,Unidade da Federação,15,Pará,2018,Total,3.4 Refrigerantes e outras bebidas não alcoólicas,6.53,6.53
6972,1201,Despesa monetária e não monetária média mensal familiar,Reais,Unidade da Federação,16,Amapá,2018,Total,3.4 Refrigerantes e outras bebidas não alcoólicas,14.03,14.03
6972,1201,Despesa monetária e não monetária média mensal familiar,Reais,Unidade da Federação,17,Tocantins,2018,Total,3.4 Refrigerantes e outras bebidas não alcoólicas,4.06,4.06
6972,1201,Despesa monetária e não monetária média mensal familiar,Reais,Unidade da Federação,21,Maranhão,2018,Total,3.4 Refrigerantes e outras bebidas não alcoólicas,5.02,5.02
6972,1201,Despesa monetária e não monetária média mensal familiar,Reais,Unidade da Federação,22,Piauí,2018,Total,3.4 Refrigerantes e outras bebidas não alcoólicas,9.20,9.2
6972,1201,Despesa monetária e não monetária média mensal familiar,Reais,Unidade da Federação,23,Ceará,2018,Total,3.4 Refrigerantes e outras bebidas não alcoólicas,7.85,7.85
6972,1201,Despesa monetária e não monetária média mensal familiar,Reais,Unidade da Federação,24,Rio Grande do Norte,2018,Total,3.4 Refrigerantes e outras bebidas não alcoólicas,7.71,7.71
6972,1201,Despesa monetária e não monetária média mensal familiar,Reais,Unidade da Federação,25,Paraíba,2018,Total,3.4 Refrigerantes e outras bebidas não alcoólicas,4.60,4.6
6972,1201,Despesa monetária e não monetária média mensal familiar,Reais,Unidade da Federação,26,Pernambuco,2018,Total,3.4 Refrigerantes e outras bebidas não alcoólicas,6.20,6.2
6972,1201,Despesa monetária e não monetária média mensal familiar,Reais,Unidade da Federação,27,Alagoas,2018,Total,3.4 Refrigerantes e outras bebidas não alcoólicas,3.99,3.99
6972,1201,Despesa monetária e não monetária média mensal familiar,Reais,Unidade da Federação,28,Sergipe,2018,Total,3.4 Refrigerantes e outras bebidas não alcoólicas,44.92,44.92
6972,1201,Despesa monetária e não monetária média mensal familiar,Reais,Unidade da Federação,29,Bahia,2018,Total,3.4 Refrigerantes e outras bebidas não alcoólicas,9.19,9.19
6972,1201,Despesa monetária e não monetária média mensal familiar,Reais,Unidade da Federação,31,Minas Gerais,2018,Total,3.4 Refrigerantes e outras bebidas não alcoólicas,6.57,6.57
6972,1201,Despesa monetária e não monetária média mensal familiar,Reais,Unidade da Federação,32,Espírito Santo,2018,Total,3.4 Refrigerantes e outras bebidas não alcoólicas,5.23,5.23
6972,1201,Despesa monetária e não monetária média mensal familiar,Reais,Unidade da Federação,33,Rio de Janeiro,2018,Total,3.4 Refrigerantes e outras bebidas não alcoólicas,3.87,3.87
6972,1201,Despesa monetária e não monetária média mensal familiar,Reais,Unidade da Federação,35,São Paulo,2018,Total,3.4 Refrigerantes e outras bebidas não alcoólicas,7.87,7.87
6972,1201,Despesa monetária e não monetária média mensal familiar,Reais,Unidade da Federação,41,Paraná,2018,Total,3.4 Refrigerantes e outras bebidas não alcoólicas,5.47,5.47
6972,1201,Despesa monetária e não monetária média mensal familiar,Reais,Unidade da Federação,42,Santa Catarina,2018,Total,3.4 Refrigerantes e outras bebidas não alcoólicas,6.23,6.23
6972,1201,Despesa monetária e não monetária média mensal familiar,Reais,Unidade da Federação,43,Rio Grande do Sul,2018,Total,3.4 Refrigerantes e outras bebidas não alcoólicas,6.82,6.82
6972,1201,Despesa monetária e não monetária média mensal familiar,Reais,Unidade da Federação,50,Mato Grosso do Sul,2018,Total,3.4 Refrigerantes e outras bebidas não alcoólicas,9.32,9.32
6972,1201,Despesa monetária e não monetária média mensal familiar,Reais,Unidade da Federação,51,Mato Grosso,2018,Total,3.4 Refrigerantes e outras bebidas não alcoólicas,12.29,12.29
6972,1201,Despesa monetária e não monetária média mensal familiar,Reais,Unidade da Federação,52,Goiás,2018,Total,3.4 Refrigerantes e outras bebidas não alcoólicas,7.32,7.32
6972,1201,Despesa monetária e não monetária média mensal familiar,Reais,Unidade da Federação,53,Distrito Federal,2018,Total,3.4 Refrigerantes e outras bebidas não alcoólicas,6.79,6.79
6972,1201,Despesa monetária e não monetária média mensal familiar,Reais,Brasil,1,Brasil,2018,Total,3.5 Lanches,15.82,15.82
6972,1201,Despesa monetária e não monetária média mensal familiar,Reais,Unidade da Federação,11,Rondônia,2018,Total,3.5 Lanches,9.48,9.48
6972,1201,Despesa monetária e não monetária média mensal familiar,Reais,Unidade da Federação,12,Acre,2018,Total,3.5 Lanches,16.70,16.7
6972,1201,Despesa monetária e não monetária média mensal familiar,Reais,Unidade da Federação,13,Amazonas,2018,Total,3.5 Lanches,10.45,10.45
6972,1201,Despesa monetária e não monetária média mensal familiar,Reais,Unidade da Federação,14,Roraima,2018,Total,3.5 Lanches,2.45,2.45
6972,1201,Despesa monetária e não monetária média mensal familiar,Reais,Unidade da Federação,15,Pará,2018,Total,3.5 Lanches,12.37,12.37
6972,1201,Despesa monetária e não monetária média mensal familiar,Reais,Unidade da Federação,16,Amapá,2018,Total,3.5 Lanches,12.91,12.91
6972,1201,Despesa monetária e não monetária média mensal familiar,Reais,Unidade da Federação,17,Tocantins,2018,Total,3.5 Lanches,0.82,0.82
6972,1201,Despesa monetária e não monetária média mensal familiar,Reais,Unidade da Federação,21,Maranhão,2018,Total,3.5 Lanches,7.26,7.26
6972,1201,Despesa monetária e não monetária média mensal familiar,Reais,Unidade da Federação,22,Piauí,2018,Total,3.5 Lanches,31.32,31.32
6972,1201,Despesa monetária e não monetária média mensal familiar,Reais,Unidade da Federação,23,Ceará,2018,Total,3.5 Lanches,10.98,10.98
6972,1201,Despesa monetária e não monetária média mensal familiar,Reais,Unidade da Federação,24,Rio Grande do Norte,2018,Total,3.5 Lanches,45.30,45.3
6972,1201,Despesa monetária e não monetária média mensal familiar,Reais,Unidade da Federação,25,Paraíba,2018,Total,3.5 Lanches,10.40,10.4
6972,1201,Despesa monetária e não monetária média mensal familiar,Reais,Unidade da Federação,26,Pernambuco,2018,Total,3.5 Lanches,14.81,14.81
6972,1201,Despesa monetária e não monetária média mensal familiar,Reais,Unidade da Federação,27,Alagoas,2018,Total,3.5 Lanches,9.79,9.79
6972,1201,Despesa monetária e não monetária média mensal familiar,Reais,Unidade da Federação,28,Sergipe,2018,Total,3.5 Lanches,51.24,51.24
6972,1201,Despesa monetária e não monetária média mensal familiar,Reais,Unidade da Federação,29,Bahia,2018,Total,3.5 Lanches,24.38,24.38
6972,1201,Despesa monetária e não monetária média mensal familiar,Reais,Unidade da Federação,31,Minas Gerais,2018,Total,3.5 Lanches,25.58,25.58
6972,1201,Despesa monetária e não monetária média mensal familiar,Reais,Unidade da Federação,32,Espírito Santo,2018,Total,3.5 Lanches,15.46,15.46
6972,1201,Despesa monetária e não monetária média mensal familiar,Reais,Unidade da Federação,33,Rio de Janeiro,2018,Total,3.5 Lanches,9.13,9.13
6972,1201,Despesa monetária e não monetária média mensal familiar,Reais,Unidade da Federação,35,São Paulo,2018,Total,3.5 Lanches,12.32,12.32
6972,1201,Despesa monetária e não monetária média mensal familiar,Reais,Unidade da Federação,41,Paraná,2018,Total,3.5 Lanches,12.86,12.86
6972,1201,Despesa monetária e não monetária média mensal familiar,Reais,Unidade da Federação,42,Santa Catarina,2018,Total,3.5 Lanches,5.85,5.85
6972,1201,Despesa monetária e não monetária média mensal familiar,Reais,Unidade da Federação,43,Rio Grande do Sul,2018,Total,3.5 Lanches,14.73,14.73
6972,1201,Despesa monetária e não monetária média mensal familiar,Reais,Unidade da Federação,50,Mato Grosso do Sul,2018,Total,3.5 Lanches,27.27,27.27
6972,1201,Despesa monetária e não monetária média mensal familiar,Reais,Unidade da Federação,51,Mato Grosso,2018,Total,3.5 Lanches,14.95,14.95
6972,1201,Despesa monetária e não monetária média mensal familiar,Reais,Unidade da Federação,52,Goiás,2018,Total,3.5 Lanches,19.22,19.22
6972,1201,Despesa monetária e não monetária média mensal familiar,Reais,Unidade da Federação,53,Distrito Federal,2018,Total,3.5 Lanches,22.69,22.69
6972,1201,Despesa monetária e não monetária média mensal familiar,Reais,Brasil,1,Brasil,2018,Total,"3.6 Cervejas, chopes e outras bebidas alcoólicas",10.03,10.03
6972,1201,Despesa monetária e não monetária média mensal familiar,Reais,Unidade da Federação,11,Rondônia,2018,Total,"3.6 Cervejas, chopes e outras bebidas alcoólicas",6.40,6.4
6972,1201,Despesa monetária e não monetária média mensal familiar,Reais,Unidade da Federação,12,Acre,2018,Total,"3.6 Cervejas, chopes e outras bebidas alcoólicas",10.71,10.71
6972,1201,Despesa monetária e não monetária média mensal familiar,Reais,Unidade da Federação,13,Amazonas,2018,Total,"3.6 Cervejas, chopes e outras bebidas alcoólicas",9.13,9.13
6972,1201,Despesa monetária e não monetária média mensal familiar,Reais,Unidade da Federação,14,Roraima,2018,Total,"3.6 Cervejas, chopes e outras bebidas alcoólicas",3.98,3.98
6972,1201,Despesa monetária e não monetária média mensal familiar,Reais,Unidade da Federação,15,Pará,2018,Total,"3.6 Cervejas, chopes e outras bebidas alcoólicas",8.33,8.33
6972,1201,Despesa monetária e não monetária média mensal familiar,Reais,Unidade da Federação,16,Amapá,2018,Total,"3.6 Cervejas, chopes e outras bebidas alcoólicas",9.09,9.09
6972,1201,Despesa monetária e não monetária média mensal familiar,Reais,Unidade da Federação,17,Tocantins,2018,Total,"3.6 Cervejas, chopes e outras bebidas alcoólicas",14.59,14.59
6972,1201,Despesa monetária e não monetária média mensal familiar,Reais,Unidade da Federação,21,Maranhão,2018,Total,"3.6 Cervejas, chopes e outras bebidas alcoólicas",10.53,10.53
6972,1201,Despesa monetária e não monetária média mensal familiar,Reais,Unidade da Federação,22,Piauí,2018,Total,"3.6 Cervejas, chopes e outras bebidas alcoólicas",21.92,21.92
6972,1201,Despesa monetária e não monetária média mensal familiar,Reais,Unidade da Federação,23,Ceará,2018,Total,"3.6 Cervejas, chopes e outras bebidas alcoólicas",4.69,4.69
6972,1201,Despesa monetária e não monetária média mensal familiar,Reais,Unidade da Federação,24,Rio Grande do Norte,2018,Total,"3.6 Cervejas, chopes e outras bebidas alcoólicas",15.13,15.13
6972,1201,Despesa monetária e não monetária média mensal familiar,Reais,Unidade da Federação,25,Paraíba,2018,Total,"3.6 Cervejas, chopes e outras bebidas alcoólicas",5.28,5.28
6972,1201,Despesa monetária e não monetária média mensal familiar,Reais,Unidade da Federação,26,Pernambuco,2018,Total,"3.6 Cervejas, chopes e outras bebidas alcoólicas",9.51,9.51
6972,1201,Despesa monetária e não monetária média mensal familiar,Reais,Unidade da Federação,27,Alagoas,2018,Total,"3.6 Cervejas, chopes e outras bebidas alcoólicas",6.55,6.55
6972,1201,Despesa monetária e não monetária média mensal familiar,Reais,Unidade da Federação,28,Sergipe,2018,Total,"3.6 Cervejas, chopes e outras bebidas alcoólicas",12.08,12.08
6972,1201,Despesa monetária e não monetária média mensal familiar,Reais,Unidade da Federação,29,Bahia,2018,Total,"3.6 Cervejas, chopes e outras bebidas alcoólicas",16.40,16.4
6972,1201,Despesa monetária e não monetária média mensal familiar,Reais,Unidade da Federação,31,Minas Gerais,2018,Total,"3.6 Cervejas, chopes e outras bebidas alcoólicas",8.98,8.98
6972,1201,Despesa monetária e não monetária média mensal familiar,Reais,Unidade da Federação,32,Espírito Santo,2018,Total,"3.6 Cervejas, chopes e outras bebidas alcoólicas",10.90,10.9
6972,1201,Despesa monetária e não monetária média mensal familiar,Reais,Unidade da Federação,33,Rio de Janeiro,2018,Total,"3.6 Cervejas, chopes e outras bebidas alcoólicas",9.32,9.32
6972,1201,Despesa monetária e não monetária média mensal familiar,Reais,Unidade da Federação,35,São Paulo,2018,Total,"3.6 Cervejas, chopes e outras bebidas alcoólicas",9.71,9.71
6972,1201,Despesa monetária e não monetária média mensal familiar,Reais,Unidade da Federação,41,Paraná,2018,Total,"3.6 Cervejas, chopes e outras bebidas alcoólicas",7.62,7.62
6972,1201,Despesa monetária e não monetária média mensal familiar,Reais,Unidade da Federação,42,Santa Catarina,2018,Total,"3.6 Cervejas, chopes e outras bebidas alcoólicas",16.36,16.36
6972,1201,Despesa monetária e não monetária média mensal familiar,Reais,Unidade da Federação,43,Rio Grande do Sul,2018,Total,"3.6 Cervejas, chopes e outras bebidas alcoólicas",7.47,7.47
6972,1201,Despesa monetária e não monetária média mensal familiar,Reais,Unidade da Federação,50,Mato Grosso do Sul,2018,Total,"3.6 Cervejas, chopes e outras bebidas alcoólicas",12.74,12.74
6972,1201,Despesa monetária e não monetária média mensal familiar,Reais,Unidade da Federação,51,Mato Grosso,2018,Total,"3.6 Cervejas, chopes e outras bebidas alcoólicas",8.32,8.32
6972,1201,Despesa monetária e não monetária média mensal familiar,Reais,Unidade da Federação,52,Goiás,2018,Total,"3.6 Cervejas, chopes e outras bebidas alcoólicas",8.69,8.69
6972,1201,Despesa monetária e não monetária média mensal familiar,Reais,Unidade da Federação,53,Distrito Federal,2018,Total,"3.6 Cervejas, chopes e outras bebidas alcoólicas",12.66,12.66
6972,1201,Despesa monetária e não monetária média mensal familiar,Reais,Brasil,1,Brasil,2018,Total,3.8 Alimentação fora do domicílio - light e diet,0.12,0.12
6972,1201,Despesa monetária e não monetária média mensal familiar,Reais,Unidade da Federação,11,Rondônia,2018,Total,3.8 Alimentação fora do domicílio - light e diet,0.04,0.04
6972,1201,Despesa monetária e não monetária média mensal familiar,Reais,Unidade da Federação,12,Acre,2018,Total,3.8 Alimentação fora do domicílio - light e diet,0.02,0.02
6972,1201,Despesa monetária e não monetária média mensal familiar,Reais,Unidade da Federação,13,Amazonas,2018,Total,3.8 Alimentação fora do domicílio - light e diet,-,0.0
6972,1201,Despesa monetária e não monetária média mensal familiar,Reais,Unidade da Federação,14,Roraima,2018,Total,3.8 Alimentação fora do domicílio - light e diet,0.02,0.02
6972,1201,Despesa monetária e não monetária média mensal familiar,Reais,Unidade da Federação,15,Pará,2018,Total,3.8 Alimentação fora do domicílio - light e diet,0.02,0.02
6972,1201,Despesa monetária e não monetária média mensal familiar,Reais,Unidade da Federação,16,Amapá,2018,Total,3.8 Alimentação fora do domicílio - light e diet,0.04,0.04
6972,1201,Despesa monetária e não monetária média mensal familiar,Reais,Unidade da Federação,17,Tocantins,2018,Total,3.8 Alimentação fora do domicílio - light e diet,0.09,0.09
6972,1201,Despesa monetária e não monetária média mensal familiar,Reais,Unidade da Federação,21,Maranhão,2018,Total,3.8 Alimentação fora do domicílio - light e diet,0.06,0.06
6972,1201,Despesa monetária e não monetária média mensal familiar,Reais,Unidade da Federação,22,Piauí,2018,Total,3.8 Alimentação fora do domicílio - light e diet,0.00,0.0
6972,1201,Despesa monetária e não monetária média mensal familiar,Reais,Unidade da Federação,23,Ceará,2018,Total,3.8 Alimentação fora do domicílio - light e diet,0.03,0.03
6972,1201,Despesa monetária e não monetária média mensal familiar,Reais,Unidade da Federação,24,Rio Grande do Norte,2018,Total,3.8 Alimentação fora do domicílio - light e diet,0.05,0.05
6972,1201,Despesa monetária e não monetária média mensal familiar,Reais,Unidade da Federação,25,Paraíba,2018,Total,3.8 Alimentação fora do domicílio - light e diet,0.11,0.11
6972,1201,Despesa monetária e não monetária média mensal familiar,Reais,Unidade da Federação,26,Pernambuco,2018,Total,3.8 Alimentação fora do domicílio - light e diet,0.07,0.07
6972,1201,Despesa monetária e não monetária média mensal familiar,Reais,Unidade da Federação,27,Alagoas,2018,Total,3.8 Alimentação fora do domicílio - light e diet,0.04,0.04
6972,1201,Despesa monetária e não monetária média mensal familiar,Reais,Unidade da Federação,28,Sergipe,2018,Total,3.8 Alimentação fora do domicílio - light e diet,-,0.0
6972,1201,Despesa monetária e não monetária média mensal familiar,Reais,Unidade da Federação,29,Bahia,2018,Total,3.8 Alimentação fora do domicílio - light e diet,0.10,0.1
6972,1201,Despesa monetária e não monetária média mensal familiar,Reais,Unidade da Federação,31,Minas Gerais,2018,Total,3.8 Alimentação fora do domicílio - light e diet,0.09,0.09
6972,1201,Despesa monetária e não monetária média mensal familiar,Reais,Unidade da Federação,32,Espírito Santo,2018,Total,3.8 Alimentação fora do domicílio - light e diet,0.01,0.01
6972,1201,Despesa monetária e não monetária média mensal familiar,Reais,Unidade da Federação,33,Rio de Janeiro,2018,Total,3.8 Alimentação fora do domicílio - light e diet,0.39,0.39
6972,1201,Despesa monetária e não monetária média mensal familiar,Reais,Unidade da Federação,35,São Paulo,2018,Total,3.8 Alimentação fora do domicílio - light e diet,0.14,0.14
6972,1201,Despesa monetária e não monetária média mensal familiar,Reais,Unidade da Federação,41,Paraná,2018,Total,3.8 Alimentação fora do domicílio - light e diet,0.06,0.06
6972,1201,Despesa monetária e não monetária média mensal familiar,Reais,Unidade da Federação,42,Santa Catarina,2018,Total,3.8 Alimentação fora do domicílio - light e diet,0.16,0.16
6972,1201,Despesa monetária e não monetária média mensal familiar,Reais,Unidade da Federação,43,Rio Grande do Sul,2018,Total,3.8 Alimentação fora do domicílio - light e diet,0.12,0.12
6972,1201,Despesa monetária e não monetária média mensal familiar,Reais,Unidade da Federação,50,Mato Grosso do Sul,2018,Total,3.8 Alimentação fora do domicílio - light e diet,0.15,0.15
6972,1201,Despesa monetária e não monetária média mensal familiar,Reais,Unidade da Federação,51,Mato Grosso,2018,Total,3.8 Alimentação fora do domicílio - light e diet,0.08,0.08
6972,1201,Despesa monetária e não monetária média mensal familiar,Reais,Unidade da Federação,52,Goiás,2018,Total,3.8 Alimentação fora do domicílio - light e diet,0.04,0.04
6972,1201,Despesa monetária e não monetária média mensal familiar,Reais,Unidade da Federação,53,Distrito Federal,2018,Total,3.8 Alimentação fora do domicílio - light e diet,0.10,0.1
6972,1201,Despesa monetária e não monetária média mensal familiar,Reais,Brasil,1,Brasil,2018,Total,3.9 Outras,16.01,16.01
6972,1201,Despesa monetária e não monetária média mensal familiar,Reais,Unidade da Federação,11,Rondônia,2018,Total,3.9 Outras,4.61,4.61
6972,1201,Despesa monetária e não monetária média mensal familiar,Reais,Unidade da Federação,12,Acre,2018,Total,3.9 Outras,13.58,13.58
6972,1201,Despesa monetária e não monetária média mensal familiar,Reais,Unidade da Federação,13,Amazonas,2018,Total,3.9 Outras,3.74,3.74
6972,1201,Despesa monetária e não monetária média mensal familiar,Reais,Unidade da Federação,14,Roraima,2018,Total,3.9 Outras,4.63,4.63
6972,1201,Despesa monetária e não monetária média mensal familiar,Reais,Unidade da Federação,15,Pará,2018,Total,3.9 Outras,4.47,4.47
6972,1201,Despesa monetária e não monetária média mensal familiar,Reais,Unidade da Federação,16,Amapá,2018,Total,3.9 Outras,11.48,11.48
6972,1201,Despesa monetária e não monetária média mensal familiar,Reais,Unidade da Federação,17,Tocantins,2018,Total,3.9 Outras,3.90,3.9
6972,1201,Despesa monetária e não monetária média mensal familiar,Reais,Unidade da Federação,21,Maranhão,2018,Total,3.9 Outras,4.30,4.3
6972,1201,Despesa monetária e não monetária média mensal familiar,Reais,Unidade da Federação,22,Piauí,2018,Total,3.9 Outras,14.39,14.39
6972,1201,Despesa monetária e não monetária média mensal familiar,Reais,Unidade da Federação,23,Ceará,2018,Total,3.9 Outras,5.58,5.58
6972,1201,Despesa monetária e não monetária média mensal familiar,Reais,Unidade da Federação,24,Rio Grande do Norte,2018,Total,3.9 Outras,26.35,26.35
6972,1201,Despesa monetária e não monetária média mensal familiar,Reais,Unidade da Federação,25,Paraíba,2018,Total,3.9 Outras,5.18,5.18
6972,1201,Despesa monetária e não monetária média mensal familiar,Reais,Unidade da Federação,26,Pernambuco,2018,Total,3.9 Outras,8.63,8.63
6972,1201,Despesa monetária e não monetária média mensal familiar,Reais,Unidade da Federação,27,Alagoas,2018,Total,3.9 Outras,3.61,3.61
6972,1201,Despesa monetária e não monetária média mensal familiar,Reais,Unidade da Federação,28,Sergipe,2018,Total,3.9 Outras,16.27,16.27
6972,1201,Despesa monetária e não monetária média mensal familiar,Reais,Unidade da Federação,29,Bahia,2018,Total,3.9 Outras,10.77,10.77
6972,1201,Despesa monetária e não monetária média mensal familiar,Reais,Unidade da Federação,31,Minas Gerais,2018,Total,3.9 Outras,47.94,47.94
6972,1201,Despesa monetária e não monetária média mensal familiar,Reais,Unidade da Federação,32,Espírito Santo,2018,Total,3.9 Outras,16.26,16.26
6972,1201,Despesa monetária e não monetária média mensal familiar,Reais,Unidade da Federação,33,Rio de Janeiro,2018,Total,3.9 Outras,4.09,4.09
6972,1201,Despesa monetária e não monetária média mensal familiar,Reais,Unidade da Federação,35,São Paulo,2018,Total,3.9 Outras,14.59,14.59
6972,1201,Despesa monetária e não monetária média mensal familiar,Reais,Unidade da Federação,41,Paraná,2018,Total,3.9 Outras,11.66,11.66
6972,1201,Despesa monetária e não monetária média mensal familiar,Reais,Unidade da Federação,42,Santa Catarina,2018,Total,3.9 Outras,18.27,18.27
6972,1201,Despesa monetária e não monetária média mensal familiar,Reais,Unidade da Federação,43,Rio Grande do Sul,2018,Total,3.9 Outras,12.28,12.28
6972,1201,Despesa monetária e não monetária média mensal familiar,Reais,Unidade da Federação,50,Mato Grosso do Sul,2018,Total,3.9 Outras,28.17,28.17
6972,1201,Despesa monetária e não monetária média mensal familiar,Reais,Unidade da Federação,51,Mato Grosso,2018,Total,3.9 Outras,59.97,59.97
6972,1201,Despesa monetária e não monetária média mensal familiar,Reais,Unidade da Federação,52,Goiás,2018,Total,3.9 Outras,17.14,17.14
6972,1201,Despesa monetária e não monetária média mensal familiar,Reais,Unidade da Federação,53,Distrito Federal,2018,Total,3.9 Outras,17.15,17.15
6972,1201,Despesa monetária e não monetária média mensal familiar,Reais,Brasil,1,Brasil,2018,Até 1.908 Reais,1 Despesas com alimentação,329.84,329.84
6972,1201,Despesa monetária e não monetária média mensal familiar,Reais,Unidade da Federação,11,Rondônia,2018,Até 1.908 Reais,1 Despesas com alimentação,203.78,203.78
6972,1201,Despesa monetária e não monetária média mensal familiar,Reais,Unidade da Federação,12,Acre,2018,Até 1.908 Reais,1 Despesas com alimentação,473.75,473.75
6972,1201,Despesa monetária e não monetária média mensal familiar,Reais,Unidade da Federação,13,Amazonas,2018,Até 1.908 Reais,1 Despesas com alimentação,386.44,386.44
6972,1201,Despesa monetária e não monetária média mensal familiar,Reais,Unidade da Federação,14,Roraima,2018,Até 1.908 Reais,1 Despesas com alimentação,309.14,309.14
6972,1201,Despesa monetária e não monetária média mensal familiar,Reais,Unidade da Federação,15,Pará,2018,Até 1.908 Reais,1 Despesas com alimentação,411.20,411.2
6972,1201,Despesa monetária e não monetária média mensal familiar,Reais,Unidade da Federação,16,Amapá,2018,Até 1.908 Reais,1 Despesas com alimentação,643.36,643.36
6972,1201,Despesa monetária e não monetária média mensal familiar,Reais,Unidade da Federação,17,Tocantins,2018,Até 1.908 Reais,1 Despesas com alimentação,181.80,181.8
6972,1201,Despesa monetária e não monetária média mensal familiar,Reais,Unidade da Federação,21,Maranhão,2018,Até 1.908 Reais,1 Despesas com alimentação,355.40,355.4
6972,1201,Despesa monetária e não monetária média mensal familiar,Reais,Unidade da Federação,22,Piauí,2018,Até 1.908 Reais,1 Despesas com alimentação,425.72,425.72
6972,1201,Despesa monetária e não monetária média mensal familiar,Reais,Unidade da Federação,23,Ceará,2018,Até 1.908 Reais,1 Despesas com alimentação,339.64,339.64
6972,1201,Despesa monetária e não monetária média mensal familiar,Reais,Unidade da Federação,24,Rio Grande do Norte,2018,Até 1.908 Reais,1 Despesas com alimentação,454.58,454.58
6972,1201,Despesa monetária e não monetária média mensal familiar,Reais,Unidade da Federação,25,Paraíba,2018,Até 1.908 Reais,1 Despesas com alimentação,320.58,320.58
6972,1201,Despesa monetária e não monetária média mensal familiar,Reais,Unidade da Federação,26,Pernambuco,2018,Até 1.908 Reais,1 Despesas com alimentação,344.50,344.5
6972,1201,Despesa monetária e não monetária média mensal familiar,Reais,Unidade da Federação,27,Alagoas,2018,Até 1.908 Reais,1 Despesas com alimentação,269.13,269.13
6972,1201,Despesa monetária e não monetária média mensal familiar,Reais,Unidade da Federação,28,Sergipe,2018,Até 1.908 Reais,1 Despesas com alimentação,405.37,405.37
6972,1201,Despesa monetária e não monetária média mensal familiar,Reais,Unidade da Federação,29,Bahia,2018,Até 1.908 Reais,1 Despesas com alimentação,350.18,350.18
6972,1201,Despesa monetária e não monetária média mensal familiar,Reais,Unidade da Federação,31,Minas Gerais,2018,Até 1.908 Reais,1 Despesas com alimentação,327.38,327.38
6972,1201,Despesa monetária e não monetária média mensal familiar,Reais,Unidade da Federação,32,Espírito Santo,2018,Até 1.908 Reais,1 Despesas com alimentação,225.66,225.66
6972,1201,Despesa monetária e não monetária média mensal familiar,Reais,Unidade da Federação,33,Rio de Janeiro,2018,Até 1.908 Reais,1 Despesas com alimentação,275.91,275.91
6972,1201,Despesa monetária e não monetária média mensal familiar,Reais,Unidade da Federação,35,São Paulo,2018,Até 1.908 Reais,1 Despesas com alimentação,297.23,297.23
6972,1201,Despesa monetária e não monetária média mensal familiar,Reais,Unidade da Federação,41,Paraná,2018,Até 1.908 Reais,1 Despesas com alimentação,282.30,282.3
6972,1201,Despesa monetária e não monetária média mensal familiar,Reais,Unidade da Federação,42,Santa Catarina,2018,Até 1.908 Reais,1 Despesas com alimentação,358.42,358.42
6972,1201,Despesa monetária e não monetária média mensal familiar,Reais,Unidade da Federação,43,Rio Grande do Sul,2018,Até 1.908 Reais,1 Despesas com alimentação,314.88,314.88
6972,1201,Despesa monetária e não monetária média mensal familiar,Reais,Unidade da Federação,50,Mato Grosso do Sul,2018,Até 1.908 Reais,1 Despesas com alimentação,331.91,331.91
6972,1201,Despesa monetária e não monetária média mensal familiar,Reais,Unidade da Federação,51,Mato Grosso,2018,Até 1.908 Reais,1 Despesas com alimentação,309.53,309.53
6972,1201,Despesa monetária e não monetária média mensal familiar,Reais,Unidade da Federação,52,Goiás,2018,Até 1.908 Reais,1 Despesas com alimentação,276.62,276.62
6972,1201,Despesa monetária e não monetária média mensal familiar,Reais,Unidade da Federação,53,Distrito Federal,2018,Até 1.908 Reais,1 Despesas com alimentação,327.16,327.16
6972,1201,Despesa monetária e não monetária média mensal familiar,Reais,Brasil,1,Brasil,2018,Até 1.908 Reais,3 Alimentação fora do domicílio,68.10,68.1
6972,1201,Despesa monetária e não monetária média mensal familiar,Reais,Unidade da Federação,11,Rondônia,2018,Até 1.908 Reais,3 Alimentação fora do domicílio,39.95,39.95
6972,1201,Despesa monetária e não monetária média mensal familiar,Reais,Unidade da Federação,12,Acre,2018,Até 1.908 Reais,3 Alimentação fora do domicílio,114.47,114.47
6972,1201,Despesa monetária e não monetária média mensal familiar,Reais,Unidade da Federação,13,Amazonas,2018,Até 1.908 Reais,3 Alimentação fora do domicílio,61.93,61.93
6972,1201,Despesa monetária e não monetária média mensal familiar,Reais,Unidade da Federação,14,Roraima,2018,Até 1.908 Reais,3 Alimentação fora do domicílio,20.53,20.53
6972,1201,Despesa monetária e não monetária média mensal familiar,Reais,Unidade da Federação,15,Pará,2018,Até 1.908 Reais,3 Alimentação fora do domicílio,53.22,53.22
6972,1201,Despesa monetária e não monetária média mensal familiar,Reais,Unidade da Federação,16,Amapá,2018,Até 1.908 Reais,3 Alimentação fora do domicílio,102.93,102.93
6972,1201,Despesa monetária e não monetária média mensal familiar,Reais,Unidade da Federação,17,Tocantins,2018,Até 1.908 Reais,3 Alimentação fora do domicílio,34.52,34.52
6972,1201,Despesa monetária e não monetária média mensal familiar,Reais,Unidade da Federação,21,Maranhão,2018,Até 1.908 Reais,3 Alimentação fora do domicílio,69.47,69.47
6972,1201,Despesa monetária e não monetária média mensal familiar,Reais,Unidade da Federação,22,Piauí,2018,Até 1.908 Reais,3 Alimentação fora do domicílio,140.22,140.22
6972,1201,Despesa monetária e não monetária média mensal familiar,Reais,Unidade da Federação,23,Ceará,2018,Até 1.908 Reais,3 Alimentação fora do domicílio,67.86,67.86
6972,1201,Despesa monetária e não monetária média mensal familiar,Reais,Unidade da Federação,24,Rio Grande do Norte,2018,Até 1.908 Reais,3 Alimentação fora do domicílio,122.44,122.44
6972,1201,Despesa monetária e não monetária média mensal familiar,Reais,Unidade da Federação,25,Paraíba,2018,Até 1.908 Reais,3 Alimentação fora do domicílio,55.88,55.88
6972,1201,Despesa monetária e não monetária média mensal familiar,Reais,Unidade da Federação,26,Pernambuco,2018,Até 1.908 Reais,3 Alimentação fora do domicílio,71.30,71.3
6972,1201,Despesa monetária e não monetária média mensal familiar,Reais,Unidade da Federação,27,Alagoas,2018,Até 1.908 Reais,3 Alimentação fora do domicílio,31.62,31.62
6972,1201,Despesa monetária e não monetária média mensal familiar,Reais,Unidade da Federação,28,Sergipe,2018,Até 1.908 Reais,3 Alimentação fora do domicílio,148.21,148.21
6972,1201,Despesa monetária e não monetária média mensal familiar,Reais,Unidade da Federação,29,Bahia,2018,Até 1.908 Reais,3 Alimentação fora do domicílio,85.36,85.36
6972,1201,Despesa monetária e não monetária média mensal familiar,Reais,Unidade da Federação,31,Minas Gerais,2018,Até 1.908 Reais,3 Alimentação fora do domicílio,93.67,93.67
6972,1201,Despesa monetária e não monetária média mensal familiar,Reais,Unidade da Federação,32,Espírito Santo,2018,Até 1.908 Reais,3 Alimentação fora do domicílio,47.64,47.64
6972,1201,Despesa monetária e não monetária média mensal familiar,Reais,Unidade da Federação,33,Rio de Janeiro,2018,Até 1.908 Reais,3 Alimentação fora do domicílio,33.52,33.52
6972,1201,Despesa monetária e não monetária média mensal familiar,Reais,Unidade da Federação,35,São Paulo,2018,Até 1.908 Reais,3 Alimentação fora do domicílio,50.64,50.64
6972,1201,Despesa monetária e não monetária média mensal familiar,Reais,Unidade da Federação,41,Paraná,2018,Até 1.908 Reais,3 Alimentação fora do domicílio,47.62,47.62
6972,1201,Despesa monetária e não monetária média mensal familiar,Reais,Unidade da Federação,42,Santa Catarina,2018,Até 1.908 Reais,3 Alimentação fora do domicílio,64.52,64.52
6972,1201,Despesa monetária e não monetária média mensal familiar,Reais,Unidade da Federação,43,Rio Grande do Sul,2018,Até 1.908 Reais,3 Alimentação fora do domicílio,66.32,66.32
6972,1201,Despesa monetária e não monetária média mensal familiar,Reais,Unidade da Federação,50,Mato Grosso do Sul,2018,Até 1.908 Reais,3 Alimentação fora do domicílio,121.69,121.69
6972,1201,Despesa monetária e não monetária média mensal familiar,Reais,Unidade da Federação,51,Mato Grosso,2018,Até 1.908 Reais,3 Alimentação fora do domicílio,89.02,89.02
6972,1201,Despesa monetária e não monetária média mensal familiar,Reais,Unidade da Federação,52,Goiás,2018,Até 1.908 Reais,3 Alimentação fora do domicílio,68.66,68.66
6972,1201,Despesa monetária e não monetária média mensal familiar,Reais,Unidade da Federação,53,Distrito Federal,2018,Até 1.908 Reais,3 Alimentação fora do domicílio,92.48,92.48
6972,1201,Despesa monetária e não monetária média mensal familiar,Reais,Brasil,1,Brasil,2018,Até 1.908 Reais,3.1 Almoço e jantar,39.45,39.45
6972,1201,Despesa monetária e não monetária média mensal familiar,Reais,Unidade da Federação,11,Rondônia,2018,Até 1.908 Reais,3.1 Almoço e jantar,28.32,28.32
6972,1201,Despesa monetária e não monetária média mensal familiar,Reais,Unidade da Federação,12,Acre,2018,Até 1.908 Reais,3.1 Almoço e jantar,61.49,61.49
6972,1201,Despesa monetária e não monetária média mensal familiar,Reais,Unidade da Federação,13,Amazonas,2018,Até 1.908 Reais,3.1 Almoço e jantar,39.33,39.33
6972,1201,Despesa monetária e não monetária média mensal familiar,Reais,Unidade da Federação,14,Roraima,2018,Até 1.908 Reais,3.1 Almoço e jantar,12.60,12.6
6972,1201,Despesa monetária e não monetária média mensal familiar,Reais,Unidade da Federação,15,Pará,2018,Até 1.908 Reais,3.1 Almoço e jantar,30.97,30.97
6972,1201,Despesa monetária e não monetária média mensal familiar,Reais,Unidade da Federação,16,Amapá,2018,Até 1.908 Reais,3.1 Almoço e jantar,63.84,63.84
6972,1201,Despesa monetária e não monetária média mensal familiar,Reais,Unidade da Federação,17,Tocantins,2018,Até 1.908 Reais,3.1 Almoço e jantar,16.17,16.17
6972,1201,Despesa monetária e não monetária média mensal familiar,Reais,Unidade da Federação,21,Maranhão,2018,Até 1.908 Reais,3.1 Almoço e jantar,44.96,44.96
6972,1201,Despesa monetária e não monetária média mensal familiar,Reais,Unidade da Federação,22,Piauí,2018,Até 1.908 Reais,3.1 Almoço e jantar,84.03,84.03
6972,1201,Despesa monetária e não monetária média mensal familiar,Reais,Unidade da Federação,23,Ceará,2018,Até 1.908 Reais,3.1 Almoço e jantar,44.85,44.85
6972,1201,Despesa monetária e não monetária média mensal familiar,Reais,Unidade da Federação,24,Rio Grande do Norte,2018,Até 1.908 Reais,3.1 Almoço e jantar,65.00,65.0
6972,1201,Despesa monetária e não monetária média mensal familiar,Reais,Unidade da Federação,25,Paraíba,2018,Até 1.908 Reais,3.1 Almoço e jantar,36.67,36.67
6972,1201,Despesa monetária e não monetária média mensal familiar,Reais,Unidade da Federação,26,Pernambuco,2018,Até 1.908 Reais,3.1 Almoço e jantar,45.18,45.18
6972,1201,Despesa monetária e não monetária média mensal familiar,Reais,Unidade da Federação,27,Alagoas,2018,Até 1.908 Reais,3.1 Almoço e jantar,14.45,14.45
6972,1201,Despesa monetária e não monetária média mensal familiar,Reais,Unidade da Federação,28,Sergipe,2018,Até 1.908 Reais,3.1 Almoço e jantar,79.78,79.78
6972,1201,Despesa monetária e não monetária média mensal familiar,Reais,Unidade da Federação,29,Bahia,2018,Até 1.908 Reais,3.1 Almoço e jantar,44.97,44.97
6972,1201,Despesa monetária e não monetária média mensal familiar,Reais,Unidade da Federação,31,Minas Gerais,2018,Até 1.908 Reais,3.1 Almoço e jantar,46.76,46.76
6972,1201,Despesa monetária e não monetária média mensal familiar,Reais,Unidade da Federação,32,Espírito Santo,2018,Até 1.908 Reais,3.1 Almoço e jantar,26.30,26.3
6972,1201,Despesa monetária e não monetária média mensal familiar,Reais,Unidade da Federação,33,Rio de Janeiro,2018,Até 1.908 Reais,3.1 Almoço e jantar,17.86,17.86
6972,1201,Despesa monetária e não monetária média mensal familiar,Reais,Unidade da Federação,35,São Paulo,2018,Até 1.908 Reais,3.1 Almoço e jantar,27.51,27.51
6972,1201,Despesa monetária e não monetária média mensal familiar,Reais,Unidade da Federação,41,Paraná,2018,Até 1.908 Reais,3.1 Almoço e jantar,30.90,30.9
6972,1201,Despesa monetária e não monetária média mensal familiar,Reais,Unidade da Federação,42,Santa Catarina,2018,Até 1.908 Reais,3.1 Almoço e jantar,34.08,34.08
6972,1201,Despesa monetária e não monetária média mensal familiar,Reais,Unidade da Federação,43,Rio Grande do Sul,2018,Até 1.908 Reais,3.1 Almoço e jantar,45.96,45.96
6972,1201,Despesa monetária e não monetária média mensal familiar,Reais,Unidade da Federação,50,Mato Grosso do Sul,2018,Até 1.908 Reais,3.1 Almoço e jantar,80.90,80.9
6972,1201,Despesa monetária e não monetária média mensal familiar,Reais,Unidade da Federação,51,Mato Grosso,2018,Até 1.908 Reais,3.1 Almoço e jantar,44.57,44.57
6972,1201,Despesa monetária e não monetária média mensal familiar,Reais,Unidade da Federação,52,Goiás,2018,Até 1.908 Reais,3.1 Almoço e jantar,47.77,47.77
6972,1201,Despesa monetária e não monetária média mensal familiar,Reais,Unidade da Federação,53,Distrito Federal,2018,Até 1.908 Reais,3.1 Almoço e jantar,64.77,64.77
6972,1201,Despesa monetária e não monetária média mensal familiar,Reais,Brasil,1,Brasil,2018,Até 1.908 Reais,"3.2 Café, leite, café/leite e chocolate",0.80,0.8
6972,1201,Despesa monetária e não monetária média mensal familiar,Reais,Unidade da Federação,11,Rondônia,2018,Até 1.908 Reais,"3.2 Café, leite, café/leite e chocolate",0.71,0.71
6972,1201,Despesa monetária e não monetária média mensal familiar,Reais,Unidade da Federação,12,Acre,2018,Até 1.908 Reais,"3.2 Café, leite, café/leite e chocolate",3.06,3.06
6972,1201,Despesa monetária e não monetária média mensal familiar,Reais,Unidade da Federação,13,Amazonas,2018,Até 1.908 Reais,"3.2 Café, leite, café/leite e chocolate",0.31,0.31
6972,1201,Despesa monetária e não monetária média mensal familiar,Reais,Unidade da Federação,14,Roraima,2018,Até 1.908 Reais,"3.2 Café, leite, café/leite e chocolate",0.19,0.19
6972,1201,Despesa monetária e não monetária média mensal familiar,Reais,Unidade da Federação,15,Pará,2018,Até 1.908 Reais,"3.2 Café, leite, café/leite e chocolate",0.59,0.59
6972,1201,Despesa monetária e não monetária média mensal familiar,Reais,Unidade da Federação,16,Amapá,2018,Até 1.908 Reais,"3.2 Café, leite, café/leite e chocolate",1.98,1.98
6972,1201,Despesa monetária e não monetária média mensal familiar,Reais,Unidade da Federação,17,Tocantins,2018,Até 1.908 Reais,"3.2 Café, leite, café/leite e chocolate",0.35,0.35
6972,1201,Despesa monetária e não monetária média mensal familiar,Reais,Unidade da Federação,21,Maranhão,2018,Até 1.908 Reais,"3.2 Café, leite, café/leite e chocolate",0.88,0.88
6972,1201,Despesa monetária e não monetária média mensal familiar,Reais,Unidade da Federação,22,Piauí,2018,Até 1.908 Reais,"3.2 Café, leite, café/leite e chocolate",2.08,2.08
6972,1201,Despesa monetária e não monetária média mensal familiar,Reais,Unidade da Federação,23,Ceará,2018,Até 1.908 Reais,"3.2 Café, leite, café/leite e chocolate",0.90,0.9
6972,1201,Despesa monetária e não monetária média mensal familiar,Reais,Unidade da Federação,24,Rio Grande do Norte,2018,Até 1.908 Reais,"3.2 Café, leite, café/leite e chocolate",0.53,0.53
6972,1201,Despesa monetária e não monetária média mensal familiar,Reais,Unidade da Federação,25,Paraíba,2018,Até 1.908 Reais,"3.2 Café, leite, café/leite e chocolate",0.67,0.67
6972,1201,Despesa monetária e não monetária média mensal familiar,Reais,Unidade da Federação,26,Pernambuco,2018,Até 1.908 Reais,"3.2 Café, leite, café/leite e chocolate",0.80,0.8
6972,1201,Despesa monetária e não monetária média mensal familiar,Reais,Unidade da Federação,27,Alagoas,2018,Até 1.908 Reais,"3.2 Café, leite, café/leite e chocolate",0.22,0.22
6972,1201,Despesa monetária e não monetária média mensal familiar,Reais,Unidade da Federação,28,Sergipe,2018,Até 1.908 Reais,"3.2 Café, leite, café/leite e chocolate",0.98,0.98
6972,1201,Despesa monetária e não monetária média mensal familiar,Reais,Unidade da Federação,29,Bahia,2018,Até 1.908 Reais,"3.2 Café, leite, café/leite e chocolate",1.13,1.13
6972,1201,Despesa monetária e não monetária média mensal familiar,Reais,Unidade da Federação,31,Minas Gerais,2018,Até 1.908 Reais,"3.2 Café, leite, café/leite e chocolate",1.22,1.22
6972,1201,Despesa monetária e não monetária média mensal familiar,Reais,Unidade da Federação,32,Espírito Santo,2018,Até 1.908 Reais,"3.2 Café, leite, café/leite e chocolate",0.68,0.68
6972,1201,Despesa monetária e não monetária média mensal familiar,Reais,Unidade da Federação,33,Rio de Janeiro,2018,Até 1.908 Reais,"3.2 Café, leite, café/leite e chocolate",0.21,0.21
6972,1201,Despesa monetária e não monetária média mensal familiar,Reais,Unidade da Federação,35,São Paulo,2018,Até 1.908 Reais,"3.2 Café, leite, café/leite e chocolate",0.97,0.97
6972,1201,Despesa monetária e não monetária média mensal familiar,Reais,Unidade da Federação,41,Paraná,2018,Até 1.908 Reais,"3.2 Café, leite, café/leite e chocolate",0.25,0.25
6972,1201,Despesa monetária e não monetária média mensal familiar,Reais,Unidade da Federação,42,Santa Catarina,2018,Até 1.908 Reais,"3.2 Café, leite, café/leite e chocolate",0.46,0.46
6972,1201,Despesa monetária e não monetária média mensal familiar,Reais,Unidade da Federação,43,Rio Grande do Sul,2018,Até 1.908 Reais,"3.2 Café, leite, café/leite e chocolate",0.51,0.51
6972,1201,Despesa monetária e não monetária média mensal familiar,Reais,Unidade da Federação,50,Mato Grosso do Sul,2018,Até 1.908 Reais,"3.2 Café, leite, café/leite e chocolate",1.07,1.07
6972,1201,Despesa monetária e não monetária média mensal familiar,Reais,Unidade da Federação,51,Mato Grosso,2018,Até 1.908 Reais,"3.2 Café, leite, café/leite e chocolate",0.93,0.93
6972,1201,Despesa monetária e não monetária média mensal familiar,Reais,Unidade da Federação,52,Goiás,2018,Até 1.908 Reais,"3.2 Café, leite, café/leite e chocolate",0.80,0.8
6972,1201,Despesa monetária e não monetária média mensal familiar,Reais,Unidade da Federação,53,Distrito Federal,2018,Até 1.908 Reais,"3.2 Café, leite, café/leite e chocolate",0.45,0.45
6972,1201,Despesa monetária e não monetária média mensal familiar,Reais,Brasil,1,Brasil,2018,Até 1.908 Reais,3.3 Sanduíches e salgados,6.12,6.12
6972,1201,Despesa monetária e não monetária média mensal familiar,Reais,Unidade da Federação,11,Rondônia,2018,Até 1.908 Reais,3.3 Sanduíches e salgados,6.43,6.43
6972,1201,Despesa monetária e não monetária média mensal familiar,Reais,Unidade da Federação,12,Acre,2018,Até 1.908 Reais,3.3 Sanduíches e salgados,8.60,8.6
6972,1201,Despesa monetária e não monetária média mensal familiar,Reais,Unidade da Federação,13,Amazonas,2018,Até 1.908 Reais,3.3 Sanduíches e salgados,8.01,8.01
6972,1201,Despesa monetária e não monetária média mensal familiar,Reais,Unidade da Federação,14,Roraima,2018,Até 1.908 Reais,3.3 Sanduíches e salgados,0.95,0.95
6972,1201,Despesa monetária e não monetária média mensal familiar,Reais,Unidade da Federação,15,Pará,2018,Até 1.908 Reais,3.3 Sanduíches e salgados,6.72,6.72
6972,1201,Despesa monetária e não monetária média mensal familiar,Reais,Unidade da Federação,16,Amapá,2018,Até 1.908 Reais,3.3 Sanduíches e salgados,6.12,6.12
6972,1201,Despesa monetária e não monetária média mensal familiar,Reais,Unidade da Federação,17,Tocantins,2018,Até 1.908 Reais,3.3 Sanduíches e salgados,5.08,5.08
6972,1201,Despesa monetária e não monetária média mensal familiar,Reais,Unidade da Federação,21,Maranhão,2018,Até 1.908 Reais,3.3 Sanduíches e salgados,5.10,5.1
6972,1201,Despesa monetária e não monetária média mensal familiar,Reais,Unidade da Federação,22,Piauí,2018,Até 1.908 Reais,3.3 Sanduíches e salgados,4.61,4.61
6972,1201,Despesa monetária e não monetária média mensal familiar,Reais,Unidade da Federação,23,Ceará,2018,Até 1.908 Reais,3.3 Sanduíches e salgados,6.24,6.24
6972,1201,Despesa monetária e não monetária média mensal familiar,Reais,Unidade da Federação,24,Rio Grande do Norte,2018,Até 1.908 Reais,3.3 Sanduíches e salgados,8.95,8.95
6972,1201,Despesa monetária e não monetária média mensal familiar,Reais,Unidade da Federação,25,Paraíba,2018,Até 1.908 Reais,3.3 Sanduíches e salgados,4.85,4.85
6972,1201,Despesa monetária e não monetária média mensal familiar,Reais,Unidade da Federação,26,Pernambuco,2018,Até 1.908 Reais,3.3 Sanduíches e salgados,6.96,6.96
6972,1201,Despesa monetária e não monetária média mensal familiar,Reais,Unidade da Federação,27,Alagoas,2018,Até 1.908 Reais,3.3 Sanduíches e salgados,2.67,2.67
6972,1201,Despesa monetária e não monetária média mensal familiar,Reais,Unidade da Federação,28,Sergipe,2018,Até 1.908 Reais,3.3 Sanduíches e salgados,5.29,5.29
6972,1201,Despesa monetária e não monetária média mensal familiar,Reais,Unidade da Federação,29,Bahia,2018,Até 1.908 Reais,3.3 Sanduíches e salgados,7.43,7.43
6972,1201,Despesa monetária e não monetária média mensal familiar,Reais,Unidade da Federação,31,Minas Gerais,2018,Até 1.908 Reais,3.3 Sanduíches e salgados,5.03,5.03
6972,1201,Despesa monetária e não monetária média mensal familiar,Reais,Unidade da Federação,32,Espírito Santo,2018,Até 1.908 Reais,3.3 Sanduíches e salgados,5.36,5.36
6972,1201,Despesa monetária e não monetária média mensal familiar,Reais,Unidade da Federação,33,Rio de Janeiro,2018,Até 1.908 Reais,3.3 Sanduíches e salgados,7.06,7.06
6972,1201,Despesa monetária e não monetária média mensal familiar,Reais,Unidade da Federação,35,São Paulo,2018,Até 1.908 Reais,3.3 Sanduíches e salgados,5.47,5.47
6972,1201,Despesa monetária e não monetária média mensal familiar,Reais,Unidade da Federação,41,Paraná,2018,Até 1.908 Reais,3.3 Sanduíches e salgados,5.44,5.44
6972,1201,Despesa monetária e não monetária média mensal familiar,Reais,Unidade da Federação,42,Santa Catarina,2018,Até 1.908 Reais,3.3 Sanduíches e salgados,8.44,8.44
6972,1201,Despesa monetária e não monetária média mensal familiar,Reais,Unidade da Federação,43,Rio Grande do Sul,2018,Até 1.908 Reais,3.3 Sanduíches e salgados,5.00,5.0
6972,1201,Despesa monetária e não monetária média mensal familiar,Reais,Unidade da Federação,50,Mato Grosso do Sul,2018,Até 1.908 Reais,3.3 Sanduíches e salgados,7.82,7.82
6972,1201,Despesa monetária e não monetária média mensal familiar,Reais,Unidade da Federação,51,Mato Grosso,2018,Até 1.908 Reais,3.3 Sanduíches e salgados,9.55,9.55
6972,1201,Despesa monetária e não monetária média mensal familiar,Reais,Unidade da Federação,52,Goiás,2018,Até 1.908 Reais,3.3 Sanduíches e salgados,3.76,3.76
6972,1201,Despesa monetária e não monetária média mensal familiar,Reais,Unidade da Federação,53,Distrito Federal,2018,Até 1.908 Reais,3.3 Sanduíches e salgados,11.20,11.2
6972,1201,Despesa monetária e não monetária média mensal familiar,Reais,Brasil,1,Brasil,2018,Até 1.908 Reais,3.4 Refrigerantes e outras bebidas não alcoólicas,3.50,3.5
6972,1201,Despesa monetária e não monetária média mensal familiar,Reais,Unidade da Federação,11,Rondônia,2018,Até 1.908 Reais,3.4 Refrigerantes e outras bebidas não alcoólicas,1.69,1.69
6972,1201,Despesa monetária e não monetária média mensal familiar,Reais,Unidade da Federação,12,Acre,2018,Até 1.908 Reais,3.4 Refrigerantes e outras bebidas não alcoólicas,11.68,11.68
6972,1201,Despesa monetária e não monetária média mensal familiar,Reais,Unidade da Federação,13,Amazonas,2018,Até 1.908 Reais,3.4 Refrigerantes e outras bebidas não alcoólicas,1.61,1.61
6972,1201,Despesa monetária e não monetária média mensal familiar,Reais,Unidade da Federação,14,Roraima,2018,Até 1.908 Reais,3.4 Refrigerantes e outras bebidas não alcoólicas,0.71,0.71
6972,1201,Despesa monetária e não monetária média mensal familiar,Reais,Unidade da Federação,15,Pará,2018,Até 1.908 Reais,3.4 Refrigerantes e outras bebidas não alcoólicas,3.42,3.42
6972,1201,Despesa monetária e não monetária média mensal familiar,Reais,Unidade da Federação,16,Amapá,2018,Até 1.908 Reais,3.4 Refrigerantes e outras bebidas não alcoólicas,8.61,8.61
6972,1201,Despesa monetária e não monetária média mensal familiar,Reais,Unidade da Federação,17,Tocantins,2018,Até 1.908 Reais,3.4 Refrigerantes e outras bebidas não alcoólicas,2.32,2.32
6972,1201,Despesa monetária e não monetária média mensal familiar,Reais,Unidade da Federação,21,Maranhão,2018,Até 1.908 Reais,3.4 Refrigerantes e outras bebidas não alcoólicas,3.06,3.06
6972,1201,Despesa monetária e não monetária média mensal familiar,Reais,Unidade da Federação,22,Piauí,2018,Até 1.908 Reais,3.4 Refrigerantes e outras bebidas não alcoólicas,5.22,5.22
6972,1201,Despesa monetária e não monetária média mensal familiar,Reais,Unidade da Federação,23,Ceará,2018,Até 1.908 Reais,3.4 Refrigerantes e outras bebidas não alcoólicas,4.25,4.25
6972,1201,Despesa monetária e não monetária média mensal familiar,Reais,Unidade da Federação,24,Rio Grande do Norte,2018,Até 1.908 Reais,3.4 Refrigerantes e outras bebidas não alcoólicas,4.36,4.36
6972,1201,Despesa monetária e não monetária média mensal familiar,Reais,Unidade da Federação,25,Paraíba,2018,Até 1.908 Reais,3.4 Refrigerantes e outras bebidas não alcoólicas,2.35,2.35
6972,1201,Despesa monetária e não monetária média mensal familiar,Reais,Unidade da Federação,26,Pernambuco,2018,Até 1.908 Reais,3.4 Refrigerantes e outras bebidas não alcoólicas,3.42,3.42
6972,1201,Despesa monetária e não monetária média mensal familiar,Reais,Unidade da Federação,27,Alagoas,2018,Até 1.908 Reais,3.4 Refrigerantes e outras bebidas não alcoólicas,1.56,1.56
6972,1201,Despesa monetária e não monetária média mensal familiar,Reais,Unidade da Federação,28,Sergipe,2018,Até 1.908 Reais,3.4 Refrigerantes e outras bebidas não alcoólicas,24.22,24.22
6972,1201,Despesa monetária e não monetária média mensal familiar,Reais,Unidade da Federação,29,Bahia,2018,Até 1.908 Reais,3.4 Refrigerantes e outras bebidas não alcoólicas,5.14,5.14
6972,1201,Despesa monetária e não monetária média mensal familiar,Reais,Unidade da Federação,31,Minas Gerais,2018,Até 1.908 Reais,3.4 Refrigerantes e outras bebidas não alcoólicas,2.09,2.09
6972,1201,Despesa monetária e não monetária média mensal familiar,Reais,Unidade da Federação,32,Espírito Santo,2018,Até 1.908 Reais,3.4 Refrigerantes e outras bebidas não alcoólicas,1.58,1.58
6972,1201,Despesa monetária e não monetária média mensal familiar,Reais,Unidade da Federação,33,Rio de Janeiro,2018,Até 1.908 Reais,3.4 Refrigerantes e outras bebidas não alcoólicas,2.14,2.14
6972,1201,Despesa monetária e não monetária média mensal familiar,Reais,Unidade da Federação,35,São Paulo,2018,Até 1.908 Reais,3.4 Refrigerantes e outras bebidas não alcoólicas,3.02,3.02
6972,1201,Despesa monetária e não monetária média mensal familiar,Reais,Unidade da Federação,41,Paraná,2018,Até 1.908 Reais,3.4 Refrigerantes e outras bebidas não alcoólicas,1.60,1.6
6972,1201,Despesa monetária e não monetária média mensal familiar,Reais,Unidade da Federação,42,Santa Catarina,2018,Até 1.908 Reais,3.4 Refrigerantes e outras bebidas não alcoólicas,3.24,3.24
6972,1201,Despesa monetária e não monetária média mensal familiar,Reais,Unidade da Federação,43,Rio Grande do Sul,2018,Até 1.908 Reais,3.4 Refrigerantes e outras bebidas não alcoólicas,2.75,2.75
6972,1201,Despesa monetária e não monetária média mensal familiar,Reais,Unidade da Federação,50,Mato Grosso do Sul,2018,Até 1.908 Reais,3.4 Refrigerantes e outras bebidas não alcoólicas,5.35,5.35
6972,1201,Despesa monetária e não monetária média mensal familiar,Reais,Unidade da Federação,51,Mato Grosso,2018,Até 1.908 Reais,3.4 Refrigerantes e outras bebidas não alcoólicas,5.33,5.33
6972,1201,Despesa monetária e não monetária média mensal familiar,Reais,Unidade da Federação,52,Goiás,2018,Até 1.908 Reais,3.4 Refrigerantes e outras bebidas não alcoólicas,2.31,2.31
6972,1201,Despesa monetária e não monetária média mensal familiar,Reais,Unidade da Federação,53,Distrito Federal,2018,Até 1.908 Reais,3.4 Refrigerantes e outras bebidas não alcoólicas,2.74,2.74
6972,1201,Despesa monetária e não monetária média mensal familiar,Reais,Brasil,1,Brasil,2018,Até 1.908 Reais,3.5 Lanches,6.46,6.46
6972,1201,Despesa monetária e não monetária média mensal familiar,Reais,Unidade da Federação,11,Rondônia,2018,Até 1.908 Reais,3.5 Lanches,0.71,0.71
6972,1201,Despesa monetária e não monetária média mensal familiar,Reais,Unidade da Federação,12,Acre,2018,Até 1.908 Reais,3.5 Lanches,11.42,11.42
6972,1201,Despesa monetária e não monetária média mensal familiar,Reais,Unidade da Federação,13,Amazonas,2018,Até 1.908 Reais,3.5 Lanches,5.21,5.21
6972,1201,Despesa monetária e não monetária média mensal familiar,Reais,Unidade da Federação,14,Roraima,2018,Até 1.908 Reais,3.5 Lanches,0.27,0.27
6972,1201,Despesa monetária e não monetária média mensal familiar,Reais,Unidade da Federação,15,Pará,2018,Até 1.908 Reais,3.5 Lanches,4.21,4.21
6972,1201,Despesa monetária e não monetária média mensal familiar,Reais,Unidade da Federação,16,Amapá,2018,Até 1.908 Reais,3.5 Lanches,6.93,6.93
6972,1201,Despesa monetária e não monetária média mensal familiar,Reais,Unidade da Federação,17,Tocantins,2018,Até 1.908 Reais,3.5 Lanches,0.18,0.18
6972,1201,Despesa monetária e não monetária média mensal familiar,Reais,Unidade da Federação,21,Maranhão,2018,Até 1.908 Reais,3.5 Lanches,5.15,5.15
6972,1201,Despesa monetária e não monetária média mensal familiar,Reais,Unidade da Federação,22,Piauí,2018,Até 1.908 Reais,3.5 Lanches,24.03,24.03
6972,1201,Despesa monetária e não monetária média mensal familiar,Reais,Unidade da Federação,23,Ceará,2018,Até 1.908 Reais,3.5 Lanches,5.51,5.51
6972,1201,Despesa monetária e não monetária média mensal familiar,Reais,Unidade da Federação,24,Rio Grande do Norte,2018,Até 1.908 Reais,3.5 Lanches,19.31,19.31
6972,1201,Despesa monetária e não monetária média mensal familiar,Reais,Unidade da Federação,25,Paraíba,2018,Até 1.908 Reais,3.5 Lanches,5.74,5.74
6972,1201,Despesa monetária e não monetária média mensal familiar,Reais,Unidade da Federação,26,Pernambuco,2018,Até 1.908 Reais,3.5 Lanches,8.04,8.04
6972,1201,Despesa monetária e não monetária média mensal familiar,Reais,Unidade da Federação,27,Alagoas,2018,Até 1.908 Reais,3.5 Lanches,6.81,6.81
6972,1201,Despesa monetária e não monetária média mensal familiar,Reais,Unidade da Federação,28,Sergipe,2018,Até 1.908 Reais,3.5 Lanches,22.60,22.6
6972,1201,Despesa monetária e não monetária média mensal familiar,Reais,Unidade da Federação,29,Bahia,2018,Até 1.908 Reais,3.5 Lanches,11.33,11.33
6972,1201,Despesa monetária e não monetária média mensal familiar,Reais,Unidade da Federação,31,Minas Gerais,2018,Até 1.908 Reais,3.5 Lanches,5.56,5.56
6972,1201,Despesa monetária e não monetária média mensal familiar,Reais,Unidade da Federação,32,Espírito Santo,2018,Até 1.908 Reais,3.5 Lanches,7.15,7.15
6972,1201,Despesa monetária e não monetária média mensal familiar,Reais,Unidade da Federação,33,Rio de Janeiro,2018,Até 1.908 Reais,3.5 Lanches,1.72,1.72
6972,1201,Despesa monetária e não monetária média mensal familiar,Reais,Unidade da Federação,35,São Paulo,2018,Até 1.908 Reais,3.5 Lanches,3.97,3.97
6972,1201,Despesa monetária e não monetária média mensal familiar,Reais,Unidade da Federação,41,Paraná,2018,Até 1.908 Reais,3.5 Lanches,2.82,2.82
6972,1201,Despesa monetária e não monetária média mensal familiar,Reais,Unidade da Federação,42,Santa Catarina,2018,Até 1.908 Reais,3.5 Lanches,1.30,1.3
6972,1201,Despesa monetária e não monetária média mensal familiar,Reais,Unidade da Federação,43,Rio Grande do Sul,2018,Até 1.908 Reais,3.5 Lanches,2.21,2.21
6972,1201,Despesa monetária e não monetária média mensal familiar,Reais,Unidade da Federação,50,Mato Grosso do Sul,2018,Até 1.908 Reais,3.5 Lanches,10.40,10.4
6972,1201,Despesa monetária e não monetária média mensal familiar,Reais,Unidade da Federação,51,Mato Grosso,2018,Até 1.908 Reais,3.5 Lanches,4.08,4.08
6972,1201,Despesa monetária e não monetária média mensal familiar,Reais,Unidade da Federação,52,Goiás,2018,Até 1.908 Reais,3.5 Lanches,7.95,7.95
6972,1201,Despesa monetária e não monetária média mensal familiar,Reais,Unidade da Federação,53,Distrito Federal,2018,Até 1.908 Reais,3.5 Lanches,2.60,2.6
6972,1201,Despesa monetária e não monetária média mensal familiar,Reais,Brasil,1,Brasil,2018,Até 1.908 Reais,"3.6 Cervejas, chopes e outras bebidas alcoólicas",4.87,4.87
6972,1201,Despesa monetária e não monetária média mensal familiar,Reais,Unidade da Federação,11,Rondônia,2018,Até 1.908 Reais,"3.6 Cervejas, chopes e outras bebidas alcoólicas",0.51,0.51
6972,1201,Despesa monetária e não monetária média mensal familiar,Reais,Unidade da Federação,12,Acre,2018,Até 1.908 Reais,"3.6 Cervejas, chopes e outras bebidas alcoólicas",11.63,11.63
6972,1201,Despesa monetária e não monetária média mensal familiar,Reais,Unidade da Federação,13,Amazonas,2018,Até 1.908 Reais,"3.6 Cervejas, chopes e outras bebidas alcoólicas",5.00,5.0
6972,1201,Despesa monetária e não monetária média mensal familiar,Reais,Unidade da Federação,14,Roraima,2018,Até 1.908 Reais,"3.6 Cervejas, chopes e outras bebidas alcoólicas",0.75,0.75
6972,1201,Despesa monetária e não monetária média mensal familiar,Reais,Unidade da Federação,15,Pará,2018,Até 1.908 Reais,"3.6 Cervejas, chopes e outras bebidas alcoólicas",5.22,5.22
6972,1201,Despesa monetária e não monetária média mensal familiar,Reais,Unidade da Federação,16,Amapá,2018,Até 1.908 Reais,"3.6 Cervejas, chopes e outras bebidas alcoólicas",8.88,8.88
6972,1201,Despesa monetária e não monetária média mensal familiar,Reais,Unidade da Federação,17,Tocantins,2018,Até 1.908 Reais,"3.6 Cervejas, chopes e outras bebidas alcoólicas",7.96,7.96
6972,1201,Despesa monetária e não monetária média mensal familiar,Reais,Unidade da Federação,21,Maranhão,2018,Até 1.908 Reais,"3.6 Cervejas, chopes e outras bebidas alcoólicas",8.13,8.13
6972,1201,Despesa monetária e não monetária média mensal familiar,Reais,Unidade da Federação,22,Piauí,2018,Até 1.908 Reais,"3.6 Cervejas, chopes e outras bebidas alcoólicas",12.79,12.79
6972,1201,Despesa monetária e não monetária média mensal familiar,Reais,Unidade da Federação,23,Ceará,2018,Até 1.908 Reais,"3.6 Cervejas, chopes e outras bebidas alcoólicas",2.79,2.79
6972,1201,Despesa monetária e não monetária média mensal familiar,Reais,Unidade da Federação,24,Rio Grande do Norte,2018,Até 1.908 Reais,"3.6 Cervejas, chopes e outras bebidas alcoólicas",10.25,10.25
6972,1201,Despesa monetária e não monetária média mensal familiar,Reais,Unidade da Federação,25,Paraíba,2018,Até 1.908 Reais,"3.6 Cervejas, chopes e outras bebidas alcoólicas",2.62,2.62
6972,1201,Despesa monetária e não monetária média mensal familiar,Reais,Unidade da Federação,26,Pernambuco,2018,Até 1.908 Reais,"3.6 Cervejas, chopes e outras bebidas alcoólicas",3.89,3.89
6972,1201,Despesa monetária e não monetária média mensal familiar,Reais,Unidade da Federação,27,Alagoas,2018,Até 1.908 Reais,"3.6 Cervejas, chopes e outras bebidas alcoólicas",3.82,3.82
6972,1201,Despesa monetária e não monetária média mensal familiar,Reais,Unidade da Federação,28,Sergipe,2018,Até 1.908 Reais,"3.6 Cervejas, chopes e outras bebidas alcoólicas",7.47,7.47
6972,1201,Despesa monetária e não monetária média mensal familiar,Reais,Unidade da Federação,29,Bahia,2018,Até 1.908 Reais,"3.6 Cervejas, chopes e outras bebidas alcoólicas",7.67,7.67
6972,1201,Despesa monetária e não monetária média mensal familiar,Reais,Unidade da Federação,31,Minas Gerais,2018,Até 1.908 Reais,"3.6 Cervejas, chopes e outras bebidas alcoólicas",3.63,3.63
6972,1201,Despesa monetária e não monetária média mensal familiar,Reais,Unidade da Federação,32,Espírito Santo,2018,Até 1.908 Reais,"3.6 Cervejas, chopes e outras bebidas alcoólicas",4.22,4.22
6972,1201,Despesa monetária e não monetária média mensal familiar,Reais,Unidade da Federação,33,Rio de Janeiro,2018,Até 1.908 Reais,"3.6 Cervejas, chopes e outras bebidas alcoólicas",3.48,3.48
6972,1201,Despesa monetária e não monetária média mensal familiar,Reais,Unidade da Federação,35,São Paulo,2018,Até 1.908 Reais,"3.6 Cervejas, chopes e outras bebidas alcoólicas",2.40,2.4
6972,1201,Despesa monetária e não monetária média mensal familiar,Reais,Unidade da Federação,41,Paraná,2018,Até 1.908 Reais,"3.6 Cervejas, chopes e outras bebidas alcoólicas",3.06,3.06
6972,1201,Despesa monetária e não monetária média mensal familiar,Reais,Unidade da Federação,42,Santa Catarina,2018,Até 1.908 Reais,"3.6 Cervejas, chopes e outras bebidas alcoólicas",9.21,9.21
6972,1201,Despesa monetária e não monetária média mensal familiar,Reais,Unidade da Federação,43,Rio Grande do Sul,2018,Até 1.908 Reais,"3.6 Cervejas, chopes e outras bebidas alcoólicas",5.74,5.74
6972,1201,Despesa monetária e não monetária média mensal familiar,Reais,Unidade da Federação,50,Mato Grosso do Sul,2018,Até 1.908 Reais,"3.6 Cervejas, chopes e outras bebidas alcoólicas",7.05,7.05
6972,1201,Despesa monetária e não monetária média mensal familiar,Reais,Unidade da Federação,51,Mato Grosso,2018,Até 1.908 Reais,"3.6 Cervejas, chopes e outras bebidas alcoólicas",3.42,3.42
6972,1201,Despesa monetária e não monetária média mensal familiar,Reais,Unidade da Federação,52,Goiás,2018,Até 1.908 Reais,"3.6 Cervejas, chopes e outras bebidas alcoólicas",1.42,1.42
6972,1201,Despesa monetária e não monetária média mensal familiar,Reais,Unidade da Federação,53,Distrito Federal,2018,Até 1.908 Reais,"3.6 Cervejas, chopes e outras bebidas alcoólicas",6.76,6.76
6972,1201,Despesa monetária e não monetária média mensal familiar,Reais,Brasil,1,Brasil,2018,Até 1.908 Reais,3.8 Alimentação fora do domicílio - light e diet,0.02,0.02
6972,1201,Despesa monetária e não monetária média mensal familiar,Reais,Unidade da Federação,11,Rondônia,2018,Até 1.908 Reais,3.8 Alimentação fora do domicílio - light e diet,-,0.0
6972,1201,Despesa monetária e não monetária média mensal familiar,Reais,Unidade da Federação,12,Acre,2018,Até 1.908 Reais,3.8 Alimentação fora do domicílio - light e diet,-,0.0
6972,1201,Despesa monetária e não monetária média mensal familiar,Reais,Unidade da Federação,13,Amazonas,2018,Até 1.908 Reais,3.8 Alimentação fora do domicílio - light e diet,-,0.0
6972,1201,Despesa monetária e não monetária média mensal familiar,Reais,Unidade da Federação,14,Roraima,2018,Até 1.908 Reais,3.8 Alimentação fora do domicílio - light e diet,-,0.0
6972,1201,Despesa monetária e não monetária média mensal familiar,Reais,Unidade da Federação,15,Pará,2018,Até 1.908 Reais,3.8 Alimentação fora do domicílio - light e diet,0.02,0.02
6972,1201,Despesa monetária e não monetária média mensal familiar,Reais,Unidade da Federação,16,Amapá,2018,Até 1.908 Reais,3.8 Alimentação fora do domicílio - light e diet,-,0.0
6972,1201,Despesa monetária e não monetária média mensal familiar,Reais,Unidade da Federação,17,Tocantins,2018,Até 1.908 Reais,3.8 Alimentação fora do domicílio - light e diet,0.10,0.1
6972,1201,Despesa monetária e não monetária média mensal familiar,Reais,Unidade da Federação,21,Maranhão,2018,Até 1.908 Reais,3.8 Alimentação fora do domicílio - light e diet,0.02,0.02
6972,1201,Despesa monetária e não monetária média mensal familiar,Reais,Unidade da Federação,22,Piauí,2018,Até 1.908 Reais,3.8 Alimentação fora do domicílio - light e diet,0.01,0.01
6972,1201,Despesa monetária e não monetária média mensal familiar,Reais,Unidade da Federação,23,Ceará,2018,Até 1.908 Reais,3.8 Alimentação fora do domicílio - light e diet,0.08,0.08
6972,1201,Despesa monetária e não monetária média mensal familiar,Reais,Unidade da Federação,24,Rio Grande do Norte,2018,Até 1.908 Reais,3.8 Alimentação fora do domicílio - light e diet,-,0.0
6972,1201,Despesa monetária e não monetária média mensal familiar,Reais,Unidade da Federação,25,Paraíba,2018,Até 1.908 Reais,3.8 Alimentação fora do domicílio - light e diet,-,0.0
6972,1201,Despesa monetária e não monetária média mensal familiar,Reais,Unidade da Federação,26,Pernambuco,2018,Até 1.908 Reais,3.8 Alimentação fora do domicílio - light e diet,0.01,0.01
6972,1201,Despesa monetária e não monetária média mensal familiar,Reais,Unidade da Federação,27,Alagoas,2018,Até 1.908 Reais,3.8 Alimentação fora do domicílio - light e diet,0.00,0.0
6972,1201,Despesa monetária e não monetária média mensal familiar,Reais,Unidade da Federação,28,Sergipe,2018,Até 1.908 Reais,3.8 Alimentação fora do domicílio - light e diet,-,0.0
6972,1201,Despesa monetária e não monetária média mensal familiar,Reais,Unidade da Federação,29,Bahia,2018,Até 1.908 Reais,3.8 Alimentação fora do domicílio - light e diet,0.03,0.03
6972,1201,Despesa monetária e não monetária média mensal familiar,Reais,Unidade da Federação,31,Minas Gerais,2018,Até 1.908 Reais,3.8 Alimentação fora do domicílio - light e diet,0.11,0.11
6972,1201,Despesa monetária e não monetária média mensal familiar,Reais,Unidade da Federação,32,Espírito Santo,2018,Até 1.908 Reais,3.8 Alimentação fora do domicílio - light e diet,-,0.0
6972,1201,Despesa monetária e não monetária média mensal familiar,Reais,Unidade da Federação,33,Rio de Janeiro,2018,Até 1.908 Reais,3.8 Alimentação fora do domicílio - light e diet,-,0.0
6972,1201,Despesa monetária e não monetária média mensal familiar,Reais,Unidade da Federação,35,São Paulo,2018,Até 1.908 Reais,3.8 Alimentação fora do domicílio - light e diet,-,0.0
6972,1201,Despesa monetária e não monetária média mensal familiar,Reais,Unidade da Federação,41,Paraná,2018,Até 1.908 Reais,3.8 Alimentação fora do domicílio - light e diet,-,0.0
6972,1201,Despesa monetária e não monetária média mensal familiar,Reais,Unidade da Federação,42,Santa Catarina,2018,Até 1.908 Reais,3.8 Alimentação fora do domicílio - light e diet,-,0.0
6972,1201,Despesa monetária e não monetária média mensal familiar,Reais,Unidade da Federação,43,Rio Grande do Sul,2018,Até 1.908 Reais,3.8 Alimentação fora do domicílio - light e diet,-,0.0
6972,1201,Despesa monetária e não monetária média mensal familiar,Reais,Unidade da Federação,50,Mato Grosso do Sul,2018,Até 1.908 Reais,3.8 Alimentação fora do domicílio - light e diet,0.06,0.06
6972,1201,Despesa monetária e não monetária média mensal familiar,Reais,Unidade da Federação,51,Mato Grosso,2018,Até 1.908 Reais,3.8 Alimentação fora do domicílio - light e diet,0.07,0.07
6972,1201,Despesa monetária e não monetária média mensal familiar,Reais,Unidade da Federação,52,Goiás,2018,Até 1.908 Reais,3.8 Alimentação fora do domicílio - light e diet,-,0.0
6972,1201,Despesa monetária e não monetária média mensal familiar,Reais,Unidade da Federação,53,Distrito Federal,2018,Até 1.908 Reais,3.8 Alimentação fora do domicílio - light e diet,-,0.0
6972,1201,Despesa monetária e não monetária média mensal familiar,Reais,Brasil,1,Brasil,2018,Até 1.908 Reais,3.9 Outras,6.87,6.87
6972,1201,Despesa monetária e não monetária média mensal familiar,Reais,Unidade da Federação,11,Rondônia,2018,Até 1.908 Reais,3.9 Outras,1.59,1.59
6972,1201,Despesa monetária e não monetária média mensal familiar,Reais,Unidade da Federação,12,Acre,2018,Até 1.908 Reais,3.9 Outras,6.59,6.59
6972,1201,Despesa monetária e não monetária média mensal familiar,Reais,Unidade da Federação,13,Amazonas,2018,Até 1.908 Reais,3.9 Outras,2.46,2.46
6972,1201,Despesa monetária e não monetária média mensal familiar,Reais,Unidade da Federação,14,Roraima,2018,Até 1.908 Reais,3.9 Outras,5.07,5.07
6972,1201,Despesa monetária e não monetária média mensal familiar,Reais,Unidade da Federação,15,Pará,2018,Até 1.908 Reais,3.9 Outras,2.07,2.07
6972,1201,Despesa monetária e não monetária média mensal familiar,Reais,Unidade da Federação,16,Amapá,2018,Até 1.908 Reais,3.9 Outras,6.58,6.58
6972,1201,Despesa monetária e não monetária média mensal familiar,Reais,Unidade da Federação,17,Tocantins,2018,Até 1.908 Reais,3.9 Outras,2.36,2.36
6972,1201,Despesa monetária e não monetária média mensal familiar,Reais,Unidade da Federação,21,Maranhão,2018,Até 1.908 Reais,3.9 Outras,2.17,2.17
6972,1201,Despesa monetária e não monetária média mensal familiar,Reais,Unidade da Federação,22,Piauí,2018,Até 1.908 Reais,3.9 Outras,7.45,7.45
6972,1201,Despesa monetária e não monetária média mensal familiar,Reais,Unidade da Federação,23,Ceará,2018,Até 1.908 Reais,3.9 Outras,3.23,3.23
6972,1201,Despesa monetária e não monetária média mensal familiar,Reais,Unidade da Federação,24,Rio Grande do Norte,2018,Até 1.908 Reais,3.9 Outras,14.05,14.05
6972,1201,Despesa monetária e não monetária média mensal familiar,Reais,Unidade da Federação,25,Paraíba,2018,Até 1.908 Reais,3.9 Outras,3.00,3.0
6972,1201,Despesa monetária e não monetária média mensal familiar,Reais,Unidade da Federação,26,Pernambuco,2018,Até 1.908 Reais,3.9 Outras,3.00,3.0
6972,1201,Despesa monetária e não monetária média mensal familiar,Reais,Unidade da Federação,27,Alagoas,2018,Até 1.908 Reais,3.9 Outras,2.09,2.09
6972,1201,Despesa monetária e não monetária média mensal familiar,Reais,Unidade da Federação,28,Sergipe,2018,Até 1.908 Reais,3.9 Outras,7.88,7.88
6972,1201,Despesa monetária e não monetária média mensal familiar,Reais,Unidade da Federação,29,Bahia,2018,Até 1.908 Reais,3.9 Outras,7.68,7.68
6972,1201,Despesa monetária e não monetária média mensal familiar,Reais,Unidade da Federação,31,Minas Gerais,2018,Até 1.908 Reais,3.9 Outras,29.26,29.26
6972,1201,Despesa monetária e não monetária média mensal familiar,Reais,Unidade da Federação,32,Espírito Santo,2018,Até 1.908 Reais,3.9 Outras,2.35,2.35
6972,1201,Despesa monetária e não monetária média mensal familiar,Reais,Unidade da Federação,33,Rio de Janeiro,2018,Até 1.908 Reais,3.9 Outras,1.06,1.06
6972,1201,Despesa monetária e não monetária média mensal familiar,Reais,Unidade da Federação,35,São Paulo,2018,Até 1.908 Reais,3.9 Outras,7.31,7.31
6972,1201,Despesa monetária e não monetária média mensal familiar,Reais,Unidade da Federação,41,Paraná,2018,Até 1.908 Reais,3.9 Outras,3.55,3.55
6972,1201,Despesa monetária e não monetária média mensal familiar,Reais,Unidade da Federação,42,Santa Catarina,2018,Até 1.908 Reais,3.9 Outras,7.78,7.78
6972,1201,Despesa monetária e não monetária média mensal familiar,Reais,Unidade da Federação,43,Rio Grande do Sul,2018,Até 1.908 Reais,3.9 Outras,4.15,4.15
6972,1201,Despesa monetária e não monetária média mensal familiar,Reais,Unidade da Federação,50,Mato Grosso do Sul,2018,Até 1.908 Reais,3.9 Outras,9.05,9.05
6972,1201,Despesa monetária e não monetária média mensal familiar,Reais,Unidade da Federação,51,Mato Grosso,2018,Até 1.908 Reais,3.9 Outras,21.07,21.07
6972,1201,Despesa monetária e não monetária média mensal familiar,Reais,Unidade da Federação,52,Goiás,2018,Até 1.908 Reais,3.9 Outras,4.64,4.64
6972,1201,Despesa monetária e não monetária média mensal familiar,Reais,Unidade da Federação,53,Distrito Federal,2018,Até 1.908 Reais,3.9 Outras,3.95,3.95
6972,1201,Despesa monetária e não monetária média mensal familiar,Reais,Brasil,1,Brasil,2018,Mais de 1.908 a 2.862 Reais,1 Despesas com alimentação,449.21,449.21
6972,1201,Despesa monetária e não monetária média mensal familiar,Reais,Unidade da Federação,11,Rondônia,2018,Mais de 1.908 a 2.862 Reais,1 Despesas com alimentação,290.27,290.27
6972,1201,Despesa monetária e não monetária média mensal familiar,Reais,Unidade da Federação,12,Acre,2018,Mais de 1.908 a 2.862 Reais,1 Despesas com alimentação,592.63,592.63
6972,1201,Despesa monetária e não monetária média mensal familiar,Reais,Unidade da Federação,13,Amazonas,2018,Mais de 1.908 a 2.862 Reais,1 Despesas com alimentação,536.46,536.46
6972,1201,Despesa monetária e não monetária média mensal familiar,Reais,Unidade da Federação,14,Roraima,2018,Mais de 1.908 a 2.862 Reais,1 Despesas com alimentação,460.37,460.37
6972,1201,Despesa monetária e não monetária média mensal familiar,Reais,Unidade da Federação,15,Pará,2018,Mais de 1.908 a 2.862 Reais,1 Despesas com alimentação,546.44,546.44
6972,1201,Despesa monetária e não monetária média mensal familiar,Reais,Unidade da Federação,16,Amapá,2018,Mais de 1.908 a 2.862 Reais,1 Despesas com alimentação,747.85,747.85
6972,1201,Despesa monetária e não monetária média mensal familiar,Reais,Unidade da Federação,17,Tocantins,2018,Mais de 1.908 a 2.862 Reais,1 Despesas com alimentação,295.17,295.17
6972,1201,Despesa monetária e não monetária média mensal familiar,Reais,Unidade da Federação,21,Maranhão,2018,Mais de 1.908 a 2.862 Reais,1 Despesas com alimentação,500.85,500.85
6972,1201,Despesa monetária e não monetária média mensal familiar,Reais,Unidade da Federação,22,Piauí,2018,Mais de 1.908 a 2.862 Reais,1 Despesas com alimentação,583.43,583.43
6972,1201,Despesa monetária e não monetária média mensal familiar,Reais,Unidade da Federação,23,Ceará,2018,Mais de 1.908 a 2.862 Reais,1 Despesas com alimentação,449.39,449.39
6972,1201,Despesa monetária e não monetária média mensal familiar,Reais,Unidade da Federação,24,Rio Grande do Norte,2018,Mais de 1.908 a 2.862 Reais,1 Despesas com alimentação,682.87,682.87
6972,1201,Despesa monetária e não monetária média mensal familiar,Reais,Unidade da Federação,25,Paraíba,2018,Mais de 1.908 a 2.862 Reais,1 Despesas com alimentação,466.40,466.4
6972,1201,Despesa monetária e não monetária média mensal familiar,Reais,Unidade da Federação,26,Pernambuco,2018,Mais de 1.908 a 2.862 Reais,1 Despesas com alimentação,486.34,486.34
6972,1201,Despesa monetária e não monetária média mensal familiar,Reais,Unidade da Federação,27,Alagoas,2018,Mais de 1.908 a 2.862 Reais,1 Despesas com alimentação,382.08,382.08
6972,1201,Despesa monetária e não monetária média mensal familiar,Reais,Unidade da Federação,28,Sergipe,2018,Mais de 1.908 a 2.862 Reais,1 Despesas com alimentação,621.48,621.48
6972,1201,Despesa monetária e não monetária média mensal familiar,Reais,Unidade da Federação,29,Bahia,2018,Mais de 1.908 a 2.862 Reais,1 Despesas com alimentação,534.74,534.74
6972,1201,Despesa monetária e não monetária média mensal familiar,Reais,Unidade da Federação,31,Minas Gerais,2018,Mais de 1.908 a 2.862 Reais,1 Despesas com alimentação,470.26,470.26
6972,1201,Despesa monetária e não monetária média mensal familiar,Reais,Unidade da Federação,32,Espírito Santo,2018,Mais de 1.908 a 2.862 Reais,1 Despesas com alimentação,308.44,308.44
6972,1201,Despesa monetária e não monetária média mensal familiar,Reais,Unidade da Federação,33,Rio de Janeiro,2018,Mais de 1.908 a 2.862 Reais,1 Despesas com alimentação,373.29,373.29
6972,1201,Despesa monetária e não monetária média mensal familiar,Reais,Unidade da Federação,35,São Paulo,2018,Mais de 1.908 a 2.862 Reais,1 Despesas com alimentação,388.88,388.88
6972,1201,Despesa monetária e não monetária média mensal familiar,Reais,Unidade da Federação,41,Paraná,2018,Mais de 1.908 a 2.862 Reais,1 Despesas com alimentação,364.60,364.6
6972,1201,Despesa monetária e não monetária média mensal familiar,Reais,Unidade da Federação,42,Santa Catarina,2018,Mais de 1.908 a 2.862 Reais,1 Despesas com alimentação,483.26,483.26
6972,1201,Despesa monetária e não monetária média mensal familiar,Reais,Unidade da Federação,43,Rio Grande do Sul,2018,Mais de 1.908 a 2.862 Reais,1 Despesas com alimentação,433.73,433.73
6972,1201,Despesa monetária e não monetária média mensal familiar,Reais,Unidade da Federação,50,Mato Grosso do Sul,2018,Mais de 1.908 a 2.862 Reais,1 Despesas com alimentação,544.75,544.75
6972,1201,Despesa monetária e não monetária média mensal familiar,Reais,Unidade da Federação,51,Mato Grosso,2018,Mais de 1.908 a 2.862 Reais,1 Despesas com alimentação,467.46,467.46
6972,1201,Despesa monetária e não monetária média mensal familiar,Reais,Unidade da Federação,52,Goiás,2018,Mais de 1.908 a 2.862 Reais,1 Despesas com alimentação,445.91,445.91
6972,1201,Despesa monetária e não monetária média mensal familiar,Reais,Unidade da Federação,53,Distrito Federal,2018,Mais de 1.908 a 2.862 Reais,1 Despesas com alimentação,359.25,359.25
6972,1201,Despesa monetária e não monetária média mensal familiar,Reais,Brasil,1,Brasil,2018,Mais de 1.908 a 2.862 Reais,3 Alimentação fora do domicílio,115.32,115.32
6972,1201,Despesa monetária e não monetária média mensal familiar,Reais,Unidade da Federação,11,Rondônia,2018,Mais de 1.908 a 2.862 Reais,3 Alimentação fora do domicílio,91.87,91.87
6972,1201,Despesa monetária e não monetária média mensal familiar,Reais,Unidade da Federação,12,Acre,2018,Mais de 1.908 a 2.862 Reais,3 Alimentação fora do domicílio,176.07,176.07
6972,1201,Despesa monetária e não monetária média mensal familiar,Reais,Unidade da Federação,13,Amazonas,2018,Mais de 1.908 a 2.862 Reais,3 Alimentação fora do domicílio,88.50,88.5
6972,1201,Despesa monetária e não monetária média mensal familiar,Reais,Unidade da Federação,14,Roraima,2018,Mais de 1.908 a 2.862 Reais,3 Alimentação fora do domicílio,56.91,56.91
6972,1201,Despesa monetária e não monetária média mensal familiar,Reais,Unidade da Federação,15,Pará,2018,Mais de 1.908 a 2.862 Reais,3 Alimentação fora do domicílio,92.67,92.67
6972,1201,Despesa monetária e não monetária média mensal familiar,Reais,Unidade da Federação,16,Amapá,2018,Mais de 1.908 a 2.862 Reais,3 Alimentação fora do domicílio,129.91,129.91
6972,1201,Despesa monetária e não monetária média mensal familiar,Reais,Unidade da Federação,17,Tocantins,2018,Mais de 1.908 a 2.862 Reais,3 Alimentação fora do domicílio,60.36,60.36
6972,1201,Despesa monetária e não monetária média mensal familiar,Reais,Unidade da Federação,21,Maranhão,2018,Mais de 1.908 a 2.862 Reais,3 Alimentação fora do domicílio,95.49,95.49
6972,1201,Despesa monetária e não monetária média mensal familiar,Reais,Unidade da Federação,22,Piauí,2018,Mais de 1.908 a 2.862 Reais,3 Alimentação fora do domicílio,186.18,186.18
6972,1201,Despesa monetária e não monetária média mensal familiar,Reais,Unidade da Federação,23,Ceará,2018,Mais de 1.908 a 2.862 Reais,3 Alimentação fora do domicílio,102.69,102.69
6972,1201,Despesa monetária e não monetária média mensal familiar,Reais,Unidade da Federação,24,Rio Grande do Norte,2018,Mais de 1.908 a 2.862 Reais,3 Alimentação fora do domicílio,187.37,187.37
6972,1201,Despesa monetária e não monetária média mensal familiar,Reais,Unidade da Federação,25,Paraíba,2018,Mais de 1.908 a 2.862 Reais,3 Alimentação fora do domicílio,90.78,90.78
6972,1201,Despesa monetária e não monetária média mensal familiar,Reais,Unidade da Federação,26,Pernambuco,2018,Mais de 1.908 a 2.862 Reais,3 Alimentação fora do domicílio,131.24,131.24
6972,1201,Despesa monetária e não monetária média mensal familiar,Reais,Unidade da Federação,27,Alagoas,2018,Mais de 1.908 a 2.862 Reais,3 Alimentação fora do domicílio,66.17,66.17
6972,1201,Despesa monetária e não monetária média mensal familiar,Reais,Unidade da Federação,28,Sergipe,2018,Mais de 1.908 a 2.862 Reais,3 Alimentação fora do domicílio,293.43,293.43
6972,1201,Despesa monetária e não monetária média mensal familiar,Reais,Unidade da Federação,29,Bahia,2018,Mais de 1.908 a 2.862 Reais,3 Alimentação fora do domicílio,164.06,164.06
6972,1201,Despesa monetária e não monetária média mensal familiar,Reais,Unidade da Federação,31,Minas Gerais,2018,Mais de 1.908 a 2.862 Reais,3 Alimentação fora do domicílio,159.78,159.78
6972,1201,Despesa monetária e não monetária média mensal familiar,Reais,Unidade da Federação,32,Espírito Santo,2018,Mais de 1.908 a 2.862 Reais,3 Alimentação fora do domicílio,85.44,85.44
6972,1201,Despesa monetária e não monetária média mensal familiar,Reais,Unidade da Federação,33,Rio de Janeiro,2018,Mais de 1.908 a 2.862 Reais,3 Alimentação fora do domicílio,68.87,68.87
6972,1201,Despesa monetária e não monetária média mensal familiar,Reais,Unidade da Federação,35,São Paulo,2018,Mais de 1.908 a 2.862 Reais,3 Alimentação fora do domicílio,90.02,90.02
6972,1201,Despesa monetária e não monetária média mensal familiar,Reais,Unidade da Federação,41,Paraná,2018,Mais de 1.908 a 2.862 Reais,3 Alimentação fora do domicílio,87.45,87.45
6972,1201,Despesa monetária e não monetária média mensal familiar,Reais,Unidade da Federação,42,Santa Catarina,2018,Mais de 1.908 a 2.862 Reais,3 Alimentação fora do domicílio,86.42,86.42
6972,1201,Despesa monetária e não monetária média mensal familiar,Reais,Unidade da Federação,43,Rio Grande do Sul,2018,Mais de 1.908 a 2.862 Reais,3 Alimentação fora do domicílio,93.82,93.82
6972,1201,Despesa monetária e não monetária média mensal familiar,Reais,Unidade da Federação,50,Mato Grosso do Sul,2018,Mais de 1.908 a 2.862 Reais,3 Alimentação fora do domicílio,213.65,213.65
6972,1201,Despesa monetária e não monetária média mensal familiar,Reais,Unidade da Federação,51,Mato Grosso,2018,Mais de 1.908 a 2.862 Reais,3 Alimentação fora do domicílio,191.75,191.75
6972,1201,Despesa monetária e não monetária média mensal familiar,Reais,Unidade da Federação,52,Goiás,2018,Mais de 1.908 a 2.862 Reais,3 Alimentação fora do domicílio,127.18,127.18
6972,1201,Despesa monetária e não monetária média mensal familiar,Reais,Unidade da Federação,53,Distrito Federal,2018,Mais de 1.908 a 2.862 Reais,3 Alimentação fora do domicílio,88.76,88.76
6972,1201,Despesa monetária e não monetária média mensal familiar,Reais,Brasil,1,Brasil,2018,Mais de 1.908 a 2.862 Reais,3.1 Almoço e jantar,67.38,67.38
6972,1201,Despesa monetária e não monetária média mensal familiar,Reais,Unidade da Federação,11,Rondônia,2018,Mais de 1.908 a 2.862 Reais,3.1 Almoço e jantar,58.17,58.17
6972,1201,Despesa monetária e não monetária média mensal familiar,Reais,Unidade da Federação,12,Acre,2018,Mais de 1.908 a 2.862 Reais,3.1 Almoço e jantar,98.91,98.91
6972,1201,Despesa monetária e não monetária média mensal familiar,Reais,Unidade da Federação,13,Amazonas,2018,Mais de 1.908 a 2.862 Reais,3.1 Almoço e jantar,56.63,56.63
6972,1201,Despesa monetária e não monetária média mensal familiar,Reais,Unidade da Federação,14,Roraima,2018,Mais de 1.908 a 2.862 Reais,3.1 Almoço e jantar,41.46,41.46
6972,1201,Despesa monetária e não monetária média mensal familiar,Reais,Unidade da Federação,15,Pará,2018,Mais de 1.908 a 2.862 Reais,3.1 Almoço e jantar,52.38,52.38
6972,1201,Despesa monetária e não monetária média mensal familiar,Reais,Unidade da Federação,16,Amapá,2018,Mais de 1.908 a 2.862 Reais,3.1 Almoço e jantar,70.43,70.43
6972,1201,Despesa monetária e não monetária média mensal familiar,Reais,Unidade da Federação,17,Tocantins,2018,Mais de 1.908 a 2.862 Reais,3.1 Almoço e jantar,16.79,16.79
6972,1201,Despesa monetária e não monetária média mensal familiar,Reais,Unidade da Federação,21,Maranhão,2018,Mais de 1.908 a 2.862 Reais,3.1 Almoço e jantar,64.67,64.67
6972,1201,Despesa monetária e não monetária média mensal familiar,Reais,Unidade da Federação,22,Piauí,2018,Mais de 1.908 a 2.862 Reais,3.1 Almoço e jantar,112.91,112.91
6972,1201,Despesa monetária e não monetária média mensal familiar,Reais,Unidade da Federação,23,Ceará,2018,Mais de 1.908 a 2.862 Reais,3.1 Almoço e jantar,71.68,71.68
6972,1201,Despesa monetária e não monetária média mensal familiar,Reais,Unidade da Federação,24,Rio Grande do Norte,2018,Mais de 1.908 a 2.862 Reais,3.1 Almoço e jantar,96.27,96.27
6972,1201,Despesa monetária e não monetária média mensal familiar,Reais,Unidade da Federação,25,Paraíba,2018,Mais de 1.908 a 2.862 Reais,3.1 Almoço e jantar,57.44,57.44
6972,1201,Despesa monetária e não monetária média mensal familiar,Reais,Unidade da Federação,26,Pernambuco,2018,Mais de 1.908 a 2.862 Reais,3.1 Almoço e jantar,80.50,80.5
6972,1201,Despesa monetária e não monetária média mensal familiar,Reais,Unidade da Federação,27,Alagoas,2018,Mais de 1.908 a 2.862 Reais,3.1 Almoço e jantar,37.34,37.34
6972,1201,Despesa monetária e não monetária média mensal familiar,Reais,Unidade da Federação,28,Sergipe,2018,Mais de 1.908 a 2.862 Reais,3.1 Almoço e jantar,179.43,179.43
6972,1201,Despesa monetária e não monetária média mensal familiar,Reais,Unidade da Federação,29,Bahia,2018,Mais de 1.908 a 2.862 Reais,3.1 Almoço e jantar,96.37,96.37
6972,1201,Despesa monetária e não monetária média mensal familiar,Reais,Unidade da Federação,31,Minas Gerais,2018,Mais de 1.908 a 2.862 Reais,3.1 Almoço e jantar,75.04,75.04
6972,1201,Despesa monetária e não monetária média mensal familiar,Reais,Unidade da Federação,32,Espírito Santo,2018,Mais de 1.908 a 2.862 Reais,3.1 Almoço e jantar,37.39,37.39
6972,1201,Despesa monetária e não monetária média mensal familiar,Reais,Unidade da Federação,33,Rio de Janeiro,2018,Mais de 1.908 a 2.862 Reais,3.1 Almoço e jantar,46.12,46.12
6972,1201,Despesa monetária e não monetária média mensal familiar,Reais,Unidade da Federação,35,São Paulo,2018,Mais de 1.908 a 2.862 Reais,3.1 Almoço e jantar,53.50,53.5
6972,1201,Despesa monetária e não monetária média mensal familiar,Reais,Unidade da Federação,41,Paraná,2018,Mais de 1.908 a 2.862 Reais,3.1 Almoço e jantar,52.30,52.3
6972,1201,Despesa monetária e não monetária média mensal familiar,Reais,Unidade da Federação,42,Santa Catarina,2018,Mais de 1.908 a 2.862 Reais,3.1 Almoço e jantar,45.13,45.13
6972,1201,Despesa monetária e não monetária média mensal familiar,Reais,Unidade da Federação,43,Rio Grande do Sul,2018,Mais de 1.908 a 2.862 Reais,3.1 Almoço e jantar,66.78,66.78
6972,1201,Despesa monetária e não monetária média mensal familiar,Reais,Unidade da Federação,50,Mato Grosso do Sul,2018,Mais de 1.908 a 2.862 Reais,3.1 Almoço e jantar,124.00,124.0
6972,1201,Despesa monetária e não monetária média mensal familiar,Reais,Unidade da Federação,51,Mato Grosso,2018,Mais de 1.908 a 2.862 Reais,3.1 Almoço e jantar,99.18,99.18
6972,1201,Despesa monetária e não monetária média mensal familiar,Reais,Unidade da Federação,52,Goiás,2018,Mais de 1.908 a 2.862 Reais,3.1 Almoço e jantar,80.61,80.61
6972,1201,Despesa monetária e não monetária média mensal familiar,Reais,Unidade da Federação,53,Distrito Federal,2018,Mais de 1.908 a 2.862 Reais,3.1 Almoço e jantar,66.66,66.66
6972,1201,Despesa monetária e não monetária média mensal familiar,Reais,Brasil,1,Brasil,2018,Mais de 1.908 a 2.862 Reais,"3.2 Café, leite, café/leite e chocolate",1.49,1.49
6972,1201,Despesa monetária e não monetária média mensal familiar,Reais,Unidade da Federação,11,Rondônia,2018,Mais de 1.908 a 2.862 Reais,"3.2 Café, leite, café/leite e chocolate",1.37,1.37
6972,1201,Despesa monetária e não monetária média mensal familiar,Reais,Unidade da Federação,12,Acre,2018,Mais de 1.908 a 2.862 Reais,"3.2 Café, leite, café/leite e chocolate",3.29,3.29
6972,1201,Despesa monetária e não monetária média mensal familiar,Reais,Unidade da Federação,13,Amazonas,2018,Mais de 1.908 a 2.862 Reais,"3.2 Café, leite, café/leite e chocolate",0.76,0.76
6972,1201,Despesa monetária e não monetária média mensal familiar,Reais,Unidade da Federação,14,Roraima,2018,Mais de 1.908 a 2.862 Reais,"3.2 Café, leite, café/leite e chocolate",-,0.0
6972,1201,Despesa monetária e não monetária média mensal familiar,Reais,Unidade da Federação,15,Pará,2018,Mais de 1.908 a 2.862 Reais,"3.2 Café, leite, café/leite e chocolate",1.18,1.18
6972,1201,Despesa monetária e não monetária média mensal familiar,Reais,Unidade da Federação,16,Amapá,2018,Mais de 1.908 a 2.862 Reais,"3.2 Café, leite, café/leite e chocolate",2.24,2.24
6972,1201,Despesa monetária e não monetária média mensal familiar,Reais,Unidade da Federação,17,Tocantins,2018,Mais de 1.908 a 2.862 Reais,"3.2 Café, leite, café/leite e chocolate",-,0.0
6972,1201,Despesa monetária e não monetária média mensal familiar,Reais,Unidade da Federação,21,Maranhão,2018,Mais de 1.908 a 2.862 Reais,"3.2 Café, leite, café/leite e chocolate",1.08,1.08
6972,1201,Despesa monetária e não monetária média mensal familiar,Reais,Unidade da Federação,22,Piauí,2018,Mais de 1.908 a 2.862 Reais,"3.2 Café, leite, café/leite e chocolate",2.23,2.23
6972,1201,Despesa monetária e não monetária média mensal familiar,Reais,Unidade da Federação,23,Ceará,2018,Mais de 1.908 a 2.862 Reais,"3.2 Café, leite, café/leite e chocolate",1.30,1.3
6972,1201,Despesa monetária e não monetária média mensal familiar,Reais,Unidade da Federação,24,Rio Grande do Norte,2018,Mais de 1.908 a 2.862 Reais,"3.2 Café, leite, café/leite e chocolate",1.21,1.21
6972,1201,Despesa monetária e não monetária média mensal familiar,Reais,Unidade da Federação,25,Paraíba,2018,Mais de 1.908 a 2.862 Reais,"3.2 Café, leite, café/leite e chocolate",0.62,0.62
6972,1201,Despesa monetária e não monetária média mensal familiar,Reais,Unidade da Federação,26,Pernambuco,2018,Mais de 1.908 a 2.862 Reais,"3.2 Café, leite, café/leite e chocolate",1.20,1.2
6972,1201,Despesa monetária e não monetária média mensal familiar,Reais,Unidade da Federação,27,Alagoas,2018,Mais de 1.908 a 2.862 Reais,"3.2 Café, leite, café/leite e chocolate",0.48,0.48
6972,1201,Despesa monetária e não monetária média mensal familiar,Reais,Unidade da Federação,28,Sergipe,2018,Mais de 1.908 a 2.862 Reais,"3.2 Café, leite, café/leite e chocolate",1.34,1.34
6972,1201,Despesa monetária e não monetária média mensal familiar,Reais,Unidade da Federação,29,Bahia,2018,Mais de 1.908 a 2.862 Reais,"3.2 Café, leite, café/leite e chocolate",1.63,1.63
6972,1201,Despesa monetária e não monetária média mensal familiar,Reais,Unidade da Federação,31,Minas Gerais,2018,Mais de 1.908 a 2.862 Reais,"3.2 Café, leite, café/leite e chocolate",2.77,2.77
6972,1201,Despesa monetária e não monetária média mensal familiar,Reais,Unidade da Federação,32,Espírito Santo,2018,Mais de 1.908 a 2.862 Reais,"3.2 Café, leite, café/leite e chocolate",1.01,1.01
6972,1201,Despesa monetária e não monetária média mensal familiar,Reais,Unidade da Federação,33,Rio de Janeiro,2018,Mais de 1.908 a 2.862 Reais,"3.2 Café, leite, café/leite e chocolate",0.47,0.47
6972,1201,Despesa monetária e não monetária média mensal familiar,Reais,Unidade da Federação,35,São Paulo,2018,Mais de 1.908 a 2.862 Reais,"3.2 Café, leite, café/leite e chocolate",1.81,1.81
6972,1201,Despesa monetária e não monetária média mensal familiar,Reais,Unidade da Federação,41,Paraná,2018,Mais de 1.908 a 2.862 Reais,"3.2 Café, leite, café/leite e chocolate",1.42,1.42
6972,1201,Despesa monetária e não monetária média mensal familiar,Reais,Unidade da Federação,42,Santa Catarina,2018,Mais de 1.908 a 2.862 Reais,"3.2 Café, leite, café/leite e chocolate",1.17,1.17
6972,1201,Despesa monetária e não monetária média mensal familiar,Reais,Unidade da Federação,43,Rio Grande do Sul,2018,Mais de 1.908 a 2.862 Reais,"3.2 Café, leite, café/leite e chocolate",1.33,1.33
6972,1201,Despesa monetária e não monetária média mensal familiar,Reais,Unidade da Federação,50,Mato Grosso do Sul,2018,Mais de 1.908 a 2.862 Reais,"3.2 Café, leite, café/leite e chocolate",4.49,4.49
6972,1201,Despesa monetária e não monetária média mensal familiar,Reais,Unidade da Federação,51,Mato Grosso,2018,Mais de 1.908 a 2.862 Reais,"3.2 Café, leite, café/leite e chocolate",0.61,0.61
6972,1201,Despesa monetária e não monetária média mensal familiar,Reais,Unidade da Federação,52,Goiás,2018,Mais de 1.908 a 2.862 Reais,"3.2 Café, leite, café/leite e chocolate",1.04,1.04
6972,1201,Despesa monetária e não monetária média mensal familiar,Reais,Unidade da Federação,53,Distrito Federal,2018,Mais de 1.908 a 2.862 Reais,"3.2 Café, leite, café/leite e chocolate",1.37,1.37
6972,1201,Despesa monetária e não monetária média mensal familiar,Reais,Brasil,1,Brasil,2018,Mais de 1.908 a 2.862 Reais,3.3 Sanduíches e salgados,10.24,10.24
6972,1201,Despesa monetária e não monetária média mensal familiar,Reais,Unidade da Federação,11,Rondônia,2018,Mais de 1.908 a 2.862 Reais,3.3 Sanduíches e salgados,13.33,13.33
6972,1201,Despesa monetária e não monetária média mensal familiar,Reais,Unidade da Federação,12,Acre,2018,Mais de 1.908 a 2.862 Reais,3.3 Sanduíches e salgados,13.77,13.77
6972,1201,Despesa monetária e não monetária média mensal familiar,Reais,Unidade da Federação,13,Amazonas,2018,Mais de 1.908 a 2.862 Reais,3.3 Sanduíches e salgados,8.48,8.48
6972,1201,Despesa monetária e não monetária média mensal familiar,Reais,Unidade da Federação,14,Roraima,2018,Mais de 1.908 a 2.862 Reais,3.3 Sanduíches e salgados,1.98,1.98
6972,1201,Despesa monetária e não monetária média mensal familiar,Reais,Unidade da Federação,15,Pará,2018,Mais de 1.908 a 2.862 Reais,3.3 Sanduíches e salgados,7.86,7.86
6972,1201,Despesa monetária e não monetária média mensal familiar,Reais,Unidade da Federação,16,Amapá,2018,Mais de 1.908 a 2.862 Reais,3.3 Sanduíches e salgados,15.72,15.72
6972,1201,Despesa monetária e não monetária média mensal familiar,Reais,Unidade da Federação,17,Tocantins,2018,Mais de 1.908 a 2.862 Reais,3.3 Sanduíches e salgados,15.32,15.32
6972,1201,Despesa monetária e não monetária média mensal familiar,Reais,Unidade da Federação,21,Maranhão,2018,Mais de 1.908 a 2.862 Reais,3.3 Sanduíches e salgados,5.76,5.76
6972,1201,Despesa monetária e não monetária média mensal familiar,Reais,Unidade da Federação,22,Piauí,2018,Mais de 1.908 a 2.862 Reais,3.3 Sanduíches e salgados,7.74,7.74
6972,1201,Despesa monetária e não monetária média mensal familiar,Reais,Unidade da Federação,23,Ceará,2018,Mais de 1.908 a 2.862 Reais,3.3 Sanduíches e salgados,8.84,8.84
6972,1201,Despesa monetária e não monetária média mensal familiar,Reais,Unidade da Federação,24,Rio Grande do Norte,2018,Mais de 1.908 a 2.862 Reais,3.3 Sanduíches e salgados,12.09,12.09
6972,1201,Despesa monetária e não monetária média mensal familiar,Reais,Unidade da Federação,25,Paraíba,2018,Mais de 1.908 a 2.862 Reais,3.3 Sanduíches e salgados,6.71,6.71
6972,1201,Despesa monetária e não monetária média mensal familiar,Reais,Unidade da Federação,26,Pernambuco,2018,Mais de 1.908 a 2.862 Reais,3.3 Sanduíches e salgados,11.58,11.58
6972,1201,Despesa monetária e não monetária média mensal familiar,Reais,Unidade da Federação,27,Alagoas,2018,Mais de 1.908 a 2.862 Reais,3.3 Sanduíches e salgados,6.07,6.07
6972,1201,Despesa monetária e não monetária média mensal familiar,Reais,Unidade da Federação,28,Sergipe,2018,Mais de 1.908 a 2.862 Reais,3.3 Sanduíches e salgados,11.00,11.0
6972,1201,Despesa monetária e não monetária média mensal familiar,Reais,Unidade da Federação,29,Bahia,2018,Mais de 1.908 a 2.862 Reais,3.3 Sanduíches e salgados,12.13,12.13
6972,1201,Despesa monetária e não monetária média mensal familiar,Reais,Unidade da Federação,31,Minas Gerais,2018,Mais de 1.908 a 2.862 Reais,3.3 Sanduíches e salgados,7.61,7.61
6972,1201,Despesa monetária e não monetária média mensal familiar,Reais,Unidade da Federação,32,Espírito Santo,2018,Mais de 1.908 a 2.862 Reais,3.3 Sanduíches e salgados,5.88,5.88
6972,1201,Despesa monetária e não monetária média mensal familiar,Reais,Unidade da Federação,33,Rio de Janeiro,2018,Mais de 1.908 a 2.862 Reais,3.3 Sanduíches e salgados,11.40,11.4
6972,1201,Despesa monetária e não monetária média mensal familiar,Reais,Unidade da Federação,35,São Paulo,2018,Mais de 1.908 a 2.862 Reais,3.3 Sanduíches e salgados,12.61,12.61
6972,1201,Despesa monetária e não monetária média mensal familiar,Reais,Unidade da Federação,41,Paraná,2018,Mais de 1.908 a 2.862 Reais,3.3 Sanduíches e salgados,11.09,11.09
6972,1201,Despesa monetária e não monetária média mensal familiar,Reais,Unidade da Federação,42,Santa Catarina,2018,Mais de 1.908 a 2.862 Reais,3.3 Sanduíches e salgados,8.73,8.73
6972,1201,Despesa monetária e não monetária média mensal familiar,Reais,Unidade da Federação,43,Rio Grande do Sul,2018,Mais de 1.908 a 2.862 Reais,3.3 Sanduíches e salgados,7.24,7.24
6972,1201,Despesa monetária e não monetária média mensal familiar,Reais,Unidade da Federação,50,Mato Grosso do Sul,2018,Mais de 1.908 a 2.862 Reais,3.3 Sanduíches e salgados,18.59,18.59
6972,1201,Despesa monetária e não monetária média mensal familiar,Reais,Unidade da Federação,51,Mato Grosso,2018,Mais de 1.908 a 2.862 Reais,3.3 Sanduíches e salgados,11.42,11.42
6972,1201,Despesa monetária e não monetária média mensal familiar,Reais,Unidade da Federação,52,Goiás,2018,Mais de 1.908 a 2.862 Reais,3.3 Sanduíches e salgados,11.94,11.94
6972,1201,Despesa monetária e não monetária média mensal familiar,Reais,Unidade da Federação,53,Distrito Federal,2018,Mais de 1.908 a 2.862 Reais,3.3 Sanduíches e salgados,8.74,8.74
6972,1201,Despesa monetária e não monetária média mensal familiar,Reais,Brasil,1,Brasil,2018,Mais de 1.908 a 2.862 Reais,3.4 Refrigerantes e outras bebidas não alcoólicas,5.05,5.05
6972,1201,Despesa monetária e não monetária média mensal familiar,Reais,Unidade da Federação,11,Rondônia,2018,Mais de 1.908 a 2.862 Reais,3.4 Refrigerantes e outras bebidas não alcoólicas,3.73,3.73
6972,1201,Despesa monetária e não monetária média mensal familiar,Reais,Unidade da Federação,12,Acre,2018,Mais de 1.908 a 2.862 Reais,3.4 Refrigerantes e outras bebidas não alcoólicas,17.68,17.68
6972,1201,Despesa monetária e não monetária média mensal familiar,Reais,Unidade da Federação,13,Amazonas,2018,Mais de 1.908 a 2.862 Reais,3.4 Refrigerantes e outras bebidas não alcoólicas,3.04,3.04
6972,1201,Despesa monetária e não monetária média mensal familiar,Reais,Unidade da Federação,14,Roraima,2018,Mais de 1.908 a 2.862 Reais,3.4 Refrigerantes e outras bebidas não alcoólicas,0.44,0.44
6972,1201,Despesa monetária e não monetária média mensal familiar,Reais,Unidade da Federação,15,Pará,2018,Mais de 1.908 a 2.862 Reais,3.4 Refrigerantes e outras bebidas não alcoólicas,6.29,6.29
6972,1201,Despesa monetária e não monetária média mensal familiar,Reais,Unidade da Federação,16,Amapá,2018,Mais de 1.908 a 2.862 Reais,3.4 Refrigerantes e outras bebidas não alcoólicas,9.97,9.97
6972,1201,Despesa monetária e não monetária média mensal familiar,Reais,Unidade da Federação,17,Tocantins,2018,Mais de 1.908 a 2.862 Reais,3.4 Refrigerantes e outras bebidas não alcoólicas,4.75,4.75
6972,1201,Despesa monetária e não monetária média mensal familiar,Reais,Unidade da Federação,21,Maranhão,2018,Mais de 1.908 a 2.862 Reais,3.4 Refrigerantes e outras bebidas não alcoólicas,2.99,2.99
6972,1201,Despesa monetária e não monetária média mensal familiar,Reais,Unidade da Federação,22,Piauí,2018,Mais de 1.908 a 2.862 Reais,3.4 Refrigerantes e outras bebidas não alcoólicas,6.01,6.01
6972,1201,Despesa monetária e não monetária média mensal familiar,Reais,Unidade da Federação,23,Ceará,2018,Mais de 1.908 a 2.862 Reais,3.4 Refrigerantes e outras bebidas não alcoólicas,5.83,5.83
6972,1201,Despesa monetária e não monetária média mensal familiar,Reais,Unidade da Federação,24,Rio Grande do Norte,2018,Mais de 1.908 a 2.862 Reais,3.4 Refrigerantes e outras bebidas não alcoólicas,6.24,6.24
6972,1201,Despesa monetária e não monetária média mensal familiar,Reais,Unidade da Federação,25,Paraíba,2018,Mais de 1.908 a 2.862 Reais,3.4 Refrigerantes e outras bebidas não alcoólicas,3.24,3.24
6972,1201,Despesa monetária e não monetária média mensal familiar,Reais,Unidade da Federação,26,Pernambuco,2018,Mais de 1.908 a 2.862 Reais,3.4 Refrigerantes e outras bebidas não alcoólicas,5.41,5.41
6972,1201,Despesa monetária e não monetária média mensal familiar,Reais,Unidade da Federação,27,Alagoas,2018,Mais de 1.908 a 2.862 Reais,3.4 Refrigerantes e outras bebidas não alcoólicas,4.84,4.84
6972,1201,Despesa monetária e não monetária média mensal familiar,Reais,Unidade da Federação,28,Sergipe,2018,Mais de 1.908 a 2.862 Reais,3.4 Refrigerantes e outras bebidas não alcoólicas,36.15,36.15
6972,1201,Despesa monetária e não monetária média mensal familiar,Reais,Unidade da Federação,29,Bahia,2018,Mais de 1.908 a 2.862 Reais,3.4 Refrigerantes e outras bebidas não alcoólicas,7.76,7.76
6972,1201,Despesa monetária e não monetária média mensal familiar,Reais,Unidade da Federação,31,Minas Gerais,2018,Mais de 1.908 a 2.862 Reais,3.4 Refrigerantes e outras bebidas não alcoólicas,3.66,3.66
6972,1201,Despesa monetária e não monetária média mensal familiar,Reais,Unidade da Federação,32,Espírito Santo,2018,Mais de 1.908 a 2.862 Reais,3.4 Refrigerantes e outras bebidas não alcoólicas,2.60,2.6
6972,1201,Despesa monetária e não monetária média mensal familiar,Reais,Unidade da Federação,33,Rio de Janeiro,2018,Mais de 1.908 a 2.862 Reais,3.4 Refrigerantes e outras bebidas não alcoólicas,2.28,2.28
6972,1201,Despesa monetária e não monetária média mensal familiar,Reais,Unidade da Federação,35,São Paulo,2018,Mais de 1.908 a 2.862 Reais,3.4 Refrigerantes e outras bebidas não alcoólicas,4.49,4.49
6972,1201,Despesa monetária e não monetária média mensal familiar,Reais,Unidade da Federação,41,Paraná,2018,Mais de 1.908 a 2.862 Reais,3.4 Refrigerantes e outras bebidas não alcoólicas,2.89,2.89
6972,1201,Despesa monetária e não monetária média mensal familiar,Reais,Unidade da Federação,42,Santa Catarina,2018,Mais de 1.908 a 2.862 Reais,3.4 Refrigerantes e outras bebidas não alcoólicas,5.16,5.16
6972,1201,Despesa monetária e não monetária média mensal familiar,Reais,Unidade da Federação,43,Rio Grande do Sul,2018,Mais de 1.908 a 2.862 Reais,3.4 Refrigerantes e outras bebidas não alcoólicas,3.93,3.93
6972,1201,Despesa monetária e não monetária média mensal familiar,Reais,Unidade da Federação,50,Mato Grosso do Sul,2018,Mais de 1.908 a 2.862 Reais,3.4 Refrigerantes e outras bebidas não alcoólicas,8.29,8.29
6972,1201,Despesa monetária e não monetária média mensal familiar,Reais,Unidade da Federação,51,Mato Grosso,2018,Mais de 1.908 a 2.862 Reais,3.4 Refrigerantes e outras bebidas não alcoólicas,10.25,10.25
6972,1201,Despesa monetária e não monetária média mensal familiar,Reais,Unidade da Federação,52,Goiás,2018,Mais de 1.908 a 2.862 Reais,3.4 Refrigerantes e outras bebidas não alcoólicas,4.92,4.92
6972,1201,Despesa monetária e não monetária média mensal familiar,Reais,Unidade da Federação,53,Distrito Federal,2018,Mais de 1.908 a 2.862 Reais,3.4 Refrigerantes e outras bebidas não alcoólicas,2.39,2.39
6972,1201,Despesa monetária e não monetária média mensal familiar,Reais,Brasil,1,Brasil,2018,Mais de 1.908 a 2.862 Reais,3.5 Lanches,11.06,11.06
6972,1201,Despesa monetária e não monetária média mensal familiar,Reais,Unidade da Federação,11,Rondônia,2018,Mais de 1.908 a 2.862 Reais,3.5 Lanches,8.24,8.24
6972,1201,Despesa monetária e não monetária média mensal familiar,Reais,Unidade da Federação,12,Acre,2018,Mais de 1.908 a 2.862 Reais,3.5 Lanches,17.83,17.83
6972,1201,Despesa monetária e não monetária média mensal familiar,Reais,Unidade da Federação,13,Amazonas,2018,Mais de 1.908 a 2.862 Reais,3.5 Lanches,7.26,7.26
6972,1201,Despesa monetária e não monetária média mensal familiar,Reais,Unidade da Federação,14,Roraima,2018,Mais de 1.908 a 2.862 Reais,3.5 Lanches,1.36,1.36
6972,1201,Despesa monetária e não monetária média mensal familiar,Reais,Unidade da Federação,15,Pará,2018,Mais de 1.908 a 2.862 Reais,3.5 Lanches,8.35,8.35
6972,1201,Despesa monetária e não monetária média mensal familiar,Reais,Unidade da Federação,16,Amapá,2018,Mais de 1.908 a 2.862 Reais,3.5 Lanches,17.49,17.49
6972,1201,Despesa monetária e não monetária média mensal familiar,Reais,Unidade da Federação,17,Tocantins,2018,Mais de 1.908 a 2.862 Reais,3.5 Lanches,2.73,2.73
6972,1201,Despesa monetária e não monetária média mensal familiar,Reais,Unidade da Federação,21,Maranhão,2018,Mais de 1.908 a 2.862 Reais,3.5 Lanches,8.64,8.64
6972,1201,Despesa monetária e não monetária média mensal familiar,Reais,Unidade da Federação,22,Piauí,2018,Mais de 1.908 a 2.862 Reais,3.5 Lanches,31.11,31.11
6972,1201,Despesa monetária e não monetária média mensal familiar,Reais,Unidade da Federação,23,Ceará,2018,Mais de 1.908 a 2.862 Reais,3.5 Lanches,8.21,8.21
6972,1201,Despesa monetária e não monetária média mensal familiar,Reais,Unidade da Federação,24,Rio Grande do Norte,2018,Mais de 1.908 a 2.862 Reais,3.5 Lanches,32.47,32.47
6972,1201,Despesa monetária e não monetária média mensal familiar,Reais,Unidade da Federação,25,Paraíba,2018,Mais de 1.908 a 2.862 Reais,3.5 Lanches,8.65,8.65
6972,1201,Despesa monetária e não monetária média mensal familiar,Reais,Unidade da Federação,26,Pernambuco,2018,Mais de 1.908 a 2.862 Reais,3.5 Lanches,14.30,14.3
6972,1201,Despesa monetária e não monetária média mensal familiar,Reais,Unidade da Federação,27,Alagoas,2018,Mais de 1.908 a 2.862 Reais,3.5 Lanches,6.87,6.87
6972,1201,Despesa monetária e não monetária média mensal familiar,Reais,Unidade da Federação,28,Sergipe,2018,Mais de 1.908 a 2.862 Reais,3.5 Lanches,46.67,46.67
6972,1201,Despesa monetária e não monetária média mensal familiar,Reais,Unidade da Federação,29,Bahia,2018,Mais de 1.908 a 2.862 Reais,3.5 Lanches,22.56,22.56
6972,1201,Despesa monetária e não monetária média mensal familiar,Reais,Unidade da Federação,31,Minas Gerais,2018,Mais de 1.908 a 2.862 Reais,3.5 Lanches,16.12,16.12
6972,1201,Despesa monetária e não monetária média mensal familiar,Reais,Unidade da Federação,32,Espírito Santo,2018,Mais de 1.908 a 2.862 Reais,3.5 Lanches,16.74,16.74
6972,1201,Despesa monetária e não monetária média mensal familiar,Reais,Unidade da Federação,33,Rio de Janeiro,2018,Mais de 1.908 a 2.862 Reais,3.5 Lanches,3.47,3.47
6972,1201,Despesa monetária e não monetária média mensal familiar,Reais,Unidade da Federação,35,São Paulo,2018,Mais de 1.908 a 2.862 Reais,3.5 Lanches,4.53,4.53
6972,1201,Despesa monetária e não monetária média mensal familiar,Reais,Unidade da Federação,41,Paraná,2018,Mais de 1.908 a 2.862 Reais,3.5 Lanches,8.61,8.61
6972,1201,Despesa monetária e não monetária média mensal familiar,Reais,Unidade da Federação,42,Santa Catarina,2018,Mais de 1.908 a 2.862 Reais,3.5 Lanches,1.15,1.15
6972,1201,Despesa monetária e não monetária média mensal familiar,Reais,Unidade da Federação,43,Rio Grande do Sul,2018,Mais de 1.908 a 2.862 Reais,3.5 Lanches,4.53,4.53
6972,1201,Despesa monetária e não monetária média mensal familiar,Reais,Unidade da Federação,50,Mato Grosso do Sul,2018,Mais de 1.908 a 2.862 Reais,3.5 Lanches,21.92,21.92
6972,1201,Despesa monetária e não monetária média mensal familiar,Reais,Unidade da Federação,51,Mato Grosso,2018,Mais de 1.908 a 2.862 Reais,3.5 Lanches,9.38,9.38
6972,1201,Despesa monetária e não monetária média mensal familiar,Reais,Unidade da Federação,52,Goiás,2018,Mais de 1.908 a 2.862 Reais,3.5 Lanches,14.35,14.35
6972,1201,Despesa monetária e não monetária média mensal familiar,Reais,Unidade da Federação,53,Distrito Federal,2018,Mais de 1.908 a 2.862 Reais,3.5 Lanches,4.45,4.45
6972,1201,Despesa monetária e não monetária média mensal familiar,Reais,Brasil,1,Brasil,2018,Mais de 1.908 a 2.862 Reais,"3.6 Cervejas, chopes e outras bebidas alcoólicas",7.03,7.03
6972,1201,Despesa monetária e não monetária média mensal familiar,Reais,Unidade da Federação,11,Rondônia,2018,Mais de 1.908 a 2.862 Reais,"3.6 Cervejas, chopes e outras bebidas alcoólicas",2.88,2.88
6972,1201,Despesa monetária e não monetária média mensal familiar,Reais,Unidade da Federação,12,Acre,2018,Mais de 1.908 a 2.862 Reais,"3.6 Cervejas, chopes e outras bebidas alcoólicas",6.52,6.52
6972,1201,Despesa monetária e não monetária média mensal familiar,Reais,Unidade da Federação,13,Amazonas,2018,Mais de 1.908 a 2.862 Reais,"3.6 Cervejas, chopes e outras bebidas alcoólicas",7.51,7.51
6972,1201,Despesa monetária e não monetária média mensal familiar,Reais,Unidade da Federação,14,Roraima,2018,Mais de 1.908 a 2.862 Reais,"3.6 Cervejas, chopes e outras bebidas alcoólicas",9.41,9.41
6972,1201,Despesa monetária e não monetária média mensal familiar,Reais,Unidade da Federação,15,Pará,2018,Mais de 1.908 a 2.862 Reais,"3.6 Cervejas, chopes e outras bebidas alcoólicas",11.54,11.54
6972,1201,Despesa monetária e não monetária média mensal familiar,Reais,Unidade da Federação,16,Amapá,2018,Mais de 1.908 a 2.862 Reais,"3.6 Cervejas, chopes e outras bebidas alcoólicas",3.32,3.32
6972,1201,Despesa monetária e não monetária média mensal familiar,Reais,Unidade da Federação,17,Tocantins,2018,Mais de 1.908 a 2.862 Reais,"3.6 Cervejas, chopes e outras bebidas alcoólicas",17.22,17.22
6972,1201,Despesa monetária e não monetária média mensal familiar,Reais,Unidade da Federação,21,Maranhão,2018,Mais de 1.908 a 2.862 Reais,"3.6 Cervejas, chopes e outras bebidas alcoólicas",6.34,6.34
6972,1201,Despesa monetária e não monetária média mensal familiar,Reais,Unidade da Federação,22,Piauí,2018,Mais de 1.908 a 2.862 Reais,"3.6 Cervejas, chopes e outras bebidas alcoólicas",9.75,9.75
6972,1201,Despesa monetária e não monetária média mensal familiar,Reais,Unidade da Federação,23,Ceará,2018,Mais de 1.908 a 2.862 Reais,"3.6 Cervejas, chopes e outras bebidas alcoólicas",2.98,2.98
6972,1201,Despesa monetária e não monetária média mensal familiar,Reais,Unidade da Federação,24,Rio Grande do Norte,2018,Mais de 1.908 a 2.862 Reais,"3.6 Cervejas, chopes e outras bebidas alcoólicas",7.51,7.51
6972,1201,Despesa monetária e não monetária média mensal familiar,Reais,Unidade da Federação,25,Paraíba,2018,Mais de 1.908 a 2.862 Reais,"3.6 Cervejas, chopes e outras bebidas alcoólicas",5.36,5.36
6972,1201,Despesa monetária e não monetária média mensal familiar,Reais,Unidade da Federação,26,Pernambuco,2018,Mais de 1.908 a 2.862 Reais,"3.6 Cervejas, chopes e outras bebidas alcoólicas",10.38,10.38
6972,1201,Despesa monetária e não monetária média mensal familiar,Reais,Unidade da Federação,27,Alagoas,2018,Mais de 1.908 a 2.862 Reais,"3.6 Cervejas, chopes e outras bebidas alcoólicas",6.22,6.22
6972,1201,Despesa monetária e não monetária média mensal familiar,Reais,Unidade da Federação,28,Sergipe,2018,Mais de 1.908 a 2.862 Reais,"3.6 Cervejas, chopes e outras bebidas alcoólicas",10.22,10.22
6972,1201,Despesa monetária e não monetária média mensal familiar,Reais,Unidade da Federação,29,Bahia,2018,Mais de 1.908 a 2.862 Reais,"3.6 Cervejas, chopes e outras bebidas alcoólicas",14.97,14.97
6972,1201,Despesa monetária e não monetária média mensal familiar,Reais,Unidade da Federação,31,Minas Gerais,2018,Mais de 1.908 a 2.862 Reais,"3.6 Cervejas, chopes e outras bebidas alcoólicas",6.21,6.21
6972,1201,Despesa monetária e não monetária média mensal familiar,Reais,Unidade da Federação,32,Espírito Santo,2018,Mais de 1.908 a 2.862 Reais,"3.6 Cervejas, chopes e outras bebidas alcoólicas",4.16,4.16
6972,1201,Despesa monetária e não monetária média mensal familiar,Reais,Unidade da Federação,33,Rio de Janeiro,2018,Mais de 1.908 a 2.862 Reais,"3.6 Cervejas, chopes e outras bebidas alcoólicas",3.72,3.72
6972,1201,Despesa monetária e não monetária média mensal familiar,Reais,Unidade da Federação,35,São Paulo,2018,Mais de 1.908 a 2.862 Reais,"3.6 Cervejas, chopes e outras bebidas alcoólicas",7.35,7.35
6972,1201,Despesa monetária e não monetária média mensal familiar,Reais,Unidade da Federação,41,Paraná,2018,Mais de 1.908 a 2.862 Reais,"3.6 Cervejas, chopes e outras bebidas alcoólicas",3.73,3.73
6972,1201,Despesa monetária e não monetária média mensal familiar,Reais,Unidade da Federação,42,Santa Catarina,2018,Mais de 1.908 a 2.862 Reais,"3.6 Cervejas, chopes e outras bebidas alcoólicas",8.15,8.15
6972,1201,Despesa monetária e não monetária média mensal familiar,Reais,Unidade da Federação,43,Rio Grande do Sul,2018,Mais de 1.908 a 2.862 Reais,"3.6 Cervejas, chopes e outras bebidas alcoólicas",4.73,4.73
6972,1201,Despesa monetária e não monetária média mensal familiar,Reais,Unidade da Federação,50,Mato Grosso do Sul,2018,Mais de 1.908 a 2.862 Reais,"3.6 Cervejas, chopes e outras bebidas alcoólicas",13.38,13.38
6972,1201,Despesa monetária e não monetária média mensal familiar,Reais,Unidade da Federação,51,Mato Grosso,2018,Mais de 1.908 a 2.862 Reais,"3.6 Cervejas, chopes e outras bebidas alcoólicas",4.50,4.5
6972,1201,Despesa monetária e não monetária média mensal familiar,Reais,Unidade da Federação,52,Goiás,2018,Mais de 1.908 a 2.862 Reais,"3.6 Cervejas, chopes e outras bebidas alcoólicas",1.58,1.58
6972,1201,Despesa monetária e não monetária média mensal familiar,Reais,Unidade da Federação,53,Distrito Federal,2018,Mais de 1.908 a 2.862 Reais,"3.6 Cervejas, chopes e outras bebidas alcoólicas",2.91,2.91
6972,1201,Despesa monetária e não monetária média mensal familiar,Reais,Brasil,1,Brasil,2018,Mais de 1.908 a 2.862 Reais,3.8 Alimentação fora do domicílio - light e diet,0.08,0.08
6972,1201,Despesa monetária e não monetária média mensal familiar,Reais,Unidade da Federação,11,Rondônia,2018,Mais de 1.908 a 2.862 Reais,3.8 Alimentação fora do domicílio - light e diet,0.09,0.09
6972,1201,Despesa monetária e não monetária média mensal familiar,Reais,Unidade da Federação,12,Acre,2018,Mais de 1.908 a 2.862 Reais,3.8 Alimentação fora do domicílio - light e diet,-,0.0
6972,1201,Despesa monetária e não monetária média mensal familiar,Reais,Unidade da Federação,13,Amazonas,2018,Mais de 1.908 a 2.862 Reais,3.8 Alimentação fora do domicílio - light e diet,-,0.0
6972,1201,Despesa monetária e não monetária média mensal familiar,Reais,Unidade da Federação,14,Roraima,2018,Mais de 1.908 a 2.862 Reais,3.8 Alimentação fora do domicílio - light e diet,-,0.0
6972,1201,Despesa monetária e não monetária média mensal familiar,Reais,Unidade da Federação,15,Pará,2018,Mais de 1.908 a 2.862 Reais,3.8 Alimentação fora do domicílio - light e diet,-,0.0
6972,1201,Despesa monetária e não monetária média mensal familiar,Reais,Unidade da Federação,16,Amapá,2018,Mais de 1.908 a 2.862 Reais,3.8 Alimentação fora do domicílio - light e diet,-,0.0
6972,1201,Despesa monetária e não monetária média mensal familiar,Reais,Unidade da Federação,17,Tocantins,2018,Mais de 1.908 a 2.862 Reais,3.8 Alimentação fora do domicílio - light e diet,0.10,0.1
6972,1201,Despesa monetária e não monetária média mensal familiar,Reais,Unidade da Federação,21,Maranhão,2018,Mais de 1.908 a 2.862 Reais,3.8 Alimentação fora do domicílio - light e diet,-,0.0
6972,1201,Despesa monetária e não monetária média mensal familiar,Reais,Unidade da Federação,22,Piauí,2018,Mais de 1.908 a 2.862 Reais,3.8 Alimentação fora do domicílio - light e diet,-,0.0
6972,1201,Despesa monetária e não monetária média mensal familiar,Reais,Unidade da Federação,23,Ceará,2018,Mais de 1.908 a 2.862 Reais,3.8 Alimentação fora do domicílio - light e diet,-,0.0
6972,1201,Despesa monetária e não monetária média mensal familiar,Reais,Unidade da Federação,24,Rio Grande do Norte,2018,Mais de 1.908 a 2.862 Reais,3.8 Alimentação fora do domicílio - light e diet,-,0.0
6972,1201,Despesa monetária e não monetária média mensal familiar,Reais,Unidade da Federação,25,Paraíba,2018,Mais de 1.908 a 2.862 Reais,3.8 Alimentação fora do domicílio - light e diet,-,0.0
6972,1201,Despesa monetária e não monetária média mensal familiar,Reais,Unidade da Federação,26,Pernambuco,2018,Mais de 1.908 a 2.862 Reais,3.8 Alimentação fora do domicílio - light e diet,0.21,0.21
6972,1201,Despesa monetária e não monetária média mensal familiar,Reais,Unidade da Federação,27,Alagoas,2018,Mais de 1.908 a 2.862 Reais,3.8 Alimentação fora do domicílio - light e diet,0.04,0.04
6972,1201,Despesa monetária e não monetária média mensal familiar,Reais,Unidade da Federação,28,Sergipe,2018,Mais de 1.908 a 2.862 Reais,3.8 Alimentação fora do domicílio - light e diet,-,0.0
6972,1201,Despesa monetária e não monetária média mensal familiar,Reais,Unidade da Federação,29,Bahia,2018,Mais de 1.908 a 2.862 Reais,3.8 Alimentação fora do domicílio - light e diet,0.06,0.06
6972,1201,Despesa monetária e não monetária média mensal familiar,Reais,Unidade da Federação,31,Minas Gerais,2018,Mais de 1.908 a 2.862 Reais,3.8 Alimentação fora do domicílio - light e diet,0.05,0.05
6972,1201,Despesa monetária e não monetária média mensal familiar,Reais,Unidade da Federação,32,Espírito Santo,2018,Mais de 1.908 a 2.862 Reais,3.8 Alimentação fora do domicílio - light e diet,0.06,0.06
6972,1201,Despesa monetária e não monetária média mensal familiar,Reais,Unidade da Federação,33,Rio de Janeiro,2018,Mais de 1.908 a 2.862 Reais,3.8 Alimentação fora do domicílio - light e diet,0.07,0.07
6972,1201,Despesa monetária e não monetária média mensal familiar,Reais,Unidade da Federação,35,São Paulo,2018,Mais de 1.908 a 2.862 Reais,3.8 Alimentação fora do domicílio - light e diet,0.18,0.18
6972,1201,Despesa monetária e não monetária média mensal familiar,Reais,Unidade da Federação,41,Paraná,2018,Mais de 1.908 a 2.862 Reais,3.8 Alimentação fora do domicílio - light e diet,-,0.0
6972,1201,Despesa monetária e não monetária média mensal familiar,Reais,Unidade da Federação,42,Santa Catarina,2018,Mais de 1.908 a 2.862 Reais,3.8 Alimentação fora do domicílio - light e diet,0.06,0.06
6972,1201,Despesa monetária e não monetária média mensal familiar,Reais,Unidade da Federação,43,Rio Grande do Sul,2018,Mais de 1.908 a 2.862 Reais,3.8 Alimentação fora do domicílio - light e diet,0.15,0.15
6972,1201,Despesa monetária e não monetária média mensal familiar,Reais,Unidade da Federação,50,Mato Grosso do Sul,2018,Mais de 1.908 a 2.862 Reais,3.8 Alimentação fora do domicílio - light e diet,0.17,0.17
6972,1201,Despesa monetária e não monetária média mensal familiar,Reais,Unidade da Federação,51,Mato Grosso,2018,Mais de 1.908 a 2.862 Reais,3.8 Alimentação fora do domicílio - light e diet,-,0.0
6972,1201,Despesa monetária e não monetária média mensal familiar,Reais,Unidade da Federação,52,Goiás,2018,Mais de 1.908 a 2.862 Reais,3.8 Alimentação fora do domicílio - light e diet,-,0.0
6972,1201,Despesa monetária e não monetária média mensal familiar,Reais,Unidade da Federação,53,Distrito Federal,2018,Mais de 1.908 a 2.862 Reais,3.8 Alimentação fora do domicílio - light e diet,-,0.0
6972,1201,Despesa monetária e não monetária média mensal familiar,Reais,Brasil,1,Brasil,2018,Mais de 1.908 a 2.862 Reais,3.9 Outras,12.98,12.98
6972,1201,Despesa monetária e não monetária média mensal familiar,Reais,Unidade da Federação,11,Rondônia,2018,Mais de 1.908 a 2.862 Reais,3.9 Outras,4.06,4.06
6972,1201,Despesa monetária e não monetária média mensal familiar,Reais,Unidade da Federação,12,Acre,2018,Mais de 1.908 a 2.862 Reais,3.9 Outras,18.07,18.07
6972,1201,Despesa monetária e não monetária média mensal familiar,Reais,Unidade da Federação,13,Amazonas,2018,Mais de 1.908 a 2.862 Reais,3.9 Outras,4.83,4.83
6972,1201,Despesa monetária e não monetária média mensal familiar,Reais,Unidade da Federação,14,Roraima,2018,Mais de 1.908 a 2.862 Reais,3.9 Outras,2.25,2.25
6972,1201,Despesa monetária e não monetária média mensal familiar,Reais,Unidade da Federação,15,Pará,2018,Mais de 1.908 a 2.862 Reais,3.9 Outras,5.07,5.07
6972,1201,Despesa monetária e não monetária média mensal familiar,Reais,Unidade da Federação,16,Amapá,2018,Mais de 1.908 a 2.862 Reais,3.9 Outras,10.74,10.74
6972,1201,Despesa monetária e não monetária média mensal familiar,Reais,Unidade da Federação,17,Tocantins,2018,Mais de 1.908 a 2.862 Reais,3.9 Outras,3.44,3.44
6972,1201,Despesa monetária e não monetária média mensal familiar,Reais,Unidade da Federação,21,Maranhão,2018,Mais de 1.908 a 2.862 Reais,3.9 Outras,6.01,6.01
6972,1201,Despesa monetária e não monetária média mensal familiar,Reais,Unidade da Federação,22,Piauí,2018,Mais de 1.908 a 2.862 Reais,3.9 Outras,16.42,16.42
6972,1201,Despesa monetária e não monetária média mensal familiar,Reais,Unidade da Federação,23,Ceará,2018,Mais de 1.908 a 2.862 Reais,3.9 Outras,3.84,3.84
6972,1201,Despesa monetária e não monetária média mensal familiar,Reais,Unidade da Federação,24,Rio Grande do Norte,2018,Mais de 1.908 a 2.862 Reais,3.9 Outras,31.58,31.58
6972,1201,Despesa monetária e não monetária média mensal familiar,Reais,Unidade da Federação,25,Paraíba,2018,Mais de 1.908 a 2.862 Reais,3.9 Outras,8.76,8.76
6972,1201,Despesa monetária e não monetária média mensal familiar,Reais,Unidade da Federação,26,Pernambuco,2018,Mais de 1.908 a 2.862 Reais,3.9 Outras,7.66,7.66
6972,1201,Despesa monetária e não monetária média mensal familiar,Reais,Unidade da Federação,27,Alagoas,2018,Mais de 1.908 a 2.862 Reais,3.9 Outras,4.31,4.31
6972,1201,Despesa monetária e não monetária média mensal familiar,Reais,Unidade da Federação,28,Sergipe,2018,Mais de 1.908 a 2.862 Reais,3.9 Outras,8.64,8.64
6972,1201,Despesa monetária e não monetária média mensal familiar,Reais,Unidade da Federação,29,Bahia,2018,Mais de 1.908 a 2.862 Reais,3.9 Outras,8.57,8.57
6972,1201,Despesa monetária e não monetária média mensal familiar,Reais,Unidade da Federação,31,Minas Gerais,2018,Mais de 1.908 a 2.862 Reais,3.9 Outras,48.33,48.33
6972,1201,Despesa monetária e não monetária média mensal familiar,Reais,Unidade da Federação,32,Espírito Santo,2018,Mais de 1.908 a 2.862 Reais,3.9 Outras,17.61,17.61
6972,1201,Despesa monetária e não monetária média mensal familiar,Reais,Unidade da Federação,33,Rio de Janeiro,2018,Mais de 1.908 a 2.862 Reais,3.9 Outras,1.34,1.34
6972,1201,Despesa monetária e não monetária média mensal familiar,Reais,Unidade da Federação,35,São Paulo,2018,Mais de 1.908 a 2.862 Reais,3.9 Outras,5.54,5.54
6972,1201,Despesa monetária e não monetária média mensal familiar,Reais,Unidade da Federação,41,Paraná,2018,Mais de 1.908 a 2.862 Reais,3.9 Outras,7.41,7.41
6972,1201,Despesa monetária e não monetária média mensal familiar,Reais,Unidade da Federação,42,Santa Catarina,2018,Mais de 1.908 a 2.862 Reais,3.9 Outras,16.86,16.86
6972,1201,Despesa monetária e não monetária média mensal familiar,Reais,Unidade da Federação,43,Rio Grande do Sul,2018,Mais de 1.908 a 2.862 Reais,3.9 Outras,5.12,5.12
6972,1201,Despesa monetária e não monetária média mensal familiar,Reais,Unidade da Federação,50,Mato Grosso do Sul,2018,Mais de 1.908 a 2.862 Reais,3.9 Outras,22.80,22.8
6972,1201,Despesa monetária e não monetária média mensal familiar,Reais,Unidade da Federação,51,Mato Grosso,2018,Mais de 1.908 a 2.862 Reais,3.9 Outras,56.40,56.4
6972,1201,Despesa monetária e não monetária média mensal familiar,Reais,Unidade da Federação,52,Goiás,2018,Mais de 1.908 a 2.862 Reais,3.9 Outras,12.73,12.73
6972,1201,Despesa monetária e não monetária média mensal familiar,Reais,Unidade da Federação,53,Distrito Federal,2018,Mais de 1.908 a 2.862 Reais,3.9 Outras,2.24,2.24
6972,1201,Despesa monetária e não monetária média mensal familiar,Reais,Brasil,1,Brasil,2018,Mais de 2.862 a 5.724 Reais,1 Despesas com alimentação,634.41,634.41
6972,1201,Despesa monetária e não monetária média mensal familiar,Reais,Unidade da Federação,11,Rondônia,2018,Mais de 2.862 a 5.724 Reais,1 Despesas com alimentação,456.11,456.11
6972,1201,Despesa monetária e não monetária média mensal familiar,Reais,Unidade da Federação,12,Acre,2018,Mais de 2.862 a 5.724 Reais,1 Despesas com alimentação,767.97,767.97
6972,1201,Despesa monetária e não monetária média mensal familiar,Reais,Unidade da Federação,13,Amazonas,2018,Mais de 2.862 a 5.724 Reais,1 Despesas com alimentação,618.46,618.46
6972,1201,Despesa monetária e não monetária média mensal familiar,Reais,Unidade da Federação,14,Roraima,2018,Mais de 2.862 a 5.724 Reais,1 Despesas com alimentação,491.33,491.33
6972,1201,Despesa monetária e não monetária média mensal familiar,Reais,Unidade da Federação,15,Pará,2018,Mais de 2.862 a 5.724 Reais,1 Despesas com alimentação,652.92,652.92
6972,1201,Despesa monetária e não monetária média mensal familiar,Reais,Unidade da Federação,16,Amapá,2018,Mais de 2.862 a 5.724 Reais,1 Despesas com alimentação,931.67,931.67
6972,1201,Despesa monetária e não monetária média mensal familiar,Reais,Unidade da Federação,17,Tocantins,2018,Mais de 2.862 a 5.724 Reais,1 Despesas com alimentação,351.87,351.87
6972,1201,Despesa monetária e não monetária média mensal familiar,Reais,Unidade da Federação,21,Maranhão,2018,Mais de 2.862 a 5.724 Reais,1 Despesas com alimentação,649.10,649.1
6972,1201,Despesa monetária e não monetária média mensal familiar,Reais,Unidade da Federação,22,Piauí,2018,Mais de 2.862 a 5.724 Reais,1 Despesas com alimentação,760.46,760.46
6972,1201,Despesa monetária e não monetária média mensal familiar,Reais,Unidade da Federação,23,Ceará,2018,Mais de 2.862 a 5.724 Reais,1 Despesas com alimentação,672.62,672.62
6972,1201,Despesa monetária e não monetária média mensal familiar,Reais,Unidade da Federação,24,Rio Grande do Norte,2018,Mais de 2.862 a 5.724 Reais,1 Despesas com alimentação,869.46,869.46
6972,1201,Despesa monetária e não monetária média mensal familiar,Reais,Unidade da Federação,25,Paraíba,2018,Mais de 2.862 a 5.724 Reais,1 Despesas com alimentação,592.40,592.4
6972,1201,Despesa monetária e não monetária média mensal familiar,Reais,Unidade da Federação,26,Pernambuco,2018,Mais de 2.862 a 5.724 Reais,1 Despesas com alimentação,688.70,688.7
6972,1201,Despesa monetária e não monetária média mensal familiar,Reais,Unidade da Federação,27,Alagoas,2018,Mais de 2.862 a 5.724 Reais,1 Despesas com alimentação,540.63,540.63
6972,1201,Despesa monetária e não monetária média mensal familiar,Reais,Unidade da Federação,28,Sergipe,2018,Mais de 2.862 a 5.724 Reais,1 Despesas com alimentação,927.25,927.25
6972,1201,Despesa monetária e não monetária média mensal familiar,Reais,Unidade da Federação,29,Bahia,2018,Mais de 2.862 a 5.724 Reais,1 Despesas com alimentação,778.11,778.11
6972,1201,Despesa monetária e não monetária média mensal familiar,Reais,Unidade da Federação,31,Minas Gerais,2018,Mais de 2.862 a 5.724 Reais,1 Despesas com alimentação,682.91,682.91
6972,1201,Despesa monetária e não monetária média mensal familiar,Reais,Unidade da Federação,32,Espírito Santo,2018,Mais de 2.862 a 5.724 Reais,1 Despesas com alimentação,484.72,484.72
6972,1201,Despesa monetária e não monetária média mensal familiar,Reais,Unidade da Federação,33,Rio de Janeiro,2018,Mais de 2.862 a 5.724 Reais,1 Despesas com alimentação,553.66,553.66
6972,1201,Despesa monetária e não monetária média mensal familiar,Reais,Unidade da Federação,35,São Paulo,2018,Mais de 2.862 a 5.724 Reais,1 Despesas com alimentação,589.26,589.26
6972,1201,Despesa monetária e não monetária média mensal familiar,Reais,Unidade da Federação,41,Paraná,2018,Mais de 2.862 a 5.724 Reais,1 Despesas com alimentação,594.64,594.64
6972,1201,Despesa monetária e não monetária média mensal familiar,Reais,Unidade da Federação,42,Santa Catarina,2018,Mais de 2.862 a 5.724 Reais,1 Despesas com alimentação,595.04,595.04
6972,1201,Despesa monetária e não monetária média mensal familiar,Reais,Unidade da Federação,43,Rio Grande do Sul,2018,Mais de 2.862 a 5.724 Reais,1 Despesas com alimentação,630.77,630.77
6972,1201,Despesa monetária e não monetária média mensal familiar,Reais,Unidade da Federação,50,Mato Grosso do Sul,2018,Mais de 2.862 a 5.724 Reais,1 Despesas com alimentação,798.39,798.39
6972,1201,Despesa monetária e não monetária média mensal familiar,Reais,Unidade da Federação,51,Mato Grosso,2018,Mais de 2.862 a 5.724 Reais,1 Despesas com alimentação,734.14,734.14
6972,1201,Despesa monetária e não monetária média mensal familiar,Reais,Unidade da Federação,52,Goiás,2018,Mais de 2.862 a 5.724 Reais,1 Despesas com alimentação,635.55,635.55
6972,1201,Despesa monetária e não monetária média mensal familiar,Reais,Unidade da Federação,53,Distrito Federal,2018,Mais de 2.862 a 5.724 Reais,1 Despesas com alimentação,587.35,587.35
6972,1201,Despesa monetária e não monetária média mensal familiar,Reais,Brasil,1,Brasil,2018,Mais de 2.862 a 5.724 Reais,3 Alimentação fora do domicílio,190.67,190.67
6972,1201,Despesa monetária e não monetária média mensal familiar,Reais,Unidade da Federação,11,Rondônia,2018,Mais de 2.862 a 5.724 Reais,3 Alimentação fora do domicílio,113.70,113.7
6972,1201,Despesa monetária e não monetária média mensal familiar,Reais,Unidade da Federação,12,Acre,2018,Mais de 2.862 a 5.724 Reais,3 Alimentação fora do domicílio,226.47,226.47
6972,1201,Despesa monetária e não monetária média mensal familiar,Reais,Unidade da Federação,13,Amazonas,2018,Mais de 2.862 a 5.724 Reais,3 Alimentação fora do domicílio,132.25,132.25
6972,1201,Despesa monetária e não monetária média mensal familiar,Reais,Unidade da Federação,14,Roraima,2018,Mais de 2.862 a 5.724 Reais,3 Alimentação fora do domicílio,82.19,82.19
6972,1201,Despesa monetária e não monetária média mensal familiar,Reais,Unidade da Federação,15,Pará,2018,Mais de 2.862 a 5.724 Reais,3 Alimentação fora do domicílio,130.38,130.38
6972,1201,Despesa monetária e não monetária média mensal familiar,Reais,Unidade da Federação,16,Amapá,2018,Mais de 2.862 a 5.724 Reais,3 Alimentação fora do domicílio,172.80,172.8
6972,1201,Despesa monetária e não monetária média mensal familiar,Reais,Unidade da Federação,17,Tocantins,2018,Mais de 2.862 a 5.724 Reais,3 Alimentação fora do domicílio,92.11,92.11
6972,1201,Despesa monetária e não monetária média mensal familiar,Reais,Unidade da Federação,21,Maranhão,2018,Mais de 2.862 a 5.724 Reais,3 Alimentação fora do domicílio,144.54,144.54
6972,1201,Despesa monetária e não monetária média mensal familiar,Reais,Unidade da Federação,22,Piauí,2018,Mais de 2.862 a 5.724 Reais,3 Alimentação fora do domicílio,286.76,286.76
6972,1201,Despesa monetária e não monetária média mensal familiar,Reais,Unidade da Federação,23,Ceará,2018,Mais de 2.862 a 5.724 Reais,3 Alimentação fora do domicílio,201.05,201.05
6972,1201,Despesa monetária e não monetária média mensal familiar,Reais,Unidade da Federação,24,Rio Grande do Norte,2018,Mais de 2.862 a 5.724 Reais,3 Alimentação fora do domicílio,332.12,332.12
6972,1201,Despesa monetária e não monetária média mensal familiar,Reais,Unidade da Federação,25,Paraíba,2018,Mais de 2.862 a 5.724 Reais,3 Alimentação fora do domicílio,162.85,162.85
6972,1201,Despesa monetária e não monetária média mensal familiar,Reais,Unidade da Federação,26,Pernambuco,2018,Mais de 2.862 a 5.724 Reais,3 Alimentação fora do domicílio,214.32,214.32
6972,1201,Despesa monetária e não monetária média mensal familiar,Reais,Unidade da Federação,27,Alagoas,2018,Mais de 2.862 a 5.724 Reais,3 Alimentação fora do domicílio,142.53,142.53
6972,1201,Despesa monetária e não monetária média mensal familiar,Reais,Unidade da Federação,28,Sergipe,2018,Mais de 2.862 a 5.724 Reais,3 Alimentação fora do domicílio,487.45,487.45
6972,1201,Despesa monetária e não monetária média mensal familiar,Reais,Unidade da Federação,29,Bahia,2018,Mais de 2.862 a 5.724 Reais,3 Alimentação fora do domicílio,314.09,314.09
6972,1201,Despesa monetária e não monetária média mensal familiar,Reais,Unidade da Federação,31,Minas Gerais,2018,Mais de 2.862 a 5.724 Reais,3 Alimentação fora do domicílio,250.09,250.09
6972,1201,Despesa monetária e não monetária média mensal familiar,Reais,Unidade da Federação,32,Espírito Santo,2018,Mais de 2.862 a 5.724 Reais,3 Alimentação fora do domicílio,144.21,144.21
6972,1201,Despesa monetária e não monetária média mensal familiar,Reais,Unidade da Federação,33,Rio de Janeiro,2018,Mais de 2.862 a 5.724 Reais,3 Alimentação fora do domicílio,139.86,139.86
6972,1201,Despesa monetária e não monetária média mensal familiar,Reais,Unidade da Federação,35,São Paulo,2018,Mais de 2.862 a 5.724 Reais,3 Alimentação fora do domicílio,148.45,148.45
6972,1201,Despesa monetária e não monetária média mensal familiar,Reais,Unidade da Federação,41,Paraná,2018,Mais de 2.862 a 5.724 Reais,3 Alimentação fora do domicílio,153.61,153.61
6972,1201,Despesa monetária e não monetária média mensal familiar,Reais,Unidade da Federação,42,Santa Catarina,2018,Mais de 2.862 a 5.724 Reais,3 Alimentação fora do domicílio,135.95,135.95
6972,1201,Despesa monetária e não monetária média mensal familiar,Reais,Unidade da Federação,43,Rio Grande do Sul,2018,Mais de 2.862 a 5.724 Reais,3 Alimentação fora do domicílio,190.45,190.45
6972,1201,Despesa monetária e não monetária média mensal familiar,Reais,Unidade da Federação,50,Mato Grosso do Sul,2018,Mais de 2.862 a 5.724 Reais,3 Alimentação fora do domicílio,341.09,341.09
6972,1201,Despesa monetária e não monetária média mensal familiar,Reais,Unidade da Federação,51,Mato Grosso,2018,Mais de 2.862 a 5.724 Reais,3 Alimentação fora do domicílio,260.94,260.94
6972,1201,Despesa monetária e não monetária média mensal familiar,Reais,Unidade da Federação,52,Goiás,2018,Mais de 2.862 a 5.724 Reais,3 Alimentação fora do domicílio,223.19,223.19
6972,1201,Despesa monetária e não monetária média mensal familiar,Reais,Unidade da Federação,53,Distrito Federal,2018,Mais de 2.862 a 5.724 Reais,3 Alimentação fora do domicílio,182.94,182.94
6972,1201,Despesa monetária e não monetária média mensal familiar,Reais,Brasil,1,Brasil,2018,Mais de 2.862 a 5.724 Reais,3.1 Almoço e jantar,119.35,119.35
6972,1201,Despesa monetária e não monetária média mensal familiar,Reais,Unidade da Federação,11,Rondônia,2018,Mais de 2.862 a 5.724 Reais,3.1 Almoço e jantar,72.15,72.15
6972,1201,Despesa monetária e não monetária média mensal familiar,Reais,Unidade da Federação,12,Acre,2018,Mais de 2.862 a 5.724 Reais,3.1 Almoço e jantar,142.65,142.65
6972,1201,Despesa monetária e não monetária média mensal familiar,Reais,Unidade da Federação,13,Amazonas,2018,Mais de 2.862 a 5.724 Reais,3.1 Almoço e jantar,80.45,80.45
6972,1201,Despesa monetária e não monetária média mensal familiar,Reais,Unidade da Federação,14,Roraima,2018,Mais de 2.862 a 5.724 Reais,3.1 Almoço e jantar,62.46,62.46
6972,1201,Despesa monetária e não monetária média mensal familiar,Reais,Unidade da Federação,15,Pará,2018,Mais de 2.862 a 5.724 Reais,3.1 Almoço e jantar,77.62,77.62
6972,1201,Despesa monetária e não monetária média mensal familiar,Reais,Unidade da Federação,16,Amapá,2018,Mais de 2.862 a 5.724 Reais,3.1 Almoço e jantar,91.25,91.25
6972,1201,Despesa monetária e não monetária média mensal familiar,Reais,Unidade da Federação,17,Tocantins,2018,Mais de 2.862 a 5.724 Reais,3.1 Almoço e jantar,48.27,48.27
6972,1201,Despesa monetária e não monetária média mensal familiar,Reais,Unidade da Federação,21,Maranhão,2018,Mais de 2.862 a 5.724 Reais,3.1 Almoço e jantar,89.14,89.14
6972,1201,Despesa monetária e não monetária média mensal familiar,Reais,Unidade da Federação,22,Piauí,2018,Mais de 2.862 a 5.724 Reais,3.1 Almoço e jantar,183.48,183.48
6972,1201,Despesa monetária e não monetária média mensal familiar,Reais,Unidade da Federação,23,Ceará,2018,Mais de 2.862 a 5.724 Reais,3.1 Almoço e jantar,142.87,142.87
6972,1201,Despesa monetária e não monetária média mensal familiar,Reais,Unidade da Federação,24,Rio Grande do Norte,2018,Mais de 2.862 a 5.724 Reais,3.1 Almoço e jantar,197.71,197.71
6972,1201,Despesa monetária e não monetária média mensal familiar,Reais,Unidade da Federação,25,Paraíba,2018,Mais de 2.862 a 5.724 Reais,3.1 Almoço e jantar,110.99,110.99
6972,1201,Despesa monetária e não monetária média mensal familiar,Reais,Unidade da Federação,26,Pernambuco,2018,Mais de 2.862 a 5.724 Reais,3.1 Almoço e jantar,138.09,138.09
6972,1201,Despesa monetária e não monetária média mensal familiar,Reais,Unidade da Federação,27,Alagoas,2018,Mais de 2.862 a 5.724 Reais,3.1 Almoço e jantar,85.46,85.46
6972,1201,Despesa monetária e não monetária média mensal familiar,Reais,Unidade da Federação,28,Sergipe,2018,Mais de 2.862 a 5.724 Reais,3.1 Almoço e jantar,306.17,306.17
6972,1201,Despesa monetária e não monetária média mensal familiar,Reais,Unidade da Federação,29,Bahia,2018,Mais de 2.862 a 5.724 Reais,3.1 Almoço e jantar,203.01,203.01
6972,1201,Despesa monetária e não monetária média mensal familiar,Reais,Unidade da Federação,31,Minas Gerais,2018,Mais de 2.862 a 5.724 Reais,3.1 Almoço e jantar,134.49,134.49
6972,1201,Despesa monetária e não monetária média mensal familiar,Reais,Unidade da Federação,32,Espírito Santo,2018,Mais de 2.862 a 5.724 Reais,3.1 Almoço e jantar,74.38,74.38
6972,1201,Despesa monetária e não monetária média mensal familiar,Reais,Unidade da Federação,33,Rio de Janeiro,2018,Mais de 2.862 a 5.724 Reais,3.1 Almoço e jantar,100.08,100.08
6972,1201,Despesa monetária e não monetária média mensal familiar,Reais,Unidade da Federação,35,São Paulo,2018,Mais de 2.862 a 5.724 Reais,3.1 Almoço e jantar,94.83,94.83
6972,1201,Despesa monetária e não monetária média mensal familiar,Reais,Unidade da Federação,41,Paraná,2018,Mais de 2.862 a 5.724 Reais,3.1 Almoço e jantar,95.16,95.16
6972,1201,Despesa monetária e não monetária média mensal familiar,Reais,Unidade da Federação,42,Santa Catarina,2018,Mais de 2.862 a 5.724 Reais,3.1 Almoço e jantar,81.17,81.17
6972,1201,Despesa monetária e não monetária média mensal familiar,Reais,Unidade da Federação,43,Rio Grande do Sul,2018,Mais de 2.862 a 5.724 Reais,3.1 Almoço e jantar,133.52,133.52
6972,1201,Despesa monetária e não monetária média mensal familiar,Reais,Unidade da Federação,50,Mato Grosso do Sul,2018,Mais de 2.862 a 5.724 Reais,3.1 Almoço e jantar,226.08,226.08
6972,1201,Despesa monetária e não monetária média mensal familiar,Reais,Unidade da Federação,51,Mato Grosso,2018,Mais de 2.862 a 5.724 Reais,3.1 Almoço e jantar,123.77,123.77
6972,1201,Despesa monetária e não monetária média mensal familiar,Reais,Unidade da Federação,52,Goiás,2018,Mais de 2.862 a 5.724 Reais,3.1 Almoço e jantar,145.16,145.16
6972,1201,Despesa monetária e não monetária média mensal familiar,Reais,Unidade da Federação,53,Distrito Federal,2018,Mais de 2.862 a 5.724 Reais,3.1 Almoço e jantar,125.75,125.75
6972,1201,Despesa monetária e não monetária média mensal familiar,Reais,Brasil,1,Brasil,2018,Mais de 2.862 a 5.724 Reais,"3.2 Café, leite, café/leite e chocolate",2.21,2.21
6972,1201,Despesa monetária e não monetária média mensal familiar,Reais,Unidade da Federação,11,Rondônia,2018,Mais de 2.862 a 5.724 Reais,"3.2 Café, leite, café/leite e chocolate",1.16,1.16
6972,1201,Despesa monetária e não monetária média mensal familiar,Reais,Unidade da Federação,12,Acre,2018,Mais de 2.862 a 5.724 Reais,"3.2 Café, leite, café/leite e chocolate",3.61,3.61
6972,1201,Despesa monetária e não monetária média mensal familiar,Reais,Unidade da Federação,13,Amazonas,2018,Mais de 2.862 a 5.724 Reais,"3.2 Café, leite, café/leite e chocolate",1.26,1.26
6972,1201,Despesa monetária e não monetária média mensal familiar,Reais,Unidade da Federação,14,Roraima,2018,Mais de 2.862 a 5.724 Reais,"3.2 Café, leite, café/leite e chocolate",0.16,0.16
6972,1201,Despesa monetária e não monetária média mensal familiar,Reais,Unidade da Federação,15,Pará,2018,Mais de 2.862 a 5.724 Reais,"3.2 Café, leite, café/leite e chocolate",1.35,1.35
6972,1201,Despesa monetária e não monetária média mensal familiar,Reais,Unidade da Federação,16,Amapá,2018,Mais de 2.862 a 5.724 Reais,"3.2 Café, leite, café/leite e chocolate",3.67,3.67
6972,1201,Despesa monetária e não monetária média mensal familiar,Reais,Unidade da Federação,17,Tocantins,2018,Mais de 2.862 a 5.724 Reais,"3.2 Café, leite, café/leite e chocolate",0.30,0.3
6972,1201,Despesa monetária e não monetária média mensal familiar,Reais,Unidade da Federação,21,Maranhão,2018,Mais de 2.862 a 5.724 Reais,"3.2 Café, leite, café/leite e chocolate",2.12,2.12
6972,1201,Despesa monetária e não monetária média mensal familiar,Reais,Unidade da Federação,22,Piauí,2018,Mais de 2.862 a 5.724 Reais,"3.2 Café, leite, café/leite e chocolate",2.82,2.82
6972,1201,Despesa monetária e não monetária média mensal familiar,Reais,Unidade da Federação,23,Ceará,2018,Mais de 2.862 a 5.724 Reais,"3.2 Café, leite, café/leite e chocolate",2.75,2.75
6972,1201,Despesa monetária e não monetária média mensal familiar,Reais,Unidade da Federação,24,Rio Grande do Norte,2018,Mais de 2.862 a 5.724 Reais,"3.2 Café, leite, café/leite e chocolate",0.88,0.88
6972,1201,Despesa monetária e não monetária média mensal familiar,Reais,Unidade da Federação,25,Paraíba,2018,Mais de 2.862 a 5.724 Reais,"3.2 Café, leite, café/leite e chocolate",1.00,1.0
6972,1201,Despesa monetária e não monetária média mensal familiar,Reais,Unidade da Federação,26,Pernambuco,2018,Mais de 2.862 a 5.724 Reais,"3.2 Café, leite, café/leite e chocolate",0.95,0.95
6972,1201,Despesa monetária e não monetária média mensal familiar,Reais,Unidade da Federação,27,Alagoas,2018,Mais de 2.862 a 5.724 Reais,"3.2 Café, leite, café/leite e chocolate",0.30,0.3
6972,1201,Despesa monetária e não monetária média mensal familiar,Reais,Unidade da Federação,28,Sergipe,2018,Mais de 2.862 a 5.724 Reais,"3.2 Café, leite, café/leite e chocolate",1.53,1.53
6972,1201,Despesa monetária e não monetária média mensal familiar,Reais,Unidade da Federação,29,Bahia,2018,Mais de 2.862 a 5.724 Reais,"3.2 Café, leite, café/leite e chocolate",2.00,2.0
6972,1201,Despesa monetária e não monetária média mensal familiar,Reais,Unidade da Federação,31,Minas Gerais,2018,Mais de 2.862 a 5.724 Reais,"3.2 Café, leite, café/leite e chocolate",2.77,2.77
6972,1201,Despesa monetária e não monetária média mensal familiar,Reais,Unidade da Federação,32,Espírito Santo,2018,Mais de 2.862 a 5.724 Reais,"3.2 Café, leite, café/leite e chocolate",1.14,1.14
6972,1201,Despesa monetária e não monetária média mensal familiar,Reais,Unidade da Federação,33,Rio de Janeiro,2018,Mais de 2.862 a 5.724 Reais,"3.2 Café, leite, café/leite e chocolate",1.94,1.94
6972,1201,Despesa monetária e não monetária média mensal familiar,Reais,Unidade da Federação,35,São Paulo,2018,Mais de 2.862 a 5.724 Reais,"3.2 Café, leite, café/leite e chocolate",2.91,2.91
6972,1201,Despesa monetária e não monetária média mensal familiar,Reais,Unidade da Federação,41,Paraná,2018,Mais de 2.862 a 5.724 Reais,"3.2 Café, leite, café/leite e chocolate",1.54,1.54
6972,1201,Despesa monetária e não monetária média mensal familiar,Reais,Unidade da Federação,42,Santa Catarina,2018,Mais de 2.862 a 5.724 Reais,"3.2 Café, leite, café/leite e chocolate",1.36,1.36
6972,1201,Despesa monetária e não monetária média mensal familiar,Reais,Unidade da Federação,43,Rio Grande do Sul,2018,Mais de 2.862 a 5.724 Reais,"3.2 Café, leite, café/leite e chocolate",2.58,2.58
6972,1201,Despesa monetária e não monetária média mensal familiar,Reais,Unidade da Federação,50,Mato Grosso do Sul,2018,Mais de 2.862 a 5.724 Reais,"3.2 Café, leite, café/leite e chocolate",4.46,4.46
6972,1201,Despesa monetária e não monetária média mensal familiar,Reais,Unidade da Federação,51,Mato Grosso,2018,Mais de 2.862 a 5.724 Reais,"3.2 Café, leite, café/leite e chocolate",1.66,1.66
6972,1201,Despesa monetária e não monetária média mensal familiar,Reais,Unidade da Federação,52,Goiás,2018,Mais de 2.862 a 5.724 Reais,"3.2 Café, leite, café/leite e chocolate",1.62,1.62
6972,1201,Despesa monetária e não monetária média mensal familiar,Reais,Unidade da Federação,53,Distrito Federal,2018,Mais de 2.862 a 5.724 Reais,"3.2 Café, leite, café/leite e chocolate",1.77,1.77
6972,1201,Despesa monetária e não monetária média mensal familiar,Reais,Brasil,1,Brasil,2018,Mais de 2.862 a 5.724 Reais,3.3 Sanduíches e salgados,17.90,17.9
6972,1201,Despesa monetária e não monetária média mensal familiar,Reais,Unidade da Federação,11,Rondônia,2018,Mais de 2.862 a 5.724 Reais,3.3 Sanduíches e salgados,13.71,13.71
6972,1201,Despesa monetária e não monetária média mensal familiar,Reais,Unidade da Federação,12,Acre,2018,Mais de 2.862 a 5.724 Reais,3.3 Sanduíches e salgados,18.73,18.73
6972,1201,Despesa monetária e não monetária média mensal familiar,Reais,Unidade da Federação,13,Amazonas,2018,Mais de 2.862 a 5.724 Reais,3.3 Sanduíches e salgados,12.63,12.63
6972,1201,Despesa monetária e não monetária média mensal familiar,Reais,Unidade da Federação,14,Roraima,2018,Mais de 2.862 a 5.724 Reais,3.3 Sanduíches e salgados,3.99,3.99
6972,1201,Despesa monetária e não monetária média mensal familiar,Reais,Unidade da Federação,15,Pará,2018,Mais de 2.862 a 5.724 Reais,3.3 Sanduíches e salgados,16.00,16.0
6972,1201,Despesa monetária e não monetária média mensal familiar,Reais,Unidade da Federação,16,Amapá,2018,Mais de 2.862 a 5.724 Reais,3.3 Sanduíches e salgados,21.44,21.44
6972,1201,Despesa monetária e não monetária média mensal familiar,Reais,Unidade da Federação,17,Tocantins,2018,Mais de 2.862 a 5.724 Reais,3.3 Sanduíches e salgados,11.08,11.08
6972,1201,Despesa monetária e não monetária média mensal familiar,Reais,Unidade da Federação,21,Maranhão,2018,Mais de 2.862 a 5.724 Reais,3.3 Sanduíches e salgados,13.72,13.72
6972,1201,Despesa monetária e não monetária média mensal familiar,Reais,Unidade da Federação,22,Piauí,2018,Mais de 2.862 a 5.724 Reais,3.3 Sanduíches e salgados,15.32,15.32
6972,1201,Despesa monetária e não monetária média mensal familiar,Reais,Unidade da Federação,23,Ceará,2018,Mais de 2.862 a 5.724 Reais,3.3 Sanduíches e salgados,16.22,16.22
6972,1201,Despesa monetária e não monetária média mensal familiar,Reais,Unidade da Federação,24,Rio Grande do Norte,2018,Mais de 2.862 a 5.724 Reais,3.3 Sanduíches e salgados,27.11,27.11
6972,1201,Despesa monetária e não monetária média mensal familiar,Reais,Unidade da Federação,25,Paraíba,2018,Mais de 2.862 a 5.724 Reais,3.3 Sanduíches e salgados,15.23,15.23
6972,1201,Despesa monetária e não monetária média mensal familiar,Reais,Unidade da Federação,26,Pernambuco,2018,Mais de 2.862 a 5.724 Reais,3.3 Sanduíches e salgados,23.44,23.44
6972,1201,Despesa monetária e não monetária média mensal familiar,Reais,Unidade da Federação,27,Alagoas,2018,Mais de 2.862 a 5.724 Reais,3.3 Sanduíches e salgados,10.51,10.51
6972,1201,Despesa monetária e não monetária média mensal familiar,Reais,Unidade da Federação,28,Sergipe,2018,Mais de 2.862 a 5.724 Reais,3.3 Sanduíches e salgados,18.23,18.23
6972,1201,Despesa monetária e não monetária média mensal familiar,Reais,Unidade da Federação,29,Bahia,2018,Mais de 2.862 a 5.724 Reais,3.3 Sanduíches e salgados,24.31,24.31
6972,1201,Despesa monetária e não monetária média mensal familiar,Reais,Unidade da Federação,31,Minas Gerais,2018,Mais de 2.862 a 5.724 Reais,3.3 Sanduíches e salgados,16.50,16.5
6972,1201,Despesa monetária e não monetária média mensal familiar,Reais,Unidade da Federação,32,Espírito Santo,2018,Mais de 2.862 a 5.724 Reais,3.3 Sanduíches e salgados,13.64,13.64
6972,1201,Despesa monetária e não monetária média mensal familiar,Reais,Unidade da Federação,33,Rio de Janeiro,2018,Mais de 2.862 a 5.724 Reais,3.3 Sanduíches e salgados,12.69,12.69
6972,1201,Despesa monetária e não monetária média mensal familiar,Reais,Unidade da Federação,35,São Paulo,2018,Mais de 2.862 a 5.724 Reais,3.3 Sanduíches e salgados,18.33,18.33
6972,1201,Despesa monetária e não monetária média mensal familiar,Reais,Unidade da Federação,41,Paraná,2018,Mais de 2.862 a 5.724 Reais,3.3 Sanduíches e salgados,20.48,20.48
6972,1201,Despesa monetária e não monetária média mensal familiar,Reais,Unidade da Federação,42,Santa Catarina,2018,Mais de 2.862 a 5.724 Reais,3.3 Sanduíches e salgados,14.68,14.68
6972,1201,Despesa monetária e não monetária média mensal familiar,Reais,Unidade da Federação,43,Rio Grande do Sul,2018,Mais de 2.862 a 5.724 Reais,3.3 Sanduíches e salgados,17.88,17.88
6972,1201,Despesa monetária e não monetária média mensal familiar,Reais,Unidade da Federação,50,Mato Grosso do Sul,2018,Mais de 2.862 a 5.724 Reais,3.3 Sanduíches e salgados,26.44,26.44
6972,1201,Despesa monetária e não monetária média mensal familiar,Reais,Unidade da Federação,51,Mato Grosso,2018,Mais de 2.862 a 5.724 Reais,3.3 Sanduíches e salgados,20.29,20.29
6972,1201,Despesa monetária e não monetária média mensal familiar,Reais,Unidade da Federação,52,Goiás,2018,Mais de 2.862 a 5.724 Reais,3.3 Sanduíches e salgados,20.53,20.53
6972,1201,Despesa monetária e não monetária média mensal familiar,Reais,Unidade da Federação,53,Distrito Federal,2018,Mais de 2.862 a 5.724 Reais,3.3 Sanduíches e salgados,23.00,23.0
6972,1201,Despesa monetária e não monetária média mensal familiar,Reais,Brasil,1,Brasil,2018,Mais de 2.862 a 5.724 Reais,3.4 Refrigerantes e outras bebidas não alcoólicas,7.45,7.45
6972,1201,Despesa monetária e não monetária média mensal familiar,Reais,Unidade da Federação,11,Rondônia,2018,Mais de 2.862 a 5.724 Reais,3.4 Refrigerantes e outras bebidas não alcoólicas,5.69,5.69
6972,1201,Despesa monetária e não monetária média mensal familiar,Reais,Unidade da Federação,12,Acre,2018,Mais de 2.862 a 5.724 Reais,3.4 Refrigerantes e outras bebidas não alcoólicas,19.62,19.62
6972,1201,Despesa monetária e não monetária média mensal familiar,Reais,Unidade da Federação,13,Amazonas,2018,Mais de 2.862 a 5.724 Reais,3.4 Refrigerantes e outras bebidas não alcoólicas,4.86,4.86
6972,1201,Despesa monetária e não monetária média mensal familiar,Reais,Unidade da Federação,14,Roraima,2018,Mais de 2.862 a 5.724 Reais,3.4 Refrigerantes e outras bebidas não alcoólicas,1.03,1.03
6972,1201,Despesa monetária e não monetária média mensal familiar,Reais,Unidade da Federação,15,Pará,2018,Mais de 2.862 a 5.724 Reais,3.4 Refrigerantes e outras bebidas não alcoólicas,9.68,9.68
6972,1201,Despesa monetária e não monetária média mensal familiar,Reais,Unidade da Federação,16,Amapá,2018,Mais de 2.862 a 5.724 Reais,3.4 Refrigerantes e outras bebidas não alcoólicas,14.03,14.03
6972,1201,Despesa monetária e não monetária média mensal familiar,Reais,Unidade da Federação,17,Tocantins,2018,Mais de 2.862 a 5.724 Reais,3.4 Refrigerantes e outras bebidas não alcoólicas,5.48,5.48
6972,1201,Despesa monetária e não monetária média mensal familiar,Reais,Unidade da Federação,21,Maranhão,2018,Mais de 2.862 a 5.724 Reais,3.4 Refrigerantes e outras bebidas não alcoólicas,7.81,7.81
6972,1201,Despesa monetária e não monetária média mensal familiar,Reais,Unidade da Federação,22,Piauí,2018,Mais de 2.862 a 5.724 Reais,3.4 Refrigerantes e outras bebidas não alcoólicas,12.81,12.81
6972,1201,Despesa monetária e não monetária média mensal familiar,Reais,Unidade da Federação,23,Ceará,2018,Mais de 2.862 a 5.724 Reais,3.4 Refrigerantes e outras bebidas não alcoólicas,10.26,10.26
6972,1201,Despesa monetária e não monetária média mensal familiar,Reais,Unidade da Federação,24,Rio Grande do Norte,2018,Mais de 2.862 a 5.724 Reais,3.4 Refrigerantes e outras bebidas não alcoólicas,10.36,10.36
6972,1201,Despesa monetária e não monetária média mensal familiar,Reais,Unidade da Federação,25,Paraíba,2018,Mais de 2.862 a 5.724 Reais,3.4 Refrigerantes e outras bebidas não alcoólicas,7.60,7.6
6972,1201,Despesa monetária e não monetária média mensal familiar,Reais,Unidade da Federação,26,Pernambuco,2018,Mais de 2.862 a 5.724 Reais,3.4 Refrigerantes e outras bebidas não alcoólicas,7.40,7.4
6972,1201,Despesa monetária e não monetária média mensal familiar,Reais,Unidade da Federação,27,Alagoas,2018,Mais de 2.862 a 5.724 Reais,3.4 Refrigerantes e outras bebidas não alcoólicas,7.68,7.68
6972,1201,Despesa monetária e não monetária média mensal familiar,Reais,Unidade da Federação,28,Sergipe,2018,Mais de 2.862 a 5.724 Reais,3.4 Refrigerantes e outras bebidas não alcoólicas,54.91,54.91
6972,1201,Despesa monetária e não monetária média mensal familiar,Reais,Unidade da Federação,29,Bahia,2018,Mais de 2.862 a 5.724 Reais,3.4 Refrigerantes e outras bebidas não alcoólicas,13.23,13.23
6972,1201,Despesa monetária e não monetária média mensal familiar,Reais,Unidade da Federação,31,Minas Gerais,2018,Mais de 2.862 a 5.724 Reais,3.4 Refrigerantes e outras bebidas não alcoólicas,6.90,6.9
6972,1201,Despesa monetária e não monetária média mensal familiar,Reais,Unidade da Federação,32,Espírito Santo,2018,Mais de 2.862 a 5.724 Reais,3.4 Refrigerantes e outras bebidas não alcoólicas,4.62,4.62
6972,1201,Despesa monetária e não monetária média mensal familiar,Reais,Unidade da Federação,33,Rio de Janeiro,2018,Mais de 2.862 a 5.724 Reais,3.4 Refrigerantes e outras bebidas não alcoólicas,3.76,3.76
6972,1201,Despesa monetária e não monetária média mensal familiar,Reais,Unidade da Federação,35,São Paulo,2018,Mais de 2.862 a 5.724 Reais,3.4 Refrigerantes e outras bebidas não alcoólicas,6.12,6.12
6972,1201,Despesa monetária e não monetária média mensal familiar,Reais,Unidade da Federação,41,Paraná,2018,Mais de 2.862 a 5.724 Reais,3.4 Refrigerantes e outras bebidas não alcoólicas,4.61,4.61
6972,1201,Despesa monetária e não monetária média mensal familiar,Reais,Unidade da Federação,42,Santa Catarina,2018,Mais de 2.862 a 5.724 Reais,3.4 Refrigerantes e outras bebidas não alcoólicas,4.72,4.72
6972,1201,Despesa monetária e não monetária média mensal familiar,Reais,Unidade da Federação,43,Rio Grande do Sul,2018,Mais de 2.862 a 5.724 Reais,3.4 Refrigerantes e outras bebidas não alcoólicas,6.79,6.79
6972,1201,Despesa monetária e não monetária média mensal familiar,Reais,Unidade da Federação,50,Mato Grosso do Sul,2018,Mais de 2.862 a 5.724 Reais,3.4 Refrigerantes e outras bebidas não alcoólicas,9.19,9.19
6972,1201,Despesa monetária e não monetária média mensal familiar,Reais,Unidade da Federação,51,Mato Grosso,2018,Mais de 2.862 a 5.724 Reais,3.4 Refrigerantes e outras bebidas não alcoólicas,13.05,13.05
6972,1201,Despesa monetária e não monetária média mensal familiar,Reais,Unidade da Federação,52,Goiás,2018,Mais de 2.862 a 5.724 Reais,3.4 Refrigerantes e outras bebidas não alcoólicas,6.51,6.51
6972,1201,Despesa monetária e não monetária média mensal familiar,Reais,Unidade da Federação,53,Distrito Federal,2018,Mais de 2.862 a 5.724 Reais,3.4 Refrigerantes e outras bebidas não alcoólicas,5.09,5.09
6972,1201,Despesa monetária e não monetária média mensal familiar,Reais,Brasil,1,Brasil,2018,Mais de 2.862 a 5.724 Reais,3.5 Lanches,15.74,15.74
6972,1201,Despesa monetária e não monetária média mensal familiar,Reais,Unidade da Federação,11,Rondônia,2018,Mais de 2.862 a 5.724 Reais,3.5 Lanches,7.62,7.62
6972,1201,Despesa monetária e não monetária média mensal familiar,Reais,Unidade da Federação,12,Acre,2018,Mais de 2.862 a 5.724 Reais,3.5 Lanches,21.96,21.96
6972,1201,Despesa monetária e não monetária média mensal familiar,Reais,Unidade da Federação,13,Amazonas,2018,Mais de 2.862 a 5.724 Reais,3.5 Lanches,14.94,14.94
6972,1201,Despesa monetária e não monetária média mensal familiar,Reais,Unidade da Federação,14,Roraima,2018,Mais de 2.862 a 5.724 Reais,3.5 Lanches,3.61,3.61
6972,1201,Despesa monetária e não monetária média mensal familiar,Reais,Unidade da Federação,15,Pará,2018,Mais de 2.862 a 5.724 Reais,3.5 Lanches,10.02,10.02
6972,1201,Despesa monetária e não monetária média mensal familiar,Reais,Unidade da Federação,16,Amapá,2018,Mais de 2.862 a 5.724 Reais,3.5 Lanches,15.89,15.89
6972,1201,Despesa monetária e não monetária média mensal familiar,Reais,Unidade da Federação,17,Tocantins,2018,Mais de 2.862 a 5.724 Reais,3.5 Lanches,-,0.0
6972,1201,Despesa monetária e não monetária média mensal familiar,Reais,Unidade da Federação,21,Maranhão,2018,Mais de 2.862 a 5.724 Reais,3.5 Lanches,8.45,8.45
6972,1201,Despesa monetária e não monetária média mensal familiar,Reais,Unidade da Federação,22,Piauí,2018,Mais de 2.862 a 5.724 Reais,3.5 Lanches,37.97,37.97
6972,1201,Despesa monetária e não monetária média mensal familiar,Reais,Unidade da Federação,23,Ceará,2018,Mais de 2.862 a 5.724 Reais,3.5 Lanches,15.34,15.34
6972,1201,Despesa monetária e não monetária média mensal familiar,Reais,Unidade da Federação,24,Rio Grande do Norte,2018,Mais de 2.862 a 5.724 Reais,3.5 Lanches,50.82,50.82
6972,1201,Despesa monetária e não monetária média mensal familiar,Reais,Unidade da Federação,25,Paraíba,2018,Mais de 2.862 a 5.724 Reais,3.5 Lanches,17.27,17.27
6972,1201,Despesa monetária e não monetária média mensal familiar,Reais,Unidade da Federação,26,Pernambuco,2018,Mais de 2.862 a 5.724 Reais,3.5 Lanches,18.89,18.89
6972,1201,Despesa monetária e não monetária média mensal familiar,Reais,Unidade da Federação,27,Alagoas,2018,Mais de 2.862 a 5.724 Reais,3.5 Lanches,21.30,21.3
6972,1201,Despesa monetária e não monetária média mensal familiar,Reais,Unidade da Federação,28,Sergipe,2018,Mais de 2.862 a 5.724 Reais,3.5 Lanches,75.23,75.23
6972,1201,Despesa monetária e não monetária média mensal familiar,Reais,Unidade da Federação,29,Bahia,2018,Mais de 2.862 a 5.724 Reais,3.5 Lanches,32.74,32.74
6972,1201,Despesa monetária e não monetária média mensal familiar,Reais,Unidade da Federação,31,Minas Gerais,2018,Mais de 2.862 a 5.724 Reais,3.5 Lanches,27.81,27.81
6972,1201,Despesa monetária e não monetária média mensal familiar,Reais,Unidade da Federação,32,Espírito Santo,2018,Mais de 2.862 a 5.724 Reais,3.5 Lanches,19.65,19.65
6972,1201,Despesa monetária e não monetária média mensal familiar,Reais,Unidade da Federação,33,Rio de Janeiro,2018,Mais de 2.862 a 5.724 Reais,3.5 Lanches,5.50,5.5
6972,1201,Despesa monetária e não monetária média mensal familiar,Reais,Unidade da Federação,35,São Paulo,2018,Mais de 2.862 a 5.724 Reais,3.5 Lanches,8.01,8.01
6972,1201,Despesa monetária e não monetária média mensal familiar,Reais,Unidade da Federação,41,Paraná,2018,Mais de 2.862 a 5.724 Reais,3.5 Lanches,11.47,11.47
6972,1201,Despesa monetária e não monetária média mensal familiar,Reais,Unidade da Federação,42,Santa Catarina,2018,Mais de 2.862 a 5.724 Reais,3.5 Lanches,3.56,3.56
6972,1201,Despesa monetária e não monetária média mensal familiar,Reais,Unidade da Federação,43,Rio Grande do Sul,2018,Mais de 2.862 a 5.724 Reais,3.5 Lanches,11.83,11.83
6972,1201,Despesa monetária e não monetária média mensal familiar,Reais,Unidade da Federação,50,Mato Grosso do Sul,2018,Mais de 2.862 a 5.724 Reais,3.5 Lanches,30.70,30.7
6972,1201,Despesa monetária e não monetária média mensal familiar,Reais,Unidade da Federação,51,Mato Grosso,2018,Mais de 2.862 a 5.724 Reais,3.5 Lanches,16.26,16.26
6972,1201,Despesa monetária e não monetária média mensal familiar,Reais,Unidade da Federação,52,Goiás,2018,Mais de 2.862 a 5.724 Reais,3.5 Lanches,19.91,19.91
6972,1201,Despesa monetária e não monetária média mensal familiar,Reais,Unidade da Federação,53,Distrito Federal,2018,Mais de 2.862 a 5.724 Reais,3.5 Lanches,13.75,13.75
6972,1201,Despesa monetária e não monetária média mensal familiar,Reais,Brasil,1,Brasil,2018,Mais de 2.862 a 5.724 Reais,"3.6 Cervejas, chopes e outras bebidas alcoólicas",10.26,10.26
6972,1201,Despesa monetária e não monetária média mensal familiar,Reais,Unidade da Federação,11,Rondônia,2018,Mais de 2.862 a 5.724 Reais,"3.6 Cervejas, chopes e outras bebidas alcoólicas",8.89,8.89
6972,1201,Despesa monetária e não monetária média mensal familiar,Reais,Unidade da Federação,12,Acre,2018,Mais de 2.862 a 5.724 Reais,"3.6 Cervejas, chopes e outras bebidas alcoólicas",8.08,8.08
6972,1201,Despesa monetária e não monetária média mensal familiar,Reais,Unidade da Federação,13,Amazonas,2018,Mais de 2.862 a 5.724 Reais,"3.6 Cervejas, chopes e outras bebidas alcoólicas",14.52,14.52
6972,1201,Despesa monetária e não monetária média mensal familiar,Reais,Unidade da Federação,14,Roraima,2018,Mais de 2.862 a 5.724 Reais,"3.6 Cervejas, chopes e outras bebidas alcoólicas",3.19,3.19
6972,1201,Despesa monetária e não monetária média mensal familiar,Reais,Unidade da Federação,15,Pará,2018,Mais de 2.862 a 5.724 Reais,"3.6 Cervejas, chopes e outras bebidas alcoólicas",9.97,9.97
6972,1201,Despesa monetária e não monetária média mensal familiar,Reais,Unidade da Federação,16,Amapá,2018,Mais de 2.862 a 5.724 Reais,"3.6 Cervejas, chopes e outras bebidas alcoólicas",10.56,10.56
6972,1201,Despesa monetária e não monetária média mensal familiar,Reais,Unidade da Federação,17,Tocantins,2018,Mais de 2.862 a 5.724 Reais,"3.6 Cervejas, chopes e outras bebidas alcoólicas",21.22,21.22
6972,1201,Despesa monetária e não monetária média mensal familiar,Reais,Unidade da Federação,21,Maranhão,2018,Mais de 2.862 a 5.724 Reais,"3.6 Cervejas, chopes e outras bebidas alcoólicas",17.95,17.95
6972,1201,Despesa monetária e não monetária média mensal familiar,Reais,Unidade da Federação,22,Piauí,2018,Mais de 2.862 a 5.724 Reais,"3.6 Cervejas, chopes e outras bebidas alcoólicas",20.35,20.35
6972,1201,Despesa monetária e não monetária média mensal familiar,Reais,Unidade da Federação,23,Ceará,2018,Mais de 2.862 a 5.724 Reais,"3.6 Cervejas, chopes e outras bebidas alcoólicas",7.49,7.49
6972,1201,Despesa monetária e não monetária média mensal familiar,Reais,Unidade da Federação,24,Rio Grande do Norte,2018,Mais de 2.862 a 5.724 Reais,"3.6 Cervejas, chopes e outras bebidas alcoólicas",20.11,20.11
6972,1201,Despesa monetária e não monetária média mensal familiar,Reais,Unidade da Federação,25,Paraíba,2018,Mais de 2.862 a 5.724 Reais,"3.6 Cervejas, chopes e outras bebidas alcoólicas",7.27,7.27
6972,1201,Despesa monetária e não monetária média mensal familiar,Reais,Unidade da Federação,26,Pernambuco,2018,Mais de 2.862 a 5.724 Reais,"3.6 Cervejas, chopes e outras bebidas alcoólicas",13.11,13.11
6972,1201,Despesa monetária e não monetária média mensal familiar,Reais,Unidade da Federação,27,Alagoas,2018,Mais de 2.862 a 5.724 Reais,"3.6 Cervejas, chopes e outras bebidas alcoólicas",12.62,12.62
6972,1201,Despesa monetária e não monetária média mensal familiar,Reais,Unidade da Federação,28,Sergipe,2018,Mais de 2.862 a 5.724 Reais,"3.6 Cervejas, chopes e outras bebidas alcoólicas",11.36,11.36
6972,1201,Despesa monetária e não monetária média mensal familiar,Reais,Unidade da Federação,29,Bahia,2018,Mais de 2.862 a 5.724 Reais,"3.6 Cervejas, chopes e outras bebidas alcoólicas",23.84,23.84
6972,1201,Despesa monetária e não monetária média mensal familiar,Reais,Unidade da Federação,31,Minas Gerais,2018,Mais de 2.862 a 5.724 Reais,"3.6 Cervejas, chopes e outras bebidas alcoólicas",9.63,9.63
6972,1201,Despesa monetária e não monetária média mensal familiar,Reais,Unidade da Federação,32,Espírito Santo,2018,Mais de 2.862 a 5.724 Reais,"3.6 Cervejas, chopes e outras bebidas alcoólicas",7.93,7.93
6972,1201,Despesa monetária e não monetária média mensal familiar,Reais,Unidade da Federação,33,Rio de Janeiro,2018,Mais de 2.862 a 5.724 Reais,"3.6 Cervejas, chopes e outras bebidas alcoólicas",10.82,10.82
6972,1201,Despesa monetária e não monetária média mensal familiar,Reais,Unidade da Federação,35,São Paulo,2018,Mais de 2.862 a 5.724 Reais,"3.6 Cervejas, chopes e outras bebidas alcoólicas",7.21,7.21
6972,1201,Despesa monetária e não monetária média mensal familiar,Reais,Unidade da Federação,41,Paraná,2018,Mais de 2.862 a 5.724 Reais,"3.6 Cervejas, chopes e outras bebidas alcoólicas",7.13,7.13
6972,1201,Despesa monetária e não monetária média mensal familiar,Reais,Unidade da Federação,42,Santa Catarina,2018,Mais de 2.862 a 5.724 Reais,"3.6 Cervejas, chopes e outras bebidas alcoólicas",11.25,11.25
6972,1201,Despesa monetária e não monetária média mensal familiar,Reais,Unidade da Federação,43,Rio Grande do Sul,2018,Mais de 2.862 a 5.724 Reais,"3.6 Cervejas, chopes e outras bebidas alcoólicas",5.45,5.45
6972,1201,Despesa monetária e não monetária média mensal familiar,Reais,Unidade da Federação,50,Mato Grosso do Sul,2018,Mais de 2.862 a 5.724 Reais,"3.6 Cervejas, chopes e outras bebidas alcoólicas",12.13,12.13
6972,1201,Despesa monetária e não monetária média mensal familiar,Reais,Unidade da Federação,51,Mato Grosso,2018,Mais de 2.862 a 5.724 Reais,"3.6 Cervejas, chopes e outras bebidas alcoólicas",10.10,10.1
6972,1201,Despesa monetária e não monetária média mensal familiar,Reais,Unidade da Federação,52,Goiás,2018,Mais de 2.862 a 5.724 Reais,"3.6 Cervejas, chopes e outras bebidas alcoólicas",11.62,11.62
6972,1201,Despesa monetária e não monetária média mensal familiar,Reais,Unidade da Federação,53,Distrito Federal,2018,Mais de 2.862 a 5.724 Reais,"3.6 Cervejas, chopes e outras bebidas alcoólicas",7.13,7.13
6972,1201,Despesa monetária e não monetária média mensal familiar,Reais,Brasil,1,Brasil,2018,Mais de 2.862 a 5.724 Reais,3.8 Alimentação fora do domicílio - light e diet,0.09,0.09
6972,1201,Despesa monetária e não monetária média mensal familiar,Reais,Unidade da Federação,11,Rondônia,2018,Mais de 2.862 a 5.724 Reais,3.8 Alimentação fora do domicílio - light e diet,0.04,0.04
6972,1201,Despesa monetária e não monetária média mensal familiar,Reais,Unidade da Federação,12,Acre,2018,Mais de 2.862 a 5.724 Reais,3.8 Alimentação fora do domicílio - light e diet,-,0.0
6972,1201,Despesa monetária e não monetária média mensal familiar,Reais,Unidade da Federação,13,Amazonas,2018,Mais de 2.862 a 5.724 Reais,3.8 Alimentação fora do domicílio - light e diet,-,0.0
6972,1201,Despesa monetária e não monetária média mensal familiar,Reais,Unidade da Federação,14,Roraima,2018,Mais de 2.862 a 5.724 Reais,3.8 Alimentação fora do domicílio - light e diet,0.06,0.06
6972,1201,Despesa monetária e não monetária média mensal familiar,Reais,Unidade da Federação,15,Pará,2018,Mais de 2.862 a 5.724 Reais,3.8 Alimentação fora do domicílio - light e diet,0.04,0.04
6972,1201,Despesa monetária e não monetária média mensal familiar,Reais,Unidade da Federação,16,Amapá,2018,Mais de 2.862 a 5.724 Reais,3.8 Alimentação fora do domicílio - light e diet,0.06,0.06
6972,1201,Despesa monetária e não monetária média mensal familiar,Reais,Unidade da Federação,17,Tocantins,2018,Mais de 2.862 a 5.724 Reais,3.8 Alimentação fora do domicílio - light e diet,-,0.0
6972,1201,Despesa monetária e não monetária média mensal familiar,Reais,Unidade da Federação,21,Maranhão,2018,Mais de 2.862 a 5.724 Reais,3.8 Alimentação fora do domicílio - light e diet,0.11,0.11
6972,1201,Despesa monetária e não monetária média mensal familiar,Reais,Unidade da Federação,22,Piauí,2018,Mais de 2.862 a 5.724 Reais,3.8 Alimentação fora do domicílio - light e diet,-,0.0
6972,1201,Despesa monetária e não monetária média mensal familiar,Reais,Unidade da Federação,23,Ceará,2018,Mais de 2.862 a 5.724 Reais,3.8 Alimentação fora do domicílio - light e diet,0.01,0.01
6972,1201,Despesa monetária e não monetária média mensal familiar,Reais,Unidade da Federação,24,Rio Grande do Norte,2018,Mais de 2.862 a 5.724 Reais,3.8 Alimentação fora do domicílio - light e diet,0.13,0.13
6972,1201,Despesa monetária e não monetária média mensal familiar,Reais,Unidade da Federação,25,Paraíba,2018,Mais de 2.862 a 5.724 Reais,3.8 Alimentação fora do domicílio - light e diet,-,0.0
6972,1201,Despesa monetária e não monetária média mensal familiar,Reais,Unidade da Federação,26,Pernambuco,2018,Mais de 2.862 a 5.724 Reais,3.8 Alimentação fora do domicílio - light e diet,0.05,0.05
6972,1201,Despesa monetária e não monetária média mensal familiar,Reais,Unidade da Federação,27,Alagoas,2018,Mais de 2.862 a 5.724 Reais,3.8 Alimentação fora do domicílio - light e diet,0.03,0.03
6972,1201,Despesa monetária e não monetária média mensal familiar,Reais,Unidade da Federação,28,Sergipe,2018,Mais de 2.862 a 5.724 Reais,3.8 Alimentação fora do domicílio - light e diet,-,0.0
6972,1201,Despesa monetária e não monetária média mensal familiar,Reais,Unidade da Federação,29,Bahia,2018,Mais de 2.862 a 5.724 Reais,3.8 Alimentação fora do domicílio - light e diet,0.04,0.04
6972,1201,Despesa monetária e não monetária média mensal familiar,Reais,Unidade da Federação,31,Minas Gerais,2018,Mais de 2.862 a 5.724 Reais,3.8 Alimentação fora do domicílio - light e diet,0.09,0.09
6972,1201,Despesa monetária e não monetária média mensal familiar,Reais,Unidade da Federação,32,Espírito Santo,2018,Mais de 2.862 a 5.724 Reais,3.8 Alimentação fora do domicílio - light e diet,-,0.0
6972,1201,Despesa monetária e não monetária média mensal familiar,Reais,Unidade da Federação,33,Rio de Janeiro,2018,Mais de 2.862 a 5.724 Reais,3.8 Alimentação fora do domicílio - light e diet,0.25,0.25
6972,1201,Despesa monetária e não monetária média mensal familiar,Reais,Unidade da Federação,35,São Paulo,2018,Mais de 2.862 a 5.724 Reais,3.8 Alimentação fora do domicílio - light e diet,0.08,0.08
6972,1201,Despesa monetária e não monetária média mensal familiar,Reais,Unidade da Federação,41,Paraná,2018,Mais de 2.862 a 5.724 Reais,3.8 Alimentação fora do domicílio - light e diet,0.09,0.09
6972,1201,Despesa monetária e não monetária média mensal familiar,Reais,Unidade da Federação,42,Santa Catarina,2018,Mais de 2.862 a 5.724 Reais,3.8 Alimentação fora do domicílio - light e diet,0.17,0.17
6972,1201,Despesa monetária e não monetária média mensal familiar,Reais,Unidade da Federação,43,Rio Grande do Sul,2018,Mais de 2.862 a 5.724 Reais,3.8 Alimentação fora do domicílio - light e diet,0.06,0.06
6972,1201,Despesa monetária e não monetária média mensal familiar,Reais,Unidade da Federação,50,Mato Grosso do Sul,2018,Mais de 2.862 a 5.724 Reais,3.8 Alimentação fora do domicílio - light e diet,0.29,0.29
6972,1201,Despesa monetária e não monetária média mensal familiar,Reais,Unidade da Federação,51,Mato Grosso,2018,Mais de 2.862 a 5.724 Reais,3.8 Alimentação fora do domicílio - light e diet,0.06,0.06
6972,1201,Despesa monetária e não monetária média mensal familiar,Reais,Unidade da Federação,52,Goiás,2018,Mais de 2.862 a 5.724 Reais,3.8 Alimentação fora do domicílio - light e diet,0.06,0.06
6972,1201,Despesa monetária e não monetária média mensal familiar,Reais,Unidade da Federação,53,Distrito Federal,2018,Mais de 2.862 a 5.724 Reais,3.8 Alimentação fora do domicílio - light e diet,0.08,0.08
6972,1201,Despesa monetária e não monetária média mensal familiar,Reais,Brasil,1,Brasil,2018,Mais de 2.862 a 5.724 Reais,3.9 Outras,17.69,17.69
6972,1201,Despesa monetária e não monetária média mensal familiar,Reais,Unidade da Federação,11,Rondônia,2018,Mais de 2.862 a 5.724 Reais,3.9 Outras,4.43,4.43
6972,1201,Despesa monetária e não monetária média mensal familiar,Reais,Unidade da Federação,12,Acre,2018,Mais de 2.862 a 5.724 Reais,3.9 Outras,11.82,11.82
6972,1201,Despesa monetária e não monetária média mensal familiar,Reais,Unidade da Federação,13,Amazonas,2018,Mais de 2.862 a 5.724 Reais,3.9 Outras,3.60,3.6
6972,1201,Despesa monetária e não monetária média mensal familiar,Reais,Unidade da Federação,14,Roraima,2018,Mais de 2.862 a 5.724 Reais,3.9 Outras,7.68,7.68
6972,1201,Despesa monetária e não monetária média mensal familiar,Reais,Unidade da Federação,15,Pará,2018,Mais de 2.862 a 5.724 Reais,3.9 Outras,5.69,5.69
6972,1201,Despesa monetária e não monetária média mensal familiar,Reais,Unidade da Federação,16,Amapá,2018,Mais de 2.862 a 5.724 Reais,3.9 Outras,15.91,15.91
6972,1201,Despesa monetária e não monetária média mensal familiar,Reais,Unidade da Federação,17,Tocantins,2018,Mais de 2.862 a 5.724 Reais,3.9 Outras,5.76,5.76
6972,1201,Despesa monetária e não monetária média mensal familiar,Reais,Unidade da Federação,21,Maranhão,2018,Mais de 2.862 a 5.724 Reais,3.9 Outras,5.23,5.23
6972,1201,Despesa monetária e não monetária média mensal familiar,Reais,Unidade da Federação,22,Piauí,2018,Mais de 2.862 a 5.724 Reais,3.9 Outras,14.02,14.02
6972,1201,Despesa monetária e não monetária média mensal familiar,Reais,Unidade da Federação,23,Ceará,2018,Mais de 2.862 a 5.724 Reais,3.9 Outras,6.10,6.1
6972,1201,Despesa monetária e não monetária média mensal familiar,Reais,Unidade da Federação,24,Rio Grande do Norte,2018,Mais de 2.862 a 5.724 Reais,3.9 Outras,25.00,25.0
6972,1201,Despesa monetária e não monetária média mensal familiar,Reais,Unidade da Federação,25,Paraíba,2018,Mais de 2.862 a 5.724 Reais,3.9 Outras,3.49,3.49
6972,1201,Despesa monetária e não monetária média mensal familiar,Reais,Unidade da Federação,26,Pernambuco,2018,Mais de 2.862 a 5.724 Reais,3.9 Outras,12.38,12.38
6972,1201,Despesa monetária e não monetária média mensal familiar,Reais,Unidade da Federação,27,Alagoas,2018,Mais de 2.862 a 5.724 Reais,3.9 Outras,4.61,4.61
6972,1201,Despesa monetária e não monetária média mensal familiar,Reais,Unidade da Federação,28,Sergipe,2018,Mais de 2.862 a 5.724 Reais,3.9 Outras,20.02,20.02
6972,1201,Despesa monetária e não monetária média mensal familiar,Reais,Unidade da Federação,29,Bahia,2018,Mais de 2.862 a 5.724 Reais,3.9 Outras,14.93,14.93
6972,1201,Despesa monetária e não monetária média mensal familiar,Reais,Unidade da Federação,31,Minas Gerais,2018,Mais de 2.862 a 5.724 Reais,3.9 Outras,51.90,51.9
6972,1201,Despesa monetária e não monetária média mensal familiar,Reais,Unidade da Federação,32,Espírito Santo,2018,Mais de 2.862 a 5.724 Reais,3.9 Outras,22.85,22.85
6972,1201,Despesa monetária e não monetária média mensal familiar,Reais,Unidade da Federação,33,Rio de Janeiro,2018,Mais de 2.862 a 5.724 Reais,3.9 Outras,4.81,4.81
6972,1201,Despesa monetária e não monetária média mensal familiar,Reais,Unidade da Federação,35,São Paulo,2018,Mais de 2.862 a 5.724 Reais,3.9 Outras,10.96,10.96
6972,1201,Despesa monetária e não monetária média mensal familiar,Reais,Unidade da Federação,41,Paraná,2018,Mais de 2.862 a 5.724 Reais,3.9 Outras,13.13,13.13
6972,1201,Despesa monetária e não monetária média mensal familiar,Reais,Unidade da Federação,42,Santa Catarina,2018,Mais de 2.862 a 5.724 Reais,3.9 Outras,19.05,19.05
6972,1201,Despesa monetária e não monetária média mensal familiar,Reais,Unidade da Federação,43,Rio Grande do Sul,2018,Mais de 2.862 a 5.724 Reais,3.9 Outras,12.34,12.34
6972,1201,Despesa monetária e não monetária média mensal familiar,Reais,Unidade da Federação,50,Mato Grosso do Sul,2018,Mais de 2.862 a 5.724 Reais,3.9 Outras,31.80,31.8
6972,1201,Despesa monetária e não monetária média mensal familiar,Reais,Unidade da Federação,51,Mato Grosso,2018,Mais de 2.862 a 5.724 Reais,3.9 Outras,75.75,75.75
6972,1201,Despesa monetária e não monetária média mensal familiar,Reais,Unidade da Federação,52,Goiás,2018,Mais de 2.862 a 5.724 Reais,3.9 Outras,17.78,17.78
6972,1201,Despesa monetária e não monetária média mensal familiar,Reais,Unidade da Federação,53,Distrito Federal,2018,Mais de 2.862 a 5.724 Reais,3.9 Outras,6.37,6.37
6972,1201,Despesa monetária e não monetária média mensal familiar,Reais,Brasil,1,Brasil,2018,Mais de 5.724 a 9.540 Reais,1 Despesas com alimentação,872.68,872.68
6972,1201,Despesa monetária e não monetária média mensal familiar,Reais,Unidade da Federação,11,Rondônia,2018,Mais de 5.724 a 9.540 Reais,1 Despesas com alimentação,624.25,624.25
6972,1201,Despesa monetária e não monetária média mensal familiar,Reais,Unidade da Federação,12,Acre,2018,Mais de 5.724 a 9.540 Reais,1 Despesas com alimentação,822.06,822.06
6972,1201,Despesa monetária e não monetária média mensal familiar,Reais,Unidade da Federação,13,Amazonas,2018,Mais de 5.724 a 9.540 Reais,1 Despesas com alimentação,777.59,777.59
6972,1201,Despesa monetária e não monetária média mensal familiar,Reais,Unidade da Federação,14,Roraima,2018,Mais de 5.724 a 9.540 Reais,1 Despesas com alimentação,729.75,729.75
6972,1201,Despesa monetária e não monetária média mensal familiar,Reais,Unidade da Federação,15,Pará,2018,Mais de 5.724 a 9.540 Reais,1 Despesas com alimentação,1027.35,1027.35
6972,1201,Despesa monetária e não monetária média mensal familiar,Reais,Unidade da Federação,16,Amapá,2018,Mais de 5.724 a 9.540 Reais,1 Despesas com alimentação,1207.28,1207.28
6972,1201,Despesa monetária e não monetária média mensal familiar,Reais,Unidade da Federação,17,Tocantins,2018,Mais de 5.724 a 9.540 Reais,1 Despesas com alimentação,514.12,514.12
6972,1201,Despesa monetária e não monetária média mensal familiar,Reais,Unidade da Federação,21,Maranhão,2018,Mais de 5.724 a 9.540 Reais,1 Despesas com alimentação,806.06,806.06
6972,1201,Despesa monetária e não monetária média mensal familiar,Reais,Unidade da Federação,22,Piauí,2018,Mais de 5.724 a 9.540 Reais,1 Despesas com alimentação,1165.61,1165.61
6972,1201,Despesa monetária e não monetária média mensal familiar,Reais,Unidade da Federação,23,Ceará,2018,Mais de 5.724 a 9.540 Reais,1 Despesas com alimentação,936.21,936.21
6972,1201,Despesa monetária e não monetária média mensal familiar,Reais,Unidade da Federação,24,Rio Grande do Norte,2018,Mais de 5.724 a 9.540 Reais,1 Despesas com alimentação,1309.22,1309.22
6972,1201,Despesa monetária e não monetária média mensal familiar,Reais,Unidade da Federação,25,Paraíba,2018,Mais de 5.724 a 9.540 Reais,1 Despesas com alimentação,757.75,757.75
6972,1201,Despesa monetária e não monetária média mensal familiar,Reais,Unidade da Federação,26,Pernambuco,2018,Mais de 5.724 a 9.540 Reais,1 Despesas com alimentação,944.58,944.58
6972,1201,Despesa monetária e não monetária média mensal familiar,Reais,Unidade da Federação,27,Alagoas,2018,Mais de 5.724 a 9.540 Reais,1 Despesas com alimentação,639.89,639.89
6972,1201,Despesa monetária e não monetária média mensal familiar,Reais,Unidade da Federação,28,Sergipe,2018,Mais de 5.724 a 9.540 Reais,1 Despesas com alimentação,1333.91,1333.91
6972,1201,Despesa monetária e não monetária média mensal familiar,Reais,Unidade da Federação,29,Bahia,2018,Mais de 5.724 a 9.540 Reais,1 Despesas com alimentação,1000.31,1000.31
6972,1201,Despesa monetária e não monetária média mensal familiar,Reais,Unidade da Federação,31,Minas Gerais,2018,Mais de 5.724 a 9.540 Reais,1 Despesas com alimentação,965.76,965.76
6972,1201,Despesa monetária e não monetária média mensal familiar,Reais,Unidade da Federação,32,Espírito Santo,2018,Mais de 5.724 a 9.540 Reais,1 Despesas com alimentação,634.68,634.68
6972,1201,Despesa monetária e não monetária média mensal familiar,Reais,Unidade da Federação,33,Rio de Janeiro,2018,Mais de 5.724 a 9.540 Reais,1 Despesas com alimentação,720.58,720.58
6972,1201,Despesa monetária e não monetária média mensal familiar,Reais,Unidade da Federação,35,São Paulo,2018,Mais de 5.724 a 9.540 Reais,1 Despesas com alimentação,847.41,847.41
6972,1201,Despesa monetária e não monetária média mensal familiar,Reais,Unidade da Federação,41,Paraná,2018,Mais de 5.724 a 9.540 Reais,1 Despesas com alimentação,829.12,829.12
6972,1201,Despesa monetária e não monetária média mensal familiar,Reais,Unidade da Federação,42,Santa Catarina,2018,Mais de 5.724 a 9.540 Reais,1 Despesas com alimentação,854.41,854.41
6972,1201,Despesa monetária e não monetária média mensal familiar,Reais,Unidade da Federação,43,Rio Grande do Sul,2018,Mais de 5.724 a 9.540 Reais,1 Despesas com alimentação,862.44,862.44
6972,1201,Despesa monetária e não monetária média mensal familiar,Reais,Unidade da Federação,50,Mato Grosso do Sul,2018,Mais de 5.724 a 9.540 Reais,1 Despesas com alimentação,1162.59,1162.59
6972,1201,Despesa monetária e não monetária média mensal familiar,Reais,Unidade da Federação,51,Mato Grosso,2018,Mais de 5.724 a 9.540 Reais,1 Despesas com alimentação,931.64,931.64
6972,1201,Despesa monetária e não monetária média mensal familiar,Reais,Unidade da Federação,52,Goiás,2018,Mais de 5.724 a 9.540 Reais,1 Despesas com alimentação,864.97,864.97
6972,1201,Despesa monetária e não monetária média mensal familiar,Reais,Unidade da Federação,53,Distrito Federal,2018,Mais de 5.724 a 9.540 Reais,1 Despesas com alimentação,713.59,713.59
6972,1201,Despesa monetária e não monetária média mensal familiar,Reais,Brasil,1,Brasil,2018,Mais de 5.724 a 9.540 Reais,3 Alimentação fora do domicílio,312.52,312.52
6972,1201,Despesa monetária e não monetária média mensal familiar,Reais,Unidade da Federação,11,Rondônia,2018,Mais de 5.724 a 9.540 Reais,3 Alimentação fora do domicílio,214.10,214.1
6972,1201,Despesa monetária e não monetária média mensal familiar,Reais,Unidade da Federação,12,Acre,2018,Mais de 5.724 a 9.540 Reais,3 Alimentação fora do domicílio,338.00,338.0
6972,1201,Despesa monetária e não monetária média mensal familiar,Reais,Unidade da Federação,13,Amazonas,2018,Mais de 5.724 a 9.540 Reais,3 Alimentação fora do domicílio,181.62,181.62
6972,1201,Despesa monetária e não monetária média mensal familiar,Reais,Unidade da Federação,14,Roraima,2018,Mais de 5.724 a 9.540 Reais,3 Alimentação fora do domicílio,119.65,119.65
6972,1201,Despesa monetária e não monetária média mensal familiar,Reais,Unidade da Federação,15,Pará,2018,Mais de 5.724 a 9.540 Reais,3 Alimentação fora do domicílio,196.36,196.36
6972,1201,Despesa monetária e não monetária média mensal familiar,Reais,Unidade da Federação,16,Amapá,2018,Mais de 5.724 a 9.540 Reais,3 Alimentação fora do domicílio,164.24,164.24
6972,1201,Despesa monetária e não monetária média mensal familiar,Reais,Unidade da Federação,17,Tocantins,2018,Mais de 5.724 a 9.540 Reais,3 Alimentação fora do domicílio,139.55,139.55
6972,1201,Despesa monetária e não monetária média mensal familiar,Reais,Unidade da Federação,21,Maranhão,2018,Mais de 5.724 a 9.540 Reais,3 Alimentação fora do domicílio,242.36,242.36
6972,1201,Despesa monetária e não monetária média mensal familiar,Reais,Unidade da Federação,22,Piauí,2018,Mais de 5.724 a 9.540 Reais,3 Alimentação fora do domicílio,556.87,556.87
6972,1201,Despesa monetária e não monetária média mensal familiar,Reais,Unidade da Federação,23,Ceará,2018,Mais de 5.724 a 9.540 Reais,3 Alimentação fora do domicílio,344.28,344.28
6972,1201,Despesa monetária e não monetária média mensal familiar,Reais,Unidade da Federação,24,Rio Grande do Norte,2018,Mais de 5.724 a 9.540 Reais,3 Alimentação fora do domicílio,577.93,577.93
6972,1201,Despesa monetária e não monetária média mensal familiar,Reais,Unidade da Federação,25,Paraíba,2018,Mais de 5.724 a 9.540 Reais,3 Alimentação fora do domicílio,227.31,227.31
6972,1201,Despesa monetária e não monetária média mensal familiar,Reais,Unidade da Federação,26,Pernambuco,2018,Mais de 5.724 a 9.540 Reais,3 Alimentação fora do domicílio,349.36,349.36
6972,1201,Despesa monetária e não monetária média mensal familiar,Reais,Unidade da Federação,27,Alagoas,2018,Mais de 5.724 a 9.540 Reais,3 Alimentação fora do domicílio,159.22,159.22
6972,1201,Despesa monetária e não monetária média mensal familiar,Reais,Unidade da Federação,28,Sergipe,2018,Mais de 5.724 a 9.540 Reais,3 Alimentação fora do domicílio,632.93,632.93
6972,1201,Despesa monetária e não monetária média mensal familiar,Reais,Unidade da Federação,29,Bahia,2018,Mais de 5.724 a 9.540 Reais,3 Alimentação fora do domicílio,448.65,448.65
6972,1201,Despesa monetária e não monetária média mensal familiar,Reais,Unidade da Federação,31,Minas Gerais,2018,Mais de 5.724 a 9.540 Reais,3 Alimentação fora do domicílio,403.63,403.63
6972,1201,Despesa monetária e não monetária média mensal familiar,Reais,Unidade da Federação,32,Espírito Santo,2018,Mais de 5.724 a 9.540 Reais,3 Alimentação fora do domicílio,220.45,220.45
6972,1201,Despesa monetária e não monetária média mensal familiar,Reais,Unidade da Federação,33,Rio de Janeiro,2018,Mais de 5.724 a 9.540 Reais,3 Alimentação fora do domicílio,225.42,225.42
6972,1201,Despesa monetária e não monetária média mensal familiar,Reais,Unidade da Federação,35,São Paulo,2018,Mais de 5.724 a 9.540 Reais,3 Alimentação fora do domicílio,289.37,289.37
6972,1201,Despesa monetária e não monetária média mensal familiar,Reais,Unidade da Federação,41,Paraná,2018,Mais de 5.724 a 9.540 Reais,3 Alimentação fora do domicílio,274.84,274.84
6972,1201,Despesa monetária e não monetária média mensal familiar,Reais,Unidade da Federação,42,Santa Catarina,2018,Mais de 5.724 a 9.540 Reais,3 Alimentação fora do domicílio,234.40,234.4
6972,1201,Despesa monetária e não monetária média mensal familiar,Reais,Unidade da Federação,43,Rio Grande do Sul,2018,Mais de 5.724 a 9.540 Reais,3 Alimentação fora do domicílio,327.81,327.81
6972,1201,Despesa monetária e não monetária média mensal familiar,Reais,Unidade da Federação,50,Mato Grosso do Sul,2018,Mais de 5.724 a 9.540 Reais,3 Alimentação fora do domicílio,522.64,522.64
6972,1201,Despesa monetária e não monetária média mensal familiar,Reais,Unidade da Federação,51,Mato Grosso,2018,Mais de 5.724 a 9.540 Reais,3 Alimentação fora do domicílio,367.94,367.94
6972,1201,Despesa monetária e não monetária média mensal familiar,Reais,Unidade da Federação,52,Goiás,2018,Mais de 5.724 a 9.540 Reais,3 Alimentação fora do domicílio,336.52,336.52
6972,1201,Despesa monetária e não monetária média mensal familiar,Reais,Unidade da Federação,53,Distrito Federal,2018,Mais de 5.724 a 9.540 Reais,3 Alimentação fora do domicílio,259.88,259.88
6972,1201,Despesa monetária e não monetária média mensal familiar,Reais,Brasil,1,Brasil,2018,Mais de 5.724 a 9.540 Reais,3.1 Almoço e jantar,208.68,208.68
6972,1201,Despesa monetária e não monetária média mensal familiar,Reais,Unidade da Federação,11,Rondônia,2018,Mais de 5.724 a 9.540 Reais,3.1 Almoço e jantar,138.52,138.52
6972,1201,Despesa monetária e não monetária média mensal familiar,Reais,Unidade da Federação,12,Acre,2018,Mais de 5.724 a 9.540 Reais,3.1 Almoço e jantar,186.84,186.84
6972,1201,Despesa monetária e não monetária média mensal familiar,Reais,Unidade da Federação,13,Amazonas,2018,Mais de 5.724 a 9.540 Reais,3.1 Almoço e jantar,116.02,116.02
6972,1201,Despesa monetária e não monetária média mensal familiar,Reais,Unidade da Federação,14,Roraima,2018,Mais de 5.724 a 9.540 Reais,3.1 Almoço e jantar,93.35,93.35
6972,1201,Despesa monetária e não monetária média mensal familiar,Reais,Unidade da Federação,15,Pará,2018,Mais de 5.724 a 9.540 Reais,3.1 Almoço e jantar,121.68,121.68
6972,1201,Despesa monetária e não monetária média mensal familiar,Reais,Unidade da Federação,16,Amapá,2018,Mais de 5.724 a 9.540 Reais,3.1 Almoço e jantar,97.61,97.61
6972,1201,Despesa monetária e não monetária média mensal familiar,Reais,Unidade da Federação,17,Tocantins,2018,Mais de 5.724 a 9.540 Reais,3.1 Almoço e jantar,83.62,83.62
6972,1201,Despesa monetária e não monetária média mensal familiar,Reais,Unidade da Federação,21,Maranhão,2018,Mais de 5.724 a 9.540 Reais,3.1 Almoço e jantar,161.94,161.94
6972,1201,Despesa monetária e não monetária média mensal familiar,Reais,Unidade da Federação,22,Piauí,2018,Mais de 5.724 a 9.540 Reais,3.1 Almoço e jantar,367.55,367.55
6972,1201,Despesa monetária e não monetária média mensal familiar,Reais,Unidade da Federação,23,Ceará,2018,Mais de 5.724 a 9.540 Reais,3.1 Almoço e jantar,235.39,235.39
6972,1201,Despesa monetária e não monetária média mensal familiar,Reais,Unidade da Federação,24,Rio Grande do Norte,2018,Mais de 5.724 a 9.540 Reais,3.1 Almoço e jantar,326.34,326.34
6972,1201,Despesa monetária e não monetária média mensal familiar,Reais,Unidade da Federação,25,Paraíba,2018,Mais de 5.724 a 9.540 Reais,3.1 Almoço e jantar,166.20,166.2
6972,1201,Despesa monetária e não monetária média mensal familiar,Reais,Unidade da Federação,26,Pernambuco,2018,Mais de 5.724 a 9.540 Reais,3.1 Almoço e jantar,269.60,269.6
6972,1201,Despesa monetária e não monetária média mensal familiar,Reais,Unidade da Federação,27,Alagoas,2018,Mais de 5.724 a 9.540 Reais,3.1 Almoço e jantar,109.72,109.72
6972,1201,Despesa monetária e não monetária média mensal familiar,Reais,Unidade da Federação,28,Sergipe,2018,Mais de 5.724 a 9.540 Reais,3.1 Almoço e jantar,412.53,412.53
6972,1201,Despesa monetária e não monetária média mensal familiar,Reais,Unidade da Federação,29,Bahia,2018,Mais de 5.724 a 9.540 Reais,3.1 Almoço e jantar,311.73,311.73
6972,1201,Despesa monetária e não monetária média mensal familiar,Reais,Unidade da Federação,31,Minas Gerais,2018,Mais de 5.724 a 9.540 Reais,3.1 Almoço e jantar,238.83,238.83
6972,1201,Despesa monetária e não monetária média mensal familiar,Reais,Unidade da Federação,32,Espírito Santo,2018,Mais de 5.724 a 9.540 Reais,3.1 Almoço e jantar,130.01,130.01
6972,1201,Despesa monetária e não monetária média mensal familiar,Reais,Unidade da Federação,33,Rio de Janeiro,2018,Mais de 5.724 a 9.540 Reais,3.1 Almoço e jantar,169.55,169.55
6972,1201,Despesa monetária e não monetária média mensal familiar,Reais,Unidade da Federação,35,São Paulo,2018,Mais de 5.724 a 9.540 Reais,3.1 Almoço e jantar,197.52,197.52
6972,1201,Despesa monetária e não monetária média mensal familiar,Reais,Unidade da Federação,41,Paraná,2018,Mais de 5.724 a 9.540 Reais,3.1 Almoço e jantar,187.26,187.26
6972,1201,Despesa monetária e não monetária média mensal familiar,Reais,Unidade da Federação,42,Santa Catarina,2018,Mais de 5.724 a 9.540 Reais,3.1 Almoço e jantar,140.55,140.55
6972,1201,Despesa monetária e não monetária média mensal familiar,Reais,Unidade da Federação,43,Rio Grande do Sul,2018,Mais de 5.724 a 9.540 Reais,3.1 Almoço e jantar,232.83,232.83
6972,1201,Despesa monetária e não monetária média mensal familiar,Reais,Unidade da Federação,50,Mato Grosso do Sul,2018,Mais de 5.724 a 9.540 Reais,3.1 Almoço e jantar,370.65,370.65
6972,1201,Despesa monetária e não monetária média mensal familiar,Reais,Unidade da Federação,51,Mato Grosso,2018,Mais de 5.724 a 9.540 Reais,3.1 Almoço e jantar,201.04,201.04
6972,1201,Despesa monetária e não monetária média mensal familiar,Reais,Unidade da Federação,52,Goiás,2018,Mais de 5.724 a 9.540 Reais,3.1 Almoço e jantar,219.04,219.04
6972,1201,Despesa monetária e não monetária média mensal familiar,Reais,Unidade da Federação,53,Distrito Federal,2018,Mais de 5.724 a 9.540 Reais,3.1 Almoço e jantar,202.05,202.05
6972,1201,Despesa monetária e não monetária média mensal familiar,Reais,Brasil,1,Brasil,2018,Mais de 5.724 a 9.540 Reais,"3.2 Café, leite, café/leite e chocolate",3.90,3.9
6972,1201,Despesa monetária e não monetária média mensal familiar,Reais,Unidade da Federação,11,Rondônia,2018,Mais de 5.724 a 9.540 Reais,"3.2 Café, leite, café/leite e chocolate",2.26,2.26
6972,1201,Despesa monetária e não monetária média mensal familiar,Reais,Unidade da Federação,12,Acre,2018,Mais de 5.724 a 9.540 Reais,"3.2 Café, leite, café/leite e chocolate",2.96,2.96
6972,1201,Despesa monetária e não monetária média mensal familiar,Reais,Unidade da Federação,13,Amazonas,2018,Mais de 5.724 a 9.540 Reais,"3.2 Café, leite, café/leite e chocolate",0.96,0.96
6972,1201,Despesa monetária e não monetária média mensal familiar,Reais,Unidade da Federação,14,Roraima,2018,Mais de 5.724 a 9.540 Reais,"3.2 Café, leite, café/leite e chocolate",0.45,0.45
6972,1201,Despesa monetária e não monetária média mensal familiar,Reais,Unidade da Federação,15,Pará,2018,Mais de 5.724 a 9.540 Reais,"3.2 Café, leite, café/leite e chocolate",3.54,3.54
6972,1201,Despesa monetária e não monetária média mensal familiar,Reais,Unidade da Federação,16,Amapá,2018,Mais de 5.724 a 9.540 Reais,"3.2 Café, leite, café/leite e chocolate",1.73,1.73
6972,1201,Despesa monetária e não monetária média mensal familiar,Reais,Unidade da Federação,17,Tocantins,2018,Mais de 5.724 a 9.540 Reais,"3.2 Café, leite, café/leite e chocolate",0.67,0.67
6972,1201,Despesa monetária e não monetária média mensal familiar,Reais,Unidade da Federação,21,Maranhão,2018,Mais de 5.724 a 9.540 Reais,"3.2 Café, leite, café/leite e chocolate",3.32,3.32
6972,1201,Despesa monetária e não monetária média mensal familiar,Reais,Unidade da Federação,22,Piauí,2018,Mais de 5.724 a 9.540 Reais,"3.2 Café, leite, café/leite e chocolate",4.77,4.77
6972,1201,Despesa monetária e não monetária média mensal familiar,Reais,Unidade da Federação,23,Ceará,2018,Mais de 5.724 a 9.540 Reais,"3.2 Café, leite, café/leite e chocolate",4.51,4.51
6972,1201,Despesa monetária e não monetária média mensal familiar,Reais,Unidade da Federação,24,Rio Grande do Norte,2018,Mais de 5.724 a 9.540 Reais,"3.2 Café, leite, café/leite e chocolate",1.85,1.85
6972,1201,Despesa monetária e não monetária média mensal familiar,Reais,Unidade da Federação,25,Paraíba,2018,Mais de 5.724 a 9.540 Reais,"3.2 Café, leite, café/leite e chocolate",1.23,1.23
6972,1201,Despesa monetária e não monetária média mensal familiar,Reais,Unidade da Federação,26,Pernambuco,2018,Mais de 5.724 a 9.540 Reais,"3.2 Café, leite, café/leite e chocolate",0.91,0.91
6972,1201,Despesa monetária e não monetária média mensal familiar,Reais,Unidade da Federação,27,Alagoas,2018,Mais de 5.724 a 9.540 Reais,"3.2 Café, leite, café/leite e chocolate",0.50,0.5
6972,1201,Despesa monetária e não monetária média mensal familiar,Reais,Unidade da Federação,28,Sergipe,2018,Mais de 5.724 a 9.540 Reais,"3.2 Café, leite, café/leite e chocolate",3.36,3.36
6972,1201,Despesa monetária e não monetária média mensal familiar,Reais,Unidade da Federação,29,Bahia,2018,Mais de 5.724 a 9.540 Reais,"3.2 Café, leite, café/leite e chocolate",1.43,1.43
6972,1201,Despesa monetária e não monetária média mensal familiar,Reais,Unidade da Federação,31,Minas Gerais,2018,Mais de 5.724 a 9.540 Reais,"3.2 Café, leite, café/leite e chocolate",3.56,3.56
6972,1201,Despesa monetária e não monetária média mensal familiar,Reais,Unidade da Federação,32,Espírito Santo,2018,Mais de 5.724 a 9.540 Reais,"3.2 Café, leite, café/leite e chocolate",0.84,0.84
6972,1201,Despesa monetária e não monetária média mensal familiar,Reais,Unidade da Federação,33,Rio de Janeiro,2018,Mais de 5.724 a 9.540 Reais,"3.2 Café, leite, café/leite e chocolate",1.43,1.43
6972,1201,Despesa monetária e não monetária média mensal familiar,Reais,Unidade da Federação,35,São Paulo,2018,Mais de 5.724 a 9.540 Reais,"3.2 Café, leite, café/leite e chocolate",4.95,4.95
6972,1201,Despesa monetária e não monetária média mensal familiar,Reais,Unidade da Federação,41,Paraná,2018,Mais de 5.724 a 9.540 Reais,"3.2 Café, leite, café/leite e chocolate",2.22,2.22
6972,1201,Despesa monetária e não monetária média mensal familiar,Reais,Unidade da Federação,42,Santa Catarina,2018,Mais de 5.724 a 9.540 Reais,"3.2 Café, leite, café/leite e chocolate",2.86,2.86
6972,1201,Despesa monetária e não monetária média mensal familiar,Reais,Unidade da Federação,43,Rio Grande do Sul,2018,Mais de 5.724 a 9.540 Reais,"3.2 Café, leite, café/leite e chocolate",9.84,9.84
6972,1201,Despesa monetária e não monetária média mensal familiar,Reais,Unidade da Federação,50,Mato Grosso do Sul,2018,Mais de 5.724 a 9.540 Reais,"3.2 Café, leite, café/leite e chocolate",3.50,3.5
6972,1201,Despesa monetária e não monetária média mensal familiar,Reais,Unidade da Federação,51,Mato Grosso,2018,Mais de 5.724 a 9.540 Reais,"3.2 Café, leite, café/leite e chocolate",1.52,1.52
6972,1201,Despesa monetária e não monetária média mensal familiar,Reais,Unidade da Federação,52,Goiás,2018,Mais de 5.724 a 9.540 Reais,"3.2 Café, leite, café/leite e chocolate",2.31,2.31
6972,1201,Despesa monetária e não monetária média mensal familiar,Reais,Unidade da Federação,53,Distrito Federal,2018,Mais de 5.724 a 9.540 Reais,"3.2 Café, leite, café/leite e chocolate",3.59,3.59
6972,1201,Despesa monetária e não monetária média mensal familiar,Reais,Brasil,1,Brasil,2018,Mais de 5.724 a 9.540 Reais,3.3 Sanduíches e salgados,28.89,28.89
6972,1201,Despesa monetária e não monetária média mensal familiar,Reais,Unidade da Federação,11,Rondônia,2018,Mais de 5.724 a 9.540 Reais,3.3 Sanduíches e salgados,10.62,10.62
6972,1201,Despesa monetária e não monetária média mensal familiar,Reais,Unidade da Federação,12,Acre,2018,Mais de 5.724 a 9.540 Reais,3.3 Sanduíches e salgados,36.30,36.3
6972,1201,Despesa monetária e não monetária média mensal familiar,Reais,Unidade da Federação,13,Amazonas,2018,Mais de 5.724 a 9.540 Reais,3.3 Sanduíches e salgados,24.65,24.65
6972,1201,Despesa monetária e não monetária média mensal familiar,Reais,Unidade da Federação,14,Roraima,2018,Mais de 5.724 a 9.540 Reais,3.3 Sanduíches e salgados,3.42,3.42
6972,1201,Despesa monetária e não monetária média mensal familiar,Reais,Unidade da Federação,15,Pará,2018,Mais de 5.724 a 9.540 Reais,3.3 Sanduíches e salgados,20.51,20.51
6972,1201,Despesa monetária e não monetária média mensal familiar,Reais,Unidade da Federação,16,Amapá,2018,Mais de 5.724 a 9.540 Reais,3.3 Sanduíches e salgados,18.76,18.76
6972,1201,Despesa monetária e não monetária média mensal familiar,Reais,Unidade da Federação,17,Tocantins,2018,Mais de 5.724 a 9.540 Reais,3.3 Sanduíches e salgados,14.13,14.13
6972,1201,Despesa monetária e não monetária média mensal familiar,Reais,Unidade da Federação,21,Maranhão,2018,Mais de 5.724 a 9.540 Reais,3.3 Sanduíches e salgados,23.44,23.44
6972,1201,Despesa monetária e não monetária média mensal familiar,Reais,Unidade da Federação,22,Piauí,2018,Mais de 5.724 a 9.540 Reais,3.3 Sanduíches e salgados,48.06,48.06
6972,1201,Despesa monetária e não monetária média mensal familiar,Reais,Unidade da Federação,23,Ceará,2018,Mais de 5.724 a 9.540 Reais,3.3 Sanduíches e salgados,22.34,22.34
6972,1201,Despesa monetária e não monetária média mensal familiar,Reais,Unidade da Federação,24,Rio Grande do Norte,2018,Mais de 5.724 a 9.540 Reais,3.3 Sanduíches e salgados,44.94,44.94
6972,1201,Despesa monetária e não monetária média mensal familiar,Reais,Unidade da Federação,25,Paraíba,2018,Mais de 5.724 a 9.540 Reais,3.3 Sanduíches e salgados,21.40,21.4
6972,1201,Despesa monetária e não monetária média mensal familiar,Reais,Unidade da Federação,26,Pernambuco,2018,Mais de 5.724 a 9.540 Reais,3.3 Sanduíches e salgados,26.74,26.74
6972,1201,Despesa monetária e não monetária média mensal familiar,Reais,Unidade da Federação,27,Alagoas,2018,Mais de 5.724 a 9.540 Reais,3.3 Sanduíches e salgados,14.20,14.2
6972,1201,Despesa monetária e não monetária média mensal familiar,Reais,Unidade da Federação,28,Sergipe,2018,Mais de 5.724 a 9.540 Reais,3.3 Sanduíches e salgados,29.73,29.73
6972,1201,Despesa monetária e não monetária média mensal familiar,Reais,Unidade da Federação,29,Bahia,2018,Mais de 5.724 a 9.540 Reais,3.3 Sanduíches e salgados,35.98,35.98
6972,1201,Despesa monetária e não monetária média mensal familiar,Reais,Unidade da Federação,31,Minas Gerais,2018,Mais de 5.724 a 9.540 Reais,3.3 Sanduíches e salgados,28.84,28.84
6972,1201,Despesa monetária e não monetária média mensal familiar,Reais,Unidade da Federação,32,Espírito Santo,2018,Mais de 5.724 a 9.540 Reais,3.3 Sanduíches e salgados,16.05,16.05
6972,1201,Despesa monetária e não monetária média mensal familiar,Reais,Unidade da Federação,33,Rio de Janeiro,2018,Mais de 5.724 a 9.540 Reais,3.3 Sanduíches e salgados,20.94,20.94
6972,1201,Despesa monetária e não monetária média mensal familiar,Reais,Unidade da Federação,35,São Paulo,2018,Mais de 5.724 a 9.540 Reais,3.3 Sanduíches e salgados,31.27,31.27
6972,1201,Despesa monetária e não monetária média mensal familiar,Reais,Unidade da Federação,41,Paraná,2018,Mais de 5.724 a 9.540 Reais,3.3 Sanduíches e salgados,28.91,28.91
6972,1201,Despesa monetária e não monetária média mensal familiar,Reais,Unidade da Federação,42,Santa Catarina,2018,Mais de 5.724 a 9.540 Reais,3.3 Sanduíches e salgados,32.32,32.32
6972,1201,Despesa monetária e não monetária média mensal familiar,Reais,Unidade da Federação,43,Rio Grande do Sul,2018,Mais de 5.724 a 9.540 Reais,3.3 Sanduíches e salgados,25.21,25.21
6972,1201,Despesa monetária e não monetária média mensal familiar,Reais,Unidade da Federação,50,Mato Grosso do Sul,2018,Mais de 5.724 a 9.540 Reais,3.3 Sanduíches e salgados,38.24,38.24
6972,1201,Despesa monetária e não monetária média mensal familiar,Reais,Unidade da Federação,51,Mato Grosso,2018,Mais de 5.724 a 9.540 Reais,3.3 Sanduíches e salgados,38.34,38.34
6972,1201,Despesa monetária e não monetária média mensal familiar,Reais,Unidade da Federação,52,Goiás,2018,Mais de 5.724 a 9.540 Reais,3.3 Sanduíches e salgados,38.28,38.28
6972,1201,Despesa monetária e não monetária média mensal familiar,Reais,Unidade da Federação,53,Distrito Federal,2018,Mais de 5.724 a 9.540 Reais,3.3 Sanduíches e salgados,22.44,22.44
6972,1201,Despesa monetária e não monetária média mensal familiar,Reais,Brasil,1,Brasil,2018,Mais de 5.724 a 9.540 Reais,3.4 Refrigerantes e outras bebidas não alcoólicas,11.59,11.59
6972,1201,Despesa monetária e não monetária média mensal familiar,Reais,Unidade da Federação,11,Rondônia,2018,Mais de 5.724 a 9.540 Reais,3.4 Refrigerantes e outras bebidas não alcoólicas,9.49,9.49
6972,1201,Despesa monetária e não monetária média mensal familiar,Reais,Unidade da Federação,12,Acre,2018,Mais de 5.724 a 9.540 Reais,3.4 Refrigerantes e outras bebidas não alcoólicas,20.60,20.6
6972,1201,Despesa monetária e não monetária média mensal familiar,Reais,Unidade da Federação,13,Amazonas,2018,Mais de 5.724 a 9.540 Reais,3.4 Refrigerantes e outras bebidas não alcoólicas,7.69,7.69
6972,1201,Despesa monetária e não monetária média mensal familiar,Reais,Unidade da Federação,14,Roraima,2018,Mais de 5.724 a 9.540 Reais,3.4 Refrigerantes e outras bebidas não alcoólicas,1.12,1.12
6972,1201,Despesa monetária e não monetária média mensal familiar,Reais,Unidade da Federação,15,Pará,2018,Mais de 5.724 a 9.540 Reais,3.4 Refrigerantes e outras bebidas não alcoólicas,9.95,9.95
6972,1201,Despesa monetária e não monetária média mensal familiar,Reais,Unidade da Federação,16,Amapá,2018,Mais de 5.724 a 9.540 Reais,3.4 Refrigerantes e outras bebidas não alcoólicas,19.99,19.99
6972,1201,Despesa monetária e não monetária média mensal familiar,Reais,Unidade da Federação,17,Tocantins,2018,Mais de 5.724 a 9.540 Reais,3.4 Refrigerantes e outras bebidas não alcoólicas,9.24,9.24
6972,1201,Despesa monetária e não monetária média mensal familiar,Reais,Unidade da Federação,21,Maranhão,2018,Mais de 5.724 a 9.540 Reais,3.4 Refrigerantes e outras bebidas não alcoólicas,17.32,17.32
6972,1201,Despesa monetária e não monetária média mensal familiar,Reais,Unidade da Federação,22,Piauí,2018,Mais de 5.724 a 9.540 Reais,3.4 Refrigerantes e outras bebidas não alcoólicas,20.26,20.26
6972,1201,Despesa monetária e não monetária média mensal familiar,Reais,Unidade da Federação,23,Ceará,2018,Mais de 5.724 a 9.540 Reais,3.4 Refrigerantes e outras bebidas não alcoólicas,18.98,18.98
6972,1201,Despesa monetária e não monetária média mensal familiar,Reais,Unidade da Federação,24,Rio Grande do Norte,2018,Mais de 5.724 a 9.540 Reais,3.4 Refrigerantes e outras bebidas não alcoólicas,13.90,13.9
6972,1201,Despesa monetária e não monetária média mensal familiar,Reais,Unidade da Federação,25,Paraíba,2018,Mais de 5.724 a 9.540 Reais,3.4 Refrigerantes e outras bebidas não alcoólicas,5.74,5.74
6972,1201,Despesa monetária e não monetária média mensal familiar,Reais,Unidade da Federação,26,Pernambuco,2018,Mais de 5.724 a 9.540 Reais,3.4 Refrigerantes e outras bebidas não alcoólicas,12.21,12.21
6972,1201,Despesa monetária e não monetária média mensal familiar,Reais,Unidade da Federação,27,Alagoas,2018,Mais de 5.724 a 9.540 Reais,3.4 Refrigerantes e outras bebidas não alcoólicas,6.49,6.49
6972,1201,Despesa monetária e não monetária média mensal familiar,Reais,Unidade da Federação,28,Sergipe,2018,Mais de 5.724 a 9.540 Reais,3.4 Refrigerantes e outras bebidas não alcoólicas,82.67,82.67
6972,1201,Despesa monetária e não monetária média mensal familiar,Reais,Unidade da Federação,29,Bahia,2018,Mais de 5.724 a 9.540 Reais,3.4 Refrigerantes e outras bebidas não alcoólicas,12.55,12.55
6972,1201,Despesa monetária e não monetária média mensal familiar,Reais,Unidade da Federação,31,Minas Gerais,2018,Mais de 5.724 a 9.540 Reais,3.4 Refrigerantes e outras bebidas não alcoólicas,9.62,9.62
6972,1201,Despesa monetária e não monetária média mensal familiar,Reais,Unidade da Federação,32,Espírito Santo,2018,Mais de 5.724 a 9.540 Reais,3.4 Refrigerantes e outras bebidas não alcoólicas,6.22,6.22
6972,1201,Despesa monetária e não monetária média mensal familiar,Reais,Unidade da Federação,33,Rio de Janeiro,2018,Mais de 5.724 a 9.540 Reais,3.4 Refrigerantes e outras bebidas não alcoólicas,6.62,6.62
6972,1201,Despesa monetária e não monetária média mensal familiar,Reais,Unidade da Federação,35,São Paulo,2018,Mais de 5.724 a 9.540 Reais,3.4 Refrigerantes e outras bebidas não alcoólicas,12.23,12.23
6972,1201,Despesa monetária e não monetária média mensal familiar,Reais,Unidade da Federação,41,Paraná,2018,Mais de 5.724 a 9.540 Reais,3.4 Refrigerantes e outras bebidas não alcoólicas,10.22,10.22
6972,1201,Despesa monetária e não monetária média mensal familiar,Reais,Unidade da Federação,42,Santa Catarina,2018,Mais de 5.724 a 9.540 Reais,3.4 Refrigerantes e outras bebidas não alcoólicas,7.76,7.76
6972,1201,Despesa monetária e não monetária média mensal familiar,Reais,Unidade da Federação,43,Rio Grande do Sul,2018,Mais de 5.724 a 9.540 Reais,3.4 Refrigerantes e outras bebidas não alcoólicas,10.74,10.74
6972,1201,Despesa monetária e não monetária média mensal familiar,Reais,Unidade da Federação,50,Mato Grosso do Sul,2018,Mais de 5.724 a 9.540 Reais,3.4 Refrigerantes e outras bebidas não alcoólicas,11.92,11.92
6972,1201,Despesa monetária e não monetária média mensal familiar,Reais,Unidade da Federação,51,Mato Grosso,2018,Mais de 5.724 a 9.540 Reais,3.4 Refrigerantes e outras bebidas não alcoólicas,20.23,20.23
6972,1201,Despesa monetária e não monetária média mensal familiar,Reais,Unidade da Federação,52,Goiás,2018,Mais de 5.724 a 9.540 Reais,3.4 Refrigerantes e outras bebidas não alcoólicas,13.38,13.38
6972,1201,Despesa monetária e não monetária média mensal familiar,Reais,Unidade da Federação,53,Distrito Federal,2018,Mais de 5.724 a 9.540 Reais,3.4 Refrigerantes e outras bebidas não alcoólicas,5.33,5.33
6972,1201,Despesa monetária e não monetária média mensal familiar,Reais,Brasil,1,Brasil,2018,Mais de 5.724 a 9.540 Reais,3.5 Lanches,20.89,20.89
6972,1201,Despesa monetária e não monetária média mensal familiar,Reais,Unidade da Federação,11,Rondônia,2018,Mais de 5.724 a 9.540 Reais,3.5 Lanches,34.87,34.87
6972,1201,Despesa monetária e não monetária média mensal familiar,Reais,Unidade da Federação,12,Acre,2018,Mais de 5.724 a 9.540 Reais,3.5 Lanches,24.62,24.62
6972,1201,Despesa monetária e não monetária média mensal familiar,Reais,Unidade da Federação,13,Amazonas,2018,Mais de 5.724 a 9.540 Reais,3.5 Lanches,15.34,15.34
6972,1201,Despesa monetária e não monetária média mensal familiar,Reais,Unidade da Federação,14,Roraima,2018,Mais de 5.724 a 9.540 Reais,3.5 Lanches,9.94,9.94
6972,1201,Despesa monetária e não monetária média mensal familiar,Reais,Unidade da Federação,15,Pará,2018,Mais de 5.724 a 9.540 Reais,3.5 Lanches,21.77,21.77
6972,1201,Despesa monetária e não monetária média mensal familiar,Reais,Unidade da Federação,16,Amapá,2018,Mais de 5.724 a 9.540 Reais,3.5 Lanches,7.37,7.37
6972,1201,Despesa monetária e não monetária média mensal familiar,Reais,Unidade da Federação,17,Tocantins,2018,Mais de 5.724 a 9.540 Reais,3.5 Lanches,0.96,0.96
6972,1201,Despesa monetária e não monetária média mensal familiar,Reais,Unidade da Federação,21,Maranhão,2018,Mais de 5.724 a 9.540 Reais,3.5 Lanches,11.34,11.34
6972,1201,Despesa monetária e não monetária média mensal familiar,Reais,Unidade da Federação,22,Piauí,2018,Mais de 5.724 a 9.540 Reais,3.5 Lanches,53.57,53.57
6972,1201,Despesa monetária e não monetária média mensal familiar,Reais,Unidade da Federação,23,Ceará,2018,Mais de 5.724 a 9.540 Reais,3.5 Lanches,32.37,32.37
6972,1201,Despesa monetária e não monetária média mensal familiar,Reais,Unidade da Federação,24,Rio Grande do Norte,2018,Mais de 5.724 a 9.540 Reais,3.5 Lanches,98.86,98.86
6972,1201,Despesa monetária e não monetária média mensal familiar,Reais,Unidade da Federação,25,Paraíba,2018,Mais de 5.724 a 9.540 Reais,3.5 Lanches,4.97,4.97
6972,1201,Despesa monetária e não monetária média mensal familiar,Reais,Unidade da Federação,26,Pernambuco,2018,Mais de 5.724 a 9.540 Reais,3.5 Lanches,20.33,20.33
6972,1201,Despesa monetária e não monetária média mensal familiar,Reais,Unidade da Federação,27,Alagoas,2018,Mais de 5.724 a 9.540 Reais,3.5 Lanches,7.56,7.56
6972,1201,Despesa monetária e não monetária média mensal familiar,Reais,Unidade da Federação,28,Sergipe,2018,Mais de 5.724 a 9.540 Reais,3.5 Lanches,57.46,57.46
6972,1201,Despesa monetária e não monetária média mensal familiar,Reais,Unidade da Federação,29,Bahia,2018,Mais de 5.724 a 9.540 Reais,3.5 Lanches,43.05,43.05
6972,1201,Despesa monetária e não monetária média mensal familiar,Reais,Unidade da Federação,31,Minas Gerais,2018,Mais de 5.724 a 9.540 Reais,3.5 Lanches,40.48,40.48
6972,1201,Despesa monetária e não monetária média mensal familiar,Reais,Unidade da Federação,32,Espírito Santo,2018,Mais de 5.724 a 9.540 Reais,3.5 Lanches,16.56,16.56
6972,1201,Despesa monetária e não monetária média mensal familiar,Reais,Unidade da Federação,33,Rio de Janeiro,2018,Mais de 5.724 a 9.540 Reais,3.5 Lanches,12.06,12.06
6972,1201,Despesa monetária e não monetária média mensal familiar,Reais,Unidade da Federação,35,São Paulo,2018,Mais de 5.724 a 9.540 Reais,3.5 Lanches,10.82,10.82
6972,1201,Despesa monetária e não monetária média mensal familiar,Reais,Unidade da Federação,41,Paraná,2018,Mais de 5.724 a 9.540 Reais,3.5 Lanches,19.79,19.79
6972,1201,Despesa monetária e não monetária média mensal familiar,Reais,Unidade da Federação,42,Santa Catarina,2018,Mais de 5.724 a 9.540 Reais,3.5 Lanches,7.25,7.25
6972,1201,Despesa monetária e não monetária média mensal familiar,Reais,Unidade da Federação,43,Rio Grande do Sul,2018,Mais de 5.724 a 9.540 Reais,3.5 Lanches,18.02,18.02
6972,1201,Despesa monetária e não monetária média mensal familiar,Reais,Unidade da Federação,50,Mato Grosso do Sul,2018,Mais de 5.724 a 9.540 Reais,3.5 Lanches,45.84,45.84
6972,1201,Despesa monetária e não monetária média mensal familiar,Reais,Unidade da Federação,51,Mato Grosso,2018,Mais de 5.724 a 9.540 Reais,3.5 Lanches,18.68,18.68
6972,1201,Despesa monetária e não monetária média mensal familiar,Reais,Unidade da Federação,52,Goiás,2018,Mais de 5.724 a 9.540 Reais,3.5 Lanches,31.53,31.53
6972,1201,Despesa monetária e não monetária média mensal familiar,Reais,Unidade da Federação,53,Distrito Federal,2018,Mais de 5.724 a 9.540 Reais,3.5 Lanches,12.30,12.3
6972,1201,Despesa monetária e não monetária média mensal familiar,Reais,Brasil,1,Brasil,2018,Mais de 5.724 a 9.540 Reais,"3.6 Cervejas, chopes e outras bebidas alcoólicas",15.00,15.0
6972,1201,Despesa monetária e não monetária média mensal familiar,Reais,Unidade da Federação,11,Rondônia,2018,Mais de 5.724 a 9.540 Reais,"3.6 Cervejas, chopes e outras bebidas alcoólicas",8.90,8.9
6972,1201,Despesa monetária e não monetária média mensal familiar,Reais,Unidade da Federação,12,Acre,2018,Mais de 5.724 a 9.540 Reais,"3.6 Cervejas, chopes e outras bebidas alcoólicas",26.27,26.27
6972,1201,Despesa monetária e não monetária média mensal familiar,Reais,Unidade da Federação,13,Amazonas,2018,Mais de 5.724 a 9.540 Reais,"3.6 Cervejas, chopes e outras bebidas alcoólicas",13.36,13.36
6972,1201,Despesa monetária e não monetária média mensal familiar,Reais,Unidade da Federação,14,Roraima,2018,Mais de 5.724 a 9.540 Reais,"3.6 Cervejas, chopes e outras bebidas alcoólicas",9.41,9.41
6972,1201,Despesa monetária e não monetária média mensal familiar,Reais,Unidade da Federação,15,Pará,2018,Mais de 5.724 a 9.540 Reais,"3.6 Cervejas, chopes e outras bebidas alcoólicas",11.88,11.88
6972,1201,Despesa monetária e não monetária média mensal familiar,Reais,Unidade da Federação,16,Amapá,2018,Mais de 5.724 a 9.540 Reais,"3.6 Cervejas, chopes e outras bebidas alcoólicas",8.47,8.47
6972,1201,Despesa monetária e não monetária média mensal familiar,Reais,Unidade da Federação,17,Tocantins,2018,Mais de 5.724 a 9.540 Reais,"3.6 Cervejas, chopes e outras bebidas alcoólicas",22.28,22.28
6972,1201,Despesa monetária e não monetária média mensal familiar,Reais,Unidade da Federação,21,Maranhão,2018,Mais de 5.724 a 9.540 Reais,"3.6 Cervejas, chopes e outras bebidas alcoólicas",15.66,15.66
6972,1201,Despesa monetária e não monetária média mensal familiar,Reais,Unidade da Federação,22,Piauí,2018,Mais de 5.724 a 9.540 Reais,"3.6 Cervejas, chopes e outras bebidas alcoólicas",30.38,30.38
6972,1201,Despesa monetária e não monetária média mensal familiar,Reais,Unidade da Federação,23,Ceará,2018,Mais de 5.724 a 9.540 Reais,"3.6 Cervejas, chopes e outras bebidas alcoólicas",14.04,14.04
6972,1201,Despesa monetária e não monetária média mensal familiar,Reais,Unidade da Federação,24,Rio Grande do Norte,2018,Mais de 5.724 a 9.540 Reais,"3.6 Cervejas, chopes e outras bebidas alcoólicas",29.46,29.46
6972,1201,Despesa monetária e não monetária média mensal familiar,Reais,Unidade da Federação,25,Paraíba,2018,Mais de 5.724 a 9.540 Reais,"3.6 Cervejas, chopes e outras bebidas alcoólicas",15.70,15.7
6972,1201,Despesa monetária e não monetária média mensal familiar,Reais,Unidade da Federação,26,Pernambuco,2018,Mais de 5.724 a 9.540 Reais,"3.6 Cervejas, chopes e outras bebidas alcoólicas",11.82,11.82
6972,1201,Despesa monetária e não monetária média mensal familiar,Reais,Unidade da Federação,27,Alagoas,2018,Mais de 5.724 a 9.540 Reais,"3.6 Cervejas, chopes e outras bebidas alcoólicas",9.97,9.97
6972,1201,Despesa monetária e não monetária média mensal familiar,Reais,Unidade da Federação,28,Sergipe,2018,Mais de 5.724 a 9.540 Reais,"3.6 Cervejas, chopes e outras bebidas alcoólicas",25.33,25.33
6972,1201,Despesa monetária e não monetária média mensal familiar,Reais,Unidade da Federação,29,Bahia,2018,Mais de 5.724 a 9.540 Reais,"3.6 Cervejas, chopes e outras bebidas alcoólicas",33.49,33.49
6972,1201,Despesa monetária e não monetária média mensal familiar,Reais,Unidade da Federação,31,Minas Gerais,2018,Mais de 5.724 a 9.540 Reais,"3.6 Cervejas, chopes e outras bebidas alcoólicas",15.13,15.13
6972,1201,Despesa monetária e não monetária média mensal familiar,Reais,Unidade da Federação,32,Espírito Santo,2018,Mais de 5.724 a 9.540 Reais,"3.6 Cervejas, chopes e outras bebidas alcoólicas",28.74,28.74
6972,1201,Despesa monetária e não monetária média mensal familiar,Reais,Unidade da Federação,33,Rio de Janeiro,2018,Mais de 5.724 a 9.540 Reais,"3.6 Cervejas, chopes e outras bebidas alcoólicas",8.30,8.3
6972,1201,Despesa monetária e não monetária média mensal familiar,Reais,Unidade da Federação,35,São Paulo,2018,Mais de 5.724 a 9.540 Reais,"3.6 Cervejas, chopes e outras bebidas alcoólicas",15.31,15.31
6972,1201,Despesa monetária e não monetária média mensal familiar,Reais,Unidade da Federação,41,Paraná,2018,Mais de 5.724 a 9.540 Reais,"3.6 Cervejas, chopes e outras bebidas alcoólicas",9.64,9.64
6972,1201,Despesa monetária e não monetária média mensal familiar,Reais,Unidade da Federação,42,Santa Catarina,2018,Mais de 5.724 a 9.540 Reais,"3.6 Cervejas, chopes e outras bebidas alcoólicas",20.44,20.44
6972,1201,Despesa monetária e não monetária média mensal familiar,Reais,Unidade da Federação,43,Rio Grande do Sul,2018,Mais de 5.724 a 9.540 Reais,"3.6 Cervejas, chopes e outras bebidas alcoólicas",9.83,9.83
6972,1201,Despesa monetária e não monetária média mensal familiar,Reais,Unidade da Federação,50,Mato Grosso do Sul,2018,Mais de 5.724 a 9.540 Reais,"3.6 Cervejas, chopes e outras bebidas alcoólicas",17.75,17.75
6972,1201,Despesa monetária e não monetária média mensal familiar,Reais,Unidade da Federação,51,Mato Grosso,2018,Mais de 5.724 a 9.540 Reais,"3.6 Cervejas, chopes e outras bebidas alcoólicas",8.50,8.5
6972,1201,Despesa monetária e não monetária média mensal familiar,Reais,Unidade da Federação,52,Goiás,2018,Mais de 5.724 a 9.540 Reais,"3.6 Cervejas, chopes e outras bebidas alcoólicas",13.24,13.24
6972,1201,Despesa monetária e não monetária média mensal familiar,Reais,Unidade da Federação,53,Distrito Federal,2018,Mais de 5.724 a 9.540 Reais,"3.6 Cervejas, chopes e outras bebidas alcoólicas",8.86,8.86
6972,1201,Despesa monetária e não monetária média mensal familiar,Reais,Brasil,1,Brasil,2018,Mais de 5.724 a 9.540 Reais,3.8 Alimentação fora do domicílio - light e diet,0.10,0.1
6972,1201,Despesa monetária e não monetária média mensal familiar,Reais,Unidade da Federação,11,Rondônia,2018,Mais de 5.724 a 9.540 Reais,3.8 Alimentação fora do domicílio - light e diet,-,0.0
6972,1201,Despesa monetária e não monetária média mensal familiar,Reais,Unidade da Federação,12,Acre,2018,Mais de 5.724 a 9.540 Reais,3.8 Alimentação fora do domicílio - light e diet,0.17,0.17
6972,1201,Despesa monetária e não monetária média mensal familiar,Reais,Unidade da Federação,13,Amazonas,2018,Mais de 5.724 a 9.540 Reais,3.8 Alimentação fora do domicílio - light e diet,-,0.0
6972,1201,Despesa monetária e não monetária média mensal familiar,Reais,Unidade da Federação,14,Roraima,2018,Mais de 5.724 a 9.540 Reais,3.8 Alimentação fora do domicílio - light e diet,-,0.0
6972,1201,Despesa monetária e não monetária média mensal familiar,Reais,Unidade da Federação,15,Pará,2018,Mais de 5.724 a 9.540 Reais,3.8 Alimentação fora do domicílio - light e diet,0.06,0.06
6972,1201,Despesa monetária e não monetária média mensal familiar,Reais,Unidade da Federação,16,Amapá,2018,Mais de 5.724 a 9.540 Reais,3.8 Alimentação fora do domicílio - light e diet,-,0.0
6972,1201,Despesa monetária e não monetária média mensal familiar,Reais,Unidade da Federação,17,Tocantins,2018,Mais de 5.724 a 9.540 Reais,3.8 Alimentação fora do domicílio - light e diet,0.44,0.44
6972,1201,Despesa monetária e não monetária média mensal familiar,Reais,Unidade da Federação,21,Maranhão,2018,Mais de 5.724 a 9.540 Reais,3.8 Alimentação fora do domicílio - light e diet,0.31,0.31
6972,1201,Despesa monetária e não monetária média mensal familiar,Reais,Unidade da Federação,22,Piauí,2018,Mais de 5.724 a 9.540 Reais,3.8 Alimentação fora do domicílio - light e diet,-,0.0
6972,1201,Despesa monetária e não monetária média mensal familiar,Reais,Unidade da Federação,23,Ceará,2018,Mais de 5.724 a 9.540 Reais,3.8 Alimentação fora do domicílio - light e diet,-,0.0
6972,1201,Despesa monetária e não monetária média mensal familiar,Reais,Unidade da Federação,24,Rio Grande do Norte,2018,Mais de 5.724 a 9.540 Reais,3.8 Alimentação fora do domicílio - light e diet,-,0.0
6972,1201,Despesa monetária e não monetária média mensal familiar,Reais,Unidade da Federação,25,Paraíba,2018,Mais de 5.724 a 9.540 Reais,3.8 Alimentação fora do domicílio - light e diet,-,0.0
6972,1201,Despesa monetária e não monetária média mensal familiar,Reais,Unidade da Federação,26,Pernambuco,2018,Mais de 5.724 a 9.540 Reais,3.8 Alimentação fora do domicílio - light e diet,0.09,0.09
6972,1201,Despesa monetária e não monetária média mensal familiar,Reais,Unidade da Federação,27,Alagoas,2018,Mais de 5.724 a 9.540 Reais,3.8 Alimentação fora do domicílio - light e diet,0.16,0.16
6972,1201,Despesa monetária e não monetária média mensal familiar,Reais,Unidade da Federação,28,Sergipe,2018,Mais de 5.724 a 9.540 Reais,3.8 Alimentação fora do domicílio - light e diet,-,0.0
6972,1201,Despesa monetária e não monetária média mensal familiar,Reais,Unidade da Federação,29,Bahia,2018,Mais de 5.724 a 9.540 Reais,3.8 Alimentação fora do domicílio - light e diet,0.03,0.03
6972,1201,Despesa monetária e não monetária média mensal familiar,Reais,Unidade da Federação,31,Minas Gerais,2018,Mais de 5.724 a 9.540 Reais,3.8 Alimentação fora do domicílio - light e diet,0.15,0.15
6972,1201,Despesa monetária e não monetária média mensal familiar,Reais,Unidade da Federação,32,Espírito Santo,2018,Mais de 5.724 a 9.540 Reais,3.8 Alimentação fora do domicílio - light e diet,-,0.0
6972,1201,Despesa monetária e não monetária média mensal familiar,Reais,Unidade da Federação,33,Rio de Janeiro,2018,Mais de 5.724 a 9.540 Reais,3.8 Alimentação fora do domicílio - light e diet,0.28,0.28
6972,1201,Despesa monetária e não monetária média mensal familiar,Reais,Unidade da Federação,35,São Paulo,2018,Mais de 5.724 a 9.540 Reais,3.8 Alimentação fora do domicílio - light e diet,0.06,0.06
6972,1201,Despesa monetária e não monetária média mensal familiar,Reais,Unidade da Federação,41,Paraná,2018,Mais de 5.724 a 9.540 Reais,3.8 Alimentação fora do domicílio - light e diet,-,0.0
6972,1201,Despesa monetária e não monetária média mensal familiar,Reais,Unidade da Federação,42,Santa Catarina,2018,Mais de 5.724 a 9.540 Reais,3.8 Alimentação fora do domicílio - light e diet,0.27,0.27
6972,1201,Despesa monetária e não monetária média mensal familiar,Reais,Unidade da Federação,43,Rio Grande do Sul,2018,Mais de 5.724 a 9.540 Reais,3.8 Alimentação fora do domicílio - light e diet,0.08,0.08
6972,1201,Despesa monetária e não monetária média mensal familiar,Reais,Unidade da Federação,50,Mato Grosso do Sul,2018,Mais de 5.724 a 9.540 Reais,3.8 Alimentação fora do domicílio - light e diet,-,0.0
6972,1201,Despesa monetária e não monetária média mensal familiar,Reais,Unidade da Federação,51,Mato Grosso,2018,Mais de 5.724 a 9.540 Reais,3.8 Alimentação fora do domicílio - light e diet,0.32,0.32
6972,1201,Despesa monetária e não monetária média mensal familiar,Reais,Unidade da Federação,52,Goiás,2018,Mais de 5.724 a 9.540 Reais,3.8 Alimentação fora do domicílio - light e diet,0.01,0.01
6972,1201,Despesa monetária e não monetária média mensal familiar,Reais,Unidade da Federação,53,Distrito Federal,2018,Mais de 5.724 a 9.540 Reais,3.8 Alimentação fora do domicílio - light e diet,-,0.0
6972,1201,Despesa monetária e não monetária média mensal familiar,Reais,Brasil,1,Brasil,2018,Mais de 5.724 a 9.540 Reais,3.9 Outras,23.47,23.47
6972,1201,Despesa monetária e não monetária média mensal familiar,Reais,Unidade da Federação,11,Rondônia,2018,Mais de 5.724 a 9.540 Reais,3.9 Outras,9.44,9.44
6972,1201,Despesa monetária e não monetária média mensal familiar,Reais,Unidade da Federação,12,Acre,2018,Mais de 5.724 a 9.540 Reais,3.9 Outras,40.23,40.23
6972,1201,Despesa monetária e não monetária média mensal familiar,Reais,Unidade da Federação,13,Amazonas,2018,Mais de 5.724 a 9.540 Reais,3.9 Outras,3.59,3.59
6972,1201,Despesa monetária e não monetária média mensal familiar,Reais,Unidade da Federação,14,Roraima,2018,Mais de 5.724 a 9.540 Reais,3.9 Outras,1.95,1.95
6972,1201,Despesa monetária e não monetária média mensal familiar,Reais,Unidade da Federação,15,Pará,2018,Mais de 5.724 a 9.540 Reais,3.9 Outras,6.96,6.96
6972,1201,Despesa monetária e não monetária média mensal familiar,Reais,Unidade da Federação,16,Amapá,2018,Mais de 5.724 a 9.540 Reais,3.9 Outras,10.31,10.31
6972,1201,Despesa monetária e não monetária média mensal familiar,Reais,Unidade da Federação,17,Tocantins,2018,Mais de 5.724 a 9.540 Reais,3.9 Outras,8.21,8.21
6972,1201,Despesa monetária e não monetária média mensal familiar,Reais,Unidade da Federação,21,Maranhão,2018,Mais de 5.724 a 9.540 Reais,3.9 Outras,9.03,9.03
6972,1201,Despesa monetária e não monetária média mensal familiar,Reais,Unidade da Federação,22,Piauí,2018,Mais de 5.724 a 9.540 Reais,3.9 Outras,32.28,32.28
6972,1201,Despesa monetária e não monetária média mensal familiar,Reais,Unidade da Federação,23,Ceará,2018,Mais de 5.724 a 9.540 Reais,3.9 Outras,16.66,16.66
6972,1201,Despesa monetária e não monetária média mensal familiar,Reais,Unidade da Federação,24,Rio Grande do Norte,2018,Mais de 5.724 a 9.540 Reais,3.9 Outras,62.58,62.58
6972,1201,Despesa monetária e não monetária média mensal familiar,Reais,Unidade da Federação,25,Paraíba,2018,Mais de 5.724 a 9.540 Reais,3.9 Outras,12.07,12.07
6972,1201,Despesa monetária e não monetária média mensal familiar,Reais,Unidade da Federação,26,Pernambuco,2018,Mais de 5.724 a 9.540 Reais,3.9 Outras,7.66,7.66
6972,1201,Despesa monetária e não monetária média mensal familiar,Reais,Unidade da Federação,27,Alagoas,2018,Mais de 5.724 a 9.540 Reais,3.9 Outras,10.61,10.61
6972,1201,Despesa monetária e não monetária média mensal familiar,Reais,Unidade da Federação,28,Sergipe,2018,Mais de 5.724 a 9.540 Reais,3.9 Outras,21.86,21.86
6972,1201,Despesa monetária e não monetária média mensal familiar,Reais,Unidade da Federação,29,Bahia,2018,Mais de 5.724 a 9.540 Reais,3.9 Outras,10.39,10.39
6972,1201,Despesa monetária e não monetária média mensal familiar,Reais,Unidade da Federação,31,Minas Gerais,2018,Mais de 5.724 a 9.540 Reais,3.9 Outras,67.03,67.03
6972,1201,Despesa monetária e não monetária média mensal familiar,Reais,Unidade da Federação,32,Espírito Santo,2018,Mais de 5.724 a 9.540 Reais,3.9 Outras,22.02,22.02
6972,1201,Despesa monetária e não monetária média mensal familiar,Reais,Unidade da Federação,33,Rio de Janeiro,2018,Mais de 5.724 a 9.540 Reais,3.9 Outras,6.23,6.23
6972,1201,Despesa monetária e não monetária média mensal familiar,Reais,Unidade da Federação,35,São Paulo,2018,Mais de 5.724 a 9.540 Reais,3.9 Outras,17.20,17.2
6972,1201,Despesa monetária e não monetária média mensal familiar,Reais,Unidade da Federação,41,Paraná,2018,Mais de 5.724 a 9.540 Reais,3.9 Outras,16.80,16.8
6972,1201,Despesa monetária e não monetária média mensal familiar,Reais,Unidade da Federação,42,Santa Catarina,2018,Mais de 5.724 a 9.540 Reais,3.9 Outras,22.95,22.95
6972,1201,Despesa monetária e não monetária média mensal familiar,Reais,Unidade da Federação,43,Rio Grande do Sul,2018,Mais de 5.724 a 9.540 Reais,3.9 Outras,21.28,21.28
6972,1201,Despesa monetária e não monetária média mensal familiar,Reais,Unidade da Federação,50,Mato Grosso do Sul,2018,Mais de 5.724 a 9.540 Reais,3.9 Outras,34.74,34.74
6972,1201,Despesa monetária e não monetária média mensal familiar,Reais,Unidade da Federação,51,Mato Grosso,2018,Mais de 5.724 a 9.540 Reais,3.9 Outras,79.32,79.32
6972,1201,Despesa monetária e não monetária média mensal familiar,Reais,Unidade da Federação,52,Goiás,2018,Mais de 5.724 a 9.540 Reais,3.9 Outras,18.71,18.71
6972,1201,Despesa monetária e não monetária média mensal familiar,Reais,Unidade da Federação,53,Distrito Federal,2018,Mais de 5.724 a 9.540 Reais,3.9 Outras,5.30,5.3
6972,1201,Despesa monetária e não monetária média mensal familiar,Reais,Brasil,1,Brasil,2018,Mais de 9.540 a 14.310 Reais,1 Despesas com alimentação,1143.83,1143.83
6972,1201,Despesa monetária e não monetária média mensal familiar,Reais,Unidade da Federação,11,Rondônia,2018,Mais de 9.540 a 14.310 Reais,1 Despesas com alimentação,939.99,939.99
6972,1201,Despesa monetária e não monetária média mensal familiar,Reais,Unidade da Federação,12,Acre,2018,Mais de 9.540 a 14.310 Reais,1 Despesas com alimentação,868.57,868.57
6972,1201,Despesa monetária e não monetária média mensal familiar,Reais,Unidade da Federação,13,Amazonas,2018,Mais de 9.540 a 14.310 Reais,1 Despesas com alimentação,933.51,933.51
6972,1201,Despesa monetária e não monetária média mensal familiar,Reais,Unidade da Federação,14,Roraima,2018,Mais de 9.540 a 14.310 Reais,1 Despesas com alimentação,1837.96,1837.96
6972,1201,Despesa monetária e não monetária média mensal familiar,Reais,Unidade da Federação,15,Pará,2018,Mais de 9.540 a 14.310 Reais,1 Despesas com alimentação,1021.96,1021.96
6972,1201,Despesa monetária e não monetária média mensal familiar,Reais,Unidade da Federação,16,Amapá,2018,Mais de 9.540 a 14.310 Reais,1 Despesas com alimentação,1252.77,1252.77
6972,1201,Despesa monetária e não monetária média mensal familiar,Reais,Unidade da Federação,17,Tocantins,2018,Mais de 9.540 a 14.310 Reais,1 Despesas com alimentação,697.99,697.99
6972,1201,Despesa monetária e não monetária média mensal familiar,Reais,Unidade da Federação,21,Maranhão,2018,Mais de 9.540 a 14.310 Reais,1 Despesas com alimentação,1057.73,1057.73
6972,1201,Despesa monetária e não monetária média mensal familiar,Reais,Unidade da Federação,22,Piauí,2018,Mais de 9.540 a 14.310 Reais,1 Despesas com alimentação,988.60,988.6
6972,1201,Despesa monetária e não monetária média mensal familiar,Reais,Unidade da Federação,23,Ceará,2018,Mais de 9.540 a 14.310 Reais,1 Despesas com alimentação,1011.37,1011.37
6972,1201,Despesa monetária e não monetária média mensal familiar,Reais,Unidade da Federação,24,Rio Grande do Norte,2018,Mais de 9.540 a 14.310 Reais,1 Despesas com alimentação,1552.24,1552.24
6972,1201,Despesa monetária e não monetária média mensal familiar,Reais,Unidade da Federação,25,Paraíba,2018,Mais de 9.540 a 14.310 Reais,1 Despesas com alimentação,962.30,962.3
6972,1201,Despesa monetária e não monetária média mensal familiar,Reais,Unidade da Federação,26,Pernambuco,2018,Mais de 9.540 a 14.310 Reais,1 Despesas com alimentação,1107.40,1107.4
6972,1201,Despesa monetária e não monetária média mensal familiar,Reais,Unidade da Federação,27,Alagoas,2018,Mais de 9.540 a 14.310 Reais,1 Despesas com alimentação,832.50,832.5
6972,1201,Despesa monetária e não monetária média mensal familiar,Reais,Unidade da Federação,28,Sergipe,2018,Mais de 9.540 a 14.310 Reais,1 Despesas com alimentação,1170.77,1170.77
6972,1201,Despesa monetária e não monetária média mensal familiar,Reais,Unidade da Federação,29,Bahia,2018,Mais de 9.540 a 14.310 Reais,1 Despesas com alimentação,1032.27,1032.27
6972,1201,Despesa monetária e não monetária média mensal familiar,Reais,Unidade da Federação,31,Minas Gerais,2018,Mais de 9.540 a 14.310 Reais,1 Despesas com alimentação,1183.04,1183.04
6972,1201,Despesa monetária e não monetária média mensal familiar,Reais,Unidade da Federação,32,Espírito Santo,2018,Mais de 9.540 a 14.310 Reais,1 Despesas com alimentação,783.47,783.47
6972,1201,Despesa monetária e não monetária média mensal familiar,Reais,Unidade da Federação,33,Rio de Janeiro,2018,Mais de 9.540 a 14.310 Reais,1 Despesas com alimentação,1075.60,1075.6
6972,1201,Despesa monetária e não monetária média mensal familiar,Reais,Unidade da Federação,35,São Paulo,2018,Mais de 9.540 a 14.310 Reais,1 Despesas com alimentação,1207.80,1207.8
6972,1201,Despesa monetária e não monetária média mensal familiar,Reais,Unidade da Federação,41,Paraná,2018,Mais de 9.540 a 14.310 Reais,1 Despesas com alimentação,1164.43,1164.43
6972,1201,Despesa monetária e não monetária média mensal familiar,Reais,Unidade da Federação,42,Santa Catarina,2018,Mais de 9.540 a 14.310 Reais,1 Despesas com alimentação,1076.38,1076.38
6972,1201,Despesa monetária e não monetária média mensal familiar,Reais,Unidade da Federação,43,Rio Grande do Sul,2018,Mais de 9.540 a 14.310 Reais,1 Despesas com alimentação,1214.03,1214.03
6972,1201,Despesa monetária e não monetária média mensal familiar,Reais,Unidade da Federação,50,Mato Grosso do Sul,2018,Mais de 9.540 a 14.310 Reais,1 Despesas com alimentação,1158.10,1158.1
6972,1201,Despesa monetária e não monetária média mensal familiar,Reais,Unidade da Federação,51,Mato Grosso,2018,Mais de 9.540 a 14.310 Reais,1 Despesas com alimentação,1080.82,1080.82
6972,1201,Despesa monetária e não monetária média mensal familiar,Reais,Unidade da Federação,52,Goiás,2018,Mais de 9.540 a 14.310 Reais,1 Despesas com alimentação,1226.11,1226.11
6972,1201,Despesa monetária e não monetária média mensal familiar,Reais,Unidade da Federação,53,Distrito Federal,2018,Mais de 9.540 a 14.310 Reais,1 Despesas com alimentação,1104.46,1104.46
6972,1201,Despesa monetária e não monetária média mensal familiar,Reais,Brasil,1,Brasil,2018,Mais de 9.540 a 14.310 Reais,3 Alimentação fora do domicílio,430.63,430.63
6972,1201,Despesa monetária e não monetária média mensal familiar,Reais,Unidade da Federação,11,Rondônia,2018,Mais de 9.540 a 14.310 Reais,3 Alimentação fora do domicílio,302.10,302.1
6972,1201,Despesa monetária e não monetária média mensal familiar,Reais,Unidade da Federação,12,Acre,2018,Mais de 9.540 a 14.310 Reais,3 Alimentação fora do domicílio,296.82,296.82
6972,1201,Despesa monetária e não monetária média mensal familiar,Reais,Unidade da Federação,13,Amazonas,2018,Mais de 9.540 a 14.310 Reais,3 Alimentação fora do domicílio,236.76,236.76
6972,1201,Despesa monetária e não monetária média mensal familiar,Reais,Unidade da Federação,14,Roraima,2018,Mais de 9.540 a 14.310 Reais,3 Alimentação fora do domicílio,125.80,125.8
6972,1201,Despesa monetária e não monetária média mensal familiar,Reais,Unidade da Federação,15,Pará,2018,Mais de 9.540 a 14.310 Reais,3 Alimentação fora do domicílio,247.04,247.04
6972,1201,Despesa monetária e não monetária média mensal familiar,Reais,Unidade da Federação,16,Amapá,2018,Mais de 9.540 a 14.310 Reais,3 Alimentação fora do domicílio,365.87,365.87
6972,1201,Despesa monetária e não monetária média mensal familiar,Reais,Unidade da Federação,17,Tocantins,2018,Mais de 9.540 a 14.310 Reais,3 Alimentação fora do domicílio,303.26,303.26
6972,1201,Despesa monetária e não monetária média mensal familiar,Reais,Unidade da Federação,21,Maranhão,2018,Mais de 9.540 a 14.310 Reais,3 Alimentação fora do domicílio,214.75,214.75
6972,1201,Despesa monetária e não monetária média mensal familiar,Reais,Unidade da Federação,22,Piauí,2018,Mais de 9.540 a 14.310 Reais,3 Alimentação fora do domicílio,380.22,380.22
6972,1201,Despesa monetária e não monetária média mensal familiar,Reais,Unidade da Federação,23,Ceará,2018,Mais de 9.540 a 14.310 Reais,3 Alimentação fora do domicílio,470.64,470.64
6972,1201,Despesa monetária e não monetária média mensal familiar,Reais,Unidade da Federação,24,Rio Grande do Norte,2018,Mais de 9.540 a 14.310 Reais,3 Alimentação fora do domicílio,522.02,522.02
6972,1201,Despesa monetária e não monetária média mensal familiar,Reais,Unidade da Federação,25,Paraíba,2018,Mais de 9.540 a 14.310 Reais,3 Alimentação fora do domicílio,312.01,312.01
6972,1201,Despesa monetária e não monetária média mensal familiar,Reais,Unidade da Federação,26,Pernambuco,2018,Mais de 9.540 a 14.310 Reais,3 Alimentação fora do domicílio,455.52,455.52
6972,1201,Despesa monetária e não monetária média mensal familiar,Reais,Unidade da Federação,27,Alagoas,2018,Mais de 9.540 a 14.310 Reais,3 Alimentação fora do domicílio,159.58,159.58
6972,1201,Despesa monetária e não monetária média mensal familiar,Reais,Unidade da Federação,28,Sergipe,2018,Mais de 9.540 a 14.310 Reais,3 Alimentação fora do domicílio,553.03,553.03
6972,1201,Despesa monetária e não monetária média mensal familiar,Reais,Unidade da Federação,29,Bahia,2018,Mais de 9.540 a 14.310 Reais,3 Alimentação fora do domicílio,418.23,418.23
6972,1201,Despesa monetária e não monetária média mensal familiar,Reais,Unidade da Federação,31,Minas Gerais,2018,Mais de 9.540 a 14.310 Reais,3 Alimentação fora do domicílio,518.82,518.82
6972,1201,Despesa monetária e não monetária média mensal familiar,Reais,Unidade da Federação,32,Espírito Santo,2018,Mais de 9.540 a 14.310 Reais,3 Alimentação fora do domicílio,255.29,255.29
6972,1201,Despesa monetária e não monetária média mensal familiar,Reais,Unidade da Federação,33,Rio de Janeiro,2018,Mais de 9.540 a 14.310 Reais,3 Alimentação fora do domicílio,412.85,412.85
6972,1201,Despesa monetária e não monetária média mensal familiar,Reais,Unidade da Federação,35,São Paulo,2018,Mais de 9.540 a 14.310 Reais,3 Alimentação fora do domicílio,449.20,449.2
6972,1201,Despesa monetária e não monetária média mensal familiar,Reais,Unidade da Federação,41,Paraná,2018,Mais de 9.540 a 14.310 Reais,3 Alimentação fora do domicílio,408.84,408.84
6972,1201,Despesa monetária e não monetária média mensal familiar,Reais,Unidade da Federação,42,Santa Catarina,2018,Mais de 9.540 a 14.310 Reais,3 Alimentação fora do domicílio,408.78,408.78
6972,1201,Despesa monetária e não monetária média mensal familiar,Reais,Unidade da Federação,43,Rio Grande do Sul,2018,Mais de 9.540 a 14.310 Reais,3 Alimentação fora do domicílio,453.58,453.58
6972,1201,Despesa monetária e não monetária média mensal familiar,Reais,Unidade da Federação,50,Mato Grosso do Sul,2018,Mais de 9.540 a 14.310 Reais,3 Alimentação fora do domicílio,525.63,525.63
6972,1201,Despesa monetária e não monetária média mensal familiar,Reais,Unidade da Federação,51,Mato Grosso,2018,Mais de 9.540 a 14.310 Reais,3 Alimentação fora do domicílio,435.44,435.44
6972,1201,Despesa monetária e não monetária média mensal familiar,Reais,Unidade da Federação,52,Goiás,2018,Mais de 9.540 a 14.310 Reais,3 Alimentação fora do domicílio,400.39,400.39
6972,1201,Despesa monetária e não monetária média mensal familiar,Reais,Unidade da Federação,53,Distrito Federal,2018,Mais de 9.540 a 14.310 Reais,3 Alimentação fora do domicílio,422.45,422.45
6972,1201,Despesa monetária e não monetária média mensal familiar,Reais,Brasil,1,Brasil,2018,Mais de 9.540 a 14.310 Reais,3.1 Almoço e jantar,308.60,308.6
6972,1201,Despesa monetária e não monetária média mensal familiar,Reais,Unidade da Federação,11,Rondônia,2018,Mais de 9.540 a 14.310 Reais,3.1 Almoço e jantar,149.89,149.89
6972,1201,Despesa monetária e não monetária média mensal familiar,Reais,Unidade da Federação,12,Acre,2018,Mais de 9.540 a 14.310 Reais,3.1 Almoço e jantar,232.51,232.51
6972,1201,Despesa monetária e não monetária média mensal familiar,Reais,Unidade da Federação,13,Amazonas,2018,Mais de 9.540 a 14.310 Reais,3.1 Almoço e jantar,160.64,160.64
6972,1201,Despesa monetária e não monetária média mensal familiar,Reais,Unidade da Federação,14,Roraima,2018,Mais de 9.540 a 14.310 Reais,3.1 Almoço e jantar,107.17,107.17
6972,1201,Despesa monetária e não monetária média mensal familiar,Reais,Unidade da Federação,15,Pará,2018,Mais de 9.540 a 14.310 Reais,3.1 Almoço e jantar,201.27,201.27
6972,1201,Despesa monetária e não monetária média mensal familiar,Reais,Unidade da Federação,16,Amapá,2018,Mais de 9.540 a 14.310 Reais,3.1 Almoço e jantar,249.85,249.85
6972,1201,Despesa monetária e não monetária média mensal familiar,Reais,Unidade da Federação,17,Tocantins,2018,Mais de 9.540 a 14.310 Reais,3.1 Almoço e jantar,249.94,249.94
6972,1201,Despesa monetária e não monetária média mensal familiar,Reais,Unidade da Federação,21,Maranhão,2018,Mais de 9.540 a 14.310 Reais,3.1 Almoço e jantar,133.13,133.13
6972,1201,Despesa monetária e não monetária média mensal familiar,Reais,Unidade da Federação,22,Piauí,2018,Mais de 9.540 a 14.310 Reais,3.1 Almoço e jantar,245.16,245.16
6972,1201,Despesa monetária e não monetária média mensal familiar,Reais,Unidade da Federação,23,Ceará,2018,Mais de 9.540 a 14.310 Reais,3.1 Almoço e jantar,379.98,379.98
6972,1201,Despesa monetária e não monetária média mensal familiar,Reais,Unidade da Federação,24,Rio Grande do Norte,2018,Mais de 9.540 a 14.310 Reais,3.1 Almoço e jantar,298.52,298.52
6972,1201,Despesa monetária e não monetária média mensal familiar,Reais,Unidade da Federação,25,Paraíba,2018,Mais de 9.540 a 14.310 Reais,3.1 Almoço e jantar,261.22,261.22
6972,1201,Despesa monetária e não monetária média mensal familiar,Reais,Unidade da Federação,26,Pernambuco,2018,Mais de 9.540 a 14.310 Reais,3.1 Almoço e jantar,329.07,329.07
6972,1201,Despesa monetária e não monetária média mensal familiar,Reais,Unidade da Federação,27,Alagoas,2018,Mais de 9.540 a 14.310 Reais,3.1 Almoço e jantar,114.33,114.33
6972,1201,Despesa monetária e não monetária média mensal familiar,Reais,Unidade da Federação,28,Sergipe,2018,Mais de 9.540 a 14.310 Reais,3.1 Almoço e jantar,314.75,314.75
6972,1201,Despesa monetária e não monetária média mensal familiar,Reais,Unidade da Federação,29,Bahia,2018,Mais de 9.540 a 14.310 Reais,3.1 Almoço e jantar,265.88,265.88
6972,1201,Despesa monetária e não monetária média mensal familiar,Reais,Unidade da Federação,31,Minas Gerais,2018,Mais de 9.540 a 14.310 Reais,3.1 Almoço e jantar,361.74,361.74
6972,1201,Despesa monetária e não monetária média mensal familiar,Reais,Unidade da Federação,32,Espírito Santo,2018,Mais de 9.540 a 14.310 Reais,3.1 Almoço e jantar,164.96,164.96
6972,1201,Despesa monetária e não monetária média mensal familiar,Reais,Unidade da Federação,33,Rio de Janeiro,2018,Mais de 9.540 a 14.310 Reais,3.1 Almoço e jantar,300.51,300.51
6972,1201,Despesa monetária e não monetária média mensal familiar,Reais,Unidade da Federação,35,São Paulo,2018,Mais de 9.540 a 14.310 Reais,3.1 Almoço e jantar,324.08,324.08
6972,1201,Despesa monetária e não monetária média mensal familiar,Reais,Unidade da Federação,41,Paraná,2018,Mais de 9.540 a 14.310 Reais,3.1 Almoço e jantar,316.88,316.88
6972,1201,Despesa monetária e não monetária média mensal familiar,Reais,Unidade da Federação,42,Santa Catarina,2018,Mais de 9.540 a 14.310 Reais,3.1 Almoço e jantar,283.62,283.62
6972,1201,Despesa monetária e não monetária média mensal familiar,Reais,Unidade da Federação,43,Rio Grande do Sul,2018,Mais de 9.540 a 14.310 Reais,3.1 Almoço e jantar,355.44,355.44
6972,1201,Despesa monetária e não monetária média mensal familiar,Reais,Unidade da Federação,50,Mato Grosso do Sul,2018,Mais de 9.540 a 14.310 Reais,3.1 Almoço e jantar,374.84,374.84
6972,1201,Despesa monetária e não monetária média mensal familiar,Reais,Unidade da Federação,51,Mato Grosso,2018,Mais de 9.540 a 14.310 Reais,3.1 Almoço e jantar,252.34,252.34
6972,1201,Despesa monetária e não monetária média mensal familiar,Reais,Unidade da Federação,52,Goiás,2018,Mais de 9.540 a 14.310 Reais,3.1 Almoço e jantar,263.28,263.28
6972,1201,Despesa monetária e não monetária média mensal familiar,Reais,Unidade da Federação,53,Distrito Federal,2018,Mais de 9.540 a 14.310 Reais,3.1 Almoço e jantar,282.27,282.27
6972,1201,Despesa monetária e não monetária média mensal familiar,Reais,Brasil,1,Brasil,2018,Mais de 9.540 a 14.310 Reais,"3.2 Café, leite, café/leite e chocolate",5.21,5.21
6972,1201,Despesa monetária e não monetária média mensal familiar,Reais,Unidade da Federação,11,Rondônia,2018,Mais de 9.540 a 14.310 Reais,"3.2 Café, leite, café/leite e chocolate",1.90,1.9
6972,1201,Despesa monetária e não monetária média mensal familiar,Reais,Unidade da Federação,12,Acre,2018,Mais de 9.540 a 14.310 Reais,"3.2 Café, leite, café/leite e chocolate",4.77,4.77
6972,1201,Despesa monetária e não monetária média mensal familiar,Reais,Unidade da Federação,13,Amazonas,2018,Mais de 9.540 a 14.310 Reais,"3.2 Café, leite, café/leite e chocolate",1.62,1.62
6972,1201,Despesa monetária e não monetária média mensal familiar,Reais,Unidade da Federação,14,Roraima,2018,Mais de 9.540 a 14.310 Reais,"3.2 Café, leite, café/leite e chocolate",-,0.0
6972,1201,Despesa monetária e não monetária média mensal familiar,Reais,Unidade da Federação,15,Pará,2018,Mais de 9.540 a 14.310 Reais,"3.2 Café, leite, café/leite e chocolate",0.17,0.17
6972,1201,Despesa monetária e não monetária média mensal familiar,Reais,Unidade da Federação,16,Amapá,2018,Mais de 9.540 a 14.310 Reais,"3.2 Café, leite, café/leite e chocolate",3.80,3.8
6972,1201,Despesa monetária e não monetária média mensal familiar,Reais,Unidade da Federação,17,Tocantins,2018,Mais de 9.540 a 14.310 Reais,"3.2 Café, leite, café/leite e chocolate",1.33,1.33
6972,1201,Despesa monetária e não monetária média mensal familiar,Reais,Unidade da Federação,21,Maranhão,2018,Mais de 9.540 a 14.310 Reais,"3.2 Café, leite, café/leite e chocolate",2.10,2.1
6972,1201,Despesa monetária e não monetária média mensal familiar,Reais,Unidade da Federação,22,Piauí,2018,Mais de 9.540 a 14.310 Reais,"3.2 Café, leite, café/leite e chocolate",4.23,4.23
6972,1201,Despesa monetária e não monetária média mensal familiar,Reais,Unidade da Federação,23,Ceará,2018,Mais de 9.540 a 14.310 Reais,"3.2 Café, leite, café/leite e chocolate",3.24,3.24
6972,1201,Despesa monetária e não monetária média mensal familiar,Reais,Unidade da Federação,24,Rio Grande do Norte,2018,Mais de 9.540 a 14.310 Reais,"3.2 Café, leite, café/leite e chocolate",0.57,0.57
6972,1201,Despesa monetária e não monetária média mensal familiar,Reais,Unidade da Federação,25,Paraíba,2018,Mais de 9.540 a 14.310 Reais,"3.2 Café, leite, café/leite e chocolate",0.07,0.07
6972,1201,Despesa monetária e não monetária média mensal familiar,Reais,Unidade da Federação,26,Pernambuco,2018,Mais de 9.540 a 14.310 Reais,"3.2 Café, leite, café/leite e chocolate",3.99,3.99
6972,1201,Despesa monetária e não monetária média mensal familiar,Reais,Unidade da Federação,27,Alagoas,2018,Mais de 9.540 a 14.310 Reais,"3.2 Café, leite, café/leite e chocolate",0.96,0.96
6972,1201,Despesa monetária e não monetária média mensal familiar,Reais,Unidade da Federação,28,Sergipe,2018,Mais de 9.540 a 14.310 Reais,"3.2 Café, leite, café/leite e chocolate",2.49,2.49
6972,1201,Despesa monetária e não monetária média mensal familiar,Reais,Unidade da Federação,29,Bahia,2018,Mais de 9.540 a 14.310 Reais,"3.2 Café, leite, café/leite e chocolate",1.06,1.06
6972,1201,Despesa monetária e não monetária média mensal familiar,Reais,Unidade da Federação,31,Minas Gerais,2018,Mais de 9.540 a 14.310 Reais,"3.2 Café, leite, café/leite e chocolate",2.84,2.84
6972,1201,Despesa monetária e não monetária média mensal familiar,Reais,Unidade da Federação,32,Espírito Santo,2018,Mais de 9.540 a 14.310 Reais,"3.2 Café, leite, café/leite e chocolate",1.60,1.6
6972,1201,Despesa monetária e não monetária média mensal familiar,Reais,Unidade da Federação,33,Rio de Janeiro,2018,Mais de 9.540 a 14.310 Reais,"3.2 Café, leite, café/leite e chocolate",2.30,2.3
6972,1201,Despesa monetária e não monetária média mensal familiar,Reais,Unidade da Federação,35,São Paulo,2018,Mais de 9.540 a 14.310 Reais,"3.2 Café, leite, café/leite e chocolate",9.82,9.82
6972,1201,Despesa monetária e não monetária média mensal familiar,Reais,Unidade da Federação,41,Paraná,2018,Mais de 9.540 a 14.310 Reais,"3.2 Café, leite, café/leite e chocolate",2.68,2.68
6972,1201,Despesa monetária e não monetária média mensal familiar,Reais,Unidade da Federação,42,Santa Catarina,2018,Mais de 9.540 a 14.310 Reais,"3.2 Café, leite, café/leite e chocolate",5.75,5.75
6972,1201,Despesa monetária e não monetária média mensal familiar,Reais,Unidade da Federação,43,Rio Grande do Sul,2018,Mais de 9.540 a 14.310 Reais,"3.2 Café, leite, café/leite e chocolate",4.82,4.82
6972,1201,Despesa monetária e não monetária média mensal familiar,Reais,Unidade da Federação,50,Mato Grosso do Sul,2018,Mais de 9.540 a 14.310 Reais,"3.2 Café, leite, café/leite e chocolate",4.22,4.22
6972,1201,Despesa monetária e não monetária média mensal familiar,Reais,Unidade da Federação,51,Mato Grosso,2018,Mais de 9.540 a 14.310 Reais,"3.2 Café, leite, café/leite e chocolate",2.53,2.53
6972,1201,Despesa monetária e não monetária média mensal familiar,Reais,Unidade da Federação,52,Goiás,2018,Mais de 9.540 a 14.310 Reais,"3.2 Café, leite, café/leite e chocolate",2.27,2.27
6972,1201,Despesa monetária e não monetária média mensal familiar,Reais,Unidade da Federação,53,Distrito Federal,2018,Mais de 9.540 a 14.310 Reais,"3.2 Café, leite, café/leite e chocolate",3.09,3.09
6972,1201,Despesa monetária e não monetária média mensal familiar,Reais,Brasil,1,Brasil,2018,Mais de 9.540 a 14.310 Reais,3.3 Sanduíches e salgados,39.32,39.32
6972,1201,Despesa monetária e não monetária média mensal familiar,Reais,Unidade da Federação,11,Rondônia,2018,Mais de 9.540 a 14.310 Reais,3.3 Sanduíches e salgados,53.57,53.57
6972,1201,Despesa monetária e não monetária média mensal familiar,Reais,Unidade da Federação,12,Acre,2018,Mais de 9.540 a 14.310 Reais,3.3 Sanduíches e salgados,21.65,21.65
6972,1201,Despesa monetária e não monetária média mensal familiar,Reais,Unidade da Federação,13,Amazonas,2018,Mais de 9.540 a 14.310 Reais,3.3 Sanduíches e salgados,24.11,24.11
6972,1201,Despesa monetária e não monetária média mensal familiar,Reais,Unidade da Federação,14,Roraima,2018,Mais de 9.540 a 14.310 Reais,3.3 Sanduíches e salgados,11.17,11.17
6972,1201,Despesa monetária e não monetária média mensal familiar,Reais,Unidade da Federação,15,Pará,2018,Mais de 9.540 a 14.310 Reais,3.3 Sanduíches e salgados,16.69,16.69
6972,1201,Despesa monetária e não monetária média mensal familiar,Reais,Unidade da Federação,16,Amapá,2018,Mais de 9.540 a 14.310 Reais,3.3 Sanduíches e salgados,33.25,33.25
6972,1201,Despesa monetária e não monetária média mensal familiar,Reais,Unidade da Federação,17,Tocantins,2018,Mais de 9.540 a 14.310 Reais,3.3 Sanduíches e salgados,3.30,3.3
6972,1201,Despesa monetária e não monetária média mensal familiar,Reais,Unidade da Federação,21,Maranhão,2018,Mais de 9.540 a 14.310 Reais,3.3 Sanduíches e salgados,37.44,37.44
6972,1201,Despesa monetária e não monetária média mensal familiar,Reais,Unidade da Federação,22,Piauí,2018,Mais de 9.540 a 14.310 Reais,3.3 Sanduíches e salgados,40.71,40.71
6972,1201,Despesa monetária e não monetária média mensal familiar,Reais,Unidade da Federação,23,Ceará,2018,Mais de 9.540 a 14.310 Reais,3.3 Sanduíches e salgados,37.92,37.92
6972,1201,Despesa monetária e não monetária média mensal familiar,Reais,Unidade da Federação,24,Rio Grande do Norte,2018,Mais de 9.540 a 14.310 Reais,3.3 Sanduíches e salgados,38.22,38.22
6972,1201,Despesa monetária e não monetária média mensal familiar,Reais,Unidade da Federação,25,Paraíba,2018,Mais de 9.540 a 14.310 Reais,3.3 Sanduíches e salgados,27.93,27.93
6972,1201,Despesa monetária e não monetária média mensal familiar,Reais,Unidade da Federação,26,Pernambuco,2018,Mais de 9.540 a 14.310 Reais,3.3 Sanduíches e salgados,44.12,44.12
6972,1201,Despesa monetária e não monetária média mensal familiar,Reais,Unidade da Federação,27,Alagoas,2018,Mais de 9.540 a 14.310 Reais,3.3 Sanduíches e salgados,21.71,21.71
6972,1201,Despesa monetária e não monetária média mensal familiar,Reais,Unidade da Federação,28,Sergipe,2018,Mais de 9.540 a 14.310 Reais,3.3 Sanduíches e salgados,31.79,31.79
6972,1201,Despesa monetária e não monetária média mensal familiar,Reais,Unidade da Federação,29,Bahia,2018,Mais de 9.540 a 14.310 Reais,3.3 Sanduíches e salgados,46.13,46.13
6972,1201,Despesa monetária e não monetária média mensal familiar,Reais,Unidade da Federação,31,Minas Gerais,2018,Mais de 9.540 a 14.310 Reais,3.3 Sanduíches e salgados,40.12,40.12
6972,1201,Despesa monetária e não monetária média mensal familiar,Reais,Unidade da Federação,32,Espírito Santo,2018,Mais de 9.540 a 14.310 Reais,3.3 Sanduíches e salgados,25.64,25.64
6972,1201,Despesa monetária e não monetária média mensal familiar,Reais,Unidade da Federação,33,Rio de Janeiro,2018,Mais de 9.540 a 14.310 Reais,3.3 Sanduíches e salgados,48.81,48.81
6972,1201,Despesa monetária e não monetária média mensal familiar,Reais,Unidade da Federação,35,São Paulo,2018,Mais de 9.540 a 14.310 Reais,3.3 Sanduíches e salgados,42.79,42.79
6972,1201,Despesa monetária e não monetária média mensal familiar,Reais,Unidade da Federação,41,Paraná,2018,Mais de 9.540 a 14.310 Reais,3.3 Sanduíches e salgados,27.06,27.06
6972,1201,Despesa monetária e não monetária média mensal familiar,Reais,Unidade da Federação,42,Santa Catarina,2018,Mais de 9.540 a 14.310 Reais,3.3 Sanduíches e salgados,36.81,36.81
6972,1201,Despesa monetária e não monetária média mensal familiar,Reais,Unidade da Federação,43,Rio Grande do Sul,2018,Mais de 9.540 a 14.310 Reais,3.3 Sanduíches e salgados,29.86,29.86
6972,1201,Despesa monetária e não monetária média mensal familiar,Reais,Unidade da Federação,50,Mato Grosso do Sul,2018,Mais de 9.540 a 14.310 Reais,3.3 Sanduíches e salgados,47.87,47.87
6972,1201,Despesa monetária e não monetária média mensal familiar,Reais,Unidade da Federação,51,Mato Grosso,2018,Mais de 9.540 a 14.310 Reais,3.3 Sanduíches e salgados,39.93,39.93
6972,1201,Despesa monetária e não monetária média mensal familiar,Reais,Unidade da Federação,52,Goiás,2018,Mais de 9.540 a 14.310 Reais,3.3 Sanduíches e salgados,34.21,34.21
6972,1201,Despesa monetária e não monetária média mensal familiar,Reais,Unidade da Federação,53,Distrito Federal,2018,Mais de 9.540 a 14.310 Reais,3.3 Sanduíches e salgados,46.12,46.12
6972,1201,Despesa monetária e não monetária média mensal familiar,Reais,Brasil,1,Brasil,2018,Mais de 9.540 a 14.310 Reais,3.4 Refrigerantes e outras bebidas não alcoólicas,12.19,12.19
6972,1201,Despesa monetária e não monetária média mensal familiar,Reais,Unidade da Federação,11,Rondônia,2018,Mais de 9.540 a 14.310 Reais,3.4 Refrigerantes e outras bebidas não alcoólicas,12.85,12.85
6972,1201,Despesa monetária e não monetária média mensal familiar,Reais,Unidade da Federação,12,Acre,2018,Mais de 9.540 a 14.310 Reais,3.4 Refrigerantes e outras bebidas não alcoólicas,19.74,19.74
6972,1201,Despesa monetária e não monetária média mensal familiar,Reais,Unidade da Federação,13,Amazonas,2018,Mais de 9.540 a 14.310 Reais,3.4 Refrigerantes e outras bebidas não alcoólicas,9.51,9.51
6972,1201,Despesa monetária e não monetária média mensal familiar,Reais,Unidade da Federação,14,Roraima,2018,Mais de 9.540 a 14.310 Reais,3.4 Refrigerantes e outras bebidas não alcoólicas,2.25,2.25
6972,1201,Despesa monetária e não monetária média mensal familiar,Reais,Unidade da Federação,15,Pará,2018,Mais de 9.540 a 14.310 Reais,3.4 Refrigerantes e outras bebidas não alcoólicas,7.45,7.45
6972,1201,Despesa monetária e não monetária média mensal familiar,Reais,Unidade da Federação,16,Amapá,2018,Mais de 9.540 a 14.310 Reais,3.4 Refrigerantes e outras bebidas não alcoólicas,26.82,26.82
6972,1201,Despesa monetária e não monetária média mensal familiar,Reais,Unidade da Federação,17,Tocantins,2018,Mais de 9.540 a 14.310 Reais,3.4 Refrigerantes e outras bebidas não alcoólicas,3.31,3.31
6972,1201,Despesa monetária e não monetária média mensal familiar,Reais,Unidade da Federação,21,Maranhão,2018,Mais de 9.540 a 14.310 Reais,3.4 Refrigerantes e outras bebidas não alcoólicas,8.49,8.49
6972,1201,Despesa monetária e não monetária média mensal familiar,Reais,Unidade da Federação,22,Piauí,2018,Mais de 9.540 a 14.310 Reais,3.4 Refrigerantes e outras bebidas não alcoólicas,18.71,18.71
6972,1201,Despesa monetária e não monetária média mensal familiar,Reais,Unidade da Federação,23,Ceará,2018,Mais de 9.540 a 14.310 Reais,3.4 Refrigerantes e outras bebidas não alcoólicas,23.51,23.51
6972,1201,Despesa monetária e não monetária média mensal familiar,Reais,Unidade da Federação,24,Rio Grande do Norte,2018,Mais de 9.540 a 14.310 Reais,3.4 Refrigerantes e outras bebidas não alcoólicas,5.50,5.5
6972,1201,Despesa monetária e não monetária média mensal familiar,Reais,Unidade da Federação,25,Paraíba,2018,Mais de 9.540 a 14.310 Reais,3.4 Refrigerantes e outras bebidas não alcoólicas,6.48,6.48
6972,1201,Despesa monetária e não monetária média mensal familiar,Reais,Unidade da Federação,26,Pernambuco,2018,Mais de 9.540 a 14.310 Reais,3.4 Refrigerantes e outras bebidas não alcoólicas,13.30,13.3
6972,1201,Despesa monetária e não monetária média mensal familiar,Reais,Unidade da Federação,27,Alagoas,2018,Mais de 9.540 a 14.310 Reais,3.4 Refrigerantes e outras bebidas não alcoólicas,10.53,10.53
6972,1201,Despesa monetária e não monetária média mensal familiar,Reais,Unidade da Federação,28,Sergipe,2018,Mais de 9.540 a 14.310 Reais,3.4 Refrigerantes e outras bebidas não alcoólicas,64.13,64.13
6972,1201,Despesa monetária e não monetária média mensal familiar,Reais,Unidade da Federação,29,Bahia,2018,Mais de 9.540 a 14.310 Reais,3.4 Refrigerantes e outras bebidas não alcoólicas,13.28,13.28
6972,1201,Despesa monetária e não monetária média mensal familiar,Reais,Unidade da Federação,31,Minas Gerais,2018,Mais de 9.540 a 14.310 Reais,3.4 Refrigerantes e outras bebidas não alcoólicas,14.67,14.67
6972,1201,Despesa monetária e não monetária média mensal familiar,Reais,Unidade da Federação,32,Espírito Santo,2018,Mais de 9.540 a 14.310 Reais,3.4 Refrigerantes e outras bebidas não alcoólicas,17.40,17.4
6972,1201,Despesa monetária e não monetária média mensal familiar,Reais,Unidade da Federação,33,Rio de Janeiro,2018,Mais de 9.540 a 14.310 Reais,3.4 Refrigerantes e outras bebidas não alcoólicas,8.03,8.03
6972,1201,Despesa monetária e não monetária média mensal familiar,Reais,Unidade da Federação,35,São Paulo,2018,Mais de 9.540 a 14.310 Reais,3.4 Refrigerantes e outras bebidas não alcoólicas,12.29,12.29
6972,1201,Despesa monetária e não monetária média mensal familiar,Reais,Unidade da Federação,41,Paraná,2018,Mais de 9.540 a 14.310 Reais,3.4 Refrigerantes e outras bebidas não alcoólicas,11.03,11.03
6972,1201,Despesa monetária e não monetária média mensal familiar,Reais,Unidade da Federação,42,Santa Catarina,2018,Mais de 9.540 a 14.310 Reais,3.4 Refrigerantes e outras bebidas não alcoólicas,10.66,10.66
6972,1201,Despesa monetária e não monetária média mensal familiar,Reais,Unidade da Federação,43,Rio Grande do Sul,2018,Mais de 9.540 a 14.310 Reais,3.4 Refrigerantes e outras bebidas não alcoólicas,6.95,6.95
6972,1201,Despesa monetária e não monetária média mensal familiar,Reais,Unidade da Federação,50,Mato Grosso do Sul,2018,Mais de 9.540 a 14.310 Reais,3.4 Refrigerantes e outras bebidas não alcoólicas,12.36,12.36
6972,1201,Despesa monetária e não monetária média mensal familiar,Reais,Unidade da Federação,51,Mato Grosso,2018,Mais de 9.540 a 14.310 Reais,3.4 Refrigerantes e outras bebidas não alcoólicas,25.98,25.98
6972,1201,Despesa monetária e não monetária média mensal familiar,Reais,Unidade da Federação,52,Goiás,2018,Mais de 9.540 a 14.310 Reais,3.4 Refrigerantes e outras bebidas não alcoólicas,18.64,18.64
6972,1201,Despesa monetária e não monetária média mensal familiar,Reais,Unidade da Federação,53,Distrito Federal,2018,Mais de 9.540 a 14.310 Reais,3.4 Refrigerantes e outras bebidas não alcoólicas,9.11,9.11
6972,1201,Despesa monetária e não monetária média mensal familiar,Reais,Brasil,1,Brasil,2018,Mais de 9.540 a 14.310 Reais,3.5 Lanches,24.84,24.84
6972,1201,Despesa monetária e não monetária média mensal familiar,Reais,Unidade da Federação,11,Rondônia,2018,Mais de 9.540 a 14.310 Reais,3.5 Lanches,20.42,20.42
6972,1201,Despesa monetária e não monetária média mensal familiar,Reais,Unidade da Federação,12,Acre,2018,Mais de 9.540 a 14.310 Reais,3.5 Lanches,6.28,6.28
6972,1201,Despesa monetária e não monetária média mensal familiar,Reais,Unidade da Federação,13,Amazonas,2018,Mais de 9.540 a 14.310 Reais,3.5 Lanches,19.63,19.63
6972,1201,Despesa monetária e não monetária média mensal familiar,Reais,Unidade da Federação,14,Roraima,2018,Mais de 9.540 a 14.310 Reais,3.5 Lanches,-,0.0
6972,1201,Despesa monetária e não monetária média mensal familiar,Reais,Unidade da Federação,15,Pará,2018,Mais de 9.540 a 14.310 Reais,3.5 Lanches,9.71,9.71
6972,1201,Despesa monetária e não monetária média mensal familiar,Reais,Unidade da Federação,16,Amapá,2018,Mais de 9.540 a 14.310 Reais,3.5 Lanches,16.64,16.64
6972,1201,Despesa monetária e não monetária média mensal familiar,Reais,Unidade da Federação,17,Tocantins,2018,Mais de 9.540 a 14.310 Reais,3.5 Lanches,-,0.0
6972,1201,Despesa monetária e não monetária média mensal familiar,Reais,Unidade da Federação,21,Maranhão,2018,Mais de 9.540 a 14.310 Reais,3.5 Lanches,11.47,11.47
6972,1201,Despesa monetária e não monetária média mensal familiar,Reais,Unidade da Federação,22,Piauí,2018,Mais de 9.540 a 14.310 Reais,3.5 Lanches,25.76,25.76
6972,1201,Despesa monetária e não monetária média mensal familiar,Reais,Unidade da Federação,23,Ceará,2018,Mais de 9.540 a 14.310 Reais,3.5 Lanches,15.40,15.4
6972,1201,Despesa monetária e não monetária média mensal familiar,Reais,Unidade da Federação,24,Rio Grande do Norte,2018,Mais de 9.540 a 14.310 Reais,3.5 Lanches,133.67,133.67
6972,1201,Despesa monetária e não monetária média mensal familiar,Reais,Unidade da Federação,25,Paraíba,2018,Mais de 9.540 a 14.310 Reais,3.5 Lanches,9.34,9.34
6972,1201,Despesa monetária e não monetária média mensal familiar,Reais,Unidade da Federação,26,Pernambuco,2018,Mais de 9.540 a 14.310 Reais,3.5 Lanches,30.34,30.34
6972,1201,Despesa monetária e não monetária média mensal familiar,Reais,Unidade da Federação,27,Alagoas,2018,Mais de 9.540 a 14.310 Reais,3.5 Lanches,0.82,0.82
6972,1201,Despesa monetária e não monetária média mensal familiar,Reais,Unidade da Federação,28,Sergipe,2018,Mais de 9.540 a 14.310 Reais,3.5 Lanches,71.11,71.11
6972,1201,Despesa monetária e não monetária média mensal familiar,Reais,Unidade da Federação,29,Bahia,2018,Mais de 9.540 a 14.310 Reais,3.5 Lanches,46.43,46.43
6972,1201,Despesa monetária e não monetária média mensal familiar,Reais,Unidade da Federação,31,Minas Gerais,2018,Mais de 9.540 a 14.310 Reais,3.5 Lanches,46.39,46.39
6972,1201,Despesa monetária e não monetária média mensal familiar,Reais,Unidade da Federação,32,Espírito Santo,2018,Mais de 9.540 a 14.310 Reais,3.5 Lanches,7.24,7.24
6972,1201,Despesa monetária e não monetária média mensal familiar,Reais,Unidade da Federação,33,Rio de Janeiro,2018,Mais de 9.540 a 14.310 Reais,3.5 Lanches,11.51,11.51
6972,1201,Despesa monetária e não monetária média mensal familiar,Reais,Unidade da Federação,35,São Paulo,2018,Mais de 9.540 a 14.310 Reais,3.5 Lanches,19.19,19.19
6972,1201,Despesa monetária e não monetária média mensal familiar,Reais,Unidade da Federação,41,Paraná,2018,Mais de 9.540 a 14.310 Reais,3.5 Lanches,25.05,25.05
6972,1201,Despesa monetária e não monetária média mensal familiar,Reais,Unidade da Federação,42,Santa Catarina,2018,Mais de 9.540 a 14.310 Reais,3.5 Lanches,15.75,15.75
6972,1201,Despesa monetária e não monetária média mensal familiar,Reais,Unidade da Federação,43,Rio Grande do Sul,2018,Mais de 9.540 a 14.310 Reais,3.5 Lanches,29.12,29.12
6972,1201,Despesa monetária e não monetária média mensal familiar,Reais,Unidade da Federação,50,Mato Grosso do Sul,2018,Mais de 9.540 a 14.310 Reais,3.5 Lanches,27.81,27.81
6972,1201,Despesa monetária e não monetária média mensal familiar,Reais,Unidade da Federação,51,Mato Grosso,2018,Mais de 9.540 a 14.310 Reais,3.5 Lanches,28.14,28.14
6972,1201,Despesa monetária e não monetária média mensal familiar,Reais,Unidade da Federação,52,Goiás,2018,Mais de 9.540 a 14.310 Reais,3.5 Lanches,31.13,31.13
6972,1201,Despesa monetária e não monetária média mensal familiar,Reais,Unidade da Federação,53,Distrito Federal,2018,Mais de 9.540 a 14.310 Reais,3.5 Lanches,38.34,38.34
6972,1201,Despesa monetária e não monetária média mensal familiar,Reais,Brasil,1,Brasil,2018,Mais de 9.540 a 14.310 Reais,"3.6 Cervejas, chopes e outras bebidas alcoólicas",19.38,19.38
6972,1201,Despesa monetária e não monetária média mensal familiar,Reais,Unidade da Federação,11,Rondônia,2018,Mais de 9.540 a 14.310 Reais,"3.6 Cervejas, chopes e outras bebidas alcoólicas",46.50,46.5
6972,1201,Despesa monetária e não monetária média mensal familiar,Reais,Unidade da Federação,12,Acre,2018,Mais de 9.540 a 14.310 Reais,"3.6 Cervejas, chopes e outras bebidas alcoólicas",4.61,4.61
6972,1201,Despesa monetária e não monetária média mensal familiar,Reais,Unidade da Federação,13,Amazonas,2018,Mais de 9.540 a 14.310 Reais,"3.6 Cervejas, chopes e outras bebidas alcoólicas",9.03,9.03
6972,1201,Despesa monetária e não monetária média mensal familiar,Reais,Unidade da Federação,14,Roraima,2018,Mais de 9.540 a 14.310 Reais,"3.6 Cervejas, chopes e outras bebidas alcoólicas",-,0.0
6972,1201,Despesa monetária e não monetária média mensal familiar,Reais,Unidade da Federação,15,Pará,2018,Mais de 9.540 a 14.310 Reais,"3.6 Cervejas, chopes e outras bebidas alcoólicas",6.79,6.79
6972,1201,Despesa monetária e não monetária média mensal familiar,Reais,Unidade da Federação,16,Amapá,2018,Mais de 9.540 a 14.310 Reais,"3.6 Cervejas, chopes e outras bebidas alcoólicas",28.22,28.22
6972,1201,Despesa monetária e não monetária média mensal familiar,Reais,Unidade da Federação,17,Tocantins,2018,Mais de 9.540 a 14.310 Reais,"3.6 Cervejas, chopes e outras bebidas alcoólicas",40.45,40.45
6972,1201,Despesa monetária e não monetária média mensal familiar,Reais,Unidade da Federação,21,Maranhão,2018,Mais de 9.540 a 14.310 Reais,"3.6 Cervejas, chopes e outras bebidas alcoólicas",17.11,17.11
6972,1201,Despesa monetária e não monetária média mensal familiar,Reais,Unidade da Federação,22,Piauí,2018,Mais de 9.540 a 14.310 Reais,"3.6 Cervejas, chopes e outras bebidas alcoólicas",31.06,31.06
6972,1201,Despesa monetária e não monetária média mensal familiar,Reais,Unidade da Federação,23,Ceará,2018,Mais de 9.540 a 14.310 Reais,"3.6 Cervejas, chopes e outras bebidas alcoólicas",1.81,1.81
6972,1201,Despesa monetária e não monetária média mensal familiar,Reais,Unidade da Federação,24,Rio Grande do Norte,2018,Mais de 9.540 a 14.310 Reais,"3.6 Cervejas, chopes e outras bebidas alcoólicas",37.15,37.15
6972,1201,Despesa monetária e não monetária média mensal familiar,Reais,Unidade da Federação,25,Paraíba,2018,Mais de 9.540 a 14.310 Reais,"3.6 Cervejas, chopes e outras bebidas alcoólicas",4.61,4.61
6972,1201,Despesa monetária e não monetária média mensal familiar,Reais,Unidade da Federação,26,Pernambuco,2018,Mais de 9.540 a 14.310 Reais,"3.6 Cervejas, chopes e outras bebidas alcoólicas",23.28,23.28
6972,1201,Despesa monetária e não monetária média mensal familiar,Reais,Unidade da Federação,27,Alagoas,2018,Mais de 9.540 a 14.310 Reais,"3.6 Cervejas, chopes e outras bebidas alcoólicas",10.10,10.1
6972,1201,Despesa monetária e não monetária média mensal familiar,Reais,Unidade da Federação,28,Sergipe,2018,Mais de 9.540 a 14.310 Reais,"3.6 Cervejas, chopes e outras bebidas alcoólicas",16.34,16.34
6972,1201,Despesa monetária e não monetária média mensal familiar,Reais,Unidade da Federação,29,Bahia,2018,Mais de 9.540 a 14.310 Reais,"3.6 Cervejas, chopes e outras bebidas alcoólicas",23.09,23.09
6972,1201,Despesa monetária e não monetária média mensal familiar,Reais,Unidade da Federação,31,Minas Gerais,2018,Mais de 9.540 a 14.310 Reais,"3.6 Cervejas, chopes e outras bebidas alcoólicas",14.46,14.46
6972,1201,Despesa monetária e não monetária média mensal familiar,Reais,Unidade da Federação,32,Espírito Santo,2018,Mais de 9.540 a 14.310 Reais,"3.6 Cervejas, chopes e outras bebidas alcoólicas",16.57,16.57
6972,1201,Despesa monetária e não monetária média mensal familiar,Reais,Unidade da Federação,33,Rio de Janeiro,2018,Mais de 9.540 a 14.310 Reais,"3.6 Cervejas, chopes e outras bebidas alcoólicas",33.96,33.96
6972,1201,Despesa monetária e não monetária média mensal familiar,Reais,Unidade da Federação,35,São Paulo,2018,Mais de 9.540 a 14.310 Reais,"3.6 Cervejas, chopes e outras bebidas alcoólicas",15.97,15.97
6972,1201,Despesa monetária e não monetária média mensal familiar,Reais,Unidade da Federação,41,Paraná,2018,Mais de 9.540 a 14.310 Reais,"3.6 Cervejas, chopes e outras bebidas alcoólicas",10.62,10.62
6972,1201,Despesa monetária e não monetária média mensal familiar,Reais,Unidade da Federação,42,Santa Catarina,2018,Mais de 9.540 a 14.310 Reais,"3.6 Cervejas, chopes e outras bebidas alcoólicas",32.17,32.17
6972,1201,Despesa monetária e não monetária média mensal familiar,Reais,Unidade da Federação,43,Rio Grande do Sul,2018,Mais de 9.540 a 14.310 Reais,"3.6 Cervejas, chopes e outras bebidas alcoólicas",11.16,11.16
6972,1201,Despesa monetária e não monetária média mensal familiar,Reais,Unidade da Federação,50,Mato Grosso do Sul,2018,Mais de 9.540 a 14.310 Reais,"3.6 Cervejas, chopes e outras bebidas alcoólicas",16.97,16.97
6972,1201,Despesa monetária e não monetária média mensal familiar,Reais,Unidade da Federação,51,Mato Grosso,2018,Mais de 9.540 a 14.310 Reais,"3.6 Cervejas, chopes e outras bebidas alcoólicas",16.73,16.73
6972,1201,Despesa monetária e não monetária média mensal familiar,Reais,Unidade da Federação,52,Goiás,2018,Mais de 9.540 a 14.310 Reais,"3.6 Cervejas, chopes e outras bebidas alcoólicas",36.36,36.36
6972,1201,Despesa monetária e não monetária média mensal familiar,Reais,Unidade da Federação,53,Distrito Federal,2018,Mais de 9.540 a 14.310 Reais,"3.6 Cervejas, chopes e outras bebidas alcoólicas",33.34,33.34
6972,1201,Despesa monetária e não monetária média mensal familiar,Reais,Brasil,1,Brasil,2018,Mais de 9.540 a 14.310 Reais,3.8 Alimentação fora do domicílio - light e diet,0.42,0.42
6972,1201,Despesa monetária e não monetária média mensal familiar,Reais,Unidade da Federação,11,Rondônia,2018,Mais de 9.540 a 14.310 Reais,3.8 Alimentação fora do domicílio - light e diet,-,0.0
6972,1201,Despesa monetária e não monetária média mensal familiar,Reais,Unidade da Federação,12,Acre,2018,Mais de 9.540 a 14.310 Reais,3.8 Alimentação fora do domicílio - light e diet,-,0.0
6972,1201,Despesa monetária e não monetária média mensal familiar,Reais,Unidade da Federação,13,Amazonas,2018,Mais de 9.540 a 14.310 Reais,3.8 Alimentação fora do domicílio - light e diet,-,0.0
6972,1201,Despesa monetária e não monetária média mensal familiar,Reais,Unidade da Federação,14,Roraima,2018,Mais de 9.540 a 14.310 Reais,3.8 Alimentação fora do domicílio - light e diet,-,0.0
6972,1201,Despesa monetária e não monetária média mensal familiar,Reais,Unidade da Federação,15,Pará,2018,Mais de 9.540 a 14.310 Reais,3.8 Alimentação fora do domicílio - light e diet,-,0.0
6972,1201,Despesa monetária e não monetária média mensal familiar,Reais,Unidade da Federação,16,Amapá,2018,Mais de 9.540 a 14.310 Reais,3.8 Alimentação fora do domicílio - light e diet,-,0.0
6972,1201,Despesa monetária e não monetária média mensal familiar,Reais,Unidade da Federação,17,Tocantins,2018,Mais de 9.540 a 14.310 Reais,3.8 Alimentação fora do domicílio - light e diet,-,0.0
6972,1201,Despesa monetária e não monetária média mensal familiar,Reais,Unidade da Federação,21,Maranhão,2018,Mais de 9.540 a 14.310 Reais,3.8 Alimentação fora do domicílio - light e diet,0.65,0.65
6972,1201,Despesa monetária e não monetária média mensal familiar,Reais,Unidade da Federação,22,Piauí,2018,Mais de 9.540 a 14.310 Reais,3.8 Alimentação fora do domicílio - light e diet,-,0.0
6972,1201,Despesa monetária e não monetária média mensal familiar,Reais,Unidade da Federação,23,Ceará,2018,Mais de 9.540 a 14.310 Reais,3.8 Alimentação fora do domicílio - light e diet,-,0.0
6972,1201,Despesa monetária e não monetária média mensal familiar,Reais,Unidade da Federação,24,Rio Grande do Norte,2018,Mais de 9.540 a 14.310 Reais,3.8 Alimentação fora do domicílio - light e diet,0.26,0.26
6972,1201,Despesa monetária e não monetária média mensal familiar,Reais,Unidade da Federação,25,Paraíba,2018,Mais de 9.540 a 14.310 Reais,3.8 Alimentação fora do domicílio - light e diet,-,0.0
6972,1201,Despesa monetária e não monetária média mensal familiar,Reais,Unidade da Federação,26,Pernambuco,2018,Mais de 9.540 a 14.310 Reais,3.8 Alimentação fora do domicílio - light e diet,-,0.0
6972,1201,Despesa monetária e não monetária média mensal familiar,Reais,Unidade da Federação,27,Alagoas,2018,Mais de 9.540 a 14.310 Reais,3.8 Alimentação fora do domicílio - light e diet,-,0.0
6972,1201,Despesa monetária e não monetária média mensal familiar,Reais,Unidade da Federação,28,Sergipe,2018,Mais de 9.540 a 14.310 Reais,3.8 Alimentação fora do domicílio - light e diet,-,0.0
6972,1201,Despesa monetária e não monetária média mensal familiar,Reais,Unidade da Federação,29,Bahia,2018,Mais de 9.540 a 14.310 Reais,3.8 Alimentação fora do domicílio - light e diet,0.71,0.71
6972,1201,Despesa monetária e não monetária média mensal familiar,Reais,Unidade da Federação,31,Minas Gerais,2018,Mais de 9.540 a 14.310 Reais,3.8 Alimentação fora do domicílio - light e diet,0.00,0.0
6972,1201,Despesa monetária e não monetária média mensal familiar,Reais,Unidade da Federação,32,Espírito Santo,2018,Mais de 9.540 a 14.310 Reais,3.8 Alimentação fora do domicílio - light e diet,-,0.0
6972,1201,Despesa monetária e não monetária média mensal familiar,Reais,Unidade da Federação,33,Rio de Janeiro,2018,Mais de 9.540 a 14.310 Reais,3.8 Alimentação fora do domicílio - light e diet,3.00,3.0
6972,1201,Despesa monetária e não monetária média mensal familiar,Reais,Unidade da Federação,35,São Paulo,2018,Mais de 9.540 a 14.310 Reais,3.8 Alimentação fora do domicílio - light e diet,0.00,0.0
6972,1201,Despesa monetária e não monetária média mensal familiar,Reais,Unidade da Federação,41,Paraná,2018,Mais de 9.540 a 14.310 Reais,3.8 Alimentação fora do domicílio - light e diet,-,0.0
6972,1201,Despesa monetária e não monetária média mensal familiar,Reais,Unidade da Federação,42,Santa Catarina,2018,Mais de 9.540 a 14.310 Reais,3.8 Alimentação fora do domicílio - light e diet,0.35,0.35
6972,1201,Despesa monetária e não monetária média mensal familiar,Reais,Unidade da Federação,43,Rio Grande do Sul,2018,Mais de 9.540 a 14.310 Reais,3.8 Alimentação fora do domicílio - light e diet,0.15,0.15
6972,1201,Despesa monetária e não monetária média mensal familiar,Reais,Unidade da Federação,50,Mato Grosso do Sul,2018,Mais de 9.540 a 14.310 Reais,3.8 Alimentação fora do domicílio - light e diet,-,0.0
6972,1201,Despesa monetária e não monetária média mensal familiar,Reais,Unidade da Federação,51,Mato Grosso,2018,Mais de 9.540 a 14.310 Reais,3.8 Alimentação fora do domicílio - light e diet,-,0.0
6972,1201,Despesa monetária e não monetária média mensal familiar,Reais,Unidade da Federação,52,Goiás,2018,Mais de 9.540 a 14.310 Reais,3.8 Alimentação fora do domicílio - light e diet,0.02,0.02
6972,1201,Despesa monetária e não monetária média mensal familiar,Reais,Unidade da Federação,53,Distrito Federal,2018,Mais de 9.540 a 14.310 Reais,3.8 Alimentação fora do domicílio - light e diet,-,0.0
6972,1201,Despesa monetária e não monetária média mensal familiar,Reais,Brasil,1,Brasil,2018,Mais de 9.540 a 14.310 Reais,3.9 Outras,20.68,20.68
6972,1201,Despesa monetária e não monetária média mensal familiar,Reais,Unidade da Federação,11,Rondônia,2018,Mais de 9.540 a 14.310 Reais,3.9 Outras,16.98,16.98
6972,1201,Despesa monetária e não monetária média mensal familiar,Reais,Unidade da Federação,12,Acre,2018,Mais de 9.540 a 14.310 Reais,3.9 Outras,7.27,7.27
6972,1201,Despesa monetária e não monetária média mensal familiar,Reais,Unidade da Federação,13,Amazonas,2018,Mais de 9.540 a 14.310 Reais,3.9 Outras,12.22,12.22
6972,1201,Despesa monetária e não monetária média mensal familiar,Reais,Unidade da Federação,14,Roraima,2018,Mais de 9.540 a 14.310 Reais,3.9 Outras,5.21,5.21
6972,1201,Despesa monetária e não monetária média mensal familiar,Reais,Unidade da Federação,15,Pará,2018,Mais de 9.540 a 14.310 Reais,3.9 Outras,4.96,4.96
6972,1201,Despesa monetária e não monetária média mensal familiar,Reais,Unidade da Federação,16,Amapá,2018,Mais de 9.540 a 14.310 Reais,3.9 Outras,7.30,7.3
6972,1201,Despesa monetária e não monetária média mensal familiar,Reais,Unidade da Federação,17,Tocantins,2018,Mais de 9.540 a 14.310 Reais,3.9 Outras,4.92,4.92
6972,1201,Despesa monetária e não monetária média mensal familiar,Reais,Unidade da Federação,21,Maranhão,2018,Mais de 9.540 a 14.310 Reais,3.9 Outras,4.36,4.36
6972,1201,Despesa monetária e não monetária média mensal familiar,Reais,Unidade da Federação,22,Piauí,2018,Mais de 9.540 a 14.310 Reais,3.9 Outras,14.60,14.6
6972,1201,Despesa monetária e não monetária média mensal familiar,Reais,Unidade da Federação,23,Ceará,2018,Mais de 9.540 a 14.310 Reais,3.9 Outras,8.77,8.77
6972,1201,Despesa monetária e não monetária média mensal familiar,Reais,Unidade da Federação,24,Rio Grande do Norte,2018,Mais de 9.540 a 14.310 Reais,3.9 Outras,8.13,8.13
6972,1201,Despesa monetária e não monetária média mensal familiar,Reais,Unidade da Federação,25,Paraíba,2018,Mais de 9.540 a 14.310 Reais,3.9 Outras,2.36,2.36
6972,1201,Despesa monetária e não monetária média mensal familiar,Reais,Unidade da Federação,26,Pernambuco,2018,Mais de 9.540 a 14.310 Reais,3.9 Outras,11.43,11.43
6972,1201,Despesa monetária e não monetária média mensal familiar,Reais,Unidade da Federação,27,Alagoas,2018,Mais de 9.540 a 14.310 Reais,3.9 Outras,1.12,1.12
6972,1201,Despesa monetária e não monetária média mensal familiar,Reais,Unidade da Federação,28,Sergipe,2018,Mais de 9.540 a 14.310 Reais,3.9 Outras,52.42,52.42
6972,1201,Despesa monetária e não monetária média mensal familiar,Reais,Unidade da Federação,29,Bahia,2018,Mais de 9.540 a 14.310 Reais,3.9 Outras,21.66,21.66
6972,1201,Despesa monetária e não monetária média mensal familiar,Reais,Unidade da Federação,31,Minas Gerais,2018,Mais de 9.540 a 14.310 Reais,3.9 Outras,38.61,38.61
6972,1201,Despesa monetária e não monetária média mensal familiar,Reais,Unidade da Federação,32,Espírito Santo,2018,Mais de 9.540 a 14.310 Reais,3.9 Outras,21.89,21.89
6972,1201,Despesa monetária e não monetária média mensal familiar,Reais,Unidade da Federação,33,Rio de Janeiro,2018,Mais de 9.540 a 14.310 Reais,3.9 Outras,4.72,4.72
6972,1201,Despesa monetária e não monetária média mensal familiar,Reais,Unidade da Federação,35,São Paulo,2018,Mais de 9.540 a 14.310 Reais,3.9 Outras,25.06,25.06
6972,1201,Despesa monetária e não monetária média mensal familiar,Reais,Unidade da Federação,41,Paraná,2018,Mais de 9.540 a 14.310 Reais,3.9 Outras,15.51,15.51
6972,1201,Despesa monetária e não monetária média mensal familiar,Reais,Unidade da Federação,42,Santa Catarina,2018,Mais de 9.540 a 14.310 Reais,3.9 Outras,23.69,23.69
6972,1201,Despesa monetária e não monetária média mensal familiar,Reais,Unidade da Federação,43,Rio Grande do Sul,2018,Mais de 9.540 a 14.310 Reais,3.9 Outras,16.07,16.07
6972,1201,Despesa monetária e não monetária média mensal familiar,Reais,Unidade da Federação,50,Mato Grosso do Sul,2018,Mais de 9.540 a 14.310 Reais,3.9 Outras,41.57,41.57
6972,1201,Despesa monetária e não monetária média mensal familiar,Reais,Unidade da Federação,51,Mato Grosso,2018,Mais de 9.540 a 14.310 Reais,3.9 Outras,69.80,69.8
6972,1201,Despesa monetária e não monetária média mensal familiar,Reais,Unidade da Federação,52,Goiás,2018,Mais de 9.540 a 14.310 Reais,3.9 Outras,14.48,14.48
6972,1201,Despesa monetária e não monetária média mensal familiar,Reais,Unidade da Federação,53,Distrito Federal,2018,Mais de 9.540 a 14.310 Reais,3.9 Outras,10.19,10.19
6972,1201,Despesa monetária e não monetária média mensal familiar,Reais,Brasil,1,Brasil,2018,Mais de 14.310 a 23.850 Reais,1 Despesas com alimentação,1478.68,1478.68
6972,1201,Despesa monetária e não monetária média mensal familiar,Reais,Unidade da Federação,11,Rondônia,2018,Mais de 14.310 a 23.850 Reais,1 Despesas com alimentação,904.45,904.45
6972,1201,Despesa monetária e não monetária média mensal familiar,Reais,Unidade da Federação,12,Acre,2018,Mais de 14.310 a 23.850 Reais,1 Despesas com alimentação,878.31,878.31
6972,1201,Despesa monetária e não monetária média mensal familiar,Reais,Unidade da Federação,13,Amazonas,2018,Mais de 14.310 a 23.850 Reais,1 Despesas com alimentação,1134.25,1134.25
6972,1201,Despesa monetária e não monetária média mensal familiar,Reais,Unidade da Federação,14,Roraima,2018,Mais de 14.310 a 23.850 Reais,1 Despesas com alimentação,663.94,663.94
6972,1201,Despesa monetária e não monetária média mensal familiar,Reais,Unidade da Federação,15,Pará,2018,Mais de 14.310 a 23.850 Reais,1 Despesas com alimentação,2463.17,2463.17
6972,1201,Despesa monetária e não monetária média mensal familiar,Reais,Unidade da Federação,16,Amapá,2018,Mais de 14.310 a 23.850 Reais,1 Despesas com alimentação,1733.69,1733.69
6972,1201,Despesa monetária e não monetária média mensal familiar,Reais,Unidade da Federação,17,Tocantins,2018,Mais de 14.310 a 23.850 Reais,1 Despesas com alimentação,770.28,770.28
6972,1201,Despesa monetária e não monetária média mensal familiar,Reais,Unidade da Federação,21,Maranhão,2018,Mais de 14.310 a 23.850 Reais,1 Despesas com alimentação,1083.90,1083.9
6972,1201,Despesa monetária e não monetária média mensal familiar,Reais,Unidade da Federação,22,Piauí,2018,Mais de 14.310 a 23.850 Reais,1 Despesas com alimentação,1723.31,1723.31
6972,1201,Despesa monetária e não monetária média mensal familiar,Reais,Unidade da Federação,23,Ceará,2018,Mais de 14.310 a 23.850 Reais,1 Despesas com alimentação,1296.32,1296.32
6972,1201,Despesa monetária e não monetária média mensal familiar,Reais,Unidade da Federação,24,Rio Grande do Norte,2018,Mais de 14.310 a 23.850 Reais,1 Despesas com alimentação,1642.62,1642.62
6972,1201,Despesa monetária e não monetária média mensal familiar,Reais,Unidade da Federação,25,Paraíba,2018,Mais de 14.310 a 23.850 Reais,1 Despesas com alimentação,1317.05,1317.05
6972,1201,Despesa monetária e não monetária média mensal familiar,Reais,Unidade da Federação,26,Pernambuco,2018,Mais de 14.310 a 23.850 Reais,1 Despesas com alimentação,1366.79,1366.79
6972,1201,Despesa monetária e não monetária média mensal familiar,Reais,Unidade da Federação,27,Alagoas,2018,Mais de 14.310 a 23.850 Reais,1 Despesas com alimentação,953.16,953.16
6972,1201,Despesa monetária e não monetária média mensal familiar,Reais,Unidade da Federação,28,Sergipe,2018,Mais de 14.310 a 23.850 Reais,1 Despesas com alimentação,1511.13,1511.13
6972,1201,Despesa monetária e não monetária média mensal familiar,Reais,Unidade da Federação,29,Bahia,2018,Mais de 14.310 a 23.850 Reais,1 Despesas com alimentação,1705.04,1705.04
6972,1201,Despesa monetária e não monetária média mensal familiar,Reais,Unidade da Federação,31,Minas Gerais,2018,Mais de 14.310 a 23.850 Reais,1 Despesas com alimentação,1511.11,1511.11
6972,1201,Despesa monetária e não monetária média mensal familiar,Reais,Unidade da Federação,32,Espírito Santo,2018,Mais de 14.310 a 23.850 Reais,1 Despesas com alimentação,1096.40,1096.4
6972,1201,Despesa monetária e não monetária média mensal familiar,Reais,Unidade da Federação,33,Rio de Janeiro,2018,Mais de 14.310 a 23.850 Reais,1 Despesas com alimentação,1403.07,1403.07
6972,1201,Despesa monetária e não monetária média mensal familiar,Reais,Unidade da Federação,35,São Paulo,2018,Mais de 14.310 a 23.850 Reais,1 Despesas com alimentação,1515.31,1515.31
6972,1201,Despesa monetária e não monetária média mensal familiar,Reais,Unidade da Federação,41,Paraná,2018,Mais de 14.310 a 23.850 Reais,1 Despesas com alimentação,1456.71,1456.71
6972,1201,Despesa monetária e não monetária média mensal familiar,Reais,Unidade da Federação,42,Santa Catarina,2018,Mais de 14.310 a 23.850 Reais,1 Despesas com alimentação,1450.36,1450.36
6972,1201,Despesa monetária e não monetária média mensal familiar,Reais,Unidade da Federação,43,Rio Grande do Sul,2018,Mais de 14.310 a 23.850 Reais,1 Despesas com alimentação,1499.12,1499.12
6972,1201,Despesa monetária e não monetária média mensal familiar,Reais,Unidade da Federação,50,Mato Grosso do Sul,2018,Mais de 14.310 a 23.850 Reais,1 Despesas com alimentação,1524.81,1524.81
6972,1201,Despesa monetária e não monetária média mensal familiar,Reais,Unidade da Federação,51,Mato Grosso,2018,Mais de 14.310 a 23.850 Reais,1 Despesas com alimentação,1530.53,1530.53
6972,1201,Despesa monetária e não monetária média mensal familiar,Reais,Unidade da Federação,52,Goiás,2018,Mais de 14.310 a 23.850 Reais,1 Despesas com alimentação,1301.29,1301.29
6972,1201,Despesa monetária e não monetária média mensal familiar,Reais,Unidade da Federação,53,Distrito Federal,2018,Mais de 14.310 a 23.850 Reais,1 Despesas com alimentação,1441.89,1441.89
6972,1201,Despesa monetária e não monetária média mensal familiar,Reais,Brasil,1,Brasil,2018,Mais de 14.310 a 23.850 Reais,3 Alimentação fora do domicílio,624.53,624.53
6972,1201,Despesa monetária e não monetária média mensal familiar,Reais,Unidade da Federação,11,Rondônia,2018,Mais de 14.310 a 23.850 Reais,3 Alimentação fora do domicílio,413.62,413.62
6972,1201,Despesa monetária e não monetária média mensal familiar,Reais,Unidade da Federação,12,Acre,2018,Mais de 14.310 a 23.850 Reais,3 Alimentação fora do domicílio,331.93,331.93
6972,1201,Despesa monetária e não monetária média mensal familiar,Reais,Unidade da Federação,13,Amazonas,2018,Mais de 14.310 a 23.850 Reais,3 Alimentação fora do domicílio,335.65,335.65
6972,1201,Despesa monetária e não monetária média mensal familiar,Reais,Unidade da Federação,14,Roraima,2018,Mais de 14.310 a 23.850 Reais,3 Alimentação fora do domicílio,192.13,192.13
6972,1201,Despesa monetária e não monetária média mensal familiar,Reais,Unidade da Federação,15,Pará,2018,Mais de 14.310 a 23.850 Reais,3 Alimentação fora do domicílio,1397.61,1397.61
6972,1201,Despesa monetária e não monetária média mensal familiar,Reais,Unidade da Federação,16,Amapá,2018,Mais de 14.310 a 23.850 Reais,3 Alimentação fora do domicílio,925.42,925.42
6972,1201,Despesa monetária e não monetária média mensal familiar,Reais,Unidade da Federação,17,Tocantins,2018,Mais de 14.310 a 23.850 Reais,3 Alimentação fora do domicílio,104.40,104.4
6972,1201,Despesa monetária e não monetária média mensal familiar,Reais,Unidade da Federação,21,Maranhão,2018,Mais de 14.310 a 23.850 Reais,3 Alimentação fora do domicílio,240.31,240.31
6972,1201,Despesa monetária e não monetária média mensal familiar,Reais,Unidade da Federação,22,Piauí,2018,Mais de 14.310 a 23.850 Reais,3 Alimentação fora do domicílio,500.97,500.97
6972,1201,Despesa monetária e não monetária média mensal familiar,Reais,Unidade da Federação,23,Ceará,2018,Mais de 14.310 a 23.850 Reais,3 Alimentação fora do domicílio,571.08,571.08
6972,1201,Despesa monetária e não monetária média mensal familiar,Reais,Unidade da Federação,24,Rio Grande do Norte,2018,Mais de 14.310 a 23.850 Reais,3 Alimentação fora do domicílio,779.67,779.67
6972,1201,Despesa monetária e não monetária média mensal familiar,Reais,Unidade da Federação,25,Paraíba,2018,Mais de 14.310 a 23.850 Reais,3 Alimentação fora do domicílio,536.34,536.34
6972,1201,Despesa monetária e não monetária média mensal familiar,Reais,Unidade da Federação,26,Pernambuco,2018,Mais de 14.310 a 23.850 Reais,3 Alimentação fora do domicílio,704.26,704.26
6972,1201,Despesa monetária e não monetária média mensal familiar,Reais,Unidade da Federação,27,Alagoas,2018,Mais de 14.310 a 23.850 Reais,3 Alimentação fora do domicílio,365.01,365.01
6972,1201,Despesa monetária e não monetária média mensal familiar,Reais,Unidade da Federação,28,Sergipe,2018,Mais de 14.310 a 23.850 Reais,3 Alimentação fora do domicílio,664.20,664.2
6972,1201,Despesa monetária e não monetária média mensal familiar,Reais,Unidade da Federação,29,Bahia,2018,Mais de 14.310 a 23.850 Reais,3 Alimentação fora do domicílio,744.95,744.95
6972,1201,Despesa monetária e não monetária média mensal familiar,Reais,Unidade da Federação,31,Minas Gerais,2018,Mais de 14.310 a 23.850 Reais,3 Alimentação fora do domicílio,726.67,726.67
6972,1201,Despesa monetária e não monetária média mensal familiar,Reais,Unidade da Federação,32,Espírito Santo,2018,Mais de 14.310 a 23.850 Reais,3 Alimentação fora do domicílio,377.73,377.73
6972,1201,Despesa monetária e não monetária média mensal familiar,Reais,Unidade da Federação,33,Rio de Janeiro,2018,Mais de 14.310 a 23.850 Reais,3 Alimentação fora do domicílio,676.45,676.45
6972,1201,Despesa monetária e não monetária média mensal familiar,Reais,Unidade da Federação,35,São Paulo,2018,Mais de 14.310 a 23.850 Reais,3 Alimentação fora do domicílio,587.33,587.33
6972,1201,Despesa monetária e não monetária média mensal familiar,Reais,Unidade da Federação,41,Paraná,2018,Mais de 14.310 a 23.850 Reais,3 Alimentação fora do domicílio,557.16,557.16
6972,1201,Despesa monetária e não monetária média mensal familiar,Reais,Unidade da Federação,42,Santa Catarina,2018,Mais de 14.310 a 23.850 Reais,3 Alimentação fora do domicílio,618.73,618.73
6972,1201,Despesa monetária e não monetária média mensal familiar,Reais,Unidade da Federação,43,Rio Grande do Sul,2018,Mais de 14.310 a 23.850 Reais,3 Alimentação fora do domicílio,664.03,664.03
6972,1201,Despesa monetária e não monetária média mensal familiar,Reais,Unidade da Federação,50,Mato Grosso do Sul,2018,Mais de 14.310 a 23.850 Reais,3 Alimentação fora do domicílio,613.92,613.92
6972,1201,Despesa monetária e não monetária média mensal familiar,Reais,Unidade da Federação,51,Mato Grosso,2018,Mais de 14.310 a 23.850 Reais,3 Alimentação fora do domicílio,712.71,712.71
6972,1201,Despesa monetária e não monetária média mensal familiar,Reais,Unidade da Federação,52,Goiás,2018,Mais de 14.310 a 23.850 Reais,3 Alimentação fora do domicílio,420.18,420.18
6972,1201,Despesa monetária e não monetária média mensal familiar,Reais,Unidade da Federação,53,Distrito Federal,2018,Mais de 14.310 a 23.850 Reais,3 Alimentação fora do domicílio,638.08,638.08
6972,1201,Despesa monetária e não monetária média mensal familiar,Reais,Brasil,1,Brasil,2018,Mais de 14.310 a 23.850 Reais,3.1 Almoço e jantar,488.60,488.6
6972,1201,Despesa monetária e não monetária média mensal familiar,Reais,Unidade da Federação,11,Rondônia,2018,Mais de 14.310 a 23.850 Reais,3.1 Almoço e jantar,319.96,319.96
6972,1201,Despesa monetária e não monetária média mensal familiar,Reais,Unidade da Federação,12,Acre,2018,Mais de 14.310 a 23.850 Reais,3.1 Almoço e jantar,258.74,258.74
6972,1201,Despesa monetária e não monetária média mensal familiar,Reais,Unidade da Federação,13,Amazonas,2018,Mais de 14.310 a 23.850 Reais,3.1 Almoço e jantar,243.22,243.22
6972,1201,Despesa monetária e não monetária média mensal familiar,Reais,Unidade da Federação,14,Roraima,2018,Mais de 14.310 a 23.850 Reais,3.1 Almoço e jantar,161.65,161.65
6972,1201,Despesa monetária e não monetária média mensal familiar,Reais,Unidade da Federação,15,Pará,2018,Mais de 14.310 a 23.850 Reais,3.1 Almoço e jantar,1105.14,1105.14
6972,1201,Despesa monetária e não monetária média mensal familiar,Reais,Unidade da Federação,16,Amapá,2018,Mais de 14.310 a 23.850 Reais,3.1 Almoço e jantar,715.10,715.1
6972,1201,Despesa monetária e não monetária média mensal familiar,Reais,Unidade da Federação,17,Tocantins,2018,Mais de 14.310 a 23.850 Reais,3.1 Almoço e jantar,86.35,86.35
6972,1201,Despesa monetária e não monetária média mensal familiar,Reais,Unidade da Federação,21,Maranhão,2018,Mais de 14.310 a 23.850 Reais,3.1 Almoço e jantar,158.45,158.45
6972,1201,Despesa monetária e não monetária média mensal familiar,Reais,Unidade da Federação,22,Piauí,2018,Mais de 14.310 a 23.850 Reais,3.1 Almoço e jantar,314.90,314.9
6972,1201,Despesa monetária e não monetária média mensal familiar,Reais,Unidade da Federação,23,Ceará,2018,Mais de 14.310 a 23.850 Reais,3.1 Almoço e jantar,451.26,451.26
6972,1201,Despesa monetária e não monetária média mensal familiar,Reais,Unidade da Federação,24,Rio Grande do Norte,2018,Mais de 14.310 a 23.850 Reais,3.1 Almoço e jantar,554.55,554.55
6972,1201,Despesa monetária e não monetária média mensal familiar,Reais,Unidade da Federação,25,Paraíba,2018,Mais de 14.310 a 23.850 Reais,3.1 Almoço e jantar,439.70,439.7
6972,1201,Despesa monetária e não monetária média mensal familiar,Reais,Unidade da Federação,26,Pernambuco,2018,Mais de 14.310 a 23.850 Reais,3.1 Almoço e jantar,555.83,555.83
6972,1201,Despesa monetária e não monetária média mensal familiar,Reais,Unidade da Federação,27,Alagoas,2018,Mais de 14.310 a 23.850 Reais,3.1 Almoço e jantar,236.36,236.36
6972,1201,Despesa monetária e não monetária média mensal familiar,Reais,Unidade da Federação,28,Sergipe,2018,Mais de 14.310 a 23.850 Reais,3.1 Almoço e jantar,475.55,475.55
6972,1201,Despesa monetária e não monetária média mensal familiar,Reais,Unidade da Federação,29,Bahia,2018,Mais de 14.310 a 23.850 Reais,3.1 Almoço e jantar,600.95,600.95
6972,1201,Despesa monetária e não monetária média mensal familiar,Reais,Unidade da Federação,31,Minas Gerais,2018,Mais de 14.310 a 23.850 Reais,3.1 Almoço e jantar,554.93,554.93
6972,1201,Despesa monetária e não monetária média mensal familiar,Reais,Unidade da Federação,32,Espírito Santo,2018,Mais de 14.310 a 23.850 Reais,3.1 Almoço e jantar,286.03,286.03
6972,1201,Despesa monetária e não monetária média mensal familiar,Reais,Unidade da Federação,33,Rio de Janeiro,2018,Mais de 14.310 a 23.850 Reais,3.1 Almoço e jantar,561.89,561.89
6972,1201,Despesa monetária e não monetária média mensal familiar,Reais,Unidade da Federação,35,São Paulo,2018,Mais de 14.310 a 23.850 Reais,3.1 Almoço e jantar,463.47,463.47
6972,1201,Despesa monetária e não monetária média mensal familiar,Reais,Unidade da Federação,41,Paraná,2018,Mais de 14.310 a 23.850 Reais,3.1 Almoço e jantar,413.64,413.64
6972,1201,Despesa monetária e não monetária média mensal familiar,Reais,Unidade da Federação,42,Santa Catarina,2018,Mais de 14.310 a 23.850 Reais,3.1 Almoço e jantar,519.58,519.58
6972,1201,Despesa monetária e não monetária média mensal familiar,Reais,Unidade da Federação,43,Rio Grande do Sul,2018,Mais de 14.310 a 23.850 Reais,3.1 Almoço e jantar,552.06,552.06
6972,1201,Despesa monetária e não monetária média mensal familiar,Reais,Unidade da Federação,50,Mato Grosso do Sul,2018,Mais de 14.310 a 23.850 Reais,3.1 Almoço e jantar,488.64,488.64
6972,1201,Despesa monetária e não monetária média mensal familiar,Reais,Unidade da Federação,51,Mato Grosso,2018,Mais de 14.310 a 23.850 Reais,3.1 Almoço e jantar,423.14,423.14
6972,1201,Despesa monetária e não monetária média mensal familiar,Reais,Unidade da Federação,52,Goiás,2018,Mais de 14.310 a 23.850 Reais,3.1 Almoço e jantar,276.52,276.52
6972,1201,Despesa monetária e não monetária média mensal familiar,Reais,Unidade da Federação,53,Distrito Federal,2018,Mais de 14.310 a 23.850 Reais,3.1 Almoço e jantar,479.75,479.75
6972,1201,Despesa monetária e não monetária média mensal familiar,Reais,Brasil,1,Brasil,2018,Mais de 14.310 a 23.850 Reais,"3.2 Café, leite, café/leite e chocolate",5.85,5.85
6972,1201,Despesa monetária e não monetária média mensal familiar,Reais,Unidade da Federação,11,Rondônia,2018,Mais de 14.310 a 23.850 Reais,"3.2 Café, leite, café/leite e chocolate",1.44,1.44
6972,1201,Despesa monetária e não monetária média mensal familiar,Reais,Unidade da Federação,12,Acre,2018,Mais de 14.310 a 23.850 Reais,"3.2 Café, leite, café/leite e chocolate",0.21,0.21
6972,1201,Despesa monetária e não monetária média mensal familiar,Reais,Unidade da Federação,13,Amazonas,2018,Mais de 14.310 a 23.850 Reais,"3.2 Café, leite, café/leite e chocolate",0.47,0.47
6972,1201,Despesa monetária e não monetária média mensal familiar,Reais,Unidade da Federação,14,Roraima,2018,Mais de 14.310 a 23.850 Reais,"3.2 Café, leite, café/leite e chocolate",-,0.0
6972,1201,Despesa monetária e não monetária média mensal familiar,Reais,Unidade da Federação,15,Pará,2018,Mais de 14.310 a 23.850 Reais,"3.2 Café, leite, café/leite e chocolate",2.37,2.37
6972,1201,Despesa monetária e não monetária média mensal familiar,Reais,Unidade da Federação,16,Amapá,2018,Mais de 14.310 a 23.850 Reais,"3.2 Café, leite, café/leite e chocolate",5.24,5.24
6972,1201,Despesa monetária e não monetária média mensal familiar,Reais,Unidade da Federação,17,Tocantins,2018,Mais de 14.310 a 23.850 Reais,"3.2 Café, leite, café/leite e chocolate",-,0.0
6972,1201,Despesa monetária e não monetária média mensal familiar,Reais,Unidade da Federação,21,Maranhão,2018,Mais de 14.310 a 23.850 Reais,"3.2 Café, leite, café/leite e chocolate",0.42,0.42
6972,1201,Despesa monetária e não monetária média mensal familiar,Reais,Unidade da Federação,22,Piauí,2018,Mais de 14.310 a 23.850 Reais,"3.2 Café, leite, café/leite e chocolate",6.56,6.56
6972,1201,Despesa monetária e não monetária média mensal familiar,Reais,Unidade da Federação,23,Ceará,2018,Mais de 14.310 a 23.850 Reais,"3.2 Café, leite, café/leite e chocolate",3.23,3.23
6972,1201,Despesa monetária e não monetária média mensal familiar,Reais,Unidade da Federação,24,Rio Grande do Norte,2018,Mais de 14.310 a 23.850 Reais,"3.2 Café, leite, café/leite e chocolate",3.91,3.91
6972,1201,Despesa monetária e não monetária média mensal familiar,Reais,Unidade da Federação,25,Paraíba,2018,Mais de 14.310 a 23.850 Reais,"3.2 Café, leite, café/leite e chocolate",-,0.0
6972,1201,Despesa monetária e não monetária média mensal familiar,Reais,Unidade da Federação,26,Pernambuco,2018,Mais de 14.310 a 23.850 Reais,"3.2 Café, leite, café/leite e chocolate",4.27,4.27
6972,1201,Despesa monetária e não monetária média mensal familiar,Reais,Unidade da Federação,27,Alagoas,2018,Mais de 14.310 a 23.850 Reais,"3.2 Café, leite, café/leite e chocolate",0.15,0.15
6972,1201,Despesa monetária e não monetária média mensal familiar,Reais,Unidade da Federação,28,Sergipe,2018,Mais de 14.310 a 23.850 Reais,"3.2 Café, leite, café/leite e chocolate",5.72,5.72
6972,1201,Despesa monetária e não monetária média mensal familiar,Reais,Unidade da Federação,29,Bahia,2018,Mais de 14.310 a 23.850 Reais,"3.2 Café, leite, café/leite e chocolate",2.64,2.64
6972,1201,Despesa monetária e não monetária média mensal familiar,Reais,Unidade da Federação,31,Minas Gerais,2018,Mais de 14.310 a 23.850 Reais,"3.2 Café, leite, café/leite e chocolate",5.49,5.49
6972,1201,Despesa monetária e não monetária média mensal familiar,Reais,Unidade da Federação,32,Espírito Santo,2018,Mais de 14.310 a 23.850 Reais,"3.2 Café, leite, café/leite e chocolate",0.89,0.89
6972,1201,Despesa monetária e não monetária média mensal familiar,Reais,Unidade da Federação,33,Rio de Janeiro,2018,Mais de 14.310 a 23.850 Reais,"3.2 Café, leite, café/leite e chocolate",3.90,3.9
6972,1201,Despesa monetária e não monetária média mensal familiar,Reais,Unidade da Federação,35,São Paulo,2018,Mais de 14.310 a 23.850 Reais,"3.2 Café, leite, café/leite e chocolate",9.44,9.44
6972,1201,Despesa monetária e não monetária média mensal familiar,Reais,Unidade da Federação,41,Paraná,2018,Mais de 14.310 a 23.850 Reais,"3.2 Café, leite, café/leite e chocolate",7.59,7.59
6972,1201,Despesa monetária e não monetária média mensal familiar,Reais,Unidade da Federação,42,Santa Catarina,2018,Mais de 14.310 a 23.850 Reais,"3.2 Café, leite, café/leite e chocolate",2.46,2.46
6972,1201,Despesa monetária e não monetária média mensal familiar,Reais,Unidade da Federação,43,Rio Grande do Sul,2018,Mais de 14.310 a 23.850 Reais,"3.2 Café, leite, café/leite e chocolate",3.73,3.73
6972,1201,Despesa monetária e não monetária média mensal familiar,Reais,Unidade da Federação,50,Mato Grosso do Sul,2018,Mais de 14.310 a 23.850 Reais,"3.2 Café, leite, café/leite e chocolate",1.34,1.34
6972,1201,Despesa monetária e não monetária média mensal familiar,Reais,Unidade da Federação,51,Mato Grosso,2018,Mais de 14.310 a 23.850 Reais,"3.2 Café, leite, café/leite e chocolate",6.02,6.02
6972,1201,Despesa monetária e não monetária média mensal familiar,Reais,Unidade da Federação,52,Goiás,2018,Mais de 14.310 a 23.850 Reais,"3.2 Café, leite, café/leite e chocolate",4.41,4.41
6972,1201,Despesa monetária e não monetária média mensal familiar,Reais,Unidade da Federação,53,Distrito Federal,2018,Mais de 14.310 a 23.850 Reais,"3.2 Café, leite, café/leite e chocolate",3.46,3.46
6972,1201,Despesa monetária e não monetária média mensal familiar,Reais,Brasil,1,Brasil,2018,Mais de 14.310 a 23.850 Reais,3.3 Sanduíches e salgados,41.40,41.4
6972,1201,Despesa monetária e não monetária média mensal familiar,Reais,Unidade da Federação,11,Rondônia,2018,Mais de 14.310 a 23.850 Reais,3.3 Sanduíches e salgados,19.15,19.15
6972,1201,Despesa monetária e não monetária média mensal familiar,Reais,Unidade da Federação,12,Acre,2018,Mais de 14.310 a 23.850 Reais,3.3 Sanduíches e salgados,24.86,24.86
6972,1201,Despesa monetária e não monetária média mensal familiar,Reais,Unidade da Federação,13,Amazonas,2018,Mais de 14.310 a 23.850 Reais,3.3 Sanduíches e salgados,25.53,25.53
6972,1201,Despesa monetária e não monetária média mensal familiar,Reais,Unidade da Federação,14,Roraima,2018,Mais de 14.310 a 23.850 Reais,3.3 Sanduíches e salgados,23.34,23.34
6972,1201,Despesa monetária e não monetária média mensal familiar,Reais,Unidade da Federação,15,Pará,2018,Mais de 14.310 a 23.850 Reais,3.3 Sanduíches e salgados,7.59,7.59
6972,1201,Despesa monetária e não monetária média mensal familiar,Reais,Unidade da Federação,16,Amapá,2018,Mais de 14.310 a 23.850 Reais,3.3 Sanduíches e salgados,95.03,95.03
6972,1201,Despesa monetária e não monetária média mensal familiar,Reais,Unidade da Federação,17,Tocantins,2018,Mais de 14.310 a 23.850 Reais,3.3 Sanduíches e salgados,8.95,8.95
6972,1201,Despesa monetária e não monetária média mensal familiar,Reais,Unidade da Federação,21,Maranhão,2018,Mais de 14.310 a 23.850 Reais,3.3 Sanduíches e salgados,29.37,29.37
6972,1201,Despesa monetária e não monetária média mensal familiar,Reais,Unidade da Federação,22,Piauí,2018,Mais de 14.310 a 23.850 Reais,3.3 Sanduíches e salgados,57.75,57.75
6972,1201,Despesa monetária e não monetária média mensal familiar,Reais,Unidade da Federação,23,Ceará,2018,Mais de 14.310 a 23.850 Reais,3.3 Sanduíches e salgados,43.45,43.45
6972,1201,Despesa monetária e não monetária média mensal familiar,Reais,Unidade da Federação,24,Rio Grande do Norte,2018,Mais de 14.310 a 23.850 Reais,3.3 Sanduíches e salgados,122.57,122.57
6972,1201,Despesa monetária e não monetária média mensal familiar,Reais,Unidade da Federação,25,Paraíba,2018,Mais de 14.310 a 23.850 Reais,3.3 Sanduíches e salgados,53.26,53.26
6972,1201,Despesa monetária e não monetária média mensal familiar,Reais,Unidade da Federação,26,Pernambuco,2018,Mais de 14.310 a 23.850 Reais,3.3 Sanduíches e salgados,56.38,56.38
6972,1201,Despesa monetária e não monetária média mensal familiar,Reais,Unidade da Federação,27,Alagoas,2018,Mais de 14.310 a 23.850 Reais,3.3 Sanduíches e salgados,44.57,44.57
6972,1201,Despesa monetária e não monetária média mensal familiar,Reais,Unidade da Federação,28,Sergipe,2018,Mais de 14.310 a 23.850 Reais,3.3 Sanduíches e salgados,27.78,27.78
6972,1201,Despesa monetária e não monetária média mensal familiar,Reais,Unidade da Federação,29,Bahia,2018,Mais de 14.310 a 23.850 Reais,3.3 Sanduíches e salgados,36.11,36.11
6972,1201,Despesa monetária e não monetária média mensal familiar,Reais,Unidade da Federação,31,Minas Gerais,2018,Mais de 14.310 a 23.850 Reais,3.3 Sanduíches e salgados,44.03,44.03
6972,1201,Despesa monetária e não monetária média mensal familiar,Reais,Unidade da Federação,32,Espírito Santo,2018,Mais de 14.310 a 23.850 Reais,3.3 Sanduíches e salgados,20.32,20.32
6972,1201,Despesa monetária e não monetária média mensal familiar,Reais,Unidade da Federação,33,Rio de Janeiro,2018,Mais de 14.310 a 23.850 Reais,3.3 Sanduíches e salgados,21.56,21.56
6972,1201,Despesa monetária e não monetária média mensal familiar,Reais,Unidade da Federação,35,São Paulo,2018,Mais de 14.310 a 23.850 Reais,3.3 Sanduíches e salgados,47.71,47.71
6972,1201,Despesa monetária e não monetária média mensal familiar,Reais,Unidade da Federação,41,Paraná,2018,Mais de 14.310 a 23.850 Reais,3.3 Sanduíches e salgados,47.49,47.49
6972,1201,Despesa monetária e não monetária média mensal familiar,Reais,Unidade da Federação,42,Santa Catarina,2018,Mais de 14.310 a 23.850 Reais,3.3 Sanduíches e salgados,31.29,31.29
6972,1201,Despesa monetária e não monetária média mensal familiar,Reais,Unidade da Federação,43,Rio Grande do Sul,2018,Mais de 14.310 a 23.850 Reais,3.3 Sanduíches e salgados,23.70,23.7
6972,1201,Despesa monetária e não monetária média mensal familiar,Reais,Unidade da Federação,50,Mato Grosso do Sul,2018,Mais de 14.310 a 23.850 Reais,3.3 Sanduíches e salgados,54.86,54.86
6972,1201,Despesa monetária e não monetária média mensal familiar,Reais,Unidade da Federação,51,Mato Grosso,2018,Mais de 14.310 a 23.850 Reais,3.3 Sanduíches e salgados,63.78,63.78
6972,1201,Despesa monetária e não monetária média mensal familiar,Reais,Unidade da Federação,52,Goiás,2018,Mais de 14.310 a 23.850 Reais,3.3 Sanduíches e salgados,51.28,51.28
6972,1201,Despesa monetária e não monetária média mensal familiar,Reais,Unidade da Federação,53,Distrito Federal,2018,Mais de 14.310 a 23.850 Reais,3.3 Sanduíches e salgados,44.07,44.07
6972,1201,Despesa monetária e não monetária média mensal familiar,Reais,Brasil,1,Brasil,2018,Mais de 14.310 a 23.850 Reais,3.4 Refrigerantes e outras bebidas não alcoólicas,11.75,11.75
6972,1201,Despesa monetária e não monetária média mensal familiar,Reais,Unidade da Federação,11,Rondônia,2018,Mais de 14.310 a 23.850 Reais,3.4 Refrigerantes e outras bebidas não alcoólicas,9.56,9.56
6972,1201,Despesa monetária e não monetária média mensal familiar,Reais,Unidade da Federação,12,Acre,2018,Mais de 14.310 a 23.850 Reais,3.4 Refrigerantes e outras bebidas não alcoólicas,8.82,8.82
6972,1201,Despesa monetária e não monetária média mensal familiar,Reais,Unidade da Federação,13,Amazonas,2018,Mais de 14.310 a 23.850 Reais,3.4 Refrigerantes e outras bebidas não alcoólicas,1.99,1.99
6972,1201,Despesa monetária e não monetária média mensal familiar,Reais,Unidade da Federação,14,Roraima,2018,Mais de 14.310 a 23.850 Reais,3.4 Refrigerantes e outras bebidas não alcoólicas,3.16,3.16
6972,1201,Despesa monetária e não monetária média mensal familiar,Reais,Unidade da Federação,15,Pará,2018,Mais de 14.310 a 23.850 Reais,3.4 Refrigerantes e outras bebidas não alcoólicas,22.08,22.08
6972,1201,Despesa monetária e não monetária média mensal familiar,Reais,Unidade da Federação,16,Amapá,2018,Mais de 14.310 a 23.850 Reais,3.4 Refrigerantes e outras bebidas não alcoólicas,44.74,44.74
6972,1201,Despesa monetária e não monetária média mensal familiar,Reais,Unidade da Federação,17,Tocantins,2018,Mais de 14.310 a 23.850 Reais,3.4 Refrigerantes e outras bebidas não alcoólicas,1.21,1.21
6972,1201,Despesa monetária e não monetária média mensal familiar,Reais,Unidade da Federação,21,Maranhão,2018,Mais de 14.310 a 23.850 Reais,3.4 Refrigerantes e outras bebidas não alcoólicas,13.38,13.38
6972,1201,Despesa monetária e não monetária média mensal familiar,Reais,Unidade da Federação,22,Piauí,2018,Mais de 14.310 a 23.850 Reais,3.4 Refrigerantes e outras bebidas não alcoólicas,25.43,25.43
6972,1201,Despesa monetária e não monetária média mensal familiar,Reais,Unidade da Federação,23,Ceará,2018,Mais de 14.310 a 23.850 Reais,3.4 Refrigerantes e outras bebidas não alcoólicas,16.01,16.01
6972,1201,Despesa monetária e não monetária média mensal familiar,Reais,Unidade da Federação,24,Rio Grande do Norte,2018,Mais de 14.310 a 23.850 Reais,3.4 Refrigerantes e outras bebidas não alcoólicas,5.75,5.75
6972,1201,Despesa monetária e não monetária média mensal familiar,Reais,Unidade da Federação,25,Paraíba,2018,Mais de 14.310 a 23.850 Reais,3.4 Refrigerantes e outras bebidas não alcoólicas,21.55,21.55
6972,1201,Despesa monetária e não monetária média mensal familiar,Reais,Unidade da Federação,26,Pernambuco,2018,Mais de 14.310 a 23.850 Reais,3.4 Refrigerantes e outras bebidas não alcoólicas,8.67,8.67
6972,1201,Despesa monetária e não monetária média mensal familiar,Reais,Unidade da Federação,27,Alagoas,2018,Mais de 14.310 a 23.850 Reais,3.4 Refrigerantes e outras bebidas não alcoólicas,11.02,11.02
6972,1201,Despesa monetária e não monetária média mensal familiar,Reais,Unidade da Federação,28,Sergipe,2018,Mais de 14.310 a 23.850 Reais,3.4 Refrigerantes e outras bebidas não alcoólicas,53.22,53.22
6972,1201,Despesa monetária e não monetária média mensal familiar,Reais,Unidade da Federação,29,Bahia,2018,Mais de 14.310 a 23.850 Reais,3.4 Refrigerantes e outras bebidas não alcoólicas,22.36,22.36
6972,1201,Despesa monetária e não monetária média mensal familiar,Reais,Unidade da Federação,31,Minas Gerais,2018,Mais de 14.310 a 23.850 Reais,3.4 Refrigerantes e outras bebidas não alcoólicas,17.36,17.36
6972,1201,Despesa monetária e não monetária média mensal familiar,Reais,Unidade da Federação,32,Espírito Santo,2018,Mais de 14.310 a 23.850 Reais,3.4 Refrigerantes e outras bebidas não alcoólicas,12.87,12.87
6972,1201,Despesa monetária e não monetária média mensal familiar,Reais,Unidade da Federação,33,Rio de Janeiro,2018,Mais de 14.310 a 23.850 Reais,3.4 Refrigerantes e outras bebidas não alcoólicas,5.22,5.22
6972,1201,Despesa monetária e não monetária média mensal familiar,Reais,Unidade da Federação,35,São Paulo,2018,Mais de 14.310 a 23.850 Reais,3.4 Refrigerantes e outras bebidas não alcoólicas,12.10,12.1
6972,1201,Despesa monetária e não monetária média mensal familiar,Reais,Unidade da Federação,41,Paraná,2018,Mais de 14.310 a 23.850 Reais,3.4 Refrigerantes e outras bebidas não alcoólicas,5.97,5.97
6972,1201,Despesa monetária e não monetária média mensal familiar,Reais,Unidade da Federação,42,Santa Catarina,2018,Mais de 14.310 a 23.850 Reais,3.4 Refrigerantes e outras bebidas não alcoólicas,10.64,10.64
6972,1201,Despesa monetária e não monetária média mensal familiar,Reais,Unidade da Federação,43,Rio Grande do Sul,2018,Mais de 14.310 a 23.850 Reais,3.4 Refrigerantes e outras bebidas não alcoólicas,8.22,8.22
6972,1201,Despesa monetária e não monetária média mensal familiar,Reais,Unidade da Federação,50,Mato Grosso do Sul,2018,Mais de 14.310 a 23.850 Reais,3.4 Refrigerantes e outras bebidas não alcoólicas,15.29,15.29
6972,1201,Despesa monetária e não monetária média mensal familiar,Reais,Unidade da Federação,51,Mato Grosso,2018,Mais de 14.310 a 23.850 Reais,3.4 Refrigerantes e outras bebidas não alcoólicas,16.52,16.52
6972,1201,Despesa monetária e não monetária média mensal familiar,Reais,Unidade da Federação,52,Goiás,2018,Mais de 14.310 a 23.850 Reais,3.4 Refrigerantes e outras bebidas não alcoólicas,5.85,5.85
6972,1201,Despesa monetária e não monetária média mensal familiar,Reais,Unidade da Federação,53,Distrito Federal,2018,Mais de 14.310 a 23.850 Reais,3.4 Refrigerantes e outras bebidas não alcoólicas,9.92,9.92
6972,1201,Despesa monetária e não monetária média mensal familiar,Reais,Brasil,1,Brasil,2018,Mais de 14.310 a 23.850 Reais,3.5 Lanches,34.88,34.88
6972,1201,Despesa monetária e não monetária média mensal familiar,Reais,Unidade da Federação,11,Rondônia,2018,Mais de 14.310 a 23.850 Reais,3.5 Lanches,31.54,31.54
6972,1201,Despesa monetária e não monetária média mensal familiar,Reais,Unidade da Federação,12,Acre,2018,Mais de 14.310 a 23.850 Reais,3.5 Lanches,17.24,17.24
6972,1201,Despesa monetária e não monetária média mensal familiar,Reais,Unidade da Federação,13,Amazonas,2018,Mais de 14.310 a 23.850 Reais,3.5 Lanches,58.39,58.39
6972,1201,Despesa monetária e não monetária média mensal familiar,Reais,Unidade da Federação,14,Roraima,2018,Mais de 14.310 a 23.850 Reais,3.5 Lanches,-,0.0
6972,1201,Despesa monetária e não monetária média mensal familiar,Reais,Unidade da Federação,15,Pará,2018,Mais de 14.310 a 23.850 Reais,3.5 Lanches,222.41,222.41
6972,1201,Despesa monetária e não monetária média mensal familiar,Reais,Unidade da Federação,16,Amapá,2018,Mais de 14.310 a 23.850 Reais,3.5 Lanches,30.18,30.18
6972,1201,Despesa monetária e não monetária média mensal familiar,Reais,Unidade da Federação,17,Tocantins,2018,Mais de 14.310 a 23.850 Reais,3.5 Lanches,-,0.0
6972,1201,Despesa monetária e não monetária média mensal familiar,Reais,Unidade da Federação,21,Maranhão,2018,Mais de 14.310 a 23.850 Reais,3.5 Lanches,-,0.0
6972,1201,Despesa monetária e não monetária média mensal familiar,Reais,Unidade da Federação,22,Piauí,2018,Mais de 14.310 a 23.850 Reais,3.5 Lanches,34.15,34.15
6972,1201,Despesa monetária e não monetária média mensal familiar,Reais,Unidade da Federação,23,Ceará,2018,Mais de 14.310 a 23.850 Reais,3.5 Lanches,29.98,29.98
6972,1201,Despesa monetária e não monetária média mensal familiar,Reais,Unidade da Federação,24,Rio Grande do Norte,2018,Mais de 14.310 a 23.850 Reais,3.5 Lanches,65.84,65.84
6972,1201,Despesa monetária e não monetária média mensal familiar,Reais,Unidade da Federação,25,Paraíba,2018,Mais de 14.310 a 23.850 Reais,3.5 Lanches,-,0.0
6972,1201,Despesa monetária e não monetária média mensal familiar,Reais,Unidade da Federação,26,Pernambuco,2018,Mais de 14.310 a 23.850 Reais,3.5 Lanches,17.08,17.08
6972,1201,Despesa monetária e não monetária média mensal familiar,Reais,Unidade da Federação,27,Alagoas,2018,Mais de 14.310 a 23.850 Reais,3.5 Lanches,34.49,34.49
6972,1201,Despesa monetária e não monetária média mensal familiar,Reais,Unidade da Federação,28,Sergipe,2018,Mais de 14.310 a 23.850 Reais,3.5 Lanches,76.46,76.46
6972,1201,Despesa monetária e não monetária média mensal familiar,Reais,Unidade da Federação,29,Bahia,2018,Mais de 14.310 a 23.850 Reais,3.5 Lanches,37.93,37.93
6972,1201,Despesa monetária e não monetária média mensal familiar,Reais,Unidade da Federação,31,Minas Gerais,2018,Mais de 14.310 a 23.850 Reais,3.5 Lanches,47.63,47.63
6972,1201,Despesa monetária e não monetária média mensal familiar,Reais,Unidade da Federação,32,Espírito Santo,2018,Mais de 14.310 a 23.850 Reais,3.5 Lanches,29.54,29.54
6972,1201,Despesa monetária e não monetária média mensal familiar,Reais,Unidade da Federação,33,Rio de Janeiro,2018,Mais de 14.310 a 23.850 Reais,3.5 Lanches,60.94,60.94
6972,1201,Despesa monetária e não monetária média mensal familiar,Reais,Unidade da Federação,35,São Paulo,2018,Mais de 14.310 a 23.850 Reais,3.5 Lanches,14.44,14.44
6972,1201,Despesa monetária e não monetária média mensal familiar,Reais,Unidade da Federação,41,Paraná,2018,Mais de 14.310 a 23.850 Reais,3.5 Lanches,33.34,33.34
6972,1201,Despesa monetária e não monetária média mensal familiar,Reais,Unidade da Federação,42,Santa Catarina,2018,Mais de 14.310 a 23.850 Reais,3.5 Lanches,25.33,25.33
6972,1201,Despesa monetária e não monetária média mensal familiar,Reais,Unidade da Federação,43,Rio Grande do Sul,2018,Mais de 14.310 a 23.850 Reais,3.5 Lanches,44.95,44.95
6972,1201,Despesa monetária e não monetária média mensal familiar,Reais,Unidade da Federação,50,Mato Grosso do Sul,2018,Mais de 14.310 a 23.850 Reais,3.5 Lanches,14.11,14.11
6972,1201,Despesa monetária e não monetária média mensal familiar,Reais,Unidade da Federação,51,Mato Grosso,2018,Mais de 14.310 a 23.850 Reais,3.5 Lanches,52.18,52.18
6972,1201,Despesa monetária e não monetária média mensal familiar,Reais,Unidade da Federação,52,Goiás,2018,Mais de 14.310 a 23.850 Reais,3.5 Lanches,23.45,23.45
6972,1201,Despesa monetária e não monetária média mensal familiar,Reais,Unidade da Federação,53,Distrito Federal,2018,Mais de 14.310 a 23.850 Reais,3.5 Lanches,49.93,49.93
6972,1201,Despesa monetária e não monetária média mensal familiar,Reais,Brasil,1,Brasil,2018,Mais de 14.310 a 23.850 Reais,"3.6 Cervejas, chopes e outras bebidas alcoólicas",14.55,14.55
6972,1201,Despesa monetária e não monetária média mensal familiar,Reais,Unidade da Federação,11,Rondônia,2018,Mais de 14.310 a 23.850 Reais,"3.6 Cervejas, chopes e outras bebidas alcoólicas",18.75,18.75
6972,1201,Despesa monetária e não monetária média mensal familiar,Reais,Unidade da Federação,12,Acre,2018,Mais de 14.310 a 23.850 Reais,"3.6 Cervejas, chopes e outras bebidas alcoólicas",17.61,17.61
6972,1201,Despesa monetária e não monetária média mensal familiar,Reais,Unidade da Federação,13,Amazonas,2018,Mais de 14.310 a 23.850 Reais,"3.6 Cervejas, chopes e outras bebidas alcoólicas",4.30,4.3
6972,1201,Despesa monetária e não monetária média mensal familiar,Reais,Unidade da Federação,14,Roraima,2018,Mais de 14.310 a 23.850 Reais,"3.6 Cervejas, chopes e outras bebidas alcoólicas",-,0.0
6972,1201,Despesa monetária e não monetária média mensal familiar,Reais,Unidade da Federação,15,Pará,2018,Mais de 14.310 a 23.850 Reais,"3.6 Cervejas, chopes e outras bebidas alcoólicas",13.18,13.18
6972,1201,Despesa monetária e não monetária média mensal familiar,Reais,Unidade da Federação,16,Amapá,2018,Mais de 14.310 a 23.850 Reais,"3.6 Cervejas, chopes e outras bebidas alcoólicas",6.60,6.6
6972,1201,Despesa monetária e não monetária média mensal familiar,Reais,Unidade da Federação,17,Tocantins,2018,Mais de 14.310 a 23.850 Reais,"3.6 Cervejas, chopes e outras bebidas alcoólicas",-,0.0
6972,1201,Despesa monetária e não monetária média mensal familiar,Reais,Unidade da Federação,21,Maranhão,2018,Mais de 14.310 a 23.850 Reais,"3.6 Cervejas, chopes e outras bebidas alcoólicas",26.06,26.06
6972,1201,Despesa monetária e não monetária média mensal familiar,Reais,Unidade da Federação,22,Piauí,2018,Mais de 14.310 a 23.850 Reais,"3.6 Cervejas, chopes e outras bebidas alcoólicas",19.44,19.44
6972,1201,Despesa monetária e não monetária média mensal familiar,Reais,Unidade da Federação,23,Ceará,2018,Mais de 14.310 a 23.850 Reais,"3.6 Cervejas, chopes e outras bebidas alcoólicas",6.44,6.44
6972,1201,Despesa monetária e não monetária média mensal familiar,Reais,Unidade da Federação,24,Rio Grande do Norte,2018,Mais de 14.310 a 23.850 Reais,"3.6 Cervejas, chopes e outras bebidas alcoólicas",6.18,6.18
6972,1201,Despesa monetária e não monetária média mensal familiar,Reais,Unidade da Federação,25,Paraíba,2018,Mais de 14.310 a 23.850 Reais,"3.6 Cervejas, chopes e outras bebidas alcoólicas",8.89,8.89
6972,1201,Despesa monetária e não monetária média mensal familiar,Reais,Unidade da Federação,26,Pernambuco,2018,Mais de 14.310 a 23.850 Reais,"3.6 Cervejas, chopes e outras bebidas alcoólicas",20.34,20.34
6972,1201,Despesa monetária e não monetária média mensal familiar,Reais,Unidade da Federação,27,Alagoas,2018,Mais de 14.310 a 23.850 Reais,"3.6 Cervejas, chopes e outras bebidas alcoólicas",20.84,20.84
6972,1201,Despesa monetária e não monetária média mensal familiar,Reais,Unidade da Federação,28,Sergipe,2018,Mais de 14.310 a 23.850 Reais,"3.6 Cervejas, chopes e outras bebidas alcoólicas",4.02,4.02
6972,1201,Despesa monetária e não monetária média mensal familiar,Reais,Unidade da Federação,29,Bahia,2018,Mais de 14.310 a 23.850 Reais,"3.6 Cervejas, chopes e outras bebidas alcoólicas",23.28,23.28
6972,1201,Despesa monetária e não monetária média mensal familiar,Reais,Unidade da Federação,31,Minas Gerais,2018,Mais de 14.310 a 23.850 Reais,"3.6 Cervejas, chopes e outras bebidas alcoólicas",9.64,9.64
6972,1201,Despesa monetária e não monetária média mensal familiar,Reais,Unidade da Federação,32,Espírito Santo,2018,Mais de 14.310 a 23.850 Reais,"3.6 Cervejas, chopes e outras bebidas alcoólicas",16.33,16.33
6972,1201,Despesa monetária e não monetária média mensal familiar,Reais,Unidade da Federação,33,Rio de Janeiro,2018,Mais de 14.310 a 23.850 Reais,"3.6 Cervejas, chopes e outras bebidas alcoólicas",6.11,6.11
6972,1201,Despesa monetária e não monetária média mensal familiar,Reais,Unidade da Federação,35,São Paulo,2018,Mais de 14.310 a 23.850 Reais,"3.6 Cervejas, chopes e outras bebidas alcoólicas",12.62,12.62
6972,1201,Despesa monetária e não monetária média mensal familiar,Reais,Unidade da Federação,41,Paraná,2018,Mais de 14.310 a 23.850 Reais,"3.6 Cervejas, chopes e outras bebidas alcoólicas",29.13,29.13
6972,1201,Despesa monetária e não monetária média mensal familiar,Reais,Unidade da Federação,42,Santa Catarina,2018,Mais de 14.310 a 23.850 Reais,"3.6 Cervejas, chopes e outras bebidas alcoólicas",19.75,19.75
6972,1201,Despesa monetária e não monetária média mensal familiar,Reais,Unidade da Federação,43,Rio Grande do Sul,2018,Mais de 14.310 a 23.850 Reais,"3.6 Cervejas, chopes e outras bebidas alcoólicas",20.15,20.15
6972,1201,Despesa monetária e não monetária média mensal familiar,Reais,Unidade da Federação,50,Mato Grosso do Sul,2018,Mais de 14.310 a 23.850 Reais,"3.6 Cervejas, chopes e outras bebidas alcoólicas",15.14,15.14
6972,1201,Despesa monetária e não monetária média mensal familiar,Reais,Unidade da Federação,51,Mato Grosso,2018,Mais de 14.310 a 23.850 Reais,"3.6 Cervejas, chopes e outras bebidas alcoólicas",26.56,26.56
6972,1201,Despesa monetária e não monetária média mensal familiar,Reais,Unidade da Federação,52,Goiás,2018,Mais de 14.310 a 23.850 Reais,"3.6 Cervejas, chopes e outras bebidas alcoólicas",7.65,7.65
6972,1201,Despesa monetária e não monetária média mensal familiar,Reais,Unidade da Federação,53,Distrito Federal,2018,Mais de 14.310 a 23.850 Reais,"3.6 Cervejas, chopes e outras bebidas alcoólicas",25.10,25.1
6972,1201,Despesa monetária e não monetária média mensal familiar,Reais,Brasil,1,Brasil,2018,Mais de 14.310 a 23.850 Reais,3.8 Alimentação fora do domicílio - light e diet,0.16,0.16
6972,1201,Despesa monetária e não monetária média mensal familiar,Reais,Unidade da Federação,11,Rondônia,2018,Mais de 14.310 a 23.850 Reais,3.8 Alimentação fora do domicílio - light e diet,-,0.0
6972,1201,Despesa monetária e não monetária média mensal familiar,Reais,Unidade da Federação,12,Acre,2018,Mais de 14.310 a 23.850 Reais,3.8 Alimentação fora do domicílio - light e diet,-,0.0
6972,1201,Despesa monetária e não monetária média mensal familiar,Reais,Unidade da Federação,13,Amazonas,2018,Mais de 14.310 a 23.850 Reais,3.8 Alimentação fora do domicílio - light e diet,-,0.0
6972,1201,Despesa monetária e não monetária média mensal familiar,Reais,Unidade da Federação,14,Roraima,2018,Mais de 14.310 a 23.850 Reais,3.8 Alimentação fora do domicílio - light e diet,-,0.0
6972,1201,Despesa monetária e não monetária média mensal familiar,Reais,Unidade da Federação,15,Pará,2018,Mais de 14.310 a 23.850 Reais,3.8 Alimentação fora do domicílio - light e diet,-,0.0
6972,1201,Despesa monetária e não monetária média mensal familiar,Reais,Unidade da Federação,16,Amapá,2018,Mais de 14.310 a 23.850 Reais,3.8 Alimentação fora do domicílio - light e diet,0.87,0.87
6972,1201,Despesa monetária e não monetária média mensal familiar,Reais,Unidade da Federação,17,Tocantins,2018,Mais de 14.310 a 23.850 Reais,3.8 Alimentação fora do domicílio - light e diet,-,0.0
6972,1201,Despesa monetária e não monetária média mensal familiar,Reais,Unidade da Federação,21,Maranhão,2018,Mais de 14.310 a 23.850 Reais,3.8 Alimentação fora do domicílio - light e diet,-,0.0
6972,1201,Despesa monetária e não monetária média mensal familiar,Reais,Unidade da Federação,22,Piauí,2018,Mais de 14.310 a 23.850 Reais,3.8 Alimentação fora do domicílio - light e diet,-,0.0
6972,1201,Despesa monetária e não monetária média mensal familiar,Reais,Unidade da Federação,23,Ceará,2018,Mais de 14.310 a 23.850 Reais,3.8 Alimentação fora do domicílio - light e diet,-,0.0
6972,1201,Despesa monetária e não monetária média mensal familiar,Reais,Unidade da Federação,24,Rio Grande do Norte,2018,Mais de 14.310 a 23.850 Reais,3.8 Alimentação fora do domicílio - light e diet,-,0.0
6972,1201,Despesa monetária e não monetária média mensal familiar,Reais,Unidade da Federação,25,Paraíba,2018,Mais de 14.310 a 23.850 Reais,3.8 Alimentação fora do domicílio - light e diet,3.90,3.9
6972,1201,Despesa monetária e não monetária média mensal familiar,Reais,Unidade da Federação,26,Pernambuco,2018,Mais de 14.310 a 23.850 Reais,3.8 Alimentação fora do domicílio - light e diet,-,0.0
6972,1201,Despesa monetária e não monetária média mensal familiar,Reais,Unidade da Federação,27,Alagoas,2018,Mais de 14.310 a 23.850 Reais,3.8 Alimentação fora do domicílio - light e diet,1.82,1.82
6972,1201,Despesa monetária e não monetária média mensal familiar,Reais,Unidade da Federação,28,Sergipe,2018,Mais de 14.310 a 23.850 Reais,3.8 Alimentação fora do domicílio - light e diet,-,0.0
6972,1201,Despesa monetária e não monetária média mensal familiar,Reais,Unidade da Federação,29,Bahia,2018,Mais de 14.310 a 23.850 Reais,3.8 Alimentação fora do domicílio - light e diet,0.81,0.81
6972,1201,Despesa monetária e não monetária média mensal familiar,Reais,Unidade da Federação,31,Minas Gerais,2018,Mais de 14.310 a 23.850 Reais,3.8 Alimentação fora do domicílio - light e diet,-,0.0
6972,1201,Despesa monetária e não monetária média mensal familiar,Reais,Unidade da Federação,32,Espírito Santo,2018,Mais de 14.310 a 23.850 Reais,3.8 Alimentação fora do domicílio - light e diet,0.10,0.1
6972,1201,Despesa monetária e não monetária média mensal familiar,Reais,Unidade da Federação,33,Rio de Janeiro,2018,Mais de 14.310 a 23.850 Reais,3.8 Alimentação fora do domicílio - light e diet,0.27,0.27
6972,1201,Despesa monetária e não monetária média mensal familiar,Reais,Unidade da Federação,35,São Paulo,2018,Mais de 14.310 a 23.850 Reais,3.8 Alimentação fora do domicílio - light e diet,0.08,0.08
6972,1201,Despesa monetária e não monetária média mensal familiar,Reais,Unidade da Federação,41,Paraná,2018,Mais de 14.310 a 23.850 Reais,3.8 Alimentação fora do domicílio - light e diet,0.17,0.17
6972,1201,Despesa monetária e não monetária média mensal familiar,Reais,Unidade da Federação,42,Santa Catarina,2018,Mais de 14.310 a 23.850 Reais,3.8 Alimentação fora do domicílio - light e diet,-,0.0
6972,1201,Despesa monetária e não monetária média mensal familiar,Reais,Unidade da Federação,43,Rio Grande do Sul,2018,Mais de 14.310 a 23.850 Reais,3.8 Alimentação fora do domicílio - light e diet,-,0.0
6972,1201,Despesa monetária e não monetária média mensal familiar,Reais,Unidade da Federação,50,Mato Grosso do Sul,2018,Mais de 14.310 a 23.850 Reais,3.8 Alimentação fora do domicílio - light e diet,-,0.0
6972,1201,Despesa monetária e não monetária média mensal familiar,Reais,Unidade da Federação,51,Mato Grosso,2018,Mais de 14.310 a 23.850 Reais,3.8 Alimentação fora do domicílio - light e diet,-,0.0
6972,1201,Despesa monetária e não monetária média mensal familiar,Reais,Unidade da Federação,52,Goiás,2018,Mais de 14.310 a 23.850 Reais,3.8 Alimentação fora do domicílio - light e diet,-,0.0
6972,1201,Despesa monetária e não monetária média mensal familiar,Reais,Unidade da Federação,53,Distrito Federal,2018,Mais de 14.310 a 23.850 Reais,3.8 Alimentação fora do domicílio - light e diet,0.75,0.75
6972,1201,Despesa monetária e não monetária média mensal familiar,Reais,Brasil,1,Brasil,2018,Mais de 14.310 a 23.850 Reais,3.9 Outras,27.35,27.35
6972,1201,Despesa monetária e não monetária média mensal familiar,Reais,Unidade da Federação,11,Rondônia,2018,Mais de 14.310 a 23.850 Reais,3.9 Outras,13.21,13.21
6972,1201,Despesa monetária e não monetária média mensal familiar,Reais,Unidade da Federação,12,Acre,2018,Mais de 14.310 a 23.850 Reais,3.9 Outras,4.46,4.46
6972,1201,Despesa monetária e não monetária média mensal familiar,Reais,Unidade da Federação,13,Amazonas,2018,Mais de 14.310 a 23.850 Reais,3.9 Outras,1.75,1.75
6972,1201,Despesa monetária e não monetária média mensal familiar,Reais,Unidade da Federação,14,Roraima,2018,Mais de 14.310 a 23.850 Reais,3.9 Outras,3.98,3.98
6972,1201,Despesa monetária e não monetária média mensal familiar,Reais,Unidade da Federação,15,Pará,2018,Mais de 14.310 a 23.850 Reais,3.9 Outras,24.84,24.84
6972,1201,Despesa monetária e não monetária média mensal familiar,Reais,Unidade da Federação,16,Amapá,2018,Mais de 14.310 a 23.850 Reais,3.9 Outras,27.65,27.65
6972,1201,Despesa monetária e não monetária média mensal familiar,Reais,Unidade da Federação,17,Tocantins,2018,Mais de 14.310 a 23.850 Reais,3.9 Outras,7.88,7.88
6972,1201,Despesa monetária e não monetária média mensal familiar,Reais,Unidade da Federação,21,Maranhão,2018,Mais de 14.310 a 23.850 Reais,3.9 Outras,12.62,12.62
6972,1201,Despesa monetária e não monetária média mensal familiar,Reais,Unidade da Federação,22,Piauí,2018,Mais de 14.310 a 23.850 Reais,3.9 Outras,42.74,42.74
6972,1201,Despesa monetária e não monetária média mensal familiar,Reais,Unidade da Federação,23,Ceará,2018,Mais de 14.310 a 23.850 Reais,3.9 Outras,20.72,20.72
6972,1201,Despesa monetária e não monetária média mensal familiar,Reais,Unidade da Federação,24,Rio Grande do Norte,2018,Mais de 14.310 a 23.850 Reais,3.9 Outras,20.88,20.88
6972,1201,Despesa monetária e não monetária média mensal familiar,Reais,Unidade da Federação,25,Paraíba,2018,Mais de 14.310 a 23.850 Reais,3.9 Outras,9.03,9.03
6972,1201,Despesa monetária e não monetária média mensal familiar,Reais,Unidade da Federação,26,Pernambuco,2018,Mais de 14.310 a 23.850 Reais,3.9 Outras,41.69,41.69
6972,1201,Despesa monetária e não monetária média mensal familiar,Reais,Unidade da Federação,27,Alagoas,2018,Mais de 14.310 a 23.850 Reais,3.9 Outras,15.77,15.77
6972,1201,Despesa monetária e não monetária média mensal familiar,Reais,Unidade da Federação,28,Sergipe,2018,Mais de 14.310 a 23.850 Reais,3.9 Outras,21.45,21.45
6972,1201,Despesa monetária e não monetária média mensal familiar,Reais,Unidade da Federação,29,Bahia,2018,Mais de 14.310 a 23.850 Reais,3.9 Outras,20.88,20.88
6972,1201,Despesa monetária e não monetária média mensal familiar,Reais,Unidade da Federação,31,Minas Gerais,2018,Mais de 14.310 a 23.850 Reais,3.9 Outras,47.58,47.58
6972,1201,Despesa monetária e não monetária média mensal familiar,Reais,Unidade da Federação,32,Espírito Santo,2018,Mais de 14.310 a 23.850 Reais,3.9 Outras,11.66,11.66
6972,1201,Despesa monetária e não monetária média mensal familiar,Reais,Unidade da Federação,33,Rio de Janeiro,2018,Mais de 14.310 a 23.850 Reais,3.9 Outras,16.57,16.57
6972,1201,Despesa monetária e não monetária média mensal familiar,Reais,Unidade da Federação,35,São Paulo,2018,Mais de 14.310 a 23.850 Reais,3.9 Outras,27.46,27.46
6972,1201,Despesa monetária e não monetária média mensal familiar,Reais,Unidade da Federação,41,Paraná,2018,Mais de 14.310 a 23.850 Reais,3.9 Outras,19.84,19.84
6972,1201,Despesa monetária e não monetária média mensal familiar,Reais,Unidade da Federação,42,Santa Catarina,2018,Mais de 14.310 a 23.850 Reais,3.9 Outras,9.68,9.68
6972,1201,Despesa monetária e não monetária média mensal familiar,Reais,Unidade da Federação,43,Rio Grande do Sul,2018,Mais de 14.310 a 23.850 Reais,3.9 Outras,11.22,11.22
6972,1201,Despesa monetária e não monetária média mensal familiar,Reais,Unidade da Federação,50,Mato Grosso do Sul,2018,Mais de 14.310 a 23.850 Reais,3.9 Outras,24.53,24.53
6972,1201,Despesa monetária e não monetária média mensal familiar,Reais,Unidade da Federação,51,Mato Grosso,2018,Mais de 14.310 a 23.850 Reais,3.9 Outras,124.51,124.51
6972,1201,Despesa monetária e não monetária média mensal familiar,Reais,Unidade da Federação,52,Goiás,2018,Mais de 14.310 a 23.850 Reais,3.9 Outras,51.01,51.01
6972,1201,Despesa monetária e não monetária média mensal familiar,Reais,Unidade da Federação,53,Distrito Federal,2018,Mais de 14.310 a 23.850 Reais,3.9 Outras,25.10,25.1
6972,1201,Despesa monetária e não monetária média mensal familiar,Reais,Brasil,1,Brasil,2018,Mais de 23.850 Reais,1 Despesas com alimentação,2105.91,2105.91
6972,1201,Despesa monetária e não monetária média mensal familiar,Reais,Unidade da Federação,11,Rondônia,2018,Mais de 23.850 Reais,1 Despesas com alimentação,1063.53,1063.53
6972,1201,Despesa monetária e não monetária média mensal familiar,Reais,Unidade da Federação,12,Acre,2018,Mais de 23.850 Reais,1 Despesas com alimentação,897.89,897.89
6972,1201,Despesa monetária e não monetária média mensal familiar,Reais,Unidade da Federação,13,Amazonas,2018,Mais de 23.850 Reais,1 Despesas com alimentação,1274.29,1274.29
6972,1201,Despesa monetária e não monetária média mensal familiar,Reais,Unidade da Federação,14,Roraima,2018,Mais de 23.850 Reais,1 Despesas com alimentação,898.32,898.32
6972,1201,Despesa monetária e não monetária média mensal familiar,Reais,Unidade da Federação,15,Pará,2018,Mais de 23.850 Reais,1 Despesas com alimentação,1760.56,1760.56
6972,1201,Despesa monetária e não monetária média mensal familiar,Reais,Unidade da Federação,16,Amapá,2018,Mais de 23.850 Reais,1 Despesas com alimentação,1491.99,1491.99
6972,1201,Despesa monetária e não monetária média mensal familiar,Reais,Unidade da Federação,17,Tocantins,2018,Mais de 23.850 Reais,1 Despesas com alimentação,709.70,709.7
6972,1201,Despesa monetária e não monetária média mensal familiar,Reais,Unidade da Federação,21,Maranhão,2018,Mais de 23.850 Reais,1 Despesas com alimentação,1356.94,1356.94
6972,1201,Despesa monetária e não monetária média mensal familiar,Reais,Unidade da Federação,22,Piauí,2018,Mais de 23.850 Reais,1 Despesas com alimentação,2601.41,2601.41
6972,1201,Despesa monetária e não monetária média mensal familiar,Reais,Unidade da Federação,23,Ceará,2018,Mais de 23.850 Reais,1 Despesas com alimentação,1588.62,1588.62
6972,1201,Despesa monetária e não monetária média mensal familiar,Reais,Unidade da Federação,24,Rio Grande do Norte,2018,Mais de 23.850 Reais,1 Despesas com alimentação,3922.65,3922.65
6972,1201,Despesa monetária e não monetária média mensal familiar,Reais,Unidade da Federação,25,Paraíba,2018,Mais de 23.850 Reais,1 Despesas com alimentação,2007.01,2007.01
6972,1201,Despesa monetária e não monetária média mensal familiar,Reais,Unidade da Federação,26,Pernambuco,2018,Mais de 23.850 Reais,1 Despesas com alimentação,2106.02,2106.02
6972,1201,Despesa monetária e não monetária média mensal familiar,Reais,Unidade da Federação,27,Alagoas,2018,Mais de 23.850 Reais,1 Despesas com alimentação,1814.49,1814.49
6972,1201,Despesa monetária e não monetária média mensal familiar,Reais,Unidade da Federação,28,Sergipe,2018,Mais de 23.850 Reais,1 Despesas com alimentação,2162.40,2162.4
6972,1201,Despesa monetária e não monetária média mensal familiar,Reais,Unidade da Federação,29,Bahia,2018,Mais de 23.850 Reais,1 Despesas com alimentação,2587.56,2587.56
6972,1201,Despesa monetária e não monetária média mensal familiar,Reais,Unidade da Federação,31,Minas Gerais,2018,Mais de 23.850 Reais,1 Despesas com alimentação,2111.32,2111.32
6972,1201,Despesa monetária e não monetária média mensal familiar,Reais,Unidade da Federação,32,Espírito Santo,2018,Mais de 23.850 Reais,1 Despesas com alimentação,1516.07,1516.07
6972,1201,Despesa monetária e não monetária média mensal familiar,Reais,Unidade da Federação,33,Rio de Janeiro,2018,Mais de 23.850 Reais,1 Despesas com alimentação,2267.87,2267.87
6972,1201,Despesa monetária e não monetária média mensal familiar,Reais,Unidade da Federação,35,São Paulo,2018,Mais de 23.850 Reais,1 Despesas com alimentação,2217.69,2217.69
6972,1201,Despesa monetária e não monetária média mensal familiar,Reais,Unidade da Federação,41,Paraná,2018,Mais de 23.850 Reais,1 Despesas com alimentação,2062.82,2062.82
6972,1201,Despesa monetária e não monetária média mensal familiar,Reais,Unidade da Federação,42,Santa Catarina,2018,Mais de 23.850 Reais,1 Despesas com alimentação,1609.41,1609.41
6972,1201,Despesa monetária e não monetária média mensal familiar,Reais,Unidade da Federação,43,Rio Grande do Sul,2018,Mais de 23.850 Reais,1 Despesas com alimentação,2063.73,2063.73
6972,1201,Despesa monetária e não monetária média mensal familiar,Reais,Unidade da Federação,50,Mato Grosso do Sul,2018,Mais de 23.850 Reais,1 Despesas com alimentação,1759.50,1759.5
6972,1201,Despesa monetária e não monetária média mensal familiar,Reais,Unidade da Federação,51,Mato Grosso,2018,Mais de 23.850 Reais,1 Despesas com alimentação,2233.34,2233.34
6972,1201,Despesa monetária e não monetária média mensal familiar,Reais,Unidade da Federação,52,Goiás,2018,Mais de 23.850 Reais,1 Despesas com alimentação,1887.61,1887.61
6972,1201,Despesa monetária e não monetária média mensal familiar,Reais,Unidade da Federação,53,Distrito Federal,2018,Mais de 23.850 Reais,1 Despesas com alimentação,1813.31,1813.31
6972,1201,Despesa monetária e não monetária média mensal familiar,Reais,Brasil,1,Brasil,2018,Mais de 23.850 Reais,3 Alimentação fora do domicílio,1047.64,1047.64
6972,1201,Despesa monetária e não monetária média mensal familiar,Reais,Unidade da Federação,11,Rondônia,2018,Mais de 23.850 Reais,3 Alimentação fora do domicílio,603.44,603.44
6972,1201,Despesa monetária e não monetária média mensal familiar,Reais,Unidade da Federação,12,Acre,2018,Mais de 23.850 Reais,3 Alimentação fora do domicílio,176.25,176.25
6972,1201,Despesa monetária e não monetária média mensal familiar,Reais,Unidade da Federação,13,Amazonas,2018,Mais de 23.850 Reais,3 Alimentação fora do domicílio,423.89,423.89
6972,1201,Despesa monetária e não monetária média mensal familiar,Reais,Unidade da Federação,14,Roraima,2018,Mais de 23.850 Reais,3 Alimentação fora do domicílio,152.64,152.64
6972,1201,Despesa monetária e não monetária média mensal familiar,Reais,Unidade da Federação,15,Pará,2018,Mais de 23.850 Reais,3 Alimentação fora do domicílio,217.28,217.28
6972,1201,Despesa monetária e não monetária média mensal familiar,Reais,Unidade da Federação,16,Amapá,2018,Mais de 23.850 Reais,3 Alimentação fora do domicílio,532.20,532.2
6972,1201,Despesa monetária e não monetária média mensal familiar,Reais,Unidade da Federação,17,Tocantins,2018,Mais de 23.850 Reais,3 Alimentação fora do domicílio,136.38,136.38
6972,1201,Despesa monetária e não monetária média mensal familiar,Reais,Unidade da Federação,21,Maranhão,2018,Mais de 23.850 Reais,3 Alimentação fora do domicílio,600.86,600.86
6972,1201,Despesa monetária e não monetária média mensal familiar,Reais,Unidade da Federação,22,Piauí,2018,Mais de 23.850 Reais,3 Alimentação fora do domicílio,1715.24,1715.24
6972,1201,Despesa monetária e não monetária média mensal familiar,Reais,Unidade da Federação,23,Ceará,2018,Mais de 23.850 Reais,3 Alimentação fora do domicílio,493.66,493.66
6972,1201,Despesa monetária e não monetária média mensal familiar,Reais,Unidade da Federação,24,Rio Grande do Norte,2018,Mais de 23.850 Reais,3 Alimentação fora do domicílio,2285.53,2285.53
6972,1201,Despesa monetária e não monetária média mensal familiar,Reais,Unidade da Federação,25,Paraíba,2018,Mais de 23.850 Reais,3 Alimentação fora do domicílio,962.03,962.03
6972,1201,Despesa monetária e não monetária média mensal familiar,Reais,Unidade da Federação,26,Pernambuco,2018,Mais de 23.850 Reais,3 Alimentação fora do domicílio,984.46,984.46
6972,1201,Despesa monetária e não monetária média mensal familiar,Reais,Unidade da Federação,27,Alagoas,2018,Mais de 23.850 Reais,3 Alimentação fora do domicílio,1133.11,1133.11
6972,1201,Despesa monetária e não monetária média mensal familiar,Reais,Unidade da Federação,28,Sergipe,2018,Mais de 23.850 Reais,3 Alimentação fora do domicílio,1492.57,1492.57
6972,1201,Despesa monetária e não monetária média mensal familiar,Reais,Unidade da Federação,29,Bahia,2018,Mais de 23.850 Reais,3 Alimentação fora do domicílio,1174.31,1174.31
6972,1201,Despesa monetária e não monetária média mensal familiar,Reais,Unidade da Federação,31,Minas Gerais,2018,Mais de 23.850 Reais,3 Alimentação fora do domicílio,1097.70,1097.7
6972,1201,Despesa monetária e não monetária média mensal familiar,Reais,Unidade da Federação,32,Espírito Santo,2018,Mais de 23.850 Reais,3 Alimentação fora do domicílio,757.30,757.3
6972,1201,Despesa monetária e não monetária média mensal familiar,Reais,Unidade da Federação,33,Rio de Janeiro,2018,Mais de 23.850 Reais,3 Alimentação fora do domicílio,1205.01,1205.01
6972,1201,Despesa monetária e não monetária média mensal familiar,Reais,Unidade da Federação,35,São Paulo,2018,Mais de 23.850 Reais,3 Alimentação fora do domicílio,1173.61,1173.61
6972,1201,Despesa monetária e não monetária média mensal familiar,Reais,Unidade da Federação,41,Paraná,2018,Mais de 23.850 Reais,3 Alimentação fora do domicílio,908.36,908.36
6972,1201,Despesa monetária e não monetária média mensal familiar,Reais,Unidade da Federação,42,Santa Catarina,2018,Mais de 23.850 Reais,3 Alimentação fora do domicílio,628.39,628.39
6972,1201,Despesa monetária e não monetária média mensal familiar,Reais,Unidade da Federação,43,Rio Grande do Sul,2018,Mais de 23.850 Reais,3 Alimentação fora do domicílio,810.23,810.23
6972,1201,Despesa monetária e não monetária média mensal familiar,Reais,Unidade da Federação,50,Mato Grosso do Sul,2018,Mais de 23.850 Reais,3 Alimentação fora do domicílio,728.40,728.4
6972,1201,Despesa monetária e não monetária média mensal familiar,Reais,Unidade da Federação,51,Mato Grosso,2018,Mais de 23.850 Reais,3 Alimentação fora do domicílio,1040.90,1040.9
6972,1201,Despesa monetária e não monetária média mensal familiar,Reais,Unidade da Federação,52,Goiás,2018,Mais de 23.850 Reais,3 Alimentação fora do domicílio,857.58,857.58
6972,1201,Despesa monetária e não monetária média mensal familiar,Reais,Unidade da Federação,53,Distrito Federal,2018,Mais de 23.850 Reais,3 Alimentação fora do domicílio,923.62,923.62
6972,1201,Despesa monetária e não monetária média mensal familiar,Reais,Brasil,1,Brasil,2018,Mais de 23.850 Reais,3.1 Almoço e jantar,839.36,839.36
6972,1201,Despesa monetária e não monetária média mensal familiar,Reais,Unidade da Federação,11,Rondônia,2018,Mais de 23.850 Reais,3.1 Almoço e jantar,472.30,472.3
6972,1201,Despesa monetária e não monetária média mensal familiar,Reais,Unidade da Federação,12,Acre,2018,Mais de 23.850 Reais,3.1 Almoço e jantar,129.11,129.11
6972,1201,Despesa monetária e não monetária média mensal familiar,Reais,Unidade da Federação,13,Amazonas,2018,Mais de 23.850 Reais,3.1 Almoço e jantar,343.31,343.31
6972,1201,Despesa monetária e não monetária média mensal familiar,Reais,Unidade da Federação,14,Roraima,2018,Mais de 23.850 Reais,3.1 Almoço e jantar,151.57,151.57
6972,1201,Despesa monetária e não monetária média mensal familiar,Reais,Unidade da Federação,15,Pará,2018,Mais de 23.850 Reais,3.1 Almoço e jantar,187.29,187.29
6972,1201,Despesa monetária e não monetária média mensal familiar,Reais,Unidade da Federação,16,Amapá,2018,Mais de 23.850 Reais,3.1 Almoço e jantar,413.11,413.11
6972,1201,Despesa monetária e não monetária média mensal familiar,Reais,Unidade da Federação,17,Tocantins,2018,Mais de 23.850 Reais,3.1 Almoço e jantar,132.23,132.23
6972,1201,Despesa monetária e não monetária média mensal familiar,Reais,Unidade da Federação,21,Maranhão,2018,Mais de 23.850 Reais,3.1 Almoço e jantar,412.03,412.03
6972,1201,Despesa monetária e não monetária média mensal familiar,Reais,Unidade da Federação,22,Piauí,2018,Mais de 23.850 Reais,3.1 Almoço e jantar,561.43,561.43
6972,1201,Despesa monetária e não monetária média mensal familiar,Reais,Unidade da Federação,23,Ceará,2018,Mais de 23.850 Reais,3.1 Almoço e jantar,349.86,349.86
6972,1201,Despesa monetária e não monetária média mensal familiar,Reais,Unidade da Federação,24,Rio Grande do Norte,2018,Mais de 23.850 Reais,3.1 Almoço e jantar,2050.94,2050.94
6972,1201,Despesa monetária e não monetária média mensal familiar,Reais,Unidade da Federação,25,Paraíba,2018,Mais de 23.850 Reais,3.1 Almoço e jantar,742.57,742.57
6972,1201,Despesa monetária e não monetária média mensal familiar,Reais,Unidade da Federação,26,Pernambuco,2018,Mais de 23.850 Reais,3.1 Almoço e jantar,797.49,797.49
6972,1201,Despesa monetária e não monetária média mensal familiar,Reais,Unidade da Federação,27,Alagoas,2018,Mais de 23.850 Reais,3.1 Almoço e jantar,1038.11,1038.11
6972,1201,Despesa monetária e não monetária média mensal familiar,Reais,Unidade da Federação,28,Sergipe,2018,Mais de 23.850 Reais,3.1 Almoço e jantar,1162.64,1162.64
6972,1201,Despesa monetária e não monetária média mensal familiar,Reais,Unidade da Federação,29,Bahia,2018,Mais de 23.850 Reais,3.1 Almoço e jantar,961.48,961.48
6972,1201,Despesa monetária e não monetária média mensal familiar,Reais,Unidade da Federação,31,Minas Gerais,2018,Mais de 23.850 Reais,3.1 Almoço e jantar,885.32,885.32
6972,1201,Despesa monetária e não monetária média mensal familiar,Reais,Unidade da Federação,32,Espírito Santo,2018,Mais de 23.850 Reais,3.1 Almoço e jantar,616.22,616.22
6972,1201,Despesa monetária e não monetária média mensal familiar,Reais,Unidade da Federação,33,Rio de Janeiro,2018,Mais de 23.850 Reais,3.1 Almoço e jantar,1073.21,1073.21
6972,1201,Despesa monetária e não monetária média mensal familiar,Reais,Unidade da Federação,35,São Paulo,2018,Mais de 23.850 Reais,3.1 Almoço e jantar,935.49,935.49
6972,1201,Despesa monetária e não monetária média mensal familiar,Reais,Unidade da Federação,41,Paraná,2018,Mais de 23.850 Reais,3.1 Almoço e jantar,756.59,756.59
6972,1201,Despesa monetária e não monetária média mensal familiar,Reais,Unidade da Federação,42,Santa Catarina,2018,Mais de 23.850 Reais,3.1 Almoço e jantar,411.19,411.19
6972,1201,Despesa monetária e não monetária média mensal familiar,Reais,Unidade da Federação,43,Rio Grande do Sul,2018,Mais de 23.850 Reais,3.1 Almoço e jantar,671.45,671.45
6972,1201,Despesa monetária e não monetária média mensal familiar,Reais,Unidade da Federação,50,Mato Grosso do Sul,2018,Mais de 23.850 Reais,3.1 Almoço e jantar,594.04,594.04
6972,1201,Despesa monetária e não monetária média mensal familiar,Reais,Unidade da Federação,51,Mato Grosso,2018,Mais de 23.850 Reais,3.1 Almoço e jantar,847.22,847.22
6972,1201,Despesa monetária e não monetária média mensal familiar,Reais,Unidade da Federação,52,Goiás,2018,Mais de 23.850 Reais,3.1 Almoço e jantar,575.66,575.66
6972,1201,Despesa monetária e não monetária média mensal familiar,Reais,Unidade da Federação,53,Distrito Federal,2018,Mais de 23.850 Reais,3.1 Almoço e jantar,699.03,699.03
6972,1201,Despesa monetária e não monetária média mensal familiar,Reais,Brasil,1,Brasil,2018,Mais de 23.850 Reais,"3.2 Café, leite, café/leite e chocolate",10.57,10.57
6972,1201,Despesa monetária e não monetária média mensal familiar,Reais,Unidade da Federação,11,Rondônia,2018,Mais de 23.850 Reais,"3.2 Café, leite, café/leite e chocolate",5.74,5.74
6972,1201,Despesa monetária e não monetária média mensal familiar,Reais,Unidade da Federação,12,Acre,2018,Mais de 23.850 Reais,"3.2 Café, leite, café/leite e chocolate",3.07,3.07
6972,1201,Despesa monetária e não monetária média mensal familiar,Reais,Unidade da Federação,13,Amazonas,2018,Mais de 23.850 Reais,"3.2 Café, leite, café/leite e chocolate",5.00,5.0
6972,1201,Despesa monetária e não monetária média mensal familiar,Reais,Unidade da Federação,14,Roraima,2018,Mais de 23.850 Reais,"3.2 Café, leite, café/leite e chocolate",-,0.0
6972,1201,Despesa monetária e não monetária média mensal familiar,Reais,Unidade da Federação,15,Pará,2018,Mais de 23.850 Reais,"3.2 Café, leite, café/leite e chocolate",-,0.0
6972,1201,Despesa monetária e não monetária média mensal familiar,Reais,Unidade da Federação,16,Amapá,2018,Mais de 23.850 Reais,"3.2 Café, leite, café/leite e chocolate",2.00,2.0
6972,1201,Despesa monetária e não monetária média mensal familiar,Reais,Unidade da Federação,17,Tocantins,2018,Mais de 23.850 Reais,"3.2 Café, leite, café/leite e chocolate",-,0.0
6972,1201,Despesa monetária e não monetária média mensal familiar,Reais,Unidade da Federação,21,Maranhão,2018,Mais de 23.850 Reais,"3.2 Café, leite, café/leite e chocolate",8.83,8.83
6972,1201,Despesa monetária e não monetária média mensal familiar,Reais,Unidade da Federação,22,Piauí,2018,Mais de 23.850 Reais,"3.2 Café, leite, café/leite e chocolate",19.25,19.25
6972,1201,Despesa monetária e não monetária média mensal familiar,Reais,Unidade da Federação,23,Ceará,2018,Mais de 23.850 Reais,"3.2 Café, leite, café/leite e chocolate",2.89,2.89
6972,1201,Despesa monetária e não monetária média mensal familiar,Reais,Unidade da Federação,24,Rio Grande do Norte,2018,Mais de 23.850 Reais,"3.2 Café, leite, café/leite e chocolate",16.47,16.47
6972,1201,Despesa monetária e não monetária média mensal familiar,Reais,Unidade da Federação,25,Paraíba,2018,Mais de 23.850 Reais,"3.2 Café, leite, café/leite e chocolate",9.15,9.15
6972,1201,Despesa monetária e não monetária média mensal familiar,Reais,Unidade da Federação,26,Pernambuco,2018,Mais de 23.850 Reais,"3.2 Café, leite, café/leite e chocolate",7.15,7.15
6972,1201,Despesa monetária e não monetária média mensal familiar,Reais,Unidade da Federação,27,Alagoas,2018,Mais de 23.850 Reais,"3.2 Café, leite, café/leite e chocolate",0.24,0.24
6972,1201,Despesa monetária e não monetária média mensal familiar,Reais,Unidade da Federação,28,Sergipe,2018,Mais de 23.850 Reais,"3.2 Café, leite, café/leite e chocolate",1.36,1.36
6972,1201,Despesa monetária e não monetária média mensal familiar,Reais,Unidade da Federação,29,Bahia,2018,Mais de 23.850 Reais,"3.2 Café, leite, café/leite e chocolate",0.27,0.27
6972,1201,Despesa monetária e não monetária média mensal familiar,Reais,Unidade da Federação,31,Minas Gerais,2018,Mais de 23.850 Reais,"3.2 Café, leite, café/leite e chocolate",5.13,5.13
6972,1201,Despesa monetária e não monetária média mensal familiar,Reais,Unidade da Federação,32,Espírito Santo,2018,Mais de 23.850 Reais,"3.2 Café, leite, café/leite e chocolate",0.71,0.71
6972,1201,Despesa monetária e não monetária média mensal familiar,Reais,Unidade da Federação,33,Rio de Janeiro,2018,Mais de 23.850 Reais,"3.2 Café, leite, café/leite e chocolate",1.60,1.6
6972,1201,Despesa monetária e não monetária média mensal familiar,Reais,Unidade da Federação,35,São Paulo,2018,Mais de 23.850 Reais,"3.2 Café, leite, café/leite e chocolate",17.41,17.41
6972,1201,Despesa monetária e não monetária média mensal familiar,Reais,Unidade da Federação,41,Paraná,2018,Mais de 23.850 Reais,"3.2 Café, leite, café/leite e chocolate",2.68,2.68
6972,1201,Despesa monetária e não monetária média mensal familiar,Reais,Unidade da Federação,42,Santa Catarina,2018,Mais de 23.850 Reais,"3.2 Café, leite, café/leite e chocolate",4.30,4.3
6972,1201,Despesa monetária e não monetária média mensal familiar,Reais,Unidade da Federação,43,Rio Grande do Sul,2018,Mais de 23.850 Reais,"3.2 Café, leite, café/leite e chocolate",19.39,19.39
6972,1201,Despesa monetária e não monetária média mensal familiar,Reais,Unidade da Federação,50,Mato Grosso do Sul,2018,Mais de 23.850 Reais,"3.2 Café, leite, café/leite e chocolate",2.91,2.91
6972,1201,Despesa monetária e não monetária média mensal familiar,Reais,Unidade da Federação,51,Mato Grosso,2018,Mais de 23.850 Reais,"3.2 Café, leite, café/leite e chocolate",1.69,1.69
6972,1201,Despesa monetária e não monetária média mensal familiar,Reais,Unidade da Federação,52,Goiás,2018,Mais de 23.850 Reais,"3.2 Café, leite, café/leite e chocolate",7.94,7.94
6972,1201,Despesa monetária e não monetária média mensal familiar,Reais,Unidade da Federação,53,Distrito Federal,2018,Mais de 23.850 Reais,"3.2 Café, leite, café/leite e chocolate",5.00,5.0
6972,1201,Despesa monetária e não monetária média mensal familiar,Reais,Brasil,1,Brasil,2018,Mais de 23.850 Reais,3.3 Sanduíches e salgados,56.72,56.72
6972,1201,Despesa monetária e não monetária média mensal familiar,Reais,Unidade da Federação,11,Rondônia,2018,Mais de 23.850 Reais,3.3 Sanduíches e salgados,51.03,51.03
6972,1201,Despesa monetária e não monetária média mensal familiar,Reais,Unidade da Federação,12,Acre,2018,Mais de 23.850 Reais,3.3 Sanduíches e salgados,21.77,21.77
6972,1201,Despesa monetária e não monetária média mensal familiar,Reais,Unidade da Federação,13,Amazonas,2018,Mais de 23.850 Reais,3.3 Sanduíches e salgados,27.62,27.62
6972,1201,Despesa monetária e não monetária média mensal familiar,Reais,Unidade da Federação,14,Roraima,2018,Mais de 23.850 Reais,3.3 Sanduíches e salgados,-,0.0
6972,1201,Despesa monetária e não monetária média mensal familiar,Reais,Unidade da Federação,15,Pará,2018,Mais de 23.850 Reais,3.3 Sanduíches e salgados,2.38,2.38
6972,1201,Despesa monetária e não monetária média mensal familiar,Reais,Unidade da Federação,16,Amapá,2018,Mais de 23.850 Reais,3.3 Sanduíches e salgados,59.14,59.14
6972,1201,Despesa monetária e não monetária média mensal familiar,Reais,Unidade da Federação,17,Tocantins,2018,Mais de 23.850 Reais,3.3 Sanduíches e salgados,2.43,2.43
6972,1201,Despesa monetária e não monetária média mensal familiar,Reais,Unidade da Federação,21,Maranhão,2018,Mais de 23.850 Reais,3.3 Sanduíches e salgados,98.40,98.4
6972,1201,Despesa monetária e não monetária média mensal familiar,Reais,Unidade da Federação,22,Piauí,2018,Mais de 23.850 Reais,3.3 Sanduíches e salgados,24.24,24.24
6972,1201,Despesa monetária e não monetária média mensal familiar,Reais,Unidade da Federação,23,Ceará,2018,Mais de 23.850 Reais,3.3 Sanduíches e salgados,67.01,67.01
6972,1201,Despesa monetária e não monetária média mensal familiar,Reais,Unidade da Federação,24,Rio Grande do Norte,2018,Mais de 23.850 Reais,3.3 Sanduíches e salgados,37.52,37.52
6972,1201,Despesa monetária e não monetária média mensal familiar,Reais,Unidade da Federação,25,Paraíba,2018,Mais de 23.850 Reais,3.3 Sanduíches e salgados,30.12,30.12
6972,1201,Despesa monetária e não monetária média mensal familiar,Reais,Unidade da Federação,26,Pernambuco,2018,Mais de 23.850 Reais,3.3 Sanduíches e salgados,56.03,56.03
6972,1201,Despesa monetária e não monetária média mensal familiar,Reais,Unidade da Federação,27,Alagoas,2018,Mais de 23.850 Reais,3.3 Sanduíches e salgados,54.69,54.69
6972,1201,Despesa monetária e não monetária média mensal familiar,Reais,Unidade da Federação,28,Sergipe,2018,Mais de 23.850 Reais,3.3 Sanduíches e salgados,47.29,47.29
6972,1201,Despesa monetária e não monetária média mensal familiar,Reais,Unidade da Federação,29,Bahia,2018,Mais de 23.850 Reais,3.3 Sanduíches e salgados,38.86,38.86
6972,1201,Despesa monetária e não monetária média mensal familiar,Reais,Unidade da Federação,31,Minas Gerais,2018,Mais de 23.850 Reais,3.3 Sanduíches e salgados,53.29,53.29
6972,1201,Despesa monetária e não monetária média mensal familiar,Reais,Unidade da Federação,32,Espírito Santo,2018,Mais de 23.850 Reais,3.3 Sanduíches e salgados,11.29,11.29
6972,1201,Despesa monetária e não monetária média mensal familiar,Reais,Unidade da Federação,33,Rio de Janeiro,2018,Mais de 23.850 Reais,3.3 Sanduíches e salgados,46.69,46.69
6972,1201,Despesa monetária e não monetária média mensal familiar,Reais,Unidade da Federação,35,São Paulo,2018,Mais de 23.850 Reais,3.3 Sanduíches e salgados,57.94,57.94
6972,1201,Despesa monetária e não monetária média mensal familiar,Reais,Unidade da Federação,41,Paraná,2018,Mais de 23.850 Reais,3.3 Sanduíches e salgados,49.23,49.23
6972,1201,Despesa monetária e não monetária média mensal familiar,Reais,Unidade da Federação,42,Santa Catarina,2018,Mais de 23.850 Reais,3.3 Sanduíches e salgados,48.98,48.98
6972,1201,Despesa monetária e não monetária média mensal familiar,Reais,Unidade da Federação,43,Rio Grande do Sul,2018,Mais de 23.850 Reais,3.3 Sanduíches e salgados,44.09,44.09
6972,1201,Despesa monetária e não monetária média mensal familiar,Reais,Unidade da Federação,50,Mato Grosso do Sul,2018,Mais de 23.850 Reais,3.3 Sanduíches e salgados,26.24,26.24
6972,1201,Despesa monetária e não monetária média mensal familiar,Reais,Unidade da Federação,51,Mato Grosso,2018,Mais de 23.850 Reais,3.3 Sanduíches e salgados,128.35,128.35
6972,1201,Despesa monetária e não monetária média mensal familiar,Reais,Unidade da Federação,52,Goiás,2018,Mais de 23.850 Reais,3.3 Sanduíches e salgados,136.00,136.0
6972,1201,Despesa monetária e não monetária média mensal familiar,Reais,Unidade da Federação,53,Distrito Federal,2018,Mais de 23.850 Reais,3.3 Sanduíches e salgados,73.22,73.22
6972,1201,Despesa monetária e não monetária média mensal familiar,Reais,Brasil,1,Brasil,2018,Mais de 23.850 Reais,3.4 Refrigerantes e outras bebidas não alcoólicas,14.77,14.77
6972,1201,Despesa monetária e não monetária média mensal familiar,Reais,Unidade da Federação,11,Rondônia,2018,Mais de 23.850 Reais,3.4 Refrigerantes e outras bebidas não alcoólicas,22.16,22.16
6972,1201,Despesa monetária e não monetária média mensal familiar,Reais,Unidade da Federação,12,Acre,2018,Mais de 23.850 Reais,3.4 Refrigerantes e outras bebidas não alcoólicas,17.15,17.15
6972,1201,Despesa monetária e não monetária média mensal familiar,Reais,Unidade da Federação,13,Amazonas,2018,Mais de 23.850 Reais,3.4 Refrigerantes e outras bebidas não alcoólicas,4.94,4.94
6972,1201,Despesa monetária e não monetária média mensal familiar,Reais,Unidade da Federação,14,Roraima,2018,Mais de 23.850 Reais,3.4 Refrigerantes e outras bebidas não alcoólicas,1.07,1.07
6972,1201,Despesa monetária e não monetária média mensal familiar,Reais,Unidade da Federação,15,Pará,2018,Mais de 23.850 Reais,3.4 Refrigerantes e outras bebidas não alcoólicas,6.97,6.97
6972,1201,Despesa monetária e não monetária média mensal familiar,Reais,Unidade da Federação,16,Amapá,2018,Mais de 23.850 Reais,3.4 Refrigerantes e outras bebidas não alcoólicas,18.22,18.22
6972,1201,Despesa monetária e não monetária média mensal familiar,Reais,Unidade da Federação,17,Tocantins,2018,Mais de 23.850 Reais,3.4 Refrigerantes e outras bebidas não alcoólicas,1.72,1.72
6972,1201,Despesa monetária e não monetária média mensal familiar,Reais,Unidade da Federação,21,Maranhão,2018,Mais de 23.850 Reais,3.4 Refrigerantes e outras bebidas não alcoólicas,-,0.0
6972,1201,Despesa monetária e não monetária média mensal familiar,Reais,Unidade da Federação,22,Piauí,2018,Mais de 23.850 Reais,3.4 Refrigerantes e outras bebidas não alcoólicas,35.95,35.95
6972,1201,Despesa monetária e não monetária média mensal familiar,Reais,Unidade da Federação,23,Ceará,2018,Mais de 23.850 Reais,3.4 Refrigerantes e outras bebidas não alcoólicas,25.77,25.77
6972,1201,Despesa monetária e não monetária média mensal familiar,Reais,Unidade da Federação,24,Rio Grande do Norte,2018,Mais de 23.850 Reais,3.4 Refrigerantes e outras bebidas não alcoólicas,19.85,19.85
6972,1201,Despesa monetária e não monetária média mensal familiar,Reais,Unidade da Federação,25,Paraíba,2018,Mais de 23.850 Reais,3.4 Refrigerantes e outras bebidas não alcoólicas,28.23,28.23
6972,1201,Despesa monetária e não monetária média mensal familiar,Reais,Unidade da Federação,26,Pernambuco,2018,Mais de 23.850 Reais,3.4 Refrigerantes e outras bebidas não alcoólicas,13.98,13.98
6972,1201,Despesa monetária e não monetária média mensal familiar,Reais,Unidade da Federação,27,Alagoas,2018,Mais de 23.850 Reais,3.4 Refrigerantes e outras bebidas não alcoólicas,8.38,8.38
6972,1201,Despesa monetária e não monetária média mensal familiar,Reais,Unidade da Federação,28,Sergipe,2018,Mais de 23.850 Reais,3.4 Refrigerantes e outras bebidas não alcoólicas,65.46,65.46
6972,1201,Despesa monetária e não monetária média mensal familiar,Reais,Unidade da Federação,29,Bahia,2018,Mais de 23.850 Reais,3.4 Refrigerantes e outras bebidas não alcoólicas,25.53,25.53
6972,1201,Despesa monetária e não monetária média mensal familiar,Reais,Unidade da Federação,31,Minas Gerais,2018,Mais de 23.850 Reais,3.4 Refrigerantes e outras bebidas não alcoólicas,15.16,15.16
6972,1201,Despesa monetária e não monetária média mensal familiar,Reais,Unidade da Federação,32,Espírito Santo,2018,Mais de 23.850 Reais,3.4 Refrigerantes e outras bebidas não alcoólicas,30.29,30.29
6972,1201,Despesa monetária e não monetária média mensal familiar,Reais,Unidade da Federação,33,Rio de Janeiro,2018,Mais de 23.850 Reais,3.4 Refrigerantes e outras bebidas não alcoólicas,2.91,2.91
6972,1201,Despesa monetária e não monetária média mensal familiar,Reais,Unidade da Federação,35,São Paulo,2018,Mais de 23.850 Reais,3.4 Refrigerantes e outras bebidas não alcoólicas,13.88,13.88
6972,1201,Despesa monetária e não monetária média mensal familiar,Reais,Unidade da Federação,41,Paraná,2018,Mais de 23.850 Reais,3.4 Refrigerantes e outras bebidas não alcoólicas,18.47,18.47
6972,1201,Despesa monetária e não monetária média mensal familiar,Reais,Unidade da Federação,42,Santa Catarina,2018,Mais de 23.850 Reais,3.4 Refrigerantes e outras bebidas não alcoólicas,17.58,17.58
6972,1201,Despesa monetária e não monetária média mensal familiar,Reais,Unidade da Federação,43,Rio Grande do Sul,2018,Mais de 23.850 Reais,3.4 Refrigerantes e outras bebidas não alcoólicas,10.02,10.02
6972,1201,Despesa monetária e não monetária média mensal familiar,Reais,Unidade da Federação,50,Mato Grosso do Sul,2018,Mais de 23.850 Reais,3.4 Refrigerantes e outras bebidas não alcoólicas,10.73,10.73
6972,1201,Despesa monetária e não monetária média mensal familiar,Reais,Unidade da Federação,51,Mato Grosso,2018,Mais de 23.850 Reais,3.4 Refrigerantes e outras bebidas não alcoólicas,5.74,5.74
6972,1201,Despesa monetária e não monetária média mensal familiar,Reais,Unidade da Federação,52,Goiás,2018,Mais de 23.850 Reais,3.4 Refrigerantes e outras bebidas não alcoólicas,28.99,28.99
6972,1201,Despesa monetária e não monetária média mensal familiar,Reais,Unidade da Federação,53,Distrito Federal,2018,Mais de 23.850 Reais,3.4 Refrigerantes e outras bebidas não alcoólicas,14.03,14.03
6972,1201,Despesa monetária e não monetária média mensal familiar,Reais,Brasil,1,Brasil,2018,Mais de 23.850 Reais,3.5 Lanches,65.09,65.09
6972,1201,Despesa monetária e não monetária média mensal familiar,Reais,Unidade da Federação,11,Rondônia,2018,Mais de 23.850 Reais,3.5 Lanches,6.92,6.92
6972,1201,Despesa monetária e não monetária média mensal familiar,Reais,Unidade da Federação,12,Acre,2018,Mais de 23.850 Reais,3.5 Lanches,4.73,4.73
6972,1201,Despesa monetária e não monetária média mensal familiar,Reais,Unidade da Federação,13,Amazonas,2018,Mais de 23.850 Reais,3.5 Lanches,13.59,13.59
6972,1201,Despesa monetária e não monetária média mensal familiar,Reais,Unidade da Federação,14,Roraima,2018,Mais de 23.850 Reais,3.5 Lanches,-,0.0
6972,1201,Despesa monetária e não monetária média mensal familiar,Reais,Unidade da Federação,15,Pará,2018,Mais de 23.850 Reais,3.5 Lanches,16.82,16.82
6972,1201,Despesa monetária e não monetária média mensal familiar,Reais,Unidade da Federação,16,Amapá,2018,Mais de 23.850 Reais,3.5 Lanches,7.83,7.83
6972,1201,Despesa monetária e não monetária média mensal familiar,Reais,Unidade da Federação,17,Tocantins,2018,Mais de 23.850 Reais,3.5 Lanches,-,0.0
6972,1201,Despesa monetária e não monetária média mensal familiar,Reais,Unidade da Federação,21,Maranhão,2018,Mais de 23.850 Reais,3.5 Lanches,45.04,45.04
6972,1201,Despesa monetária e não monetária média mensal familiar,Reais,Unidade da Federação,22,Piauí,2018,Mais de 23.850 Reais,3.5 Lanches,27.57,27.57
6972,1201,Despesa monetária e não monetária média mensal familiar,Reais,Unidade da Federação,23,Ceará,2018,Mais de 23.850 Reais,3.5 Lanches,19.40,19.4
6972,1201,Despesa monetária e não monetária média mensal familiar,Reais,Unidade da Federação,24,Rio Grande do Norte,2018,Mais de 23.850 Reais,3.5 Lanches,110.27,110.27
6972,1201,Despesa monetária e não monetária média mensal familiar,Reais,Unidade da Federação,25,Paraíba,2018,Mais de 23.850 Reais,3.5 Lanches,127.35,127.35
6972,1201,Despesa monetária e não monetária média mensal familiar,Reais,Unidade da Federação,26,Pernambuco,2018,Mais de 23.850 Reais,3.5 Lanches,63.54,63.54
6972,1201,Despesa monetária e não monetária média mensal familiar,Reais,Unidade da Federação,27,Alagoas,2018,Mais de 23.850 Reais,3.5 Lanches,31.44,31.44
6972,1201,Despesa monetária e não monetária média mensal familiar,Reais,Unidade da Federação,28,Sergipe,2018,Mais de 23.850 Reais,3.5 Lanches,92.28,92.28
6972,1201,Despesa monetária e não monetária média mensal familiar,Reais,Unidade da Federação,29,Bahia,2018,Mais de 23.850 Reais,3.5 Lanches,98.31,98.31
6972,1201,Despesa monetária e não monetária média mensal familiar,Reais,Unidade da Federação,31,Minas Gerais,2018,Mais de 23.850 Reais,3.5 Lanches,86.14,86.14
6972,1201,Despesa monetária e não monetária média mensal familiar,Reais,Unidade da Federação,32,Espírito Santo,2018,Mais de 23.850 Reais,3.5 Lanches,27.09,27.09
6972,1201,Despesa monetária e não monetária média mensal familiar,Reais,Unidade da Federação,33,Rio de Janeiro,2018,Mais de 23.850 Reais,3.5 Lanches,54.36,54.36
6972,1201,Despesa monetária e não monetária média mensal familiar,Reais,Unidade da Federação,35,São Paulo,2018,Mais de 23.850 Reais,3.5 Lanches,84.35,84.35
6972,1201,Despesa monetária e não monetária média mensal familiar,Reais,Unidade da Federação,41,Paraná,2018,Mais de 23.850 Reais,3.5 Lanches,27.48,27.48
6972,1201,Despesa monetária e não monetária média mensal familiar,Reais,Unidade da Federação,42,Santa Catarina,2018,Mais de 23.850 Reais,3.5 Lanches,15.63,15.63
6972,1201,Despesa monetária e não monetária média mensal familiar,Reais,Unidade da Federação,43,Rio Grande do Sul,2018,Mais de 23.850 Reais,3.5 Lanches,46.64,46.64
6972,1201,Despesa monetária e não monetária média mensal familiar,Reais,Unidade da Federação,50,Mato Grosso do Sul,2018,Mais de 23.850 Reais,3.5 Lanches,20.01,20.01
6972,1201,Despesa monetária e não monetária média mensal familiar,Reais,Unidade da Federação,51,Mato Grosso,2018,Mais de 23.850 Reais,3.5 Lanches,31.53,31.53
6972,1201,Despesa monetária e não monetária média mensal familiar,Reais,Unidade da Federação,52,Goiás,2018,Mais de 23.850 Reais,3.5 Lanches,36.71,36.71
6972,1201,Despesa monetária e não monetária média mensal familiar,Reais,Unidade da Federação,53,Distrito Federal,2018,Mais de 23.850 Reais,3.5 Lanches,48.14,48.14
6972,1201,Despesa monetária e não monetária média mensal familiar,Reais,Brasil,1,Brasil,2018,Mais de 23.850 Reais,"3.6 Cervejas, chopes e outras bebidas alcoólicas",22.70,22.7
6972,1201,Despesa monetária e não monetária média mensal familiar,Reais,Unidade da Federação,11,Rondônia,2018,Mais de 23.850 Reais,"3.6 Cervejas, chopes e outras bebidas alcoólicas",33.99,33.99
6972,1201,Despesa monetária e não monetária média mensal familiar,Reais,Unidade da Federação,12,Acre,2018,Mais de 23.850 Reais,"3.6 Cervejas, chopes e outras bebidas alcoólicas",-,0.0
6972,1201,Despesa monetária e não monetária média mensal familiar,Reais,Unidade da Federação,13,Amazonas,2018,Mais de 23.850 Reais,"3.6 Cervejas, chopes e outras bebidas alcoólicas",27.44,27.44
6972,1201,Despesa monetária e não monetária média mensal familiar,Reais,Unidade da Federação,14,Roraima,2018,Mais de 23.850 Reais,"3.6 Cervejas, chopes e outras bebidas alcoólicas",-,0.0
6972,1201,Despesa monetária e não monetária média mensal familiar,Reais,Unidade da Federação,15,Pará,2018,Mais de 23.850 Reais,"3.6 Cervejas, chopes e outras bebidas alcoólicas",-,0.0
6972,1201,Despesa monetária e não monetária média mensal familiar,Reais,Unidade da Federação,16,Amapá,2018,Mais de 23.850 Reais,"3.6 Cervejas, chopes e outras bebidas alcoólicas",7.81,7.81
6972,1201,Despesa monetária e não monetária média mensal familiar,Reais,Unidade da Federação,17,Tocantins,2018,Mais de 23.850 Reais,"3.6 Cervejas, chopes e outras bebidas alcoólicas",-,0.0
6972,1201,Despesa monetária e não monetária média mensal familiar,Reais,Unidade da Federação,21,Maranhão,2018,Mais de 23.850 Reais,"3.6 Cervejas, chopes e outras bebidas alcoólicas",12.98,12.98
6972,1201,Despesa monetária e não monetária média mensal familiar,Reais,Unidade da Federação,22,Piauí,2018,Mais de 23.850 Reais,"3.6 Cervejas, chopes e outras bebidas alcoólicas",934.01,934.01
6972,1201,Despesa monetária e não monetária média mensal familiar,Reais,Unidade da Federação,23,Ceará,2018,Mais de 23.850 Reais,"3.6 Cervejas, chopes e outras bebidas alcoólicas",2.28,2.28
6972,1201,Despesa monetária e não monetária média mensal familiar,Reais,Unidade da Federação,24,Rio Grande do Norte,2018,Mais de 23.850 Reais,"3.6 Cervejas, chopes e outras bebidas alcoólicas",11.42,11.42
6972,1201,Despesa monetária e não monetária média mensal familiar,Reais,Unidade da Federação,25,Paraíba,2018,Mais de 23.850 Reais,"3.6 Cervejas, chopes e outras bebidas alcoólicas",2.52,2.52
6972,1201,Despesa monetária e não monetária média mensal familiar,Reais,Unidade da Federação,26,Pernambuco,2018,Mais de 23.850 Reais,"3.6 Cervejas, chopes e outras bebidas alcoólicas",3.76,3.76
6972,1201,Despesa monetária e não monetária média mensal familiar,Reais,Unidade da Federação,27,Alagoas,2018,Mais de 23.850 Reais,"3.6 Cervejas, chopes e outras bebidas alcoólicas",-,0.0
6972,1201,Despesa monetária e não monetária média mensal familiar,Reais,Unidade da Federação,28,Sergipe,2018,Mais de 23.850 Reais,"3.6 Cervejas, chopes e outras bebidas alcoólicas",53.29,53.29
6972,1201,Despesa monetária e não monetária média mensal familiar,Reais,Unidade da Federação,29,Bahia,2018,Mais de 23.850 Reais,"3.6 Cervejas, chopes e outras bebidas alcoólicas",29.14,29.14
6972,1201,Despesa monetária e não monetária média mensal familiar,Reais,Unidade da Federação,31,Minas Gerais,2018,Mais de 23.850 Reais,"3.6 Cervejas, chopes e outras bebidas alcoólicas",16.72,16.72
6972,1201,Despesa monetária e não monetária média mensal familiar,Reais,Unidade da Federação,32,Espírito Santo,2018,Mais de 23.850 Reais,"3.6 Cervejas, chopes e outras bebidas alcoólicas",61.97,61.97
6972,1201,Despesa monetária e não monetária média mensal familiar,Reais,Unidade da Federação,33,Rio de Janeiro,2018,Mais de 23.850 Reais,"3.6 Cervejas, chopes e outras bebidas alcoólicas",16.86,16.86
6972,1201,Despesa monetária e não monetária média mensal familiar,Reais,Unidade da Federação,35,São Paulo,2018,Mais de 23.850 Reais,"3.6 Cervejas, chopes e outras bebidas alcoólicas",17.76,17.76
6972,1201,Despesa monetária e não monetária média mensal familiar,Reais,Unidade da Federação,41,Paraná,2018,Mais de 23.850 Reais,"3.6 Cervejas, chopes e outras bebidas alcoólicas",22.28,22.28
6972,1201,Despesa monetária e não monetária média mensal familiar,Reais,Unidade da Federação,42,Santa Catarina,2018,Mais de 23.850 Reais,"3.6 Cervejas, chopes e outras bebidas alcoólicas",108.47,108.47
6972,1201,Despesa monetária e não monetária média mensal familiar,Reais,Unidade da Federação,43,Rio Grande do Sul,2018,Mais de 23.850 Reais,"3.6 Cervejas, chopes e outras bebidas alcoólicas",4.34,4.34
6972,1201,Despesa monetária e não monetária média mensal familiar,Reais,Unidade da Federação,50,Mato Grosso do Sul,2018,Mais de 23.850 Reais,"3.6 Cervejas, chopes e outras bebidas alcoólicas",5.84,5.84
6972,1201,Despesa monetária e não monetária média mensal familiar,Reais,Unidade da Federação,51,Mato Grosso,2018,Mais de 23.850 Reais,"3.6 Cervejas, chopes e outras bebidas alcoólicas",10.76,10.76
6972,1201,Despesa monetária e não monetária média mensal familiar,Reais,Unidade da Federação,52,Goiás,2018,Mais de 23.850 Reais,"3.6 Cervejas, chopes e outras bebidas alcoólicas",9.16,9.16
6972,1201,Despesa monetária e não monetária média mensal familiar,Reais,Unidade da Federação,53,Distrito Federal,2018,Mais de 23.850 Reais,"3.6 Cervejas, chopes e outras bebidas alcoólicas",12.89,12.89
6972,1201,Despesa monetária e não monetária média mensal familiar,Reais,Brasil,1,Brasil,2018,Mais de 23.850 Reais,3.8 Alimentação fora do domicílio - light e diet,1.02,1.02
6972,1201,Despesa monetária e não monetária média mensal familiar,Reais,Unidade da Federação,11,Rondônia,2018,Mais de 23.850 Reais,3.8 Alimentação fora do domicílio - light e diet,-,0.0
6972,1201,Despesa monetária e não monetária média mensal familiar,Reais,Unidade da Federação,12,Acre,2018,Mais de 23.850 Reais,3.8 Alimentação fora do domicílio - light e diet,-,0.0
6972,1201,Despesa monetária e não monetária média mensal familiar,Reais,Unidade da Federação,13,Amazonas,2018,Mais de 23.850 Reais,3.8 Alimentação fora do domicílio - light e diet,-,0.0
6972,1201,Despesa monetária e não monetária média mensal familiar,Reais,Unidade da Federação,14,Roraima,2018,Mais de 23.850 Reais,3.8 Alimentação fora do domicílio - light e diet,-,0.0
6972,1201,Despesa monetária e não monetária média mensal familiar,Reais,Unidade da Federação,15,Pará,2018,Mais de 23.850 Reais,3.8 Alimentação fora do domicílio - light e diet,-,0.0
6972,1201,Despesa monetária e não monetária média mensal familiar,Reais,Unidade da Federação,16,Amapá,2018,Mais de 23.850 Reais,3.8 Alimentação fora do domicílio - light e diet,-,0.0
6972,1201,Despesa monetária e não monetária média mensal familiar,Reais,Unidade da Federação,17,Tocantins,2018,Mais de 23.850 Reais,3.8 Alimentação fora do domicílio - light e diet,-,0.0
6972,1201,Despesa monetária e não monetária média mensal familiar,Reais,Unidade da Federação,21,Maranhão,2018,Mais de 23.850 Reais,3.8 Alimentação fora do domicílio - light e diet,-,0.0
6972,1201,Despesa monetária e não monetária média mensal familiar,Reais,Unidade da Federação,22,Piauí,2018,Mais de 23.850 Reais,3.8 Alimentação fora do domicílio - light e diet,-,0.0
6972,1201,Despesa monetária e não monetária média mensal familiar,Reais,Unidade da Federação,23,Ceará,2018,Mais de 23.850 Reais,3.8 Alimentação fora do domicílio - light e diet,-,0.0
6972,1201,Despesa monetária e não monetária média mensal familiar,Reais,Unidade da Federação,24,Rio Grande do Norte,2018,Mais de 23.850 Reais,3.8 Alimentação fora do domicílio - light e diet,-,0.0
6972,1201,Despesa monetária e não monetária média mensal familiar,Reais,Unidade da Federação,25,Paraíba,2018,Mais de 23.850 Reais,3.8 Alimentação fora do domicílio - light e diet,4.53,4.53
6972,1201,Despesa monetária e não monetária média mensal familiar,Reais,Unidade da Federação,26,Pernambuco,2018,Mais de 23.850 Reais,3.8 Alimentação fora do domicílio - light e diet,-,0.0
6972,1201,Despesa monetária e não monetária média mensal familiar,Reais,Unidade da Federação,27,Alagoas,2018,Mais de 23.850 Reais,3.8 Alimentação fora do domicílio - light e diet,-,0.0
6972,1201,Despesa monetária e não monetária média mensal familiar,Reais,Unidade da Federação,28,Sergipe,2018,Mais de 23.850 Reais,3.8 Alimentação fora do domicílio - light e diet,-,0.0
6972,1201,Despesa monetária e não monetária média mensal familiar,Reais,Unidade da Federação,29,Bahia,2018,Mais de 23.850 Reais,3.8 Alimentação fora do domicílio - light e diet,1.76,1.76
6972,1201,Despesa monetária e não monetária média mensal familiar,Reais,Unidade da Federação,31,Minas Gerais,2018,Mais de 23.850 Reais,3.8 Alimentação fora do domicílio - light e diet,0.51,0.51
6972,1201,Despesa monetária e não monetária média mensal familiar,Reais,Unidade da Federação,32,Espírito Santo,2018,Mais de 23.850 Reais,3.8 Alimentação fora do domicílio - light e diet,-,0.0
6972,1201,Despesa monetária e não monetária média mensal familiar,Reais,Unidade da Federação,33,Rio de Janeiro,2018,Mais de 23.850 Reais,3.8 Alimentação fora do domicílio - light e diet,0.32,0.32
6972,1201,Despesa monetária e não monetária média mensal familiar,Reais,Unidade da Federação,35,São Paulo,2018,Mais de 23.850 Reais,3.8 Alimentação fora do domicílio - light e diet,1.52,1.52
6972,1201,Despesa monetária e não monetária média mensal familiar,Reais,Unidade da Federação,41,Paraná,2018,Mais de 23.850 Reais,3.8 Alimentação fora do domicílio - light e diet,1.21,1.21
6972,1201,Despesa monetária e não monetária média mensal familiar,Reais,Unidade da Federação,42,Santa Catarina,2018,Mais de 23.850 Reais,3.8 Alimentação fora do domicílio - light e diet,0.36,0.36
6972,1201,Despesa monetária e não monetária média mensal familiar,Reais,Unidade da Federação,43,Rio Grande do Sul,2018,Mais de 23.850 Reais,3.8 Alimentação fora do domicílio - light e diet,1.80,1.8
6972,1201,Despesa monetária e não monetária média mensal familiar,Reais,Unidade da Federação,50,Mato Grosso do Sul,2018,Mais de 23.850 Reais,3.8 Alimentação fora do domicílio - light e diet,0.20,0.2
6972,1201,Despesa monetária e não monetária média mensal familiar,Reais,Unidade da Federação,51,Mato Grosso,2018,Mais de 23.850 Reais,3.8 Alimentação fora do domicílio - light e diet,-,0.0
6972,1201,Despesa monetária e não monetária média mensal familiar,Reais,Unidade da Federação,52,Goiás,2018,Mais de 23.850 Reais,3.8 Alimentação fora do domicílio - light e diet,0.85,0.85
6972,1201,Despesa monetária e não monetária média mensal familiar,Reais,Unidade da Federação,53,Distrito Federal,2018,Mais de 23.850 Reais,3.8 Alimentação fora do domicílio - light e diet,-,0.0
6972,1201,Despesa monetária e não monetária média mensal familiar,Reais,Brasil,1,Brasil,2018,Mais de 23.850 Reais,3.9 Outras,37.40,37.4
6972,1201,Despesa monetária e não monetária média mensal familiar,Reais,Unidade da Federação,11,Rondônia,2018,Mais de 23.850 Reais,3.9 Outras,11.30,11.3
6972,1201,Despesa monetária e não monetária média mensal familiar,Reais,Unidade da Federação,12,Acre,2018,Mais de 23.850 Reais,3.9 Outras,0.43,0.43
6972,1201,Despesa monetária e não monetária média mensal familiar,Reais,Unidade da Federação,13,Amazonas,2018,Mais de 23.850 Reais,3.9 Outras,1.99,1.99
6972,1201,Despesa monetária e não monetária média mensal familiar,Reais,Unidade da Federação,14,Roraima,2018,Mais de 23.850 Reais,3.9 Outras,-,0.0
6972,1201,Despesa monetária e não monetária média mensal familiar,Reais,Unidade da Federação,15,Pará,2018,Mais de 23.850 Reais,3.9 Outras,3.82,3.82
6972,1201,Despesa monetária e não monetária média mensal familiar,Reais,Unidade da Federação,16,Amapá,2018,Mais de 23.850 Reais,3.9 Outras,24.09,24.09
6972,1201,Despesa monetária e não monetária média mensal familiar,Reais,Unidade da Federação,17,Tocantins,2018,Mais de 23.850 Reais,3.9 Outras,-,0.0
6972,1201,Despesa monetária e não monetária média mensal familiar,Reais,Unidade da Federação,21,Maranhão,2018,Mais de 23.850 Reais,3.9 Outras,23.58,23.58
6972,1201,Despesa monetária e não monetária média mensal familiar,Reais,Unidade da Federação,22,Piauí,2018,Mais de 23.850 Reais,3.9 Outras,112.79,112.79
6972,1201,Despesa monetária e não monetária média mensal familiar,Reais,Unidade da Federação,23,Ceará,2018,Mais de 23.850 Reais,3.9 Outras,26.47,26.47
6972,1201,Despesa monetária e não monetária média mensal familiar,Reais,Unidade da Federação,24,Rio Grande do Norte,2018,Mais de 23.850 Reais,3.9 Outras,39.06,39.06
6972,1201,Despesa monetária e não monetária média mensal familiar,Reais,Unidade da Federação,25,Paraíba,2018,Mais de 23.850 Reais,3.9 Outras,17.57,17.57
6972,1201,Despesa monetária e não monetária média mensal familiar,Reais,Unidade da Federação,26,Pernambuco,2018,Mais de 23.850 Reais,3.9 Outras,42.52,42.52
6972,1201,Despesa monetária e não monetária média mensal familiar,Reais,Unidade da Federação,27,Alagoas,2018,Mais de 23.850 Reais,3.9 Outras,0.24,0.24
6972,1201,Despesa monetária e não monetária média mensal familiar,Reais,Unidade da Federação,28,Sergipe,2018,Mais de 23.850 Reais,3.9 Outras,70.25,70.25
6972,1201,Despesa monetária e não monetária média mensal familiar,Reais,Unidade da Federação,29,Bahia,2018,Mais de 23.850 Reais,3.9 Outras,18.95,18.95
6972,1201,Despesa monetária e não monetária média mensal familiar,Reais,Unidade da Federação,31,Minas Gerais,2018,Mais de 23.850 Reais,3.9 Outras,35.43,35.43
6972,1201,Despesa monetária e não monetária média mensal familiar,Reais,Unidade da Federação,32,Espírito Santo,2018,Mais de 23.850 Reais,3.9 Outras,9.73,9.73
6972,1201,Despesa monetária e não monetária média mensal familiar,Reais,Unidade da Federação,33,Rio de Janeiro,2018,Mais de 23.850 Reais,3.9 Outras,9.05,9.05
6972,1201,Despesa monetária e não monetária média mensal familiar,Reais,Unidade da Federação,35,São Paulo,2018,Mais de 23.850 Reais,3.9 Outras,45.26,45.26
6972,1201,Despesa monetária e não monetária média mensal familiar,Reais,Unidade da Federação,41,Paraná,2018,Mais de 23.850 Reais,3.9 Outras,30.41,30.41
6972,1201,Despesa monetária e não monetária média mensal familiar,Reais,Unidade da Federação,42,Santa Catarina,2018,Mais de 23.850 Reais,3.9 Outras,21.88,21.88
6972,1201,Despesa monetária e não monetária média mensal familiar,Reais,Unidade da Federação,43,Rio Grande do Sul,2018,Mais de 23.850 Reais,3.9 Outras,12.51,12.51
6972,1201,Despesa monetária e não monetária média mensal familiar,Reais,Unidade da Federação,50,Mato Grosso do Sul,2018,Mais de 23.850 Reais,3.9 Outras,68.42,68.42
6972,1201,Despesa monetária e não monetária média mensal familiar,Reais,Unidade da Federação,51,Mato Grosso,2018,Mais de 23.850 Reais,3.9 Outras,15.62,15.62
6972,1201,Despesa monetária e não monetária média mensal familiar,Reais,Unidade da Federação,52,Goiás,2018,Mais de 23.850 Reais,3.9 Outras,62.26,62.26
6972,1201,Despesa monetária e não monetária média mensal familiar,Reais,Unidade da Federação,53,Distrito Federal,2018,Mais de 23.850 Reais,3.9 Outras,71.32,71.32
6972,1204,Distribuição da despesa monetária e não monetária média mensal familiar,%,Brasil,1,Brasil,2018,Total,1 Despesas com alimentação,100.0,100.0
6972,1204,Distribuição da despesa monetária e não monetária média mensal familiar,%,Unidade da Federação,11,Rondônia,2018,Total,1 Despesas com alimentação,100.0,100.0
6972,1204,Distribuição da despesa monetária e não monetária média mensal familiar,%,Unidade da Federação,12,Acre,2018,Total,1 Despesas com alimentação,100.0,100.0
6972,1204,Distribuição da despesa monetária e não monetária média mensal familiar,%,Unidade da Federação,13,Amazonas,2018,Total,1 Despesas com alimentação,100.0,100.0
6972,1204,Distribuição da despesa monetária e não monetária média mensal familiar,%,Unidade da Federação,14,Roraima,2018,Total,1 Despesas com alimentação,100.0,100.0
6972,1204,Distribuição da despesa monetária e não monetária média mensal familiar,%,Unidade da Federação,15,Pará,2018,Total,1 Despesas com alimentação,100.0,100.0
6972,1204,Distribuição da despesa monetária e não monetária média mensal familiar,%,Unidade da Federação,16,Amapá,2018,Total,1 Despesas com alimentação,100.0,100.0
6972,1204,Distribuição da despesa monetária e não monetária média mensal familiar,%,Unidade da Federação,17,Tocantins,2018,Total,1 Despesas com alimentação,100.0,100.0
6972,1204,Distribuição da despesa monetária e não monetária média mensal familiar,%,Unidade da Federação,21,Maranhão,2018,Total,1 Despesas com alimentação,100.0,100.0
6972,1204,Distribuição da despesa monetária e não monetária média mensal familiar,%,Unidade da Federação,22,Piauí,2018,Total,1 Despesas com alimentação,100.0,100.0
6972,1204,Distribuição da despesa monetária e não monetária média mensal familiar,%,Unidade da Federação,23,Ceará,2018,Total,1 Despesas com alimentação,100.0,100.0
6972,1204,Distribuição da despesa monetária e não monetária média mensal familiar,%,Unidade da Federação,24,Rio Grande do Norte,2018,Total,1 Despesas com alimentação,100.0,100.0
6972,1204,Distribuição da despesa monetária e não monetária média mensal familiar,%,Unidade da Federação,25,Paraíba,2018,Total,1 Despesas com alimentação,100.0,100.0
6972,1204,Distribuição da despesa monetária e não monetária média mensal familiar,%,Unidade da Federação,26,Pernambuco,2018,Total,1 Despesas com alimentação,100.0,100.0
6972,1204,Distribuição da despesa monetária e não monetária média mensal familiar,%,Unidade da Federação,27,Alagoas,2018,Total,1 Despesas com alimentação,100.0,100.0
6972,1204,Distribuição da despesa monetária e não monetária média mensal familiar,%,Unidade da Federação,28,Sergipe,2018,Total,1 Despesas com alimentação,100.0,100.0
6972,1204,Distribuição da despesa monetária e não monetária média mensal familiar,%,Unidade da Federação,29,Bahia,2018,Total,1 Despesas com alimentação,100.0,100.0
6972,1204,Distribuição da despesa monetária e não monetária média mensal familiar,%,Unidade da Federação,31,Minas Gerais,2018,Total,1 Despesas com alimentação,100.0,100.0
6972,1204,Distribuição da despesa monetária e não monetária média mensal familiar,%,Unidade da Federação,32,Espírito Santo,2018,Total,1 Despesas com alimentação,100.0,100.0
6972,1204,Distribuição da despesa monetária e não monetária média mensal familiar,%,Unidade da Federação,33,Rio de Janeiro,2018,Total,1 Despesas com alimentação,100.0,100.0
6972,1204,Distribuição da despesa monetária e não monetária média mensal familiar,%,Unidade da Federação,35,São Paulo,2018,Total,1 Despesas com alimentação,100.0,100.0
6972,1204,Distribuição da despesa monetária e não monetária média mensal familiar,%,Unidade da Federação,41,Paraná,2018,Total,1 Despesas com alimentação,100.0,100.0
6972,1204,Distribuição da despesa monetária e não monetária média mensal familiar,%,Unidade da Federação,42,Santa Catarina,2018,Total,1 Despesas com alimentação,100.0,100.0
6972,1204,Distribuição da despesa monetária e não monetária média mensal familiar,%,Unidade da Federação,43,Rio Grande do Sul,2018,Total,1 Despesas com alimentação,100.0,100.0
6972,1204,Distribuição da despesa monetária e não monetária média mensal familiar,%,Unidade da Federação,50,Mato Grosso do Sul,2018,Total,1 Despesas com alimentação,100.0,100.0
6972,1204,Distribuição da despesa monetária e não monetária média mensal familiar,%,Unidade da Federação,51,Mato Grosso,2018,Total,1 Despesas com alimentação,100.0,100.0
6972,1204,Distribuição da despesa monetária e não monetária média mensal familiar,%,Unidade da Federação,52,Goiás,2018,Total,1 Despesas com alimentação,100.0,100.0
6972,1204,Distribuição da despesa monetária e não monetária média mensal familiar,%,Unidade da Federação,53,Distrito Federal,2018,Total,1 Despesas com alimentação,100.0,100.0
6972,1204,Distribuição da despesa monetária e não monetária média mensal familiar,%,Brasil,1,Brasil,2018,Total,3 Alimentação fora do domicílio,32.8,32.8
6972,1204,Distribuição da despesa monetária e não monetária média mensal familiar,%,Unidade da Federação,11,Rondônia,2018,Total,3 Alimentação fora do domicílio,29.0,29.0
6972,1204,Distribuição da despesa monetária e não monetária média mensal familiar,%,Unidade da Federação,12,Acre,2018,Total,3 Alimentação fora do domicílio,29.9,29.9
6972,1204,Distribuição da despesa monetária e não monetária média mensal familiar,%,Unidade da Federação,13,Amazonas,2018,Total,3 Alimentação fora do domicílio,20.3,20.3
6972,1204,Distribuição da despesa monetária e não monetária média mensal familiar,%,Unidade da Federação,14,Roraima,2018,Total,3 Alimentação fora do domicílio,12.7,12.7
6972,1204,Distribuição da despesa monetária e não monetária média mensal familiar,%,Unidade da Federação,15,Pará,2018,Total,3 Alimentação fora do domicílio,20.3,20.3
6972,1204,Distribuição da despesa monetária e não monetária média mensal familiar,%,Unidade da Federação,16,Amapá,2018,Total,3 Alimentação fora do domicílio,20.7,20.7
6972,1204,Distribuição da despesa monetária e não monetária média mensal familiar,%,Unidade da Federação,17,Tocantins,2018,Total,3 Alimentação fora do domicílio,23.1,23.1
6972,1204,Distribuição da despesa monetária e não monetária média mensal familiar,%,Unidade da Federação,21,Maranhão,2018,Total,3 Alimentação fora do domicílio,21.4,21.4
6972,1204,Distribuição da despesa monetária e não monetária média mensal familiar,%,Unidade da Federação,22,Piauí,2018,Total,3 Alimentação fora do domicílio,36.9,36.9
6972,1204,Distribuição da despesa monetária e não monetária média mensal familiar,%,Unidade da Federação,23,Ceará,2018,Total,3 Alimentação fora do domicílio,28.1,28.1
6972,1204,Distribuição da despesa monetária e não monetária média mensal familiar,%,Unidade da Federação,24,Rio Grande do Norte,2018,Total,3 Alimentação fora do domicílio,36.5,36.5
6972,1204,Distribuição da despesa monetária e não monetária média mensal familiar,%,Unidade da Federação,25,Paraíba,2018,Total,3 Alimentação fora do domicílio,25.2,25.2
6972,1204,Distribuição da despesa monetária e não monetária média mensal familiar,%,Unidade da Federação,26,Pernambuco,2018,Total,3 Alimentação fora do domicílio,31.5,31.5
6972,1204,Distribuição da despesa monetária e não monetária média mensal familiar,%,Unidade da Federação,27,Alagoas,2018,Total,3 Alimentação fora do domicílio,20.2,20.2
6972,1204,Distribuição da despesa monetária e não monetária média mensal familiar,%,Unidade da Federação,28,Sergipe,2018,Total,3 Alimentação fora do domicílio,48.2,48.2
6972,1204,Distribuição da despesa monetária e não monetária média mensal familiar,%,Unidade da Federação,29,Bahia,2018,Total,3 Alimentação fora do domicílio,36.1,36.1
6972,1204,Distribuição da despesa monetária e não monetária média mensal familiar,%,Unidade da Federação,31,Minas Gerais,2018,Total,3 Alimentação fora do domicílio,38.8,38.8
6972,1204,Distribuição da despesa monetária e não monetária média mensal familiar,%,Unidade da Federação,32,Espírito Santo,2018,Total,3 Alimentação fora do domicílio,31.3,31.3
6972,1204,Distribuição da despesa monetária e não monetária média mensal familiar,%,Unidade da Federação,33,Rio de Janeiro,2018,Total,3 Alimentação fora do domicílio,30.7,30.7
6972,1204,Distribuição da despesa monetária e não monetária média mensal familiar,%,Unidade da Federação,35,São Paulo,2018,Total,3 Alimentação fora do domicílio,33.5,33.5
6972,1204,Distribuição da despesa monetária e não monetária média mensal familiar,%,Unidade da Federação,41,Paraná,2018,Total,3 Alimentação fora do domicílio,30.2,30.2
6972,1204,Distribuição da despesa monetária e não monetária média mensal familiar,%,Unidade da Federação,42,Santa Catarina,2018,Total,3 Alimentação fora do domicílio,27.6,27.6
6972,1204,Distribuição da despesa monetária e não monetária média mensal familiar,%,Unidade da Federação,43,Rio Grande do Sul,2018,Total,3 Alimentação fora do domicílio,33.9,33.9
6972,1204,Distribuição da despesa monetária e não monetária média mensal familiar,%,Unidade da Federação,50,Mato Grosso do Sul,2018,Total,3 Alimentação fora do domicílio,42.5,42.5
6972,1204,Distribuição da despesa monetária e não monetária média mensal familiar,%,Unidade da Federação,51,Mato Grosso,2018,Total,3 Alimentação fora do domicílio,38.5,38.5
6972,1204,Distribuição da despesa monetária e não monetária média mensal familiar,%,Unidade da Federação,52,Goiás,2018,Total,3 Alimentação fora do domicílio,34.1,34.1
6972,1204,Distribuição da despesa monetária e não monetária média mensal familiar,%,Unidade da Federação,53,Distrito Federal,2018,Total,3 Alimentação fora do domicílio,40.6,40.6
6972,1204,Distribuição da despesa monetária e não monetária média mensal familiar,%,Brasil,1,Brasil,2018,Total,3.1 Almoço e jantar,22.2,22.2
6972,1204,Distribuição da despesa monetária e não monetária média mensal familiar,%,Unidade da Federação,11,Rondônia,2018,Total,3.1 Almoço e jantar,18.9,18.9
6972,1204,Distribuição da despesa monetária e não monetária média mensal familiar,%,Unidade da Federação,12,Acre,2018,Total,3.1 Almoço e jantar,17.9,17.9
6972,1204,Distribuição da despesa monetária e não monetária média mensal familiar,%,Unidade da Federação,13,Amazonas,2018,Total,3.1 Almoço e jantar,13.1,13.1
6972,1204,Distribuição da despesa monetária e não monetária média mensal familiar,%,Unidade da Federação,14,Roraima,2018,Total,3.1 Almoço e jantar,9.8,9.8
6972,1204,Distribuição da despesa monetária e não monetária média mensal familiar,%,Unidade da Federação,15,Pará,2018,Total,3.1 Almoço e jantar,13.1,13.1
6972,1204,Distribuição da despesa monetária e não monetária média mensal familiar,%,Unidade da Federação,16,Amapá,2018,Total,3.1 Almoço e jantar,12.9,12.9
6972,1204,Distribuição da despesa monetária e não monetária média mensal familiar,%,Unidade da Federação,17,Tocantins,2018,Total,3.1 Almoço e jantar,11.8,11.8
6972,1204,Distribuição da despesa monetária e não monetária média mensal familiar,%,Unidade da Federação,21,Maranhão,2018,Total,3.1 Almoço e jantar,13.9,13.9
6972,1204,Distribuição da despesa monetária e não monetária média mensal familiar,%,Unidade da Federação,22,Piauí,2018,Total,3.1 Almoço e jantar,22.6,22.6
6972,1204,Distribuição da despesa monetária e não monetária média mensal familiar,%,Unidade da Federação,23,Ceará,2018,Total,3.1 Almoço e jantar,19.9,19.9
6972,1204,Distribuição da despesa monetária e não monetária média mensal familiar,%,Unidade da Federação,24,Rio Grande do Norte,2018,Total,3.1 Almoço e jantar,22.1,22.1
6972,1204,Distribuição da despesa monetária e não monetária média mensal familiar,%,Unidade da Federação,25,Paraíba,2018,Total,3.1 Almoço e jantar,17.8,17.8
6972,1204,Distribuição da despesa monetária e não monetária média mensal familiar,%,Unidade da Federação,26,Pernambuco,2018,Total,3.1 Almoço e jantar,21.7,21.7
6972,1204,Distribuição da despesa monetária e não monetária média mensal familiar,%,Unidade da Federação,27,Alagoas,2018,Total,3.1 Almoço e jantar,12.3,12.3
6972,1204,Distribuição da despesa monetária e não monetária média mensal familiar,%,Unidade da Federação,28,Sergipe,2018,Total,3.1 Almoço e jantar,30.4,30.4
6972,1204,Distribuição da despesa monetária e não monetária média mensal familiar,%,Unidade da Federação,29,Bahia,2018,Total,3.1 Almoço e jantar,23.4,23.4
6972,1204,Distribuição da despesa monetária e não monetária média mensal familiar,%,Unidade da Federação,31,Minas Gerais,2018,Total,3.1 Almoço e jantar,23.0,23.0
6972,1204,Distribuição da despesa monetária e não monetária média mensal familiar,%,Unidade da Federação,32,Espírito Santo,2018,Total,3.1 Almoço e jantar,18.4,18.4
6972,1204,Distribuição da despesa monetária e não monetária média mensal familiar,%,Unidade da Federação,33,Rio de Janeiro,2018,Total,3.1 Almoço e jantar,23.2,23.2
6972,1204,Distribuição da despesa monetária e não monetária média mensal familiar,%,Unidade da Federação,35,São Paulo,2018,Total,3.1 Almoço e jantar,23.8,23.8
6972,1204,Distribuição da despesa monetária e não monetária média mensal familiar,%,Unidade da Federação,41,Paraná,2018,Total,3.1 Almoço e jantar,21.0,21.0
6972,1204,Distribuição da despesa monetária e não monetária média mensal familiar,%,Unidade da Federação,42,Santa Catarina,2018,Total,3.1 Almoço e jantar,17.7,17.7
6972,1204,Distribuição da despesa monetária e não monetária média mensal familiar,%,Unidade da Federação,43,Rio Grande do Sul,2018,Total,3.1 Almoço e jantar,25.2,25.2
6972,1204,Distribuição da despesa monetária e não monetária média mensal familiar,%,Unidade da Federação,50,Mato Grosso do Sul,2018,Total,3.1 Almoço e jantar,29.1,29.1
6972,1204,Distribuição da despesa monetária e não monetária média mensal familiar,%,Unidade da Federação,51,Mato Grosso,2018,Total,3.1 Almoço e jantar,21.3,21.3
6972,1204,Distribuição da despesa monetária e não monetária média mensal familiar,%,Unidade da Federação,52,Goiás,2018,Total,3.1 Almoço e jantar,22.3,22.3
6972,1204,Distribuição da despesa monetária e não monetária média mensal familiar,%,Unidade da Federação,53,Distrito Federal,2018,Total,3.1 Almoço e jantar,29.9,29.9
6972,1204,Distribuição da despesa monetária e não monetária média mensal familiar,%,Brasil,1,Brasil,2018,Total,"3.2 Café, leite, café/leite e chocolate",0.4,0.4
6972,1204,Distribuição da despesa monetária e não monetária média mensal familiar,%,Unidade da Federação,11,Rondônia,2018,Total,"3.2 Café, leite, café/leite e chocolate",0.3,0.3
6972,1204,Distribuição da despesa monetária e não monetária média mensal familiar,%,Unidade da Federação,12,Acre,2018,Total,"3.2 Café, leite, café/leite e chocolate",0.5,0.5
6972,1204,Distribuição da despesa monetária e não monetária média mensal familiar,%,Unidade da Federação,13,Amazonas,2018,Total,"3.2 Café, leite, café/leite e chocolate",0.1,0.1
6972,1204,Distribuição da despesa monetária e não monetária média mensal familiar,%,Unidade da Federação,14,Roraima,2018,Total,"3.2 Café, leite, café/leite e chocolate",0.0,0.0
6972,1204,Distribuição da despesa monetária e não monetária média mensal familiar,%,Unidade da Federação,15,Pará,2018,Total,"3.2 Café, leite, café/leite e chocolate",0.2,0.2
6972,1204,Distribuição da despesa monetária e não monetária média mensal familiar,%,Unidade da Federação,16,Amapá,2018,Total,"3.2 Café, leite, café/leite e chocolate",0.3,0.3
6972,1204,Distribuição da despesa monetária e não monetária média mensal familiar,%,Unidade da Federação,17,Tocantins,2018,Total,"3.2 Café, leite, café/leite e chocolate",0.1,0.1
6972,1204,Distribuição da despesa monetária e não monetária média mensal familiar,%,Unidade da Federação,21,Maranhão,2018,Total,"3.2 Café, leite, café/leite e chocolate",0.3,0.3
6972,1204,Distribuição da despesa monetária e não monetária média mensal familiar,%,Unidade da Federação,22,Piauí,2018,Total,"3.2 Café, leite, café/leite e chocolate",0.4,0.4
6972,1204,Distribuição da despesa monetária e não monetária média mensal familiar,%,Unidade da Federação,23,Ceará,2018,Total,"3.2 Café, leite, café/leite e chocolate",0.3,0.3
6972,1204,Distribuição da despesa monetária e não monetária média mensal familiar,%,Unidade da Federação,24,Rio Grande do Norte,2018,Total,"3.2 Café, leite, café/leite e chocolate",0.1,0.1
6972,1204,Distribuição da despesa monetária e não monetária média mensal familiar,%,Unidade da Federação,25,Paraíba,2018,Total,"3.2 Café, leite, café/leite e chocolate",0.2,0.2
6972,1204,Distribuição da despesa monetária e não monetária média mensal familiar,%,Unidade da Federação,26,Pernambuco,2018,Total,"3.2 Café, leite, café/leite e chocolate",0.2,0.2
6972,1204,Distribuição da despesa monetária e não monetária média mensal familiar,%,Unidade da Federação,27,Alagoas,2018,Total,"3.2 Café, leite, café/leite e chocolate",0.1,0.1
6972,1204,Distribuição da despesa monetária e não monetária média mensal familiar,%,Unidade da Federação,28,Sergipe,2018,Total,"3.2 Café, leite, café/leite e chocolate",0.2,0.2
6972,1204,Distribuição da despesa monetária e não monetária média mensal familiar,%,Unidade da Federação,29,Bahia,2018,Total,"3.2 Café, leite, café/leite e chocolate",0.2,0.2
6972,1204,Distribuição da despesa monetária e não monetária média mensal familiar,%,Unidade da Federação,31,Minas Gerais,2018,Total,"3.2 Café, leite, café/leite e chocolate",0.4,0.4
6972,1204,Distribuição da despesa monetária e não monetária média mensal familiar,%,Unidade da Federação,32,Espírito Santo,2018,Total,"3.2 Café, leite, café/leite e chocolate",0.2,0.2
6972,1204,Distribuição da despesa monetária e não monetária média mensal familiar,%,Unidade da Federação,33,Rio de Janeiro,2018,Total,"3.2 Café, leite, café/leite e chocolate",0.2,0.2
6972,1204,Distribuição da despesa monetária e não monetária média mensal familiar,%,Unidade da Federação,35,São Paulo,2018,Total,"3.2 Café, leite, café/leite e chocolate",0.6,0.6
6972,1204,Distribuição da despesa monetária e não monetária média mensal familiar,%,Unidade da Federação,41,Paraná,2018,Total,"3.2 Café, leite, café/leite e chocolate",0.3,0.3
6972,1204,Distribuição da despesa monetária e não monetária média mensal familiar,%,Unidade da Federação,42,Santa Catarina,2018,Total,"3.2 Café, leite, café/leite e chocolate",0.3,0.3
6972,1204,Distribuição da despesa monetária e não monetária média mensal familiar,%,Unidade da Federação,43,Rio Grande do Sul,2018,Total,"3.2 Café, leite, café/leite e chocolate",0.6,0.6
6972,1204,Distribuição da despesa monetária e não monetária média mensal familiar,%,Unidade da Federação,50,Mato Grosso do Sul,2018,Total,"3.2 Café, leite, café/leite e chocolate",0.4,0.4
6972,1204,Distribuição da despesa monetária e não monetária média mensal familiar,%,Unidade da Federação,51,Mato Grosso,2018,Total,"3.2 Café, leite, café/leite e chocolate",0.2,0.2
6972,1204,Distribuição da despesa monetária e não monetária média mensal familiar,%,Unidade da Federação,52,Goiás,2018,Total,"3.2 Café, leite, café/leite e chocolate",0.3,0.3
6972,1204,Distribuição da despesa monetária e não monetária média mensal familiar,%,Unidade da Federação,53,Distrito Federal,2018,Total,"3.2 Café, leite, café/leite e chocolate",0.3,0.3
6972,1204,Distribuição da despesa monetária e não monetária média mensal familiar,%,Brasil,1,Brasil,2018,Total,3.3 Sanduíches e salgados,2.8,2.8
6972,1204,Distribuição da despesa monetária e não monetária média mensal familiar,%,Unidade da Federação,11,Rondônia,2018,Total,3.3 Sanduíches e salgados,3.3,3.3
6972,1204,Distribuição da despesa monetária e não monetária média mensal familiar,%,Unidade da Federação,12,Acre,2018,Total,3.3 Sanduíches e salgados,2.5,2.5
6972,1204,Distribuição da despesa monetária e não monetária média mensal familiar,%,Unidade da Federação,13,Amazonas,2018,Total,3.3 Sanduíches e salgados,2.1,2.1
6972,1204,Distribuição da despesa monetária e não monetária média mensal familiar,%,Unidade da Federação,14,Roraima,2018,Total,3.3 Sanduíches e salgados,0.6,0.6
6972,1204,Distribuição da despesa monetária e não monetária média mensal familiar,%,Unidade da Federação,15,Pará,2018,Total,3.3 Sanduíches e salgados,1.7,1.7
6972,1204,Distribuição da despesa monetária e não monetária média mensal familiar,%,Unidade da Federação,16,Amapá,2018,Total,3.3 Sanduíches e salgados,2.1,2.1
6972,1204,Distribuição da despesa monetária e não monetária média mensal familiar,%,Unidade da Federação,17,Tocantins,2018,Total,3.3 Sanduíches e salgados,3.3,3.3
6972,1204,Distribuição da despesa monetária e não monetária média mensal familiar,%,Unidade da Federação,21,Maranhão,2018,Total,3.3 Sanduíches e salgados,1.8,1.8
6972,1204,Distribuição da despesa monetária e não monetária média mensal familiar,%,Unidade da Federação,22,Piauí,2018,Total,3.3 Sanduíches e salgados,2.0,2.0
6972,1204,Distribuição da despesa monetária e não monetária média mensal familiar,%,Unidade da Federação,23,Ceará,2018,Total,3.3 Sanduíches e salgados,2.3,2.3
6972,1204,Distribuição da despesa monetária e não monetária média mensal familiar,%,Unidade da Federação,24,Rio Grande do Norte,2018,Total,3.3 Sanduíches e salgados,2.7,2.7
6972,1204,Distribuição da despesa monetária e não monetária média mensal familiar,%,Unidade da Federação,25,Paraíba,2018,Total,3.3 Sanduíches e salgados,2.1,2.1
6972,1204,Distribuição da despesa monetária e não monetária média mensal familiar,%,Unidade da Federação,26,Pernambuco,2018,Total,3.3 Sanduíches e salgados,2.9,2.9
6972,1204,Distribuição da despesa monetária e não monetária média mensal familiar,%,Unidade da Federação,27,Alagoas,2018,Total,3.3 Sanduíches e salgados,1.7,1.7
6972,1204,Distribuição da despesa monetária e não monetária média mensal familiar,%,Unidade da Federação,28,Sergipe,2018,Total,3.3 Sanduíches e salgados,1.9,1.9
6972,1204,Distribuição da despesa monetária e não monetária média mensal familiar,%,Unidade da Federação,29,Bahia,2018,Total,3.3 Sanduíches e salgados,2.7,2.7
6972,1204,Distribuição da despesa monetária e não monetária média mensal familiar,%,Unidade da Federação,31,Minas Gerais,2018,Total,3.3 Sanduíches e salgados,2.5,2.5
6972,1204,Distribuição da despesa monetária e não monetária média mensal familiar,%,Unidade da Federação,32,Espírito Santo,2018,Total,3.3 Sanduíches e salgados,2.4,2.4
6972,1204,Distribuição da despesa monetária e não monetária média mensal familiar,%,Unidade da Federação,33,Rio de Janeiro,2018,Total,3.3 Sanduíches e salgados,2.7,2.7
6972,1204,Distribuição da despesa monetária e não monetária média mensal familiar,%,Unidade da Federação,35,São Paulo,2018,Total,3.3 Sanduíches e salgados,3.2,3.2
6972,1204,Distribuição da despesa monetária e não monetária média mensal familiar,%,Unidade da Federação,41,Paraná,2018,Total,3.3 Sanduíches e salgados,3.0,3.0
6972,1204,Distribuição da despesa monetária e não monetária média mensal familiar,%,Unidade da Federação,42,Santa Catarina,2018,Total,3.3 Sanduíches e salgados,2.9,2.9
6972,1204,Distribuição da despesa monetária e não monetária média mensal familiar,%,Unidade da Federação,43,Rio Grande do Sul,2018,Total,3.3 Sanduíches e salgados,2.5,2.5
6972,1204,Distribuição da despesa monetária e não monetária média mensal familiar,%,Unidade da Federação,50,Mato Grosso do Sul,2018,Total,3.3 Sanduíches e salgados,3.3,3.3
6972,1204,Distribuição da despesa monetária e não monetária média mensal familiar,%,Unidade da Federação,51,Mato Grosso,2018,Total,3.3 Sanduíches e salgados,3.5,3.5
6972,1204,Distribuição da despesa monetária e não monetária média mensal familiar,%,Unidade da Federação,52,Goiás,2018,Total,3.3 Sanduíches e salgados,3.5,3.5
6972,1204,Distribuição da despesa monetária e não monetária média mensal familiar,%,Unidade da Federação,53,Distrito Federal,2018,Total,3.3 Sanduíches e salgados,3.6,3.6
6972,1204,Distribuição da despesa monetária e não monetária média mensal familiar,%,Brasil,1,Brasil,2018,Total,3.4 Refrigerantes e outras bebidas não alcoólicas,1.1,1.1
6972,1204,Distribuição da despesa monetária e não monetária média mensal familiar,%,Unidade da Federação,11,Rondônia,2018,Total,3.4 Refrigerantes e outras bebidas não alcoólicas,1.3,1.3
6972,1204,Distribuição da despesa monetária e não monetária média mensal familiar,%,Unidade da Federação,12,Acre,2018,Total,3.4 Refrigerantes e outras bebidas não alcoólicas,2.5,2.5
6972,1204,Distribuição da despesa monetária e não monetária média mensal familiar,%,Unidade da Federação,13,Amazonas,2018,Total,3.4 Refrigerantes e outras bebidas não alcoólicas,0.7,0.7
6972,1204,Distribuição da despesa monetária e não monetária média mensal familiar,%,Unidade da Federação,14,Roraima,2018,Total,3.4 Refrigerantes e outras bebidas não alcoólicas,0.2,0.2
6972,1204,Distribuição da despesa monetária e não monetária média mensal familiar,%,Unidade da Federação,15,Pará,2018,Total,3.4 Refrigerantes e outras bebidas não alcoólicas,1.1,1.1
6972,1204,Distribuição da despesa monetária e não monetária média mensal familiar,%,Unidade da Federação,16,Amapá,2018,Total,3.4 Refrigerantes e outras bebidas não alcoólicas,1.6,1.6
6972,1204,Distribuição da despesa monetária e não monetária média mensal familiar,%,Unidade da Federação,17,Tocantins,2018,Total,3.4 Refrigerantes e outras bebidas não alcoólicas,1.4,1.4
6972,1204,Distribuição da despesa monetária e não monetária média mensal familiar,%,Unidade da Federação,21,Maranhão,2018,Total,3.4 Refrigerantes e outras bebidas não alcoólicas,1.0,1.0
6972,1204,Distribuição da despesa monetária e não monetária média mensal familiar,%,Unidade da Federação,22,Piauí,2018,Total,3.4 Refrigerantes e outras bebidas não alcoólicas,1.4,1.4
6972,1204,Distribuição da despesa monetária e não monetária média mensal familiar,%,Unidade da Federação,23,Ceará,2018,Total,3.4 Refrigerantes e outras bebidas não alcoólicas,1.5,1.5
6972,1204,Distribuição da despesa monetária e não monetária média mensal familiar,%,Unidade da Federação,24,Rio Grande do Norte,2018,Total,3.4 Refrigerantes e outras bebidas não alcoólicas,0.9,0.9
6972,1204,Distribuição da despesa monetária e não monetária média mensal familiar,%,Unidade da Federação,25,Paraíba,2018,Total,3.4 Refrigerantes e outras bebidas não alcoólicas,0.9,0.9
6972,1204,Distribuição da despesa monetária e não monetária média mensal familiar,%,Unidade da Federação,26,Pernambuco,2018,Total,3.4 Refrigerantes e outras bebidas não alcoólicas,1.1,1.1
6972,1204,Distribuição da despesa monetária e não monetária média mensal familiar,%,Unidade da Federação,27,Alagoas,2018,Total,3.4 Refrigerantes e outras bebidas não alcoólicas,1.0,1.0
6972,1204,Distribuição da despesa monetária e não monetária média mensal familiar,%,Unidade da Federação,28,Sergipe,2018,Total,3.4 Refrigerantes e outras bebidas não alcoólicas,5.7,5.7
6972,1204,Distribuição da despesa monetária e não monetária média mensal familiar,%,Unidade da Federação,29,Bahia,2018,Total,3.4 Refrigerantes e outras bebidas não alcoólicas,1.5,1.5
6972,1204,Distribuição da despesa monetária e não monetária média mensal familiar,%,Unidade da Federação,31,Minas Gerais,2018,Total,3.4 Refrigerantes e outras bebidas não alcoólicas,1.0,1.0
6972,1204,Distribuição da despesa monetária e não monetária média mensal familiar,%,Unidade da Federação,32,Espírito Santo,2018,Total,3.4 Refrigerantes e outras bebidas não alcoólicas,1.1,1.1
6972,1204,Distribuição da despesa monetária e não monetária média mensal familiar,%,Unidade da Federação,33,Rio de Janeiro,2018,Total,3.4 Refrigerantes e outras bebidas não alcoólicas,0.6,0.6
6972,1204,Distribuição da despesa monetária e não monetária média mensal familiar,%,Unidade da Federação,35,São Paulo,2018,Total,3.4 Refrigerantes e outras bebidas não alcoólicas,1.0,1.0
6972,1204,Distribuição da despesa monetária e não monetária média mensal familiar,%,Unidade da Federação,41,Paraná,2018,Total,3.4 Refrigerantes e outras bebidas não alcoólicas,0.9,0.9
6972,1204,Distribuição da despesa monetária e não monetária média mensal familiar,%,Unidade da Federação,42,Santa Catarina,2018,Total,3.4 Refrigerantes e outras bebidas não alcoólicas,0.9,0.9
6972,1204,Distribuição da despesa monetária e não monetária média mensal familiar,%,Unidade da Federação,43,Rio Grande do Sul,2018,Total,3.4 Refrigerantes e outras bebidas não alcoólicas,0.9,0.9
6972,1204,Distribuição da despesa monetária e não monetária média mensal familiar,%,Unidade da Federação,50,Mato Grosso do Sul,2018,Total,3.4 Refrigerantes e outras bebidas não alcoólicas,1.2,1.2
6972,1204,Distribuição da despesa monetária e não monetária média mensal familiar,%,Unidade da Federação,51,Mato Grosso,2018,Total,3.4 Refrigerantes e outras bebidas não alcoólicas,1.7,1.7
6972,1204,Distribuição da despesa monetária e não monetária média mensal familiar,%,Unidade da Federação,52,Goiás,2018,Total,3.4 Refrigerantes e outras bebidas não alcoólicas,1.1,1.1
6972,1204,Distribuição da despesa monetária e não monetária média mensal familiar,%,Unidade da Federação,53,Distrito Federal,2018,Total,3.4 Refrigerantes e outras bebidas não alcoólicas,0.8,0.8
6972,1204,Distribuição da despesa monetária e não monetária média mensal familiar,%,Brasil,1,Brasil,2018,Total,3.5 Lanches,2.4,2.4
6972,1204,Distribuição da despesa monetária e não monetária média mensal familiar,%,Unidade da Federação,11,Rondônia,2018,Total,3.5 Lanches,2.5,2.5
6972,1204,Distribuição da despesa monetária e não monetária média mensal familiar,%,Unidade da Federação,12,Acre,2018,Total,3.5 Lanches,2.6,2.6
6972,1204,Distribuição da despesa monetária e não monetária média mensal familiar,%,Unidade da Federação,13,Amazonas,2018,Total,3.5 Lanches,1.9,1.9
6972,1204,Distribuição da despesa monetária e não monetária média mensal familiar,%,Unidade da Federação,14,Roraima,2018,Total,3.5 Lanches,0.4,0.4
6972,1204,Distribuição da despesa monetária e não monetária média mensal familiar,%,Unidade da Federação,15,Pará,2018,Total,3.5 Lanches,2.0,2.0
6972,1204,Distribuição da despesa monetária e não monetária média mensal familiar,%,Unidade da Federação,16,Amapá,2018,Total,3.5 Lanches,1.4,1.4
6972,1204,Distribuição da despesa monetária e não monetária média mensal familiar,%,Unidade da Federação,17,Tocantins,2018,Total,3.5 Lanches,0.3,0.3
6972,1204,Distribuição da despesa monetária e não monetária média mensal familiar,%,Unidade da Federação,21,Maranhão,2018,Total,3.5 Lanches,1.5,1.5
6972,1204,Distribuição da despesa monetária e não monetária média mensal familiar,%,Unidade da Federação,22,Piauí,2018,Total,3.5 Lanches,4.8,4.8
6972,1204,Distribuição da despesa monetária e não monetária média mensal familiar,%,Unidade da Federação,23,Ceará,2018,Total,3.5 Lanches,2.1,2.1
6972,1204,Distribuição da despesa monetária e não monetária média mensal familiar,%,Unidade da Federação,24,Rio Grande do Norte,2018,Total,3.5 Lanches,5.5,5.5
6972,1204,Distribuição da despesa monetária e não monetária média mensal familiar,%,Unidade da Federação,25,Paraíba,2018,Total,3.5 Lanches,2.1,2.1
6972,1204,Distribuição da despesa monetária e não monetária média mensal familiar,%,Unidade da Federação,26,Pernambuco,2018,Total,3.5 Lanches,2.5,2.5
6972,1204,Distribuição da despesa monetária e não monetária média mensal familiar,%,Unidade da Federação,27,Alagoas,2018,Total,3.5 Lanches,2.5,2.5
6972,1204,Distribuição da despesa monetária e não monetária média mensal familiar,%,Unidade da Federação,28,Sergipe,2018,Total,3.5 Lanches,6.4,6.4
6972,1204,Distribuição da despesa monetária e não monetária média mensal familiar,%,Unidade da Federação,29,Bahia,2018,Total,3.5 Lanches,3.9,3.9
6972,1204,Distribuição da despesa monetária e não monetária média mensal familiar,%,Unidade da Federação,31,Minas Gerais,2018,Total,3.5 Lanches,3.7,3.7
6972,1204,Distribuição da despesa monetária e não monetária média mensal familiar,%,Unidade da Federação,32,Espírito Santo,2018,Total,3.5 Lanches,3.3,3.3
6972,1204,Distribuição da despesa monetária e não monetária média mensal familiar,%,Unidade da Federação,33,Rio de Janeiro,2018,Total,3.5 Lanches,1.5,1.5
6972,1204,Distribuição da despesa monetária e não monetária média mensal familiar,%,Unidade da Federação,35,São Paulo,2018,Total,3.5 Lanches,1.6,1.6
6972,1204,Distribuição da despesa monetária e não monetária média mensal familiar,%,Unidade da Federação,41,Paraná,2018,Total,3.5 Lanches,2.0,2.0
6972,1204,Distribuição da despesa monetária e não monetária média mensal familiar,%,Unidade da Federação,42,Santa Catarina,2018,Total,3.5 Lanches,0.8,0.8
6972,1204,Distribuição da despesa monetária e não monetária média mensal familiar,%,Unidade da Federação,43,Rio Grande do Sul,2018,Total,3.5 Lanches,2.0,2.0
6972,1204,Distribuição da despesa monetária e não monetária média mensal familiar,%,Unidade da Federação,50,Mato Grosso do Sul,2018,Total,3.5 Lanches,3.4,3.4
6972,1204,Distribuição da despesa monetária e não monetária média mensal familiar,%,Unidade da Federação,51,Mato Grosso,2018,Total,3.5 Lanches,2.1,2.1
6972,1204,Distribuição da despesa monetária e não monetária média mensal familiar,%,Unidade da Federação,52,Goiás,2018,Total,3.5 Lanches,2.9,2.9
6972,1204,Distribuição da despesa monetária e não monetária média mensal familiar,%,Unidade da Federação,53,Distrito Federal,2018,Total,3.5 Lanches,2.6,2.6
6972,1204,Distribuição da despesa monetária e não monetária média mensal familiar,%,Brasil,1,Brasil,2018,Total,"3.6 Cervejas, chopes e outras bebidas alcoólicas",1.5,1.5
6972,1204,Distribuição da despesa monetária e não monetária média mensal familiar,%,Unidade da Federação,11,Rondônia,2018,Total,"3.6 Cervejas, chopes e outras bebidas alcoólicas",1.7,1.7
6972,1204,Distribuição da despesa monetária e não monetária média mensal familiar,%,Unidade da Federação,12,Acre,2018,Total,"3.6 Cervejas, chopes e outras bebidas alcoólicas",1.7,1.7
6972,1204,Distribuição da despesa monetária e não monetária média mensal familiar,%,Unidade da Federação,13,Amazonas,2018,Total,"3.6 Cervejas, chopes e outras bebidas alcoólicas",1.6,1.6
6972,1204,Distribuição da despesa monetária e não monetária média mensal familiar,%,Unidade da Federação,14,Roraima,2018,Total,"3.6 Cervejas, chopes e outras bebidas alcoólicas",0.7,0.7
6972,1204,Distribuição da despesa monetária e não monetária média mensal familiar,%,Unidade da Federação,15,Pará,2018,Total,"3.6 Cervejas, chopes e outras bebidas alcoólicas",1.4,1.4
6972,1204,Distribuição da despesa monetária e não monetária média mensal familiar,%,Unidade da Federação,16,Amapá,2018,Total,"3.6 Cervejas, chopes e outras bebidas alcoólicas",1.0,1.0
6972,1204,Distribuição da despesa monetária e não monetária média mensal familiar,%,Unidade da Federação,17,Tocantins,2018,Total,"3.6 Cervejas, chopes e outras bebidas alcoólicas",5.0,5.0
6972,1204,Distribuição da despesa monetária e não monetária média mensal familiar,%,Unidade da Federação,21,Maranhão,2018,Total,"3.6 Cervejas, chopes e outras bebidas alcoólicas",2.1,2.1
6972,1204,Distribuição da despesa monetária e não monetária média mensal familiar,%,Unidade da Federação,22,Piauí,2018,Total,"3.6 Cervejas, chopes e outras bebidas alcoólicas",3.4,3.4
6972,1204,Distribuição da despesa monetária e não monetária média mensal familiar,%,Unidade da Federação,23,Ceará,2018,Total,"3.6 Cervejas, chopes e outras bebidas alcoólicas",0.9,0.9
6972,1204,Distribuição da despesa monetária e não monetária média mensal familiar,%,Unidade da Federação,24,Rio Grande do Norte,2018,Total,"3.6 Cervejas, chopes e outras bebidas alcoólicas",1.8,1.8
6972,1204,Distribuição da despesa monetária e não monetária média mensal familiar,%,Unidade da Federação,25,Paraíba,2018,Total,"3.6 Cervejas, chopes e outras bebidas alcoólicas",1.1,1.1
6972,1204,Distribuição da despesa monetária e não monetária média mensal familiar,%,Unidade da Federação,26,Pernambuco,2018,Total,"3.6 Cervejas, chopes e outras bebidas alcoólicas",1.6,1.6
6972,1204,Distribuição da despesa monetária e não monetária média mensal familiar,%,Unidade da Federação,27,Alagoas,2018,Total,"3.6 Cervejas, chopes e outras bebidas alcoólicas",1.7,1.7
6972,1204,Distribuição da despesa monetária e não monetária média mensal familiar,%,Unidade da Federação,28,Sergipe,2018,Total,"3.6 Cervejas, chopes e outras bebidas alcoólicas",1.5,1.5
6972,1204,Distribuição da despesa monetária e não monetária média mensal familiar,%,Unidade da Federação,29,Bahia,2018,Total,"3.6 Cervejas, chopes e outras bebidas alcoólicas",2.6,2.6
6972,1204,Distribuição da despesa monetária e não monetária média mensal familiar,%,Unidade da Federação,31,Minas Gerais,2018,Total,"3.6 Cervejas, chopes e outras bebidas alcoólicas",1.3,1.3
6972,1204,Distribuição da despesa monetária e não monetária média mensal familiar,%,Unidade da Federação,32,Espírito Santo,2018,Total,"3.6 Cervejas, chopes e outras bebidas alcoólicas",2.3,2.3
6972,1204,Distribuição da despesa monetária e não monetária média mensal familiar,%,Unidade da Federação,33,Rio de Janeiro,2018,Total,"3.6 Cervejas, chopes e outras bebidas alcoólicas",1.6,1.6
6972,1204,Distribuição da despesa monetária e não monetária média mensal familiar,%,Unidade da Federação,35,São Paulo,2018,Total,"3.6 Cervejas, chopes e outras bebidas alcoólicas",1.3,1.3
6972,1204,Distribuição da despesa monetária e não monetária média mensal familiar,%,Unidade da Federação,41,Paraná,2018,Total,"3.6 Cervejas, chopes e outras bebidas alcoólicas",1.2,1.2
6972,1204,Distribuição da despesa monetária e não monetária média mensal familiar,%,Unidade da Federação,42,Santa Catarina,2018,Total,"3.6 Cervejas, chopes e outras bebidas alcoólicas",2.3,2.3
6972,1204,Distribuição da despesa monetária e não monetária média mensal familiar,%,Unidade da Federação,43,Rio Grande do Sul,2018,Total,"3.6 Cervejas, chopes e outras bebidas alcoólicas",1.0,1.0
6972,1204,Distribuição da despesa monetária e não monetária média mensal familiar,%,Unidade da Federação,50,Mato Grosso do Sul,2018,Total,"3.6 Cervejas, chopes e outras bebidas alcoólicas",1.6,1.6
6972,1204,Distribuição da despesa monetária e não monetária média mensal familiar,%,Unidade da Federação,51,Mato Grosso,2018,Total,"3.6 Cervejas, chopes e outras bebidas alcoólicas",1.2,1.2
6972,1204,Distribuição da despesa monetária e não monetária média mensal familiar,%,Unidade da Federação,52,Goiás,2018,Total,"3.6 Cervejas, chopes e outras bebidas alcoólicas",1.3,1.3
6972,1204,Distribuição da despesa monetária e não monetária média mensal familiar,%,Unidade da Federação,53,Distrito Federal,2018,Total,"3.6 Cervejas, chopes e outras bebidas alcoólicas",1.4,1.4
6972,1204,Distribuição da despesa monetária e não monetária média mensal familiar,%,Brasil,1,Brasil,2018,Total,3.8 Alimentação fora do domicílio - light e diet,0.0,0.0
6972,1204,Distribuição da despesa monetária e não monetária média mensal familiar,%,Unidade da Federação,11,Rondônia,2018,Total,3.8 Alimentação fora do domicílio - light e diet,0.0,0.0
6972,1204,Distribuição da despesa monetária e não monetária média mensal familiar,%,Unidade da Federação,12,Acre,2018,Total,3.8 Alimentação fora do domicílio - light e diet,0.0,0.0
6972,1204,Distribuição da despesa monetária e não monetária média mensal familiar,%,Unidade da Federação,13,Amazonas,2018,Total,3.8 Alimentação fora do domicílio - light e diet,-,0.0
6972,1204,Distribuição da despesa monetária e não monetária média mensal familiar,%,Unidade da Federação,14,Roraima,2018,Total,3.8 Alimentação fora do domicílio - light e diet,0.0,0.0
6972,1204,Distribuição da despesa monetária e não monetária média mensal familiar,%,Unidade da Federação,15,Pará,2018,Total,3.8 Alimentação fora do domicílio - light e diet,0.0,0.0
6972,1204,Distribuição da despesa monetária e não monetária média mensal familiar,%,Unidade da Federação,16,Amapá,2018,Total,3.8 Alimentação fora do domicílio - light e diet,0.0,0.0
6972,1204,Distribuição da despesa monetária e não monetária média mensal familiar,%,Unidade da Federação,17,Tocantins,2018,Total,3.8 Alimentação fora do domicílio - light e diet,0.0,0.0
6972,1204,Distribuição da despesa monetária e não monetária média mensal familiar,%,Unidade da Federação,21,Maranhão,2018,Total,3.8 Alimentação fora do domicílio - light e diet,0.0,0.0
6972,1204,Distribuição da despesa monetária e não monetária média mensal familiar,%,Unidade da Federação,22,Piauí,2018,Total,3.8 Alimentação fora do domicílio - light e diet,0.0,0.0
6972,1204,Distribuição da despesa monetária e não monetária média mensal familiar,%,Unidade da Federação,23,Ceará,2018,Total,3.8 Alimentação fora do domicílio - light e diet,0.0,0.0
6972,1204,Distribuição da despesa monetária e não monetária média mensal familiar,%,Unidade da Federação,24,Rio Grande do Norte,2018,Total,3.8 Alimentação fora do domicílio - light e diet,0.0,0.0
6972,1204,Distribuição da despesa monetária e não monetária média mensal familiar,%,Unidade da Federação,25,Paraíba,2018,Total,3.8 Alimentação fora do domicílio - light e diet,0.0,0.0
6972,1204,Distribuição da despesa monetária e não monetária média mensal familiar,%,Unidade da Federação,26,Pernambuco,2018,Total,3.8 Alimentação fora do domicílio - light e diet,0.0,0.0
6972,1204,Distribuição da despesa monetária e não monetária média mensal familiar,%,Unidade da Federação,27,Alagoas,2018,Total,3.8 Alimentação fora do domicílio - light e diet,0.0,0.0
6972,1204,Distribuição da despesa monetária e não monetária média mensal familiar,%,Unidade da Federação,28,Sergipe,2018,Total,3.8 Alimentação fora do domicílio - light e diet,-,0.0
6972,1204,Distribuição da despesa monetária e não monetária média mensal familiar,%,Unidade da Federação,29,Bahia,2018,Total,3.8 Alimentação fora do domicílio - light e diet,0.0,0.0
6972,1204,Distribuição da despesa monetária e não monetária média mensal familiar,%,Unidade da Federação,31,Minas Gerais,2018,Total,3.8 Alimentação fora do domicílio - light e diet,0.0,0.0
6972,1204,Distribuição da despesa monetária e não monetária média mensal familiar,%,Unidade da Federação,32,Espírito Santo,2018,Total,3.8 Alimentação fora do domicílio - light e diet,0.0,0.0
6972,1204,Distribuição da despesa monetária e não monetária média mensal familiar,%,Unidade da Federação,33,Rio de Janeiro,2018,Total,3.8 Alimentação fora do domicílio - light e diet,0.1,0.1
6972,1204,Distribuição da despesa monetária e não monetária média mensal familiar,%,Unidade da Federação,35,São Paulo,2018,Total,3.8 Alimentação fora do domicílio - light e diet,0.0,0.0
6972,1204,Distribuição da despesa monetária e não monetária média mensal familiar,%,Unidade da Federação,41,Paraná,2018,Total,3.8 Alimentação fora do domicílio - light e diet,0.0,0.0
6972,1204,Distribuição da despesa monetária e não monetária média mensal familiar,%,Unidade da Federação,42,Santa Catarina,2018,Total,3.8 Alimentação fora do domicílio - light e diet,0.0,0.0
6972,1204,Distribuição da despesa monetária e não monetária média mensal familiar,%,Unidade da Federação,43,Rio Grande do Sul,2018,Total,3.8 Alimentação fora do domicílio - light e diet,0.0,0.0
6972,1204,Distribuição da despesa monetária e não monetária média mensal familiar,%,Unidade da Federação,50,Mato Grosso do Sul,2018,Total,3.8 Alimentação fora do domicílio - light e diet,0.0,0.0
6972,1204,Distribuição da despesa monetária e não monetária média mensal familiar,%,Unidade da Federação,51,Mato Grosso,2018,Total,3.8 Alimentação fora do domicílio - light e diet,0.0,0.0
6972,1204,Distribuição da despesa monetária e não monetária média mensal familiar,%,Unidade da Federação,52,Goiás,2018,Total,3.8 Alimentação fora do domicílio - light e diet,0.0,0.0
6972,1204,Distribuição da despesa monetária e não monetária média mensal familiar,%,Unidade da Federação,53,Distrito Federal,2018,Total,3.8 Alimentação fora do domicílio - light e diet,0.0,0.0
6972,1204,Distribuição da despesa monetária e não monetária média mensal familiar,%,Brasil,1,Brasil,2018,Total,3.9 Outras,2.4,2.4
6972,1204,Distribuição da despesa monetária e não monetária média mensal familiar,%,Unidade da Federação,11,Rondônia,2018,Total,3.9 Outras,1.2,1.2
6972,1204,Distribuição da despesa monetária e não monetária média mensal familiar,%,Unidade da Federação,12,Acre,2018,Total,3.9 Outras,2.1,2.1
6972,1204,Distribuição da despesa monetária e não monetária média mensal familiar,%,Unidade da Federação,13,Amazonas,2018,Total,3.9 Outras,0.7,0.7
6972,1204,Distribuição da despesa monetária e não monetária média mensal familiar,%,Unidade da Federação,14,Roraima,2018,Total,3.9 Outras,0.8,0.8
6972,1204,Distribuição da despesa monetária e não monetária média mensal familiar,%,Unidade da Federação,15,Pará,2018,Total,3.9 Outras,0.7,0.7
6972,1204,Distribuição da despesa monetária e não monetária média mensal familiar,%,Unidade da Federação,16,Amapá,2018,Total,3.9 Outras,1.3,1.3
6972,1204,Distribuição da despesa monetária e não monetária média mensal familiar,%,Unidade da Federação,17,Tocantins,2018,Total,3.9 Outras,1.3,1.3
6972,1204,Distribuição da despesa monetária e não monetária média mensal familiar,%,Unidade da Federação,21,Maranhão,2018,Total,3.9 Outras,0.9,0.9
6972,1204,Distribuição da despesa monetária e não monetária média mensal familiar,%,Unidade da Federação,22,Piauí,2018,Total,3.9 Outras,2.2,2.2
6972,1204,Distribuição da despesa monetária e não monetária média mensal familiar,%,Unidade da Federação,23,Ceará,2018,Total,3.9 Outras,1.1,1.1
6972,1204,Distribuição da despesa monetária e não monetária média mensal familiar,%,Unidade da Federação,24,Rio Grande do Norte,2018,Total,3.9 Outras,3.2,3.2
6972,1204,Distribuição da despesa monetária e não monetária média mensal familiar,%,Unidade da Federação,25,Paraíba,2018,Total,3.9 Outras,1.0,1.0
6972,1204,Distribuição da despesa monetária e não monetária média mensal familiar,%,Unidade da Federação,26,Pernambuco,2018,Total,3.9 Outras,1.5,1.5
6972,1204,Distribuição da despesa monetária e não monetária média mensal familiar,%,Unidade da Federação,27,Alagoas,2018,Total,3.9 Outras,0.9,0.9
6972,1204,Distribuição da despesa monetária e não monetária média mensal familiar,%,Unidade da Federação,28,Sergipe,2018,Total,3.9 Outras,2.0,2.0
6972,1204,Distribuição da despesa monetária e não monetária média mensal familiar,%,Unidade da Federação,29,Bahia,2018,Total,3.9 Outras,1.7,1.7
6972,1204,Distribuição da despesa monetária e não monetária média mensal familiar,%,Unidade da Federação,31,Minas Gerais,2018,Total,3.9 Outras,7.0,7.0
6972,1204,Distribuição da despesa monetária e não monetária média mensal familiar,%,Unidade da Federação,32,Espírito Santo,2018,Total,3.9 Outras,3.5,3.5
6972,1204,Distribuição da despesa monetária e não monetária média mensal familiar,%,Unidade da Federação,33,Rio de Janeiro,2018,Total,3.9 Outras,0.7,0.7
6972,1204,Distribuição da despesa monetária e não monetária média mensal familiar,%,Unidade da Federação,35,São Paulo,2018,Total,3.9 Outras,1.9,1.9
6972,1204,Distribuição da despesa monetária e não monetária média mensal familiar,%,Unidade da Federação,41,Paraná,2018,Total,3.9 Outras,1.8,1.8
6972,1204,Distribuição da despesa monetária e não monetária média mensal familiar,%,Unidade da Federação,42,Santa Catarina,2018,Total,3.9 Outras,2.6,2.6
6972,1204,Distribuição da despesa monetária e não monetária média mensal familiar,%,Unidade da Federação,43,Rio Grande do Sul,2018,Total,3.9 Outras,1.7,1.7
6972,1204,Distribuição da despesa monetária e não monetária média mensal familiar,%,Unidade da Federação,50,Mato Grosso do Sul,2018,Total,3.9 Outras,3.5,3.5
6972,1204,Distribuição da despesa monetária e não monetária média mensal familiar,%,Unidade da Federação,51,Mato Grosso,2018,Total,3.9 Outras,8.5,8.5
6972,1204,Distribuição da despesa monetária e não monetária média mensal familiar,%,Unidade da Federação,52,Goiás,2018,Total,3.9 Outras,2.6,2.6
6972,1204,Distribuição da despesa monetária e não monetária média mensal familiar,%,Unidade da Federação,53,Distrito Federal,2018,Total,3.9 Outras,2.0,2.0
6972,1204,Distribuição da despesa monetária e não monetária média mensal familiar,%,Brasil,1,Brasil,2018,Até 1.908 Reais,1 Despesas com alimentação,100.0,100.0
6972,1204,Distribuição da despesa monetária e não monetária média mensal familiar,%,Unidade da Federação,11,Rondônia,2018,Até 1.908 Reais,1 Despesas com alimentação,100.0,100.0
6972,1204,Distribuição da despesa monetária e não monetária média mensal familiar,%,Unidade da Federação,12,Acre,2018,Até 1.908 Reais,1 Despesas com alimentação,100.0,100.0
6972,1204,Distribuição da despesa monetária e não monetária média mensal familiar,%,Unidade da Federação,13,Amazonas,2018,Até 1.908 Reais,1 Despesas com alimentação,100.0,100.0
6972,1204,Distribuição da despesa monetária e não monetária média mensal familiar,%,Unidade da Federação,14,Roraima,2018,Até 1.908 Reais,1 Despesas com alimentação,100.0,100.0
6972,1204,Distribuição da despesa monetária e não monetária média mensal familiar,%,Unidade da Federação,15,Pará,2018,Até 1.908 Reais,1 Despesas com alimentação,100.0,100.0
6972,1204,Distribuição da despesa monetária e não monetária média mensal familiar,%,Unidade da Federação,16,Amapá,2018,Até 1.908 Reais,1 Despesas com alimentação,100.0,100.0
6972,1204,Distribuição da despesa monetária e não monetária média mensal familiar,%,Unidade da Federação,17,Tocantins,2018,Até 1.908 Reais,1 Despesas com alimentação,100.0,100.0
6972,1204,Distribuição da despesa monetária e não monetária média mensal familiar,%,Unidade da Federação,21,Maranhão,2018,Até 1.908 Reais,1 Despesas com alimentação,100.0,100.0
6972,1204,Distribuição da despesa monetária e não monetária média mensal familiar,%,Unidade da Federação,22,Piauí,2018,Até 1.908 Reais,1 Despesas com alimentação,100.0,100.0
6972,1204,Distribuição da despesa monetária e não monetária média mensal familiar,%,Unidade da Federação,23,Ceará,2018,Até 1.908 Reais,1 Despesas com alimentação,100.0,100.0
6972,1204,Distribuição da despesa monetária e não monetária média mensal familiar,%,Unidade da Federação,24,Rio Grande do Norte,2018,Até 1.908 Reais,1 Despesas com alimentação,100.0,100.0
6972,1204,Distribuição da despesa monetária e não monetária média mensal familiar,%,Unidade da Federação,25,Paraíba,2018,Até 1.908 Reais,1 Despesas com alimentação,100.0,100.0
6972,1204,Distribuição da despesa monetária e não monetária média mensal familiar,%,Unidade da Federação,26,Pernambuco,2018,Até 1.908 Reais,1 Despesas com alimentação,100.0,100.0
6972,1204,Distribuição da despesa monetária e não monetária média mensal familiar,%,Unidade da Federação,27,Alagoas,2018,Até 1.908 Reais,1 Despesas com alimentação,100.0,100.0
6972,1204,Distribuição da despesa monetária e não monetária média mensal familiar,%,Unidade da Federação,28,Sergipe,2018,Até 1.908 Reais,1 Despesas com alimentação,100.0,100.0
6972,1204,Distribuição da despesa monetária e não monetária média mensal familiar,%,Unidade da Federação,29,Bahia,2018,Até 1.908 Reais,1 Despesas com alimentação,100.0,100.0
6972,1204,Distribuição da despesa monetária e não monetária média mensal familiar,%,Unidade da Federação,31,Minas Gerais,2018,Até 1.908 Reais,1 Despesas com alimentação,100.0,100.0
6972,1204,Distribuição da despesa monetária e não monetária média mensal familiar,%,Unidade da Federação,32,Espírito Santo,2018,Até 1.908 Reais,1 Despesas com alimentação,100.0,100.0
6972,1204,Distribuição da despesa monetária e não monetária média mensal familiar,%,Unidade da Federação,33,Rio de Janeiro,2018,Até 1.908 Reais,1 Despesas com alimentação,100.0,100.0
6972,1204,Distribuição da despesa monetária e não monetária média mensal familiar,%,Unidade da Federação,35,São Paulo,2018,Até 1.908 Reais,1 Despesas com alimentação,100.0,100.0
6972,1204,Distribuição da despesa monetária e não monetária média mensal familiar,%,Unidade da Federação,41,Paraná,2018,Até 1.908 Reais,1 Despesas com alimentação,100.0,100.0
6972,1204,Distribuição da despesa monetária e não monetária média mensal familiar,%,Unidade da Federação,42,Santa Catarina,2018,Até 1.908 Reais,1 Despesas com alimentação,100.0,100.0
6972,1204,Distribuição da despesa monetária e não monetária média mensal familiar,%,Unidade da Federação,43,Rio Grande do Sul,2018,Até 1.908 Reais,1 Despesas com alimentação,100.0,100.0
6972,1204,Distribuição da despesa monetária e não monetária média mensal familiar,%,Unidade da Federação,50,Mato Grosso do Sul,2018,Até 1.908 Reais,1 Despesas com alimentação,100.0,100.0
6972,1204,Distribuição da despesa monetária e não monetária média mensal familiar,%,Unidade da Federação,51,Mato Grosso,2018,Até 1.908 Reais,1 Despesas com alimentação,100.0,100.0
6972,1204,Distribuição da despesa monetária e não monetária média mensal familiar,%,Unidade da Federação,52,Goiás,2018,Até 1.908 Reais,1 Despesas com alimentação,100.0,100.0
6972,1204,Distribuição da despesa monetária e não monetária média mensal familiar,%,Unidade da Federação,53,Distrito Federal,2018,Até 1.908 Reais,1 Despesas com alimentação,100.0,100.0
6972,1204,Distribuição da despesa monetária e não monetária média mensal familiar,%,Brasil,1,Brasil,2018,Até 1.908 Reais,3 Alimentação fora do domicílio,20.6,20.6
6972,1204,Distribuição da despesa monetária e não monetária média mensal familiar,%,Unidade da Federação,11,Rondônia,2018,Até 1.908 Reais,3 Alimentação fora do domicílio,19.6,19.6
6972,1204,Distribuição da despesa monetária e não monetária média mensal familiar,%,Unidade da Federação,12,Acre,2018,Até 1.908 Reais,3 Alimentação fora do domicílio,24.2,24.2
6972,1204,Distribuição da despesa monetária e não monetária média mensal familiar,%,Unidade da Federação,13,Amazonas,2018,Até 1.908 Reais,3 Alimentação fora do domicílio,16.0,16.0
6972,1204,Distribuição da despesa monetária e não monetária média mensal familiar,%,Unidade da Federação,14,Roraima,2018,Até 1.908 Reais,3 Alimentação fora do domicílio,6.6,6.6
6972,1204,Distribuição da despesa monetária e não monetária média mensal familiar,%,Unidade da Federação,15,Pará,2018,Até 1.908 Reais,3 Alimentação fora do domicílio,12.9,12.9
6972,1204,Distribuição da despesa monetária e não monetária média mensal familiar,%,Unidade da Federação,16,Amapá,2018,Até 1.908 Reais,3 Alimentação fora do domicílio,16.0,16.0
6972,1204,Distribuição da despesa monetária e não monetária média mensal familiar,%,Unidade da Federação,17,Tocantins,2018,Até 1.908 Reais,3 Alimentação fora do domicílio,19.0,19.0
6972,1204,Distribuição da despesa monetária e não monetária média mensal familiar,%,Unidade da Federação,21,Maranhão,2018,Até 1.908 Reais,3 Alimentação fora do domicílio,19.5,19.5
6972,1204,Distribuição da despesa monetária e não monetária média mensal familiar,%,Unidade da Federação,22,Piauí,2018,Até 1.908 Reais,3 Alimentação fora do domicílio,32.9,32.9
6972,1204,Distribuição da despesa monetária e não monetária média mensal familiar,%,Unidade da Federação,23,Ceará,2018,Até 1.908 Reais,3 Alimentação fora do domicílio,20.0,20.0
6972,1204,Distribuição da despesa monetária e não monetária média mensal familiar,%,Unidade da Federação,24,Rio Grande do Norte,2018,Até 1.908 Reais,3 Alimentação fora do domicílio,26.9,26.9
6972,1204,Distribuição da despesa monetária e não monetária média mensal familiar,%,Unidade da Federação,25,Paraíba,2018,Até 1.908 Reais,3 Alimentação fora do domicílio,17.4,17.4
6972,1204,Distribuição da despesa monetária e não monetária média mensal familiar,%,Unidade da Federação,26,Pernambuco,2018,Até 1.908 Reais,3 Alimentação fora do domicílio,20.7,20.7
6972,1204,Distribuição da despesa monetária e não monetária média mensal familiar,%,Unidade da Federação,27,Alagoas,2018,Até 1.908 Reais,3 Alimentação fora do domicílio,11.7,11.7
6972,1204,Distribuição da despesa monetária e não monetária média mensal familiar,%,Unidade da Federação,28,Sergipe,2018,Até 1.908 Reais,3 Alimentação fora do domicílio,36.6,36.6
6972,1204,Distribuição da despesa monetária e não monetária média mensal familiar,%,Unidade da Federação,29,Bahia,2018,Até 1.908 Reais,3 Alimentação fora do domicílio,24.4,24.4
6972,1204,Distribuição da despesa monetária e não monetária média mensal familiar,%,Unidade da Federação,31,Minas Gerais,2018,Até 1.908 Reais,3 Alimentação fora do domicílio,28.6,28.6
6972,1204,Distribuição da despesa monetária e não monetária média mensal familiar,%,Unidade da Federação,32,Espírito Santo,2018,Até 1.908 Reais,3 Alimentação fora do domicílio,21.1,21.1
6972,1204,Distribuição da despesa monetária e não monetária média mensal familiar,%,Unidade da Federação,33,Rio de Janeiro,2018,Até 1.908 Reais,3 Alimentação fora do domicílio,12.1,12.1
6972,1204,Distribuição da despesa monetária e não monetária média mensal familiar,%,Unidade da Federação,35,São Paulo,2018,Até 1.908 Reais,3 Alimentação fora do domicílio,17.0,17.0
6972,1204,Distribuição da despesa monetária e não monetária média mensal familiar,%,Unidade da Federação,41,Paraná,2018,Até 1.908 Reais,3 Alimentação fora do domicílio,16.9,16.9
6972,1204,Distribuição da despesa monetária e não monetária média mensal familiar,%,Unidade da Federação,42,Santa Catarina,2018,Até 1.908 Reais,3 Alimentação fora do domicílio,18.0,18.0
6972,1204,Distribuição da despesa monetária e não monetária média mensal familiar,%,Unidade da Federação,43,Rio Grande do Sul,2018,Até 1.908 Reais,3 Alimentação fora do domicílio,21.1,21.1
6972,1204,Distribuição da despesa monetária e não monetária média mensal familiar,%,Unidade da Federação,50,Mato Grosso do Sul,2018,Até 1.908 Reais,3 Alimentação fora do domicílio,36.7,36.7
6972,1204,Distribuição da despesa monetária e não monetária média mensal familiar,%,Unidade da Federação,51,Mato Grosso,2018,Até 1.908 Reais,3 Alimentação fora do domicílio,28.8,28.8
6972,1204,Distribuição da despesa monetária e não monetária média mensal familiar,%,Unidade da Federação,52,Goiás,2018,Até 1.908 Reais,3 Alimentação fora do domicílio,24.8,24.8
6972,1204,Distribuição da despesa monetária e não monetária média mensal familiar,%,Unidade da Federação,53,Distrito Federal,2018,Até 1.908 Reais,3 Alimentação fora do domicílio,28.3,28.3
6972,1204,Distribuição da despesa monetária e não monetária média mensal familiar,%,Brasil,1,Brasil,2018,Até 1.908 Reais,3.1 Almoço e jantar,12.0,12.0
6972,1204,Distribuição da despesa monetária e não monetária média mensal familiar,%,Unidade da Federação,11,Rondônia,2018,Até 1.908 Reais,3.1 Almoço e jantar,13.9,13.9
6972,1204,Distribuição da despesa monetária e não monetária média mensal familiar,%,Unidade da Federação,12,Acre,2018,Até 1.908 Reais,3.1 Almoço e jantar,13.0,13.0
6972,1204,Distribuição da despesa monetária e não monetária média mensal familiar,%,Unidade da Federação,13,Amazonas,2018,Até 1.908 Reais,3.1 Almoço e jantar,10.2,10.2
6972,1204,Distribuição da despesa monetária e não monetária média mensal familiar,%,Unidade da Federação,14,Roraima,2018,Até 1.908 Reais,3.1 Almoço e jantar,4.1,4.1
6972,1204,Distribuição da despesa monetária e não monetária média mensal familiar,%,Unidade da Federação,15,Pará,2018,Até 1.908 Reais,3.1 Almoço e jantar,7.5,7.5
6972,1204,Distribuição da despesa monetária e não monetária média mensal familiar,%,Unidade da Federação,16,Amapá,2018,Até 1.908 Reais,3.1 Almoço e jantar,9.9,9.9
6972,1204,Distribuição da despesa monetária e não monetária média mensal familiar,%,Unidade da Federação,17,Tocantins,2018,Até 1.908 Reais,3.1 Almoço e jantar,8.9,8.9
6972,1204,Distribuição da despesa monetária e não monetária média mensal familiar,%,Unidade da Federação,21,Maranhão,2018,Até 1.908 Reais,3.1 Almoço e jantar,12.6,12.6
6972,1204,Distribuição da despesa monetária e não monetária média mensal familiar,%,Unidade da Federação,22,Piauí,2018,Até 1.908 Reais,3.1 Almoço e jantar,19.7,19.7
6972,1204,Distribuição da despesa monetária e não monetária média mensal familiar,%,Unidade da Federação,23,Ceará,2018,Até 1.908 Reais,3.1 Almoço e jantar,13.2,13.2
6972,1204,Distribuição da despesa monetária e não monetária média mensal familiar,%,Unidade da Federação,24,Rio Grande do Norte,2018,Até 1.908 Reais,3.1 Almoço e jantar,14.3,14.3
6972,1204,Distribuição da despesa monetária e não monetária média mensal familiar,%,Unidade da Federação,25,Paraíba,2018,Até 1.908 Reais,3.1 Almoço e jantar,11.4,11.4
6972,1204,Distribuição da despesa monetária e não monetária média mensal familiar,%,Unidade da Federação,26,Pernambuco,2018,Até 1.908 Reais,3.1 Almoço e jantar,13.1,13.1
6972,1204,Distribuição da despesa monetária e não monetária média mensal familiar,%,Unidade da Federação,27,Alagoas,2018,Até 1.908 Reais,3.1 Almoço e jantar,5.4,5.4
6972,1204,Distribuição da despesa monetária e não monetária média mensal familiar,%,Unidade da Federação,28,Sergipe,2018,Até 1.908 Reais,3.1 Almoço e jantar,19.7,19.7
6972,1204,Distribuição da despesa monetária e não monetária média mensal familiar,%,Unidade da Federação,29,Bahia,2018,Até 1.908 Reais,3.1 Almoço e jantar,12.8,12.8
6972,1204,Distribuição da despesa monetária e não monetária média mensal familiar,%,Unidade da Federação,31,Minas Gerais,2018,Até 1.908 Reais,3.1 Almoço e jantar,14.3,14.3
6972,1204,Distribuição da despesa monetária e não monetária média mensal familiar,%,Unidade da Federação,32,Espírito Santo,2018,Até 1.908 Reais,3.1 Almoço e jantar,11.7,11.7
6972,1204,Distribuição da despesa monetária e não monetária média mensal familiar,%,Unidade da Federação,33,Rio de Janeiro,2018,Até 1.908 Reais,3.1 Almoço e jantar,6.5,6.5
6972,1204,Distribuição da despesa monetária e não monetária média mensal familiar,%,Unidade da Federação,35,São Paulo,2018,Até 1.908 Reais,3.1 Almoço e jantar,9.3,9.3
6972,1204,Distribuição da despesa monetária e não monetária média mensal familiar,%,Unidade da Federação,41,Paraná,2018,Até 1.908 Reais,3.1 Almoço e jantar,10.9,10.9
6972,1204,Distribuição da despesa monetária e não monetária média mensal familiar,%,Unidade da Federação,42,Santa Catarina,2018,Até 1.908 Reais,3.1 Almoço e jantar,9.5,9.5
6972,1204,Distribuição da despesa monetária e não monetária média mensal familiar,%,Unidade da Federação,43,Rio Grande do Sul,2018,Até 1.908 Reais,3.1 Almoço e jantar,14.6,14.6
6972,1204,Distribuição da despesa monetária e não monetária média mensal familiar,%,Unidade da Federação,50,Mato Grosso do Sul,2018,Até 1.908 Reais,3.1 Almoço e jantar,24.4,24.4
6972,1204,Distribuição da despesa monetária e não monetária média mensal familiar,%,Unidade da Federação,51,Mato Grosso,2018,Até 1.908 Reais,3.1 Almoço e jantar,14.4,14.4
6972,1204,Distribuição da despesa monetária e não monetária média mensal familiar,%,Unidade da Federação,52,Goiás,2018,Até 1.908 Reais,3.1 Almoço e jantar,17.3,17.3
6972,1204,Distribuição da despesa monetária e não monetária média mensal familiar,%,Unidade da Federação,53,Distrito Federal,2018,Até 1.908 Reais,3.1 Almoço e jantar,19.8,19.8
6972,1204,Distribuição da despesa monetária e não monetária média mensal familiar,%,Brasil,1,Brasil,2018,Até 1.908 Reais,"3.2 Café, leite, café/leite e chocolate",0.2,0.2
6972,1204,Distribuição da despesa monetária e não monetária média mensal familiar,%,Unidade da Federação,11,Rondônia,2018,Até 1.908 Reais,"3.2 Café, leite, café/leite e chocolate",0.3,0.3
6972,1204,Distribuição da despesa monetária e não monetária média mensal familiar,%,Unidade da Federação,12,Acre,2018,Até 1.908 Reais,"3.2 Café, leite, café/leite e chocolate",0.6,0.6
6972,1204,Distribuição da despesa monetária e não monetária média mensal familiar,%,Unidade da Federação,13,Amazonas,2018,Até 1.908 Reais,"3.2 Café, leite, café/leite e chocolate",0.1,0.1
6972,1204,Distribuição da despesa monetária e não monetária média mensal familiar,%,Unidade da Federação,14,Roraima,2018,Até 1.908 Reais,"3.2 Café, leite, café/leite e chocolate",0.1,0.1
6972,1204,Distribuição da despesa monetária e não monetária média mensal familiar,%,Unidade da Federação,15,Pará,2018,Até 1.908 Reais,"3.2 Café, leite, café/leite e chocolate",0.1,0.1
6972,1204,Distribuição da despesa monetária e não monetária média mensal familiar,%,Unidade da Federação,16,Amapá,2018,Até 1.908 Reais,"3.2 Café, leite, café/leite e chocolate",0.3,0.3
6972,1204,Distribuição da despesa monetária e não monetária média mensal familiar,%,Unidade da Federação,17,Tocantins,2018,Até 1.908 Reais,"3.2 Café, leite, café/leite e chocolate",0.2,0.2
6972,1204,Distribuição da despesa monetária e não monetária média mensal familiar,%,Unidade da Federação,21,Maranhão,2018,Até 1.908 Reais,"3.2 Café, leite, café/leite e chocolate",0.2,0.2
6972,1204,Distribuição da despesa monetária e não monetária média mensal familiar,%,Unidade da Federação,22,Piauí,2018,Até 1.908 Reais,"3.2 Café, leite, café/leite e chocolate",0.5,0.5
6972,1204,Distribuição da despesa monetária e não monetária média mensal familiar,%,Unidade da Federação,23,Ceará,2018,Até 1.908 Reais,"3.2 Café, leite, café/leite e chocolate",0.3,0.3
6972,1204,Distribuição da despesa monetária e não monetária média mensal familiar,%,Unidade da Federação,24,Rio Grande do Norte,2018,Até 1.908 Reais,"3.2 Café, leite, café/leite e chocolate",0.1,0.1
6972,1204,Distribuição da despesa monetária e não monetária média mensal familiar,%,Unidade da Federação,25,Paraíba,2018,Até 1.908 Reais,"3.2 Café, leite, café/leite e chocolate",0.2,0.2
6972,1204,Distribuição da despesa monetária e não monetária média mensal familiar,%,Unidade da Federação,26,Pernambuco,2018,Até 1.908 Reais,"3.2 Café, leite, café/leite e chocolate",0.2,0.2
6972,1204,Distribuição da despesa monetária e não monetária média mensal familiar,%,Unidade da Federação,27,Alagoas,2018,Até 1.908 Reais,"3.2 Café, leite, café/leite e chocolate",0.1,0.1
6972,1204,Distribuição da despesa monetária e não monetária média mensal familiar,%,Unidade da Federação,28,Sergipe,2018,Até 1.908 Reais,"3.2 Café, leite, café/leite e chocolate",0.2,0.2
6972,1204,Distribuição da despesa monetária e não monetária média mensal familiar,%,Unidade da Federação,29,Bahia,2018,Até 1.908 Reais,"3.2 Café, leite, café/leite e chocolate",0.3,0.3
6972,1204,Distribuição da despesa monetária e não monetária média mensal familiar,%,Unidade da Federação,31,Minas Gerais,2018,Até 1.908 Reais,"3.2 Café, leite, café/leite e chocolate",0.4,0.4
6972,1204,Distribuição da despesa monetária e não monetária média mensal familiar,%,Unidade da Federação,32,Espírito Santo,2018,Até 1.908 Reais,"3.2 Café, leite, café/leite e chocolate",0.3,0.3
6972,1204,Distribuição da despesa monetária e não monetária média mensal familiar,%,Unidade da Federação,33,Rio de Janeiro,2018,Até 1.908 Reais,"3.2 Café, leite, café/leite e chocolate",0.1,0.1
6972,1204,Distribuição da despesa monetária e não monetária média mensal familiar,%,Unidade da Federação,35,São Paulo,2018,Até 1.908 Reais,"3.2 Café, leite, café/leite e chocolate",0.3,0.3
6972,1204,Distribuição da despesa monetária e não monetária média mensal familiar,%,Unidade da Federação,41,Paraná,2018,Até 1.908 Reais,"3.2 Café, leite, café/leite e chocolate",0.1,0.1
6972,1204,Distribuição da despesa monetária e não monetária média mensal familiar,%,Unidade da Federação,42,Santa Catarina,2018,Até 1.908 Reais,"3.2 Café, leite, café/leite e chocolate",0.1,0.1
6972,1204,Distribuição da despesa monetária e não monetária média mensal familiar,%,Unidade da Federação,43,Rio Grande do Sul,2018,Até 1.908 Reais,"3.2 Café, leite, café/leite e chocolate",0.2,0.2
6972,1204,Distribuição da despesa monetária e não monetária média mensal familiar,%,Unidade da Federação,50,Mato Grosso do Sul,2018,Até 1.908 Reais,"3.2 Café, leite, café/leite e chocolate",0.3,0.3
6972,1204,Distribuição da despesa monetária e não monetária média mensal familiar,%,Unidade da Federação,51,Mato Grosso,2018,Até 1.908 Reais,"3.2 Café, leite, café/leite e chocolate",0.3,0.3
6972,1204,Distribuição da despesa monetária e não monetária média mensal familiar,%,Unidade da Federação,52,Goiás,2018,Até 1.908 Reais,"3.2 Café, leite, café/leite e chocolate",0.3,0.3
6972,1204,Distribuição da despesa monetária e não monetária média mensal familiar,%,Unidade da Federação,53,Distrito Federal,2018,Até 1.908 Reais,"3.2 Café, leite, café/leite e chocolate",0.1,0.1
6972,1204,Distribuição da despesa monetária e não monetária média mensal familiar,%,Brasil,1,Brasil,2018,Até 1.908 Reais,3.3 Sanduíches e salgados,1.9,1.9
6972,1204,Distribuição da despesa monetária e não monetária média mensal familiar,%,Unidade da Federação,11,Rondônia,2018,Até 1.908 Reais,3.3 Sanduíches e salgados,3.2,3.2
6972,1204,Distribuição da despesa monetária e não monetária média mensal familiar,%,Unidade da Federação,12,Acre,2018,Até 1.908 Reais,3.3 Sanduíches e salgados,1.8,1.8
6972,1204,Distribuição da despesa monetária e não monetária média mensal familiar,%,Unidade da Federação,13,Amazonas,2018,Até 1.908 Reais,3.3 Sanduíches e salgados,2.1,2.1
6972,1204,Distribuição da despesa monetária e não monetária média mensal familiar,%,Unidade da Federação,14,Roraima,2018,Até 1.908 Reais,3.3 Sanduíches e salgados,0.3,0.3
6972,1204,Distribuição da despesa monetária e não monetária média mensal familiar,%,Unidade da Federação,15,Pará,2018,Até 1.908 Reais,3.3 Sanduíches e salgados,1.6,1.6
6972,1204,Distribuição da despesa monetária e não monetária média mensal familiar,%,Unidade da Federação,16,Amapá,2018,Até 1.908 Reais,3.3 Sanduíches e salgados,1.0,1.0
6972,1204,Distribuição da despesa monetária e não monetária média mensal familiar,%,Unidade da Federação,17,Tocantins,2018,Até 1.908 Reais,3.3 Sanduíches e salgados,2.8,2.8
6972,1204,Distribuição da despesa monetária e não monetária média mensal familiar,%,Unidade da Federação,21,Maranhão,2018,Até 1.908 Reais,3.3 Sanduíches e salgados,1.4,1.4
6972,1204,Distribuição da despesa monetária e não monetária média mensal familiar,%,Unidade da Federação,22,Piauí,2018,Até 1.908 Reais,3.3 Sanduíches e salgados,1.1,1.1
6972,1204,Distribuição da despesa monetária e não monetária média mensal familiar,%,Unidade da Federação,23,Ceará,2018,Até 1.908 Reais,3.3 Sanduíches e salgados,1.8,1.8
6972,1204,Distribuição da despesa monetária e não monetária média mensal familiar,%,Unidade da Federação,24,Rio Grande do Norte,2018,Até 1.908 Reais,3.3 Sanduíches e salgados,2.0,2.0
6972,1204,Distribuição da despesa monetária e não monetária média mensal familiar,%,Unidade da Federação,25,Paraíba,2018,Até 1.908 Reais,3.3 Sanduíches e salgados,1.5,1.5
6972,1204,Distribuição da despesa monetária e não monetária média mensal familiar,%,Unidade da Federação,26,Pernambuco,2018,Até 1.908 Reais,3.3 Sanduíches e salgados,2.0,2.0
6972,1204,Distribuição da despesa monetária e não monetária média mensal familiar,%,Unidade da Federação,27,Alagoas,2018,Até 1.908 Reais,3.3 Sanduíches e salgados,1.0,1.0
6972,1204,Distribuição da despesa monetária e não monetária média mensal familiar,%,Unidade da Federação,28,Sergipe,2018,Até 1.908 Reais,3.3 Sanduíches e salgados,1.3,1.3
6972,1204,Distribuição da despesa monetária e não monetária média mensal familiar,%,Unidade da Federação,29,Bahia,2018,Até 1.908 Reais,3.3 Sanduíches e salgados,2.1,2.1
6972,1204,Distribuição da despesa monetária e não monetária média mensal familiar,%,Unidade da Federação,31,Minas Gerais,2018,Até 1.908 Reais,3.3 Sanduíches e salgados,1.5,1.5
6972,1204,Distribuição da despesa monetária e não monetária média mensal familiar,%,Unidade da Federação,32,Espírito Santo,2018,Até 1.908 Reais,3.3 Sanduíches e salgados,2.4,2.4
6972,1204,Distribuição da despesa monetária e não monetária média mensal familiar,%,Unidade da Federação,33,Rio de Janeiro,2018,Até 1.908 Reais,3.3 Sanduíches e salgados,2.6,2.6
6972,1204,Distribuição da despesa monetária e não monetária média mensal familiar,%,Unidade da Federação,35,São Paulo,2018,Até 1.908 Reais,3.3 Sanduíches e salgados,1.8,1.8
6972,1204,Distribuição da despesa monetária e não monetária média mensal familiar,%,Unidade da Federação,41,Paraná,2018,Até 1.908 Reais,3.3 Sanduíches e salgados,1.9,1.9
6972,1204,Distribuição da despesa monetária e não monetária média mensal familiar,%,Unidade da Federação,42,Santa Catarina,2018,Até 1.908 Reais,3.3 Sanduíches e salgados,2.4,2.4
6972,1204,Distribuição da despesa monetária e não monetária média mensal familiar,%,Unidade da Federação,43,Rio Grande do Sul,2018,Até 1.908 Reais,3.3 Sanduíches e salgados,1.6,1.6
6972,1204,Distribuição da despesa monetária e não monetária média mensal familiar,%,Unidade da Federação,50,Mato Grosso do Sul,2018,Até 1.908 Reais,3.3 Sanduíches e salgados,2.4,2.4
6972,1204,Distribuição da despesa monetária e não monetária média mensal familiar,%,Unidade da Federação,51,Mato Grosso,2018,Até 1.908 Reais,3.3 Sanduíches e salgados,3.1,3.1
6972,1204,Distribuição da despesa monetária e não monetária média mensal familiar,%,Unidade da Federação,52,Goiás,2018,Até 1.908 Reais,3.3 Sanduíches e salgados,1.4,1.4
6972,1204,Distribuição da despesa monetária e não monetária média mensal familiar,%,Unidade da Federação,53,Distrito Federal,2018,Até 1.908 Reais,3.3 Sanduíches e salgados,3.4,3.4
6972,1204,Distribuição da despesa monetária e não monetária média mensal familiar,%,Brasil,1,Brasil,2018,Até 1.908 Reais,3.4 Refrigerantes e outras bebidas não alcoólicas,1.1,1.1
6972,1204,Distribuição da despesa monetária e não monetária média mensal familiar,%,Unidade da Federação,11,Rondônia,2018,Até 1.908 Reais,3.4 Refrigerantes e outras bebidas não alcoólicas,0.8,0.8
6972,1204,Distribuição da despesa monetária e não monetária média mensal familiar,%,Unidade da Federação,12,Acre,2018,Até 1.908 Reais,3.4 Refrigerantes e outras bebidas não alcoólicas,2.5,2.5
6972,1204,Distribuição da despesa monetária e não monetária média mensal familiar,%,Unidade da Federação,13,Amazonas,2018,Até 1.908 Reais,3.4 Refrigerantes e outras bebidas não alcoólicas,0.4,0.4
6972,1204,Distribuição da despesa monetária e não monetária média mensal familiar,%,Unidade da Federação,14,Roraima,2018,Até 1.908 Reais,3.4 Refrigerantes e outras bebidas não alcoólicas,0.2,0.2
6972,1204,Distribuição da despesa monetária e não monetária média mensal familiar,%,Unidade da Federação,15,Pará,2018,Até 1.908 Reais,3.4 Refrigerantes e outras bebidas não alcoólicas,0.8,0.8
6972,1204,Distribuição da despesa monetária e não monetária média mensal familiar,%,Unidade da Federação,16,Amapá,2018,Até 1.908 Reais,3.4 Refrigerantes e outras bebidas não alcoólicas,1.3,1.3
6972,1204,Distribuição da despesa monetária e não monetária média mensal familiar,%,Unidade da Federação,17,Tocantins,2018,Até 1.908 Reais,3.4 Refrigerantes e outras bebidas não alcoólicas,1.3,1.3
6972,1204,Distribuição da despesa monetária e não monetária média mensal familiar,%,Unidade da Federação,21,Maranhão,2018,Até 1.908 Reais,3.4 Refrigerantes e outras bebidas não alcoólicas,0.9,0.9
6972,1204,Distribuição da despesa monetária e não monetária média mensal familiar,%,Unidade da Federação,22,Piauí,2018,Até 1.908 Reais,3.4 Refrigerantes e outras bebidas não alcoólicas,1.2,1.2
6972,1204,Distribuição da despesa monetária e não monetária média mensal familiar,%,Unidade da Federação,23,Ceará,2018,Até 1.908 Reais,3.4 Refrigerantes e outras bebidas não alcoólicas,1.3,1.3
6972,1204,Distribuição da despesa monetária e não monetária média mensal familiar,%,Unidade da Federação,24,Rio Grande do Norte,2018,Até 1.908 Reais,3.4 Refrigerantes e outras bebidas não alcoólicas,1.0,1.0
6972,1204,Distribuição da despesa monetária e não monetária média mensal familiar,%,Unidade da Federação,25,Paraíba,2018,Até 1.908 Reais,3.4 Refrigerantes e outras bebidas não alcoólicas,0.7,0.7
6972,1204,Distribuição da despesa monetária e não monetária média mensal familiar,%,Unidade da Federação,26,Pernambuco,2018,Até 1.908 Reais,3.4 Refrigerantes e outras bebidas não alcoólicas,1.0,1.0
6972,1204,Distribuição da despesa monetária e não monetária média mensal familiar,%,Unidade da Federação,27,Alagoas,2018,Até 1.908 Reais,3.4 Refrigerantes e outras bebidas não alcoólicas,0.6,0.6
6972,1204,Distribuição da despesa monetária e não monetária média mensal familiar,%,Unidade da Federação,28,Sergipe,2018,Até 1.908 Reais,3.4 Refrigerantes e outras bebidas não alcoólicas,6.0,6.0
6972,1204,Distribuição da despesa monetária e não monetária média mensal familiar,%,Unidade da Federação,29,Bahia,2018,Até 1.908 Reais,3.4 Refrigerantes e outras bebidas não alcoólicas,1.5,1.5
6972,1204,Distribuição da despesa monetária e não monetária média mensal familiar,%,Unidade da Federação,31,Minas Gerais,2018,Até 1.908 Reais,3.4 Refrigerantes e outras bebidas não alcoólicas,0.6,0.6
6972,1204,Distribuição da despesa monetária e não monetária média mensal familiar,%,Unidade da Federação,32,Espírito Santo,2018,Até 1.908 Reais,3.4 Refrigerantes e outras bebidas não alcoólicas,0.7,0.7
6972,1204,Distribuição da despesa monetária e não monetária média mensal familiar,%,Unidade da Federação,33,Rio de Janeiro,2018,Até 1.908 Reais,3.4 Refrigerantes e outras bebidas não alcoólicas,0.8,0.8
6972,1204,Distribuição da despesa monetária e não monetária média mensal familiar,%,Unidade da Federação,35,São Paulo,2018,Até 1.908 Reais,3.4 Refrigerantes e outras bebidas não alcoólicas,1.0,1.0
6972,1204,Distribuição da despesa monetária e não monetária média mensal familiar,%,Unidade da Federação,41,Paraná,2018,Até 1.908 Reais,3.4 Refrigerantes e outras bebidas não alcoólicas,0.6,0.6
6972,1204,Distribuição da despesa monetária e não monetária média mensal familiar,%,Unidade da Federação,42,Santa Catarina,2018,Até 1.908 Reais,3.4 Refrigerantes e outras bebidas não alcoólicas,0.9,0.9
6972,1204,Distribuição da despesa monetária e não monetária média mensal familiar,%,Unidade da Federação,43,Rio Grande do Sul,2018,Até 1.908 Reais,3.4 Refrigerantes e outras bebidas não alcoólicas,0.9,0.9
6972,1204,Distribuição da despesa monetária e não monetária média mensal familiar,%,Unidade da Federação,50,Mato Grosso do Sul,2018,Até 1.908 Reais,3.4 Refrigerantes e outras bebidas não alcoólicas,1.6,1.6
6972,1204,Distribuição da despesa monetária e não monetária média mensal familiar,%,Unidade da Federação,51,Mato Grosso,2018,Até 1.908 Reais,3.4 Refrigerantes e outras bebidas não alcoólicas,1.7,1.7
6972,1204,Distribuição da despesa monetária e não monetária média mensal familiar,%,Unidade da Federação,52,Goiás,2018,Até 1.908 Reais,3.4 Refrigerantes e outras bebidas não alcoólicas,0.8,0.8
6972,1204,Distribuição da despesa monetária e não monetária média mensal familiar,%,Unidade da Federação,53,Distrito Federal,2018,Até 1.908 Reais,3.4 Refrigerantes e outras bebidas não alcoólicas,0.8,0.8
6972,1204,Distribuição da despesa monetária e não monetária média mensal familiar,%,Brasil,1,Brasil,2018,Até 1.908 Reais,3.5 Lanches,2.0,2.0
6972,1204,Distribuição da despesa monetária e não monetária média mensal familiar,%,Unidade da Federação,11,Rondônia,2018,Até 1.908 Reais,3.5 Lanches,0.3,0.3
6972,1204,Distribuição da despesa monetária e não monetária média mensal familiar,%,Unidade da Federação,12,Acre,2018,Até 1.908 Reais,3.5 Lanches,2.4,2.4
6972,1204,Distribuição da despesa monetária e não monetária média mensal familiar,%,Unidade da Federação,13,Amazonas,2018,Até 1.908 Reais,3.5 Lanches,1.3,1.3
6972,1204,Distribuição da despesa monetária e não monetária média mensal familiar,%,Unidade da Federação,14,Roraima,2018,Até 1.908 Reais,3.5 Lanches,0.1,0.1
6972,1204,Distribuição da despesa monetária e não monetária média mensal familiar,%,Unidade da Federação,15,Pará,2018,Até 1.908 Reais,3.5 Lanches,1.0,1.0
6972,1204,Distribuição da despesa monetária e não monetária média mensal familiar,%,Unidade da Federação,16,Amapá,2018,Até 1.908 Reais,3.5 Lanches,1.1,1.1
6972,1204,Distribuição da despesa monetária e não monetária média mensal familiar,%,Unidade da Federação,17,Tocantins,2018,Até 1.908 Reais,3.5 Lanches,0.1,0.1
6972,1204,Distribuição da despesa monetária e não monetária média mensal familiar,%,Unidade da Federação,21,Maranhão,2018,Até 1.908 Reais,3.5 Lanches,1.4,1.4
6972,1204,Distribuição da despesa monetária e não monetária média mensal familiar,%,Unidade da Federação,22,Piauí,2018,Até 1.908 Reais,3.5 Lanches,5.6,5.6
6972,1204,Distribuição da despesa monetária e não monetária média mensal familiar,%,Unidade da Federação,23,Ceará,2018,Até 1.908 Reais,3.5 Lanches,1.6,1.6
6972,1204,Distribuição da despesa monetária e não monetária média mensal familiar,%,Unidade da Federação,24,Rio Grande do Norte,2018,Até 1.908 Reais,3.5 Lanches,4.2,4.2
6972,1204,Distribuição da despesa monetária e não monetária média mensal familiar,%,Unidade da Federação,25,Paraíba,2018,Até 1.908 Reais,3.5 Lanches,1.8,1.8
6972,1204,Distribuição da despesa monetária e não monetária média mensal familiar,%,Unidade da Federação,26,Pernambuco,2018,Até 1.908 Reais,3.5 Lanches,2.3,2.3
6972,1204,Distribuição da despesa monetária e não monetária média mensal familiar,%,Unidade da Federação,27,Alagoas,2018,Até 1.908 Reais,3.5 Lanches,2.5,2.5
6972,1204,Distribuição da despesa monetária e não monetária média mensal familiar,%,Unidade da Federação,28,Sergipe,2018,Até 1.908 Reais,3.5 Lanches,5.6,5.6
6972,1204,Distribuição da despesa monetária e não monetária média mensal familiar,%,Unidade da Federação,29,Bahia,2018,Até 1.908 Reais,3.5 Lanches,3.2,3.2
6972,1204,Distribuição da despesa monetária e não monetária média mensal familiar,%,Unidade da Federação,31,Minas Gerais,2018,Até 1.908 Reais,3.5 Lanches,1.7,1.7
6972,1204,Distribuição da despesa monetária e não monetária média mensal familiar,%,Unidade da Federação,32,Espírito Santo,2018,Até 1.908 Reais,3.5 Lanches,3.2,3.2
6972,1204,Distribuição da despesa monetária e não monetária média mensal familiar,%,Unidade da Federação,33,Rio de Janeiro,2018,Até 1.908 Reais,3.5 Lanches,0.6,0.6
6972,1204,Distribuição da despesa monetária e não monetária média mensal familiar,%,Unidade da Federação,35,São Paulo,2018,Até 1.908 Reais,3.5 Lanches,1.3,1.3
6972,1204,Distribuição da despesa monetária e não monetária média mensal familiar,%,Unidade da Federação,41,Paraná,2018,Até 1.908 Reais,3.5 Lanches,1.0,1.0
6972,1204,Distribuição da despesa monetária e não monetária média mensal familiar,%,Unidade da Federação,42,Santa Catarina,2018,Até 1.908 Reais,3.5 Lanches,0.4,0.4
6972,1204,Distribuição da despesa monetária e não monetária média mensal familiar,%,Unidade da Federação,43,Rio Grande do Sul,2018,Até 1.908 Reais,3.5 Lanches,0.7,0.7
6972,1204,Distribuição da despesa monetária e não monetária média mensal familiar,%,Unidade da Federação,50,Mato Grosso do Sul,2018,Até 1.908 Reais,3.5 Lanches,3.1,3.1
6972,1204,Distribuição da despesa monetária e não monetária média mensal familiar,%,Unidade da Federação,51,Mato Grosso,2018,Até 1.908 Reais,3.5 Lanches,1.3,1.3
6972,1204,Distribuição da despesa monetária e não monetária média mensal familiar,%,Unidade da Federação,52,Goiás,2018,Até 1.908 Reais,3.5 Lanches,2.9,2.9
6972,1204,Distribuição da despesa monetária e não monetária média mensal familiar,%,Unidade da Federação,53,Distrito Federal,2018,Até 1.908 Reais,3.5 Lanches,0.8,0.8
6972,1204,Distribuição da despesa monetária e não monetária média mensal familiar,%,Brasil,1,Brasil,2018,Até 1.908 Reais,"3.6 Cervejas, chopes e outras bebidas alcoólicas",1.5,1.5
6972,1204,Distribuição da despesa monetária e não monetária média mensal familiar,%,Unidade da Federação,11,Rondônia,2018,Até 1.908 Reais,"3.6 Cervejas, chopes e outras bebidas alcoólicas",0.3,0.3
6972,1204,Distribuição da despesa monetária e não monetária média mensal familiar,%,Unidade da Federação,12,Acre,2018,Até 1.908 Reais,"3.6 Cervejas, chopes e outras bebidas alcoólicas",2.5,2.5
6972,1204,Distribuição da despesa monetária e não monetária média mensal familiar,%,Unidade da Federação,13,Amazonas,2018,Até 1.908 Reais,"3.6 Cervejas, chopes e outras bebidas alcoólicas",1.3,1.3
6972,1204,Distribuição da despesa monetária e não monetária média mensal familiar,%,Unidade da Federação,14,Roraima,2018,Até 1.908 Reais,"3.6 Cervejas, chopes e outras bebidas alcoólicas",0.2,0.2
6972,1204,Distribuição da despesa monetária e não monetária média mensal familiar,%,Unidade da Federação,15,Pará,2018,Até 1.908 Reais,"3.6 Cervejas, chopes e outras bebidas alcoólicas",1.3,1.3
6972,1204,Distribuição da despesa monetária e não monetária média mensal familiar,%,Unidade da Federação,16,Amapá,2018,Até 1.908 Reais,"3.6 Cervejas, chopes e outras bebidas alcoólicas",1.4,1.4
6972,1204,Distribuição da despesa monetária e não monetária média mensal familiar,%,Unidade da Federação,17,Tocantins,2018,Até 1.908 Reais,"3.6 Cervejas, chopes e outras bebidas alcoólicas",4.4,4.4
6972,1204,Distribuição da despesa monetária e não monetária média mensal familiar,%,Unidade da Federação,21,Maranhão,2018,Até 1.908 Reais,"3.6 Cervejas, chopes e outras bebidas alcoólicas",2.3,2.3
6972,1204,Distribuição da despesa monetária e não monetária média mensal familiar,%,Unidade da Federação,22,Piauí,2018,Até 1.908 Reais,"3.6 Cervejas, chopes e outras bebidas alcoólicas",3.0,3.0
6972,1204,Distribuição da despesa monetária e não monetária média mensal familiar,%,Unidade da Federação,23,Ceará,2018,Até 1.908 Reais,"3.6 Cervejas, chopes e outras bebidas alcoólicas",0.8,0.8
6972,1204,Distribuição da despesa monetária e não monetária média mensal familiar,%,Unidade da Federação,24,Rio Grande do Norte,2018,Até 1.908 Reais,"3.6 Cervejas, chopes e outras bebidas alcoólicas",2.3,2.3
6972,1204,Distribuição da despesa monetária e não monetária média mensal familiar,%,Unidade da Federação,25,Paraíba,2018,Até 1.908 Reais,"3.6 Cervejas, chopes e outras bebidas alcoólicas",0.8,0.8
6972,1204,Distribuição da despesa monetária e não monetária média mensal familiar,%,Unidade da Federação,26,Pernambuco,2018,Até 1.908 Reais,"3.6 Cervejas, chopes e outras bebidas alcoólicas",1.1,1.1
6972,1204,Distribuição da despesa monetária e não monetária média mensal familiar,%,Unidade da Federação,27,Alagoas,2018,Até 1.908 Reais,"3.6 Cervejas, chopes e outras bebidas alcoólicas",1.4,1.4
6972,1204,Distribuição da despesa monetária e não monetária média mensal familiar,%,Unidade da Federação,28,Sergipe,2018,Até 1.908 Reais,"3.6 Cervejas, chopes e outras bebidas alcoólicas",1.8,1.8
6972,1204,Distribuição da despesa monetária e não monetária média mensal familiar,%,Unidade da Federação,29,Bahia,2018,Até 1.908 Reais,"3.6 Cervejas, chopes e outras bebidas alcoólicas",2.2,2.2
6972,1204,Distribuição da despesa monetária e não monetária média mensal familiar,%,Unidade da Federação,31,Minas Gerais,2018,Até 1.908 Reais,"3.6 Cervejas, chopes e outras bebidas alcoólicas",1.1,1.1
6972,1204,Distribuição da despesa monetária e não monetária média mensal familiar,%,Unidade da Federação,32,Espírito Santo,2018,Até 1.908 Reais,"3.6 Cervejas, chopes e outras bebidas alcoólicas",1.9,1.9
6972,1204,Distribuição da despesa monetária e não monetária média mensal familiar,%,Unidade da Federação,33,Rio de Janeiro,2018,Até 1.908 Reais,"3.6 Cervejas, chopes e outras bebidas alcoólicas",1.3,1.3
6972,1204,Distribuição da despesa monetária e não monetária média mensal familiar,%,Unidade da Federação,35,São Paulo,2018,Até 1.908 Reais,"3.6 Cervejas, chopes e outras bebidas alcoólicas",0.8,0.8
6972,1204,Distribuição da despesa monetária e não monetária média mensal familiar,%,Unidade da Federação,41,Paraná,2018,Até 1.908 Reais,"3.6 Cervejas, chopes e outras bebidas alcoólicas",1.1,1.1
6972,1204,Distribuição da despesa monetária e não monetária média mensal familiar,%,Unidade da Federação,42,Santa Catarina,2018,Até 1.908 Reais,"3.6 Cervejas, chopes e outras bebidas alcoólicas",2.6,2.6
6972,1204,Distribuição da despesa monetária e não monetária média mensal familiar,%,Unidade da Federação,43,Rio Grande do Sul,2018,Até 1.908 Reais,"3.6 Cervejas, chopes e outras bebidas alcoólicas",1.8,1.8
6972,1204,Distribuição da despesa monetária e não monetária média mensal familiar,%,Unidade da Federação,50,Mato Grosso do Sul,2018,Até 1.908 Reais,"3.6 Cervejas, chopes e outras bebidas alcoólicas",2.1,2.1
6972,1204,Distribuição da despesa monetária e não monetária média mensal familiar,%,Unidade da Federação,51,Mato Grosso,2018,Até 1.908 Reais,"3.6 Cervejas, chopes e outras bebidas alcoólicas",1.1,1.1
6972,1204,Distribuição da despesa monetária e não monetária média mensal familiar,%,Unidade da Federação,52,Goiás,2018,Até 1.908 Reais,"3.6 Cervejas, chopes e outras bebidas alcoólicas",0.5,0.5
6972,1204,Distribuição da despesa monetária e não monetária média mensal familiar,%,Unidade da Federação,53,Distrito Federal,2018,Até 1.908 Reais,"3.6 Cervejas, chopes e outras bebidas alcoólicas",2.1,2.1
6972,1204,Distribuição da despesa monetária e não monetária média mensal familiar,%,Brasil,1,Brasil,2018,Até 1.908 Reais,3.8 Alimentação fora do domicílio - light e diet,0.0,0.0
6972,1204,Distribuição da despesa monetária e não monetária média mensal familiar,%,Unidade da Federação,11,Rondônia,2018,Até 1.908 Reais,3.8 Alimentação fora do domicílio - light e diet,-,0.0
6972,1204,Distribuição da despesa monetária e não monetária média mensal familiar,%,Unidade da Federação,12,Acre,2018,Até 1.908 Reais,3.8 Alimentação fora do domicílio - light e diet,-,0.0
6972,1204,Distribuição da despesa monetária e não monetária média mensal familiar,%,Unidade da Federação,13,Amazonas,2018,Até 1.908 Reais,3.8 Alimentação fora do domicílio - light e diet,-,0.0
6972,1204,Distribuição da despesa monetária e não monetária média mensal familiar,%,Unidade da Federação,14,Roraima,2018,Até 1.908 Reais,3.8 Alimentação fora do domicílio - light e diet,-,0.0
6972,1204,Distribuição da despesa monetária e não monetária média mensal familiar,%,Unidade da Federação,15,Pará,2018,Até 1.908 Reais,3.8 Alimentação fora do domicílio - light e diet,0.0,0.0
6972,1204,Distribuição da despesa monetária e não monetária média mensal familiar,%,Unidade da Federação,16,Amapá,2018,Até 1.908 Reais,3.8 Alimentação fora do domicílio - light e diet,-,0.0
6972,1204,Distribuição da despesa monetária e não monetária média mensal familiar,%,Unidade da Federação,17,Tocantins,2018,Até 1.908 Reais,3.8 Alimentação fora do domicílio - light e diet,0.1,0.1
6972,1204,Distribuição da despesa monetária e não monetária média mensal familiar,%,Unidade da Federação,21,Maranhão,2018,Até 1.908 Reais,3.8 Alimentação fora do domicílio - light e diet,0.0,0.0
6972,1204,Distribuição da despesa monetária e não monetária média mensal familiar,%,Unidade da Federação,22,Piauí,2018,Até 1.908 Reais,3.8 Alimentação fora do domicílio - light e diet,0.0,0.0
6972,1204,Distribuição da despesa monetária e não monetária média mensal familiar,%,Unidade da Federação,23,Ceará,2018,Até 1.908 Reais,3.8 Alimentação fora do domicílio - light e diet,0.0,0.0
6972,1204,Distribuição da despesa monetária e não monetária média mensal familiar,%,Unidade da Federação,24,Rio Grande do Norte,2018,Até 1.908 Reais,3.8 Alimentação fora do domicílio - light e diet,-,0.0
6972,1204,Distribuição da despesa monetária e não monetária média mensal familiar,%,Unidade da Federação,25,Paraíba,2018,Até 1.908 Reais,3.8 Alimentação fora do domicílio - light e diet,-,0.0
6972,1204,Distribuição da despesa monetária e não monetária média mensal familiar,%,Unidade da Federação,26,Pernambuco,2018,Até 1.908 Reais,3.8 Alimentação fora do domicílio - light e diet,0.0,0.0
6972,1204,Distribuição da despesa monetária e não monetária média mensal familiar,%,Unidade da Federação,27,Alagoas,2018,Até 1.908 Reais,3.8 Alimentação fora do domicílio - light e diet,0.0,0.0
6972,1204,Distribuição da despesa monetária e não monetária média mensal familiar,%,Unidade da Federação,28,Sergipe,2018,Até 1.908 Reais,3.8 Alimentação fora do domicílio - light e diet,-,0.0
6972,1204,Distribuição da despesa monetária e não monetária média mensal familiar,%,Unidade da Federação,29,Bahia,2018,Até 1.908 Reais,3.8 Alimentação fora do domicílio - light e diet,0.0,0.0
6972,1204,Distribuição da despesa monetária e não monetária média mensal familiar,%,Unidade da Federação,31,Minas Gerais,2018,Até 1.908 Reais,3.8 Alimentação fora do domicílio - light e diet,0.0,0.0
6972,1204,Distribuição da despesa monetária e não monetária média mensal familiar,%,Unidade da Federação,32,Espírito Santo,2018,Até 1.908 Reais,3.8 Alimentação fora do domicílio - light e diet,-,0.0
6972,1204,Distribuição da despesa monetária e não monetária média mensal familiar,%,Unidade da Federação,33,Rio de Janeiro,2018,Até 1.908 Reais,3.8 Alimentação fora do domicílio - light e diet,-,0.0
6972,1204,Distribuição da despesa monetária e não monetária média mensal familiar,%,Unidade da Federação,35,São Paulo,2018,Até 1.908 Reais,3.8 Alimentação fora do domicílio - light e diet,-,0.0
6972,1204,Distribuição da despesa monetária e não monetária média mensal familiar,%,Unidade da Federação,41,Paraná,2018,Até 1.908 Reais,3.8 Alimentação fora do domicílio - light e diet,-,0.0
6972,1204,Distribuição da despesa monetária e não monetária média mensal familiar,%,Unidade da Federação,42,Santa Catarina,2018,Até 1.908 Reais,3.8 Alimentação fora do domicílio - light e diet,-,0.0
6972,1204,Distribuição da despesa monetária e não monetária média mensal familiar,%,Unidade da Federação,43,Rio Grande do Sul,2018,Até 1.908 Reais,3.8 Alimentação fora do domicílio - light e diet,-,0.0
6972,1204,Distribuição da despesa monetária e não monetária média mensal familiar,%,Unidade da Federação,50,Mato Grosso do Sul,2018,Até 1.908 Reais,3.8 Alimentação fora do domicílio - light e diet,0.0,0.0
6972,1204,Distribuição da despesa monetária e não monetária média mensal familiar,%,Unidade da Federação,51,Mato Grosso,2018,Até 1.908 Reais,3.8 Alimentação fora do domicílio - light e diet,0.0,0.0
6972,1204,Distribuição da despesa monetária e não monetária média mensal familiar,%,Unidade da Federação,52,Goiás,2018,Até 1.908 Reais,3.8 Alimentação fora do domicílio - light e diet,-,0.0
6972,1204,Distribuição da despesa monetária e não monetária média mensal familiar,%,Unidade da Federação,53,Distrito Federal,2018,Até 1.908 Reais,3.8 Alimentação fora do domicílio - light e diet,-,0.0
6972,1204,Distribuição da despesa monetária e não monetária média mensal familiar,%,Brasil,1,Brasil,2018,Até 1.908 Reais,3.9 Outras,2.1,2.1
6972,1204,Distribuição da despesa monetária e não monetária média mensal familiar,%,Unidade da Federação,11,Rondônia,2018,Até 1.908 Reais,3.9 Outras,0.8,0.8
6972,1204,Distribuição da despesa monetária e não monetária média mensal familiar,%,Unidade da Federação,12,Acre,2018,Até 1.908 Reais,3.9 Outras,1.4,1.4
6972,1204,Distribuição da despesa monetária e não monetária média mensal familiar,%,Unidade da Federação,13,Amazonas,2018,Até 1.908 Reais,3.9 Outras,0.6,0.6
6972,1204,Distribuição da despesa monetária e não monetária média mensal familiar,%,Unidade da Federação,14,Roraima,2018,Até 1.908 Reais,3.9 Outras,1.6,1.6
6972,1204,Distribuição da despesa monetária e não monetária média mensal familiar,%,Unidade da Federação,15,Pará,2018,Até 1.908 Reais,3.9 Outras,0.5,0.5
6972,1204,Distribuição da despesa monetária e não monetária média mensal familiar,%,Unidade da Federação,16,Amapá,2018,Até 1.908 Reais,3.9 Outras,1.0,1.0
6972,1204,Distribuição da despesa monetária e não monetária média mensal familiar,%,Unidade da Federação,17,Tocantins,2018,Até 1.908 Reais,3.9 Outras,1.3,1.3
6972,1204,Distribuição da despesa monetária e não monetária média mensal familiar,%,Unidade da Federação,21,Maranhão,2018,Até 1.908 Reais,3.9 Outras,0.6,0.6
6972,1204,Distribuição da despesa monetária e não monetária média mensal familiar,%,Unidade da Federação,22,Piauí,2018,Até 1.908 Reais,3.9 Outras,1.8,1.8
6972,1204,Distribuição da despesa monetária e não monetária média mensal familiar,%,Unidade da Federação,23,Ceará,2018,Até 1.908 Reais,3.9 Outras,1.0,1.0
6972,1204,Distribuição da despesa monetária e não monetária média mensal familiar,%,Unidade da Federação,24,Rio Grande do Norte,2018,Até 1.908 Reais,3.9 Outras,3.1,3.1
6972,1204,Distribuição da despesa monetária e não monetária média mensal familiar,%,Unidade da Federação,25,Paraíba,2018,Até 1.908 Reais,3.9 Outras,0.9,0.9
6972,1204,Distribuição da despesa monetária e não monetária média mensal familiar,%,Unidade da Federação,26,Pernambuco,2018,Até 1.908 Reais,3.9 Outras,0.9,0.9
6972,1204,Distribuição da despesa monetária e não monetária média mensal familiar,%,Unidade da Federação,27,Alagoas,2018,Até 1.908 Reais,3.9 Outras,0.8,0.8
6972,1204,Distribuição da despesa monetária e não monetária média mensal familiar,%,Unidade da Federação,28,Sergipe,2018,Até 1.908 Reais,3.9 Outras,1.9,1.9
6972,1204,Distribuição da despesa monetária e não monetária média mensal familiar,%,Unidade da Federação,29,Bahia,2018,Até 1.908 Reais,3.9 Outras,2.2,2.2
6972,1204,Distribuição da despesa monetária e não monetária média mensal familiar,%,Unidade da Federação,31,Minas Gerais,2018,Até 1.908 Reais,3.9 Outras,8.9,8.9
6972,1204,Distribuição da despesa monetária e não monetária média mensal familiar,%,Unidade da Federação,32,Espírito Santo,2018,Até 1.908 Reais,3.9 Outras,1.0,1.0
6972,1204,Distribuição da despesa monetária e não monetária média mensal familiar,%,Unidade da Federação,33,Rio de Janeiro,2018,Até 1.908 Reais,3.9 Outras,0.4,0.4
6972,1204,Distribuição da despesa monetária e não monetária média mensal familiar,%,Unidade da Federação,35,São Paulo,2018,Até 1.908 Reais,3.9 Outras,2.5,2.5
6972,1204,Distribuição da despesa monetária e não monetária média mensal familiar,%,Unidade da Federação,41,Paraná,2018,Até 1.908 Reais,3.9 Outras,1.3,1.3
6972,1204,Distribuição da despesa monetária e não monetária média mensal familiar,%,Unidade da Federação,42,Santa Catarina,2018,Até 1.908 Reais,3.9 Outras,2.2,2.2
6972,1204,Distribuição da despesa monetária e não monetária média mensal familiar,%,Unidade da Federação,43,Rio Grande do Sul,2018,Até 1.908 Reais,3.9 Outras,1.3,1.3
6972,1204,Distribuição da despesa monetária e não monetária média mensal familiar,%,Unidade da Federação,50,Mato Grosso do Sul,2018,Até 1.908 Reais,3.9 Outras,2.7,2.7
6972,1204,Distribuição da despesa monetária e não monetária média mensal familiar,%,Unidade da Federação,51,Mato Grosso,2018,Até 1.908 Reais,3.9 Outras,6.8,6.8
6972,1204,Distribuição da despesa monetária e não monetária média mensal familiar,%,Unidade da Federação,52,Goiás,2018,Até 1.908 Reais,3.9 Outras,1.7,1.7
6972,1204,Distribuição da despesa monetária e não monetária média mensal familiar,%,Unidade da Federação,53,Distrito Federal,2018,Até 1.908 Reais,3.9 Outras,1.2,1.2
6972,1204,Distribuição da despesa monetária e não monetária média mensal familiar,%,Brasil,1,Brasil,2018,Mais de 1.908 a 2.862 Reais,1 Despesas com alimentação,100.0,100.0
6972,1204,Distribuição da despesa monetária e não monetária média mensal familiar,%,Unidade da Federação,11,Rondônia,2018,Mais de 1.908 a 2.862 Reais,1 Despesas com alimentação,100.0,100.0
6972,1204,Distribuição da despesa monetária e não monetária média mensal familiar,%,Unidade da Federação,12,Acre,2018,Mais de 1.908 a 2.862 Reais,1 Despesas com alimentação,100.0,100.0
6972,1204,Distribuição da despesa monetária e não monetária média mensal familiar,%,Unidade da Federação,13,Amazonas,2018,Mais de 1.908 a 2.862 Reais,1 Despesas com alimentação,100.0,100.0
6972,1204,Distribuição da despesa monetária e não monetária média mensal familiar,%,Unidade da Federação,14,Roraima,2018,Mais de 1.908 a 2.862 Reais,1 Despesas com alimentação,100.0,100.0
6972,1204,Distribuição da despesa monetária e não monetária média mensal familiar,%,Unidade da Federação,15,Pará,2018,Mais de 1.908 a 2.862 Reais,1 Despesas com alimentação,100.0,100.0
6972,1204,Distribuição da despesa monetária e não monetária média mensal familiar,%,Unidade da Federação,16,Amapá,2018,Mais de 1.908 a 2.862 Reais,1 Despesas com alimentação,100.0,100.0
6972,1204,Distribuição da despesa monetária e não monetária média mensal familiar,%,Unidade da Federação,17,Tocantins,2018,Mais de 1.908 a 2.862 Reais,1 Despesas com alimentação,100.0,100.0
6972,1204,Distribuição da despesa monetária e não monetária média mensal familiar,%,Unidade da Federação,21,Maranhão,2018,Mais de 1.908 a 2.862 Reais,1 Despesas com alimentação,100.0,100.0
6972,1204,Distribuição da despesa monetária e não monetária média mensal familiar,%,Unidade da Federação,22,Piauí,2018,Mais de 1.908 a 2.862 Reais,1 Despesas com alimentação,100.0,100.0
6972,1204,Distribuição da despesa monetária e não monetária média mensal familiar,%,Unidade da Federação,23,Ceará,2018,Mais de 1.908 a 2.862 Reais,1 Despesas com alimentação,100.0,100.0
6972,1204,Distribuição da despesa monetária e não monetária média mensal familiar,%,Unidade da Federação,24,Rio Grande do Norte,2018,Mais de 1.908 a 2.862 Reais,1 Despesas com alimentação,100.0,100.0
6972,1204,Distribuição da despesa monetária e não monetária média mensal familiar,%,Unidade da Federação,25,Paraíba,2018,Mais de 1.908 a 2.862 Reais,1 Despesas com alimentação,100.0,100.0
6972,1204,Distribuição da despesa monetária e não monetária média mensal familiar,%,Unidade da Federação,26,Pernambuco,2018,Mais de 1.908 a 2.862 Reais,1 Despesas com alimentação,100.0,100.0
6972,1204,Distribuição da despesa monetária e não monetária média mensal familiar,%,Unidade da Federação,27,Alagoas,2018,Mais de 1.908 a 2.862 Reais,1 Despesas com alimentação,100.0,100.0
6972,1204,Distribuição da despesa monetária e não monetária média mensal familiar,%,Unidade da Federação,28,Sergipe,2018,Mais de 1.908 a 2.862 Reais,1 Despesas com alimentação,100.0,100.0
6972,1204,Distribuição da despesa monetária e não monetária média mensal familiar,%,Unidade da Federação,29,Bahia,2018,Mais de 1.908 a 2.862 Reais,1 Despesas com alimentação,100.0,100.0
6972,1204,Distribuição da despesa monetária e não monetária média mensal familiar,%,Unidade da Federação,31,Minas Gerais,2018,Mais de 1.908 a 2.862 Reais,1 Despesas com alimentação,100.0,100.0
6972,1204,Distribuição da despesa monetária e não monetária média mensal familiar,%,Unidade da Federação,32,Espírito Santo,2018,Mais de 1.908 a 2.862 Reais,1 Despesas com alimentação,100.0,100.0
6972,1204,Distribuição da despesa monetária e não monetária média mensal familiar,%,Unidade da Federação,33,Rio de Janeiro,2018,Mais de 1.908 a 2.862 Reais,1 Despesas com alimentação,100.0,100.0
6972,1204,Distribuição da despesa monetária e não monetária média mensal familiar,%,Unidade da Federação,35,São Paulo,2018,Mais de 1.908 a 2.862 Reais,1 Despesas com alimentação,100.0,100.0
6972,1204,Distribuição da despesa monetária e não monetária média mensal familiar,%,Unidade da Federação,41,Paraná,2018,Mais de 1.908 a 2.862 Reais,1 Despesas com alimentação,100.0,100.0
6972,1204,Distribuição da despesa monetária e não monetária média mensal familiar,%,Unidade da Federação,42,Santa Catarina,2018,Mais de 1.908 a 2.862 Reais,1 Despesas com alimentação,100.0,100.0
6972,1204,Distribuição da despesa monetária e não monetária média mensal familiar,%,Unidade da Federação,43,Rio Grande do Sul,2018,Mais de 1.908 a 2.862 Reais,1 Despesas com alimentação,100.0,100.0
6972,1204,Distribuição da despesa monetária e não monetária média mensal familiar,%,Unidade da Federação,50,Mato Grosso do Sul,2018,Mais de 1.908 a 2.862 Reais,1 Despesas com alimentação,100.0,100.0
6972,1204,Distribuição da despesa monetária e não monetária média mensal familiar,%,Unidade da Federação,51,Mato Grosso,2018,Mais de 1.908 a 2.862 Reais,1 Despesas com alimentação,100.0,100.0
6972,1204,Distribuição da despesa monetária e não monetária média mensal familiar,%,Unidade da Federação,52,Goiás,2018,Mais de 1.908 a 2.862 Reais,1 Despesas com alimentação,100.0,100.0
6972,1204,Distribuição da despesa monetária e não monetária média mensal familiar,%,Unidade da Federação,53,Distrito Federal,2018,Mais de 1.908 a 2.862 Reais,1 Despesas com alimentação,100.0,100.0
6972,1204,Distribuição da despesa monetária e não monetária média mensal familiar,%,Brasil,1,Brasil,2018,Mais de 1.908 a 2.862 Reais,3 Alimentação fora do domicílio,25.7,25.7
6972,1204,Distribuição da despesa monetária e não monetária média mensal familiar,%,Unidade da Federação,11,Rondônia,2018,Mais de 1.908 a 2.862 Reais,3 Alimentação fora do domicílio,31.7,31.7
6972,1204,Distribuição da despesa monetária e não monetária média mensal familiar,%,Unidade da Federação,12,Acre,2018,Mais de 1.908 a 2.862 Reais,3 Alimentação fora do domicílio,29.7,29.7
6972,1204,Distribuição da despesa monetária e não monetária média mensal familiar,%,Unidade da Federação,13,Amazonas,2018,Mais de 1.908 a 2.862 Reais,3 Alimentação fora do domicílio,16.5,16.5
6972,1204,Distribuição da despesa monetária e não monetária média mensal familiar,%,Unidade da Federação,14,Roraima,2018,Mais de 1.908 a 2.862 Reais,3 Alimentação fora do domicílio,12.4,12.4
6972,1204,Distribuição da despesa monetária e não monetária média mensal familiar,%,Unidade da Federação,15,Pará,2018,Mais de 1.908 a 2.862 Reais,3 Alimentação fora do domicílio,17.0,17.0
6972,1204,Distribuição da despesa monetária e não monetária média mensal familiar,%,Unidade da Federação,16,Amapá,2018,Mais de 1.908 a 2.862 Reais,3 Alimentação fora do domicílio,17.4,17.4
6972,1204,Distribuição da despesa monetária e não monetária média mensal familiar,%,Unidade da Federação,17,Tocantins,2018,Mais de 1.908 a 2.862 Reais,3 Alimentação fora do domicílio,20.4,20.4
6972,1204,Distribuição da despesa monetária e não monetária média mensal familiar,%,Unidade da Federação,21,Maranhão,2018,Mais de 1.908 a 2.862 Reais,3 Alimentação fora do domicílio,19.1,19.1
6972,1204,Distribuição da despesa monetária e não monetária média mensal familiar,%,Unidade da Federação,22,Piauí,2018,Mais de 1.908 a 2.862 Reais,3 Alimentação fora do domicílio,31.9,31.9
6972,1204,Distribuição da despesa monetária e não monetária média mensal familiar,%,Unidade da Federação,23,Ceará,2018,Mais de 1.908 a 2.862 Reais,3 Alimentação fora do domicílio,22.8,22.8
6972,1204,Distribuição da despesa monetária e não monetária média mensal familiar,%,Unidade da Federação,24,Rio Grande do Norte,2018,Mais de 1.908 a 2.862 Reais,3 Alimentação fora do domicílio,27.4,27.4
6972,1204,Distribuição da despesa monetária e não monetária média mensal familiar,%,Unidade da Federação,25,Paraíba,2018,Mais de 1.908 a 2.862 Reais,3 Alimentação fora do domicílio,19.5,19.5
6972,1204,Distribuição da despesa monetária e não monetária média mensal familiar,%,Unidade da Federação,26,Pernambuco,2018,Mais de 1.908 a 2.862 Reais,3 Alimentação fora do domicílio,27.0,27.0
6972,1204,Distribuição da despesa monetária e não monetária média mensal familiar,%,Unidade da Federação,27,Alagoas,2018,Mais de 1.908 a 2.862 Reais,3 Alimentação fora do domicílio,17.3,17.3
6972,1204,Distribuição da despesa monetária e não monetária média mensal familiar,%,Unidade da Federação,28,Sergipe,2018,Mais de 1.908 a 2.862 Reais,3 Alimentação fora do domicílio,47.2,47.2
6972,1204,Distribuição da despesa monetária e não monetária média mensal familiar,%,Unidade da Federação,29,Bahia,2018,Mais de 1.908 a 2.862 Reais,3 Alimentação fora do domicílio,30.7,30.7
6972,1204,Distribuição da despesa monetária e não monetária média mensal familiar,%,Unidade da Federação,31,Minas Gerais,2018,Mais de 1.908 a 2.862 Reais,3 Alimentação fora do domicílio,34.0,34.0
6972,1204,Distribuição da despesa monetária e não monetária média mensal familiar,%,Unidade da Federação,32,Espírito Santo,2018,Mais de 1.908 a 2.862 Reais,3 Alimentação fora do domicílio,27.7,27.7
6972,1204,Distribuição da despesa monetária e não monetária média mensal familiar,%,Unidade da Federação,33,Rio de Janeiro,2018,Mais de 1.908 a 2.862 Reais,3 Alimentação fora do domicílio,18.4,18.4
6972,1204,Distribuição da despesa monetária e não monetária média mensal familiar,%,Unidade da Federação,35,São Paulo,2018,Mais de 1.908 a 2.862 Reais,3 Alimentação fora do domicílio,23.1,23.1
6972,1204,Distribuição da despesa monetária e não monetária média mensal familiar,%,Unidade da Federação,41,Paraná,2018,Mais de 1.908 a 2.862 Reais,3 Alimentação fora do domicílio,24.0,24.0
6972,1204,Distribuição da despesa monetária e não monetária média mensal familiar,%,Unidade da Federação,42,Santa Catarina,2018,Mais de 1.908 a 2.862 Reais,3 Alimentação fora do domicílio,17.9,17.9
6972,1204,Distribuição da despesa monetária e não monetária média mensal familiar,%,Unidade da Federação,43,Rio Grande do Sul,2018,Mais de 1.908 a 2.862 Reais,3 Alimentação fora do domicílio,21.6,21.6
6972,1204,Distribuição da despesa monetária e não monetária média mensal familiar,%,Unidade da Federação,50,Mato Grosso do Sul,2018,Mais de 1.908 a 2.862 Reais,3 Alimentação fora do domicílio,39.2,39.2
6972,1204,Distribuição da despesa monetária e não monetária média mensal familiar,%,Unidade da Federação,51,Mato Grosso,2018,Mais de 1.908 a 2.862 Reais,3 Alimentação fora do domicílio,41.0,41.0
6972,1204,Distribuição da despesa monetária e não monetária média mensal familiar,%,Unidade da Federação,52,Goiás,2018,Mais de 1.908 a 2.862 Reais,3 Alimentação fora do domicílio,28.5,28.5
6972,1204,Distribuição da despesa monetária e não monetária média mensal familiar,%,Unidade da Federação,53,Distrito Federal,2018,Mais de 1.908 a 2.862 Reais,3 Alimentação fora do domicílio,24.7,24.7
6972,1204,Distribuição da despesa monetária e não monetária média mensal familiar,%,Brasil,1,Brasil,2018,Mais de 1.908 a 2.862 Reais,3.1 Almoço e jantar,15.0,15.0
6972,1204,Distribuição da despesa monetária e não monetária média mensal familiar,%,Unidade da Federação,11,Rondônia,2018,Mais de 1.908 a 2.862 Reais,3.1 Almoço e jantar,20.0,20.0
6972,1204,Distribuição da despesa monetária e não monetária média mensal familiar,%,Unidade da Federação,12,Acre,2018,Mais de 1.908 a 2.862 Reais,3.1 Almoço e jantar,16.7,16.7
6972,1204,Distribuição da despesa monetária e não monetária média mensal familiar,%,Unidade da Federação,13,Amazonas,2018,Mais de 1.908 a 2.862 Reais,3.1 Almoço e jantar,10.6,10.6
6972,1204,Distribuição da despesa monetária e não monetária média mensal familiar,%,Unidade da Federação,14,Roraima,2018,Mais de 1.908 a 2.862 Reais,3.1 Almoço e jantar,9.0,9.0
6972,1204,Distribuição da despesa monetária e não monetária média mensal familiar,%,Unidade da Federação,15,Pará,2018,Mais de 1.908 a 2.862 Reais,3.1 Almoço e jantar,9.6,9.6
6972,1204,Distribuição da despesa monetária e não monetária média mensal familiar,%,Unidade da Federação,16,Amapá,2018,Mais de 1.908 a 2.862 Reais,3.1 Almoço e jantar,9.4,9.4
6972,1204,Distribuição da despesa monetária e não monetária média mensal familiar,%,Unidade da Federação,17,Tocantins,2018,Mais de 1.908 a 2.862 Reais,3.1 Almoço e jantar,5.7,5.7
6972,1204,Distribuição da despesa monetária e não monetária média mensal familiar,%,Unidade da Federação,21,Maranhão,2018,Mais de 1.908 a 2.862 Reais,3.1 Almoço e jantar,12.9,12.9
6972,1204,Distribuição da despesa monetária e não monetária média mensal familiar,%,Unidade da Federação,22,Piauí,2018,Mais de 1.908 a 2.862 Reais,3.1 Almoço e jantar,19.4,19.4
6972,1204,Distribuição da despesa monetária e não monetária média mensal familiar,%,Unidade da Federação,23,Ceará,2018,Mais de 1.908 a 2.862 Reais,3.1 Almoço e jantar,16.0,16.0
6972,1204,Distribuição da despesa monetária e não monetária média mensal familiar,%,Unidade da Federação,24,Rio Grande do Norte,2018,Mais de 1.908 a 2.862 Reais,3.1 Almoço e jantar,14.1,14.1
6972,1204,Distribuição da despesa monetária e não monetária média mensal familiar,%,Unidade da Federação,25,Paraíba,2018,Mais de 1.908 a 2.862 Reais,3.1 Almoço e jantar,12.3,12.3
6972,1204,Distribuição da despesa monetária e não monetária média mensal familiar,%,Unidade da Federação,26,Pernambuco,2018,Mais de 1.908 a 2.862 Reais,3.1 Almoço e jantar,16.6,16.6
6972,1204,Distribuição da despesa monetária e não monetária média mensal familiar,%,Unidade da Federação,27,Alagoas,2018,Mais de 1.908 a 2.862 Reais,3.1 Almoço e jantar,9.8,9.8
6972,1204,Distribuição da despesa monetária e não monetária média mensal familiar,%,Unidade da Federação,28,Sergipe,2018,Mais de 1.908 a 2.862 Reais,3.1 Almoço e jantar,28.9,28.9
6972,1204,Distribuição da despesa monetária e não monetária média mensal familiar,%,Unidade da Federação,29,Bahia,2018,Mais de 1.908 a 2.862 Reais,3.1 Almoço e jantar,18.0,18.0
6972,1204,Distribuição da despesa monetária e não monetária média mensal familiar,%,Unidade da Federação,31,Minas Gerais,2018,Mais de 1.908 a 2.862 Reais,3.1 Almoço e jantar,16.0,16.0
6972,1204,Distribuição da despesa monetária e não monetária média mensal familiar,%,Unidade da Federação,32,Espírito Santo,2018,Mais de 1.908 a 2.862 Reais,3.1 Almoço e jantar,12.1,12.1
6972,1204,Distribuição da despesa monetária e não monetária média mensal familiar,%,Unidade da Federação,33,Rio de Janeiro,2018,Mais de 1.908 a 2.862 Reais,3.1 Almoço e jantar,12.4,12.4
6972,1204,Distribuição da despesa monetária e não monetária média mensal familiar,%,Unidade da Federação,35,São Paulo,2018,Mais de 1.908 a 2.862 Reais,3.1 Almoço e jantar,13.8,13.8
6972,1204,Distribuição da despesa monetária e não monetária média mensal familiar,%,Unidade da Federação,41,Paraná,2018,Mais de 1.908 a 2.862 Reais,3.1 Almoço e jantar,14.3,14.3
6972,1204,Distribuição da despesa monetária e não monetária média mensal familiar,%,Unidade da Federação,42,Santa Catarina,2018,Mais de 1.908 a 2.862 Reais,3.1 Almoço e jantar,9.3,9.3
6972,1204,Distribuição da despesa monetária e não monetária média mensal familiar,%,Unidade da Federação,43,Rio Grande do Sul,2018,Mais de 1.908 a 2.862 Reais,3.1 Almoço e jantar,15.4,15.4
6972,1204,Distribuição da despesa monetária e não monetária média mensal familiar,%,Unidade da Federação,50,Mato Grosso do Sul,2018,Mais de 1.908 a 2.862 Reais,3.1 Almoço e jantar,22.8,22.8
6972,1204,Distribuição da despesa monetária e não monetária média mensal familiar,%,Unidade da Federação,51,Mato Grosso,2018,Mais de 1.908 a 2.862 Reais,3.1 Almoço e jantar,21.2,21.2
6972,1204,Distribuição da despesa monetária e não monetária média mensal familiar,%,Unidade da Federação,52,Goiás,2018,Mais de 1.908 a 2.862 Reais,3.1 Almoço e jantar,18.1,18.1
6972,1204,Distribuição da despesa monetária e não monetária média mensal familiar,%,Unidade da Federação,53,Distrito Federal,2018,Mais de 1.908 a 2.862 Reais,3.1 Almoço e jantar,18.6,18.6
6972,1204,Distribuição da despesa monetária e não monetária média mensal familiar,%,Brasil,1,Brasil,2018,Mais de 1.908 a 2.862 Reais,"3.2 Café, leite, café/leite e chocolate",0.3,0.3
6972,1204,Distribuição da despesa monetária e não monetária média mensal familiar,%,Unidade da Federação,11,Rondônia,2018,Mais de 1.908 a 2.862 Reais,"3.2 Café, leite, café/leite e chocolate",0.5,0.5
6972,1204,Distribuição da despesa monetária e não monetária média mensal familiar,%,Unidade da Federação,12,Acre,2018,Mais de 1.908 a 2.862 Reais,"3.2 Café, leite, café/leite e chocolate",0.6,0.6
6972,1204,Distribuição da despesa monetária e não monetária média mensal familiar,%,Unidade da Federação,13,Amazonas,2018,Mais de 1.908 a 2.862 Reais,"3.2 Café, leite, café/leite e chocolate",0.1,0.1
6972,1204,Distribuição da despesa monetária e não monetária média mensal familiar,%,Unidade da Federação,14,Roraima,2018,Mais de 1.908 a 2.862 Reais,"3.2 Café, leite, café/leite e chocolate",-,0.0
6972,1204,Distribuição da despesa monetária e não monetária média mensal familiar,%,Unidade da Federação,15,Pará,2018,Mais de 1.908 a 2.862 Reais,"3.2 Café, leite, café/leite e chocolate",0.2,0.2
6972,1204,Distribuição da despesa monetária e não monetária média mensal familiar,%,Unidade da Federação,16,Amapá,2018,Mais de 1.908 a 2.862 Reais,"3.2 Café, leite, café/leite e chocolate",0.3,0.3
6972,1204,Distribuição da despesa monetária e não monetária média mensal familiar,%,Unidade da Federação,17,Tocantins,2018,Mais de 1.908 a 2.862 Reais,"3.2 Café, leite, café/leite e chocolate",-,0.0
6972,1204,Distribuição da despesa monetária e não monetária média mensal familiar,%,Unidade da Federação,21,Maranhão,2018,Mais de 1.908 a 2.862 Reais,"3.2 Café, leite, café/leite e chocolate",0.2,0.2
6972,1204,Distribuição da despesa monetária e não monetária média mensal familiar,%,Unidade da Federação,22,Piauí,2018,Mais de 1.908 a 2.862 Reais,"3.2 Café, leite, café/leite e chocolate",0.4,0.4
6972,1204,Distribuição da despesa monetária e não monetária média mensal familiar,%,Unidade da Federação,23,Ceará,2018,Mais de 1.908 a 2.862 Reais,"3.2 Café, leite, café/leite e chocolate",0.3,0.3
6972,1204,Distribuição da despesa monetária e não monetária média mensal familiar,%,Unidade da Federação,24,Rio Grande do Norte,2018,Mais de 1.908 a 2.862 Reais,"3.2 Café, leite, café/leite e chocolate",0.2,0.2
6972,1204,Distribuição da despesa monetária e não monetária média mensal familiar,%,Unidade da Federação,25,Paraíba,2018,Mais de 1.908 a 2.862 Reais,"3.2 Café, leite, café/leite e chocolate",0.1,0.1
6972,1204,Distribuição da despesa monetária e não monetária média mensal familiar,%,Unidade da Federação,26,Pernambuco,2018,Mais de 1.908 a 2.862 Reais,"3.2 Café, leite, café/leite e chocolate",0.2,0.2
6972,1204,Distribuição da despesa monetária e não monetária média mensal familiar,%,Unidade da Federação,27,Alagoas,2018,Mais de 1.908 a 2.862 Reais,"3.2 Café, leite, café/leite e chocolate",0.1,0.1
6972,1204,Distribuição da despesa monetária e não monetária média mensal familiar,%,Unidade da Federação,28,Sergipe,2018,Mais de 1.908 a 2.862 Reais,"3.2 Café, leite, café/leite e chocolate",0.2,0.2
6972,1204,Distribuição da despesa monetária e não monetária média mensal familiar,%,Unidade da Federação,29,Bahia,2018,Mais de 1.908 a 2.862 Reais,"3.2 Café, leite, café/leite e chocolate",0.3,0.3
6972,1204,Distribuição da despesa monetária e não monetária média mensal familiar,%,Unidade da Federação,31,Minas Gerais,2018,Mais de 1.908 a 2.862 Reais,"3.2 Café, leite, café/leite e chocolate",0.6,0.6
6972,1204,Distribuição da despesa monetária e não monetária média mensal familiar,%,Unidade da Federação,32,Espírito Santo,2018,Mais de 1.908 a 2.862 Reais,"3.2 Café, leite, café/leite e chocolate",0.3,0.3
6972,1204,Distribuição da despesa monetária e não monetária média mensal familiar,%,Unidade da Federação,33,Rio de Janeiro,2018,Mais de 1.908 a 2.862 Reais,"3.2 Café, leite, café/leite e chocolate",0.1,0.1
6972,1204,Distribuição da despesa monetária e não monetária média mensal familiar,%,Unidade da Federação,35,São Paulo,2018,Mais de 1.908 a 2.862 Reais,"3.2 Café, leite, café/leite e chocolate",0.5,0.5
6972,1204,Distribuição da despesa monetária e não monetária média mensal familiar,%,Unidade da Federação,41,Paraná,2018,Mais de 1.908 a 2.862 Reais,"3.2 Café, leite, café/leite e chocolate",0.4,0.4
6972,1204,Distribuição da despesa monetária e não monetária média mensal familiar,%,Unidade da Federação,42,Santa Catarina,2018,Mais de 1.908 a 2.862 Reais,"3.2 Café, leite, café/leite e chocolate",0.2,0.2
6972,1204,Distribuição da despesa monetária e não monetária média mensal familiar,%,Unidade da Federação,43,Rio Grande do Sul,2018,Mais de 1.908 a 2.862 Reais,"3.2 Café, leite, café/leite e chocolate",0.3,0.3
6972,1204,Distribuição da despesa monetária e não monetária média mensal familiar,%,Unidade da Federação,50,Mato Grosso do Sul,2018,Mais de 1.908 a 2.862 Reais,"3.2 Café, leite, café/leite e chocolate",0.8,0.8
6972,1204,Distribuição da despesa monetária e não monetária média mensal familiar,%,Unidade da Federação,51,Mato Grosso,2018,Mais de 1.908 a 2.862 Reais,"3.2 Café, leite, café/leite e chocolate",0.1,0.1
6972,1204,Distribuição da despesa monetária e não monetária média mensal familiar,%,Unidade da Federação,52,Goiás,2018,Mais de 1.908 a 2.862 Reais,"3.2 Café, leite, café/leite e chocolate",0.2,0.2
6972,1204,Distribuição da despesa monetária e não monetária média mensal familiar,%,Unidade da Federação,53,Distrito Federal,2018,Mais de 1.908 a 2.862 Reais,"3.2 Café, leite, café/leite e chocolate",0.4,0.4
6972,1204,Distribuição da despesa monetária e não monetária média mensal familiar,%,Brasil,1,Brasil,2018,Mais de 1.908 a 2.862 Reais,3.3 Sanduíches e salgados,2.3,2.3
6972,1204,Distribuição da despesa monetária e não monetária média mensal familiar,%,Unidade da Federação,11,Rondônia,2018,Mais de 1.908 a 2.862 Reais,3.3 Sanduíches e salgados,4.6,4.6
6972,1204,Distribuição da despesa monetária e não monetária média mensal familiar,%,Unidade da Federação,12,Acre,2018,Mais de 1.908 a 2.862 Reais,3.3 Sanduíches e salgados,2.3,2.3
6972,1204,Distribuição da despesa monetária e não monetária média mensal familiar,%,Unidade da Federação,13,Amazonas,2018,Mais de 1.908 a 2.862 Reais,3.3 Sanduíches e salgados,1.6,1.6
6972,1204,Distribuição da despesa monetária e não monetária média mensal familiar,%,Unidade da Federação,14,Roraima,2018,Mais de 1.908 a 2.862 Reais,3.3 Sanduíches e salgados,0.4,0.4
6972,1204,Distribuição da despesa monetária e não monetária média mensal familiar,%,Unidade da Federação,15,Pará,2018,Mais de 1.908 a 2.862 Reais,3.3 Sanduíches e salgados,1.4,1.4
6972,1204,Distribuição da despesa monetária e não monetária média mensal familiar,%,Unidade da Federação,16,Amapá,2018,Mais de 1.908 a 2.862 Reais,3.3 Sanduíches e salgados,2.1,2.1
6972,1204,Distribuição da despesa monetária e não monetária média mensal familiar,%,Unidade da Federação,17,Tocantins,2018,Mais de 1.908 a 2.862 Reais,3.3 Sanduíches e salgados,5.2,5.2
6972,1204,Distribuição da despesa monetária e não monetária média mensal familiar,%,Unidade da Federação,21,Maranhão,2018,Mais de 1.908 a 2.862 Reais,3.3 Sanduíches e salgados,1.1,1.1
6972,1204,Distribuição da despesa monetária e não monetária média mensal familiar,%,Unidade da Federação,22,Piauí,2018,Mais de 1.908 a 2.862 Reais,3.3 Sanduíches e salgados,1.3,1.3
6972,1204,Distribuição da despesa monetária e não monetária média mensal familiar,%,Unidade da Federação,23,Ceará,2018,Mais de 1.908 a 2.862 Reais,3.3 Sanduíches e salgados,2.0,2.0
6972,1204,Distribuição da despesa monetária e não monetária média mensal familiar,%,Unidade da Federação,24,Rio Grande do Norte,2018,Mais de 1.908 a 2.862 Reais,3.3 Sanduíches e salgados,1.8,1.8
6972,1204,Distribuição da despesa monetária e não monetária média mensal familiar,%,Unidade da Federação,25,Paraíba,2018,Mais de 1.908 a 2.862 Reais,3.3 Sanduíches e salgados,1.4,1.4
6972,1204,Distribuição da despesa monetária e não monetária média mensal familiar,%,Unidade da Federação,26,Pernambuco,2018,Mais de 1.908 a 2.862 Reais,3.3 Sanduíches e salgados,2.4,2.4
6972,1204,Distribuição da despesa monetária e não monetária média mensal familiar,%,Unidade da Federação,27,Alagoas,2018,Mais de 1.908 a 2.862 Reais,3.3 Sanduíches e salgados,1.6,1.6
6972,1204,Distribuição da despesa monetária e não monetária média mensal familiar,%,Unidade da Federação,28,Sergipe,2018,Mais de 1.908 a 2.862 Reais,3.3 Sanduíches e salgados,1.8,1.8
6972,1204,Distribuição da despesa monetária e não monetária média mensal familiar,%,Unidade da Federação,29,Bahia,2018,Mais de 1.908 a 2.862 Reais,3.3 Sanduíches e salgados,2.3,2.3
6972,1204,Distribuição da despesa monetária e não monetária média mensal familiar,%,Unidade da Federação,31,Minas Gerais,2018,Mais de 1.908 a 2.862 Reais,3.3 Sanduíches e salgados,1.6,1.6
6972,1204,Distribuição da despesa monetária e não monetária média mensal familiar,%,Unidade da Federação,32,Espírito Santo,2018,Mais de 1.908 a 2.862 Reais,3.3 Sanduíches e salgados,1.9,1.9
6972,1204,Distribuição da despesa monetária e não monetária média mensal familiar,%,Unidade da Federação,33,Rio de Janeiro,2018,Mais de 1.908 a 2.862 Reais,3.3 Sanduíches e salgados,3.1,3.1
6972,1204,Distribuição da despesa monetária e não monetária média mensal familiar,%,Unidade da Federação,35,São Paulo,2018,Mais de 1.908 a 2.862 Reais,3.3 Sanduíches e salgados,3.2,3.2
6972,1204,Distribuição da despesa monetária e não monetária média mensal familiar,%,Unidade da Federação,41,Paraná,2018,Mais de 1.908 a 2.862 Reais,3.3 Sanduíches e salgados,3.0,3.0
6972,1204,Distribuição da despesa monetária e não monetária média mensal familiar,%,Unidade da Federação,42,Santa Catarina,2018,Mais de 1.908 a 2.862 Reais,3.3 Sanduíches e salgados,1.8,1.8
6972,1204,Distribuição da despesa monetária e não monetária média mensal familiar,%,Unidade da Federação,43,Rio Grande do Sul,2018,Mais de 1.908 a 2.862 Reais,3.3 Sanduíches e salgados,1.7,1.7
6972,1204,Distribuição da despesa monetária e não monetária média mensal familiar,%,Unidade da Federação,50,Mato Grosso do Sul,2018,Mais de 1.908 a 2.862 Reais,3.3 Sanduíches e salgados,3.4,3.4
6972,1204,Distribuição da despesa monetária e não monetária média mensal familiar,%,Unidade da Federação,51,Mato Grosso,2018,Mais de 1.908 a 2.862 Reais,3.3 Sanduíches e salgados,2.4,2.4
6972,1204,Distribuição da despesa monetária e não monetária média mensal familiar,%,Unidade da Federação,52,Goiás,2018,Mais de 1.908 a 2.862 Reais,3.3 Sanduíches e salgados,2.7,2.7
6972,1204,Distribuição da despesa monetária e não monetária média mensal familiar,%,Unidade da Federação,53,Distrito Federal,2018,Mais de 1.908 a 2.862 Reais,3.3 Sanduíches e salgados,2.4,2.4
6972,1204,Distribuição da despesa monetária e não monetária média mensal familiar,%,Brasil,1,Brasil,2018,Mais de 1.908 a 2.862 Reais,3.4 Refrigerantes e outras bebidas não alcoólicas,1.1,1.1
6972,1204,Distribuição da despesa monetária e não monetária média mensal familiar,%,Unidade da Federação,11,Rondônia,2018,Mais de 1.908 a 2.862 Reais,3.4 Refrigerantes e outras bebidas não alcoólicas,1.3,1.3
6972,1204,Distribuição da despesa monetária e não monetária média mensal familiar,%,Unidade da Federação,12,Acre,2018,Mais de 1.908 a 2.862 Reais,3.4 Refrigerantes e outras bebidas não alcoólicas,3.0,3.0
6972,1204,Distribuição da despesa monetária e não monetária média mensal familiar,%,Unidade da Federação,13,Amazonas,2018,Mais de 1.908 a 2.862 Reais,3.4 Refrigerantes e outras bebidas não alcoólicas,0.6,0.6
6972,1204,Distribuição da despesa monetária e não monetária média mensal familiar,%,Unidade da Federação,14,Roraima,2018,Mais de 1.908 a 2.862 Reais,3.4 Refrigerantes e outras bebidas não alcoólicas,0.1,0.1
6972,1204,Distribuição da despesa monetária e não monetária média mensal familiar,%,Unidade da Federação,15,Pará,2018,Mais de 1.908 a 2.862 Reais,3.4 Refrigerantes e outras bebidas não alcoólicas,1.2,1.2
6972,1204,Distribuição da despesa monetária e não monetária média mensal familiar,%,Unidade da Federação,16,Amapá,2018,Mais de 1.908 a 2.862 Reais,3.4 Refrigerantes e outras bebidas não alcoólicas,1.3,1.3
6972,1204,Distribuição da despesa monetária e não monetária média mensal familiar,%,Unidade da Federação,17,Tocantins,2018,Mais de 1.908 a 2.862 Reais,3.4 Refrigerantes e outras bebidas não alcoólicas,1.6,1.6
6972,1204,Distribuição da despesa monetária e não monetária média mensal familiar,%,Unidade da Federação,21,Maranhão,2018,Mais de 1.908 a 2.862 Reais,3.4 Refrigerantes e outras bebidas não alcoólicas,0.6,0.6
6972,1204,Distribuição da despesa monetária e não monetária média mensal familiar,%,Unidade da Federação,22,Piauí,2018,Mais de 1.908 a 2.862 Reais,3.4 Refrigerantes e outras bebidas não alcoólicas,1.0,1.0
6972,1204,Distribuição da despesa monetária e não monetária média mensal familiar,%,Unidade da Federação,23,Ceará,2018,Mais de 1.908 a 2.862 Reais,3.4 Refrigerantes e outras bebidas não alcoólicas,1.3,1.3
6972,1204,Distribuição da despesa monetária e não monetária média mensal familiar,%,Unidade da Federação,24,Rio Grande do Norte,2018,Mais de 1.908 a 2.862 Reais,3.4 Refrigerantes e outras bebidas não alcoólicas,0.9,0.9
6972,1204,Distribuição da despesa monetária e não monetária média mensal familiar,%,Unidade da Federação,25,Paraíba,2018,Mais de 1.908 a 2.862 Reais,3.4 Refrigerantes e outras bebidas não alcoólicas,0.7,0.7
6972,1204,Distribuição da despesa monetária e não monetária média mensal familiar,%,Unidade da Federação,26,Pernambuco,2018,Mais de 1.908 a 2.862 Reais,3.4 Refrigerantes e outras bebidas não alcoólicas,1.1,1.1
6972,1204,Distribuição da despesa monetária e não monetária média mensal familiar,%,Unidade da Federação,27,Alagoas,2018,Mais de 1.908 a 2.862 Reais,3.4 Refrigerantes e outras bebidas não alcoólicas,1.3,1.3
6972,1204,Distribuição da despesa monetária e não monetária média mensal familiar,%,Unidade da Federação,28,Sergipe,2018,Mais de 1.908 a 2.862 Reais,3.4 Refrigerantes e outras bebidas não alcoólicas,5.8,5.8
6972,1204,Distribuição da despesa monetária e não monetária média mensal familiar,%,Unidade da Federação,29,Bahia,2018,Mais de 1.908 a 2.862 Reais,3.4 Refrigerantes e outras bebidas não alcoólicas,1.5,1.5
6972,1204,Distribuição da despesa monetária e não monetária média mensal familiar,%,Unidade da Federação,31,Minas Gerais,2018,Mais de 1.908 a 2.862 Reais,3.4 Refrigerantes e outras bebidas não alcoólicas,0.8,0.8
6972,1204,Distribuição da despesa monetária e não monetária média mensal familiar,%,Unidade da Federação,32,Espírito Santo,2018,Mais de 1.908 a 2.862 Reais,3.4 Refrigerantes e outras bebidas não alcoólicas,0.8,0.8
6972,1204,Distribuição da despesa monetária e não monetária média mensal familiar,%,Unidade da Federação,33,Rio de Janeiro,2018,Mais de 1.908 a 2.862 Reais,3.4 Refrigerantes e outras bebidas não alcoólicas,0.6,0.6
6972,1204,Distribuição da despesa monetária e não monetária média mensal familiar,%,Unidade da Federação,35,São Paulo,2018,Mais de 1.908 a 2.862 Reais,3.4 Refrigerantes e outras bebidas não alcoólicas,1.2,1.2
6972,1204,Distribuição da despesa monetária e não monetária média mensal familiar,%,Unidade da Federação,41,Paraná,2018,Mais de 1.908 a 2.862 Reais,3.4 Refrigerantes e outras bebidas não alcoólicas,0.8,0.8
6972,1204,Distribuição da despesa monetária e não monetária média mensal familiar,%,Unidade da Federação,42,Santa Catarina,2018,Mais de 1.908 a 2.862 Reais,3.4 Refrigerantes e outras bebidas não alcoólicas,1.1,1.1
6972,1204,Distribuição da despesa monetária e não monetária média mensal familiar,%,Unidade da Federação,43,Rio Grande do Sul,2018,Mais de 1.908 a 2.862 Reais,3.4 Refrigerantes e outras bebidas não alcoólicas,0.9,0.9
6972,1204,Distribuição da despesa monetária e não monetária média mensal familiar,%,Unidade da Federação,50,Mato Grosso do Sul,2018,Mais de 1.908 a 2.862 Reais,3.4 Refrigerantes e outras bebidas não alcoólicas,1.5,1.5
6972,1204,Distribuição da despesa monetária e não monetária média mensal familiar,%,Unidade da Federação,51,Mato Grosso,2018,Mais de 1.908 a 2.862 Reais,3.4 Refrigerantes e outras bebidas não alcoólicas,2.2,2.2
6972,1204,Distribuição da despesa monetária e não monetária média mensal familiar,%,Unidade da Federação,52,Goiás,2018,Mais de 1.908 a 2.862 Reais,3.4 Refrigerantes e outras bebidas não alcoólicas,1.1,1.1
6972,1204,Distribuição da despesa monetária e não monetária média mensal familiar,%,Unidade da Federação,53,Distrito Federal,2018,Mais de 1.908 a 2.862 Reais,3.4 Refrigerantes e outras bebidas não alcoólicas,0.7,0.7
6972,1204,Distribuição da despesa monetária e não monetária média mensal familiar,%,Brasil,1,Brasil,2018,Mais de 1.908 a 2.862 Reais,3.5 Lanches,2.5,2.5
6972,1204,Distribuição da despesa monetária e não monetária média mensal familiar,%,Unidade da Federação,11,Rondônia,2018,Mais de 1.908 a 2.862 Reais,3.5 Lanches,2.8,2.8
6972,1204,Distribuição da despesa monetária e não monetária média mensal familiar,%,Unidade da Federação,12,Acre,2018,Mais de 1.908 a 2.862 Reais,3.5 Lanches,3.0,3.0
6972,1204,Distribuição da despesa monetária e não monetária média mensal familiar,%,Unidade da Federação,13,Amazonas,2018,Mais de 1.908 a 2.862 Reais,3.5 Lanches,1.4,1.4
6972,1204,Distribuição da despesa monetária e não monetária média mensal familiar,%,Unidade da Federação,14,Roraima,2018,Mais de 1.908 a 2.862 Reais,3.5 Lanches,0.3,0.3
6972,1204,Distribuição da despesa monetária e não monetária média mensal familiar,%,Unidade da Federação,15,Pará,2018,Mais de 1.908 a 2.862 Reais,3.5 Lanches,1.5,1.5
6972,1204,Distribuição da despesa monetária e não monetária média mensal familiar,%,Unidade da Federação,16,Amapá,2018,Mais de 1.908 a 2.862 Reais,3.5 Lanches,2.3,2.3
6972,1204,Distribuição da despesa monetária e não monetária média mensal familiar,%,Unidade da Federação,17,Tocantins,2018,Mais de 1.908 a 2.862 Reais,3.5 Lanches,0.9,0.9
6972,1204,Distribuição da despesa monetária e não monetária média mensal familiar,%,Unidade da Federação,21,Maranhão,2018,Mais de 1.908 a 2.862 Reais,3.5 Lanches,1.7,1.7
6972,1204,Distribuição da despesa monetária e não monetária média mensal familiar,%,Unidade da Federação,22,Piauí,2018,Mais de 1.908 a 2.862 Reais,3.5 Lanches,5.3,5.3
6972,1204,Distribuição da despesa monetária e não monetária média mensal familiar,%,Unidade da Federação,23,Ceará,2018,Mais de 1.908 a 2.862 Reais,3.5 Lanches,1.8,1.8
6972,1204,Distribuição da despesa monetária e não monetária média mensal familiar,%,Unidade da Federação,24,Rio Grande do Norte,2018,Mais de 1.908 a 2.862 Reais,3.5 Lanches,4.8,4.8
6972,1204,Distribuição da despesa monetária e não monetária média mensal familiar,%,Unidade da Federação,25,Paraíba,2018,Mais de 1.908 a 2.862 Reais,3.5 Lanches,1.9,1.9
6972,1204,Distribuição da despesa monetária e não monetária média mensal familiar,%,Unidade da Federação,26,Pernambuco,2018,Mais de 1.908 a 2.862 Reais,3.5 Lanches,2.9,2.9
6972,1204,Distribuição da despesa monetária e não monetária média mensal familiar,%,Unidade da Federação,27,Alagoas,2018,Mais de 1.908 a 2.862 Reais,3.5 Lanches,1.8,1.8
6972,1204,Distribuição da despesa monetária e não monetária média mensal familiar,%,Unidade da Federação,28,Sergipe,2018,Mais de 1.908 a 2.862 Reais,3.5 Lanches,7.5,7.5
6972,1204,Distribuição da despesa monetária e não monetária média mensal familiar,%,Unidade da Federação,29,Bahia,2018,Mais de 1.908 a 2.862 Reais,3.5 Lanches,4.2,4.2
6972,1204,Distribuição da despesa monetária e não monetária média mensal familiar,%,Unidade da Federação,31,Minas Gerais,2018,Mais de 1.908 a 2.862 Reais,3.5 Lanches,3.4,3.4
6972,1204,Distribuição da despesa monetária e não monetária média mensal familiar,%,Unidade da Federação,32,Espírito Santo,2018,Mais de 1.908 a 2.862 Reais,3.5 Lanches,5.4,5.4
6972,1204,Distribuição da despesa monetária e não monetária média mensal familiar,%,Unidade da Federação,33,Rio de Janeiro,2018,Mais de 1.908 a 2.862 Reais,3.5 Lanches,0.9,0.9
6972,1204,Distribuição da despesa monetária e não monetária média mensal familiar,%,Unidade da Federação,35,São Paulo,2018,Mais de 1.908 a 2.862 Reais,3.5 Lanches,1.2,1.2
6972,1204,Distribuição da despesa monetária e não monetária média mensal familiar,%,Unidade da Federação,41,Paraná,2018,Mais de 1.908 a 2.862 Reais,3.5 Lanches,2.4,2.4
6972,1204,Distribuição da despesa monetária e não monetária média mensal familiar,%,Unidade da Federação,42,Santa Catarina,2018,Mais de 1.908 a 2.862 Reais,3.5 Lanches,0.2,0.2
6972,1204,Distribuição da despesa monetária e não monetária média mensal familiar,%,Unidade da Federação,43,Rio Grande do Sul,2018,Mais de 1.908 a 2.862 Reais,3.5 Lanches,1.0,1.0
6972,1204,Distribuição da despesa monetária e não monetária média mensal familiar,%,Unidade da Federação,50,Mato Grosso do Sul,2018,Mais de 1.908 a 2.862 Reais,3.5 Lanches,4.0,4.0
6972,1204,Distribuição da despesa monetária e não monetária média mensal familiar,%,Unidade da Federação,51,Mato Grosso,2018,Mais de 1.908 a 2.862 Reais,3.5 Lanches,2.0,2.0
6972,1204,Distribuição da despesa monetária e não monetária média mensal familiar,%,Unidade da Federação,52,Goiás,2018,Mais de 1.908 a 2.862 Reais,3.5 Lanches,3.2,3.2
6972,1204,Distribuição da despesa monetária e não monetária média mensal familiar,%,Unidade da Federação,53,Distrito Federal,2018,Mais de 1.908 a 2.862 Reais,3.5 Lanches,1.2,1.2
6972,1204,Distribuição da despesa monetária e não monetária média mensal familiar,%,Brasil,1,Brasil,2018,Mais de 1.908 a 2.862 Reais,"3.6 Cervejas, chopes e outras bebidas alcoólicas",1.6,1.6
6972,1204,Distribuição da despesa monetária e não monetária média mensal familiar,%,Unidade da Federação,11,Rondônia,2018,Mais de 1.908 a 2.862 Reais,"3.6 Cervejas, chopes e outras bebidas alcoólicas",1.0,1.0
6972,1204,Distribuição da despesa monetária e não monetária média mensal familiar,%,Unidade da Federação,12,Acre,2018,Mais de 1.908 a 2.862 Reais,"3.6 Cervejas, chopes e outras bebidas alcoólicas",1.1,1.1
6972,1204,Distribuição da despesa monetária e não monetária média mensal familiar,%,Unidade da Federação,13,Amazonas,2018,Mais de 1.908 a 2.862 Reais,"3.6 Cervejas, chopes e outras bebidas alcoólicas",1.4,1.4
6972,1204,Distribuição da despesa monetária e não monetária média mensal familiar,%,Unidade da Federação,14,Roraima,2018,Mais de 1.908 a 2.862 Reais,"3.6 Cervejas, chopes e outras bebidas alcoólicas",2.0,2.0
6972,1204,Distribuição da despesa monetária e não monetária média mensal familiar,%,Unidade da Federação,15,Pará,2018,Mais de 1.908 a 2.862 Reais,"3.6 Cervejas, chopes e outras bebidas alcoólicas",2.1,2.1
6972,1204,Distribuição da despesa monetária e não monetária média mensal familiar,%,Unidade da Federação,16,Amapá,2018,Mais de 1.908 a 2.862 Reais,"3.6 Cervejas, chopes e outras bebidas alcoólicas",0.4,0.4
6972,1204,Distribuição da despesa monetária e não monetária média mensal familiar,%,Unidade da Federação,17,Tocantins,2018,Mais de 1.908 a 2.862 Reais,"3.6 Cervejas, chopes e outras bebidas alcoólicas",5.8,5.8
6972,1204,Distribuição da despesa monetária e não monetária média mensal familiar,%,Unidade da Federação,21,Maranhão,2018,Mais de 1.908 a 2.862 Reais,"3.6 Cervejas, chopes e outras bebidas alcoólicas",1.3,1.3
6972,1204,Distribuição da despesa monetária e não monetária média mensal familiar,%,Unidade da Federação,22,Piauí,2018,Mais de 1.908 a 2.862 Reais,"3.6 Cervejas, chopes e outras bebidas alcoólicas",1.7,1.7
6972,1204,Distribuição da despesa monetária e não monetária média mensal familiar,%,Unidade da Federação,23,Ceará,2018,Mais de 1.908 a 2.862 Reais,"3.6 Cervejas, chopes e outras bebidas alcoólicas",0.7,0.7
6972,1204,Distribuição da despesa monetária e não monetária média mensal familiar,%,Unidade da Federação,24,Rio Grande do Norte,2018,Mais de 1.908 a 2.862 Reais,"3.6 Cervejas, chopes e outras bebidas alcoólicas",1.1,1.1
6972,1204,Distribuição da despesa monetária e não monetária média mensal familiar,%,Unidade da Federação,25,Paraíba,2018,Mais de 1.908 a 2.862 Reais,"3.6 Cervejas, chopes e outras bebidas alcoólicas",1.1,1.1
6972,1204,Distribuição da despesa monetária e não monetária média mensal familiar,%,Unidade da Federação,26,Pernambuco,2018,Mais de 1.908 a 2.862 Reais,"3.6 Cervejas, chopes e outras bebidas alcoólicas",2.1,2.1
6972,1204,Distribuição da despesa monetária e não monetária média mensal familiar,%,Unidade da Federação,27,Alagoas,2018,Mais de 1.908 a 2.862 Reais,"3.6 Cervejas, chopes e outras bebidas alcoólicas",1.6,1.6
6972,1204,Distribuição da despesa monetária e não monetária média mensal familiar,%,Unidade da Federação,28,Sergipe,2018,Mais de 1.908 a 2.862 Reais,"3.6 Cervejas, chopes e outras bebidas alcoólicas",1.6,1.6
6972,1204,Distribuição da despesa monetária e não monetária média mensal familiar,%,Unidade da Federação,29,Bahia,2018,Mais de 1.908 a 2.862 Reais,"3.6 Cervejas, chopes e outras bebidas alcoólicas",2.8,2.8
6972,1204,Distribuição da despesa monetária e não monetária média mensal familiar,%,Unidade da Federação,31,Minas Gerais,2018,Mais de 1.908 a 2.862 Reais,"3.6 Cervejas, chopes e outras bebidas alcoólicas",1.3,1.3
6972,1204,Distribuição da despesa monetária e não monetária média mensal familiar,%,Unidade da Federação,32,Espírito Santo,2018,Mais de 1.908 a 2.862 Reais,"3.6 Cervejas, chopes e outras bebidas alcoólicas",1.3,1.3
6972,1204,Distribuição da despesa monetária e não monetária média mensal familiar,%,Unidade da Federação,33,Rio de Janeiro,2018,Mais de 1.908 a 2.862 Reais,"3.6 Cervejas, chopes e outras bebidas alcoólicas",1.0,1.0
6972,1204,Distribuição da despesa monetária e não monetária média mensal familiar,%,Unidade da Federação,35,São Paulo,2018,Mais de 1.908 a 2.862 Reais,"3.6 Cervejas, chopes e outras bebidas alcoólicas",1.9,1.9
6972,1204,Distribuição da despesa monetária e não monetária média mensal familiar,%,Unidade da Federação,41,Paraná,2018,Mais de 1.908 a 2.862 Reais,"3.6 Cervejas, chopes e outras bebidas alcoólicas",1.0,1.0
6972,1204,Distribuição da despesa monetária e não monetária média mensal familiar,%,Unidade da Federação,42,Santa Catarina,2018,Mais de 1.908 a 2.862 Reais,"3.6 Cervejas, chopes e outras bebidas alcoólicas",1.7,1.7
6972,1204,Distribuição da despesa monetária e não monetária média mensal familiar,%,Unidade da Federação,43,Rio Grande do Sul,2018,Mais de 1.908 a 2.862 Reais,"3.6 Cervejas, chopes e outras bebidas alcoólicas",1.1,1.1
6972,1204,Distribuição da despesa monetária e não monetária média mensal familiar,%,Unidade da Federação,50,Mato Grosso do Sul,2018,Mais de 1.908 a 2.862 Reais,"3.6 Cervejas, chopes e outras bebidas alcoólicas",2.5,2.5
6972,1204,Distribuição da despesa monetária e não monetária média mensal familiar,%,Unidade da Federação,51,Mato Grosso,2018,Mais de 1.908 a 2.862 Reais,"3.6 Cervejas, chopes e outras bebidas alcoólicas",1.0,1.0
6972,1204,Distribuição da despesa monetária e não monetária média mensal familiar,%,Unidade da Federação,52,Goiás,2018,Mais de 1.908 a 2.862 Reais,"3.6 Cervejas, chopes e outras bebidas alcoólicas",0.4,0.4
6972,1204,Distribuição da despesa monetária e não monetária média mensal familiar,%,Unidade da Federação,53,Distrito Federal,2018,Mais de 1.908 a 2.862 Reais,"3.6 Cervejas, chopes e outras bebidas alcoólicas",0.8,0.8
6972,1204,Distribuição da despesa monetária e não monetária média mensal familiar,%,Brasil,1,Brasil,2018,Mais de 1.908 a 2.862 Reais,3.8 Alimentação fora do domicílio - light e diet,0.0,0.0
6972,1204,Distribuição da despesa monetária e não monetária média mensal familiar,%,Unidade da Federação,11,Rondônia,2018,Mais de 1.908 a 2.862 Reais,3.8 Alimentação fora do domicílio - light e diet,0.0,0.0
6972,1204,Distribuição da despesa monetária e não monetária média mensal familiar,%,Unidade da Federação,12,Acre,2018,Mais de 1.908 a 2.862 Reais,3.8 Alimentação fora do domicílio - light e diet,-,0.0
6972,1204,Distribuição da despesa monetária e não monetária média mensal familiar,%,Unidade da Federação,13,Amazonas,2018,Mais de 1.908 a 2.862 Reais,3.8 Alimentação fora do domicílio - light e diet,-,0.0
6972,1204,Distribuição da despesa monetária e não monetária média mensal familiar,%,Unidade da Federação,14,Roraima,2018,Mais de 1.908 a 2.862 Reais,3.8 Alimentação fora do domicílio - light e diet,-,0.0
6972,1204,Distribuição da despesa monetária e não monetária média mensal familiar,%,Unidade da Federação,15,Pará,2018,Mais de 1.908 a 2.862 Reais,3.8 Alimentação fora do domicílio - light e diet,-,0.0
6972,1204,Distribuição da despesa monetária e não monetária média mensal familiar,%,Unidade da Federação,16,Amapá,2018,Mais de 1.908 a 2.862 Reais,3.8 Alimentação fora do domicílio - light e diet,-,0.0
6972,1204,Distribuição da despesa monetária e não monetária média mensal familiar,%,Unidade da Federação,17,Tocantins,2018,Mais de 1.908 a 2.862 Reais,3.8 Alimentação fora do domicílio - light e diet,0.0,0.0
6972,1204,Distribuição da despesa monetária e não monetária média mensal familiar,%,Unidade da Federação,21,Maranhão,2018,Mais de 1.908 a 2.862 Reais,3.8 Alimentação fora do domicílio - light e diet,-,0.0
6972,1204,Distribuição da despesa monetária e não monetária média mensal familiar,%,Unidade da Federação,22,Piauí,2018,Mais de 1.908 a 2.862 Reais,3.8 Alimentação fora do domicílio - light e diet,-,0.0
6972,1204,Distribuição da despesa monetária e não monetária média mensal familiar,%,Unidade da Federação,23,Ceará,2018,Mais de 1.908 a 2.862 Reais,3.8 Alimentação fora do domicílio - light e diet,-,0.0
6972,1204,Distribuição da despesa monetária e não monetária média mensal familiar,%,Unidade da Federação,24,Rio Grande do Norte,2018,Mais de 1.908 a 2.862 Reais,3.8 Alimentação fora do domicílio - light e diet,-,0.0
6972,1204,Distribuição da despesa monetária e não monetária média mensal familiar,%,Unidade da Federação,25,Paraíba,2018,Mais de 1.908 a 2.862 Reais,3.8 Alimentação fora do domicílio - light e diet,-,0.0
6972,1204,Distribuição da despesa monetária e não monetária média mensal familiar,%,Unidade da Federação,26,Pernambuco,2018,Mais de 1.908 a 2.862 Reais,3.8 Alimentação fora do domicílio - light e diet,0.0,0.0
6972,1204,Distribuição da despesa monetária e não monetária média mensal familiar,%,Unidade da Federação,27,Alagoas,2018,Mais de 1.908 a 2.862 Reais,3.8 Alimentação fora do domicílio - light e diet,0.0,0.0
6972,1204,Distribuição da despesa monetária e não monetária média mensal familiar,%,Unidade da Federação,28,Sergipe,2018,Mais de 1.908 a 2.862 Reais,3.8 Alimentação fora do domicílio - light e diet,-,0.0
6972,1204,Distribuição da despesa monetária e não monetária média mensal familiar,%,Unidade da Federação,29,Bahia,2018,Mais de 1.908 a 2.862 Reais,3.8 Alimentação fora do domicílio - light e diet,0.0,0.0
6972,1204,Distribuição da despesa monetária e não monetária média mensal familiar,%,Unidade da Federação,31,Minas Gerais,2018,Mais de 1.908 a 2.862 Reais,3.8 Alimentação fora do domicílio - light e diet,0.0,0.0
6972,1204,Distribuição da despesa monetária e não monetária média mensal familiar,%,Unidade da Federação,32,Espírito Santo,2018,Mais de 1.908 a 2.862 Reais,3.8 Alimentação fora do domicílio - light e diet,0.0,0.0
6972,1204,Distribuição da despesa monetária e não monetária média mensal familiar,%,Unidade da Federação,33,Rio de Janeiro,2018,Mais de 1.908 a 2.862 Reais,3.8 Alimentação fora do domicílio - light e diet,0.0,0.0
6972,1204,Distribuição da despesa monetária e não monetária média mensal familiar,%,Unidade da Federação,35,São Paulo,2018,Mais de 1.908 a 2.862 Reais,3.8 Alimentação fora do domicílio - light e diet,0.0,0.0
6972,1204,Distribuição da despesa monetária e não monetária média mensal familiar,%,Unidade da Federação,41,Paraná,2018,Mais de 1.908 a 2.862 Reais,3.8 Alimentação fora do domicílio - light e diet,-,0.0
6972,1204,Distribuição da despesa monetária e não monetária média mensal familiar,%,Unidade da Federação,42,Santa Catarina,2018,Mais de 1.908 a 2.862 Reais,3.8 Alimentação fora do domicílio - light e diet,0.0,0.0
6972,1204,Distribuição da despesa monetária e não monetária média mensal familiar,%,Unidade da Federação,43,Rio Grande do Sul,2018,Mais de 1.908 a 2.862 Reais,3.8 Alimentação fora do domicílio - light e diet,0.0,0.0
6972,1204,Distribuição da despesa monetária e não monetária média mensal familiar,%,Unidade da Federação,50,Mato Grosso do Sul,2018,Mais de 1.908 a 2.862 Reais,3.8 Alimentação fora do domicílio - light e diet,0.0,0.0
6972,1204,Distribuição da despesa monetária e não monetária média mensal familiar,%,Unidade da Federação,51,Mato Grosso,2018,Mais de 1.908 a 2.862 Reais,3.8 Alimentação fora do domicílio - light e diet,-,0.0
6972,1204,Distribuição da despesa monetária e não monetária média mensal familiar,%,Unidade da Federação,52,Goiás,2018,Mais de 1.908 a 2.862 Reais,3.8 Alimentação fora do domicílio - light e diet,-,0.0
6972,1204,Distribuição da despesa monetária e não monetária média mensal familiar,%,Unidade da Federação,53,Distrito Federal,2018,Mais de 1.908 a 2.862 Reais,3.8 Alimentação fora do domicílio - light e diet,-,0.0
6972,1204,Distribuição da despesa monetária e não monetária média mensal familiar,%,Brasil,1,Brasil,2018,Mais de 1.908 a 2.862 Reais,3.9 Outras,2.9,2.9
6972,1204,Distribuição da despesa monetária e não monetária média mensal familiar,%,Unidade da Federação,11,Rondônia,2018,Mais de 1.908 a 2.862 Reais,3.9 Outras,1.4,1.4
6972,1204,Distribuição da despesa monetária e não monetária média mensal familiar,%,Unidade da Federação,12,Acre,2018,Mais de 1.908 a 2.862 Reais,3.9 Outras,3.0,3.0
6972,1204,Distribuição da despesa monetária e não monetária média mensal familiar,%,Unidade da Federação,13,Amazonas,2018,Mais de 1.908 a 2.862 Reais,3.9 Outras,0.9,0.9
6972,1204,Distribuição da despesa monetária e não monetária média mensal familiar,%,Unidade da Federação,14,Roraima,2018,Mais de 1.908 a 2.862 Reais,3.9 Outras,0.5,0.5
6972,1204,Distribuição da despesa monetária e não monetária média mensal familiar,%,Unidade da Federação,15,Pará,2018,Mais de 1.908 a 2.862 Reais,3.9 Outras,0.9,0.9
6972,1204,Distribuição da despesa monetária e não monetária média mensal familiar,%,Unidade da Federação,16,Amapá,2018,Mais de 1.908 a 2.862 Reais,3.9 Outras,1.4,1.4
6972,1204,Distribuição da despesa monetária e não monetária média mensal familiar,%,Unidade da Federação,17,Tocantins,2018,Mais de 1.908 a 2.862 Reais,3.9 Outras,1.2,1.2
6972,1204,Distribuição da despesa monetária e não monetária média mensal familiar,%,Unidade da Federação,21,Maranhão,2018,Mais de 1.908 a 2.862 Reais,3.9 Outras,1.2,1.2
6972,1204,Distribuição da despesa monetária e não monetária média mensal familiar,%,Unidade da Federação,22,Piauí,2018,Mais de 1.908 a 2.862 Reais,3.9 Outras,2.8,2.8
6972,1204,Distribuição da despesa monetária e não monetária média mensal familiar,%,Unidade da Federação,23,Ceará,2018,Mais de 1.908 a 2.862 Reais,3.9 Outras,0.9,0.9
6972,1204,Distribuição da despesa monetária e não monetária média mensal familiar,%,Unidade da Federação,24,Rio Grande do Norte,2018,Mais de 1.908 a 2.862 Reais,3.9 Outras,4.6,4.6
6972,1204,Distribuição da despesa monetária e não monetária média mensal familiar,%,Unidade da Federação,25,Paraíba,2018,Mais de 1.908 a 2.862 Reais,3.9 Outras,1.9,1.9
6972,1204,Distribuição da despesa monetária e não monetária média mensal familiar,%,Unidade da Federação,26,Pernambuco,2018,Mais de 1.908 a 2.862 Reais,3.9 Outras,1.6,1.6
6972,1204,Distribuição da despesa monetária e não monetária média mensal familiar,%,Unidade da Federação,27,Alagoas,2018,Mais de 1.908 a 2.862 Reais,3.9 Outras,1.1,1.1
6972,1204,Distribuição da despesa monetária e não monetária média mensal familiar,%,Unidade da Federação,28,Sergipe,2018,Mais de 1.908 a 2.862 Reais,3.9 Outras,1.4,1.4
6972,1204,Distribuição da despesa monetária e não monetária média mensal familiar,%,Unidade da Federação,29,Bahia,2018,Mais de 1.908 a 2.862 Reais,3.9 Outras,1.6,1.6
6972,1204,Distribuição da despesa monetária e não monetária média mensal familiar,%,Unidade da Federação,31,Minas Gerais,2018,Mais de 1.908 a 2.862 Reais,3.9 Outras,10.3,10.3
6972,1204,Distribuição da despesa monetária e não monetária média mensal familiar,%,Unidade da Federação,32,Espírito Santo,2018,Mais de 1.908 a 2.862 Reais,3.9 Outras,5.7,5.7
6972,1204,Distribuição da despesa monetária e não monetária média mensal familiar,%,Unidade da Federação,33,Rio de Janeiro,2018,Mais de 1.908 a 2.862 Reais,3.9 Outras,0.4,0.4
6972,1204,Distribuição da despesa monetária e não monetária média mensal familiar,%,Unidade da Federação,35,São Paulo,2018,Mais de 1.908 a 2.862 Reais,3.9 Outras,1.4,1.4
6972,1204,Distribuição da despesa monetária e não monetária média mensal familiar,%,Unidade da Federação,41,Paraná,2018,Mais de 1.908 a 2.862 Reais,3.9 Outras,2.0,2.0
6972,1204,Distribuição da despesa monetária e não monetária média mensal familiar,%,Unidade da Federação,42,Santa Catarina,2018,Mais de 1.908 a 2.862 Reais,3.9 Outras,3.5,3.5
6972,1204,Distribuição da despesa monetária e não monetária média mensal familiar,%,Unidade da Federação,43,Rio Grande do Sul,2018,Mais de 1.908 a 2.862 Reais,3.9 Outras,1.2,1.2
6972,1204,Distribuição da despesa monetária e não monetária média mensal familiar,%,Unidade da Federação,50,Mato Grosso do Sul,2018,Mais de 1.908 a 2.862 Reais,3.9 Outras,4.2,4.2
6972,1204,Distribuição da despesa monetária e não monetária média mensal familiar,%,Unidade da Federação,51,Mato Grosso,2018,Mais de 1.908 a 2.862 Reais,3.9 Outras,12.1,12.1
6972,1204,Distribuição da despesa monetária e não monetária média mensal familiar,%,Unidade da Federação,52,Goiás,2018,Mais de 1.908 a 2.862 Reais,3.9 Outras,2.9,2.9
6972,1204,Distribuição da despesa monetária e não monetária média mensal familiar,%,Unidade da Federação,53,Distrito Federal,2018,Mais de 1.908 a 2.862 Reais,3.9 Outras,0.6,0.6
6972,1204,Distribuição da despesa monetária e não monetária média mensal familiar,%,Brasil,1,Brasil,2018,Mais de 2.862 a 5.724 Reais,1 Despesas com alimentação,100.0,100.0
6972,1204,Distribuição da despesa monetária e não monetária média mensal familiar,%,Unidade da Federação,11,Rondônia,2018,Mais de 2.862 a 5.724 Reais,1 Despesas com alimentação,100.0,100.0
6972,1204,Distribuição da despesa monetária e não monetária média mensal familiar,%,Unidade da Federação,12,Acre,2018,Mais de 2.862 a 5.724 Reais,1 Despesas com alimentação,100.0,100.0
6972,1204,Distribuição da despesa monetária e não monetária média mensal familiar,%,Unidade da Federação,13,Amazonas,2018,Mais de 2.862 a 5.724 Reais,1 Despesas com alimentação,100.0,100.0
6972,1204,Distribuição da despesa monetária e não monetária média mensal familiar,%,Unidade da Federação,14,Roraima,2018,Mais de 2.862 a 5.724 Reais,1 Despesas com alimentação,100.0,100.0
6972,1204,Distribuição da despesa monetária e não monetária média mensal familiar,%,Unidade da Federação,15,Pará,2018,Mais de 2.862 a 5.724 Reais,1 Despesas com alimentação,100.0,100.0
6972,1204,Distribuição da despesa monetária e não monetária média mensal familiar,%,Unidade da Federação,16,Amapá,2018,Mais de 2.862 a 5.724 Reais,1 Despesas com alimentação,100.0,100.0
6972,1204,Distribuição da despesa monetária e não monetária média mensal familiar,%,Unidade da Federação,17,Tocantins,2018,Mais de 2.862 a 5.724 Reais,1 Despesas com alimentação,100.0,100.0
6972,1204,Distribuição da despesa monetária e não monetária média mensal familiar,%,Unidade da Federação,21,Maranhão,2018,Mais de 2.862 a 5.724 Reais,1 Despesas com alimentação,100.0,100.0
6972,1204,Distribuição da despesa monetária e não monetária média mensal familiar,%,Unidade da Federação,22,Piauí,2018,Mais de 2.862 a 5.724 Reais,1 Despesas com alimentação,100.0,100.0
6972,1204,Distribuição da despesa monetária e não monetária média mensal familiar,%,Unidade da Federação,23,Ceará,2018,Mais de 2.862 a 5.724 Reais,1 Despesas com alimentação,100.0,100.0
6972,1204,Distribuição da despesa monetária e não monetária média mensal familiar,%,Unidade da Federação,24,Rio Grande do Norte,2018,Mais de 2.862 a 5.724 Reais,1 Despesas com alimentação,100.0,100.0
6972,1204,Distribuição da despesa monetária e não monetária média mensal familiar,%,Unidade da Federação,25,Paraíba,2018,Mais de 2.862 a 5.724 Reais,1 Despesas com alimentação,100.0,100.0
6972,1204,Distribuição da despesa monetária e não monetária média mensal familiar,%,Unidade da Federação,26,Pernambuco,2018,Mais de 2.862 a 5.724 Reais,1 Despesas com alimentação,100.0,100.0
6972,1204,Distribuição da despesa monetária e não monetária média mensal familiar,%,Unidade da Federação,27,Alagoas,2018,Mais de 2.862 a 5.724 Reais,1 Despesas com alimentação,100.0,100.0
6972,1204,Distribuição da despesa monetária e não monetária média mensal familiar,%,Unidade da Federação,28,Sergipe,2018,Mais de 2.862 a 5.724 Reais,1 Despesas com alimentação,100.0,100.0
6972,1204,Distribuição da despesa monetária e não monetária média mensal familiar,%,Unidade da Federação,29,Bahia,2018,Mais de 2.862 a 5.724 Reais,1 Despesas com alimentação,100.0,100.0
6972,1204,Distribuição da despesa monetária e não monetária média mensal familiar,%,Unidade da Federação,31,Minas Gerais,2018,Mais de 2.862 a 5.724 Reais,1 Despesas com alimentação,100.0,100.0
6972,1204,Distribuição da despesa monetária e não monetária média mensal familiar,%,Unidade da Federação,32,Espírito Santo,2018,Mais de 2.862 a 5.724 Reais,1 Despesas com alimentação,100.0,100.0
6972,1204,Distribuição da despesa monetária e não monetária média mensal familiar,%,Unidade da Federação,33,Rio de Janeiro,2018,Mais de 2.862 a 5.724 Reais,1 Despesas com alimentação,100.0,100.0
6972,1204,Distribuição da despesa monetária e não monetária média mensal familiar,%,Unidade da Federação,35,São Paulo,2018,Mais de 2.862 a 5.724 Reais,1 Despesas com alimentação,100.0,100.0
6972,1204,Distribuição da despesa monetária e não monetária média mensal familiar,%,Unidade da Federação,41,Paraná,2018,Mais de 2.862 a 5.724 Reais,1 Despesas com alimentação,100.0,100.0
6972,1204,Distribuição da despesa monetária e não monetária média mensal familiar,%,Unidade da Federação,42,Santa Catarina,2018,Mais de 2.862 a 5.724 Reais,1 Despesas com alimentação,100.0,100.0
6972,1204,Distribuição da despesa monetária e não monetária média mensal familiar,%,Unidade da Federação,43,Rio Grande do Sul,2018,Mais de 2.862 a 5.724 Reais,1 Despesas com alimentação,100.0,100.0
6972,1204,Distribuição da despesa monetária e não monetária média mensal familiar,%,Unidade da Federação,50,Mato Grosso do Sul,2018,Mais de 2.862 a 5.724 Reais,1 Despesas com alimentação,100.0,100.0
6972,1204,Distribuição da despesa monetária e não monetária média mensal familiar,%,Unidade da Federação,51,Mato Grosso,2018,Mais de 2.862 a 5.724 Reais,1 Despesas com alimentação,100.0,100.0
6972,1204,Distribuição da despesa monetária e não monetária média mensal familiar,%,Unidade da Federação,52,Goiás,2018,Mais de 2.862 a 5.724 Reais,1 Despesas com alimentação,100.0,100.0
6972,1204,Distribuição da despesa monetária e não monetária média mensal familiar,%,Unidade da Federação,53,Distrito Federal,2018,Mais de 2.862 a 5.724 Reais,1 Despesas com alimentação,100.0,100.0
6972,1204,Distribuição da despesa monetária e não monetária média mensal familiar,%,Brasil,1,Brasil,2018,Mais de 2.862 a 5.724 Reais,3 Alimentação fora do domicílio,30.1,30.1
6972,1204,Distribuição da despesa monetária e não monetária média mensal familiar,%,Unidade da Federação,11,Rondônia,2018,Mais de 2.862 a 5.724 Reais,3 Alimentação fora do domicílio,24.9,24.9
6972,1204,Distribuição da despesa monetária e não monetária média mensal familiar,%,Unidade da Federação,12,Acre,2018,Mais de 2.862 a 5.724 Reais,3 Alimentação fora do domicílio,29.5,29.5
6972,1204,Distribuição da despesa monetária e não monetária média mensal familiar,%,Unidade da Federação,13,Amazonas,2018,Mais de 2.862 a 5.724 Reais,3 Alimentação fora do domicílio,21.4,21.4
6972,1204,Distribuição da despesa monetária e não monetária média mensal familiar,%,Unidade da Federação,14,Roraima,2018,Mais de 2.862 a 5.724 Reais,3 Alimentação fora do domicílio,16.7,16.7
6972,1204,Distribuição da despesa monetária e não monetária média mensal familiar,%,Unidade da Federação,15,Pará,2018,Mais de 2.862 a 5.724 Reais,3 Alimentação fora do domicílio,20.0,20.0
6972,1204,Distribuição da despesa monetária e não monetária média mensal familiar,%,Unidade da Federação,16,Amapá,2018,Mais de 2.862 a 5.724 Reais,3 Alimentação fora do domicílio,18.5,18.5
6972,1204,Distribuição da despesa monetária e não monetária média mensal familiar,%,Unidade da Federação,17,Tocantins,2018,Mais de 2.862 a 5.724 Reais,3 Alimentação fora do domicílio,26.2,26.2
6972,1204,Distribuição da despesa monetária e não monetária média mensal familiar,%,Unidade da Federação,21,Maranhão,2018,Mais de 2.862 a 5.724 Reais,3 Alimentação fora do domicílio,22.3,22.3
6972,1204,Distribuição da despesa monetária e não monetária média mensal familiar,%,Unidade da Federação,22,Piauí,2018,Mais de 2.862 a 5.724 Reais,3 Alimentação fora do domicílio,37.7,37.7
6972,1204,Distribuição da despesa monetária e não monetária média mensal familiar,%,Unidade da Federação,23,Ceará,2018,Mais de 2.862 a 5.724 Reais,3 Alimentação fora do domicílio,29.9,29.9
6972,1204,Distribuição da despesa monetária e não monetária média mensal familiar,%,Unidade da Federação,24,Rio Grande do Norte,2018,Mais de 2.862 a 5.724 Reais,3 Alimentação fora do domicílio,38.2,38.2
6972,1204,Distribuição da despesa monetária e não monetária média mensal familiar,%,Unidade da Federação,25,Paraíba,2018,Mais de 2.862 a 5.724 Reais,3 Alimentação fora do domicílio,27.5,27.5
6972,1204,Distribuição da despesa monetária e não monetária média mensal familiar,%,Unidade da Federação,26,Pernambuco,2018,Mais de 2.862 a 5.724 Reais,3 Alimentação fora do domicílio,31.1,31.1
6972,1204,Distribuição da despesa monetária e não monetária média mensal familiar,%,Unidade da Federação,27,Alagoas,2018,Mais de 2.862 a 5.724 Reais,3 Alimentação fora do domicílio,26.4,26.4
6972,1204,Distribuição da despesa monetária e não monetária média mensal familiar,%,Unidade da Federação,28,Sergipe,2018,Mais de 2.862 a 5.724 Reais,3 Alimentação fora do domicílio,52.6,52.6
6972,1204,Distribuição da despesa monetária e não monetária média mensal familiar,%,Unidade da Federação,29,Bahia,2018,Mais de 2.862 a 5.724 Reais,3 Alimentação fora do domicílio,40.4,40.4
6972,1204,Distribuição da despesa monetária e não monetária média mensal familiar,%,Unidade da Federação,31,Minas Gerais,2018,Mais de 2.862 a 5.724 Reais,3 Alimentação fora do domicílio,36.6,36.6
6972,1204,Distribuição da despesa monetária e não monetária média mensal familiar,%,Unidade da Federação,32,Espírito Santo,2018,Mais de 2.862 a 5.724 Reais,3 Alimentação fora do domicílio,29.8,29.8
6972,1204,Distribuição da despesa monetária e não monetária média mensal familiar,%,Unidade da Federação,33,Rio de Janeiro,2018,Mais de 2.862 a 5.724 Reais,3 Alimentação fora do domicílio,25.3,25.3
6972,1204,Distribuição da despesa monetária e não monetária média mensal familiar,%,Unidade da Federação,35,São Paulo,2018,Mais de 2.862 a 5.724 Reais,3 Alimentação fora do domicílio,25.2,25.2
6972,1204,Distribuição da despesa monetária e não monetária média mensal familiar,%,Unidade da Federação,41,Paraná,2018,Mais de 2.862 a 5.724 Reais,3 Alimentação fora do domicílio,25.8,25.8
6972,1204,Distribuição da despesa monetária e não monetária média mensal familiar,%,Unidade da Federação,42,Santa Catarina,2018,Mais de 2.862 a 5.724 Reais,3 Alimentação fora do domicílio,22.8,22.8
6972,1204,Distribuição da despesa monetária e não monetária média mensal familiar,%,Unidade da Federação,43,Rio Grande do Sul,2018,Mais de 2.862 a 5.724 Reais,3 Alimentação fora do domicílio,30.2,30.2
6972,1204,Distribuição da despesa monetária e não monetária média mensal familiar,%,Unidade da Federação,50,Mato Grosso do Sul,2018,Mais de 2.862 a 5.724 Reais,3 Alimentação fora do domicílio,42.7,42.7
6972,1204,Distribuição da despesa monetária e não monetária média mensal familiar,%,Unidade da Federação,51,Mato Grosso,2018,Mais de 2.862 a 5.724 Reais,3 Alimentação fora do domicílio,35.5,35.5
6972,1204,Distribuição da despesa monetária e não monetária média mensal familiar,%,Unidade da Federação,52,Goiás,2018,Mais de 2.862 a 5.724 Reais,3 Alimentação fora do domicílio,35.1,35.1
6972,1204,Distribuição da despesa monetária e não monetária média mensal familiar,%,Unidade da Federação,53,Distrito Federal,2018,Mais de 2.862 a 5.724 Reais,3 Alimentação fora do domicílio,31.1,31.1
6972,1204,Distribuição da despesa monetária e não monetária média mensal familiar,%,Brasil,1,Brasil,2018,Mais de 2.862 a 5.724 Reais,3.1 Almoço e jantar,18.8,18.8
6972,1204,Distribuição da despesa monetária e não monetária média mensal familiar,%,Unidade da Federação,11,Rondônia,2018,Mais de 2.862 a 5.724 Reais,3.1 Almoço e jantar,15.8,15.8
6972,1204,Distribuição da despesa monetária e não monetária média mensal familiar,%,Unidade da Federação,12,Acre,2018,Mais de 2.862 a 5.724 Reais,3.1 Almoço e jantar,18.6,18.6
6972,1204,Distribuição da despesa monetária e não monetária média mensal familiar,%,Unidade da Federação,13,Amazonas,2018,Mais de 2.862 a 5.724 Reais,3.1 Almoço e jantar,13.0,13.0
6972,1204,Distribuição da despesa monetária e não monetária média mensal familiar,%,Unidade da Federação,14,Roraima,2018,Mais de 2.862 a 5.724 Reais,3.1 Almoço e jantar,12.7,12.7
6972,1204,Distribuição da despesa monetária e não monetária média mensal familiar,%,Unidade da Federação,15,Pará,2018,Mais de 2.862 a 5.724 Reais,3.1 Almoço e jantar,11.9,11.9
6972,1204,Distribuição da despesa monetária e não monetária média mensal familiar,%,Unidade da Federação,16,Amapá,2018,Mais de 2.862 a 5.724 Reais,3.1 Almoço e jantar,9.8,9.8
6972,1204,Distribuição da despesa monetária e não monetária média mensal familiar,%,Unidade da Federação,17,Tocantins,2018,Mais de 2.862 a 5.724 Reais,3.1 Almoço e jantar,13.7,13.7
6972,1204,Distribuição da despesa monetária e não monetária média mensal familiar,%,Unidade da Federação,21,Maranhão,2018,Mais de 2.862 a 5.724 Reais,3.1 Almoço e jantar,13.7,13.7
6972,1204,Distribuição da despesa monetária e não monetária média mensal familiar,%,Unidade da Federação,22,Piauí,2018,Mais de 2.862 a 5.724 Reais,3.1 Almoço e jantar,24.1,24.1
6972,1204,Distribuição da despesa monetária e não monetária média mensal familiar,%,Unidade da Federação,23,Ceará,2018,Mais de 2.862 a 5.724 Reais,3.1 Almoço e jantar,21.2,21.2
6972,1204,Distribuição da despesa monetária e não monetária média mensal familiar,%,Unidade da Federação,24,Rio Grande do Norte,2018,Mais de 2.862 a 5.724 Reais,3.1 Almoço e jantar,22.7,22.7
6972,1204,Distribuição da despesa monetária e não monetária média mensal familiar,%,Unidade da Federação,25,Paraíba,2018,Mais de 2.862 a 5.724 Reais,3.1 Almoço e jantar,18.7,18.7
6972,1204,Distribuição da despesa monetária e não monetária média mensal familiar,%,Unidade da Federação,26,Pernambuco,2018,Mais de 2.862 a 5.724 Reais,3.1 Almoço e jantar,20.1,20.1
6972,1204,Distribuição da despesa monetária e não monetária média mensal familiar,%,Unidade da Federação,27,Alagoas,2018,Mais de 2.862 a 5.724 Reais,3.1 Almoço e jantar,15.8,15.8
6972,1204,Distribuição da despesa monetária e não monetária média mensal familiar,%,Unidade da Federação,28,Sergipe,2018,Mais de 2.862 a 5.724 Reais,3.1 Almoço e jantar,33.0,33.0
6972,1204,Distribuição da despesa monetária e não monetária média mensal familiar,%,Unidade da Federação,29,Bahia,2018,Mais de 2.862 a 5.724 Reais,3.1 Almoço e jantar,26.1,26.1
6972,1204,Distribuição da despesa monetária e não monetária média mensal familiar,%,Unidade da Federação,31,Minas Gerais,2018,Mais de 2.862 a 5.724 Reais,3.1 Almoço e jantar,19.7,19.7
6972,1204,Distribuição da despesa monetária e não monetária média mensal familiar,%,Unidade da Federação,32,Espírito Santo,2018,Mais de 2.862 a 5.724 Reais,3.1 Almoço e jantar,15.3,15.3
6972,1204,Distribuição da despesa monetária e não monetária média mensal familiar,%,Unidade da Federação,33,Rio de Janeiro,2018,Mais de 2.862 a 5.724 Reais,3.1 Almoço e jantar,18.1,18.1
6972,1204,Distribuição da despesa monetária e não monetária média mensal familiar,%,Unidade da Federação,35,São Paulo,2018,Mais de 2.862 a 5.724 Reais,3.1 Almoço e jantar,16.1,16.1
6972,1204,Distribuição da despesa monetária e não monetária média mensal familiar,%,Unidade da Federação,41,Paraná,2018,Mais de 2.862 a 5.724 Reais,3.1 Almoço e jantar,16.0,16.0
6972,1204,Distribuição da despesa monetária e não monetária média mensal familiar,%,Unidade da Federação,42,Santa Catarina,2018,Mais de 2.862 a 5.724 Reais,3.1 Almoço e jantar,13.6,13.6
6972,1204,Distribuição da despesa monetária e não monetária média mensal familiar,%,Unidade da Federação,43,Rio Grande do Sul,2018,Mais de 2.862 a 5.724 Reais,3.1 Almoço e jantar,21.2,21.2
6972,1204,Distribuição da despesa monetária e não monetária média mensal familiar,%,Unidade da Federação,50,Mato Grosso do Sul,2018,Mais de 2.862 a 5.724 Reais,3.1 Almoço e jantar,28.3,28.3
6972,1204,Distribuição da despesa monetária e não monetária média mensal familiar,%,Unidade da Federação,51,Mato Grosso,2018,Mais de 2.862 a 5.724 Reais,3.1 Almoço e jantar,16.9,16.9
6972,1204,Distribuição da despesa monetária e não monetária média mensal familiar,%,Unidade da Federação,52,Goiás,2018,Mais de 2.862 a 5.724 Reais,3.1 Almoço e jantar,22.8,22.8
6972,1204,Distribuição da despesa monetária e não monetária média mensal familiar,%,Unidade da Federação,53,Distrito Federal,2018,Mais de 2.862 a 5.724 Reais,3.1 Almoço e jantar,21.4,21.4
6972,1204,Distribuição da despesa monetária e não monetária média mensal familiar,%,Brasil,1,Brasil,2018,Mais de 2.862 a 5.724 Reais,"3.2 Café, leite, café/leite e chocolate",0.3,0.3
6972,1204,Distribuição da despesa monetária e não monetária média mensal familiar,%,Unidade da Federação,11,Rondônia,2018,Mais de 2.862 a 5.724 Reais,"3.2 Café, leite, café/leite e chocolate",0.3,0.3
6972,1204,Distribuição da despesa monetária e não monetária média mensal familiar,%,Unidade da Federação,12,Acre,2018,Mais de 2.862 a 5.724 Reais,"3.2 Café, leite, café/leite e chocolate",0.5,0.5
6972,1204,Distribuição da despesa monetária e não monetária média mensal familiar,%,Unidade da Federação,13,Amazonas,2018,Mais de 2.862 a 5.724 Reais,"3.2 Café, leite, café/leite e chocolate",0.2,0.2
6972,1204,Distribuição da despesa monetária e não monetária média mensal familiar,%,Unidade da Federação,14,Roraima,2018,Mais de 2.862 a 5.724 Reais,"3.2 Café, leite, café/leite e chocolate",0.0,0.0
6972,1204,Distribuição da despesa monetária e não monetária média mensal familiar,%,Unidade da Federação,15,Pará,2018,Mais de 2.862 a 5.724 Reais,"3.2 Café, leite, café/leite e chocolate",0.2,0.2
6972,1204,Distribuição da despesa monetária e não monetária média mensal familiar,%,Unidade da Federação,16,Amapá,2018,Mais de 2.862 a 5.724 Reais,"3.2 Café, leite, café/leite e chocolate",0.4,0.4
6972,1204,Distribuição da despesa monetária e não monetária média mensal familiar,%,Unidade da Federação,17,Tocantins,2018,Mais de 2.862 a 5.724 Reais,"3.2 Café, leite, café/leite e chocolate",0.1,0.1
6972,1204,Distribuição da despesa monetária e não monetária média mensal familiar,%,Unidade da Federação,21,Maranhão,2018,Mais de 2.862 a 5.724 Reais,"3.2 Café, leite, café/leite e chocolate",0.3,0.3
6972,1204,Distribuição da despesa monetária e não monetária média mensal familiar,%,Unidade da Federação,22,Piauí,2018,Mais de 2.862 a 5.724 Reais,"3.2 Café, leite, café/leite e chocolate",0.4,0.4
6972,1204,Distribuição da despesa monetária e não monetária média mensal familiar,%,Unidade da Federação,23,Ceará,2018,Mais de 2.862 a 5.724 Reais,"3.2 Café, leite, café/leite e chocolate",0.4,0.4
6972,1204,Distribuição da despesa monetária e não monetária média mensal familiar,%,Unidade da Federação,24,Rio Grande do Norte,2018,Mais de 2.862 a 5.724 Reais,"3.2 Café, leite, café/leite e chocolate",0.1,0.1
6972,1204,Distribuição da despesa monetária e não monetária média mensal familiar,%,Unidade da Federação,25,Paraíba,2018,Mais de 2.862 a 5.724 Reais,"3.2 Café, leite, café/leite e chocolate",0.2,0.2
6972,1204,Distribuição da despesa monetária e não monetária média mensal familiar,%,Unidade da Federação,26,Pernambuco,2018,Mais de 2.862 a 5.724 Reais,"3.2 Café, leite, café/leite e chocolate",0.1,0.1
6972,1204,Distribuição da despesa monetária e não monetária média mensal familiar,%,Unidade da Federação,27,Alagoas,2018,Mais de 2.862 a 5.724 Reais,"3.2 Café, leite, café/leite e chocolate",0.1,0.1
6972,1204,Distribuição da despesa monetária e não monetária média mensal familiar,%,Unidade da Federação,28,Sergipe,2018,Mais de 2.862 a 5.724 Reais,"3.2 Café, leite, café/leite e chocolate",0.2,0.2
6972,1204,Distribuição da despesa monetária e não monetária média mensal familiar,%,Unidade da Federação,29,Bahia,2018,Mais de 2.862 a 5.724 Reais,"3.2 Café, leite, café/leite e chocolate",0.3,0.3
6972,1204,Distribuição da despesa monetária e não monetária média mensal familiar,%,Unidade da Federação,31,Minas Gerais,2018,Mais de 2.862 a 5.724 Reais,"3.2 Café, leite, café/leite e chocolate",0.4,0.4
6972,1204,Distribuição da despesa monetária e não monetária média mensal familiar,%,Unidade da Federação,32,Espírito Santo,2018,Mais de 2.862 a 5.724 Reais,"3.2 Café, leite, café/leite e chocolate",0.2,0.2
6972,1204,Distribuição da despesa monetária e não monetária média mensal familiar,%,Unidade da Federação,33,Rio de Janeiro,2018,Mais de 2.862 a 5.724 Reais,"3.2 Café, leite, café/leite e chocolate",0.4,0.4
6972,1204,Distribuição da despesa monetária e não monetária média mensal familiar,%,Unidade da Federação,35,São Paulo,2018,Mais de 2.862 a 5.724 Reais,"3.2 Café, leite, café/leite e chocolate",0.5,0.5
6972,1204,Distribuição da despesa monetária e não monetária média mensal familiar,%,Unidade da Federação,41,Paraná,2018,Mais de 2.862 a 5.724 Reais,"3.2 Café, leite, café/leite e chocolate",0.3,0.3
6972,1204,Distribuição da despesa monetária e não monetária média mensal familiar,%,Unidade da Federação,42,Santa Catarina,2018,Mais de 2.862 a 5.724 Reais,"3.2 Café, leite, café/leite e chocolate",0.2,0.2
6972,1204,Distribuição da despesa monetária e não monetária média mensal familiar,%,Unidade da Federação,43,Rio Grande do Sul,2018,Mais de 2.862 a 5.724 Reais,"3.2 Café, leite, café/leite e chocolate",0.4,0.4
6972,1204,Distribuição da despesa monetária e não monetária média mensal familiar,%,Unidade da Federação,50,Mato Grosso do Sul,2018,Mais de 2.862 a 5.724 Reais,"3.2 Café, leite, café/leite e chocolate",0.6,0.6
6972,1204,Distribuição da despesa monetária e não monetária média mensal familiar,%,Unidade da Federação,51,Mato Grosso,2018,Mais de 2.862 a 5.724 Reais,"3.2 Café, leite, café/leite e chocolate",0.2,0.2
6972,1204,Distribuição da despesa monetária e não monetária média mensal familiar,%,Unidade da Federação,52,Goiás,2018,Mais de 2.862 a 5.724 Reais,"3.2 Café, leite, café/leite e chocolate",0.3,0.3
6972,1204,Distribuição da despesa monetária e não monetária média mensal familiar,%,Unidade da Federação,53,Distrito Federal,2018,Mais de 2.862 a 5.724 Reais,"3.2 Café, leite, café/leite e chocolate",0.3,0.3
6972,1204,Distribuição da despesa monetária e não monetária média mensal familiar,%,Brasil,1,Brasil,2018,Mais de 2.862 a 5.724 Reais,3.3 Sanduíches e salgados,2.8,2.8
6972,1204,Distribuição da despesa monetária e não monetária média mensal familiar,%,Unidade da Federação,11,Rondônia,2018,Mais de 2.862 a 5.724 Reais,3.3 Sanduíches e salgados,3.0,3.0
6972,1204,Distribuição da despesa monetária e não monetária média mensal familiar,%,Unidade da Federação,12,Acre,2018,Mais de 2.862 a 5.724 Reais,3.3 Sanduíches e salgados,2.4,2.4
6972,1204,Distribuição da despesa monetária e não monetária média mensal familiar,%,Unidade da Federação,13,Amazonas,2018,Mais de 2.862 a 5.724 Reais,3.3 Sanduíches e salgados,2.0,2.0
6972,1204,Distribuição da despesa monetária e não monetária média mensal familiar,%,Unidade da Federação,14,Roraima,2018,Mais de 2.862 a 5.724 Reais,3.3 Sanduíches e salgados,0.8,0.8
6972,1204,Distribuição da despesa monetária e não monetária média mensal familiar,%,Unidade da Federação,15,Pará,2018,Mais de 2.862 a 5.724 Reais,3.3 Sanduíches e salgados,2.5,2.5
6972,1204,Distribuição da despesa monetária e não monetária média mensal familiar,%,Unidade da Federação,16,Amapá,2018,Mais de 2.862 a 5.724 Reais,3.3 Sanduíches e salgados,2.3,2.3
6972,1204,Distribuição da despesa monetária e não monetária média mensal familiar,%,Unidade da Federação,17,Tocantins,2018,Mais de 2.862 a 5.724 Reais,3.3 Sanduíches e salgados,3.1,3.1
6972,1204,Distribuição da despesa monetária e não monetária média mensal familiar,%,Unidade da Federação,21,Maranhão,2018,Mais de 2.862 a 5.724 Reais,3.3 Sanduíches e salgados,2.1,2.1
6972,1204,Distribuição da despesa monetária e não monetária média mensal familiar,%,Unidade da Federação,22,Piauí,2018,Mais de 2.862 a 5.724 Reais,3.3 Sanduíches e salgados,2.0,2.0
6972,1204,Distribuição da despesa monetária e não monetária média mensal familiar,%,Unidade da Federação,23,Ceará,2018,Mais de 2.862 a 5.724 Reais,3.3 Sanduíches e salgados,2.4,2.4
6972,1204,Distribuição da despesa monetária e não monetária média mensal familiar,%,Unidade da Federação,24,Rio Grande do Norte,2018,Mais de 2.862 a 5.724 Reais,3.3 Sanduíches e salgados,3.1,3.1
6972,1204,Distribuição da despesa monetária e não monetária média mensal familiar,%,Unidade da Federação,25,Paraíba,2018,Mais de 2.862 a 5.724 Reais,3.3 Sanduíches e salgados,2.6,2.6
6972,1204,Distribuição da despesa monetária e não monetária média mensal familiar,%,Unidade da Federação,26,Pernambuco,2018,Mais de 2.862 a 5.724 Reais,3.3 Sanduíches e salgados,3.4,3.4
6972,1204,Distribuição da despesa monetária e não monetária média mensal familiar,%,Unidade da Federação,27,Alagoas,2018,Mais de 2.862 a 5.724 Reais,3.3 Sanduíches e salgados,1.9,1.9
6972,1204,Distribuição da despesa monetária e não monetária média mensal familiar,%,Unidade da Federação,28,Sergipe,2018,Mais de 2.862 a 5.724 Reais,3.3 Sanduíches e salgados,2.0,2.0
6972,1204,Distribuição da despesa monetária e não monetária média mensal familiar,%,Unidade da Federação,29,Bahia,2018,Mais de 2.862 a 5.724 Reais,3.3 Sanduíches e salgados,3.1,3.1
6972,1204,Distribuição da despesa monetária e não monetária média mensal familiar,%,Unidade da Federação,31,Minas Gerais,2018,Mais de 2.862 a 5.724 Reais,3.3 Sanduíches e salgados,2.4,2.4
6972,1204,Distribuição da despesa monetária e não monetária média mensal familiar,%,Unidade da Federação,32,Espírito Santo,2018,Mais de 2.862 a 5.724 Reais,3.3 Sanduíches e salgados,2.8,2.8
6972,1204,Distribuição da despesa monetária e não monetária média mensal familiar,%,Unidade da Federação,33,Rio de Janeiro,2018,Mais de 2.862 a 5.724 Reais,3.3 Sanduíches e salgados,2.3,2.3
6972,1204,Distribuição da despesa monetária e não monetária média mensal familiar,%,Unidade da Federação,35,São Paulo,2018,Mais de 2.862 a 5.724 Reais,3.3 Sanduíches e salgados,3.1,3.1
6972,1204,Distribuição da despesa monetária e não monetária média mensal familiar,%,Unidade da Federação,41,Paraná,2018,Mais de 2.862 a 5.724 Reais,3.3 Sanduíches e salgados,3.4,3.4
6972,1204,Distribuição da despesa monetária e não monetária média mensal familiar,%,Unidade da Federação,42,Santa Catarina,2018,Mais de 2.862 a 5.724 Reais,3.3 Sanduíches e salgados,2.5,2.5
6972,1204,Distribuição da despesa monetária e não monetária média mensal familiar,%,Unidade da Federação,43,Rio Grande do Sul,2018,Mais de 2.862 a 5.724 Reais,3.3 Sanduíches e salgados,2.8,2.8
6972,1204,Distribuição da despesa monetária e não monetária média mensal familiar,%,Unidade da Federação,50,Mato Grosso do Sul,2018,Mais de 2.862 a 5.724 Reais,3.3 Sanduíches e salgados,3.3,3.3
6972,1204,Distribuição da despesa monetária e não monetária média mensal familiar,%,Unidade da Federação,51,Mato Grosso,2018,Mais de 2.862 a 5.724 Reais,3.3 Sanduíches e salgados,2.8,2.8
6972,1204,Distribuição da despesa monetária e não monetária média mensal familiar,%,Unidade da Federação,52,Goiás,2018,Mais de 2.862 a 5.724 Reais,3.3 Sanduíches e salgados,3.2,3.2
6972,1204,Distribuição da despesa monetária e não monetária média mensal familiar,%,Unidade da Federação,53,Distrito Federal,2018,Mais de 2.862 a 5.724 Reais,3.3 Sanduíches e salgados,3.9,3.9
6972,1204,Distribuição da despesa monetária e não monetária média mensal familiar,%,Brasil,1,Brasil,2018,Mais de 2.862 a 5.724 Reais,3.4 Refrigerantes e outras bebidas não alcoólicas,1.2,1.2
6972,1204,Distribuição da despesa monetária e não monetária média mensal familiar,%,Unidade da Federação,11,Rondônia,2018,Mais de 2.862 a 5.724 Reais,3.4 Refrigerantes e outras bebidas não alcoólicas,1.2,1.2
6972,1204,Distribuição da despesa monetária e não monetária média mensal familiar,%,Unidade da Federação,12,Acre,2018,Mais de 2.862 a 5.724 Reais,3.4 Refrigerantes e outras bebidas não alcoólicas,2.6,2.6
6972,1204,Distribuição da despesa monetária e não monetária média mensal familiar,%,Unidade da Federação,13,Amazonas,2018,Mais de 2.862 a 5.724 Reais,3.4 Refrigerantes e outras bebidas não alcoólicas,0.8,0.8
6972,1204,Distribuição da despesa monetária e não monetária média mensal familiar,%,Unidade da Federação,14,Roraima,2018,Mais de 2.862 a 5.724 Reais,3.4 Refrigerantes e outras bebidas não alcoólicas,0.2,0.2
6972,1204,Distribuição da despesa monetária e não monetária média mensal familiar,%,Unidade da Federação,15,Pará,2018,Mais de 2.862 a 5.724 Reais,3.4 Refrigerantes e outras bebidas não alcoólicas,1.5,1.5
6972,1204,Distribuição da despesa monetária e não monetária média mensal familiar,%,Unidade da Federação,16,Amapá,2018,Mais de 2.862 a 5.724 Reais,3.4 Refrigerantes e outras bebidas não alcoólicas,1.5,1.5
6972,1204,Distribuição da despesa monetária e não monetária média mensal familiar,%,Unidade da Federação,17,Tocantins,2018,Mais de 2.862 a 5.724 Reais,3.4 Refrigerantes e outras bebidas não alcoólicas,1.6,1.6
6972,1204,Distribuição da despesa monetária e não monetária média mensal familiar,%,Unidade da Federação,21,Maranhão,2018,Mais de 2.862 a 5.724 Reais,3.4 Refrigerantes e outras bebidas não alcoólicas,1.2,1.2
6972,1204,Distribuição da despesa monetária e não monetária média mensal familiar,%,Unidade da Federação,22,Piauí,2018,Mais de 2.862 a 5.724 Reais,3.4 Refrigerantes e outras bebidas não alcoólicas,1.7,1.7
6972,1204,Distribuição da despesa monetária e não monetária média mensal familiar,%,Unidade da Federação,23,Ceará,2018,Mais de 2.862 a 5.724 Reais,3.4 Refrigerantes e outras bebidas não alcoólicas,1.5,1.5
6972,1204,Distribuição da despesa monetária e não monetária média mensal familiar,%,Unidade da Federação,24,Rio Grande do Norte,2018,Mais de 2.862 a 5.724 Reais,3.4 Refrigerantes e outras bebidas não alcoólicas,1.2,1.2
6972,1204,Distribuição da despesa monetária e não monetária média mensal familiar,%,Unidade da Federação,25,Paraíba,2018,Mais de 2.862 a 5.724 Reais,3.4 Refrigerantes e outras bebidas não alcoólicas,1.3,1.3
6972,1204,Distribuição da despesa monetária e não monetária média mensal familiar,%,Unidade da Federação,26,Pernambuco,2018,Mais de 2.862 a 5.724 Reais,3.4 Refrigerantes e outras bebidas não alcoólicas,1.1,1.1
6972,1204,Distribuição da despesa monetária e não monetária média mensal familiar,%,Unidade da Federação,27,Alagoas,2018,Mais de 2.862 a 5.724 Reais,3.4 Refrigerantes e outras bebidas não alcoólicas,1.4,1.4
6972,1204,Distribuição da despesa monetária e não monetária média mensal familiar,%,Unidade da Federação,28,Sergipe,2018,Mais de 2.862 a 5.724 Reais,3.4 Refrigerantes e outras bebidas não alcoólicas,5.9,5.9
6972,1204,Distribuição da despesa monetária e não monetária média mensal familiar,%,Unidade da Federação,29,Bahia,2018,Mais de 2.862 a 5.724 Reais,3.4 Refrigerantes e outras bebidas não alcoólicas,1.7,1.7
6972,1204,Distribuição da despesa monetária e não monetária média mensal familiar,%,Unidade da Federação,31,Minas Gerais,2018,Mais de 2.862 a 5.724 Reais,3.4 Refrigerantes e outras bebidas não alcoólicas,1.0,1.0
6972,1204,Distribuição da despesa monetária e não monetária média mensal familiar,%,Unidade da Federação,32,Espírito Santo,2018,Mais de 2.862 a 5.724 Reais,3.4 Refrigerantes e outras bebidas não alcoólicas,1.0,1.0
6972,1204,Distribuição da despesa monetária e não monetária média mensal familiar,%,Unidade da Federação,33,Rio de Janeiro,2018,Mais de 2.862 a 5.724 Reais,3.4 Refrigerantes e outras bebidas não alcoólicas,0.7,0.7
6972,1204,Distribuição da despesa monetária e não monetária média mensal familiar,%,Unidade da Federação,35,São Paulo,2018,Mais de 2.862 a 5.724 Reais,3.4 Refrigerantes e outras bebidas não alcoólicas,1.0,1.0
6972,1204,Distribuição da despesa monetária e não monetária média mensal familiar,%,Unidade da Federação,41,Paraná,2018,Mais de 2.862 a 5.724 Reais,3.4 Refrigerantes e outras bebidas não alcoólicas,0.8,0.8
6972,1204,Distribuição da despesa monetária e não monetária média mensal familiar,%,Unidade da Federação,42,Santa Catarina,2018,Mais de 2.862 a 5.724 Reais,3.4 Refrigerantes e outras bebidas não alcoólicas,0.8,0.8
6972,1204,Distribuição da despesa monetária e não monetária média mensal familiar,%,Unidade da Federação,43,Rio Grande do Sul,2018,Mais de 2.862 a 5.724 Reais,3.4 Refrigerantes e outras bebidas não alcoólicas,1.1,1.1
6972,1204,Distribuição da despesa monetária e não monetária média mensal familiar,%,Unidade da Federação,50,Mato Grosso do Sul,2018,Mais de 2.862 a 5.724 Reais,3.4 Refrigerantes e outras bebidas não alcoólicas,1.2,1.2
6972,1204,Distribuição da despesa monetária e não monetária média mensal familiar,%,Unidade da Federação,51,Mato Grosso,2018,Mais de 2.862 a 5.724 Reais,3.4 Refrigerantes e outras bebidas não alcoólicas,1.8,1.8
6972,1204,Distribuição da despesa monetária e não monetária média mensal familiar,%,Unidade da Federação,52,Goiás,2018,Mais de 2.862 a 5.724 Reais,3.4 Refrigerantes e outras bebidas não alcoólicas,1.0,1.0
6972,1204,Distribuição da despesa monetária e não monetária média mensal familiar,%,Unidade da Federação,53,Distrito Federal,2018,Mais de 2.862 a 5.724 Reais,3.4 Refrigerantes e outras bebidas não alcoólicas,0.9,0.9
6972,1204,Distribuição da despesa monetária e não monetária média mensal familiar,%,Brasil,1,Brasil,2018,Mais de 2.862 a 5.724 Reais,3.5 Lanches,2.5,2.5
6972,1204,Distribuição da despesa monetária e não monetária média mensal familiar,%,Unidade da Federação,11,Rondônia,2018,Mais de 2.862 a 5.724 Reais,3.5 Lanches,1.7,1.7
6972,1204,Distribuição da despesa monetária e não monetária média mensal familiar,%,Unidade da Federação,12,Acre,2018,Mais de 2.862 a 5.724 Reais,3.5 Lanches,2.9,2.9
6972,1204,Distribuição da despesa monetária e não monetária média mensal familiar,%,Unidade da Federação,13,Amazonas,2018,Mais de 2.862 a 5.724 Reais,3.5 Lanches,2.4,2.4
6972,1204,Distribuição da despesa monetária e não monetária média mensal familiar,%,Unidade da Federação,14,Roraima,2018,Mais de 2.862 a 5.724 Reais,3.5 Lanches,0.7,0.7
6972,1204,Distribuição da despesa monetária e não monetária média mensal familiar,%,Unidade da Federação,15,Pará,2018,Mais de 2.862 a 5.724 Reais,3.5 Lanches,1.5,1.5
6972,1204,Distribuição da despesa monetária e não monetária média mensal familiar,%,Unidade da Federação,16,Amapá,2018,Mais de 2.862 a 5.724 Reais,3.5 Lanches,1.7,1.7
6972,1204,Distribuição da despesa monetária e não monetária média mensal familiar,%,Unidade da Federação,17,Tocantins,2018,Mais de 2.862 a 5.724 Reais,3.5 Lanches,-,0.0
6972,1204,Distribuição da despesa monetária e não monetária média mensal familiar,%,Unidade da Federação,21,Maranhão,2018,Mais de 2.862 a 5.724 Reais,3.5 Lanches,1.3,1.3
6972,1204,Distribuição da despesa monetária e não monetária média mensal familiar,%,Unidade da Federação,22,Piauí,2018,Mais de 2.862 a 5.724 Reais,3.5 Lanches,5.0,5.0
6972,1204,Distribuição da despesa monetária e não monetária média mensal familiar,%,Unidade da Federação,23,Ceará,2018,Mais de 2.862 a 5.724 Reais,3.5 Lanches,2.3,2.3
6972,1204,Distribuição da despesa monetária e não monetária média mensal familiar,%,Unidade da Federação,24,Rio Grande do Norte,2018,Mais de 2.862 a 5.724 Reais,3.5 Lanches,5.8,5.8
6972,1204,Distribuição da despesa monetária e não monetária média mensal familiar,%,Unidade da Federação,25,Paraíba,2018,Mais de 2.862 a 5.724 Reais,3.5 Lanches,2.9,2.9
6972,1204,Distribuição da despesa monetária e não monetária média mensal familiar,%,Unidade da Federação,26,Pernambuco,2018,Mais de 2.862 a 5.724 Reais,3.5 Lanches,2.7,2.7
6972,1204,Distribuição da despesa monetária e não monetária média mensal familiar,%,Unidade da Federação,27,Alagoas,2018,Mais de 2.862 a 5.724 Reais,3.5 Lanches,3.9,3.9
6972,1204,Distribuição da despesa monetária e não monetária média mensal familiar,%,Unidade da Federação,28,Sergipe,2018,Mais de 2.862 a 5.724 Reais,3.5 Lanches,8.1,8.1
6972,1204,Distribuição da despesa monetária e não monetária média mensal familiar,%,Unidade da Federação,29,Bahia,2018,Mais de 2.862 a 5.724 Reais,3.5 Lanches,4.2,4.2
6972,1204,Distribuição da despesa monetária e não monetária média mensal familiar,%,Unidade da Federação,31,Minas Gerais,2018,Mais de 2.862 a 5.724 Reais,3.5 Lanches,4.1,4.1
6972,1204,Distribuição da despesa monetária e não monetária média mensal familiar,%,Unidade da Federação,32,Espírito Santo,2018,Mais de 2.862 a 5.724 Reais,3.5 Lanches,4.1,4.1
6972,1204,Distribuição da despesa monetária e não monetária média mensal familiar,%,Unidade da Federação,33,Rio de Janeiro,2018,Mais de 2.862 a 5.724 Reais,3.5 Lanches,1.0,1.0
6972,1204,Distribuição da despesa monetária e não monetária média mensal familiar,%,Unidade da Federação,35,São Paulo,2018,Mais de 2.862 a 5.724 Reais,3.5 Lanches,1.4,1.4
6972,1204,Distribuição da despesa monetária e não monetária média mensal familiar,%,Unidade da Federação,41,Paraná,2018,Mais de 2.862 a 5.724 Reais,3.5 Lanches,1.9,1.9
6972,1204,Distribuição da despesa monetária e não monetária média mensal familiar,%,Unidade da Federação,42,Santa Catarina,2018,Mais de 2.862 a 5.724 Reais,3.5 Lanches,0.6,0.6
6972,1204,Distribuição da despesa monetária e não monetária média mensal familiar,%,Unidade da Federação,43,Rio Grande do Sul,2018,Mais de 2.862 a 5.724 Reais,3.5 Lanches,1.9,1.9
6972,1204,Distribuição da despesa monetária e não monetária média mensal familiar,%,Unidade da Federação,50,Mato Grosso do Sul,2018,Mais de 2.862 a 5.724 Reais,3.5 Lanches,3.8,3.8
6972,1204,Distribuição da despesa monetária e não monetária média mensal familiar,%,Unidade da Federação,51,Mato Grosso,2018,Mais de 2.862 a 5.724 Reais,3.5 Lanches,2.2,2.2
6972,1204,Distribuição da despesa monetária e não monetária média mensal familiar,%,Unidade da Federação,52,Goiás,2018,Mais de 2.862 a 5.724 Reais,3.5 Lanches,3.1,3.1
6972,1204,Distribuição da despesa monetária e não monetária média mensal familiar,%,Unidade da Federação,53,Distrito Federal,2018,Mais de 2.862 a 5.724 Reais,3.5 Lanches,2.3,2.3
6972,1204,Distribuição da despesa monetária e não monetária média mensal familiar,%,Brasil,1,Brasil,2018,Mais de 2.862 a 5.724 Reais,"3.6 Cervejas, chopes e outras bebidas alcoólicas",1.6,1.6
6972,1204,Distribuição da despesa monetária e não monetária média mensal familiar,%,Unidade da Federação,11,Rondônia,2018,Mais de 2.862 a 5.724 Reais,"3.6 Cervejas, chopes e outras bebidas alcoólicas",1.9,1.9
6972,1204,Distribuição da despesa monetária e não monetária média mensal familiar,%,Unidade da Federação,12,Acre,2018,Mais de 2.862 a 5.724 Reais,"3.6 Cervejas, chopes e outras bebidas alcoólicas",1.1,1.1
6972,1204,Distribuição da despesa monetária e não monetária média mensal familiar,%,Unidade da Federação,13,Amazonas,2018,Mais de 2.862 a 5.724 Reais,"3.6 Cervejas, chopes e outras bebidas alcoólicas",2.3,2.3
6972,1204,Distribuição da despesa monetária e não monetária média mensal familiar,%,Unidade da Federação,14,Roraima,2018,Mais de 2.862 a 5.724 Reais,"3.6 Cervejas, chopes e outras bebidas alcoólicas",0.6,0.6
6972,1204,Distribuição da despesa monetária e não monetária média mensal familiar,%,Unidade da Federação,15,Pará,2018,Mais de 2.862 a 5.724 Reais,"3.6 Cervejas, chopes e outras bebidas alcoólicas",1.5,1.5
6972,1204,Distribuição da despesa monetária e não monetária média mensal familiar,%,Unidade da Federação,16,Amapá,2018,Mais de 2.862 a 5.724 Reais,"3.6 Cervejas, chopes e outras bebidas alcoólicas",1.1,1.1
6972,1204,Distribuição da despesa monetária e não monetária média mensal familiar,%,Unidade da Federação,17,Tocantins,2018,Mais de 2.862 a 5.724 Reais,"3.6 Cervejas, chopes e outras bebidas alcoólicas",6.0,6.0
6972,1204,Distribuição da despesa monetária e não monetária média mensal familiar,%,Unidade da Federação,21,Maranhão,2018,Mais de 2.862 a 5.724 Reais,"3.6 Cervejas, chopes e outras bebidas alcoólicas",2.8,2.8
6972,1204,Distribuição da despesa monetária e não monetária média mensal familiar,%,Unidade da Federação,22,Piauí,2018,Mais de 2.862 a 5.724 Reais,"3.6 Cervejas, chopes e outras bebidas alcoólicas",2.7,2.7
6972,1204,Distribuição da despesa monetária e não monetária média mensal familiar,%,Unidade da Federação,23,Ceará,2018,Mais de 2.862 a 5.724 Reais,"3.6 Cervejas, chopes e outras bebidas alcoólicas",1.1,1.1
6972,1204,Distribuição da despesa monetária e não monetária média mensal familiar,%,Unidade da Federação,24,Rio Grande do Norte,2018,Mais de 2.862 a 5.724 Reais,"3.6 Cervejas, chopes e outras bebidas alcoólicas",2.3,2.3
6972,1204,Distribuição da despesa monetária e não monetária média mensal familiar,%,Unidade da Federação,25,Paraíba,2018,Mais de 2.862 a 5.724 Reais,"3.6 Cervejas, chopes e outras bebidas alcoólicas",1.2,1.2
6972,1204,Distribuição da despesa monetária e não monetária média mensal familiar,%,Unidade da Federação,26,Pernambuco,2018,Mais de 2.862 a 5.724 Reais,"3.6 Cervejas, chopes e outras bebidas alcoólicas",1.9,1.9
6972,1204,Distribuição da despesa monetária e não monetária média mensal familiar,%,Unidade da Federação,27,Alagoas,2018,Mais de 2.862 a 5.724 Reais,"3.6 Cervejas, chopes e outras bebidas alcoólicas",2.3,2.3
6972,1204,Distribuição da despesa monetária e não monetária média mensal familiar,%,Unidade da Federação,28,Sergipe,2018,Mais de 2.862 a 5.724 Reais,"3.6 Cervejas, chopes e outras bebidas alcoólicas",1.2,1.2
6972,1204,Distribuição da despesa monetária e não monetária média mensal familiar,%,Unidade da Federação,29,Bahia,2018,Mais de 2.862 a 5.724 Reais,"3.6 Cervejas, chopes e outras bebidas alcoólicas",3.1,3.1
6972,1204,Distribuição da despesa monetária e não monetária média mensal familiar,%,Unidade da Federação,31,Minas Gerais,2018,Mais de 2.862 a 5.724 Reais,"3.6 Cervejas, chopes e outras bebidas alcoólicas",1.4,1.4
6972,1204,Distribuição da despesa monetária e não monetária média mensal familiar,%,Unidade da Federação,32,Espírito Santo,2018,Mais de 2.862 a 5.724 Reais,"3.6 Cervejas, chopes e outras bebidas alcoólicas",1.6,1.6
6972,1204,Distribuição da despesa monetária e não monetária média mensal familiar,%,Unidade da Federação,33,Rio de Janeiro,2018,Mais de 2.862 a 5.724 Reais,"3.6 Cervejas, chopes e outras bebidas alcoólicas",2.0,2.0
6972,1204,Distribuição da despesa monetária e não monetária média mensal familiar,%,Unidade da Federação,35,São Paulo,2018,Mais de 2.862 a 5.724 Reais,"3.6 Cervejas, chopes e outras bebidas alcoólicas",1.2,1.2
6972,1204,Distribuição da despesa monetária e não monetária média mensal familiar,%,Unidade da Federação,41,Paraná,2018,Mais de 2.862 a 5.724 Reais,"3.6 Cervejas, chopes e outras bebidas alcoólicas",1.2,1.2
6972,1204,Distribuição da despesa monetária e não monetária média mensal familiar,%,Unidade da Federação,42,Santa Catarina,2018,Mais de 2.862 a 5.724 Reais,"3.6 Cervejas, chopes e outras bebidas alcoólicas",1.9,1.9
6972,1204,Distribuição da despesa monetária e não monetária média mensal familiar,%,Unidade da Federação,43,Rio Grande do Sul,2018,Mais de 2.862 a 5.724 Reais,"3.6 Cervejas, chopes e outras bebidas alcoólicas",0.9,0.9
6972,1204,Distribuição da despesa monetária e não monetária média mensal familiar,%,Unidade da Federação,50,Mato Grosso do Sul,2018,Mais de 2.862 a 5.724 Reais,"3.6 Cervejas, chopes e outras bebidas alcoólicas",1.5,1.5
6972,1204,Distribuição da despesa monetária e não monetária média mensal familiar,%,Unidade da Federação,51,Mato Grosso,2018,Mais de 2.862 a 5.724 Reais,"3.6 Cervejas, chopes e outras bebidas alcoólicas",1.4,1.4
6972,1204,Distribuição da despesa monetária e não monetária média mensal familiar,%,Unidade da Federação,52,Goiás,2018,Mais de 2.862 a 5.724 Reais,"3.6 Cervejas, chopes e outras bebidas alcoólicas",1.8,1.8
6972,1204,Distribuição da despesa monetária e não monetária média mensal familiar,%,Unidade da Federação,53,Distrito Federal,2018,Mais de 2.862 a 5.724 Reais,"3.6 Cervejas, chopes e outras bebidas alcoólicas",1.2,1.2
6972,1204,Distribuição da despesa monetária e não monetária média mensal familiar,%,Brasil,1,Brasil,2018,Mais de 2.862 a 5.724 Reais,3.8 Alimentação fora do domicílio - light e diet,0.0,0.0
6972,1204,Distribuição da despesa monetária e não monetária média mensal familiar,%,Unidade da Federação,11,Rondônia,2018,Mais de 2.862 a 5.724 Reais,3.8 Alimentação fora do domicílio - light e diet,0.0,0.0
6972,1204,Distribuição da despesa monetária e não monetária média mensal familiar,%,Unidade da Federação,12,Acre,2018,Mais de 2.862 a 5.724 Reais,3.8 Alimentação fora do domicílio - light e diet,-,0.0
6972,1204,Distribuição da despesa monetária e não monetária média mensal familiar,%,Unidade da Federação,13,Amazonas,2018,Mais de 2.862 a 5.724 Reais,3.8 Alimentação fora do domicílio - light e diet,-,0.0
6972,1204,Distribuição da despesa monetária e não monetária média mensal familiar,%,Unidade da Federação,14,Roraima,2018,Mais de 2.862 a 5.724 Reais,3.8 Alimentação fora do domicílio - light e diet,0.0,0.0
6972,1204,Distribuição da despesa monetária e não monetária média mensal familiar,%,Unidade da Federação,15,Pará,2018,Mais de 2.862 a 5.724 Reais,3.8 Alimentação fora do domicílio - light e diet,0.0,0.0
6972,1204,Distribuição da despesa monetária e não monetária média mensal familiar,%,Unidade da Federação,16,Amapá,2018,Mais de 2.862 a 5.724 Reais,3.8 Alimentação fora do domicílio - light e diet,0.0,0.0
6972,1204,Distribuição da despesa monetária e não monetária média mensal familiar,%,Unidade da Federação,17,Tocantins,2018,Mais de 2.862 a 5.724 Reais,3.8 Alimentação fora do domicílio - light e diet,-,0.0
6972,1204,Distribuição da despesa monetária e não monetária média mensal familiar,%,Unidade da Federação,21,Maranhão,2018,Mais de 2.862 a 5.724 Reais,3.8 Alimentação fora do domicílio - light e diet,0.0,0.0
6972,1204,Distribuição da despesa monetária e não monetária média mensal familiar,%,Unidade da Federação,22,Piauí,2018,Mais de 2.862 a 5.724 Reais,3.8 Alimentação fora do domicílio - light e diet,-,0.0
6972,1204,Distribuição da despesa monetária e não monetária média mensal familiar,%,Unidade da Federação,23,Ceará,2018,Mais de 2.862 a 5.724 Reais,3.8 Alimentação fora do domicílio - light e diet,0.0,0.0
6972,1204,Distribuição da despesa monetária e não monetária média mensal familiar,%,Unidade da Federação,24,Rio Grande do Norte,2018,Mais de 2.862 a 5.724 Reais,3.8 Alimentação fora do domicílio - light e diet,0.0,0.0
6972,1204,Distribuição da despesa monetária e não monetária média mensal familiar,%,Unidade da Federação,25,Paraíba,2018,Mais de 2.862 a 5.724 Reais,3.8 Alimentação fora do domicílio - light e diet,-,0.0
6972,1204,Distribuição da despesa monetária e não monetária média mensal familiar,%,Unidade da Federação,26,Pernambuco,2018,Mais de 2.862 a 5.724 Reais,3.8 Alimentação fora do domicílio - light e diet,0.0,0.0
6972,1204,Distribuição da despesa monetária e não monetária média mensal familiar,%,Unidade da Federação,27,Alagoas,2018,Mais de 2.862 a 5.724 Reais,3.8 Alimentação fora do domicílio - light e diet,0.0,0.0
6972,1204,Distribuição da despesa monetária e não monetária média mensal familiar,%,Unidade da Federação,28,Sergipe,2018,Mais de 2.862 a 5.724 Reais,3.8 Alimentação fora do domicílio - light e diet,-,0.0
6972,1204,Distribuição da despesa monetária e não monetária média mensal familiar,%,Unidade da Federação,29,Bahia,2018,Mais de 2.862 a 5.724 Reais,3.8 Alimentação fora do domicílio - light e diet,0.0,0.0
6972,1204,Distribuição da despesa monetária e não monetária média mensal familiar,%,Unidade da Federação,31,Minas Gerais,2018,Mais de 2.862 a 5.724 Reais,3.8 Alimentação fora do domicílio - light e diet,0.0,0.0
6972,1204,Distribuição da despesa monetária e não monetária média mensal familiar,%,Unidade da Federação,32,Espírito Santo,2018,Mais de 2.862 a 5.724 Reais,3.8 Alimentação fora do domicílio - light e diet,-,0.0
6972,1204,Distribuição da despesa monetária e não monetária média mensal familiar,%,Unidade da Federação,33,Rio de Janeiro,2018,Mais de 2.862 a 5.724 Reais,3.8 Alimentação fora do domicílio - light e diet,0.0,0.0
6972,1204,Distribuição da despesa monetária e não monetária média mensal familiar,%,Unidade da Federação,35,São Paulo,2018,Mais de 2.862 a 5.724 Reais,3.8 Alimentação fora do domicílio - light e diet,0.0,0.0
6972,1204,Distribuição da despesa monetária e não monetária média mensal familiar,%,Unidade da Federação,41,Paraná,2018,Mais de 2.862 a 5.724 Reais,3.8 Alimentação fora do domicílio - light e diet,0.0,0.0
6972,1204,Distribuição da despesa monetária e não monetária média mensal familiar,%,Unidade da Federação,42,Santa Catarina,2018,Mais de 2.862 a 5.724 Reais,3.8 Alimentação fora do domicílio - light e diet,0.0,0.0
6972,1204,Distribuição da despesa monetária e não monetária média mensal familiar,%,Unidade da Federação,43,Rio Grande do Sul,2018,Mais de 2.862 a 5.724 Reais,3.8 Alimentação fora do domicílio - light e diet,0.0,0.0
6972,1204,Distribuição da despesa monetária e não monetária média mensal familiar,%,Unidade da Federação,50,Mato Grosso do Sul,2018,Mais de 2.862 a 5.724 Reais,3.8 Alimentação fora do domicílio - light e diet,0.0,0.0
6972,1204,Distribuição da despesa monetária e não monetária média mensal familiar,%,Unidade da Federação,51,Mato Grosso,2018,Mais de 2.862 a 5.724 Reais,3.8 Alimentação fora do domicílio - light e diet,0.0,0.0
6972,1204,Distribuição da despesa monetária e não monetária média mensal familiar,%,Unidade da Federação,52,Goiás,2018,Mais de 2.862 a 5.724 Reais,3.8 Alimentação fora do domicílio - light e diet,0.0,0.0
6972,1204,Distribuição da despesa monetária e não monetária média mensal familiar,%,Unidade da Federação,53,Distrito Federal,2018,Mais de 2.862 a 5.724 Reais,3.8 Alimentação fora do domicílio - light e diet,0.0,0.0
6972,1204,Distribuição da despesa monetária e não monetária média mensal familiar,%,Brasil,1,Brasil,2018,Mais de 2.862 a 5.724 Reais,3.9 Outras,2.8,2.8
6972,1204,Distribuição da despesa monetária e não monetária média mensal familiar,%,Unidade da Federação,11,Rondônia,2018,Mais de 2.862 a 5.724 Reais,3.9 Outras,1.0,1.0
6972,1204,Distribuição da despesa monetária e não monetária média mensal familiar,%,Unidade da Federação,12,Acre,2018,Mais de 2.862 a 5.724 Reais,3.9 Outras,1.5,1.5
6972,1204,Distribuição da despesa monetária e não monetária média mensal familiar,%,Unidade da Federação,13,Amazonas,2018,Mais de 2.862 a 5.724 Reais,3.9 Outras,0.6,0.6
6972,1204,Distribuição da despesa monetária e não monetária média mensal familiar,%,Unidade da Federação,14,Roraima,2018,Mais de 2.862 a 5.724 Reais,3.9 Outras,1.6,1.6
6972,1204,Distribuição da despesa monetária e não monetária média mensal familiar,%,Unidade da Federação,15,Pará,2018,Mais de 2.862 a 5.724 Reais,3.9 Outras,0.9,0.9
6972,1204,Distribuição da despesa monetária e não monetária média mensal familiar,%,Unidade da Federação,16,Amapá,2018,Mais de 2.862 a 5.724 Reais,3.9 Outras,1.7,1.7
6972,1204,Distribuição da despesa monetária e não monetária média mensal familiar,%,Unidade da Federação,17,Tocantins,2018,Mais de 2.862 a 5.724 Reais,3.9 Outras,1.6,1.6
6972,1204,Distribuição da despesa monetária e não monetária média mensal familiar,%,Unidade da Federação,21,Maranhão,2018,Mais de 2.862 a 5.724 Reais,3.9 Outras,0.8,0.8
6972,1204,Distribuição da despesa monetária e não monetária média mensal familiar,%,Unidade da Federação,22,Piauí,2018,Mais de 2.862 a 5.724 Reais,3.9 Outras,1.8,1.8
6972,1204,Distribuição da despesa monetária e não monetária média mensal familiar,%,Unidade da Federação,23,Ceará,2018,Mais de 2.862 a 5.724 Reais,3.9 Outras,0.9,0.9
6972,1204,Distribuição da despesa monetária e não monetária média mensal familiar,%,Unidade da Federação,24,Rio Grande do Norte,2018,Mais de 2.862 a 5.724 Reais,3.9 Outras,2.9,2.9
6972,1204,Distribuição da despesa monetária e não monetária média mensal familiar,%,Unidade da Federação,25,Paraíba,2018,Mais de 2.862 a 5.724 Reais,3.9 Outras,0.6,0.6
6972,1204,Distribuição da despesa monetária e não monetária média mensal familiar,%,Unidade da Federação,26,Pernambuco,2018,Mais de 2.862 a 5.724 Reais,3.9 Outras,1.8,1.8
6972,1204,Distribuição da despesa monetária e não monetária média mensal familiar,%,Unidade da Federação,27,Alagoas,2018,Mais de 2.862 a 5.724 Reais,3.9 Outras,0.9,0.9
6972,1204,Distribuição da despesa monetária e não monetária média mensal familiar,%,Unidade da Federação,28,Sergipe,2018,Mais de 2.862 a 5.724 Reais,3.9 Outras,2.2,2.2
6972,1204,Distribuição da despesa monetária e não monetária média mensal familiar,%,Unidade da Federação,29,Bahia,2018,Mais de 2.862 a 5.724 Reais,3.9 Outras,1.9,1.9
6972,1204,Distribuição da despesa monetária e não monetária média mensal familiar,%,Unidade da Federação,31,Minas Gerais,2018,Mais de 2.862 a 5.724 Reais,3.9 Outras,7.6,7.6
6972,1204,Distribuição da despesa monetária e não monetária média mensal familiar,%,Unidade da Federação,32,Espírito Santo,2018,Mais de 2.862 a 5.724 Reais,3.9 Outras,4.7,4.7
6972,1204,Distribuição da despesa monetária e não monetária média mensal familiar,%,Unidade da Federação,33,Rio de Janeiro,2018,Mais de 2.862 a 5.724 Reais,3.9 Outras,0.9,0.9
6972,1204,Distribuição da despesa monetária e não monetária média mensal familiar,%,Unidade da Federação,35,São Paulo,2018,Mais de 2.862 a 5.724 Reais,3.9 Outras,1.9,1.9
6972,1204,Distribuição da despesa monetária e não monetária média mensal familiar,%,Unidade da Federação,41,Paraná,2018,Mais de 2.862 a 5.724 Reais,3.9 Outras,2.2,2.2
6972,1204,Distribuição da despesa monetária e não monetária média mensal familiar,%,Unidade da Federação,42,Santa Catarina,2018,Mais de 2.862 a 5.724 Reais,3.9 Outras,3.2,3.2
6972,1204,Distribuição da despesa monetária e não monetária média mensal familiar,%,Unidade da Federação,43,Rio Grande do Sul,2018,Mais de 2.862 a 5.724 Reais,3.9 Outras,2.0,2.0
6972,1204,Distribuição da despesa monetária e não monetária média mensal familiar,%,Unidade da Federação,50,Mato Grosso do Sul,2018,Mais de 2.862 a 5.724 Reais,3.9 Outras,4.0,4.0
6972,1204,Distribuição da despesa monetária e não monetária média mensal familiar,%,Unidade da Federação,51,Mato Grosso,2018,Mais de 2.862 a 5.724 Reais,3.9 Outras,10.3,10.3
6972,1204,Distribuição da despesa monetária e não monetária média mensal familiar,%,Unidade da Federação,52,Goiás,2018,Mais de 2.862 a 5.724 Reais,3.9 Outras,2.8,2.8
6972,1204,Distribuição da despesa monetária e não monetária média mensal familiar,%,Unidade da Federação,53,Distrito Federal,2018,Mais de 2.862 a 5.724 Reais,3.9 Outras,1.1,1.1
6972,1204,Distribuição da despesa monetária e não monetária média mensal familiar,%,Brasil,1,Brasil,2018,Mais de 5.724 a 9.540 Reais,1 Despesas com alimentação,100.0,100.0
6972,1204,Distribuição da despesa monetária e não monetária média mensal familiar,%,Unidade da Federação,11,Rondônia,2018,Mais de 5.724 a 9.540 Reais,1 Despesas com alimentação,100.0,100.0
6972,1204,Distribuição da despesa monetária e não monetária média mensal familiar,%,Unidade da Federação,12,Acre,2018,Mais de 5.724 a 9.540 Reais,1 Despesas com alimentação,100.0,100.0
6972,1204,Distribuição da despesa monetária e não monetária média mensal familiar,%,Unidade da Federação,13,Amazonas,2018,Mais de 5.724 a 9.540 Reais,1 Despesas com alimentação,100.0,100.0
6972,1204,Distribuição da despesa monetária e não monetária média mensal familiar,%,Unidade da Federação,14,Roraima,2018,Mais de 5.724 a 9.540 Reais,1 Despesas com alimentação,100.0,100.0
6972,1204,Distribuição da despesa monetária e não monetária média mensal familiar,%,Unidade da Federação,15,Pará,2018,Mais de 5.724 a 9.540 Reais,1 Despesas com alimentação,100.0,100.0
6972,1204,Distribuição da despesa monetária e não monetária média mensal familiar,%,Unidade da Federação,16,Amapá,2018,Mais de 5.724 a 9.540 Reais,1 Despesas com alimentação,100.0,100.0
6972,1204,Distribuição da despesa monetária e não monetária média mensal familiar,%,Unidade da Federação,17,Tocantins,2018,Mais de 5.724 a 9.540 Reais,1 Despesas com alimentação,100.0,100.0
6972,1204,Distribuição da despesa monetária e não monetária média mensal familiar,%,Unidade da Federação,21,Maranhão,2018,Mais de 5.724 a 9.540 Reais,1 Despesas com alimentação,100.0,100.0
6972,1204,Distribuição da despesa monetária e não monetária média mensal familiar,%,Unidade da Federação,22,Piauí,2018,Mais de 5.724 a 9.540 Reais,1 Despesas com alimentação,100.0,100.0
6972,1204,Distribuição da despesa monetária e não monetária média mensal familiar,%,Unidade da Federação,23,Ceará,2018,Mais de 5.724 a 9.540 Reais,1 Despesas com alimentação,100.0,100.0
6972,1204,Distribuição da despesa monetária e não monetária média mensal familiar,%,Unidade da Federação,24,Rio Grande do Norte,2018,Mais de 5.724 a 9.540 Reais,1 Despesas com alimentação,100.0,100.0
6972,1204,Distribuição da despesa monetária e não monetária média mensal familiar,%,Unidade da Federação,25,Paraíba,2018,Mais de 5.724 a 9.540 Reais,1 Despesas com alimentação,100.0,100.0
6972,1204,Distribuição da despesa monetária e não monetária média mensal familiar,%,Unidade da Federação,26,Pernambuco,2018,Mais de 5.724 a 9.540 Reais,1 Despesas com alimentação,100.0,100.0
6972,1204,Distribuição da despesa monetária e não monetária média mensal familiar,%,Unidade da Federação,27,Alagoas,2018,Mais de 5.724 a 9.540 Reais,1 Despesas com alimentação,100.0,100.0
6972,1204,Distribuição da despesa monetária e não monetária média mensal familiar,%,Unidade da Federação,28,Sergipe,2018,Mais de 5.724 a 9.540 Reais,1 Despesas com alimentação,100.0,100.0
6972,1204,Distribuição da despesa monetária e não monetária média mensal familiar,%,Unidade da Federação,29,Bahia,2018,Mais de 5.724 a 9.540 Reais,1 Despesas com alimentação,100.0,100.0
6972,1204,Distribuição da despesa monetária e não monetária média mensal familiar,%,Unidade da Federação,31,Minas Gerais,2018,Mais de 5.724 a 9.540 Reais,1 Despesas com alimentação,100.0,100.0
6972,1204,Distribuição da despesa monetária e não monetária média mensal familiar,%,Unidade da Federação,32,Espírito Santo,2018,Mais de 5.724 a 9.540 Reais,1 Despesas com alimentação,100.0,100.0
6972,1204,Distribuição da despesa monetária e não monetária média mensal familiar,%,Unidade da Federação,33,Rio de Janeiro,2018,Mais de 5.724 a 9.540 Reais,1 Despesas com alimentação,100.0,100.0
6972,1204,Distribuição da despesa monetária e não monetária média mensal familiar,%,Unidade da Federação,35,São Paulo,2018,Mais de 5.724 a 9.540 Reais,1 Despesas com alimentação,100.0,100.0
6972,1204,Distribuição da despesa monetária e não monetária média mensal familiar,%,Unidade da Federação,41,Paraná,2018,Mais de 5.724 a 9.540 Reais,1 Despesas com alimentação,100.0,100.0
6972,1204,Distribuição da despesa monetária e não monetária média mensal familiar,%,Unidade da Federação,42,Santa Catarina,2018,Mais de 5.724 a 9.540 Reais,1 Despesas com alimentação,100.0,100.0
6972,1204,Distribuição da despesa monetária e não monetária média mensal familiar,%,Unidade da Federação,43,Rio Grande do Sul,2018,Mais de 5.724 a 9.540 Reais,1 Despesas com alimentação,100.0,100.0
6972,1204,Distribuição da despesa monetária e não monetária média mensal familiar,%,Unidade da Federação,50,Mato Grosso do Sul,2018,Mais de 5.724 a 9.540 Reais,1 Despesas com alimentação,100.0,100.0
6972,1204,Distribuição da despesa monetária e não monetária média mensal familiar,%,Unidade da Federação,51,Mato Grosso,2018,Mais de 5.724 a 9.540 Reais,1 Despesas com alimentação,100.0,100.0
6972,1204,Distribuição da despesa monetária e não monetária média mensal familiar,%,Unidade da Federação,52,Goiás,2018,Mais de 5.724 a 9.540 Reais,1 Despesas com alimentação,100.0,100.0
6972,1204,Distribuição da despesa monetária e não monetária média mensal familiar,%,Unidade da Federação,53,Distrito Federal,2018,Mais de 5.724 a 9.540 Reais,1 Despesas com alimentação,100.0,100.0
6972,1204,Distribuição da despesa monetária e não monetária média mensal familiar,%,Brasil,1,Brasil,2018,Mais de 5.724 a 9.540 Reais,3 Alimentação fora do domicílio,35.8,35.8
6972,1204,Distribuição da despesa monetária e não monetária média mensal familiar,%,Unidade da Federação,11,Rondônia,2018,Mais de 5.724 a 9.540 Reais,3 Alimentação fora do domicílio,34.3,34.3
6972,1204,Distribuição da despesa monetária e não monetária média mensal familiar,%,Unidade da Federação,12,Acre,2018,Mais de 5.724 a 9.540 Reais,3 Alimentação fora do domicílio,41.1,41.1
6972,1204,Distribuição da despesa monetária e não monetária média mensal familiar,%,Unidade da Federação,13,Amazonas,2018,Mais de 5.724 a 9.540 Reais,3 Alimentação fora do domicílio,23.4,23.4
6972,1204,Distribuição da despesa monetária e não monetária média mensal familiar,%,Unidade da Federação,14,Roraima,2018,Mais de 5.724 a 9.540 Reais,3 Alimentação fora do domicílio,16.4,16.4
6972,1204,Distribuição da despesa monetária e não monetária média mensal familiar,%,Unidade da Federação,15,Pará,2018,Mais de 5.724 a 9.540 Reais,3 Alimentação fora do domicílio,19.1,19.1
6972,1204,Distribuição da despesa monetária e não monetária média mensal familiar,%,Unidade da Federação,16,Amapá,2018,Mais de 5.724 a 9.540 Reais,3 Alimentação fora do domicílio,13.6,13.6
6972,1204,Distribuição da despesa monetária e não monetária média mensal familiar,%,Unidade da Federação,17,Tocantins,2018,Mais de 5.724 a 9.540 Reais,3 Alimentação fora do domicílio,27.1,27.1
6972,1204,Distribuição da despesa monetária e não monetária média mensal familiar,%,Unidade da Federação,21,Maranhão,2018,Mais de 5.724 a 9.540 Reais,3 Alimentação fora do domicílio,30.1,30.1
6972,1204,Distribuição da despesa monetária e não monetária média mensal familiar,%,Unidade da Federação,22,Piauí,2018,Mais de 5.724 a 9.540 Reais,3 Alimentação fora do domicílio,47.8,47.8
6972,1204,Distribuição da despesa monetária e não monetária média mensal familiar,%,Unidade da Federação,23,Ceará,2018,Mais de 5.724 a 9.540 Reais,3 Alimentação fora do domicílio,36.8,36.8
6972,1204,Distribuição da despesa monetária e não monetária média mensal familiar,%,Unidade da Federação,24,Rio Grande do Norte,2018,Mais de 5.724 a 9.540 Reais,3 Alimentação fora do domicílio,44.1,44.1
6972,1204,Distribuição da despesa monetária e não monetária média mensal familiar,%,Unidade da Federação,25,Paraíba,2018,Mais de 5.724 a 9.540 Reais,3 Alimentação fora do domicílio,30.0,30.0
6972,1204,Distribuição da despesa monetária e não monetária média mensal familiar,%,Unidade da Federação,26,Pernambuco,2018,Mais de 5.724 a 9.540 Reais,3 Alimentação fora do domicílio,37.0,37.0
6972,1204,Distribuição da despesa monetária e não monetária média mensal familiar,%,Unidade da Federação,27,Alagoas,2018,Mais de 5.724 a 9.540 Reais,3 Alimentação fora do domicílio,24.9,24.9
6972,1204,Distribuição da despesa monetária e não monetária média mensal familiar,%,Unidade da Federação,28,Sergipe,2018,Mais de 5.724 a 9.540 Reais,3 Alimentação fora do domicílio,47.4,47.4
6972,1204,Distribuição da despesa monetária e não monetária média mensal familiar,%,Unidade da Federação,29,Bahia,2018,Mais de 5.724 a 9.540 Reais,3 Alimentação fora do domicílio,44.9,44.9
6972,1204,Distribuição da despesa monetária e não monetária média mensal familiar,%,Unidade da Federação,31,Minas Gerais,2018,Mais de 5.724 a 9.540 Reais,3 Alimentação fora do domicílio,41.8,41.8
6972,1204,Distribuição da despesa monetária e não monetária média mensal familiar,%,Unidade da Federação,32,Espírito Santo,2018,Mais de 5.724 a 9.540 Reais,3 Alimentação fora do domicílio,34.7,34.7
6972,1204,Distribuição da despesa monetária e não monetária média mensal familiar,%,Unidade da Federação,33,Rio de Janeiro,2018,Mais de 5.724 a 9.540 Reais,3 Alimentação fora do domicílio,31.3,31.3
6972,1204,Distribuição da despesa monetária e não monetária média mensal familiar,%,Unidade da Federação,35,São Paulo,2018,Mais de 5.724 a 9.540 Reais,3 Alimentação fora do domicílio,34.1,34.1
6972,1204,Distribuição da despesa monetária e não monetária média mensal familiar,%,Unidade da Federação,41,Paraná,2018,Mais de 5.724 a 9.540 Reais,3 Alimentação fora do domicílio,33.1,33.1
6972,1204,Distribuição da despesa monetária e não monetária média mensal familiar,%,Unidade da Federação,42,Santa Catarina,2018,Mais de 5.724 a 9.540 Reais,3 Alimentação fora do domicílio,27.4,27.4
6972,1204,Distribuição da despesa monetária e não monetária média mensal familiar,%,Unidade da Federação,43,Rio Grande do Sul,2018,Mais de 5.724 a 9.540 Reais,3 Alimentação fora do domicílio,38.0,38.0
6972,1204,Distribuição da despesa monetária e não monetária média mensal familiar,%,Unidade da Federação,50,Mato Grosso do Sul,2018,Mais de 5.724 a 9.540 Reais,3 Alimentação fora do domicílio,45.0,45.0
6972,1204,Distribuição da despesa monetária e não monetária média mensal familiar,%,Unidade da Federação,51,Mato Grosso,2018,Mais de 5.724 a 9.540 Reais,3 Alimentação fora do domicílio,39.5,39.5
6972,1204,Distribuição da despesa monetária e não monetária média mensal familiar,%,Unidade da Federação,52,Goiás,2018,Mais de 5.724 a 9.540 Reais,3 Alimentação fora do domicílio,38.9,38.9
6972,1204,Distribuição da despesa monetária e não monetária média mensal familiar,%,Unidade da Federação,53,Distrito Federal,2018,Mais de 5.724 a 9.540 Reais,3 Alimentação fora do domicílio,36.4,36.4
6972,1204,Distribuição da despesa monetária e não monetária média mensal familiar,%,Brasil,1,Brasil,2018,Mais de 5.724 a 9.540 Reais,3.1 Almoço e jantar,23.9,23.9
6972,1204,Distribuição da despesa monetária e não monetária média mensal familiar,%,Unidade da Federação,11,Rondônia,2018,Mais de 5.724 a 9.540 Reais,3.1 Almoço e jantar,22.2,22.2
6972,1204,Distribuição da despesa monetária e não monetária média mensal familiar,%,Unidade da Federação,12,Acre,2018,Mais de 5.724 a 9.540 Reais,3.1 Almoço e jantar,22.7,22.7
6972,1204,Distribuição da despesa monetária e não monetária média mensal familiar,%,Unidade da Federação,13,Amazonas,2018,Mais de 5.724 a 9.540 Reais,3.1 Almoço e jantar,14.9,14.9
6972,1204,Distribuição da despesa monetária e não monetária média mensal familiar,%,Unidade da Federação,14,Roraima,2018,Mais de 5.724 a 9.540 Reais,3.1 Almoço e jantar,12.8,12.8
6972,1204,Distribuição da despesa monetária e não monetária média mensal familiar,%,Unidade da Federação,15,Pará,2018,Mais de 5.724 a 9.540 Reais,3.1 Almoço e jantar,11.8,11.8
6972,1204,Distribuição da despesa monetária e não monetária média mensal familiar,%,Unidade da Federação,16,Amapá,2018,Mais de 5.724 a 9.540 Reais,3.1 Almoço e jantar,8.1,8.1
6972,1204,Distribuição da despesa monetária e não monetária média mensal familiar,%,Unidade da Federação,17,Tocantins,2018,Mais de 5.724 a 9.540 Reais,3.1 Almoço e jantar,16.3,16.3
6972,1204,Distribuição da despesa monetária e não monetária média mensal familiar,%,Unidade da Federação,21,Maranhão,2018,Mais de 5.724 a 9.540 Reais,3.1 Almoço e jantar,20.1,20.1
6972,1204,Distribuição da despesa monetária e não monetária média mensal familiar,%,Unidade da Federação,22,Piauí,2018,Mais de 5.724 a 9.540 Reais,3.1 Almoço e jantar,31.5,31.5
6972,1204,Distribuição da despesa monetária e não monetária média mensal familiar,%,Unidade da Federação,23,Ceará,2018,Mais de 5.724 a 9.540 Reais,3.1 Almoço e jantar,25.1,25.1
6972,1204,Distribuição da despesa monetária e não monetária média mensal familiar,%,Unidade da Federação,24,Rio Grande do Norte,2018,Mais de 5.724 a 9.540 Reais,3.1 Almoço e jantar,24.9,24.9
6972,1204,Distribuição da despesa monetária e não monetária média mensal familiar,%,Unidade da Federação,25,Paraíba,2018,Mais de 5.724 a 9.540 Reais,3.1 Almoço e jantar,21.9,21.9
6972,1204,Distribuição da despesa monetária e não monetária média mensal familiar,%,Unidade da Federação,26,Pernambuco,2018,Mais de 5.724 a 9.540 Reais,3.1 Almoço e jantar,28.5,28.5
6972,1204,Distribuição da despesa monetária e não monetária média mensal familiar,%,Unidade da Federação,27,Alagoas,2018,Mais de 5.724 a 9.540 Reais,3.1 Almoço e jantar,17.1,17.1
6972,1204,Distribuição da despesa monetária e não monetária média mensal familiar,%,Unidade da Federação,28,Sergipe,2018,Mais de 5.724 a 9.540 Reais,3.1 Almoço e jantar,30.9,30.9
6972,1204,Distribuição da despesa monetária e não monetária média mensal familiar,%,Unidade da Federação,29,Bahia,2018,Mais de 5.724 a 9.540 Reais,3.1 Almoço e jantar,31.2,31.2
6972,1204,Distribuição da despesa monetária e não monetária média mensal familiar,%,Unidade da Federação,31,Minas Gerais,2018,Mais de 5.724 a 9.540 Reais,3.1 Almoço e jantar,24.7,24.7
6972,1204,Distribuição da despesa monetária e não monetária média mensal familiar,%,Unidade da Federação,32,Espírito Santo,2018,Mais de 5.724 a 9.540 Reais,3.1 Almoço e jantar,20.5,20.5
6972,1204,Distribuição da despesa monetária e não monetária média mensal familiar,%,Unidade da Federação,33,Rio de Janeiro,2018,Mais de 5.724 a 9.540 Reais,3.1 Almoço e jantar,23.5,23.5
6972,1204,Distribuição da despesa monetária e não monetária média mensal familiar,%,Unidade da Federação,35,São Paulo,2018,Mais de 5.724 a 9.540 Reais,3.1 Almoço e jantar,23.3,23.3
6972,1204,Distribuição da despesa monetária e não monetária média mensal familiar,%,Unidade da Federação,41,Paraná,2018,Mais de 5.724 a 9.540 Reais,3.1 Almoço e jantar,22.6,22.6
6972,1204,Distribuição da despesa monetária e não monetária média mensal familiar,%,Unidade da Federação,42,Santa Catarina,2018,Mais de 5.724 a 9.540 Reais,3.1 Almoço e jantar,16.5,16.5
6972,1204,Distribuição da despesa monetária e não monetária média mensal familiar,%,Unidade da Federação,43,Rio Grande do Sul,2018,Mais de 5.724 a 9.540 Reais,3.1 Almoço e jantar,27.0,27.0
6972,1204,Distribuição da despesa monetária e não monetária média mensal familiar,%,Unidade da Federação,50,Mato Grosso do Sul,2018,Mais de 5.724 a 9.540 Reais,3.1 Almoço e jantar,31.9,31.9
6972,1204,Distribuição da despesa monetária e não monetária média mensal familiar,%,Unidade da Federação,51,Mato Grosso,2018,Mais de 5.724 a 9.540 Reais,3.1 Almoço e jantar,21.6,21.6
6972,1204,Distribuição da despesa monetária e não monetária média mensal familiar,%,Unidade da Federação,52,Goiás,2018,Mais de 5.724 a 9.540 Reais,3.1 Almoço e jantar,25.3,25.3
6972,1204,Distribuição da despesa monetária e não monetária média mensal familiar,%,Unidade da Federação,53,Distrito Federal,2018,Mais de 5.724 a 9.540 Reais,3.1 Almoço e jantar,28.3,28.3
6972,1204,Distribuição da despesa monetária e não monetária média mensal familiar,%,Brasil,1,Brasil,2018,Mais de 5.724 a 9.540 Reais,"3.2 Café, leite, café/leite e chocolate",0.4,0.4
6972,1204,Distribuição da despesa monetária e não monetária média mensal familiar,%,Unidade da Federação,11,Rondônia,2018,Mais de 5.724 a 9.540 Reais,"3.2 Café, leite, café/leite e chocolate",0.4,0.4
6972,1204,Distribuição da despesa monetária e não monetária média mensal familiar,%,Unidade da Federação,12,Acre,2018,Mais de 5.724 a 9.540 Reais,"3.2 Café, leite, café/leite e chocolate",0.4,0.4
6972,1204,Distribuição da despesa monetária e não monetária média mensal familiar,%,Unidade da Federação,13,Amazonas,2018,Mais de 5.724 a 9.540 Reais,"3.2 Café, leite, café/leite e chocolate",0.1,0.1
6972,1204,Distribuição da despesa monetária e não monetária média mensal familiar,%,Unidade da Federação,14,Roraima,2018,Mais de 5.724 a 9.540 Reais,"3.2 Café, leite, café/leite e chocolate",0.1,0.1
6972,1204,Distribuição da despesa monetária e não monetária média mensal familiar,%,Unidade da Federação,15,Pará,2018,Mais de 5.724 a 9.540 Reais,"3.2 Café, leite, café/leite e chocolate",0.3,0.3
6972,1204,Distribuição da despesa monetária e não monetária média mensal familiar,%,Unidade da Federação,16,Amapá,2018,Mais de 5.724 a 9.540 Reais,"3.2 Café, leite, café/leite e chocolate",0.1,0.1
6972,1204,Distribuição da despesa monetária e não monetária média mensal familiar,%,Unidade da Federação,17,Tocantins,2018,Mais de 5.724 a 9.540 Reais,"3.2 Café, leite, café/leite e chocolate",0.1,0.1
6972,1204,Distribuição da despesa monetária e não monetária média mensal familiar,%,Unidade da Federação,21,Maranhão,2018,Mais de 5.724 a 9.540 Reais,"3.2 Café, leite, café/leite e chocolate",0.4,0.4
6972,1204,Distribuição da despesa monetária e não monetária média mensal familiar,%,Unidade da Federação,22,Piauí,2018,Mais de 5.724 a 9.540 Reais,"3.2 Café, leite, café/leite e chocolate",0.4,0.4
6972,1204,Distribuição da despesa monetária e não monetária média mensal familiar,%,Unidade da Federação,23,Ceará,2018,Mais de 5.724 a 9.540 Reais,"3.2 Café, leite, café/leite e chocolate",0.5,0.5
6972,1204,Distribuição da despesa monetária e não monetária média mensal familiar,%,Unidade da Federação,24,Rio Grande do Norte,2018,Mais de 5.724 a 9.540 Reais,"3.2 Café, leite, café/leite e chocolate",0.1,0.1
6972,1204,Distribuição da despesa monetária e não monetária média mensal familiar,%,Unidade da Federação,25,Paraíba,2018,Mais de 5.724 a 9.540 Reais,"3.2 Café, leite, café/leite e chocolate",0.2,0.2
6972,1204,Distribuição da despesa monetária e não monetária média mensal familiar,%,Unidade da Federação,26,Pernambuco,2018,Mais de 5.724 a 9.540 Reais,"3.2 Café, leite, café/leite e chocolate",0.1,0.1
6972,1204,Distribuição da despesa monetária e não monetária média mensal familiar,%,Unidade da Federação,27,Alagoas,2018,Mais de 5.724 a 9.540 Reais,"3.2 Café, leite, café/leite e chocolate",0.1,0.1
6972,1204,Distribuição da despesa monetária e não monetária média mensal familiar,%,Unidade da Federação,28,Sergipe,2018,Mais de 5.724 a 9.540 Reais,"3.2 Café, leite, café/leite e chocolate",0.3,0.3
6972,1204,Distribuição da despesa monetária e não monetária média mensal familiar,%,Unidade da Federação,29,Bahia,2018,Mais de 5.724 a 9.540 Reais,"3.2 Café, leite, café/leite e chocolate",0.1,0.1
6972,1204,Distribuição da despesa monetária e não monetária média mensal familiar,%,Unidade da Federação,31,Minas Gerais,2018,Mais de 5.724 a 9.540 Reais,"3.2 Café, leite, café/leite e chocolate",0.4,0.4
6972,1204,Distribuição da despesa monetária e não monetária média mensal familiar,%,Unidade da Federação,32,Espírito Santo,2018,Mais de 5.724 a 9.540 Reais,"3.2 Café, leite, café/leite e chocolate",0.1,0.1
6972,1204,Distribuição da despesa monetária e não monetária média mensal familiar,%,Unidade da Federação,33,Rio de Janeiro,2018,Mais de 5.724 a 9.540 Reais,"3.2 Café, leite, café/leite e chocolate",0.2,0.2
6972,1204,Distribuição da despesa monetária e não monetária média mensal familiar,%,Unidade da Federação,35,São Paulo,2018,Mais de 5.724 a 9.540 Reais,"3.2 Café, leite, café/leite e chocolate",0.6,0.6
6972,1204,Distribuição da despesa monetária e não monetária média mensal familiar,%,Unidade da Federação,41,Paraná,2018,Mais de 5.724 a 9.540 Reais,"3.2 Café, leite, café/leite e chocolate",0.3,0.3
6972,1204,Distribuição da despesa monetária e não monetária média mensal familiar,%,Unidade da Federação,42,Santa Catarina,2018,Mais de 5.724 a 9.540 Reais,"3.2 Café, leite, café/leite e chocolate",0.3,0.3
6972,1204,Distribuição da despesa monetária e não monetária média mensal familiar,%,Unidade da Federação,43,Rio Grande do Sul,2018,Mais de 5.724 a 9.540 Reais,"3.2 Café, leite, café/leite e chocolate",1.1,1.1
6972,1204,Distribuição da despesa monetária e não monetária média mensal familiar,%,Unidade da Federação,50,Mato Grosso do Sul,2018,Mais de 5.724 a 9.540 Reais,"3.2 Café, leite, café/leite e chocolate",0.3,0.3
6972,1204,Distribuição da despesa monetária e não monetária média mensal familiar,%,Unidade da Federação,51,Mato Grosso,2018,Mais de 5.724 a 9.540 Reais,"3.2 Café, leite, café/leite e chocolate",0.2,0.2
6972,1204,Distribuição da despesa monetária e não monetária média mensal familiar,%,Unidade da Federação,52,Goiás,2018,Mais de 5.724 a 9.540 Reais,"3.2 Café, leite, café/leite e chocolate",0.3,0.3
6972,1204,Distribuição da despesa monetária e não monetária média mensal familiar,%,Unidade da Federação,53,Distrito Federal,2018,Mais de 5.724 a 9.540 Reais,"3.2 Café, leite, café/leite e chocolate",0.5,0.5
6972,1204,Distribuição da despesa monetária e não monetária média mensal familiar,%,Brasil,1,Brasil,2018,Mais de 5.724 a 9.540 Reais,3.3 Sanduíches e salgados,3.3,3.3
6972,1204,Distribuição da despesa monetária e não monetária média mensal familiar,%,Unidade da Federação,11,Rondônia,2018,Mais de 5.724 a 9.540 Reais,3.3 Sanduíches e salgados,1.7,1.7
6972,1204,Distribuição da despesa monetária e não monetária média mensal familiar,%,Unidade da Federação,12,Acre,2018,Mais de 5.724 a 9.540 Reais,3.3 Sanduíches e salgados,4.4,4.4
6972,1204,Distribuição da despesa monetária e não monetária média mensal familiar,%,Unidade da Federação,13,Amazonas,2018,Mais de 5.724 a 9.540 Reais,3.3 Sanduíches e salgados,3.2,3.2
6972,1204,Distribuição da despesa monetária e não monetária média mensal familiar,%,Unidade da Federação,14,Roraima,2018,Mais de 5.724 a 9.540 Reais,3.3 Sanduíches e salgados,0.5,0.5
6972,1204,Distribuição da despesa monetária e não monetária média mensal familiar,%,Unidade da Federação,15,Pará,2018,Mais de 5.724 a 9.540 Reais,3.3 Sanduíches e salgados,2.0,2.0
6972,1204,Distribuição da despesa monetária e não monetária média mensal familiar,%,Unidade da Federação,16,Amapá,2018,Mais de 5.724 a 9.540 Reais,3.3 Sanduíches e salgados,1.6,1.6
6972,1204,Distribuição da despesa monetária e não monetária média mensal familiar,%,Unidade da Federação,17,Tocantins,2018,Mais de 5.724 a 9.540 Reais,3.3 Sanduíches e salgados,2.7,2.7
6972,1204,Distribuição da despesa monetária e não monetária média mensal familiar,%,Unidade da Federação,21,Maranhão,2018,Mais de 5.724 a 9.540 Reais,3.3 Sanduíches e salgados,2.9,2.9
6972,1204,Distribuição da despesa monetária e não monetária média mensal familiar,%,Unidade da Federação,22,Piauí,2018,Mais de 5.724 a 9.540 Reais,3.3 Sanduíches e salgados,4.1,4.1
6972,1204,Distribuição da despesa monetária e não monetária média mensal familiar,%,Unidade da Federação,23,Ceará,2018,Mais de 5.724 a 9.540 Reais,3.3 Sanduíches e salgados,2.4,2.4
6972,1204,Distribuição da despesa monetária e não monetária média mensal familiar,%,Unidade da Federação,24,Rio Grande do Norte,2018,Mais de 5.724 a 9.540 Reais,3.3 Sanduíches e salgados,3.4,3.4
6972,1204,Distribuição da despesa monetária e não monetária média mensal familiar,%,Unidade da Federação,25,Paraíba,2018,Mais de 5.724 a 9.540 Reais,3.3 Sanduíches e salgados,2.8,2.8
6972,1204,Distribuição da despesa monetária e não monetária média mensal familiar,%,Unidade da Federação,26,Pernambuco,2018,Mais de 5.724 a 9.540 Reais,3.3 Sanduíches e salgados,2.8,2.8
6972,1204,Distribuição da despesa monetária e não monetária média mensal familiar,%,Unidade da Federação,27,Alagoas,2018,Mais de 5.724 a 9.540 Reais,3.3 Sanduíches e salgados,2.2,2.2
6972,1204,Distribuição da despesa monetária e não monetária média mensal familiar,%,Unidade da Federação,28,Sergipe,2018,Mais de 5.724 a 9.540 Reais,3.3 Sanduíches e salgados,2.2,2.2
6972,1204,Distribuição da despesa monetária e não monetária média mensal familiar,%,Unidade da Federação,29,Bahia,2018,Mais de 5.724 a 9.540 Reais,3.3 Sanduíches e salgados,3.6,3.6
6972,1204,Distribuição da despesa monetária e não monetária média mensal familiar,%,Unidade da Federação,31,Minas Gerais,2018,Mais de 5.724 a 9.540 Reais,3.3 Sanduíches e salgados,3.0,3.0
6972,1204,Distribuição da despesa monetária e não monetária média mensal familiar,%,Unidade da Federação,32,Espírito Santo,2018,Mais de 5.724 a 9.540 Reais,3.3 Sanduíches e salgados,2.5,2.5
6972,1204,Distribuição da despesa monetária e não monetária média mensal familiar,%,Unidade da Federação,33,Rio de Janeiro,2018,Mais de 5.724 a 9.540 Reais,3.3 Sanduíches e salgados,2.9,2.9
6972,1204,Distribuição da despesa monetária e não monetária média mensal familiar,%,Unidade da Federação,35,São Paulo,2018,Mais de 5.724 a 9.540 Reais,3.3 Sanduíches e salgados,3.7,3.7
6972,1204,Distribuição da despesa monetária e não monetária média mensal familiar,%,Unidade da Federação,41,Paraná,2018,Mais de 5.724 a 9.540 Reais,3.3 Sanduíches e salgados,3.5,3.5
6972,1204,Distribuição da despesa monetária e não monetária média mensal familiar,%,Unidade da Federação,42,Santa Catarina,2018,Mais de 5.724 a 9.540 Reais,3.3 Sanduíches e salgados,3.8,3.8
6972,1204,Distribuição da despesa monetária e não monetária média mensal familiar,%,Unidade da Federação,43,Rio Grande do Sul,2018,Mais de 5.724 a 9.540 Reais,3.3 Sanduíches e salgados,2.9,2.9
6972,1204,Distribuição da despesa monetária e não monetária média mensal familiar,%,Unidade da Federação,50,Mato Grosso do Sul,2018,Mais de 5.724 a 9.540 Reais,3.3 Sanduíches e salgados,3.3,3.3
6972,1204,Distribuição da despesa monetária e não monetária média mensal familiar,%,Unidade da Federação,51,Mato Grosso,2018,Mais de 5.724 a 9.540 Reais,3.3 Sanduíches e salgados,4.1,4.1
6972,1204,Distribuição da despesa monetária e não monetária média mensal familiar,%,Unidade da Federação,52,Goiás,2018,Mais de 5.724 a 9.540 Reais,3.3 Sanduíches e salgados,4.4,4.4
6972,1204,Distribuição da despesa monetária e não monetária média mensal familiar,%,Unidade da Federação,53,Distrito Federal,2018,Mais de 5.724 a 9.540 Reais,3.3 Sanduíches e salgados,3.1,3.1
6972,1204,Distribuição da despesa monetária e não monetária média mensal familiar,%,Brasil,1,Brasil,2018,Mais de 5.724 a 9.540 Reais,3.4 Refrigerantes e outras bebidas não alcoólicas,1.3,1.3
6972,1204,Distribuição da despesa monetária e não monetária média mensal familiar,%,Unidade da Federação,11,Rondônia,2018,Mais de 5.724 a 9.540 Reais,3.4 Refrigerantes e outras bebidas não alcoólicas,1.5,1.5
6972,1204,Distribuição da despesa monetária e não monetária média mensal familiar,%,Unidade da Federação,12,Acre,2018,Mais de 5.724 a 9.540 Reais,3.4 Refrigerantes e outras bebidas não alcoólicas,2.5,2.5
6972,1204,Distribuição da despesa monetária e não monetária média mensal familiar,%,Unidade da Federação,13,Amazonas,2018,Mais de 5.724 a 9.540 Reais,3.4 Refrigerantes e outras bebidas não alcoólicas,1.0,1.0
6972,1204,Distribuição da despesa monetária e não monetária média mensal familiar,%,Unidade da Federação,14,Roraima,2018,Mais de 5.724 a 9.540 Reais,3.4 Refrigerantes e outras bebidas não alcoólicas,0.2,0.2
6972,1204,Distribuição da despesa monetária e não monetária média mensal familiar,%,Unidade da Federação,15,Pará,2018,Mais de 5.724 a 9.540 Reais,3.4 Refrigerantes e outras bebidas não alcoólicas,1.0,1.0
6972,1204,Distribuição da despesa monetária e não monetária média mensal familiar,%,Unidade da Federação,16,Amapá,2018,Mais de 5.724 a 9.540 Reais,3.4 Refrigerantes e outras bebidas não alcoólicas,1.7,1.7
6972,1204,Distribuição da despesa monetária e não monetária média mensal familiar,%,Unidade da Federação,17,Tocantins,2018,Mais de 5.724 a 9.540 Reais,3.4 Refrigerantes e outras bebidas não alcoólicas,1.8,1.8
6972,1204,Distribuição da despesa monetária e não monetária média mensal familiar,%,Unidade da Federação,21,Maranhão,2018,Mais de 5.724 a 9.540 Reais,3.4 Refrigerantes e outras bebidas não alcoólicas,2.1,2.1
6972,1204,Distribuição da despesa monetária e não monetária média mensal familiar,%,Unidade da Federação,22,Piauí,2018,Mais de 5.724 a 9.540 Reais,3.4 Refrigerantes e outras bebidas não alcoólicas,1.7,1.7
6972,1204,Distribuição da despesa monetária e não monetária média mensal familiar,%,Unidade da Federação,23,Ceará,2018,Mais de 5.724 a 9.540 Reais,3.4 Refrigerantes e outras bebidas não alcoólicas,2.0,2.0
6972,1204,Distribuição da despesa monetária e não monetária média mensal familiar,%,Unidade da Federação,24,Rio Grande do Norte,2018,Mais de 5.724 a 9.540 Reais,3.4 Refrigerantes e outras bebidas não alcoólicas,1.1,1.1
6972,1204,Distribuição da despesa monetária e não monetária média mensal familiar,%,Unidade da Federação,25,Paraíba,2018,Mais de 5.724 a 9.540 Reais,3.4 Refrigerantes e outras bebidas não alcoólicas,0.8,0.8
6972,1204,Distribuição da despesa monetária e não monetária média mensal familiar,%,Unidade da Federação,26,Pernambuco,2018,Mais de 5.724 a 9.540 Reais,3.4 Refrigerantes e outras bebidas não alcoólicas,1.3,1.3
6972,1204,Distribuição da despesa monetária e não monetária média mensal familiar,%,Unidade da Federação,27,Alagoas,2018,Mais de 5.724 a 9.540 Reais,3.4 Refrigerantes e outras bebidas não alcoólicas,1.0,1.0
6972,1204,Distribuição da despesa monetária e não monetária média mensal familiar,%,Unidade da Federação,28,Sergipe,2018,Mais de 5.724 a 9.540 Reais,3.4 Refrigerantes e outras bebidas não alcoólicas,6.2,6.2
6972,1204,Distribuição da despesa monetária e não monetária média mensal familiar,%,Unidade da Federação,29,Bahia,2018,Mais de 5.724 a 9.540 Reais,3.4 Refrigerantes e outras bebidas não alcoólicas,1.3,1.3
6972,1204,Distribuição da despesa monetária e não monetária média mensal familiar,%,Unidade da Federação,31,Minas Gerais,2018,Mais de 5.724 a 9.540 Reais,3.4 Refrigerantes e outras bebidas não alcoólicas,1.0,1.0
6972,1204,Distribuição da despesa monetária e não monetária média mensal familiar,%,Unidade da Federação,32,Espírito Santo,2018,Mais de 5.724 a 9.540 Reais,3.4 Refrigerantes e outras bebidas não alcoólicas,1.0,1.0
6972,1204,Distribuição da despesa monetária e não monetária média mensal familiar,%,Unidade da Federação,33,Rio de Janeiro,2018,Mais de 5.724 a 9.540 Reais,3.4 Refrigerantes e outras bebidas não alcoólicas,0.9,0.9
6972,1204,Distribuição da despesa monetária e não monetária média mensal familiar,%,Unidade da Federação,35,São Paulo,2018,Mais de 5.724 a 9.540 Reais,3.4 Refrigerantes e outras bebidas não alcoólicas,1.4,1.4
6972,1204,Distribuição da despesa monetária e não monetária média mensal familiar,%,Unidade da Federação,41,Paraná,2018,Mais de 5.724 a 9.540 Reais,3.4 Refrigerantes e outras bebidas não alcoólicas,1.2,1.2
6972,1204,Distribuição da despesa monetária e não monetária média mensal familiar,%,Unidade da Federação,42,Santa Catarina,2018,Mais de 5.724 a 9.540 Reais,3.4 Refrigerantes e outras bebidas não alcoólicas,0.9,0.9
6972,1204,Distribuição da despesa monetária e não monetária média mensal familiar,%,Unidade da Federação,43,Rio Grande do Sul,2018,Mais de 5.724 a 9.540 Reais,3.4 Refrigerantes e outras bebidas não alcoólicas,1.2,1.2
6972,1204,Distribuição da despesa monetária e não monetária média mensal familiar,%,Unidade da Federação,50,Mato Grosso do Sul,2018,Mais de 5.724 a 9.540 Reais,3.4 Refrigerantes e outras bebidas não alcoólicas,1.0,1.0
6972,1204,Distribuição da despesa monetária e não monetária média mensal familiar,%,Unidade da Federação,51,Mato Grosso,2018,Mais de 5.724 a 9.540 Reais,3.4 Refrigerantes e outras bebidas não alcoólicas,2.2,2.2
6972,1204,Distribuição da despesa monetária e não monetária média mensal familiar,%,Unidade da Federação,52,Goiás,2018,Mais de 5.724 a 9.540 Reais,3.4 Refrigerantes e outras bebidas não alcoólicas,1.5,1.5
6972,1204,Distribuição da despesa monetária e não monetária média mensal familiar,%,Unidade da Federação,53,Distrito Federal,2018,Mais de 5.724 a 9.540 Reais,3.4 Refrigerantes e outras bebidas não alcoólicas,0.7,0.7
6972,1204,Distribuição da despesa monetária e não monetária média mensal familiar,%,Brasil,1,Brasil,2018,Mais de 5.724 a 9.540 Reais,3.5 Lanches,2.4,2.4
6972,1204,Distribuição da despesa monetária e não monetária média mensal familiar,%,Unidade da Federação,11,Rondônia,2018,Mais de 5.724 a 9.540 Reais,3.5 Lanches,5.6,5.6
6972,1204,Distribuição da despesa monetária e não monetária média mensal familiar,%,Unidade da Federação,12,Acre,2018,Mais de 5.724 a 9.540 Reais,3.5 Lanches,3.0,3.0
6972,1204,Distribuição da despesa monetária e não monetária média mensal familiar,%,Unidade da Federação,13,Amazonas,2018,Mais de 5.724 a 9.540 Reais,3.5 Lanches,2.0,2.0
6972,1204,Distribuição da despesa monetária e não monetária média mensal familiar,%,Unidade da Federação,14,Roraima,2018,Mais de 5.724 a 9.540 Reais,3.5 Lanches,1.4,1.4
6972,1204,Distribuição da despesa monetária e não monetária média mensal familiar,%,Unidade da Federação,15,Pará,2018,Mais de 5.724 a 9.540 Reais,3.5 Lanches,2.1,2.1
6972,1204,Distribuição da despesa monetária e não monetária média mensal familiar,%,Unidade da Federação,16,Amapá,2018,Mais de 5.724 a 9.540 Reais,3.5 Lanches,0.6,0.6
6972,1204,Distribuição da despesa monetária e não monetária média mensal familiar,%,Unidade da Federação,17,Tocantins,2018,Mais de 5.724 a 9.540 Reais,3.5 Lanches,0.2,0.2
6972,1204,Distribuição da despesa monetária e não monetária média mensal familiar,%,Unidade da Federação,21,Maranhão,2018,Mais de 5.724 a 9.540 Reais,3.5 Lanches,1.4,1.4
6972,1204,Distribuição da despesa monetária e não monetária média mensal familiar,%,Unidade da Federação,22,Piauí,2018,Mais de 5.724 a 9.540 Reais,3.5 Lanches,4.6,4.6
6972,1204,Distribuição da despesa monetária e não monetária média mensal familiar,%,Unidade da Federação,23,Ceará,2018,Mais de 5.724 a 9.540 Reais,3.5 Lanches,3.5,3.5
6972,1204,Distribuição da despesa monetária e não monetária média mensal familiar,%,Unidade da Federação,24,Rio Grande do Norte,2018,Mais de 5.724 a 9.540 Reais,3.5 Lanches,7.6,7.6
6972,1204,Distribuição da despesa monetária e não monetária média mensal familiar,%,Unidade da Federação,25,Paraíba,2018,Mais de 5.724 a 9.540 Reais,3.5 Lanches,0.7,0.7
6972,1204,Distribuição da despesa monetária e não monetária média mensal familiar,%,Unidade da Federação,26,Pernambuco,2018,Mais de 5.724 a 9.540 Reais,3.5 Lanches,2.2,2.2
6972,1204,Distribuição da despesa monetária e não monetária média mensal familiar,%,Unidade da Federação,27,Alagoas,2018,Mais de 5.724 a 9.540 Reais,3.5 Lanches,1.2,1.2
6972,1204,Distribuição da despesa monetária e não monetária média mensal familiar,%,Unidade da Federação,28,Sergipe,2018,Mais de 5.724 a 9.540 Reais,3.5 Lanches,4.3,4.3
6972,1204,Distribuição da despesa monetária e não monetária média mensal familiar,%,Unidade da Federação,29,Bahia,2018,Mais de 5.724 a 9.540 Reais,3.5 Lanches,4.3,4.3
6972,1204,Distribuição da despesa monetária e não monetária média mensal familiar,%,Unidade da Federação,31,Minas Gerais,2018,Mais de 5.724 a 9.540 Reais,3.5 Lanches,4.2,4.2
6972,1204,Distribuição da despesa monetária e não monetária média mensal familiar,%,Unidade da Federação,32,Espírito Santo,2018,Mais de 5.724 a 9.540 Reais,3.5 Lanches,2.6,2.6
6972,1204,Distribuição da despesa monetária e não monetária média mensal familiar,%,Unidade da Federação,33,Rio de Janeiro,2018,Mais de 5.724 a 9.540 Reais,3.5 Lanches,1.7,1.7
6972,1204,Distribuição da despesa monetária e não monetária média mensal familiar,%,Unidade da Federação,35,São Paulo,2018,Mais de 5.724 a 9.540 Reais,3.5 Lanches,1.3,1.3
6972,1204,Distribuição da despesa monetária e não monetária média mensal familiar,%,Unidade da Federação,41,Paraná,2018,Mais de 5.724 a 9.540 Reais,3.5 Lanches,2.4,2.4
6972,1204,Distribuição da despesa monetária e não monetária média mensal familiar,%,Unidade da Federação,42,Santa Catarina,2018,Mais de 5.724 a 9.540 Reais,3.5 Lanches,0.8,0.8
6972,1204,Distribuição da despesa monetária e não monetária média mensal familiar,%,Unidade da Federação,43,Rio Grande do Sul,2018,Mais de 5.724 a 9.540 Reais,3.5 Lanches,2.1,2.1
6972,1204,Distribuição da despesa monetária e não monetária média mensal familiar,%,Unidade da Federação,50,Mato Grosso do Sul,2018,Mais de 5.724 a 9.540 Reais,3.5 Lanches,3.9,3.9
6972,1204,Distribuição da despesa monetária e não monetária média mensal familiar,%,Unidade da Federação,51,Mato Grosso,2018,Mais de 5.724 a 9.540 Reais,3.5 Lanches,2.0,2.0
6972,1204,Distribuição da despesa monetária e não monetária média mensal familiar,%,Unidade da Federação,52,Goiás,2018,Mais de 5.724 a 9.540 Reais,3.5 Lanches,3.6,3.6
6972,1204,Distribuição da despesa monetária e não monetária média mensal familiar,%,Unidade da Federação,53,Distrito Federal,2018,Mais de 5.724 a 9.540 Reais,3.5 Lanches,1.7,1.7
6972,1204,Distribuição da despesa monetária e não monetária média mensal familiar,%,Brasil,1,Brasil,2018,Mais de 5.724 a 9.540 Reais,"3.6 Cervejas, chopes e outras bebidas alcoólicas",1.7,1.7
6972,1204,Distribuição da despesa monetária e não monetária média mensal familiar,%,Unidade da Federação,11,Rondônia,2018,Mais de 5.724 a 9.540 Reais,"3.6 Cervejas, chopes e outras bebidas alcoólicas",1.4,1.4
6972,1204,Distribuição da despesa monetária e não monetária média mensal familiar,%,Unidade da Federação,12,Acre,2018,Mais de 5.724 a 9.540 Reais,"3.6 Cervejas, chopes e outras bebidas alcoólicas",3.2,3.2
6972,1204,Distribuição da despesa monetária e não monetária média mensal familiar,%,Unidade da Federação,13,Amazonas,2018,Mais de 5.724 a 9.540 Reais,"3.6 Cervejas, chopes e outras bebidas alcoólicas",1.7,1.7
6972,1204,Distribuição da despesa monetária e não monetária média mensal familiar,%,Unidade da Federação,14,Roraima,2018,Mais de 5.724 a 9.540 Reais,"3.6 Cervejas, chopes e outras bebidas alcoólicas",1.3,1.3
6972,1204,Distribuição da despesa monetária e não monetária média mensal familiar,%,Unidade da Federação,15,Pará,2018,Mais de 5.724 a 9.540 Reais,"3.6 Cervejas, chopes e outras bebidas alcoólicas",1.2,1.2
6972,1204,Distribuição da despesa monetária e não monetária média mensal familiar,%,Unidade da Federação,16,Amapá,2018,Mais de 5.724 a 9.540 Reais,"3.6 Cervejas, chopes e outras bebidas alcoólicas",0.7,0.7
6972,1204,Distribuição da despesa monetária e não monetária média mensal familiar,%,Unidade da Federação,17,Tocantins,2018,Mais de 5.724 a 9.540 Reais,"3.6 Cervejas, chopes e outras bebidas alcoólicas",4.3,4.3
6972,1204,Distribuição da despesa monetária e não monetária média mensal familiar,%,Unidade da Federação,21,Maranhão,2018,Mais de 5.724 a 9.540 Reais,"3.6 Cervejas, chopes e outras bebidas alcoólicas",1.9,1.9
6972,1204,Distribuição da despesa monetária e não monetária média mensal familiar,%,Unidade da Federação,22,Piauí,2018,Mais de 5.724 a 9.540 Reais,"3.6 Cervejas, chopes e outras bebidas alcoólicas",2.6,2.6
6972,1204,Distribuição da despesa monetária e não monetária média mensal familiar,%,Unidade da Federação,23,Ceará,2018,Mais de 5.724 a 9.540 Reais,"3.6 Cervejas, chopes e outras bebidas alcoólicas",1.5,1.5
6972,1204,Distribuição da despesa monetária e não monetária média mensal familiar,%,Unidade da Federação,24,Rio Grande do Norte,2018,Mais de 5.724 a 9.540 Reais,"3.6 Cervejas, chopes e outras bebidas alcoólicas",2.3,2.3
6972,1204,Distribuição da despesa monetária e não monetária média mensal familiar,%,Unidade da Federação,25,Paraíba,2018,Mais de 5.724 a 9.540 Reais,"3.6 Cervejas, chopes e outras bebidas alcoólicas",2.1,2.1
6972,1204,Distribuição da despesa monetária e não monetária média mensal familiar,%,Unidade da Federação,26,Pernambuco,2018,Mais de 5.724 a 9.540 Reais,"3.6 Cervejas, chopes e outras bebidas alcoólicas",1.3,1.3
6972,1204,Distribuição da despesa monetária e não monetária média mensal familiar,%,Unidade da Federação,27,Alagoas,2018,Mais de 5.724 a 9.540 Reais,"3.6 Cervejas, chopes e outras bebidas alcoólicas",1.6,1.6
6972,1204,Distribuição da despesa monetária e não monetária média mensal familiar,%,Unidade da Federação,28,Sergipe,2018,Mais de 5.724 a 9.540 Reais,"3.6 Cervejas, chopes e outras bebidas alcoólicas",1.9,1.9
6972,1204,Distribuição da despesa monetária e não monetária média mensal familiar,%,Unidade da Federação,29,Bahia,2018,Mais de 5.724 a 9.540 Reais,"3.6 Cervejas, chopes e outras bebidas alcoólicas",3.3,3.3
6972,1204,Distribuição da despesa monetária e não monetária média mensal familiar,%,Unidade da Federação,31,Minas Gerais,2018,Mais de 5.724 a 9.540 Reais,"3.6 Cervejas, chopes e outras bebidas alcoólicas",1.6,1.6
6972,1204,Distribuição da despesa monetária e não monetária média mensal familiar,%,Unidade da Federação,32,Espírito Santo,2018,Mais de 5.724 a 9.540 Reais,"3.6 Cervejas, chopes e outras bebidas alcoólicas",4.5,4.5
6972,1204,Distribuição da despesa monetária e não monetária média mensal familiar,%,Unidade da Federação,33,Rio de Janeiro,2018,Mais de 5.724 a 9.540 Reais,"3.6 Cervejas, chopes e outras bebidas alcoólicas",1.2,1.2
6972,1204,Distribuição da despesa monetária e não monetária média mensal familiar,%,Unidade da Federação,35,São Paulo,2018,Mais de 5.724 a 9.540 Reais,"3.6 Cervejas, chopes e outras bebidas alcoólicas",1.8,1.8
6972,1204,Distribuição da despesa monetária e não monetária média mensal familiar,%,Unidade da Federação,41,Paraná,2018,Mais de 5.724 a 9.540 Reais,"3.6 Cervejas, chopes e outras bebidas alcoólicas",1.2,1.2
6972,1204,Distribuição da despesa monetária e não monetária média mensal familiar,%,Unidade da Federação,42,Santa Catarina,2018,Mais de 5.724 a 9.540 Reais,"3.6 Cervejas, chopes e outras bebidas alcoólicas",2.4,2.4
6972,1204,Distribuição da despesa monetária e não monetária média mensal familiar,%,Unidade da Federação,43,Rio Grande do Sul,2018,Mais de 5.724 a 9.540 Reais,"3.6 Cervejas, chopes e outras bebidas alcoólicas",1.1,1.1
6972,1204,Distribuição da despesa monetária e não monetária média mensal familiar,%,Unidade da Federação,50,Mato Grosso do Sul,2018,Mais de 5.724 a 9.540 Reais,"3.6 Cervejas, chopes e outras bebidas alcoólicas",1.5,1.5
6972,1204,Distribuição da despesa monetária e não monetária média mensal familiar,%,Unidade da Federação,51,Mato Grosso,2018,Mais de 5.724 a 9.540 Reais,"3.6 Cervejas, chopes e outras bebidas alcoólicas",0.9,0.9
6972,1204,Distribuição da despesa monetária e não monetária média mensal familiar,%,Unidade da Federação,52,Goiás,2018,Mais de 5.724 a 9.540 Reais,"3.6 Cervejas, chopes e outras bebidas alcoólicas",1.5,1.5
6972,1204,Distribuição da despesa monetária e não monetária média mensal familiar,%,Unidade da Federação,53,Distrito Federal,2018,Mais de 5.724 a 9.540 Reais,"3.6 Cervejas, chopes e outras bebidas alcoólicas",1.2,1.2
6972,1204,Distribuição da despesa monetária e não monetária média mensal familiar,%,Brasil,1,Brasil,2018,Mais de 5.724 a 9.540 Reais,3.8 Alimentação fora do domicílio - light e diet,0.0,0.0
6972,1204,Distribuição da despesa monetária e não monetária média mensal familiar,%,Unidade da Federação,11,Rondônia,2018,Mais de 5.724 a 9.540 Reais,3.8 Alimentação fora do domicílio - light e diet,-,0.0
6972,1204,Distribuição da despesa monetária e não monetária média mensal familiar,%,Unidade da Federação,12,Acre,2018,Mais de 5.724 a 9.540 Reais,3.8 Alimentação fora do domicílio - light e diet,0.0,0.0
6972,1204,Distribuição da despesa monetária e não monetária média mensal familiar,%,Unidade da Federação,13,Amazonas,2018,Mais de 5.724 a 9.540 Reais,3.8 Alimentação fora do domicílio - light e diet,-,0.0
6972,1204,Distribuição da despesa monetária e não monetária média mensal familiar,%,Unidade da Federação,14,Roraima,2018,Mais de 5.724 a 9.540 Reais,3.8 Alimentação fora do domicílio - light e diet,-,0.0
6972,1204,Distribuição da despesa monetária e não monetária média mensal familiar,%,Unidade da Federação,15,Pará,2018,Mais de 5.724 a 9.540 Reais,3.8 Alimentação fora do domicílio - light e diet,0.0,0.0
6972,1204,Distribuição da despesa monetária e não monetária média mensal familiar,%,Unidade da Federação,16,Amapá,2018,Mais de 5.724 a 9.540 Reais,3.8 Alimentação fora do domicílio - light e diet,-,0.0
6972,1204,Distribuição da despesa monetária e não monetária média mensal familiar,%,Unidade da Federação,17,Tocantins,2018,Mais de 5.724 a 9.540 Reais,3.8 Alimentação fora do domicílio - light e diet,0.1,0.1
6972,1204,Distribuição da despesa monetária e não monetária média mensal familiar,%,Unidade da Federação,21,Maranhão,2018,Mais de 5.724 a 9.540 Reais,3.8 Alimentação fora do domicílio - light e diet,0.0,0.0
6972,1204,Distribuição da despesa monetária e não monetária média mensal familiar,%,Unidade da Federação,22,Piauí,2018,Mais de 5.724 a 9.540 Reais,3.8 Alimentação fora do domicílio - light e diet,-,0.0
6972,1204,Distribuição da despesa monetária e não monetária média mensal familiar,%,Unidade da Federação,23,Ceará,2018,Mais de 5.724 a 9.540 Reais,3.8 Alimentação fora do domicílio - light e diet,-,0.0
6972,1204,Distribuição da despesa monetária e não monetária média mensal familiar,%,Unidade da Federação,24,Rio Grande do Norte,2018,Mais de 5.724 a 9.540 Reais,3.8 Alimentação fora do domicílio - light e diet,-,0.0
6972,1204,Distribuição da despesa monetária e não monetária média mensal familiar,%,Unidade da Federação,25,Paraíba,2018,Mais de 5.724 a 9.540 Reais,3.8 Alimentação fora do domicílio - light e diet,-,0.0
6972,1204,Distribuição da despesa monetária e não monetária média mensal familiar,%,Unidade da Federação,26,Pernambuco,2018,Mais de 5.724 a 9.540 Reais,3.8 Alimentação fora do domicílio - light e diet,0.0,0.0
6972,1204,Distribuição da despesa monetária e não monetária média mensal familiar,%,Unidade da Federação,27,Alagoas,2018,Mais de 5.724 a 9.540 Reais,3.8 Alimentação fora do domicílio - light e diet,0.0,0.0
6972,1204,Distribuição da despesa monetária e não monetária média mensal familiar,%,Unidade da Federação,28,Sergipe,2018,Mais de 5.724 a 9.540 Reais,3.8 Alimentação fora do domicílio - light e diet,-,0.0
6972,1204,Distribuição da despesa monetária e não monetária média mensal familiar,%,Unidade da Federação,29,Bahia,2018,Mais de 5.724 a 9.540 Reais,3.8 Alimentação fora do domicílio - light e diet,0.0,0.0
6972,1204,Distribuição da despesa monetária e não monetária média mensal familiar,%,Unidade da Federação,31,Minas Gerais,2018,Mais de 5.724 a 9.540 Reais,3.8 Alimentação fora do domicílio - light e diet,0.0,0.0
6972,1204,Distribuição da despesa monetária e não monetária média mensal familiar,%,Unidade da Federação,32,Espírito Santo,2018,Mais de 5.724 a 9.540 Reais,3.8 Alimentação fora do domicílio - light e diet,-,0.0
6972,1204,Distribuição da despesa monetária e não monetária média mensal familiar,%,Unidade da Federação,33,Rio de Janeiro,2018,Mais de 5.724 a 9.540 Reais,3.8 Alimentação fora do domicílio - light e diet,0.0,0.0
6972,1204,Distribuição da despesa monetária e não monetária média mensal familiar,%,Unidade da Federação,35,São Paulo,2018,Mais de 5.724 a 9.540 Reais,3.8 Alimentação fora do domicílio - light e diet,0.0,0.0
6972,1204,Distribuição da despesa monetária e não monetária média mensal familiar,%,Unidade da Federação,41,Paraná,2018,Mais de 5.724 a 9.540 Reais,3.8 Alimentação fora do domicílio - light e diet,-,0.0
6972,1204,Distribuição da despesa monetária e não monetária média mensal familiar,%,Unidade da Federação,42,Santa Catarina,2018,Mais de 5.724 a 9.540 Reais,3.8 Alimentação fora do domicílio - light e diet,0.0,0.0
6972,1204,Distribuição da despesa monetária e não monetária média mensal familiar,%,Unidade da Federação,43,Rio Grande do Sul,2018,Mais de 5.724 a 9.540 Reais,3.8 Alimentação fora do domicílio - light e diet,0.0,0.0
6972,1204,Distribuição da despesa monetária e não monetária média mensal familiar,%,Unidade da Federação,50,Mato Grosso do Sul,2018,Mais de 5.724 a 9.540 Reais,3.8 Alimentação fora do domicílio - light e diet,-,0.0
6972,1204,Distribuição da despesa monetária e não monetária média mensal familiar,%,Unidade da Federação,51,Mato Grosso,2018,Mais de 5.724 a 9.540 Reais,3.8 Alimentação fora do domicílio - light e diet,0.0,0.0
6972,1204,Distribuição da despesa monetária e não monetária média mensal familiar,%,Unidade da Federação,52,Goiás,2018,Mais de 5.724 a 9.540 Reais,3.8 Alimentação fora do domicílio - light e diet,0.0,0.0
6972,1204,Distribuição da despesa monetária e não monetária média mensal familiar,%,Unidade da Federação,53,Distrito Federal,2018,Mais de 5.724 a 9.540 Reais,3.8 Alimentação fora do domicílio - light e diet,-,0.0
6972,1204,Distribuição da despesa monetária e não monetária média mensal familiar,%,Brasil,1,Brasil,2018,Mais de 5.724 a 9.540 Reais,3.9 Outras,2.7,2.7
6972,1204,Distribuição da despesa monetária e não monetária média mensal familiar,%,Unidade da Federação,11,Rondônia,2018,Mais de 5.724 a 9.540 Reais,3.9 Outras,1.5,1.5
6972,1204,Distribuição da despesa monetária e não monetária média mensal familiar,%,Unidade da Federação,12,Acre,2018,Mais de 5.724 a 9.540 Reais,3.9 Outras,4.9,4.9
6972,1204,Distribuição da despesa monetária e não monetária média mensal familiar,%,Unidade da Federação,13,Amazonas,2018,Mais de 5.724 a 9.540 Reais,3.9 Outras,0.5,0.5
6972,1204,Distribuição da despesa monetária e não monetária média mensal familiar,%,Unidade da Federação,14,Roraima,2018,Mais de 5.724 a 9.540 Reais,3.9 Outras,0.3,0.3
6972,1204,Distribuição da despesa monetária e não monetária média mensal familiar,%,Unidade da Federação,15,Pará,2018,Mais de 5.724 a 9.540 Reais,3.9 Outras,0.7,0.7
6972,1204,Distribuição da despesa monetária e não monetária média mensal familiar,%,Unidade da Federação,16,Amapá,2018,Mais de 5.724 a 9.540 Reais,3.9 Outras,0.9,0.9
6972,1204,Distribuição da despesa monetária e não monetária média mensal familiar,%,Unidade da Federação,17,Tocantins,2018,Mais de 5.724 a 9.540 Reais,3.9 Outras,1.6,1.6
6972,1204,Distribuição da despesa monetária e não monetária média mensal familiar,%,Unidade da Federação,21,Maranhão,2018,Mais de 5.724 a 9.540 Reais,3.9 Outras,1.1,1.1
6972,1204,Distribuição da despesa monetária e não monetária média mensal familiar,%,Unidade da Federação,22,Piauí,2018,Mais de 5.724 a 9.540 Reais,3.9 Outras,2.8,2.8
6972,1204,Distribuição da despesa monetária e não monetária média mensal familiar,%,Unidade da Federação,23,Ceará,2018,Mais de 5.724 a 9.540 Reais,3.9 Outras,1.8,1.8
6972,1204,Distribuição da despesa monetária e não monetária média mensal familiar,%,Unidade da Federação,24,Rio Grande do Norte,2018,Mais de 5.724 a 9.540 Reais,3.9 Outras,4.8,4.8
6972,1204,Distribuição da despesa monetária e não monetária média mensal familiar,%,Unidade da Federação,25,Paraíba,2018,Mais de 5.724 a 9.540 Reais,3.9 Outras,1.6,1.6
6972,1204,Distribuição da despesa monetária e não monetária média mensal familiar,%,Unidade da Federação,26,Pernambuco,2018,Mais de 5.724 a 9.540 Reais,3.9 Outras,0.8,0.8
6972,1204,Distribuição da despesa monetária e não monetária média mensal familiar,%,Unidade da Federação,27,Alagoas,2018,Mais de 5.724 a 9.540 Reais,3.9 Outras,1.7,1.7
6972,1204,Distribuição da despesa monetária e não monetária média mensal familiar,%,Unidade da Federação,28,Sergipe,2018,Mais de 5.724 a 9.540 Reais,3.9 Outras,1.6,1.6
6972,1204,Distribuição da despesa monetária e não monetária média mensal familiar,%,Unidade da Federação,29,Bahia,2018,Mais de 5.724 a 9.540 Reais,3.9 Outras,1.0,1.0
6972,1204,Distribuição da despesa monetária e não monetária média mensal familiar,%,Unidade da Federação,31,Minas Gerais,2018,Mais de 5.724 a 9.540 Reais,3.9 Outras,6.9,6.9
6972,1204,Distribuição da despesa monetária e não monetária média mensal familiar,%,Unidade da Federação,32,Espírito Santo,2018,Mais de 5.724 a 9.540 Reais,3.9 Outras,3.5,3.5
6972,1204,Distribuição da despesa monetária e não monetária média mensal familiar,%,Unidade da Federação,33,Rio de Janeiro,2018,Mais de 5.724 a 9.540 Reais,3.9 Outras,0.9,0.9
6972,1204,Distribuição da despesa monetária e não monetária média mensal familiar,%,Unidade da Federação,35,São Paulo,2018,Mais de 5.724 a 9.540 Reais,3.9 Outras,2.0,2.0
6972,1204,Distribuição da despesa monetária e não monetária média mensal familiar,%,Unidade da Federação,41,Paraná,2018,Mais de 5.724 a 9.540 Reais,3.9 Outras,2.0,2.0
6972,1204,Distribuição da despesa monetária e não monetária média mensal familiar,%,Unidade da Federação,42,Santa Catarina,2018,Mais de 5.724 a 9.540 Reais,3.9 Outras,2.7,2.7
6972,1204,Distribuição da despesa monetária e não monetária média mensal familiar,%,Unidade da Federação,43,Rio Grande do Sul,2018,Mais de 5.724 a 9.540 Reais,3.9 Outras,2.5,2.5
6972,1204,Distribuição da despesa monetária e não monetária média mensal familiar,%,Unidade da Federação,50,Mato Grosso do Sul,2018,Mais de 5.724 a 9.540 Reais,3.9 Outras,3.0,3.0
6972,1204,Distribuição da despesa monetária e não monetária média mensal familiar,%,Unidade da Federação,51,Mato Grosso,2018,Mais de 5.724 a 9.540 Reais,3.9 Outras,8.5,8.5
6972,1204,Distribuição da despesa monetária e não monetária média mensal familiar,%,Unidade da Federação,52,Goiás,2018,Mais de 5.724 a 9.540 Reais,3.9 Outras,2.2,2.2
6972,1204,Distribuição da despesa monetária e não monetária média mensal familiar,%,Unidade da Federação,53,Distrito Federal,2018,Mais de 5.724 a 9.540 Reais,3.9 Outras,0.7,0.7
6972,1204,Distribuição da despesa monetária e não monetária média mensal familiar,%,Brasil,1,Brasil,2018,Mais de 9.540 a 14.310 Reais,1 Despesas com alimentação,100.0,100.0
6972,1204,Distribuição da despesa monetária e não monetária média mensal familiar,%,Unidade da Federação,11,Rondônia,2018,Mais de 9.540 a 14.310 Reais,1 Despesas com alimentação,100.0,100.0
6972,1204,Distribuição da despesa monetária e não monetária média mensal familiar,%,Unidade da Federação,12,Acre,2018,Mais de 9.540 a 14.310 Reais,1 Despesas com alimentação,100.0,100.0
6972,1204,Distribuição da despesa monetária e não monetária média mensal familiar,%,Unidade da Federação,13,Amazonas,2018,Mais de 9.540 a 14.310 Reais,1 Despesas com alimentação,100.0,100.0
6972,1204,Distribuição da despesa monetária e não monetária média mensal familiar,%,Unidade da Federação,14,Roraima,2018,Mais de 9.540 a 14.310 Reais,1 Despesas com alimentação,100.0,100.0
6972,1204,Distribuição da despesa monetária e não monetária média mensal familiar,%,Unidade da Federação,15,Pará,2018,Mais de 9.540 a 14.310 Reais,1 Despesas com alimentação,100.0,100.0
6972,1204,Distribuição da despesa monetária e não monetária média mensal familiar,%,Unidade da Federação,16,Amapá,2018,Mais de 9.540 a 14.310 Reais,1 Despesas com alimentação,100.0,100.0
6972,1204,Distribuição da despesa monetária e não monetária média mensal familiar,%,Unidade da Federação,17,Tocantins,2018,Mais de 9.540 a 14.310 Reais,1 Despesas com alimentação,100.0,100.0
6972,1204,Distribuição da despesa monetária e não monetária média mensal familiar,%,Unidade da Federação,21,Maranhão,2018,Mais de 9.540 a 14.310 Reais,1 Despesas com alimentação,100.0,100.0
6972,1204,Distribuição da despesa monetária e não monetária média mensal familiar,%,Unidade da Federação,22,Piauí,2018,Mais de 9.540 a 14.310 Reais,1 Despesas com alimentação,100.0,100.0
6972,1204,Distribuição da despesa monetária e não monetária média mensal familiar,%,Unidade da Federação,23,Ceará,2018,Mais de 9.540 a 14.310 Reais,1 Despesas com alimentação,100.0,100.0
6972,1204,Distribuição da despesa monetária e não monetária média mensal familiar,%,Unidade da Federação,24,Rio Grande do Norte,2018,Mais de 9.540 a 14.310 Reais,1 Despesas com alimentação,100.0,100.0
6972,1204,Distribuição da despesa monetária e não monetária média mensal familiar,%,Unidade da Federação,25,Paraíba,2018,Mais de 9.540 a 14.310 Reais,1 Despesas com alimentação,100.0,100.0
6972,1204,Distribuição da despesa monetária e não monetária média mensal familiar,%,Unidade da Federação,26,Pernambuco,2018,Mais de 9.540 a 14.310 Reais,1 Despesas com alimentação,100.0,100.0
6972,1204,Distribuição da despesa monetária e não monetária média mensal familiar,%,Unidade da Federação,27,Alagoas,2018,Mais de 9.540 a 14.310 Reais,1 Despesas com alimentação,100.0,100.0
6972,1204,Distribuição da despesa monetária e não monetária média mensal familiar,%,Unidade da Federação,28,Sergipe,2018,Mais de 9.540 a 14.310 Reais,1 Despesas com alimentação,100.0,100.0
6972,1204,Distribuição da despesa monetária e não monetária média mensal familiar,%,Unidade da Federação,29,Bahia,2018,Mais de 9.540 a 14.310 Reais,1 Despesas com alimentação,100.0,100.0
6972,1204,Distribuição da despesa monetária e não monetária média mensal familiar,%,Unidade da Federação,31,Minas Gerais,2018,Mais de 9.540 a 14.310 Reais,1 Despesas com alimentação,100.0,100.0
6972,1204,Distribuição da despesa monetária e não monetária média mensal familiar,%,Unidade da Federação,32,Espírito Santo,2018,Mais de 9.540 a 14.310 Reais,1 Despesas com alimentação,100.0,100.0
6972,1204,Distribuição da despesa monetária e não monetária média mensal familiar,%,Unidade da Federação,33,Rio de Janeiro,2018,Mais de 9.540 a 14.310 Reais,1 Despesas com alimentação,100.0,100.0
6972,1204,Distribuição da despesa monetária e não monetária média mensal familiar,%,Unidade da Federação,35,São Paulo,2018,Mais de 9.540 a 14.310 Reais,1 Despesas com alimentação,100.0,100.0
6972,1204,Distribuição da despesa monetária e não monetária média mensal familiar,%,Unidade da Federação,41,Paraná,2018,Mais de 9.540 a 14.310 Reais,1 Despesas com alimentação,100.0,100.0
6972,1204,Distribuição da despesa monetária e não monetária média mensal familiar,%,Unidade da Federação,42,Santa Catarina,2018,Mais de 9.540 a 14.310 Reais,1 Despesas com alimentação,100.0,100.0
6972,1204,Distribuição da despesa monetária e não monetária média mensal familiar,%,Unidade da Federação,43,Rio Grande do Sul,2018,Mais de 9.540 a 14.310 Reais,1 Despesas com alimentação,100.0,100.0
6972,1204,Distribuição da despesa monetária e não monetária média mensal familiar,%,Unidade da Federação,50,Mato Grosso do Sul,2018,Mais de 9.540 a 14.310 Reais,1 Despesas com alimentação,100.0,100.0
6972,1204,Distribuição da despesa monetária e não monetária média mensal familiar,%,Unidade da Federação,51,Mato Grosso,2018,Mais de 9.540 a 14.310 Reais,1 Despesas com alimentação,100.0,100.0
6972,1204,Distribuição da despesa monetária e não monetária média mensal familiar,%,Unidade da Federação,52,Goiás,2018,Mais de 9.540 a 14.310 Reais,1 Despesas com alimentação,100.0,100.0
6972,1204,Distribuição da despesa monetária e não monetária média mensal familiar,%,Unidade da Federação,53,Distrito Federal,2018,Mais de 9.540 a 14.310 Reais,1 Despesas com alimentação,100.0,100.0
6972,1204,Distribuição da despesa monetária e não monetária média mensal familiar,%,Brasil,1,Brasil,2018,Mais de 9.540 a 14.310 Reais,3 Alimentação fora do domicílio,37.6,37.6
6972,1204,Distribuição da despesa monetária e não monetária média mensal familiar,%,Unidade da Federação,11,Rondônia,2018,Mais de 9.540 a 14.310 Reais,3 Alimentação fora do domicílio,32.1,32.1
6972,1204,Distribuição da despesa monetária e não monetária média mensal familiar,%,Unidade da Federação,12,Acre,2018,Mais de 9.540 a 14.310 Reais,3 Alimentação fora do domicílio,34.2,34.2
6972,1204,Distribuição da despesa monetária e não monetária média mensal familiar,%,Unidade da Federação,13,Amazonas,2018,Mais de 9.540 a 14.310 Reais,3 Alimentação fora do domicílio,25.4,25.4
6972,1204,Distribuição da despesa monetária e não monetária média mensal familiar,%,Unidade da Federação,14,Roraima,2018,Mais de 9.540 a 14.310 Reais,3 Alimentação fora do domicílio,6.8,6.8
6972,1204,Distribuição da despesa monetária e não monetária média mensal familiar,%,Unidade da Federação,15,Pará,2018,Mais de 9.540 a 14.310 Reais,3 Alimentação fora do domicílio,24.2,24.2
6972,1204,Distribuição da despesa monetária e não monetária média mensal familiar,%,Unidade da Federação,16,Amapá,2018,Mais de 9.540 a 14.310 Reais,3 Alimentação fora do domicílio,29.2,29.2
6972,1204,Distribuição da despesa monetária e não monetária média mensal familiar,%,Unidade da Federação,17,Tocantins,2018,Mais de 9.540 a 14.310 Reais,3 Alimentação fora do domicílio,43.4,43.4
6972,1204,Distribuição da despesa monetária e não monetária média mensal familiar,%,Unidade da Federação,21,Maranhão,2018,Mais de 9.540 a 14.310 Reais,3 Alimentação fora do domicílio,20.3,20.3
6972,1204,Distribuição da despesa monetária e não monetária média mensal familiar,%,Unidade da Federação,22,Piauí,2018,Mais de 9.540 a 14.310 Reais,3 Alimentação fora do domicílio,38.5,38.5
6972,1204,Distribuição da despesa monetária e não monetária média mensal familiar,%,Unidade da Federação,23,Ceará,2018,Mais de 9.540 a 14.310 Reais,3 Alimentação fora do domicílio,46.5,46.5
6972,1204,Distribuição da despesa monetária e não monetária média mensal familiar,%,Unidade da Federação,24,Rio Grande do Norte,2018,Mais de 9.540 a 14.310 Reais,3 Alimentação fora do domicílio,33.6,33.6
6972,1204,Distribuição da despesa monetária e não monetária média mensal familiar,%,Unidade da Federação,25,Paraíba,2018,Mais de 9.540 a 14.310 Reais,3 Alimentação fora do domicílio,32.4,32.4
6972,1204,Distribuição da despesa monetária e não monetária média mensal familiar,%,Unidade da Federação,26,Pernambuco,2018,Mais de 9.540 a 14.310 Reais,3 Alimentação fora do domicílio,41.1,41.1
6972,1204,Distribuição da despesa monetária e não monetária média mensal familiar,%,Unidade da Federação,27,Alagoas,2018,Mais de 9.540 a 14.310 Reais,3 Alimentação fora do domicílio,19.2,19.2
6972,1204,Distribuição da despesa monetária e não monetária média mensal familiar,%,Unidade da Federação,28,Sergipe,2018,Mais de 9.540 a 14.310 Reais,3 Alimentação fora do domicílio,47.2,47.2
6972,1204,Distribuição da despesa monetária e não monetária média mensal familiar,%,Unidade da Federação,29,Bahia,2018,Mais de 9.540 a 14.310 Reais,3 Alimentação fora do domicílio,40.5,40.5
6972,1204,Distribuição da despesa monetária e não monetária média mensal familiar,%,Unidade da Federação,31,Minas Gerais,2018,Mais de 9.540 a 14.310 Reais,3 Alimentação fora do domicílio,43.9,43.9
6972,1204,Distribuição da despesa monetária e não monetária média mensal familiar,%,Unidade da Federação,32,Espírito Santo,2018,Mais de 9.540 a 14.310 Reais,3 Alimentação fora do domicílio,32.6,32.6
6972,1204,Distribuição da despesa monetária e não monetária média mensal familiar,%,Unidade da Federação,33,Rio de Janeiro,2018,Mais de 9.540 a 14.310 Reais,3 Alimentação fora do domicílio,38.4,38.4
6972,1204,Distribuição da despesa monetária e não monetária média mensal familiar,%,Unidade da Federação,35,São Paulo,2018,Mais de 9.540 a 14.310 Reais,3 Alimentação fora do domicílio,37.2,37.2
6972,1204,Distribuição da despesa monetária e não monetária média mensal familiar,%,Unidade da Federação,41,Paraná,2018,Mais de 9.540 a 14.310 Reais,3 Alimentação fora do domicílio,35.1,35.1
6972,1204,Distribuição da despesa monetária e não monetária média mensal familiar,%,Unidade da Federação,42,Santa Catarina,2018,Mais de 9.540 a 14.310 Reais,3 Alimentação fora do domicílio,38.0,38.0
6972,1204,Distribuição da despesa monetária e não monetária média mensal familiar,%,Unidade da Federação,43,Rio Grande do Sul,2018,Mais de 9.540 a 14.310 Reais,3 Alimentação fora do domicílio,37.4,37.4
6972,1204,Distribuição da despesa monetária e não monetária média mensal familiar,%,Unidade da Federação,50,Mato Grosso do Sul,2018,Mais de 9.540 a 14.310 Reais,3 Alimentação fora do domicílio,45.4,45.4
6972,1204,Distribuição da despesa monetária e não monetária média mensal familiar,%,Unidade da Federação,51,Mato Grosso,2018,Mais de 9.540 a 14.310 Reais,3 Alimentação fora do domicílio,40.3,40.3
6972,1204,Distribuição da despesa monetária e não monetária média mensal familiar,%,Unidade da Federação,52,Goiás,2018,Mais de 9.540 a 14.310 Reais,3 Alimentação fora do domicílio,32.7,32.7
6972,1204,Distribuição da despesa monetária e não monetária média mensal familiar,%,Unidade da Federação,53,Distrito Federal,2018,Mais de 9.540 a 14.310 Reais,3 Alimentação fora do domicílio,38.2,38.2
6972,1204,Distribuição da despesa monetária e não monetária média mensal familiar,%,Brasil,1,Brasil,2018,Mais de 9.540 a 14.310 Reais,3.1 Almoço e jantar,27.0,27.0
6972,1204,Distribuição da despesa monetária e não monetária média mensal familiar,%,Unidade da Federação,11,Rondônia,2018,Mais de 9.540 a 14.310 Reais,3.1 Almoço e jantar,15.9,15.9
6972,1204,Distribuição da despesa monetária e não monetária média mensal familiar,%,Unidade da Federação,12,Acre,2018,Mais de 9.540 a 14.310 Reais,3.1 Almoço e jantar,26.8,26.8
6972,1204,Distribuição da despesa monetária e não monetária média mensal familiar,%,Unidade da Federação,13,Amazonas,2018,Mais de 9.540 a 14.310 Reais,3.1 Almoço e jantar,17.2,17.2
6972,1204,Distribuição da despesa monetária e não monetária média mensal familiar,%,Unidade da Federação,14,Roraima,2018,Mais de 9.540 a 14.310 Reais,3.1 Almoço e jantar,5.8,5.8
6972,1204,Distribuição da despesa monetária e não monetária média mensal familiar,%,Unidade da Federação,15,Pará,2018,Mais de 9.540 a 14.310 Reais,3.1 Almoço e jantar,19.7,19.7
6972,1204,Distribuição da despesa monetária e não monetária média mensal familiar,%,Unidade da Federação,16,Amapá,2018,Mais de 9.540 a 14.310 Reais,3.1 Almoço e jantar,19.9,19.9
6972,1204,Distribuição da despesa monetária e não monetária média mensal familiar,%,Unidade da Federação,17,Tocantins,2018,Mais de 9.540 a 14.310 Reais,3.1 Almoço e jantar,35.8,35.8
6972,1204,Distribuição da despesa monetária e não monetária média mensal familiar,%,Unidade da Federação,21,Maranhão,2018,Mais de 9.540 a 14.310 Reais,3.1 Almoço e jantar,12.6,12.6
6972,1204,Distribuição da despesa monetária e não monetária média mensal familiar,%,Unidade da Federação,22,Piauí,2018,Mais de 9.540 a 14.310 Reais,3.1 Almoço e jantar,24.8,24.8
6972,1204,Distribuição da despesa monetária e não monetária média mensal familiar,%,Unidade da Federação,23,Ceará,2018,Mais de 9.540 a 14.310 Reais,3.1 Almoço e jantar,37.6,37.6
6972,1204,Distribuição da despesa monetária e não monetária média mensal familiar,%,Unidade da Federação,24,Rio Grande do Norte,2018,Mais de 9.540 a 14.310 Reais,3.1 Almoço e jantar,19.2,19.2
6972,1204,Distribuição da despesa monetária e não monetária média mensal familiar,%,Unidade da Federação,25,Paraíba,2018,Mais de 9.540 a 14.310 Reais,3.1 Almoço e jantar,27.1,27.1
6972,1204,Distribuição da despesa monetária e não monetária média mensal familiar,%,Unidade da Federação,26,Pernambuco,2018,Mais de 9.540 a 14.310 Reais,3.1 Almoço e jantar,29.7,29.7
6972,1204,Distribuição da despesa monetária e não monetária média mensal familiar,%,Unidade da Federação,27,Alagoas,2018,Mais de 9.540 a 14.310 Reais,3.1 Almoço e jantar,13.7,13.7
6972,1204,Distribuição da despesa monetária e não monetária média mensal familiar,%,Unidade da Federação,28,Sergipe,2018,Mais de 9.540 a 14.310 Reais,3.1 Almoço e jantar,26.9,26.9
6972,1204,Distribuição da despesa monetária e não monetária média mensal familiar,%,Unidade da Federação,29,Bahia,2018,Mais de 9.540 a 14.310 Reais,3.1 Almoço e jantar,25.8,25.8
6972,1204,Distribuição da despesa monetária e não monetária média mensal familiar,%,Unidade da Federação,31,Minas Gerais,2018,Mais de 9.540 a 14.310 Reais,3.1 Almoço e jantar,30.6,30.6
6972,1204,Distribuição da despesa monetária e não monetária média mensal familiar,%,Unidade da Federação,32,Espírito Santo,2018,Mais de 9.540 a 14.310 Reais,3.1 Almoço e jantar,21.1,21.1
6972,1204,Distribuição da despesa monetária e não monetária média mensal familiar,%,Unidade da Federação,33,Rio de Janeiro,2018,Mais de 9.540 a 14.310 Reais,3.1 Almoço e jantar,27.9,27.9
6972,1204,Distribuição da despesa monetária e não monetária média mensal familiar,%,Unidade da Federação,35,São Paulo,2018,Mais de 9.540 a 14.310 Reais,3.1 Almoço e jantar,26.8,26.8
6972,1204,Distribuição da despesa monetária e não monetária média mensal familiar,%,Unidade da Federação,41,Paraná,2018,Mais de 9.540 a 14.310 Reais,3.1 Almoço e jantar,27.2,27.2
6972,1204,Distribuição da despesa monetária e não monetária média mensal familiar,%,Unidade da Federação,42,Santa Catarina,2018,Mais de 9.540 a 14.310 Reais,3.1 Almoço e jantar,26.3,26.3
6972,1204,Distribuição da despesa monetária e não monetária média mensal familiar,%,Unidade da Federação,43,Rio Grande do Sul,2018,Mais de 9.540 a 14.310 Reais,3.1 Almoço e jantar,29.3,29.3
6972,1204,Distribuição da despesa monetária e não monetária média mensal familiar,%,Unidade da Federação,50,Mato Grosso do Sul,2018,Mais de 9.540 a 14.310 Reais,3.1 Almoço e jantar,32.4,32.4
6972,1204,Distribuição da despesa monetária e não monetária média mensal familiar,%,Unidade da Federação,51,Mato Grosso,2018,Mais de 9.540 a 14.310 Reais,3.1 Almoço e jantar,23.3,23.3
6972,1204,Distribuição da despesa monetária e não monetária média mensal familiar,%,Unidade da Federação,52,Goiás,2018,Mais de 9.540 a 14.310 Reais,3.1 Almoço e jantar,21.5,21.5
6972,1204,Distribuição da despesa monetária e não monetária média mensal familiar,%,Unidade da Federação,53,Distrito Federal,2018,Mais de 9.540 a 14.310 Reais,3.1 Almoço e jantar,25.6,25.6
6972,1204,Distribuição da despesa monetária e não monetária média mensal familiar,%,Brasil,1,Brasil,2018,Mais de 9.540 a 14.310 Reais,"3.2 Café, leite, café/leite e chocolate",0.5,0.5
6972,1204,Distribuição da despesa monetária e não monetária média mensal familiar,%,Unidade da Federação,11,Rondônia,2018,Mais de 9.540 a 14.310 Reais,"3.2 Café, leite, café/leite e chocolate",0.2,0.2
6972,1204,Distribuição da despesa monetária e não monetária média mensal familiar,%,Unidade da Federação,12,Acre,2018,Mais de 9.540 a 14.310 Reais,"3.2 Café, leite, café/leite e chocolate",0.5,0.5
6972,1204,Distribuição da despesa monetária e não monetária média mensal familiar,%,Unidade da Federação,13,Amazonas,2018,Mais de 9.540 a 14.310 Reais,"3.2 Café, leite, café/leite e chocolate",0.2,0.2
6972,1204,Distribuição da despesa monetária e não monetária média mensal familiar,%,Unidade da Federação,14,Roraima,2018,Mais de 9.540 a 14.310 Reais,"3.2 Café, leite, café/leite e chocolate",-,0.0
6972,1204,Distribuição da despesa monetária e não monetária média mensal familiar,%,Unidade da Federação,15,Pará,2018,Mais de 9.540 a 14.310 Reais,"3.2 Café, leite, café/leite e chocolate",0.0,0.0
6972,1204,Distribuição da despesa monetária e não monetária média mensal familiar,%,Unidade da Federação,16,Amapá,2018,Mais de 9.540 a 14.310 Reais,"3.2 Café, leite, café/leite e chocolate",0.3,0.3
6972,1204,Distribuição da despesa monetária e não monetária média mensal familiar,%,Unidade da Federação,17,Tocantins,2018,Mais de 9.540 a 14.310 Reais,"3.2 Café, leite, café/leite e chocolate",0.2,0.2
6972,1204,Distribuição da despesa monetária e não monetária média mensal familiar,%,Unidade da Federação,21,Maranhão,2018,Mais de 9.540 a 14.310 Reais,"3.2 Café, leite, café/leite e chocolate",0.2,0.2
6972,1204,Distribuição da despesa monetária e não monetária média mensal familiar,%,Unidade da Federação,22,Piauí,2018,Mais de 9.540 a 14.310 Reais,"3.2 Café, leite, café/leite e chocolate",0.4,0.4
6972,1204,Distribuição da despesa monetária e não monetária média mensal familiar,%,Unidade da Federação,23,Ceará,2018,Mais de 9.540 a 14.310 Reais,"3.2 Café, leite, café/leite e chocolate",0.3,0.3
6972,1204,Distribuição da despesa monetária e não monetária média mensal familiar,%,Unidade da Federação,24,Rio Grande do Norte,2018,Mais de 9.540 a 14.310 Reais,"3.2 Café, leite, café/leite e chocolate",0.0,0.0
6972,1204,Distribuição da despesa monetária e não monetária média mensal familiar,%,Unidade da Federação,25,Paraíba,2018,Mais de 9.540 a 14.310 Reais,"3.2 Café, leite, café/leite e chocolate",0.0,0.0
6972,1204,Distribuição da despesa monetária e não monetária média mensal familiar,%,Unidade da Federação,26,Pernambuco,2018,Mais de 9.540 a 14.310 Reais,"3.2 Café, leite, café/leite e chocolate",0.4,0.4
6972,1204,Distribuição da despesa monetária e não monetária média mensal familiar,%,Unidade da Federação,27,Alagoas,2018,Mais de 9.540 a 14.310 Reais,"3.2 Café, leite, café/leite e chocolate",0.1,0.1
6972,1204,Distribuição da despesa monetária e não monetária média mensal familiar,%,Unidade da Federação,28,Sergipe,2018,Mais de 9.540 a 14.310 Reais,"3.2 Café, leite, café/leite e chocolate",0.2,0.2
6972,1204,Distribuição da despesa monetária e não monetária média mensal familiar,%,Unidade da Federação,29,Bahia,2018,Mais de 9.540 a 14.310 Reais,"3.2 Café, leite, café/leite e chocolate",0.1,0.1
6972,1204,Distribuição da despesa monetária e não monetária média mensal familiar,%,Unidade da Federação,31,Minas Gerais,2018,Mais de 9.540 a 14.310 Reais,"3.2 Café, leite, café/leite e chocolate",0.2,0.2
6972,1204,Distribuição da despesa monetária e não monetária média mensal familiar,%,Unidade da Federação,32,Espírito Santo,2018,Mais de 9.540 a 14.310 Reais,"3.2 Café, leite, café/leite e chocolate",0.2,0.2
6972,1204,Distribuição da despesa monetária e não monetária média mensal familiar,%,Unidade da Federação,33,Rio de Janeiro,2018,Mais de 9.540 a 14.310 Reais,"3.2 Café, leite, café/leite e chocolate",0.2,0.2
6972,1204,Distribuição da despesa monetária e não monetária média mensal familiar,%,Unidade da Federação,35,São Paulo,2018,Mais de 9.540 a 14.310 Reais,"3.2 Café, leite, café/leite e chocolate",0.8,0.8
6972,1204,Distribuição da despesa monetária e não monetária média mensal familiar,%,Unidade da Federação,41,Paraná,2018,Mais de 9.540 a 14.310 Reais,"3.2 Café, leite, café/leite e chocolate",0.2,0.2
6972,1204,Distribuição da despesa monetária e não monetária média mensal familiar,%,Unidade da Federação,42,Santa Catarina,2018,Mais de 9.540 a 14.310 Reais,"3.2 Café, leite, café/leite e chocolate",0.5,0.5
6972,1204,Distribuição da despesa monetária e não monetária média mensal familiar,%,Unidade da Federação,43,Rio Grande do Sul,2018,Mais de 9.540 a 14.310 Reais,"3.2 Café, leite, café/leite e chocolate",0.4,0.4
6972,1204,Distribuição da despesa monetária e não monetária média mensal familiar,%,Unidade da Federação,50,Mato Grosso do Sul,2018,Mais de 9.540 a 14.310 Reais,"3.2 Café, leite, café/leite e chocolate",0.4,0.4
6972,1204,Distribuição da despesa monetária e não monetária média mensal familiar,%,Unidade da Federação,51,Mato Grosso,2018,Mais de 9.540 a 14.310 Reais,"3.2 Café, leite, café/leite e chocolate",0.2,0.2
6972,1204,Distribuição da despesa monetária e não monetária média mensal familiar,%,Unidade da Federação,52,Goiás,2018,Mais de 9.540 a 14.310 Reais,"3.2 Café, leite, café/leite e chocolate",0.2,0.2
6972,1204,Distribuição da despesa monetária e não monetária média mensal familiar,%,Unidade da Federação,53,Distrito Federal,2018,Mais de 9.540 a 14.310 Reais,"3.2 Café, leite, café/leite e chocolate",0.3,0.3
6972,1204,Distribuição da despesa monetária e não monetária média mensal familiar,%,Brasil,1,Brasil,2018,Mais de 9.540 a 14.310 Reais,3.3 Sanduíches e salgados,3.4,3.4
6972,1204,Distribuição da despesa monetária e não monetária média mensal familiar,%,Unidade da Federação,11,Rondônia,2018,Mais de 9.540 a 14.310 Reais,3.3 Sanduíches e salgados,5.7,5.7
6972,1204,Distribuição da despesa monetária e não monetária média mensal familiar,%,Unidade da Federação,12,Acre,2018,Mais de 9.540 a 14.310 Reais,3.3 Sanduíches e salgados,2.5,2.5
6972,1204,Distribuição da despesa monetária e não monetária média mensal familiar,%,Unidade da Federação,13,Amazonas,2018,Mais de 9.540 a 14.310 Reais,3.3 Sanduíches e salgados,2.6,2.6
6972,1204,Distribuição da despesa monetária e não monetária média mensal familiar,%,Unidade da Federação,14,Roraima,2018,Mais de 9.540 a 14.310 Reais,3.3 Sanduíches e salgados,0.6,0.6
6972,1204,Distribuição da despesa monetária e não monetária média mensal familiar,%,Unidade da Federação,15,Pará,2018,Mais de 9.540 a 14.310 Reais,3.3 Sanduíches e salgados,1.6,1.6
6972,1204,Distribuição da despesa monetária e não monetária média mensal familiar,%,Unidade da Federação,16,Amapá,2018,Mais de 9.540 a 14.310 Reais,3.3 Sanduíches e salgados,2.7,2.7
6972,1204,Distribuição da despesa monetária e não monetária média mensal familiar,%,Unidade da Federação,17,Tocantins,2018,Mais de 9.540 a 14.310 Reais,3.3 Sanduíches e salgados,0.5,0.5
6972,1204,Distribuição da despesa monetária e não monetária média mensal familiar,%,Unidade da Federação,21,Maranhão,2018,Mais de 9.540 a 14.310 Reais,3.3 Sanduíches e salgados,3.5,3.5
6972,1204,Distribuição da despesa monetária e não monetária média mensal familiar,%,Unidade da Federação,22,Piauí,2018,Mais de 9.540 a 14.310 Reais,3.3 Sanduíches e salgados,4.1,4.1
6972,1204,Distribuição da despesa monetária e não monetária média mensal familiar,%,Unidade da Federação,23,Ceará,2018,Mais de 9.540 a 14.310 Reais,3.3 Sanduíches e salgados,3.7,3.7
6972,1204,Distribuição da despesa monetária e não monetária média mensal familiar,%,Unidade da Federação,24,Rio Grande do Norte,2018,Mais de 9.540 a 14.310 Reais,3.3 Sanduíches e salgados,2.5,2.5
6972,1204,Distribuição da despesa monetária e não monetária média mensal familiar,%,Unidade da Federação,25,Paraíba,2018,Mais de 9.540 a 14.310 Reais,3.3 Sanduíches e salgados,2.9,2.9
6972,1204,Distribuição da despesa monetária e não monetária média mensal familiar,%,Unidade da Federação,26,Pernambuco,2018,Mais de 9.540 a 14.310 Reais,3.3 Sanduíches e salgados,4.0,4.0
6972,1204,Distribuição da despesa monetária e não monetária média mensal familiar,%,Unidade da Federação,27,Alagoas,2018,Mais de 9.540 a 14.310 Reais,3.3 Sanduíches e salgados,2.6,2.6
6972,1204,Distribuição da despesa monetária e não monetária média mensal familiar,%,Unidade da Federação,28,Sergipe,2018,Mais de 9.540 a 14.310 Reais,3.3 Sanduíches e salgados,2.7,2.7
6972,1204,Distribuição da despesa monetária e não monetária média mensal familiar,%,Unidade da Federação,29,Bahia,2018,Mais de 9.540 a 14.310 Reais,3.3 Sanduíches e salgados,4.5,4.5
6972,1204,Distribuição da despesa monetária e não monetária média mensal familiar,%,Unidade da Federação,31,Minas Gerais,2018,Mais de 9.540 a 14.310 Reais,3.3 Sanduíches e salgados,3.4,3.4
6972,1204,Distribuição da despesa monetária e não monetária média mensal familiar,%,Unidade da Federação,32,Espírito Santo,2018,Mais de 9.540 a 14.310 Reais,3.3 Sanduíches e salgados,3.3,3.3
6972,1204,Distribuição da despesa monetária e não monetária média mensal familiar,%,Unidade da Federação,33,Rio de Janeiro,2018,Mais de 9.540 a 14.310 Reais,3.3 Sanduíches e salgados,4.5,4.5
6972,1204,Distribuição da despesa monetária e não monetária média mensal familiar,%,Unidade da Federação,35,São Paulo,2018,Mais de 9.540 a 14.310 Reais,3.3 Sanduíches e salgados,3.5,3.5
6972,1204,Distribuição da despesa monetária e não monetária média mensal familiar,%,Unidade da Federação,41,Paraná,2018,Mais de 9.540 a 14.310 Reais,3.3 Sanduíches e salgados,2.3,2.3
6972,1204,Distribuição da despesa monetária e não monetária média mensal familiar,%,Unidade da Federação,42,Santa Catarina,2018,Mais de 9.540 a 14.310 Reais,3.3 Sanduíches e salgados,3.4,3.4
6972,1204,Distribuição da despesa monetária e não monetária média mensal familiar,%,Unidade da Federação,43,Rio Grande do Sul,2018,Mais de 9.540 a 14.310 Reais,3.3 Sanduíches e salgados,2.5,2.5
6972,1204,Distribuição da despesa monetária e não monetária média mensal familiar,%,Unidade da Federação,50,Mato Grosso do Sul,2018,Mais de 9.540 a 14.310 Reais,3.3 Sanduíches e salgados,4.1,4.1
6972,1204,Distribuição da despesa monetária e não monetária média mensal familiar,%,Unidade da Federação,51,Mato Grosso,2018,Mais de 9.540 a 14.310 Reais,3.3 Sanduíches e salgados,3.7,3.7
6972,1204,Distribuição da despesa monetária e não monetária média mensal familiar,%,Unidade da Federação,52,Goiás,2018,Mais de 9.540 a 14.310 Reais,3.3 Sanduíches e salgados,2.8,2.8
6972,1204,Distribuição da despesa monetária e não monetária média mensal familiar,%,Unidade da Federação,53,Distrito Federal,2018,Mais de 9.540 a 14.310 Reais,3.3 Sanduíches e salgados,4.2,4.2
6972,1204,Distribuição da despesa monetária e não monetária média mensal familiar,%,Brasil,1,Brasil,2018,Mais de 9.540 a 14.310 Reais,3.4 Refrigerantes e outras bebidas não alcoólicas,1.1,1.1
6972,1204,Distribuição da despesa monetária e não monetária média mensal familiar,%,Unidade da Federação,11,Rondônia,2018,Mais de 9.540 a 14.310 Reais,3.4 Refrigerantes e outras bebidas não alcoólicas,1.4,1.4
6972,1204,Distribuição da despesa monetária e não monetária média mensal familiar,%,Unidade da Federação,12,Acre,2018,Mais de 9.540 a 14.310 Reais,3.4 Refrigerantes e outras bebidas não alcoólicas,2.3,2.3
6972,1204,Distribuição da despesa monetária e não monetária média mensal familiar,%,Unidade da Federação,13,Amazonas,2018,Mais de 9.540 a 14.310 Reais,3.4 Refrigerantes e outras bebidas não alcoólicas,1.0,1.0
6972,1204,Distribuição da despesa monetária e não monetária média mensal familiar,%,Unidade da Federação,14,Roraima,2018,Mais de 9.540 a 14.310 Reais,3.4 Refrigerantes e outras bebidas não alcoólicas,0.1,0.1
6972,1204,Distribuição da despesa monetária e não monetária média mensal familiar,%,Unidade da Federação,15,Pará,2018,Mais de 9.540 a 14.310 Reais,3.4 Refrigerantes e outras bebidas não alcoólicas,0.7,0.7
6972,1204,Distribuição da despesa monetária e não monetária média mensal familiar,%,Unidade da Federação,16,Amapá,2018,Mais de 9.540 a 14.310 Reais,3.4 Refrigerantes e outras bebidas não alcoólicas,2.1,2.1
6972,1204,Distribuição da despesa monetária e não monetária média mensal familiar,%,Unidade da Federação,17,Tocantins,2018,Mais de 9.540 a 14.310 Reais,3.4 Refrigerantes e outras bebidas não alcoólicas,0.5,0.5
6972,1204,Distribuição da despesa monetária e não monetária média mensal familiar,%,Unidade da Federação,21,Maranhão,2018,Mais de 9.540 a 14.310 Reais,3.4 Refrigerantes e outras bebidas não alcoólicas,0.8,0.8
6972,1204,Distribuição da despesa monetária e não monetária média mensal familiar,%,Unidade da Federação,22,Piauí,2018,Mais de 9.540 a 14.310 Reais,3.4 Refrigerantes e outras bebidas não alcoólicas,1.9,1.9
6972,1204,Distribuição da despesa monetária e não monetária média mensal familiar,%,Unidade da Federação,23,Ceará,2018,Mais de 9.540 a 14.310 Reais,3.4 Refrigerantes e outras bebidas não alcoólicas,2.3,2.3
6972,1204,Distribuição da despesa monetária e não monetária média mensal familiar,%,Unidade da Federação,24,Rio Grande do Norte,2018,Mais de 9.540 a 14.310 Reais,3.4 Refrigerantes e outras bebidas não alcoólicas,0.4,0.4
6972,1204,Distribuição da despesa monetária e não monetária média mensal familiar,%,Unidade da Federação,25,Paraíba,2018,Mais de 9.540 a 14.310 Reais,3.4 Refrigerantes e outras bebidas não alcoólicas,0.7,0.7
6972,1204,Distribuição da despesa monetária e não monetária média mensal familiar,%,Unidade da Federação,26,Pernambuco,2018,Mais de 9.540 a 14.310 Reais,3.4 Refrigerantes e outras bebidas não alcoólicas,1.2,1.2
6972,1204,Distribuição da despesa monetária e não monetária média mensal familiar,%,Unidade da Federação,27,Alagoas,2018,Mais de 9.540 a 14.310 Reais,3.4 Refrigerantes e outras bebidas não alcoólicas,1.3,1.3
6972,1204,Distribuição da despesa monetária e não monetária média mensal familiar,%,Unidade da Federação,28,Sergipe,2018,Mais de 9.540 a 14.310 Reais,3.4 Refrigerantes e outras bebidas não alcoólicas,5.5,5.5
6972,1204,Distribuição da despesa monetária e não monetária média mensal familiar,%,Unidade da Federação,29,Bahia,2018,Mais de 9.540 a 14.310 Reais,3.4 Refrigerantes e outras bebidas não alcoólicas,1.3,1.3
6972,1204,Distribuição da despesa monetária e não monetária média mensal familiar,%,Unidade da Federação,31,Minas Gerais,2018,Mais de 9.540 a 14.310 Reais,3.4 Refrigerantes e outras bebidas não alcoólicas,1.2,1.2
6972,1204,Distribuição da despesa monetária e não monetária média mensal familiar,%,Unidade da Federação,32,Espírito Santo,2018,Mais de 9.540 a 14.310 Reais,3.4 Refrigerantes e outras bebidas não alcoólicas,2.2,2.2
6972,1204,Distribuição da despesa monetária e não monetária média mensal familiar,%,Unidade da Federação,33,Rio de Janeiro,2018,Mais de 9.540 a 14.310 Reais,3.4 Refrigerantes e outras bebidas não alcoólicas,0.7,0.7
6972,1204,Distribuição da despesa monetária e não monetária média mensal familiar,%,Unidade da Federação,35,São Paulo,2018,Mais de 9.540 a 14.310 Reais,3.4 Refrigerantes e outras bebidas não alcoólicas,1.0,1.0
6972,1204,Distribuição da despesa monetária e não monetária média mensal familiar,%,Unidade da Federação,41,Paraná,2018,Mais de 9.540 a 14.310 Reais,3.4 Refrigerantes e outras bebidas não alcoólicas,0.9,0.9
6972,1204,Distribuição da despesa monetária e não monetária média mensal familiar,%,Unidade da Federação,42,Santa Catarina,2018,Mais de 9.540 a 14.310 Reais,3.4 Refrigerantes e outras bebidas não alcoólicas,1.0,1.0
6972,1204,Distribuição da despesa monetária e não monetária média mensal familiar,%,Unidade da Federação,43,Rio Grande do Sul,2018,Mais de 9.540 a 14.310 Reais,3.4 Refrigerantes e outras bebidas não alcoólicas,0.6,0.6
6972,1204,Distribuição da despesa monetária e não monetária média mensal familiar,%,Unidade da Federação,50,Mato Grosso do Sul,2018,Mais de 9.540 a 14.310 Reais,3.4 Refrigerantes e outras bebidas não alcoólicas,1.1,1.1
6972,1204,Distribuição da despesa monetária e não monetária média mensal familiar,%,Unidade da Federação,51,Mato Grosso,2018,Mais de 9.540 a 14.310 Reais,3.4 Refrigerantes e outras bebidas não alcoólicas,2.4,2.4
6972,1204,Distribuição da despesa monetária e não monetária média mensal familiar,%,Unidade da Federação,52,Goiás,2018,Mais de 9.540 a 14.310 Reais,3.4 Refrigerantes e outras bebidas não alcoólicas,1.5,1.5
6972,1204,Distribuição da despesa monetária e não monetária média mensal familiar,%,Unidade da Federação,53,Distrito Federal,2018,Mais de 9.540 a 14.310 Reais,3.4 Refrigerantes e outras bebidas não alcoólicas,0.8,0.8
6972,1204,Distribuição da despesa monetária e não monetária média mensal familiar,%,Brasil,1,Brasil,2018,Mais de 9.540 a 14.310 Reais,3.5 Lanches,2.2,2.2
6972,1204,Distribuição da despesa monetária e não monetária média mensal familiar,%,Unidade da Federação,11,Rondônia,2018,Mais de 9.540 a 14.310 Reais,3.5 Lanches,2.2,2.2
6972,1204,Distribuição da despesa monetária e não monetária média mensal familiar,%,Unidade da Federação,12,Acre,2018,Mais de 9.540 a 14.310 Reais,3.5 Lanches,0.7,0.7
6972,1204,Distribuição da despesa monetária e não monetária média mensal familiar,%,Unidade da Federação,13,Amazonas,2018,Mais de 9.540 a 14.310 Reais,3.5 Lanches,2.1,2.1
6972,1204,Distribuição da despesa monetária e não monetária média mensal familiar,%,Unidade da Federação,14,Roraima,2018,Mais de 9.540 a 14.310 Reais,3.5 Lanches,-,0.0
6972,1204,Distribuição da despesa monetária e não monetária média mensal familiar,%,Unidade da Federação,15,Pará,2018,Mais de 9.540 a 14.310 Reais,3.5 Lanches,1.0,1.0
6972,1204,Distribuição da despesa monetária e não monetária média mensal familiar,%,Unidade da Federação,16,Amapá,2018,Mais de 9.540 a 14.310 Reais,3.5 Lanches,1.3,1.3
6972,1204,Distribuição da despesa monetária e não monetária média mensal familiar,%,Unidade da Federação,17,Tocantins,2018,Mais de 9.540 a 14.310 Reais,3.5 Lanches,-,0.0
6972,1204,Distribuição da despesa monetária e não monetária média mensal familiar,%,Unidade da Federação,21,Maranhão,2018,Mais de 9.540 a 14.310 Reais,3.5 Lanches,1.1,1.1
6972,1204,Distribuição da despesa monetária e não monetária média mensal familiar,%,Unidade da Federação,22,Piauí,2018,Mais de 9.540 a 14.310 Reais,3.5 Lanches,2.6,2.6
6972,1204,Distribuição da despesa monetária e não monetária média mensal familiar,%,Unidade da Federação,23,Ceará,2018,Mais de 9.540 a 14.310 Reais,3.5 Lanches,1.5,1.5
6972,1204,Distribuição da despesa monetária e não monetária média mensal familiar,%,Unidade da Federação,24,Rio Grande do Norte,2018,Mais de 9.540 a 14.310 Reais,3.5 Lanches,8.6,8.6
6972,1204,Distribuição da despesa monetária e não monetária média mensal familiar,%,Unidade da Federação,25,Paraíba,2018,Mais de 9.540 a 14.310 Reais,3.5 Lanches,1.0,1.0
6972,1204,Distribuição da despesa monetária e não monetária média mensal familiar,%,Unidade da Federação,26,Pernambuco,2018,Mais de 9.540 a 14.310 Reais,3.5 Lanches,2.7,2.7
6972,1204,Distribuição da despesa monetária e não monetária média mensal familiar,%,Unidade da Federação,27,Alagoas,2018,Mais de 9.540 a 14.310 Reais,3.5 Lanches,0.1,0.1
6972,1204,Distribuição da despesa monetária e não monetária média mensal familiar,%,Unidade da Federação,28,Sergipe,2018,Mais de 9.540 a 14.310 Reais,3.5 Lanches,6.1,6.1
6972,1204,Distribuição da despesa monetária e não monetária média mensal familiar,%,Unidade da Federação,29,Bahia,2018,Mais de 9.540 a 14.310 Reais,3.5 Lanches,4.5,4.5
6972,1204,Distribuição da despesa monetária e não monetária média mensal familiar,%,Unidade da Federação,31,Minas Gerais,2018,Mais de 9.540 a 14.310 Reais,3.5 Lanches,3.9,3.9
6972,1204,Distribuição da despesa monetária e não monetária média mensal familiar,%,Unidade da Federação,32,Espírito Santo,2018,Mais de 9.540 a 14.310 Reais,3.5 Lanches,0.9,0.9
6972,1204,Distribuição da despesa monetária e não monetária média mensal familiar,%,Unidade da Federação,33,Rio de Janeiro,2018,Mais de 9.540 a 14.310 Reais,3.5 Lanches,1.1,1.1
6972,1204,Distribuição da despesa monetária e não monetária média mensal familiar,%,Unidade da Federação,35,São Paulo,2018,Mais de 9.540 a 14.310 Reais,3.5 Lanches,1.6,1.6
6972,1204,Distribuição da despesa monetária e não monetária média mensal familiar,%,Unidade da Federação,41,Paraná,2018,Mais de 9.540 a 14.310 Reais,3.5 Lanches,2.2,2.2
6972,1204,Distribuição da despesa monetária e não monetária média mensal familiar,%,Unidade da Federação,42,Santa Catarina,2018,Mais de 9.540 a 14.310 Reais,3.5 Lanches,1.5,1.5
6972,1204,Distribuição da despesa monetária e não monetária média mensal familiar,%,Unidade da Federação,43,Rio Grande do Sul,2018,Mais de 9.540 a 14.310 Reais,3.5 Lanches,2.4,2.4
6972,1204,Distribuição da despesa monetária e não monetária média mensal familiar,%,Unidade da Federação,50,Mato Grosso do Sul,2018,Mais de 9.540 a 14.310 Reais,3.5 Lanches,2.4,2.4
6972,1204,Distribuição da despesa monetária e não monetária média mensal familiar,%,Unidade da Federação,51,Mato Grosso,2018,Mais de 9.540 a 14.310 Reais,3.5 Lanches,2.6,2.6
6972,1204,Distribuição da despesa monetária e não monetária média mensal familiar,%,Unidade da Federação,52,Goiás,2018,Mais de 9.540 a 14.310 Reais,3.5 Lanches,2.5,2.5
6972,1204,Distribuição da despesa monetária e não monetária média mensal familiar,%,Unidade da Federação,53,Distrito Federal,2018,Mais de 9.540 a 14.310 Reais,3.5 Lanches,3.5,3.5
6972,1204,Distribuição da despesa monetária e não monetária média mensal familiar,%,Brasil,1,Brasil,2018,Mais de 9.540 a 14.310 Reais,"3.6 Cervejas, chopes e outras bebidas alcoólicas",1.7,1.7
6972,1204,Distribuição da despesa monetária e não monetária média mensal familiar,%,Unidade da Federação,11,Rondônia,2018,Mais de 9.540 a 14.310 Reais,"3.6 Cervejas, chopes e outras bebidas alcoólicas",4.9,4.9
6972,1204,Distribuição da despesa monetária e não monetária média mensal familiar,%,Unidade da Federação,12,Acre,2018,Mais de 9.540 a 14.310 Reais,"3.6 Cervejas, chopes e outras bebidas alcoólicas",0.5,0.5
6972,1204,Distribuição da despesa monetária e não monetária média mensal familiar,%,Unidade da Federação,13,Amazonas,2018,Mais de 9.540 a 14.310 Reais,"3.6 Cervejas, chopes e outras bebidas alcoólicas",1.0,1.0
6972,1204,Distribuição da despesa monetária e não monetária média mensal familiar,%,Unidade da Federação,14,Roraima,2018,Mais de 9.540 a 14.310 Reais,"3.6 Cervejas, chopes e outras bebidas alcoólicas",-,0.0
6972,1204,Distribuição da despesa monetária e não monetária média mensal familiar,%,Unidade da Federação,15,Pará,2018,Mais de 9.540 a 14.310 Reais,"3.6 Cervejas, chopes e outras bebidas alcoólicas",0.7,0.7
6972,1204,Distribuição da despesa monetária e não monetária média mensal familiar,%,Unidade da Federação,16,Amapá,2018,Mais de 9.540 a 14.310 Reais,"3.6 Cervejas, chopes e outras bebidas alcoólicas",2.3,2.3
6972,1204,Distribuição da despesa monetária e não monetária média mensal familiar,%,Unidade da Federação,17,Tocantins,2018,Mais de 9.540 a 14.310 Reais,"3.6 Cervejas, chopes e outras bebidas alcoólicas",5.8,5.8
6972,1204,Distribuição da despesa monetária e não monetária média mensal familiar,%,Unidade da Federação,21,Maranhão,2018,Mais de 9.540 a 14.310 Reais,"3.6 Cervejas, chopes e outras bebidas alcoólicas",1.6,1.6
6972,1204,Distribuição da despesa monetária e não monetária média mensal familiar,%,Unidade da Federação,22,Piauí,2018,Mais de 9.540 a 14.310 Reais,"3.6 Cervejas, chopes e outras bebidas alcoólicas",3.1,3.1
6972,1204,Distribuição da despesa monetária e não monetária média mensal familiar,%,Unidade da Federação,23,Ceará,2018,Mais de 9.540 a 14.310 Reais,"3.6 Cervejas, chopes e outras bebidas alcoólicas",0.2,0.2
6972,1204,Distribuição da despesa monetária e não monetária média mensal familiar,%,Unidade da Federação,24,Rio Grande do Norte,2018,Mais de 9.540 a 14.310 Reais,"3.6 Cervejas, chopes e outras bebidas alcoólicas",2.4,2.4
6972,1204,Distribuição da despesa monetária e não monetária média mensal familiar,%,Unidade da Federação,25,Paraíba,2018,Mais de 9.540 a 14.310 Reais,"3.6 Cervejas, chopes e outras bebidas alcoólicas",0.5,0.5
6972,1204,Distribuição da despesa monetária e não monetária média mensal familiar,%,Unidade da Federação,26,Pernambuco,2018,Mais de 9.540 a 14.310 Reais,"3.6 Cervejas, chopes e outras bebidas alcoólicas",2.1,2.1
6972,1204,Distribuição da despesa monetária e não monetária média mensal familiar,%,Unidade da Federação,27,Alagoas,2018,Mais de 9.540 a 14.310 Reais,"3.6 Cervejas, chopes e outras bebidas alcoólicas",1.2,1.2
6972,1204,Distribuição da despesa monetária e não monetária média mensal familiar,%,Unidade da Federação,28,Sergipe,2018,Mais de 9.540 a 14.310 Reais,"3.6 Cervejas, chopes e outras bebidas alcoólicas",1.4,1.4
6972,1204,Distribuição da despesa monetária e não monetária média mensal familiar,%,Unidade da Federação,29,Bahia,2018,Mais de 9.540 a 14.310 Reais,"3.6 Cervejas, chopes e outras bebidas alcoólicas",2.2,2.2
6972,1204,Distribuição da despesa monetária e não monetária média mensal familiar,%,Unidade da Federação,31,Minas Gerais,2018,Mais de 9.540 a 14.310 Reais,"3.6 Cervejas, chopes e outras bebidas alcoólicas",1.2,1.2
6972,1204,Distribuição da despesa monetária e não monetária média mensal familiar,%,Unidade da Federação,32,Espírito Santo,2018,Mais de 9.540 a 14.310 Reais,"3.6 Cervejas, chopes e outras bebidas alcoólicas",2.1,2.1
6972,1204,Distribuição da despesa monetária e não monetária média mensal familiar,%,Unidade da Federação,33,Rio de Janeiro,2018,Mais de 9.540 a 14.310 Reais,"3.6 Cervejas, chopes e outras bebidas alcoólicas",3.2,3.2
6972,1204,Distribuição da despesa monetária e não monetária média mensal familiar,%,Unidade da Federação,35,São Paulo,2018,Mais de 9.540 a 14.310 Reais,"3.6 Cervejas, chopes e outras bebidas alcoólicas",1.3,1.3
6972,1204,Distribuição da despesa monetária e não monetária média mensal familiar,%,Unidade da Federação,41,Paraná,2018,Mais de 9.540 a 14.310 Reais,"3.6 Cervejas, chopes e outras bebidas alcoólicas",0.9,0.9
6972,1204,Distribuição da despesa monetária e não monetária média mensal familiar,%,Unidade da Federação,42,Santa Catarina,2018,Mais de 9.540 a 14.310 Reais,"3.6 Cervejas, chopes e outras bebidas alcoólicas",3.0,3.0
6972,1204,Distribuição da despesa monetária e não monetária média mensal familiar,%,Unidade da Federação,43,Rio Grande do Sul,2018,Mais de 9.540 a 14.310 Reais,"3.6 Cervejas, chopes e outras bebidas alcoólicas",0.9,0.9
6972,1204,Distribuição da despesa monetária e não monetária média mensal familiar,%,Unidade da Federação,50,Mato Grosso do Sul,2018,Mais de 9.540 a 14.310 Reais,"3.6 Cervejas, chopes e outras bebidas alcoólicas",1.5,1.5
6972,1204,Distribuição da despesa monetária e não monetária média mensal familiar,%,Unidade da Federação,51,Mato Grosso,2018,Mais de 9.540 a 14.310 Reais,"3.6 Cervejas, chopes e outras bebidas alcoólicas",1.5,1.5
6972,1204,Distribuição da despesa monetária e não monetária média mensal familiar,%,Unidade da Federação,52,Goiás,2018,Mais de 9.540 a 14.310 Reais,"3.6 Cervejas, chopes e outras bebidas alcoólicas",3.0,3.0
6972,1204,Distribuição da despesa monetária e não monetária média mensal familiar,%,Unidade da Federação,53,Distrito Federal,2018,Mais de 9.540 a 14.310 Reais,"3.6 Cervejas, chopes e outras bebidas alcoólicas",3.0,3.0
6972,1204,Distribuição da despesa monetária e não monetária média mensal familiar,%,Brasil,1,Brasil,2018,Mais de 9.540 a 14.310 Reais,3.8 Alimentação fora do domicílio - light e diet,0.0,0.0
6972,1204,Distribuição da despesa monetária e não monetária média mensal familiar,%,Unidade da Federação,11,Rondônia,2018,Mais de 9.540 a 14.310 Reais,3.8 Alimentação fora do domicílio - light e diet,-,0.0
6972,1204,Distribuição da despesa monetária e não monetária média mensal familiar,%,Unidade da Federação,12,Acre,2018,Mais de 9.540 a 14.310 Reais,3.8 Alimentação fora do domicílio - light e diet,-,0.0
6972,1204,Distribuição da despesa monetária e não monetária média mensal familiar,%,Unidade da Federação,13,Amazonas,2018,Mais de 9.540 a 14.310 Reais,3.8 Alimentação fora do domicílio - light e diet,-,0.0
6972,1204,Distribuição da despesa monetária e não monetária média mensal familiar,%,Unidade da Federação,14,Roraima,2018,Mais de 9.540 a 14.310 Reais,3.8 Alimentação fora do domicílio - light e diet,-,0.0
6972,1204,Distribuição da despesa monetária e não monetária média mensal familiar,%,Unidade da Federação,15,Pará,2018,Mais de 9.540 a 14.310 Reais,3.8 Alimentação fora do domicílio - light e diet,-,0.0
6972,1204,Distribuição da despesa monetária e não monetária média mensal familiar,%,Unidade da Federação,16,Amapá,2018,Mais de 9.540 a 14.310 Reais,3.8 Alimentação fora do domicílio - light e diet,-,0.0
6972,1204,Distribuição da despesa monetária e não monetária média mensal familiar,%,Unidade da Federação,17,Tocantins,2018,Mais de 9.540 a 14.310 Reais,3.8 Alimentação fora do domicílio - light e diet,-,0.0
6972,1204,Distribuição da despesa monetária e não monetária média mensal familiar,%,Unidade da Federação,21,Maranhão,2018,Mais de 9.540 a 14.310 Reais,3.8 Alimentação fora do domicílio - light e diet,0.1,0.1
6972,1204,Distribuição da despesa monetária e não monetária média mensal familiar,%,Unidade da Federação,22,Piauí,2018,Mais de 9.540 a 14.310 Reais,3.8 Alimentação fora do domicílio - light e diet,-,0.0
6972,1204,Distribuição da despesa monetária e não monetária média mensal familiar,%,Unidade da Federação,23,Ceará,2018,Mais de 9.540 a 14.310 Reais,3.8 Alimentação fora do domicílio - light e diet,-,0.0
6972,1204,Distribuição da despesa monetária e não monetária média mensal familiar,%,Unidade da Federação,24,Rio Grande do Norte,2018,Mais de 9.540 a 14.310 Reais,3.8 Alimentação fora do domicílio - light e diet,0.0,0.0
6972,1204,Distribuição da despesa monetária e não monetária média mensal familiar,%,Unidade da Federação,25,Paraíba,2018,Mais de 9.540 a 14.310 Reais,3.8 Alimentação fora do domicílio - light e diet,-,0.0
6972,1204,Distribuição da despesa monetária e não monetária média mensal familiar,%,Unidade da Federação,26,Pernambuco,2018,Mais de 9.540 a 14.310 Reais,3.8 Alimentação fora do domicílio - light e diet,-,0.0
6972,1204,Distribuição da despesa monetária e não monetária média mensal familiar,%,Unidade da Federação,27,Alagoas,2018,Mais de 9.540 a 14.310 Reais,3.8 Alimentação fora do domicílio - light e diet,-,0.0
6972,1204,Distribuição da despesa monetária e não monetária média mensal familiar,%,Unidade da Federação,28,Sergipe,2018,Mais de 9.540 a 14.310 Reais,3.8 Alimentação fora do domicílio - light e diet,-,0.0
6972,1204,Distribuição da despesa monetária e não monetária média mensal familiar,%,Unidade da Federação,29,Bahia,2018,Mais de 9.540 a 14.310 Reais,3.8 Alimentação fora do domicílio - light e diet,0.1,0.1
6972,1204,Distribuição da despesa monetária e não monetária média mensal familiar,%,Unidade da Federação,31,Minas Gerais,2018,Mais de 9.540 a 14.310 Reais,3.8 Alimentação fora do domicílio - light e diet,0.0,0.0
6972,1204,Distribuição da despesa monetária e não monetária média mensal familiar,%,Unidade da Federação,32,Espírito Santo,2018,Mais de 9.540 a 14.310 Reais,3.8 Alimentação fora do domicílio - light e diet,-,0.0
6972,1204,Distribuição da despesa monetária e não monetária média mensal familiar,%,Unidade da Federação,33,Rio de Janeiro,2018,Mais de 9.540 a 14.310 Reais,3.8 Alimentação fora do domicílio - light e diet,0.3,0.3
6972,1204,Distribuição da despesa monetária e não monetária média mensal familiar,%,Unidade da Federação,35,São Paulo,2018,Mais de 9.540 a 14.310 Reais,3.8 Alimentação fora do domicílio - light e diet,0.0,0.0
6972,1204,Distribuição da despesa monetária e não monetária média mensal familiar,%,Unidade da Federação,41,Paraná,2018,Mais de 9.540 a 14.310 Reais,3.8 Alimentação fora do domicílio - light e diet,-,0.0
6972,1204,Distribuição da despesa monetária e não monetária média mensal familiar,%,Unidade da Federação,42,Santa Catarina,2018,Mais de 9.540 a 14.310 Reais,3.8 Alimentação fora do domicílio - light e diet,0.0,0.0
6972,1204,Distribuição da despesa monetária e não monetária média mensal familiar,%,Unidade da Federação,43,Rio Grande do Sul,2018,Mais de 9.540 a 14.310 Reais,3.8 Alimentação fora do domicílio - light e diet,0.0,0.0
6972,1204,Distribuição da despesa monetária e não monetária média mensal familiar,%,Unidade da Federação,50,Mato Grosso do Sul,2018,Mais de 9.540 a 14.310 Reais,3.8 Alimentação fora do domicílio - light e diet,-,0.0
6972,1204,Distribuição da despesa monetária e não monetária média mensal familiar,%,Unidade da Federação,51,Mato Grosso,2018,Mais de 9.540 a 14.310 Reais,3.8 Alimentação fora do domicílio - light e diet,-,0.0
6972,1204,Distribuição da despesa monetária e não monetária média mensal familiar,%,Unidade da Federação,52,Goiás,2018,Mais de 9.540 a 14.310 Reais,3.8 Alimentação fora do domicílio - light e diet,0.0,0.0
6972,1204,Distribuição da despesa monetária e não monetária média mensal familiar,%,Unidade da Federação,53,Distrito Federal,2018,Mais de 9.540 a 14.310 Reais,3.8 Alimentação fora do domicílio - light e diet,-,0.0
6972,1204,Distribuição da despesa monetária e não monetária média mensal familiar,%,Brasil,1,Brasil,2018,Mais de 9.540 a 14.310 Reais,3.9 Outras,1.8,1.8
6972,1204,Distribuição da despesa monetária e não monetária média mensal familiar,%,Unidade da Federação,11,Rondônia,2018,Mais de 9.540 a 14.310 Reais,3.9 Outras,1.8,1.8
6972,1204,Distribuição da despesa monetária e não monetária média mensal familiar,%,Unidade da Federação,12,Acre,2018,Mais de 9.540 a 14.310 Reais,3.9 Outras,0.8,0.8
6972,1204,Distribuição da despesa monetária e não monetária média mensal familiar,%,Unidade da Federação,13,Amazonas,2018,Mais de 9.540 a 14.310 Reais,3.9 Outras,1.3,1.3
6972,1204,Distribuição da despesa monetária e não monetária média mensal familiar,%,Unidade da Federação,14,Roraima,2018,Mais de 9.540 a 14.310 Reais,3.9 Outras,0.3,0.3
6972,1204,Distribuição da despesa monetária e não monetária média mensal familiar,%,Unidade da Federação,15,Pará,2018,Mais de 9.540 a 14.310 Reais,3.9 Outras,0.5,0.5
6972,1204,Distribuição da despesa monetária e não monetária média mensal familiar,%,Unidade da Federação,16,Amapá,2018,Mais de 9.540 a 14.310 Reais,3.9 Outras,0.6,0.6
6972,1204,Distribuição da despesa monetária e não monetária média mensal familiar,%,Unidade da Federação,17,Tocantins,2018,Mais de 9.540 a 14.310 Reais,3.9 Outras,0.7,0.7
6972,1204,Distribuição da despesa monetária e não monetária média mensal familiar,%,Unidade da Federação,21,Maranhão,2018,Mais de 9.540 a 14.310 Reais,3.9 Outras,0.4,0.4
6972,1204,Distribuição da despesa monetária e não monetária média mensal familiar,%,Unidade da Federação,22,Piauí,2018,Mais de 9.540 a 14.310 Reais,3.9 Outras,1.5,1.5
6972,1204,Distribuição da despesa monetária e não monetária média mensal familiar,%,Unidade da Federação,23,Ceará,2018,Mais de 9.540 a 14.310 Reais,3.9 Outras,0.9,0.9
6972,1204,Distribuição da despesa monetária e não monetária média mensal familiar,%,Unidade da Federação,24,Rio Grande do Norte,2018,Mais de 9.540 a 14.310 Reais,3.9 Outras,0.5,0.5
6972,1204,Distribuição da despesa monetária e não monetária média mensal familiar,%,Unidade da Federação,25,Paraíba,2018,Mais de 9.540 a 14.310 Reais,3.9 Outras,0.2,0.2
6972,1204,Distribuição da despesa monetária e não monetária média mensal familiar,%,Unidade da Federação,26,Pernambuco,2018,Mais de 9.540 a 14.310 Reais,3.9 Outras,1.0,1.0
6972,1204,Distribuição da despesa monetária e não monetária média mensal familiar,%,Unidade da Federação,27,Alagoas,2018,Mais de 9.540 a 14.310 Reais,3.9 Outras,0.1,0.1
6972,1204,Distribuição da despesa monetária e não monetária média mensal familiar,%,Unidade da Federação,28,Sergipe,2018,Mais de 9.540 a 14.310 Reais,3.9 Outras,4.5,4.5
6972,1204,Distribuição da despesa monetária e não monetária média mensal familiar,%,Unidade da Federação,29,Bahia,2018,Mais de 9.540 a 14.310 Reais,3.9 Outras,2.1,2.1
6972,1204,Distribuição da despesa monetária e não monetária média mensal familiar,%,Unidade da Federação,31,Minas Gerais,2018,Mais de 9.540 a 14.310 Reais,3.9 Outras,3.3,3.3
6972,1204,Distribuição da despesa monetária e não monetária média mensal familiar,%,Unidade da Federação,32,Espírito Santo,2018,Mais de 9.540 a 14.310 Reais,3.9 Outras,2.8,2.8
6972,1204,Distribuição da despesa monetária e não monetária média mensal familiar,%,Unidade da Federação,33,Rio de Janeiro,2018,Mais de 9.540 a 14.310 Reais,3.9 Outras,0.4,0.4
6972,1204,Distribuição da despesa monetária e não monetária média mensal familiar,%,Unidade da Federação,35,São Paulo,2018,Mais de 9.540 a 14.310 Reais,3.9 Outras,2.1,2.1
6972,1204,Distribuição da despesa monetária e não monetária média mensal familiar,%,Unidade da Federação,41,Paraná,2018,Mais de 9.540 a 14.310 Reais,3.9 Outras,1.3,1.3
6972,1204,Distribuição da despesa monetária e não monetária média mensal familiar,%,Unidade da Federação,42,Santa Catarina,2018,Mais de 9.540 a 14.310 Reais,3.9 Outras,2.2,2.2
6972,1204,Distribuição da despesa monetária e não monetária média mensal familiar,%,Unidade da Federação,43,Rio Grande do Sul,2018,Mais de 9.540 a 14.310 Reais,3.9 Outras,1.3,1.3
6972,1204,Distribuição da despesa monetária e não monetária média mensal familiar,%,Unidade da Federação,50,Mato Grosso do Sul,2018,Mais de 9.540 a 14.310 Reais,3.9 Outras,3.6,3.6
6972,1204,Distribuição da despesa monetária e não monetária média mensal familiar,%,Unidade da Federação,51,Mato Grosso,2018,Mais de 9.540 a 14.310 Reais,3.9 Outras,6.5,6.5
6972,1204,Distribuição da despesa monetária e não monetária média mensal familiar,%,Unidade da Federação,52,Goiás,2018,Mais de 9.540 a 14.310 Reais,3.9 Outras,1.2,1.2
6972,1204,Distribuição da despesa monetária e não monetária média mensal familiar,%,Unidade da Federação,53,Distrito Federal,2018,Mais de 9.540 a 14.310 Reais,3.9 Outras,0.9,0.9
6972,1204,Distribuição da despesa monetária e não monetária média mensal familiar,%,Brasil,1,Brasil,2018,Mais de 14.310 a 23.850 Reais,1 Despesas com alimentação,100.0,100.0
6972,1204,Distribuição da despesa monetária e não monetária média mensal familiar,%,Unidade da Federação,11,Rondônia,2018,Mais de 14.310 a 23.850 Reais,1 Despesas com alimentação,100.0,100.0
6972,1204,Distribuição da despesa monetária e não monetária média mensal familiar,%,Unidade da Federação,12,Acre,2018,Mais de 14.310 a 23.850 Reais,1 Despesas com alimentação,100.0,100.0
6972,1204,Distribuição da despesa monetária e não monetária média mensal familiar,%,Unidade da Federação,13,Amazonas,2018,Mais de 14.310 a 23.850 Reais,1 Despesas com alimentação,100.0,100.0
6972,1204,Distribuição da despesa monetária e não monetária média mensal familiar,%,Unidade da Federação,14,Roraima,2018,Mais de 14.310 a 23.850 Reais,1 Despesas com alimentação,100.0,100.0
6972,1204,Distribuição da despesa monetária e não monetária média mensal familiar,%,Unidade da Federação,15,Pará,2018,Mais de 14.310 a 23.850 Reais,1 Despesas com alimentação,100.0,100.0
6972,1204,Distribuição da despesa monetária e não monetária média mensal familiar,%,Unidade da Federação,16,Amapá,2018,Mais de 14.310 a 23.850 Reais,1 Despesas com alimentação,100.0,100.0
6972,1204,Distribuição da despesa monetária e não monetária média mensal familiar,%,Unidade da Federação,17,Tocantins,2018,Mais de 14.310 a 23.850 Reais,1 Despesas com alimentação,100.0,100.0
6972,1204,Distribuição da despesa monetária e não monetária média mensal familiar,%,Unidade da Federação,21,Maranhão,2018,Mais de 14.310 a 23.850 Reais,1 Despesas com alimentação,100.0,100.0
6972,1204,Distribuição da despesa monetária e não monetária média mensal familiar,%,Unidade da Federação,22,Piauí,2018,Mais de 14.310 a 23.850 Reais,1 Despesas com alimentação,100.0,100.0
6972,1204,Distribuição da despesa monetária e não monetária média mensal familiar,%,Unidade da Federação,23,Ceará,2018,Mais de 14.310 a 23.850 Reais,1 Despesas com alimentação,100.0,100.0
6972,1204,Distribuição da despesa monetária e não monetária média mensal familiar,%,Unidade da Federação,24,Rio Grande do Norte,2018,Mais de 14.310 a 23.850 Reais,1 Despesas com alimentação,100.0,100.0
6972,1204,Distribuição da despesa monetária e não monetária média mensal familiar,%,Unidade da Federação,25,Paraíba,2018,Mais de 14.310 a 23.850 Reais,1 Despesas com alimentação,100.0,100.0
6972,1204,Distribuição da despesa monetária e não monetária média mensal familiar,%,Unidade da Federação,26,Pernambuco,2018,Mais de 14.310 a 23.850 Reais,1 Despesas com alimentação,100.0,100.0
6972,1204,Distribuição da despesa monetária e não monetária média mensal familiar,%,Unidade da Federação,27,Alagoas,2018,Mais de 14.310 a 23.850 Reais,1 Despesas com alimentação,100.0,100.0
6972,1204,Distribuição da despesa monetária e não monetária média mensal familiar,%,Unidade da Federação,28,Sergipe,2018,Mais de 14.310 a 23.850 Reais,1 Despesas com alimentação,100.0,100.0
6972,1204,Distribuição da despesa monetária e não monetária média mensal familiar,%,Unidade da Federação,29,Bahia,2018,Mais de 14.310 a 23.850 Reais,1 Despesas com alimentação,100.0,100.0
6972,1204,Distribuição da despesa monetária e não monetária média mensal familiar,%,Unidade da Federação,31,Minas Gerais,2018,Mais de 14.310 a 23.850 Reais,1 Despesas com alimentação,100.0,100.0
6972,1204,Distribuição da despesa monetária e não monetária média mensal familiar,%,Unidade da Federação,32,Espírito Santo,2018,Mais de 14.310 a 23.850 Reais,1 Despesas com alimentação,100.0,100.0
6972,1204,Distribuição da despesa monetária e não monetária média mensal familiar,%,Unidade da Federação,33,Rio de Janeiro,2018,Mais de 14.310 a 23.850 Reais,1 Despesas com alimentação,100.0,100.0
6972,1204,Distribuição da despesa monetária e não monetária média mensal familiar,%,Unidade da Federação,35,São Paulo,2018,Mais de 14.310 a 23.850 Reais,1 Despesas com alimentação,100.0,100.0
6972,1204,Distribuição da despesa monetária e não monetária média mensal familiar,%,Unidade da Federação,41,Paraná,2018,Mais de 14.310 a 23.850 Reais,1 Despesas com alimentação,100.0,100.0
6972,1204,Distribuição da despesa monetária e não monetária média mensal familiar,%,Unidade da Federação,42,Santa Catarina,2018,Mais de 14.310 a 23.850 Reais,1 Despesas com alimentação,100.0,100.0
6972,1204,Distribuição da despesa monetária e não monetária média mensal familiar,%,Unidade da Federação,43,Rio Grande do Sul,2018,Mais de 14.310 a 23.850 Reais,1 Despesas com alimentação,100.0,100.0
6972,1204,Distribuição da despesa monetária e não monetária média mensal familiar,%,Unidade da Federação,50,Mato Grosso do Sul,2018,Mais de 14.310 a 23.850 Reais,1 Despesas com alimentação,100.0,100.0
6972,1204,Distribuição da despesa monetária e não monetária média mensal familiar,%,Unidade da Federação,51,Mato Grosso,2018,Mais de 14.310 a 23.850 Reais,1 Despesas com alimentação,100.0,100.0
6972,1204,Distribuição da despesa monetária e não monetária média mensal familiar,%,Unidade da Federação,52,Goiás,2018,Mais de 14.310 a 23.850 Reais,1 Despesas com alimentação,100.0,100.0
6972,1204,Distribuição da despesa monetária e não monetária média mensal familiar,%,Unidade da Federação,53,Distrito Federal,2018,Mais de 14.310 a 23.850 Reais,1 Despesas com alimentação,100.0,100.0
6972,1204,Distribuição da despesa monetária e não monetária média mensal familiar,%,Brasil,1,Brasil,2018,Mais de 14.310 a 23.850 Reais,3 Alimentação fora do domicílio,42.2,42.2
6972,1204,Distribuição da despesa monetária e não monetária média mensal familiar,%,Unidade da Federação,11,Rondônia,2018,Mais de 14.310 a 23.850 Reais,3 Alimentação fora do domicílio,45.7,45.7
6972,1204,Distribuição da despesa monetária e não monetária média mensal familiar,%,Unidade da Federação,12,Acre,2018,Mais de 14.310 a 23.850 Reais,3 Alimentação fora do domicílio,37.8,37.8
6972,1204,Distribuição da despesa monetária e não monetária média mensal familiar,%,Unidade da Federação,13,Amazonas,2018,Mais de 14.310 a 23.850 Reais,3 Alimentação fora do domicílio,29.6,29.6
6972,1204,Distribuição da despesa monetária e não monetária média mensal familiar,%,Unidade da Federação,14,Roraima,2018,Mais de 14.310 a 23.850 Reais,3 Alimentação fora do domicílio,28.9,28.9
6972,1204,Distribuição da despesa monetária e não monetária média mensal familiar,%,Unidade da Federação,15,Pará,2018,Mais de 14.310 a 23.850 Reais,3 Alimentação fora do domicílio,56.7,56.7
6972,1204,Distribuição da despesa monetária e não monetária média mensal familiar,%,Unidade da Federação,16,Amapá,2018,Mais de 14.310 a 23.850 Reais,3 Alimentação fora do domicílio,53.4,53.4
6972,1204,Distribuição da despesa monetária e não monetária média mensal familiar,%,Unidade da Federação,17,Tocantins,2018,Mais de 14.310 a 23.850 Reais,3 Alimentação fora do domicílio,13.6,13.6
6972,1204,Distribuição da despesa monetária e não monetária média mensal familiar,%,Unidade da Federação,21,Maranhão,2018,Mais de 14.310 a 23.850 Reais,3 Alimentação fora do domicílio,22.2,22.2
6972,1204,Distribuição da despesa monetária e não monetária média mensal familiar,%,Unidade da Federação,22,Piauí,2018,Mais de 14.310 a 23.850 Reais,3 Alimentação fora do domicílio,29.1,29.1
6972,1204,Distribuição da despesa monetária e não monetária média mensal familiar,%,Unidade da Federação,23,Ceará,2018,Mais de 14.310 a 23.850 Reais,3 Alimentação fora do domicílio,44.1,44.1
6972,1204,Distribuição da despesa monetária e não monetária média mensal familiar,%,Unidade da Federação,24,Rio Grande do Norte,2018,Mais de 14.310 a 23.850 Reais,3 Alimentação fora do domicílio,47.5,47.5
6972,1204,Distribuição da despesa monetária e não monetária média mensal familiar,%,Unidade da Federação,25,Paraíba,2018,Mais de 14.310 a 23.850 Reais,3 Alimentação fora do domicílio,40.7,40.7
6972,1204,Distribuição da despesa monetária e não monetária média mensal familiar,%,Unidade da Federação,26,Pernambuco,2018,Mais de 14.310 a 23.850 Reais,3 Alimentação fora do domicílio,51.5,51.5
6972,1204,Distribuição da despesa monetária e não monetária média mensal familiar,%,Unidade da Federação,27,Alagoas,2018,Mais de 14.310 a 23.850 Reais,3 Alimentação fora do domicílio,38.3,38.3
6972,1204,Distribuição da despesa monetária e não monetária média mensal familiar,%,Unidade da Federação,28,Sergipe,2018,Mais de 14.310 a 23.850 Reais,3 Alimentação fora do domicílio,44.0,44.0
6972,1204,Distribuição da despesa monetária e não monetária média mensal familiar,%,Unidade da Federação,29,Bahia,2018,Mais de 14.310 a 23.850 Reais,3 Alimentação fora do domicílio,43.7,43.7
6972,1204,Distribuição da despesa monetária e não monetária média mensal familiar,%,Unidade da Federação,31,Minas Gerais,2018,Mais de 14.310 a 23.850 Reais,3 Alimentação fora do domicílio,48.1,48.1
6972,1204,Distribuição da despesa monetária e não monetária média mensal familiar,%,Unidade da Federação,32,Espírito Santo,2018,Mais de 14.310 a 23.850 Reais,3 Alimentação fora do domicílio,34.5,34.5
6972,1204,Distribuição da despesa monetária e não monetária média mensal familiar,%,Unidade da Federação,33,Rio de Janeiro,2018,Mais de 14.310 a 23.850 Reais,3 Alimentação fora do domicílio,48.2,48.2
6972,1204,Distribuição da despesa monetária e não monetária média mensal familiar,%,Unidade da Federação,35,São Paulo,2018,Mais de 14.310 a 23.850 Reais,3 Alimentação fora do domicílio,38.8,38.8
6972,1204,Distribuição da despesa monetária e não monetária média mensal familiar,%,Unidade da Federação,41,Paraná,2018,Mais de 14.310 a 23.850 Reais,3 Alimentação fora do domicílio,38.2,38.2
6972,1204,Distribuição da despesa monetária e não monetária média mensal familiar,%,Unidade da Federação,42,Santa Catarina,2018,Mais de 14.310 a 23.850 Reais,3 Alimentação fora do domicílio,42.7,42.7
6972,1204,Distribuição da despesa monetária e não monetária média mensal familiar,%,Unidade da Federação,43,Rio Grande do Sul,2018,Mais de 14.310 a 23.850 Reais,3 Alimentação fora do domicílio,44.3,44.3
6972,1204,Distribuição da despesa monetária e não monetária média mensal familiar,%,Unidade da Federação,50,Mato Grosso do Sul,2018,Mais de 14.310 a 23.850 Reais,3 Alimentação fora do domicílio,40.3,40.3
6972,1204,Distribuição da despesa monetária e não monetária média mensal familiar,%,Unidade da Federação,51,Mato Grosso,2018,Mais de 14.310 a 23.850 Reais,3 Alimentação fora do domicílio,46.6,46.6
6972,1204,Distribuição da despesa monetária e não monetária média mensal familiar,%,Unidade da Federação,52,Goiás,2018,Mais de 14.310 a 23.850 Reais,3 Alimentação fora do domicílio,32.3,32.3
6972,1204,Distribuição da despesa monetária e não monetária média mensal familiar,%,Unidade da Federação,53,Distrito Federal,2018,Mais de 14.310 a 23.850 Reais,3 Alimentação fora do domicílio,44.3,44.3
6972,1204,Distribuição da despesa monetária e não monetária média mensal familiar,%,Brasil,1,Brasil,2018,Mais de 14.310 a 23.850 Reais,3.1 Almoço e jantar,33.0,33.0
6972,1204,Distribuição da despesa monetária e não monetária média mensal familiar,%,Unidade da Federação,11,Rondônia,2018,Mais de 14.310 a 23.850 Reais,3.1 Almoço e jantar,35.4,35.4
6972,1204,Distribuição da despesa monetária e não monetária média mensal familiar,%,Unidade da Federação,12,Acre,2018,Mais de 14.310 a 23.850 Reais,3.1 Almoço e jantar,29.5,29.5
6972,1204,Distribuição da despesa monetária e não monetária média mensal familiar,%,Unidade da Federação,13,Amazonas,2018,Mais de 14.310 a 23.850 Reais,3.1 Almoço e jantar,21.4,21.4
6972,1204,Distribuição da despesa monetária e não monetária média mensal familiar,%,Unidade da Federação,14,Roraima,2018,Mais de 14.310 a 23.850 Reais,3.1 Almoço e jantar,24.3,24.3
6972,1204,Distribuição da despesa monetária e não monetária média mensal familiar,%,Unidade da Federação,15,Pará,2018,Mais de 14.310 a 23.850 Reais,3.1 Almoço e jantar,44.9,44.9
6972,1204,Distribuição da despesa monetária e não monetária média mensal familiar,%,Unidade da Federação,16,Amapá,2018,Mais de 14.310 a 23.850 Reais,3.1 Almoço e jantar,41.2,41.2
6972,1204,Distribuição da despesa monetária e não monetária média mensal familiar,%,Unidade da Federação,17,Tocantins,2018,Mais de 14.310 a 23.850 Reais,3.1 Almoço e jantar,11.2,11.2
6972,1204,Distribuição da despesa monetária e não monetária média mensal familiar,%,Unidade da Federação,21,Maranhão,2018,Mais de 14.310 a 23.850 Reais,3.1 Almoço e jantar,14.6,14.6
6972,1204,Distribuição da despesa monetária e não monetária média mensal familiar,%,Unidade da Federação,22,Piauí,2018,Mais de 14.310 a 23.850 Reais,3.1 Almoço e jantar,18.3,18.3
6972,1204,Distribuição da despesa monetária e não monetária média mensal familiar,%,Unidade da Federação,23,Ceará,2018,Mais de 14.310 a 23.850 Reais,3.1 Almoço e jantar,34.8,34.8
6972,1204,Distribuição da despesa monetária e não monetária média mensal familiar,%,Unidade da Federação,24,Rio Grande do Norte,2018,Mais de 14.310 a 23.850 Reais,3.1 Almoço e jantar,33.8,33.8
6972,1204,Distribuição da despesa monetária e não monetária média mensal familiar,%,Unidade da Federação,25,Paraíba,2018,Mais de 14.310 a 23.850 Reais,3.1 Almoço e jantar,33.4,33.4
6972,1204,Distribuição da despesa monetária e não monetária média mensal familiar,%,Unidade da Federação,26,Pernambuco,2018,Mais de 14.310 a 23.850 Reais,3.1 Almoço e jantar,40.7,40.7
6972,1204,Distribuição da despesa monetária e não monetária média mensal familiar,%,Unidade da Federação,27,Alagoas,2018,Mais de 14.310 a 23.850 Reais,3.1 Almoço e jantar,24.8,24.8
6972,1204,Distribuição da despesa monetária e não monetária média mensal familiar,%,Unidade da Federação,28,Sergipe,2018,Mais de 14.310 a 23.850 Reais,3.1 Almoço e jantar,31.5,31.5
6972,1204,Distribuição da despesa monetária e não monetária média mensal familiar,%,Unidade da Federação,29,Bahia,2018,Mais de 14.310 a 23.850 Reais,3.1 Almoço e jantar,35.2,35.2
6972,1204,Distribuição da despesa monetária e não monetária média mensal familiar,%,Unidade da Federação,31,Minas Gerais,2018,Mais de 14.310 a 23.850 Reais,3.1 Almoço e jantar,36.7,36.7
6972,1204,Distribuição da despesa monetária e não monetária média mensal familiar,%,Unidade da Federação,32,Espírito Santo,2018,Mais de 14.310 a 23.850 Reais,3.1 Almoço e jantar,26.1,26.1
6972,1204,Distribuição da despesa monetária e não monetária média mensal familiar,%,Unidade da Federação,33,Rio de Janeiro,2018,Mais de 14.310 a 23.850 Reais,3.1 Almoço e jantar,40.0,40.0
6972,1204,Distribuição da despesa monetária e não monetária média mensal familiar,%,Unidade da Federação,35,São Paulo,2018,Mais de 14.310 a 23.850 Reais,3.1 Almoço e jantar,30.6,30.6
6972,1204,Distribuição da despesa monetária e não monetária média mensal familiar,%,Unidade da Federação,41,Paraná,2018,Mais de 14.310 a 23.850 Reais,3.1 Almoço e jantar,28.4,28.4
6972,1204,Distribuição da despesa monetária e não monetária média mensal familiar,%,Unidade da Federação,42,Santa Catarina,2018,Mais de 14.310 a 23.850 Reais,3.1 Almoço e jantar,35.8,35.8
6972,1204,Distribuição da despesa monetária e não monetária média mensal familiar,%,Unidade da Federação,43,Rio Grande do Sul,2018,Mais de 14.310 a 23.850 Reais,3.1 Almoço e jantar,36.8,36.8
6972,1204,Distribuição da despesa monetária e não monetária média mensal familiar,%,Unidade da Federação,50,Mato Grosso do Sul,2018,Mais de 14.310 a 23.850 Reais,3.1 Almoço e jantar,32.0,32.0
6972,1204,Distribuição da despesa monetária e não monetária média mensal familiar,%,Unidade da Federação,51,Mato Grosso,2018,Mais de 14.310 a 23.850 Reais,3.1 Almoço e jantar,27.6,27.6
6972,1204,Distribuição da despesa monetária e não monetária média mensal familiar,%,Unidade da Federação,52,Goiás,2018,Mais de 14.310 a 23.850 Reais,3.1 Almoço e jantar,21.2,21.2
6972,1204,Distribuição da despesa monetária e não monetária média mensal familiar,%,Unidade da Federação,53,Distrito Federal,2018,Mais de 14.310 a 23.850 Reais,3.1 Almoço e jantar,33.3,33.3
6972,1204,Distribuição da despesa monetária e não monetária média mensal familiar,%,Brasil,1,Brasil,2018,Mais de 14.310 a 23.850 Reais,"3.2 Café, leite, café/leite e chocolate",0.4,0.4
6972,1204,Distribuição da despesa monetária e não monetária média mensal familiar,%,Unidade da Federação,11,Rondônia,2018,Mais de 14.310 a 23.850 Reais,"3.2 Café, leite, café/leite e chocolate",0.2,0.2
6972,1204,Distribuição da despesa monetária e não monetária média mensal familiar,%,Unidade da Federação,12,Acre,2018,Mais de 14.310 a 23.850 Reais,"3.2 Café, leite, café/leite e chocolate",0.0,0.0
6972,1204,Distribuição da despesa monetária e não monetária média mensal familiar,%,Unidade da Federação,13,Amazonas,2018,Mais de 14.310 a 23.850 Reais,"3.2 Café, leite, café/leite e chocolate",0.0,0.0
6972,1204,Distribuição da despesa monetária e não monetária média mensal familiar,%,Unidade da Federação,14,Roraima,2018,Mais de 14.310 a 23.850 Reais,"3.2 Café, leite, café/leite e chocolate",-,0.0
6972,1204,Distribuição da despesa monetária e não monetária média mensal familiar,%,Unidade da Federação,15,Pará,2018,Mais de 14.310 a 23.850 Reais,"3.2 Café, leite, café/leite e chocolate",0.1,0.1
6972,1204,Distribuição da despesa monetária e não monetária média mensal familiar,%,Unidade da Federação,16,Amapá,2018,Mais de 14.310 a 23.850 Reais,"3.2 Café, leite, café/leite e chocolate",0.3,0.3
6972,1204,Distribuição da despesa monetária e não monetária média mensal familiar,%,Unidade da Federação,17,Tocantins,2018,Mais de 14.310 a 23.850 Reais,"3.2 Café, leite, café/leite e chocolate",-,0.0
6972,1204,Distribuição da despesa monetária e não monetária média mensal familiar,%,Unidade da Federação,21,Maranhão,2018,Mais de 14.310 a 23.850 Reais,"3.2 Café, leite, café/leite e chocolate",0.0,0.0
6972,1204,Distribuição da despesa monetária e não monetária média mensal familiar,%,Unidade da Federação,22,Piauí,2018,Mais de 14.310 a 23.850 Reais,"3.2 Café, leite, café/leite e chocolate",0.4,0.4
6972,1204,Distribuição da despesa monetária e não monetária média mensal familiar,%,Unidade da Federação,23,Ceará,2018,Mais de 14.310 a 23.850 Reais,"3.2 Café, leite, café/leite e chocolate",0.2,0.2
6972,1204,Distribuição da despesa monetária e não monetária média mensal familiar,%,Unidade da Federação,24,Rio Grande do Norte,2018,Mais de 14.310 a 23.850 Reais,"3.2 Café, leite, café/leite e chocolate",0.2,0.2
6972,1204,Distribuição da despesa monetária e não monetária média mensal familiar,%,Unidade da Federação,25,Paraíba,2018,Mais de 14.310 a 23.850 Reais,"3.2 Café, leite, café/leite e chocolate",-,0.0
6972,1204,Distribuição da despesa monetária e não monetária média mensal familiar,%,Unidade da Federação,26,Pernambuco,2018,Mais de 14.310 a 23.850 Reais,"3.2 Café, leite, café/leite e chocolate",0.3,0.3
6972,1204,Distribuição da despesa monetária e não monetária média mensal familiar,%,Unidade da Federação,27,Alagoas,2018,Mais de 14.310 a 23.850 Reais,"3.2 Café, leite, café/leite e chocolate",0.0,0.0
6972,1204,Distribuição da despesa monetária e não monetária média mensal familiar,%,Unidade da Federação,28,Sergipe,2018,Mais de 14.310 a 23.850 Reais,"3.2 Café, leite, café/leite e chocolate",0.4,0.4
6972,1204,Distribuição da despesa monetária e não monetária média mensal familiar,%,Unidade da Federação,29,Bahia,2018,Mais de 14.310 a 23.850 Reais,"3.2 Café, leite, café/leite e chocolate",0.2,0.2
6972,1204,Distribuição da despesa monetária e não monetária média mensal familiar,%,Unidade da Federação,31,Minas Gerais,2018,Mais de 14.310 a 23.850 Reais,"3.2 Café, leite, café/leite e chocolate",0.4,0.4
6972,1204,Distribuição da despesa monetária e não monetária média mensal familiar,%,Unidade da Federação,32,Espírito Santo,2018,Mais de 14.310 a 23.850 Reais,"3.2 Café, leite, café/leite e chocolate",0.1,0.1
6972,1204,Distribuição da despesa monetária e não monetária média mensal familiar,%,Unidade da Federação,33,Rio de Janeiro,2018,Mais de 14.310 a 23.850 Reais,"3.2 Café, leite, café/leite e chocolate",0.3,0.3
6972,1204,Distribuição da despesa monetária e não monetária média mensal familiar,%,Unidade da Federação,35,São Paulo,2018,Mais de 14.310 a 23.850 Reais,"3.2 Café, leite, café/leite e chocolate",0.6,0.6
6972,1204,Distribuição da despesa monetária e não monetária média mensal familiar,%,Unidade da Federação,41,Paraná,2018,Mais de 14.310 a 23.850 Reais,"3.2 Café, leite, café/leite e chocolate",0.5,0.5
6972,1204,Distribuição da despesa monetária e não monetária média mensal familiar,%,Unidade da Federação,42,Santa Catarina,2018,Mais de 14.310 a 23.850 Reais,"3.2 Café, leite, café/leite e chocolate",0.2,0.2
6972,1204,Distribuição da despesa monetária e não monetária média mensal familiar,%,Unidade da Federação,43,Rio Grande do Sul,2018,Mais de 14.310 a 23.850 Reais,"3.2 Café, leite, café/leite e chocolate",0.2,0.2
6972,1204,Distribuição da despesa monetária e não monetária média mensal familiar,%,Unidade da Federação,50,Mato Grosso do Sul,2018,Mais de 14.310 a 23.850 Reais,"3.2 Café, leite, café/leite e chocolate",0.1,0.1
6972,1204,Distribuição da despesa monetária e não monetária média mensal familiar,%,Unidade da Federação,51,Mato Grosso,2018,Mais de 14.310 a 23.850 Reais,"3.2 Café, leite, café/leite e chocolate",0.4,0.4
6972,1204,Distribuição da despesa monetária e não monetária média mensal familiar,%,Unidade da Federação,52,Goiás,2018,Mais de 14.310 a 23.850 Reais,"3.2 Café, leite, café/leite e chocolate",0.3,0.3
6972,1204,Distribuição da despesa monetária e não monetária média mensal familiar,%,Unidade da Federação,53,Distrito Federal,2018,Mais de 14.310 a 23.850 Reais,"3.2 Café, leite, café/leite e chocolate",0.2,0.2
6972,1204,Distribuição da despesa monetária e não monetária média mensal familiar,%,Brasil,1,Brasil,2018,Mais de 14.310 a 23.850 Reais,3.3 Sanduíches e salgados,2.8,2.8
6972,1204,Distribuição da despesa monetária e não monetária média mensal familiar,%,Unidade da Federação,11,Rondônia,2018,Mais de 14.310 a 23.850 Reais,3.3 Sanduíches e salgados,2.1,2.1
6972,1204,Distribuição da despesa monetária e não monetária média mensal familiar,%,Unidade da Federação,12,Acre,2018,Mais de 14.310 a 23.850 Reais,3.3 Sanduíches e salgados,2.8,2.8
6972,1204,Distribuição da despesa monetária e não monetária média mensal familiar,%,Unidade da Federação,13,Amazonas,2018,Mais de 14.310 a 23.850 Reais,3.3 Sanduíches e salgados,2.3,2.3
6972,1204,Distribuição da despesa monetária e não monetária média mensal familiar,%,Unidade da Federação,14,Roraima,2018,Mais de 14.310 a 23.850 Reais,3.3 Sanduíches e salgados,3.5,3.5
6972,1204,Distribuição da despesa monetária e não monetária média mensal familiar,%,Unidade da Federação,15,Pará,2018,Mais de 14.310 a 23.850 Reais,3.3 Sanduíches e salgados,0.3,0.3
6972,1204,Distribuição da despesa monetária e não monetária média mensal familiar,%,Unidade da Federação,16,Amapá,2018,Mais de 14.310 a 23.850 Reais,3.3 Sanduíches e salgados,5.5,5.5
6972,1204,Distribuição da despesa monetária e não monetária média mensal familiar,%,Unidade da Federação,17,Tocantins,2018,Mais de 14.310 a 23.850 Reais,3.3 Sanduíches e salgados,1.2,1.2
6972,1204,Distribuição da despesa monetária e não monetária média mensal familiar,%,Unidade da Federação,21,Maranhão,2018,Mais de 14.310 a 23.850 Reais,3.3 Sanduíches e salgados,2.7,2.7
6972,1204,Distribuição da despesa monetária e não monetária média mensal familiar,%,Unidade da Federação,22,Piauí,2018,Mais de 14.310 a 23.850 Reais,3.3 Sanduíches e salgados,3.4,3.4
6972,1204,Distribuição da despesa monetária e não monetária média mensal familiar,%,Unidade da Federação,23,Ceará,2018,Mais de 14.310 a 23.850 Reais,3.3 Sanduíches e salgados,3.4,3.4
6972,1204,Distribuição da despesa monetária e não monetária média mensal familiar,%,Unidade da Federação,24,Rio Grande do Norte,2018,Mais de 14.310 a 23.850 Reais,3.3 Sanduíches e salgados,7.5,7.5
6972,1204,Distribuição da despesa monetária e não monetária média mensal familiar,%,Unidade da Federação,25,Paraíba,2018,Mais de 14.310 a 23.850 Reais,3.3 Sanduíches e salgados,4.0,4.0
6972,1204,Distribuição da despesa monetária e não monetária média mensal familiar,%,Unidade da Federação,26,Pernambuco,2018,Mais de 14.310 a 23.850 Reais,3.3 Sanduíches e salgados,4.1,4.1
6972,1204,Distribuição da despesa monetária e não monetária média mensal familiar,%,Unidade da Federação,27,Alagoas,2018,Mais de 14.310 a 23.850 Reais,3.3 Sanduíches e salgados,4.7,4.7
6972,1204,Distribuição da despesa monetária e não monetária média mensal familiar,%,Unidade da Federação,28,Sergipe,2018,Mais de 14.310 a 23.850 Reais,3.3 Sanduíches e salgados,1.8,1.8
6972,1204,Distribuição da despesa monetária e não monetária média mensal familiar,%,Unidade da Federação,29,Bahia,2018,Mais de 14.310 a 23.850 Reais,3.3 Sanduíches e salgados,2.1,2.1
6972,1204,Distribuição da despesa monetária e não monetária média mensal familiar,%,Unidade da Federação,31,Minas Gerais,2018,Mais de 14.310 a 23.850 Reais,3.3 Sanduíches e salgados,2.9,2.9
6972,1204,Distribuição da despesa monetária e não monetária média mensal familiar,%,Unidade da Federação,32,Espírito Santo,2018,Mais de 14.310 a 23.850 Reais,3.3 Sanduíches e salgados,1.9,1.9
6972,1204,Distribuição da despesa monetária e não monetária média mensal familiar,%,Unidade da Federação,33,Rio de Janeiro,2018,Mais de 14.310 a 23.850 Reais,3.3 Sanduíches e salgados,1.5,1.5
6972,1204,Distribuição da despesa monetária e não monetária média mensal familiar,%,Unidade da Federação,35,São Paulo,2018,Mais de 14.310 a 23.850 Reais,3.3 Sanduíches e salgados,3.1,3.1
6972,1204,Distribuição da despesa monetária e não monetária média mensal familiar,%,Unidade da Federação,41,Paraná,2018,Mais de 14.310 a 23.850 Reais,3.3 Sanduíches e salgados,3.3,3.3
6972,1204,Distribuição da despesa monetária e não monetária média mensal familiar,%,Unidade da Federação,42,Santa Catarina,2018,Mais de 14.310 a 23.850 Reais,3.3 Sanduíches e salgados,2.2,2.2
6972,1204,Distribuição da despesa monetária e não monetária média mensal familiar,%,Unidade da Federação,43,Rio Grande do Sul,2018,Mais de 14.310 a 23.850 Reais,3.3 Sanduíches e salgados,1.6,1.6
6972,1204,Distribuição da despesa monetária e não monetária média mensal familiar,%,Unidade da Federação,50,Mato Grosso do Sul,2018,Mais de 14.310 a 23.850 Reais,3.3 Sanduíches e salgados,3.6,3.6
6972,1204,Distribuição da despesa monetária e não monetária média mensal familiar,%,Unidade da Federação,51,Mato Grosso,2018,Mais de 14.310 a 23.850 Reais,3.3 Sanduíches e salgados,4.2,4.2
6972,1204,Distribuição da despesa monetária e não monetária média mensal familiar,%,Unidade da Federação,52,Goiás,2018,Mais de 14.310 a 23.850 Reais,3.3 Sanduíches e salgados,3.9,3.9
6972,1204,Distribuição da despesa monetária e não monetária média mensal familiar,%,Unidade da Federação,53,Distrito Federal,2018,Mais de 14.310 a 23.850 Reais,3.3 Sanduíches e salgados,3.1,3.1
6972,1204,Distribuição da despesa monetária e não monetária média mensal familiar,%,Brasil,1,Brasil,2018,Mais de 14.310 a 23.850 Reais,3.4 Refrigerantes e outras bebidas não alcoólicas,0.8,0.8
6972,1204,Distribuição da despesa monetária e não monetária média mensal familiar,%,Unidade da Federação,11,Rondônia,2018,Mais de 14.310 a 23.850 Reais,3.4 Refrigerantes e outras bebidas não alcoólicas,1.1,1.1
6972,1204,Distribuição da despesa monetária e não monetária média mensal familiar,%,Unidade da Federação,12,Acre,2018,Mais de 14.310 a 23.850 Reais,3.4 Refrigerantes e outras bebidas não alcoólicas,1.0,1.0
6972,1204,Distribuição da despesa monetária e não monetária média mensal familiar,%,Unidade da Federação,13,Amazonas,2018,Mais de 14.310 a 23.850 Reais,3.4 Refrigerantes e outras bebidas não alcoólicas,0.2,0.2
6972,1204,Distribuição da despesa monetária e não monetária média mensal familiar,%,Unidade da Federação,14,Roraima,2018,Mais de 14.310 a 23.850 Reais,3.4 Refrigerantes e outras bebidas não alcoólicas,0.5,0.5
6972,1204,Distribuição da despesa monetária e não monetária média mensal familiar,%,Unidade da Federação,15,Pará,2018,Mais de 14.310 a 23.850 Reais,3.4 Refrigerantes e outras bebidas não alcoólicas,0.9,0.9
6972,1204,Distribuição da despesa monetária e não monetária média mensal familiar,%,Unidade da Federação,16,Amapá,2018,Mais de 14.310 a 23.850 Reais,3.4 Refrigerantes e outras bebidas não alcoólicas,2.6,2.6
6972,1204,Distribuição da despesa monetária e não monetária média mensal familiar,%,Unidade da Federação,17,Tocantins,2018,Mais de 14.310 a 23.850 Reais,3.4 Refrigerantes e outras bebidas não alcoólicas,0.2,0.2
6972,1204,Distribuição da despesa monetária e não monetária média mensal familiar,%,Unidade da Federação,21,Maranhão,2018,Mais de 14.310 a 23.850 Reais,3.4 Refrigerantes e outras bebidas não alcoólicas,1.2,1.2
6972,1204,Distribuição da despesa monetária e não monetária média mensal familiar,%,Unidade da Federação,22,Piauí,2018,Mais de 14.310 a 23.850 Reais,3.4 Refrigerantes e outras bebidas não alcoólicas,1.5,1.5
6972,1204,Distribuição da despesa monetária e não monetária média mensal familiar,%,Unidade da Federação,23,Ceará,2018,Mais de 14.310 a 23.850 Reais,3.4 Refrigerantes e outras bebidas não alcoólicas,1.2,1.2
6972,1204,Distribuição da despesa monetária e não monetária média mensal familiar,%,Unidade da Federação,24,Rio Grande do Norte,2018,Mais de 14.310 a 23.850 Reais,3.4 Refrigerantes e outras bebidas não alcoólicas,0.4,0.4
6972,1204,Distribuição da despesa monetária e não monetária média mensal familiar,%,Unidade da Federação,25,Paraíba,2018,Mais de 14.310 a 23.850 Reais,3.4 Refrigerantes e outras bebidas não alcoólicas,1.6,1.6
6972,1204,Distribuição da despesa monetária e não monetária média mensal familiar,%,Unidade da Federação,26,Pernambuco,2018,Mais de 14.310 a 23.850 Reais,3.4 Refrigerantes e outras bebidas não alcoólicas,0.6,0.6
6972,1204,Distribuição da despesa monetária e não monetária média mensal familiar,%,Unidade da Federação,27,Alagoas,2018,Mais de 14.310 a 23.850 Reais,3.4 Refrigerantes e outras bebidas não alcoólicas,1.2,1.2
6972,1204,Distribuição da despesa monetária e não monetária média mensal familiar,%,Unidade da Federação,28,Sergipe,2018,Mais de 14.310 a 23.850 Reais,3.4 Refrigerantes e outras bebidas não alcoólicas,3.5,3.5
6972,1204,Distribuição da despesa monetária e não monetária média mensal familiar,%,Unidade da Federação,29,Bahia,2018,Mais de 14.310 a 23.850 Reais,3.4 Refrigerantes e outras bebidas não alcoólicas,1.3,1.3
6972,1204,Distribuição da despesa monetária e não monetária média mensal familiar,%,Unidade da Federação,31,Minas Gerais,2018,Mais de 14.310 a 23.850 Reais,3.4 Refrigerantes e outras bebidas não alcoólicas,1.1,1.1
6972,1204,Distribuição da despesa monetária e não monetária média mensal familiar,%,Unidade da Federação,32,Espírito Santo,2018,Mais de 14.310 a 23.850 Reais,3.4 Refrigerantes e outras bebidas não alcoólicas,1.2,1.2
6972,1204,Distribuição da despesa monetária e não monetária média mensal familiar,%,Unidade da Federação,33,Rio de Janeiro,2018,Mais de 14.310 a 23.850 Reais,3.4 Refrigerantes e outras bebidas não alcoólicas,0.4,0.4
6972,1204,Distribuição da despesa monetária e não monetária média mensal familiar,%,Unidade da Federação,35,São Paulo,2018,Mais de 14.310 a 23.850 Reais,3.4 Refrigerantes e outras bebidas não alcoólicas,0.8,0.8
6972,1204,Distribuição da despesa monetária e não monetária média mensal familiar,%,Unidade da Federação,41,Paraná,2018,Mais de 14.310 a 23.850 Reais,3.4 Refrigerantes e outras bebidas não alcoólicas,0.4,0.4
6972,1204,Distribuição da despesa monetária e não monetária média mensal familiar,%,Unidade da Federação,42,Santa Catarina,2018,Mais de 14.310 a 23.850 Reais,3.4 Refrigerantes e outras bebidas não alcoólicas,0.7,0.7
6972,1204,Distribuição da despesa monetária e não monetária média mensal familiar,%,Unidade da Federação,43,Rio Grande do Sul,2018,Mais de 14.310 a 23.850 Reais,3.4 Refrigerantes e outras bebidas não alcoólicas,0.5,0.5
6972,1204,Distribuição da despesa monetária e não monetária média mensal familiar,%,Unidade da Federação,50,Mato Grosso do Sul,2018,Mais de 14.310 a 23.850 Reais,3.4 Refrigerantes e outras bebidas não alcoólicas,1.0,1.0
6972,1204,Distribuição da despesa monetária e não monetária média mensal familiar,%,Unidade da Federação,51,Mato Grosso,2018,Mais de 14.310 a 23.850 Reais,3.4 Refrigerantes e outras bebidas não alcoólicas,1.1,1.1
6972,1204,Distribuição da despesa monetária e não monetária média mensal familiar,%,Unidade da Federação,52,Goiás,2018,Mais de 14.310 a 23.850 Reais,3.4 Refrigerantes e outras bebidas não alcoólicas,0.4,0.4
6972,1204,Distribuição da despesa monetária e não monetária média mensal familiar,%,Unidade da Federação,53,Distrito Federal,2018,Mais de 14.310 a 23.850 Reais,3.4 Refrigerantes e outras bebidas não alcoólicas,0.7,0.7
6972,1204,Distribuição da despesa monetária e não monetária média mensal familiar,%,Brasil,1,Brasil,2018,Mais de 14.310 a 23.850 Reais,3.5 Lanches,2.4,2.4
6972,1204,Distribuição da despesa monetária e não monetária média mensal familiar,%,Unidade da Federação,11,Rondônia,2018,Mais de 14.310 a 23.850 Reais,3.5 Lanches,3.5,3.5
6972,1204,Distribuição da despesa monetária e não monetária média mensal familiar,%,Unidade da Federação,12,Acre,2018,Mais de 14.310 a 23.850 Reais,3.5 Lanches,2.0,2.0
6972,1204,Distribuição da despesa monetária e não monetária média mensal familiar,%,Unidade da Federação,13,Amazonas,2018,Mais de 14.310 a 23.850 Reais,3.5 Lanches,5.1,5.1
6972,1204,Distribuição da despesa monetária e não monetária média mensal familiar,%,Unidade da Federação,14,Roraima,2018,Mais de 14.310 a 23.850 Reais,3.5 Lanches,-,0.0
6972,1204,Distribuição da despesa monetária e não monetária média mensal familiar,%,Unidade da Federação,15,Pará,2018,Mais de 14.310 a 23.850 Reais,3.5 Lanches,9.0,9.0
6972,1204,Distribuição da despesa monetária e não monetária média mensal familiar,%,Unidade da Federação,16,Amapá,2018,Mais de 14.310 a 23.850 Reais,3.5 Lanches,1.7,1.7
6972,1204,Distribuição da despesa monetária e não monetária média mensal familiar,%,Unidade da Federação,17,Tocantins,2018,Mais de 14.310 a 23.850 Reais,3.5 Lanches,-,0.0
6972,1204,Distribuição da despesa monetária e não monetária média mensal familiar,%,Unidade da Federação,21,Maranhão,2018,Mais de 14.310 a 23.850 Reais,3.5 Lanches,-,0.0
6972,1204,Distribuição da despesa monetária e não monetária média mensal familiar,%,Unidade da Federação,22,Piauí,2018,Mais de 14.310 a 23.850 Reais,3.5 Lanches,2.0,2.0
6972,1204,Distribuição da despesa monetária e não monetária média mensal familiar,%,Unidade da Federação,23,Ceará,2018,Mais de 14.310 a 23.850 Reais,3.5 Lanches,2.3,2.3
6972,1204,Distribuição da despesa monetária e não monetária média mensal familiar,%,Unidade da Federação,24,Rio Grande do Norte,2018,Mais de 14.310 a 23.850 Reais,3.5 Lanches,4.0,4.0
6972,1204,Distribuição da despesa monetária e não monetária média mensal familiar,%,Unidade da Federação,25,Paraíba,2018,Mais de 14.310 a 23.850 Reais,3.5 Lanches,-,0.0
6972,1204,Distribuição da despesa monetária e não monetária média mensal familiar,%,Unidade da Federação,26,Pernambuco,2018,Mais de 14.310 a 23.850 Reais,3.5 Lanches,1.2,1.2
6972,1204,Distribuição da despesa monetária e não monetária média mensal familiar,%,Unidade da Federação,27,Alagoas,2018,Mais de 14.310 a 23.850 Reais,3.5 Lanches,3.6,3.6
6972,1204,Distribuição da despesa monetária e não monetária média mensal familiar,%,Unidade da Federação,28,Sergipe,2018,Mais de 14.310 a 23.850 Reais,3.5 Lanches,5.1,5.1
6972,1204,Distribuição da despesa monetária e não monetária média mensal familiar,%,Unidade da Federação,29,Bahia,2018,Mais de 14.310 a 23.850 Reais,3.5 Lanches,2.2,2.2
6972,1204,Distribuição da despesa monetária e não monetária média mensal familiar,%,Unidade da Federação,31,Minas Gerais,2018,Mais de 14.310 a 23.850 Reais,3.5 Lanches,3.2,3.2
6972,1204,Distribuição da despesa monetária e não monetária média mensal familiar,%,Unidade da Federação,32,Espírito Santo,2018,Mais de 14.310 a 23.850 Reais,3.5 Lanches,2.7,2.7
6972,1204,Distribuição da despesa monetária e não monetária média mensal familiar,%,Unidade da Federação,33,Rio de Janeiro,2018,Mais de 14.310 a 23.850 Reais,3.5 Lanches,4.3,4.3
6972,1204,Distribuição da despesa monetária e não monetária média mensal familiar,%,Unidade da Federação,35,São Paulo,2018,Mais de 14.310 a 23.850 Reais,3.5 Lanches,1.0,1.0
6972,1204,Distribuição da despesa monetária e não monetária média mensal familiar,%,Unidade da Federação,41,Paraná,2018,Mais de 14.310 a 23.850 Reais,3.5 Lanches,2.3,2.3
6972,1204,Distribuição da despesa monetária e não monetária média mensal familiar,%,Unidade da Federação,42,Santa Catarina,2018,Mais de 14.310 a 23.850 Reais,3.5 Lanches,1.7,1.7
6972,1204,Distribuição da despesa monetária e não monetária média mensal familiar,%,Unidade da Federação,43,Rio Grande do Sul,2018,Mais de 14.310 a 23.850 Reais,3.5 Lanches,3.0,3.0
6972,1204,Distribuição da despesa monetária e não monetária média mensal familiar,%,Unidade da Federação,50,Mato Grosso do Sul,2018,Mais de 14.310 a 23.850 Reais,3.5 Lanches,0.9,0.9
6972,1204,Distribuição da despesa monetária e não monetária média mensal familiar,%,Unidade da Federação,51,Mato Grosso,2018,Mais de 14.310 a 23.850 Reais,3.5 Lanches,3.4,3.4
6972,1204,Distribuição da despesa monetária e não monetária média mensal familiar,%,Unidade da Federação,52,Goiás,2018,Mais de 14.310 a 23.850 Reais,3.5 Lanches,1.8,1.8
6972,1204,Distribuição da despesa monetária e não monetária média mensal familiar,%,Unidade da Federação,53,Distrito Federal,2018,Mais de 14.310 a 23.850 Reais,3.5 Lanches,3.5,3.5
6972,1204,Distribuição da despesa monetária e não monetária média mensal familiar,%,Brasil,1,Brasil,2018,Mais de 14.310 a 23.850 Reais,"3.6 Cervejas, chopes e outras bebidas alcoólicas",1.0,1.0
6972,1204,Distribuição da despesa monetária e não monetária média mensal familiar,%,Unidade da Federação,11,Rondônia,2018,Mais de 14.310 a 23.850 Reais,"3.6 Cervejas, chopes e outras bebidas alcoólicas",2.1,2.1
6972,1204,Distribuição da despesa monetária e não monetária média mensal familiar,%,Unidade da Federação,12,Acre,2018,Mais de 14.310 a 23.850 Reais,"3.6 Cervejas, chopes e outras bebidas alcoólicas",2.0,2.0
6972,1204,Distribuição da despesa monetária e não monetária média mensal familiar,%,Unidade da Federação,13,Amazonas,2018,Mais de 14.310 a 23.850 Reais,"3.6 Cervejas, chopes e outras bebidas alcoólicas",0.4,0.4
6972,1204,Distribuição da despesa monetária e não monetária média mensal familiar,%,Unidade da Federação,14,Roraima,2018,Mais de 14.310 a 23.850 Reais,"3.6 Cervejas, chopes e outras bebidas alcoólicas",-,0.0
6972,1204,Distribuição da despesa monetária e não monetária média mensal familiar,%,Unidade da Federação,15,Pará,2018,Mais de 14.310 a 23.850 Reais,"3.6 Cervejas, chopes e outras bebidas alcoólicas",0.5,0.5
6972,1204,Distribuição da despesa monetária e não monetária média mensal familiar,%,Unidade da Federação,16,Amapá,2018,Mais de 14.310 a 23.850 Reais,"3.6 Cervejas, chopes e outras bebidas alcoólicas",0.4,0.4
6972,1204,Distribuição da despesa monetária e não monetária média mensal familiar,%,Unidade da Federação,17,Tocantins,2018,Mais de 14.310 a 23.850 Reais,"3.6 Cervejas, chopes e outras bebidas alcoólicas",-,0.0
6972,1204,Distribuição da despesa monetária e não monetária média mensal familiar,%,Unidade da Federação,21,Maranhão,2018,Mais de 14.310 a 23.850 Reais,"3.6 Cervejas, chopes e outras bebidas alcoólicas",2.4,2.4
6972,1204,Distribuição da despesa monetária e não monetária média mensal familiar,%,Unidade da Federação,22,Piauí,2018,Mais de 14.310 a 23.850 Reais,"3.6 Cervejas, chopes e outras bebidas alcoólicas",1.1,1.1
6972,1204,Distribuição da despesa monetária e não monetária média mensal familiar,%,Unidade da Federação,23,Ceará,2018,Mais de 14.310 a 23.850 Reais,"3.6 Cervejas, chopes e outras bebidas alcoólicas",0.5,0.5
6972,1204,Distribuição da despesa monetária e não monetária média mensal familiar,%,Unidade da Federação,24,Rio Grande do Norte,2018,Mais de 14.310 a 23.850 Reais,"3.6 Cervejas, chopes e outras bebidas alcoólicas",0.4,0.4
6972,1204,Distribuição da despesa monetária e não monetária média mensal familiar,%,Unidade da Federação,25,Paraíba,2018,Mais de 14.310 a 23.850 Reais,"3.6 Cervejas, chopes e outras bebidas alcoólicas",0.7,0.7
6972,1204,Distribuição da despesa monetária e não monetária média mensal familiar,%,Unidade da Federação,26,Pernambuco,2018,Mais de 14.310 a 23.850 Reais,"3.6 Cervejas, chopes e outras bebidas alcoólicas",1.5,1.5
6972,1204,Distribuição da despesa monetária e não monetária média mensal familiar,%,Unidade da Federação,27,Alagoas,2018,Mais de 14.310 a 23.850 Reais,"3.6 Cervejas, chopes e outras bebidas alcoólicas",2.2,2.2
6972,1204,Distribuição da despesa monetária e não monetária média mensal familiar,%,Unidade da Federação,28,Sergipe,2018,Mais de 14.310 a 23.850 Reais,"3.6 Cervejas, chopes e outras bebidas alcoólicas",0.3,0.3
6972,1204,Distribuição da despesa monetária e não monetária média mensal familiar,%,Unidade da Federação,29,Bahia,2018,Mais de 14.310 a 23.850 Reais,"3.6 Cervejas, chopes e outras bebidas alcoólicas",1.4,1.4
6972,1204,Distribuição da despesa monetária e não monetária média mensal familiar,%,Unidade da Federação,31,Minas Gerais,2018,Mais de 14.310 a 23.850 Reais,"3.6 Cervejas, chopes e outras bebidas alcoólicas",0.6,0.6
6972,1204,Distribuição da despesa monetária e não monetária média mensal familiar,%,Unidade da Federação,32,Espírito Santo,2018,Mais de 14.310 a 23.850 Reais,"3.6 Cervejas, chopes e outras bebidas alcoólicas",1.5,1.5
6972,1204,Distribuição da despesa monetária e não monetária média mensal familiar,%,Unidade da Federação,33,Rio de Janeiro,2018,Mais de 14.310 a 23.850 Reais,"3.6 Cervejas, chopes e outras bebidas alcoólicas",0.4,0.4
6972,1204,Distribuição da despesa monetária e não monetária média mensal familiar,%,Unidade da Federação,35,São Paulo,2018,Mais de 14.310 a 23.850 Reais,"3.6 Cervejas, chopes e outras bebidas alcoólicas",0.8,0.8
6972,1204,Distribuição da despesa monetária e não monetária média mensal familiar,%,Unidade da Federação,41,Paraná,2018,Mais de 14.310 a 23.850 Reais,"3.6 Cervejas, chopes e outras bebidas alcoólicas",2.0,2.0
6972,1204,Distribuição da despesa monetária e não monetária média mensal familiar,%,Unidade da Federação,42,Santa Catarina,2018,Mais de 14.310 a 23.850 Reais,"3.6 Cervejas, chopes e outras bebidas alcoólicas",1.4,1.4
6972,1204,Distribuição da despesa monetária e não monetária média mensal familiar,%,Unidade da Federação,43,Rio Grande do Sul,2018,Mais de 14.310 a 23.850 Reais,"3.6 Cervejas, chopes e outras bebidas alcoólicas",1.3,1.3
6972,1204,Distribuição da despesa monetária e não monetária média mensal familiar,%,Unidade da Federação,50,Mato Grosso do Sul,2018,Mais de 14.310 a 23.850 Reais,"3.6 Cervejas, chopes e outras bebidas alcoólicas",1.0,1.0
6972,1204,Distribuição da despesa monetária e não monetária média mensal familiar,%,Unidade da Federação,51,Mato Grosso,2018,Mais de 14.310 a 23.850 Reais,"3.6 Cervejas, chopes e outras bebidas alcoólicas",1.7,1.7
6972,1204,Distribuição da despesa monetária e não monetária média mensal familiar,%,Unidade da Federação,52,Goiás,2018,Mais de 14.310 a 23.850 Reais,"3.6 Cervejas, chopes e outras bebidas alcoólicas",0.6,0.6
6972,1204,Distribuição da despesa monetária e não monetária média mensal familiar,%,Unidade da Federação,53,Distrito Federal,2018,Mais de 14.310 a 23.850 Reais,"3.6 Cervejas, chopes e outras bebidas alcoólicas",1.7,1.7
6972,1204,Distribuição da despesa monetária e não monetária média mensal familiar,%,Brasil,1,Brasil,2018,Mais de 14.310 a 23.850 Reais,3.8 Alimentação fora do domicílio - light e diet,0.0,0.0
6972,1204,Distribuição da despesa monetária e não monetária média mensal familiar,%,Unidade da Federação,11,Rondônia,2018,Mais de 14.310 a 23.850 Reais,3.8 Alimentação fora do domicílio - light e diet,-,0.0
6972,1204,Distribuição da despesa monetária e não monetária média mensal familiar,%,Unidade da Federação,12,Acre,2018,Mais de 14.310 a 23.850 Reais,3.8 Alimentação fora do domicílio - light e diet,-,0.0
6972,1204,Distribuição da despesa monetária e não monetária média mensal familiar,%,Unidade da Federação,13,Amazonas,2018,Mais de 14.310 a 23.850 Reais,3.8 Alimentação fora do domicílio - light e diet,-,0.0
6972,1204,Distribuição da despesa monetária e não monetária média mensal familiar,%,Unidade da Federação,14,Roraima,2018,Mais de 14.310 a 23.850 Reais,3.8 Alimentação fora do domicílio - light e diet,-,0.0
6972,1204,Distribuição da despesa monetária e não monetária média mensal familiar,%,Unidade da Federação,15,Pará,2018,Mais de 14.310 a 23.850 Reais,3.8 Alimentação fora do domicílio - light e diet,-,0.0
6972,1204,Distribuição da despesa monetária e não monetária média mensal familiar,%,Unidade da Federação,16,Amapá,2018,Mais de 14.310 a 23.850 Reais,3.8 Alimentação fora do domicílio - light e diet,0.1,0.1
6972,1204,Distribuição da despesa monetária e não monetária média mensal familiar,%,Unidade da Federação,17,Tocantins,2018,Mais de 14.310 a 23.850 Reais,3.8 Alimentação fora do domicílio - light e diet,-,0.0
6972,1204,Distribuição da despesa monetária e não monetária média mensal familiar,%,Unidade da Federação,21,Maranhão,2018,Mais de 14.310 a 23.850 Reais,3.8 Alimentação fora do domicílio - light e diet,-,0.0
6972,1204,Distribuição da despesa monetária e não monetária média mensal familiar,%,Unidade da Federação,22,Piauí,2018,Mais de 14.310 a 23.850 Reais,3.8 Alimentação fora do domicílio - light e diet,-,0.0
6972,1204,Distribuição da despesa monetária e não monetária média mensal familiar,%,Unidade da Federação,23,Ceará,2018,Mais de 14.310 a 23.850 Reais,3.8 Alimentação fora do domicílio - light e diet,-,0.0
6972,1204,Distribuição da despesa monetária e não monetária média mensal familiar,%,Unidade da Federação,24,Rio Grande do Norte,2018,Mais de 14.310 a 23.850 Reais,3.8 Alimentação fora do domicílio - light e diet,-,0.0
6972,1204,Distribuição da despesa monetária e não monetária média mensal familiar,%,Unidade da Federação,25,Paraíba,2018,Mais de 14.310 a 23.850 Reais,3.8 Alimentação fora do domicílio - light e diet,0.3,0.3
6972,1204,Distribuição da despesa monetária e não monetária média mensal familiar,%,Unidade da Federação,26,Pernambuco,2018,Mais de 14.310 a 23.850 Reais,3.8 Alimentação fora do domicílio - light e diet,-,0.0
6972,1204,Distribuição da despesa monetária e não monetária média mensal familiar,%,Unidade da Federação,27,Alagoas,2018,Mais de 14.310 a 23.850 Reais,3.8 Alimentação fora do domicílio - light e diet,0.2,0.2
6972,1204,Distribuição da despesa monetária e não monetária média mensal familiar,%,Unidade da Federação,28,Sergipe,2018,Mais de 14.310 a 23.850 Reais,3.8 Alimentação fora do domicílio - light e diet,-,0.0
6972,1204,Distribuição da despesa monetária e não monetária média mensal familiar,%,Unidade da Federação,29,Bahia,2018,Mais de 14.310 a 23.850 Reais,3.8 Alimentação fora do domicílio - light e diet,0.0,0.0
6972,1204,Distribuição da despesa monetária e não monetária média mensal familiar,%,Unidade da Federação,31,Minas Gerais,2018,Mais de 14.310 a 23.850 Reais,3.8 Alimentação fora do domicílio - light e diet,-,0.0
6972,1204,Distribuição da despesa monetária e não monetária média mensal familiar,%,Unidade da Federação,32,Espírito Santo,2018,Mais de 14.310 a 23.850 Reais,3.8 Alimentação fora do domicílio - light e diet,0.0,0.0
6972,1204,Distribuição da despesa monetária e não monetária média mensal familiar,%,Unidade da Federação,33,Rio de Janeiro,2018,Mais de 14.310 a 23.850 Reais,3.8 Alimentação fora do domicílio - light e diet,0.0,0.0
6972,1204,Distribuição da despesa monetária e não monetária média mensal familiar,%,Unidade da Federação,35,São Paulo,2018,Mais de 14.310 a 23.850 Reais,3.8 Alimentação fora do domicílio - light e diet,0.0,0.0
6972,1204,Distribuição da despesa monetária e não monetária média mensal familiar,%,Unidade da Federação,41,Paraná,2018,Mais de 14.310 a 23.850 Reais,3.8 Alimentação fora do domicílio - light e diet,0.0,0.0
6972,1204,Distribuição da despesa monetária e não monetária média mensal familiar,%,Unidade da Federação,42,Santa Catarina,2018,Mais de 14.310 a 23.850 Reais,3.8 Alimentação fora do domicílio - light e diet,-,0.0
6972,1204,Distribuição da despesa monetária e não monetária média mensal familiar,%,Unidade da Federação,43,Rio Grande do Sul,2018,Mais de 14.310 a 23.850 Reais,3.8 Alimentação fora do domicílio - light e diet,-,0.0
6972,1204,Distribuição da despesa monetária e não monetária média mensal familiar,%,Unidade da Federação,50,Mato Grosso do Sul,2018,Mais de 14.310 a 23.850 Reais,3.8 Alimentação fora do domicílio - light e diet,-,0.0
6972,1204,Distribuição da despesa monetária e não monetária média mensal familiar,%,Unidade da Federação,51,Mato Grosso,2018,Mais de 14.310 a 23.850 Reais,3.8 Alimentação fora do domicílio - light e diet,-,0.0
6972,1204,Distribuição da despesa monetária e não monetária média mensal familiar,%,Unidade da Federação,52,Goiás,2018,Mais de 14.310 a 23.850 Reais,3.8 Alimentação fora do domicílio - light e diet,-,0.0
6972,1204,Distribuição da despesa monetária e não monetária média mensal familiar,%,Unidade da Federação,53,Distrito Federal,2018,Mais de 14.310 a 23.850 Reais,3.8 Alimentação fora do domicílio - light e diet,0.1,0.1
6972,1204,Distribuição da despesa monetária e não monetária média mensal familiar,%,Brasil,1,Brasil,2018,Mais de 14.310 a 23.850 Reais,3.9 Outras,1.8,1.8
6972,1204,Distribuição da despesa monetária e não monetária média mensal familiar,%,Unidade da Federação,11,Rondônia,2018,Mais de 14.310 a 23.850 Reais,3.9 Outras,1.5,1.5
6972,1204,Distribuição da despesa monetária e não monetária média mensal familiar,%,Unidade da Federação,12,Acre,2018,Mais de 14.310 a 23.850 Reais,3.9 Outras,0.5,0.5
6972,1204,Distribuição da despesa monetária e não monetária média mensal familiar,%,Unidade da Federação,13,Amazonas,2018,Mais de 14.310 a 23.850 Reais,3.9 Outras,0.2,0.2
6972,1204,Distribuição da despesa monetária e não monetária média mensal familiar,%,Unidade da Federação,14,Roraima,2018,Mais de 14.310 a 23.850 Reais,3.9 Outras,0.6,0.6
6972,1204,Distribuição da despesa monetária e não monetária média mensal familiar,%,Unidade da Federação,15,Pará,2018,Mais de 14.310 a 23.850 Reais,3.9 Outras,1.0,1.0
6972,1204,Distribuição da despesa monetária e não monetária média mensal familiar,%,Unidade da Federação,16,Amapá,2018,Mais de 14.310 a 23.850 Reais,3.9 Outras,1.6,1.6
6972,1204,Distribuição da despesa monetária e não monetária média mensal familiar,%,Unidade da Federação,17,Tocantins,2018,Mais de 14.310 a 23.850 Reais,3.9 Outras,1.0,1.0
6972,1204,Distribuição da despesa monetária e não monetária média mensal familiar,%,Unidade da Federação,21,Maranhão,2018,Mais de 14.310 a 23.850 Reais,3.9 Outras,1.2,1.2
6972,1204,Distribuição da despesa monetária e não monetária média mensal familiar,%,Unidade da Federação,22,Piauí,2018,Mais de 14.310 a 23.850 Reais,3.9 Outras,2.5,2.5
6972,1204,Distribuição da despesa monetária e não monetária média mensal familiar,%,Unidade da Federação,23,Ceará,2018,Mais de 14.310 a 23.850 Reais,3.9 Outras,1.6,1.6
6972,1204,Distribuição da despesa monetária e não monetária média mensal familiar,%,Unidade da Federação,24,Rio Grande do Norte,2018,Mais de 14.310 a 23.850 Reais,3.9 Outras,1.3,1.3
6972,1204,Distribuição da despesa monetária e não monetária média mensal familiar,%,Unidade da Federação,25,Paraíba,2018,Mais de 14.310 a 23.850 Reais,3.9 Outras,0.7,0.7
6972,1204,Distribuição da despesa monetária e não monetária média mensal familiar,%,Unidade da Federação,26,Pernambuco,2018,Mais de 14.310 a 23.850 Reais,3.9 Outras,3.1,3.1
6972,1204,Distribuição da despesa monetária e não monetária média mensal familiar,%,Unidade da Federação,27,Alagoas,2018,Mais de 14.310 a 23.850 Reais,3.9 Outras,1.7,1.7
6972,1204,Distribuição da despesa monetária e não monetária média mensal familiar,%,Unidade da Federação,28,Sergipe,2018,Mais de 14.310 a 23.850 Reais,3.9 Outras,1.4,1.4
6972,1204,Distribuição da despesa monetária e não monetária média mensal familiar,%,Unidade da Federação,29,Bahia,2018,Mais de 14.310 a 23.850 Reais,3.9 Outras,1.2,1.2
6972,1204,Distribuição da despesa monetária e não monetária média mensal familiar,%,Unidade da Federação,31,Minas Gerais,2018,Mais de 14.310 a 23.850 Reais,3.9 Outras,3.1,3.1
6972,1204,Distribuição da despesa monetária e não monetária média mensal familiar,%,Unidade da Federação,32,Espírito Santo,2018,Mais de 14.310 a 23.850 Reais,3.9 Outras,1.1,1.1
6972,1204,Distribuição da despesa monetária e não monetária média mensal familiar,%,Unidade da Federação,33,Rio de Janeiro,2018,Mais de 14.310 a 23.850 Reais,3.9 Outras,1.2,1.2
6972,1204,Distribuição da despesa monetária e não monetária média mensal familiar,%,Unidade da Federação,35,São Paulo,2018,Mais de 14.310 a 23.850 Reais,3.9 Outras,1.8,1.8
6972,1204,Distribuição da despesa monetária e não monetária média mensal familiar,%,Unidade da Federação,41,Paraná,2018,Mais de 14.310 a 23.850 Reais,3.9 Outras,1.4,1.4
6972,1204,Distribuição da despesa monetária e não monetária média mensal familiar,%,Unidade da Federação,42,Santa Catarina,2018,Mais de 14.310 a 23.850 Reais,3.9 Outras,0.7,0.7
6972,1204,Distribuição da despesa monetária e não monetária média mensal familiar,%,Unidade da Federação,43,Rio Grande do Sul,2018,Mais de 14.310 a 23.850 Reais,3.9 Outras,0.7,0.7
6972,1204,Distribuição da despesa monetária e não monetária média mensal familiar,%,Unidade da Federação,50,Mato Grosso do Sul,2018,Mais de 14.310 a 23.850 Reais,3.9 Outras,1.6,1.6
6972,1204,Distribuição da despesa monetária e não monetária média mensal familiar,%,Unidade da Federação,51,Mato Grosso,2018,Mais de 14.310 a 23.850 Reais,3.9 Outras,8.1,8.1
6972,1204,Distribuição da despesa monetária e não monetária média mensal familiar,%,Unidade da Federação,52,Goiás,2018,Mais de 14.310 a 23.850 Reais,3.9 Outras,3.9,3.9
6972,1204,Distribuição da despesa monetária e não monetária média mensal familiar,%,Unidade da Federação,53,Distrito Federal,2018,Mais de 14.310 a 23.850 Reais,3.9 Outras,1.7,1.7
6972,1204,Distribuição da despesa monetária e não monetária média mensal familiar,%,Brasil,1,Brasil,2018,Mais de 23.850 Reais,1 Despesas com alimentação,100.0,100.0
6972,1204,Distribuição da despesa monetária e não monetária média mensal familiar,%,Unidade da Federação,11,Rondônia,2018,Mais de 23.850 Reais,1 Despesas com alimentação,100.0,100.0
6972,1204,Distribuição da despesa monetária e não monetária média mensal familiar,%,Unidade da Federação,12,Acre,2018,Mais de 23.850 Reais,1 Despesas com alimentação,100.0,100.0
6972,1204,Distribuição da despesa monetária e não monetária média mensal familiar,%,Unidade da Federação,13,Amazonas,2018,Mais de 23.850 Reais,1 Despesas com alimentação,100.0,100.0
6972,1204,Distribuição da despesa monetária e não monetária média mensal familiar,%,Unidade da Federação,14,Roraima,2018,Mais de 23.850 Reais,1 Despesas com alimentação,100.0,100.0
6972,1204,Distribuição da despesa monetária e não monetária média mensal familiar,%,Unidade da Federação,15,Pará,2018,Mais de 23.850 Reais,1 Despesas com alimentação,100.0,100.0
6972,1204,Distribuição da despesa monetária e não monetária média mensal familiar,%,Unidade da Federação,16,Amapá,2018,Mais de 23.850 Reais,1 Despesas com alimentação,100.0,100.0
6972,1204,Distribuição da despesa monetária e não monetária média mensal familiar,%,Unidade da Federação,17,Tocantins,2018,Mais de 23.850 Reais,1 Despesas com alimentação,100.0,100.0
6972,1204,Distribuição da despesa monetária e não monetária média mensal familiar,%,Unidade da Federação,21,Maranhão,2018,Mais de 23.850 Reais,1 Despesas com alimentação,100.0,100.0
6972,1204,Distribuição da despesa monetária e não monetária média mensal familiar,%,Unidade da Federação,22,Piauí,2018,Mais de 23.850 Reais,1 Despesas com alimentação,100.0,100.0
6972,1204,Distribuição da despesa monetária e não monetária média mensal familiar,%,Unidade da Federação,23,Ceará,2018,Mais de 23.850 Reais,1 Despesas com alimentação,100.0,100.0
6972,1204,Distribuição da despesa monetária e não monetária média mensal familiar,%,Unidade da Federação,24,Rio Grande do Norte,2018,Mais de 23.850 Reais,1 Despesas com alimentação,100.0,100.0
6972,1204,Distribuição da despesa monetária e não monetária média mensal familiar,%,Unidade da Federação,25,Paraíba,2018,Mais de 23.850 Reais,1 Despesas com alimentação,100.0,100.0
6972,1204,Distribuição da despesa monetária e não monetária média mensal familiar,%,Unidade da Federação,26,Pernambuco,2018,Mais de 23.850 Reais,1 Despesas com alimentação,100.0,100.0
6972,1204,Distribuição da despesa monetária e não monetária média mensal familiar,%,Unidade da Federação,27,Alagoas,2018,Mais de 23.850 Reais,1 Despesas com alimentação,100.0,100.0
6972,1204,Distribuição da despesa monetária e não monetária média mensal familiar,%,Unidade da Federação,28,Sergipe,2018,Mais de 23.850 Reais,1 Despesas com alimentação,100.0,100.0
6972,1204,Distribuição da despesa monetária e não monetária média mensal familiar,%,Unidade da Federação,29,Bahia,2018,Mais de 23.850 Reais,1 Despesas com alimentação,100.0,100.0
6972,1204,Distribuição da despesa monetária e não monetária média mensal familiar,%,Unidade da Federação,31,Minas Gerais,2018,Mais de 23.850 Reais,1 Despesas com alimentação,100.0,100.0
6972,1204,Distribuição da despesa monetária e não monetária média mensal familiar,%,Unidade da Federação,32,Espírito Santo,2018,Mais de 23.850 Reais,1 Despesas com alimentação,100.0,100.0
6972,1204,Distribuição da despesa monetária e não monetária média mensal familiar,%,Unidade da Federação,33,Rio de Janeiro,2018,Mais de 23.850 Reais,1 Despesas com alimentação,100.0,100.0
6972,1204,Distribuição da despesa monetária e não monetária média mensal familiar,%,Unidade da Federação,35,São Paulo,2018,Mais de 23.850 Reais,1 Despesas com alimentação,100.0,100.0
6972,1204,Distribuição da despesa monetária e não monetária média mensal familiar,%,Unidade da Federação,41,Paraná,2018,Mais de 23.850 Reais,1 Despesas com alimentação,100.0,100.0
6972,1204,Distribuição da despesa monetária e não monetária média mensal familiar,%,Unidade da Federação,42,Santa Catarina,2018,Mais de 23.850 Reais,1 Despesas com alimentação,100.0,100.0
6972,1204,Distribuição da despesa monetária e não monetária média mensal familiar,%,Unidade da Federação,43,Rio Grande do Sul,2018,Mais de 23.850 Reais,1 Despesas com alimentação,100.0,100.0
6972,1204,Distribuição da despesa monetária e não monetária média mensal familiar,%,Unidade da Federação,50,Mato Grosso do Sul,2018,Mais de 23.850 Reais,1 Despesas com alimentação,100.0,100.0
6972,1204,Distribuição da despesa monetária e não monetária média mensal familiar,%,Unidade da Federação,51,Mato Grosso,2018,Mais de 23.850 Reais,1 Despesas com alimentação,100.0,100.0
6972,1204,Distribuição da despesa monetária e não monetária média mensal familiar,%,Unidade da Federação,52,Goiás,2018,Mais de 23.850 Reais,1 Despesas com alimentação,100.0,100.0
6972,1204,Distribuição da despesa monetária e não monetária média mensal familiar,%,Unidade da Federação,53,Distrito Federal,2018,Mais de 23.850 Reais,1 Despesas com alimentação,100.0,100.0
6972,1204,Distribuição da despesa monetária e não monetária média mensal familiar,%,Brasil,1,Brasil,2018,Mais de 23.850 Reais,3 Alimentação fora do domicílio,49.7,49.7
6972,1204,Distribuição da despesa monetária e não monetária média mensal familiar,%,Unidade da Federação,11,Rondônia,2018,Mais de 23.850 Reais,3 Alimentação fora do domicílio,56.7,56.7
6972,1204,Distribuição da despesa monetária e não monetária média mensal familiar,%,Unidade da Federação,12,Acre,2018,Mais de 23.850 Reais,3 Alimentação fora do domicílio,19.6,19.6
6972,1204,Distribuição da despesa monetária e não monetária média mensal familiar,%,Unidade da Federação,13,Amazonas,2018,Mais de 23.850 Reais,3 Alimentação fora do domicílio,33.3,33.3
6972,1204,Distribuição da despesa monetária e não monetária média mensal familiar,%,Unidade da Federação,14,Roraima,2018,Mais de 23.850 Reais,3 Alimentação fora do domicílio,17.0,17.0
6972,1204,Distribuição da despesa monetária e não monetária média mensal familiar,%,Unidade da Federação,15,Pará,2018,Mais de 23.850 Reais,3 Alimentação fora do domicílio,12.3,12.3
6972,1204,Distribuição da despesa monetária e não monetária média mensal familiar,%,Unidade da Federação,16,Amapá,2018,Mais de 23.850 Reais,3 Alimentação fora do domicílio,35.7,35.7
6972,1204,Distribuição da despesa monetária e não monetária média mensal familiar,%,Unidade da Federação,17,Tocantins,2018,Mais de 23.850 Reais,3 Alimentação fora do domicílio,19.2,19.2
6972,1204,Distribuição da despesa monetária e não monetária média mensal familiar,%,Unidade da Federação,21,Maranhão,2018,Mais de 23.850 Reais,3 Alimentação fora do domicílio,44.3,44.3
6972,1204,Distribuição da despesa monetária e não monetária média mensal familiar,%,Unidade da Federação,22,Piauí,2018,Mais de 23.850 Reais,3 Alimentação fora do domicílio,65.9,65.9
6972,1204,Distribuição da despesa monetária e não monetária média mensal familiar,%,Unidade da Federação,23,Ceará,2018,Mais de 23.850 Reais,3 Alimentação fora do domicílio,31.1,31.1
6972,1204,Distribuição da despesa monetária e não monetária média mensal familiar,%,Unidade da Federação,24,Rio Grande do Norte,2018,Mais de 23.850 Reais,3 Alimentação fora do domicílio,58.3,58.3
6972,1204,Distribuição da despesa monetária e não monetária média mensal familiar,%,Unidade da Federação,25,Paraíba,2018,Mais de 23.850 Reais,3 Alimentação fora do domicílio,47.9,47.9
6972,1204,Distribuição da despesa monetária e não monetária média mensal familiar,%,Unidade da Federação,26,Pernambuco,2018,Mais de 23.850 Reais,3 Alimentação fora do domicílio,46.7,46.7
6972,1204,Distribuição da despesa monetária e não monetária média mensal familiar,%,Unidade da Federação,27,Alagoas,2018,Mais de 23.850 Reais,3 Alimentação fora do domicílio,62.4,62.4
6972,1204,Distribuição da despesa monetária e não monetária média mensal familiar,%,Unidade da Federação,28,Sergipe,2018,Mais de 23.850 Reais,3 Alimentação fora do domicílio,69.0,69.0
6972,1204,Distribuição da despesa monetária e não monetária média mensal familiar,%,Unidade da Federação,29,Bahia,2018,Mais de 23.850 Reais,3 Alimentação fora do domicílio,45.4,45.4
6972,1204,Distribuição da despesa monetária e não monetária média mensal familiar,%,Unidade da Federação,31,Minas Gerais,2018,Mais de 23.850 Reais,3 Alimentação fora do domicílio,52.0,52.0
6972,1204,Distribuição da despesa monetária e não monetária média mensal familiar,%,Unidade da Federação,32,Espírito Santo,2018,Mais de 23.850 Reais,3 Alimentação fora do domicílio,50.0,50.0
6972,1204,Distribuição da despesa monetária e não monetária média mensal familiar,%,Unidade da Federação,33,Rio de Janeiro,2018,Mais de 23.850 Reais,3 Alimentação fora do domicílio,53.1,53.1
6972,1204,Distribuição da despesa monetária e não monetária média mensal familiar,%,Unidade da Federação,35,São Paulo,2018,Mais de 23.850 Reais,3 Alimentação fora do domicílio,52.9,52.9
6972,1204,Distribuição da despesa monetária e não monetária média mensal familiar,%,Unidade da Federação,41,Paraná,2018,Mais de 23.850 Reais,3 Alimentação fora do domicílio,44.0,44.0
6972,1204,Distribuição da despesa monetária e não monetária média mensal familiar,%,Unidade da Federação,42,Santa Catarina,2018,Mais de 23.850 Reais,3 Alimentação fora do domicílio,39.0,39.0
6972,1204,Distribuição da despesa monetária e não monetária média mensal familiar,%,Unidade da Federação,43,Rio Grande do Sul,2018,Mais de 23.850 Reais,3 Alimentação fora do domicílio,39.3,39.3
6972,1204,Distribuição da despesa monetária e não monetária média mensal familiar,%,Unidade da Federação,50,Mato Grosso do Sul,2018,Mais de 23.850 Reais,3 Alimentação fora do domicílio,41.4,41.4
6972,1204,Distribuição da despesa monetária e não monetária média mensal familiar,%,Unidade da Federação,51,Mato Grosso,2018,Mais de 23.850 Reais,3 Alimentação fora do domicílio,46.6,46.6
6972,1204,Distribuição da despesa monetária e não monetária média mensal familiar,%,Unidade da Federação,52,Goiás,2018,Mais de 23.850 Reais,3 Alimentação fora do domicílio,45.4,45.4
6972,1204,Distribuição da despesa monetária e não monetária média mensal familiar,%,Unidade da Federação,53,Distrito Federal,2018,Mais de 23.850 Reais,3 Alimentação fora do domicílio,50.9,50.9
6972,1204,Distribuição da despesa monetária e não monetária média mensal familiar,%,Brasil,1,Brasil,2018,Mais de 23.850 Reais,3.1 Almoço e jantar,39.9,39.9
6972,1204,Distribuição da despesa monetária e não monetária média mensal familiar,%,Unidade da Federação,11,Rondônia,2018,Mais de 23.850 Reais,3.1 Almoço e jantar,44.4,44.4
6972,1204,Distribuição da despesa monetária e não monetária média mensal familiar,%,Unidade da Federação,12,Acre,2018,Mais de 23.850 Reais,3.1 Almoço e jantar,14.4,14.4
6972,1204,Distribuição da despesa monetária e não monetária média mensal familiar,%,Unidade da Federação,13,Amazonas,2018,Mais de 23.850 Reais,3.1 Almoço e jantar,26.9,26.9
6972,1204,Distribuição da despesa monetária e não monetária média mensal familiar,%,Unidade da Federação,14,Roraima,2018,Mais de 23.850 Reais,3.1 Almoço e jantar,16.9,16.9
6972,1204,Distribuição da despesa monetária e não monetária média mensal familiar,%,Unidade da Federação,15,Pará,2018,Mais de 23.850 Reais,3.1 Almoço e jantar,10.6,10.6
6972,1204,Distribuição da despesa monetária e não monetária média mensal familiar,%,Unidade da Federação,16,Amapá,2018,Mais de 23.850 Reais,3.1 Almoço e jantar,27.7,27.7
6972,1204,Distribuição da despesa monetária e não monetária média mensal familiar,%,Unidade da Federação,17,Tocantins,2018,Mais de 23.850 Reais,3.1 Almoço e jantar,18.6,18.6
6972,1204,Distribuição da despesa monetária e não monetária média mensal familiar,%,Unidade da Federação,21,Maranhão,2018,Mais de 23.850 Reais,3.1 Almoço e jantar,30.4,30.4
6972,1204,Distribuição da despesa monetária e não monetária média mensal familiar,%,Unidade da Federação,22,Piauí,2018,Mais de 23.850 Reais,3.1 Almoço e jantar,21.6,21.6
6972,1204,Distribuição da despesa monetária e não monetária média mensal familiar,%,Unidade da Federação,23,Ceará,2018,Mais de 23.850 Reais,3.1 Almoço e jantar,22.0,22.0
6972,1204,Distribuição da despesa monetária e não monetária média mensal familiar,%,Unidade da Federação,24,Rio Grande do Norte,2018,Mais de 23.850 Reais,3.1 Almoço e jantar,52.3,52.3
6972,1204,Distribuição da despesa monetária e não monetária média mensal familiar,%,Unidade da Federação,25,Paraíba,2018,Mais de 23.850 Reais,3.1 Almoço e jantar,37.0,37.0
6972,1204,Distribuição da despesa monetária e não monetária média mensal familiar,%,Unidade da Federação,26,Pernambuco,2018,Mais de 23.850 Reais,3.1 Almoço e jantar,37.9,37.9
6972,1204,Distribuição da despesa monetária e não monetária média mensal familiar,%,Unidade da Federação,27,Alagoas,2018,Mais de 23.850 Reais,3.1 Almoço e jantar,57.2,57.2
6972,1204,Distribuição da despesa monetária e não monetária média mensal familiar,%,Unidade da Federação,28,Sergipe,2018,Mais de 23.850 Reais,3.1 Almoço e jantar,53.8,53.8
6972,1204,Distribuição da despesa monetária e não monetária média mensal familiar,%,Unidade da Federação,29,Bahia,2018,Mais de 23.850 Reais,3.1 Almoço e jantar,37.2,37.2
6972,1204,Distribuição da despesa monetária e não monetária média mensal familiar,%,Unidade da Federação,31,Minas Gerais,2018,Mais de 23.850 Reais,3.1 Almoço e jantar,41.9,41.9
6972,1204,Distribuição da despesa monetária e não monetária média mensal familiar,%,Unidade da Federação,32,Espírito Santo,2018,Mais de 23.850 Reais,3.1 Almoço e jantar,40.6,40.6
6972,1204,Distribuição da despesa monetária e não monetária média mensal familiar,%,Unidade da Federação,33,Rio de Janeiro,2018,Mais de 23.850 Reais,3.1 Almoço e jantar,47.3,47.3
6972,1204,Distribuição da despesa monetária e não monetária média mensal familiar,%,Unidade da Federação,35,São Paulo,2018,Mais de 23.850 Reais,3.1 Almoço e jantar,42.2,42.2
6972,1204,Distribuição da despesa monetária e não monetária média mensal familiar,%,Unidade da Federação,41,Paraná,2018,Mais de 23.850 Reais,3.1 Almoço e jantar,36.7,36.7
6972,1204,Distribuição da despesa monetária e não monetária média mensal familiar,%,Unidade da Federação,42,Santa Catarina,2018,Mais de 23.850 Reais,3.1 Almoço e jantar,25.5,25.5
6972,1204,Distribuição da despesa monetária e não monetária média mensal familiar,%,Unidade da Federação,43,Rio Grande do Sul,2018,Mais de 23.850 Reais,3.1 Almoço e jantar,32.5,32.5
6972,1204,Distribuição da despesa monetária e não monetária média mensal familiar,%,Unidade da Federação,50,Mato Grosso do Sul,2018,Mais de 23.850 Reais,3.1 Almoço e jantar,33.8,33.8
6972,1204,Distribuição da despesa monetária e não monetária média mensal familiar,%,Unidade da Federação,51,Mato Grosso,2018,Mais de 23.850 Reais,3.1 Almoço e jantar,37.9,37.9
6972,1204,Distribuição da despesa monetária e não monetária média mensal familiar,%,Unidade da Federação,52,Goiás,2018,Mais de 23.850 Reais,3.1 Almoço e jantar,30.5,30.5
6972,1204,Distribuição da despesa monetária e não monetária média mensal familiar,%,Unidade da Federação,53,Distrito Federal,2018,Mais de 23.850 Reais,3.1 Almoço e jantar,38.5,38.5
6972,1204,Distribuição da despesa monetária e não monetária média mensal familiar,%,Brasil,1,Brasil,2018,Mais de 23.850 Reais,"3.2 Café, leite, café/leite e chocolate",0.5,0.5
6972,1204,Distribuição da despesa monetária e não monetária média mensal familiar,%,Unidade da Federação,11,Rondônia,2018,Mais de 23.850 Reais,"3.2 Café, leite, café/leite e chocolate",0.5,0.5
6972,1204,Distribuição da despesa monetária e não monetária média mensal familiar,%,Unidade da Federação,12,Acre,2018,Mais de 23.850 Reais,"3.2 Café, leite, café/leite e chocolate",0.3,0.3
6972,1204,Distribuição da despesa monetária e não monetária média mensal familiar,%,Unidade da Federação,13,Amazonas,2018,Mais de 23.850 Reais,"3.2 Café, leite, café/leite e chocolate",0.4,0.4
6972,1204,Distribuição da despesa monetária e não monetária média mensal familiar,%,Unidade da Federação,14,Roraima,2018,Mais de 23.850 Reais,"3.2 Café, leite, café/leite e chocolate",-,0.0
6972,1204,Distribuição da despesa monetária e não monetária média mensal familiar,%,Unidade da Federação,15,Pará,2018,Mais de 23.850 Reais,"3.2 Café, leite, café/leite e chocolate",-,0.0
6972,1204,Distribuição da despesa monetária e não monetária média mensal familiar,%,Unidade da Federação,16,Amapá,2018,Mais de 23.850 Reais,"3.2 Café, leite, café/leite e chocolate",0.1,0.1
6972,1204,Distribuição da despesa monetária e não monetária média mensal familiar,%,Unidade da Federação,17,Tocantins,2018,Mais de 23.850 Reais,"3.2 Café, leite, café/leite e chocolate",-,0.0
6972,1204,Distribuição da despesa monetária e não monetária média mensal familiar,%,Unidade da Federação,21,Maranhão,2018,Mais de 23.850 Reais,"3.2 Café, leite, café/leite e chocolate",0.7,0.7
6972,1204,Distribuição da despesa monetária e não monetária média mensal familiar,%,Unidade da Federação,22,Piauí,2018,Mais de 23.850 Reais,"3.2 Café, leite, café/leite e chocolate",0.7,0.7
6972,1204,Distribuição da despesa monetária e não monetária média mensal familiar,%,Unidade da Federação,23,Ceará,2018,Mais de 23.850 Reais,"3.2 Café, leite, café/leite e chocolate",0.2,0.2
6972,1204,Distribuição da despesa monetária e não monetária média mensal familiar,%,Unidade da Federação,24,Rio Grande do Norte,2018,Mais de 23.850 Reais,"3.2 Café, leite, café/leite e chocolate",0.4,0.4
6972,1204,Distribuição da despesa monetária e não monetária média mensal familiar,%,Unidade da Federação,25,Paraíba,2018,Mais de 23.850 Reais,"3.2 Café, leite, café/leite e chocolate",0.5,0.5
6972,1204,Distribuição da despesa monetária e não monetária média mensal familiar,%,Unidade da Federação,26,Pernambuco,2018,Mais de 23.850 Reais,"3.2 Café, leite, café/leite e chocolate",0.3,0.3
6972,1204,Distribuição da despesa monetária e não monetária média mensal familiar,%,Unidade da Federação,27,Alagoas,2018,Mais de 23.850 Reais,"3.2 Café, leite, café/leite e chocolate",0.0,0.0
6972,1204,Distribuição da despesa monetária e não monetária média mensal familiar,%,Unidade da Federação,28,Sergipe,2018,Mais de 23.850 Reais,"3.2 Café, leite, café/leite e chocolate",0.1,0.1
6972,1204,Distribuição da despesa monetária e não monetária média mensal familiar,%,Unidade da Federação,29,Bahia,2018,Mais de 23.850 Reais,"3.2 Café, leite, café/leite e chocolate",0.0,0.0
6972,1204,Distribuição da despesa monetária e não monetária média mensal familiar,%,Unidade da Federação,31,Minas Gerais,2018,Mais de 23.850 Reais,"3.2 Café, leite, café/leite e chocolate",0.2,0.2
6972,1204,Distribuição da despesa monetária e não monetária média mensal familiar,%,Unidade da Federação,32,Espírito Santo,2018,Mais de 23.850 Reais,"3.2 Café, leite, café/leite e chocolate",0.0,0.0
6972,1204,Distribuição da despesa monetária e não monetária média mensal familiar,%,Unidade da Federação,33,Rio de Janeiro,2018,Mais de 23.850 Reais,"3.2 Café, leite, café/leite e chocolate",0.1,0.1
6972,1204,Distribuição da despesa monetária e não monetária média mensal familiar,%,Unidade da Federação,35,São Paulo,2018,Mais de 23.850 Reais,"3.2 Café, leite, café/leite e chocolate",0.8,0.8
6972,1204,Distribuição da despesa monetária e não monetária média mensal familiar,%,Unidade da Federação,41,Paraná,2018,Mais de 23.850 Reais,"3.2 Café, leite, café/leite e chocolate",0.1,0.1
6972,1204,Distribuição da despesa monetária e não monetária média mensal familiar,%,Unidade da Federação,42,Santa Catarina,2018,Mais de 23.850 Reais,"3.2 Café, leite, café/leite e chocolate",0.3,0.3
6972,1204,Distribuição da despesa monetária e não monetária média mensal familiar,%,Unidade da Federação,43,Rio Grande do Sul,2018,Mais de 23.850 Reais,"3.2 Café, leite, café/leite e chocolate",0.9,0.9
6972,1204,Distribuição da despesa monetária e não monetária média mensal familiar,%,Unidade da Federação,50,Mato Grosso do Sul,2018,Mais de 23.850 Reais,"3.2 Café, leite, café/leite e chocolate",0.2,0.2
6972,1204,Distribuição da despesa monetária e não monetária média mensal familiar,%,Unidade da Federação,51,Mato Grosso,2018,Mais de 23.850 Reais,"3.2 Café, leite, café/leite e chocolate",0.1,0.1
6972,1204,Distribuição da despesa monetária e não monetária média mensal familiar,%,Unidade da Federação,52,Goiás,2018,Mais de 23.850 Reais,"3.2 Café, leite, café/leite e chocolate",0.4,0.4
6972,1204,Distribuição da despesa monetária e não monetária média mensal familiar,%,Unidade da Federação,53,Distrito Federal,2018,Mais de 23.850 Reais,"3.2 Café, leite, café/leite e chocolate",0.3,0.3
6972,1204,Distribuição da despesa monetária e não monetária média mensal familiar,%,Brasil,1,Brasil,2018,Mais de 23.850 Reais,3.3 Sanduíches e salgados,2.7,2.7
6972,1204,Distribuição da despesa monetária e não monetária média mensal familiar,%,Unidade da Federação,11,Rondônia,2018,Mais de 23.850 Reais,3.3 Sanduíches e salgados,4.8,4.8
6972,1204,Distribuição da despesa monetária e não monetária média mensal familiar,%,Unidade da Federação,12,Acre,2018,Mais de 23.850 Reais,3.3 Sanduíches e salgados,2.4,2.4
6972,1204,Distribuição da despesa monetária e não monetária média mensal familiar,%,Unidade da Federação,13,Amazonas,2018,Mais de 23.850 Reais,3.3 Sanduíches e salgados,2.2,2.2
6972,1204,Distribuição da despesa monetária e não monetária média mensal familiar,%,Unidade da Federação,14,Roraima,2018,Mais de 23.850 Reais,3.3 Sanduíches e salgados,-,0.0
6972,1204,Distribuição da despesa monetária e não monetária média mensal familiar,%,Unidade da Federação,15,Pará,2018,Mais de 23.850 Reais,3.3 Sanduíches e salgados,0.1,0.1
6972,1204,Distribuição da despesa monetária e não monetária média mensal familiar,%,Unidade da Federação,16,Amapá,2018,Mais de 23.850 Reais,3.3 Sanduíches e salgados,4.0,4.0
6972,1204,Distribuição da despesa monetária e não monetária média mensal familiar,%,Unidade da Federação,17,Tocantins,2018,Mais de 23.850 Reais,3.3 Sanduíches e salgados,0.3,0.3
6972,1204,Distribuição da despesa monetária e não monetária média mensal familiar,%,Unidade da Federação,21,Maranhão,2018,Mais de 23.850 Reais,3.3 Sanduíches e salgados,7.3,7.3
6972,1204,Distribuição da despesa monetária e não monetária média mensal familiar,%,Unidade da Federação,22,Piauí,2018,Mais de 23.850 Reais,3.3 Sanduíches e salgados,0.9,0.9
6972,1204,Distribuição da despesa monetária e não monetária média mensal familiar,%,Unidade da Federação,23,Ceará,2018,Mais de 23.850 Reais,3.3 Sanduíches e salgados,4.2,4.2
6972,1204,Distribuição da despesa monetária e não monetária média mensal familiar,%,Unidade da Federação,24,Rio Grande do Norte,2018,Mais de 23.850 Reais,3.3 Sanduíches e salgados,1.0,1.0
6972,1204,Distribuição da despesa monetária e não monetária média mensal familiar,%,Unidade da Federação,25,Paraíba,2018,Mais de 23.850 Reais,3.3 Sanduíches e salgados,1.5,1.5
6972,1204,Distribuição da despesa monetária e não monetária média mensal familiar,%,Unidade da Federação,26,Pernambuco,2018,Mais de 23.850 Reais,3.3 Sanduíches e salgados,2.7,2.7
6972,1204,Distribuição da despesa monetária e não monetária média mensal familiar,%,Unidade da Federação,27,Alagoas,2018,Mais de 23.850 Reais,3.3 Sanduíches e salgados,3.0,3.0
6972,1204,Distribuição da despesa monetária e não monetária média mensal familiar,%,Unidade da Federação,28,Sergipe,2018,Mais de 23.850 Reais,3.3 Sanduíches e salgados,2.2,2.2
6972,1204,Distribuição da despesa monetária e não monetária média mensal familiar,%,Unidade da Federação,29,Bahia,2018,Mais de 23.850 Reais,3.3 Sanduíches e salgados,1.5,1.5
6972,1204,Distribuição da despesa monetária e não monetária média mensal familiar,%,Unidade da Federação,31,Minas Gerais,2018,Mais de 23.850 Reais,3.3 Sanduíches e salgados,2.5,2.5
6972,1204,Distribuição da despesa monetária e não monetária média mensal familiar,%,Unidade da Federação,32,Espírito Santo,2018,Mais de 23.850 Reais,3.3 Sanduíches e salgados,0.7,0.7
6972,1204,Distribuição da despesa monetária e não monetária média mensal familiar,%,Unidade da Federação,33,Rio de Janeiro,2018,Mais de 23.850 Reais,3.3 Sanduíches e salgados,2.1,2.1
6972,1204,Distribuição da despesa monetária e não monetária média mensal familiar,%,Unidade da Federação,35,São Paulo,2018,Mais de 23.850 Reais,3.3 Sanduíches e salgados,2.6,2.6
6972,1204,Distribuição da despesa monetária e não monetária média mensal familiar,%,Unidade da Federação,41,Paraná,2018,Mais de 23.850 Reais,3.3 Sanduíches e salgados,2.4,2.4
6972,1204,Distribuição da despesa monetária e não monetária média mensal familiar,%,Unidade da Federação,42,Santa Catarina,2018,Mais de 23.850 Reais,3.3 Sanduíches e salgados,3.0,3.0
6972,1204,Distribuição da despesa monetária e não monetária média mensal familiar,%,Unidade da Federação,43,Rio Grande do Sul,2018,Mais de 23.850 Reais,3.3 Sanduíches e salgados,2.1,2.1
6972,1204,Distribuição da despesa monetária e não monetária média mensal familiar,%,Unidade da Federação,50,Mato Grosso do Sul,2018,Mais de 23.850 Reais,3.3 Sanduíches e salgados,1.5,1.5
6972,1204,Distribuição da despesa monetária e não monetária média mensal familiar,%,Unidade da Federação,51,Mato Grosso,2018,Mais de 23.850 Reais,3.3 Sanduíches e salgados,5.7,5.7
6972,1204,Distribuição da despesa monetária e não monetária média mensal familiar,%,Unidade da Federação,52,Goiás,2018,Mais de 23.850 Reais,3.3 Sanduíches e salgados,7.2,7.2
6972,1204,Distribuição da despesa monetária e não monetária média mensal familiar,%,Unidade da Federação,53,Distrito Federal,2018,Mais de 23.850 Reais,3.3 Sanduíches e salgados,4.0,4.0
6972,1204,Distribuição da despesa monetária e não monetária média mensal familiar,%,Brasil,1,Brasil,2018,Mais de 23.850 Reais,3.4 Refrigerantes e outras bebidas não alcoólicas,0.7,0.7
6972,1204,Distribuição da despesa monetária e não monetária média mensal familiar,%,Unidade da Federação,11,Rondônia,2018,Mais de 23.850 Reais,3.4 Refrigerantes e outras bebidas não alcoólicas,2.1,2.1
6972,1204,Distribuição da despesa monetária e não monetária média mensal familiar,%,Unidade da Federação,12,Acre,2018,Mais de 23.850 Reais,3.4 Refrigerantes e outras bebidas não alcoólicas,1.9,1.9
6972,1204,Distribuição da despesa monetária e não monetária média mensal familiar,%,Unidade da Federação,13,Amazonas,2018,Mais de 23.850 Reais,3.4 Refrigerantes e outras bebidas não alcoólicas,0.4,0.4
6972,1204,Distribuição da despesa monetária e não monetária média mensal familiar,%,Unidade da Federação,14,Roraima,2018,Mais de 23.850 Reais,3.4 Refrigerantes e outras bebidas não alcoólicas,0.1,0.1
6972,1204,Distribuição da despesa monetária e não monetária média mensal familiar,%,Unidade da Federação,15,Pará,2018,Mais de 23.850 Reais,3.4 Refrigerantes e outras bebidas não alcoólicas,0.4,0.4
6972,1204,Distribuição da despesa monetária e não monetária média mensal familiar,%,Unidade da Federação,16,Amapá,2018,Mais de 23.850 Reais,3.4 Refrigerantes e outras bebidas não alcoólicas,1.2,1.2
6972,1204,Distribuição da despesa monetária e não monetária média mensal familiar,%,Unidade da Federação,17,Tocantins,2018,Mais de 23.850 Reais,3.4 Refrigerantes e outras bebidas não alcoólicas,0.2,0.2
6972,1204,Distribuição da despesa monetária e não monetária média mensal familiar,%,Unidade da Federação,21,Maranhão,2018,Mais de 23.850 Reais,3.4 Refrigerantes e outras bebidas não alcoólicas,-,0.0
6972,1204,Distribuição da despesa monetária e não monetária média mensal familiar,%,Unidade da Federação,22,Piauí,2018,Mais de 23.850 Reais,3.4 Refrigerantes e outras bebidas não alcoólicas,1.4,1.4
6972,1204,Distribuição da despesa monetária e não monetária média mensal familiar,%,Unidade da Federação,23,Ceará,2018,Mais de 23.850 Reais,3.4 Refrigerantes e outras bebidas não alcoólicas,1.6,1.6
6972,1204,Distribuição da despesa monetária e não monetária média mensal familiar,%,Unidade da Federação,24,Rio Grande do Norte,2018,Mais de 23.850 Reais,3.4 Refrigerantes e outras bebidas não alcoólicas,0.5,0.5
6972,1204,Distribuição da despesa monetária e não monetária média mensal familiar,%,Unidade da Federação,25,Paraíba,2018,Mais de 23.850 Reais,3.4 Refrigerantes e outras bebidas não alcoólicas,1.4,1.4
6972,1204,Distribuição da despesa monetária e não monetária média mensal familiar,%,Unidade da Federação,26,Pernambuco,2018,Mais de 23.850 Reais,3.4 Refrigerantes e outras bebidas não alcoólicas,0.7,0.7
6972,1204,Distribuição da despesa monetária e não monetária média mensal familiar,%,Unidade da Federação,27,Alagoas,2018,Mais de 23.850 Reais,3.4 Refrigerantes e outras bebidas não alcoólicas,0.5,0.5
6972,1204,Distribuição da despesa monetária e não monetária média mensal familiar,%,Unidade da Federação,28,Sergipe,2018,Mais de 23.850 Reais,3.4 Refrigerantes e outras bebidas não alcoólicas,3.0,3.0
6972,1204,Distribuição da despesa monetária e não monetária média mensal familiar,%,Unidade da Federação,29,Bahia,2018,Mais de 23.850 Reais,3.4 Refrigerantes e outras bebidas não alcoólicas,1.0,1.0
6972,1204,Distribuição da despesa monetária e não monetária média mensal familiar,%,Unidade da Federação,31,Minas Gerais,2018,Mais de 23.850 Reais,3.4 Refrigerantes e outras bebidas não alcoólicas,0.7,0.7
6972,1204,Distribuição da despesa monetária e não monetária média mensal familiar,%,Unidade da Federação,32,Espírito Santo,2018,Mais de 23.850 Reais,3.4 Refrigerantes e outras bebidas não alcoólicas,2.0,2.0
6972,1204,Distribuição da despesa monetária e não monetária média mensal familiar,%,Unidade da Federação,33,Rio de Janeiro,2018,Mais de 23.850 Reais,3.4 Refrigerantes e outras bebidas não alcoólicas,0.1,0.1
6972,1204,Distribuição da despesa monetária e não monetária média mensal familiar,%,Unidade da Federação,35,São Paulo,2018,Mais de 23.850 Reais,3.4 Refrigerantes e outras bebidas não alcoólicas,0.6,0.6
6972,1204,Distribuição da despesa monetária e não monetária média mensal familiar,%,Unidade da Federação,41,Paraná,2018,Mais de 23.850 Reais,3.4 Refrigerantes e outras bebidas não alcoólicas,0.9,0.9
6972,1204,Distribuição da despesa monetária e não monetária média mensal familiar,%,Unidade da Federação,42,Santa Catarina,2018,Mais de 23.850 Reais,3.4 Refrigerantes e outras bebidas não alcoólicas,1.1,1.1
6972,1204,Distribuição da despesa monetária e não monetária média mensal familiar,%,Unidade da Federação,43,Rio Grande do Sul,2018,Mais de 23.850 Reais,3.4 Refrigerantes e outras bebidas não alcoólicas,0.5,0.5
6972,1204,Distribuição da despesa monetária e não monetária média mensal familiar,%,Unidade da Federação,50,Mato Grosso do Sul,2018,Mais de 23.850 Reais,3.4 Refrigerantes e outras bebidas não alcoólicas,0.6,0.6
6972,1204,Distribuição da despesa monetária e não monetária média mensal familiar,%,Unidade da Federação,51,Mato Grosso,2018,Mais de 23.850 Reais,3.4 Refrigerantes e outras bebidas não alcoólicas,0.3,0.3
6972,1204,Distribuição da despesa monetária e não monetária média mensal familiar,%,Unidade da Federação,52,Goiás,2018,Mais de 23.850 Reais,3.4 Refrigerantes e outras bebidas não alcoólicas,1.5,1.5
6972,1204,Distribuição da despesa monetária e não monetária média mensal familiar,%,Unidade da Federação,53,Distrito Federal,2018,Mais de 23.850 Reais,3.4 Refrigerantes e outras bebidas não alcoólicas,0.8,0.8
6972,1204,Distribuição da despesa monetária e não monetária média mensal familiar,%,Brasil,1,Brasil,2018,Mais de 23.850 Reais,3.5 Lanches,3.1,3.1
6972,1204,Distribuição da despesa monetária e não monetária média mensal familiar,%,Unidade da Federação,11,Rondônia,2018,Mais de 23.850 Reais,3.5 Lanches,0.7,0.7
6972,1204,Distribuição da despesa monetária e não monetária média mensal familiar,%,Unidade da Federação,12,Acre,2018,Mais de 23.850 Reais,3.5 Lanches,0.5,0.5
6972,1204,Distribuição da despesa monetária e não monetária média mensal familiar,%,Unidade da Federação,13,Amazonas,2018,Mais de 23.850 Reais,3.5 Lanches,1.1,1.1
6972,1204,Distribuição da despesa monetária e não monetária média mensal familiar,%,Unidade da Federação,14,Roraima,2018,Mais de 23.850 Reais,3.5 Lanches,-,0.0
6972,1204,Distribuição da despesa monetária e não monetária média mensal familiar,%,Unidade da Federação,15,Pará,2018,Mais de 23.850 Reais,3.5 Lanches,1.0,1.0
6972,1204,Distribuição da despesa monetária e não monetária média mensal familiar,%,Unidade da Federação,16,Amapá,2018,Mais de 23.850 Reais,3.5 Lanches,0.5,0.5
6972,1204,Distribuição da despesa monetária e não monetária média mensal familiar,%,Unidade da Federação,17,Tocantins,2018,Mais de 23.850 Reais,3.5 Lanches,-,0.0
6972,1204,Distribuição da despesa monetária e não monetária média mensal familiar,%,Unidade da Federação,21,Maranhão,2018,Mais de 23.850 Reais,3.5 Lanches,3.3,3.3
6972,1204,Distribuição da despesa monetária e não monetária média mensal familiar,%,Unidade da Federação,22,Piauí,2018,Mais de 23.850 Reais,3.5 Lanches,1.1,1.1
6972,1204,Distribuição da despesa monetária e não monetária média mensal familiar,%,Unidade da Federação,23,Ceará,2018,Mais de 23.850 Reais,3.5 Lanches,1.2,1.2
6972,1204,Distribuição da despesa monetária e não monetária média mensal familiar,%,Unidade da Federação,24,Rio Grande do Norte,2018,Mais de 23.850 Reais,3.5 Lanches,2.8,2.8
6972,1204,Distribuição da despesa monetária e não monetária média mensal familiar,%,Unidade da Federação,25,Paraíba,2018,Mais de 23.850 Reais,3.5 Lanches,6.3,6.3
6972,1204,Distribuição da despesa monetária e não monetária média mensal familiar,%,Unidade da Federação,26,Pernambuco,2018,Mais de 23.850 Reais,3.5 Lanches,3.0,3.0
6972,1204,Distribuição da despesa monetária e não monetária média mensal familiar,%,Unidade da Federação,27,Alagoas,2018,Mais de 23.850 Reais,3.5 Lanches,1.7,1.7
6972,1204,Distribuição da despesa monetária e não monetária média mensal familiar,%,Unidade da Federação,28,Sergipe,2018,Mais de 23.850 Reais,3.5 Lanches,4.3,4.3
6972,1204,Distribuição da despesa monetária e não monetária média mensal familiar,%,Unidade da Federação,29,Bahia,2018,Mais de 23.850 Reais,3.5 Lanches,3.8,3.8
6972,1204,Distribuição da despesa monetária e não monetária média mensal familiar,%,Unidade da Federação,31,Minas Gerais,2018,Mais de 23.850 Reais,3.5 Lanches,4.1,4.1
6972,1204,Distribuição da despesa monetária e não monetária média mensal familiar,%,Unidade da Federação,32,Espírito Santo,2018,Mais de 23.850 Reais,3.5 Lanches,1.8,1.8
6972,1204,Distribuição da despesa monetária e não monetária média mensal familiar,%,Unidade da Federação,33,Rio de Janeiro,2018,Mais de 23.850 Reais,3.5 Lanches,2.4,2.4
6972,1204,Distribuição da despesa monetária e não monetária média mensal familiar,%,Unidade da Federação,35,São Paulo,2018,Mais de 23.850 Reais,3.5 Lanches,3.8,3.8
6972,1204,Distribuição da despesa monetária e não monetária média mensal familiar,%,Unidade da Federação,41,Paraná,2018,Mais de 23.850 Reais,3.5 Lanches,1.3,1.3
6972,1204,Distribuição da despesa monetária e não monetária média mensal familiar,%,Unidade da Federação,42,Santa Catarina,2018,Mais de 23.850 Reais,3.5 Lanches,1.0,1.0
6972,1204,Distribuição da despesa monetária e não monetária média mensal familiar,%,Unidade da Federação,43,Rio Grande do Sul,2018,Mais de 23.850 Reais,3.5 Lanches,2.3,2.3
6972,1204,Distribuição da despesa monetária e não monetária média mensal familiar,%,Unidade da Federação,50,Mato Grosso do Sul,2018,Mais de 23.850 Reais,3.5 Lanches,1.1,1.1
6972,1204,Distribuição da despesa monetária e não monetária média mensal familiar,%,Unidade da Federação,51,Mato Grosso,2018,Mais de 23.850 Reais,3.5 Lanches,1.4,1.4
6972,1204,Distribuição da despesa monetária e não monetária média mensal familiar,%,Unidade da Federação,52,Goiás,2018,Mais de 23.850 Reais,3.5 Lanches,1.9,1.9
6972,1204,Distribuição da despesa monetária e não monetária média mensal familiar,%,Unidade da Federação,53,Distrito Federal,2018,Mais de 23.850 Reais,3.5 Lanches,2.7,2.7
6972,1204,Distribuição da despesa monetária e não monetária média mensal familiar,%,Brasil,1,Brasil,2018,Mais de 23.850 Reais,"3.6 Cervejas, chopes e outras bebidas alcoólicas",1.1,1.1
6972,1204,Distribuição da despesa monetária e não monetária média mensal familiar,%,Unidade da Federação,11,Rondônia,2018,Mais de 23.850 Reais,"3.6 Cervejas, chopes e outras bebidas alcoólicas",3.2,3.2
6972,1204,Distribuição da despesa monetária e não monetária média mensal familiar,%,Unidade da Federação,12,Acre,2018,Mais de 23.850 Reais,"3.6 Cervejas, chopes e outras bebidas alcoólicas",-,0.0
6972,1204,Distribuição da despesa monetária e não monetária média mensal familiar,%,Unidade da Federação,13,Amazonas,2018,Mais de 23.850 Reais,"3.6 Cervejas, chopes e outras bebidas alcoólicas",2.2,2.2
6972,1204,Distribuição da despesa monetária e não monetária média mensal familiar,%,Unidade da Federação,14,Roraima,2018,Mais de 23.850 Reais,"3.6 Cervejas, chopes e outras bebidas alcoólicas",-,0.0
6972,1204,Distribuição da despesa monetária e não monetária média mensal familiar,%,Unidade da Federação,15,Pará,2018,Mais de 23.850 Reais,"3.6 Cervejas, chopes e outras bebidas alcoólicas",-,0.0
6972,1204,Distribuição da despesa monetária e não monetária média mensal familiar,%,Unidade da Federação,16,Amapá,2018,Mais de 23.850 Reais,"3.6 Cervejas, chopes e outras bebidas alcoólicas",0.5,0.5
6972,1204,Distribuição da despesa monetária e não monetária média mensal familiar,%,Unidade da Federação,17,Tocantins,2018,Mais de 23.850 Reais,"3.6 Cervejas, chopes e outras bebidas alcoólicas",-,0.0
6972,1204,Distribuição da despesa monetária e não monetária média mensal familiar,%,Unidade da Federação,21,Maranhão,2018,Mais de 23.850 Reais,"3.6 Cervejas, chopes e outras bebidas alcoólicas",1.0,1.0
6972,1204,Distribuição da despesa monetária e não monetária média mensal familiar,%,Unidade da Federação,22,Piauí,2018,Mais de 23.850 Reais,"3.6 Cervejas, chopes e outras bebidas alcoólicas",35.9,35.9
6972,1204,Distribuição da despesa monetária e não monetária média mensal familiar,%,Unidade da Federação,23,Ceará,2018,Mais de 23.850 Reais,"3.6 Cervejas, chopes e outras bebidas alcoólicas",0.1,0.1
6972,1204,Distribuição da despesa monetária e não monetária média mensal familiar,%,Unidade da Federação,24,Rio Grande do Norte,2018,Mais de 23.850 Reais,"3.6 Cervejas, chopes e outras bebidas alcoólicas",0.3,0.3
6972,1204,Distribuição da despesa monetária e não monetária média mensal familiar,%,Unidade da Federação,25,Paraíba,2018,Mais de 23.850 Reais,"3.6 Cervejas, chopes e outras bebidas alcoólicas",0.1,0.1
6972,1204,Distribuição da despesa monetária e não monetária média mensal familiar,%,Unidade da Federação,26,Pernambuco,2018,Mais de 23.850 Reais,"3.6 Cervejas, chopes e outras bebidas alcoólicas",0.2,0.2
6972,1204,Distribuição da despesa monetária e não monetária média mensal familiar,%,Unidade da Federação,27,Alagoas,2018,Mais de 23.850 Reais,"3.6 Cervejas, chopes e outras bebidas alcoólicas",-,0.0
6972,1204,Distribuição da despesa monetária e não monetária média mensal familiar,%,Unidade da Federação,28,Sergipe,2018,Mais de 23.850 Reais,"3.6 Cervejas, chopes e outras bebidas alcoólicas",2.5,2.5
6972,1204,Distribuição da despesa monetária e não monetária média mensal familiar,%,Unidade da Federação,29,Bahia,2018,Mais de 23.850 Reais,"3.6 Cervejas, chopes e outras bebidas alcoólicas",1.1,1.1
6972,1204,Distribuição da despesa monetária e não monetária média mensal familiar,%,Unidade da Federação,31,Minas Gerais,2018,Mais de 23.850 Reais,"3.6 Cervejas, chopes e outras bebidas alcoólicas",0.8,0.8
6972,1204,Distribuição da despesa monetária e não monetária média mensal familiar,%,Unidade da Federação,32,Espírito Santo,2018,Mais de 23.850 Reais,"3.6 Cervejas, chopes e outras bebidas alcoólicas",4.1,4.1
6972,1204,Distribuição da despesa monetária e não monetária média mensal familiar,%,Unidade da Federação,33,Rio de Janeiro,2018,Mais de 23.850 Reais,"3.6 Cervejas, chopes e outras bebidas alcoólicas",0.7,0.7
6972,1204,Distribuição da despesa monetária e não monetária média mensal familiar,%,Unidade da Federação,35,São Paulo,2018,Mais de 23.850 Reais,"3.6 Cervejas, chopes e outras bebidas alcoólicas",0.8,0.8
6972,1204,Distribuição da despesa monetária e não monetária média mensal familiar,%,Unidade da Federação,41,Paraná,2018,Mais de 23.850 Reais,"3.6 Cervejas, chopes e outras bebidas alcoólicas",1.1,1.1
6972,1204,Distribuição da despesa monetária e não monetária média mensal familiar,%,Unidade da Federação,42,Santa Catarina,2018,Mais de 23.850 Reais,"3.6 Cervejas, chopes e outras bebidas alcoólicas",6.7,6.7
6972,1204,Distribuição da despesa monetária e não monetária média mensal familiar,%,Unidade da Federação,43,Rio Grande do Sul,2018,Mais de 23.850 Reais,"3.6 Cervejas, chopes e outras bebidas alcoólicas",0.2,0.2
6972,1204,Distribuição da despesa monetária e não monetária média mensal familiar,%,Unidade da Federação,50,Mato Grosso do Sul,2018,Mais de 23.850 Reais,"3.6 Cervejas, chopes e outras bebidas alcoólicas",0.3,0.3
6972,1204,Distribuição da despesa monetária e não monetária média mensal familiar,%,Unidade da Federação,51,Mato Grosso,2018,Mais de 23.850 Reais,"3.6 Cervejas, chopes e outras bebidas alcoólicas",0.5,0.5
6972,1204,Distribuição da despesa monetária e não monetária média mensal familiar,%,Unidade da Federação,52,Goiás,2018,Mais de 23.850 Reais,"3.6 Cervejas, chopes e outras bebidas alcoólicas",0.5,0.5
6972,1204,Distribuição da despesa monetária e não monetária média mensal familiar,%,Unidade da Federação,53,Distrito Federal,2018,Mais de 23.850 Reais,"3.6 Cervejas, chopes e outras bebidas alcoólicas",0.7,0.7
6972,1204,Distribuição da despesa monetária e não monetária média mensal familiar,%,Brasil,1,Brasil,2018,Mais de 23.850 Reais,3.8 Alimentação fora do domicílio - light e diet,0.0,0.0
6972,1204,Distribuição da despesa monetária e não monetária média mensal familiar,%,Unidade da Federação,11,Rondônia,2018,Mais de 23.850 Reais,3.8 Alimentação fora do domicílio - light e diet,-,0.0
6972,1204,Distribuição da despesa monetária e não monetária média mensal familiar,%,Unidade da Federação,12,Acre,2018,Mais de 23.850 Reais,3.8 Alimentação fora do domicílio - light e diet,-,0.0
6972,1204,Distribuição da despesa monetária e não monetária média mensal familiar,%,Unidade da Federação,13,Amazonas,2018,Mais de 23.850 Reais,3.8 Alimentação fora do domicílio - light e diet,-,0.0
6972,1204,Distribuição da despesa monetária e não monetária média mensal familiar,%,Unidade da Federação,14,Roraima,2018,Mais de 23.850 Reais,3.8 Alimentação fora do domicílio - light e diet,-,0.0
6972,1204,Distribuição da despesa monetária e não monetária média mensal familiar,%,Unidade da Federação,15,Pará,2018,Mais de 23.850 Reais,3.8 Alimentação fora do domicílio - light e diet,-,0.0
6972,1204,Distribuição da despesa monetária e não monetária média mensal familiar,%,Unidade da Federação,16,Amapá,2018,Mais de 23.850 Reais,3.8 Alimentação fora do domicílio - light e diet,-,0.0
6972,1204,Distribuição da despesa monetária e não monetária média mensal familiar,%,Unidade da Federação,17,Tocantins,2018,Mais de 23.850 Reais,3.8 Alimentação fora do domicílio - light e diet,-,0.0
6972,1204,Distribuição da despesa monetária e não monetária média mensal familiar,%,Unidade da Federação,21,Maranhão,2018,Mais de 23.850 Reais,3.8 Alimentação fora do domicílio - light e diet,-,0.0
6972,1204,Distribuição da despesa monetária e não monetária média mensal familiar,%,Unidade da Federação,22,Piauí,2018,Mais de 23.850 Reais,3.8 Alimentação fora do domicílio - light e diet,-,0.0
6972,1204,Distribuição da despesa monetária e não monetária média mensal familiar,%,Unidade da Federação,23,Ceará,2018,Mais de 23.850 Reais,3.8 Alimentação fora do domicílio - light e diet,-,0.0
6972,1204,Distribuição da despesa monetária e não monetária média mensal familiar,%,Unidade da Federação,24,Rio Grande do Norte,2018,Mais de 23.850 Reais,3.8 Alimentação fora do domicílio - light e diet,-,0.0
6972,1204,Distribuição da despesa monetária e não monetária média mensal familiar,%,Unidade da Federação,25,Paraíba,2018,Mais de 23.850 Reais,3.8 Alimentação fora do domicílio - light e diet,0.2,0.2
6972,1204,Distribuição da despesa monetária e não monetária média mensal familiar,%,Unidade da Federação,26,Pernambuco,2018,Mais de 23.850 Reais,3.8 Alimentação fora do domicílio - light e diet,-,0.0
6972,1204,Distribuição da despesa monetária e não monetária média mensal familiar,%,Unidade da Federação,27,Alagoas,2018,Mais de 23.850 Reais,3.8 Alimentação fora do domicílio - light e diet,-,0.0
6972,1204,Distribuição da despesa monetária e não monetária média mensal familiar,%,Unidade da Federação,28,Sergipe,2018,Mais de 23.850 Reais,3.8 Alimentação fora do domicílio - light e diet,-,0.0
6972,1204,Distribuição da despesa monetária e não monetária média mensal familiar,%,Unidade da Federação,29,Bahia,2018,Mais de 23.850 Reais,3.8 Alimentação fora do domicílio - light e diet,0.1,0.1
6972,1204,Distribuição da despesa monetária e não monetária média mensal familiar,%,Unidade da Federação,31,Minas Gerais,2018,Mais de 23.850 Reais,3.8 Alimentação fora do domicílio - light e diet,0.0,0.0
6972,1204,Distribuição da despesa monetária e não monetária média mensal familiar,%,Unidade da Federação,32,Espírito Santo,2018,Mais de 23.850 Reais,3.8 Alimentação fora do domicílio - light e diet,-,0.0
6972,1204,Distribuição da despesa monetária e não monetária média mensal familiar,%,Unidade da Federação,33,Rio de Janeiro,2018,Mais de 23.850 Reais,3.8 Alimentação fora do domicílio - light e diet,0.0,0.0
6972,1204,Distribuição da despesa monetária e não monetária média mensal familiar,%,Unidade da Federação,35,São Paulo,2018,Mais de 23.850 Reais,3.8 Alimentação fora do domicílio - light e diet,0.1,0.1
6972,1204,Distribuição da despesa monetária e não monetária média mensal familiar,%,Unidade da Federação,41,Paraná,2018,Mais de 23.850 Reais,3.8 Alimentação fora do domicílio - light e diet,0.1,0.1
6972,1204,Distribuição da despesa monetária e não monetária média mensal familiar,%,Unidade da Federação,42,Santa Catarina,2018,Mais de 23.850 Reais,3.8 Alimentação fora do domicílio - light e diet,0.0,0.0
6972,1204,Distribuição da despesa monetária e não monetária média mensal familiar,%,Unidade da Federação,43,Rio Grande do Sul,2018,Mais de 23.850 Reais,3.8 Alimentação fora do domicílio - light e diet,0.1,0.1
6972,1204,Distribuição da despesa monetária e não monetária média mensal familiar,%,Unidade da Federação,50,Mato Grosso do Sul,2018,Mais de 23.850 Reais,3.8 Alimentação fora do domicílio - light e diet,0.0,0.0
6972,1204,Distribuição da despesa monetária e não monetária média mensal familiar,%,Unidade da Federação,51,Mato Grosso,2018,Mais de 23.850 Reais,3.8 Alimentação fora do domicílio - light e diet,-,0.0
6972,1204,Distribuição da despesa monetária e não monetária média mensal familiar,%,Unidade da Federação,52,Goiás,2018,Mais de 23.850 Reais,3.8 Alimentação fora do domicílio - light e diet,0.0,0.0
6972,1204,Distribuição da despesa monetária e não monetária média mensal familiar,%,Unidade da Federação,53,Distrito Federal,2018,Mais de 23.850 Reais,3.8 Alimentação fora do domicílio - light e diet,-,0.0
6972,1204,Distribuição da despesa monetária e não monetária média mensal familiar,%,Brasil,1,Brasil,2018,Mais de 23.850 Reais,3.9 Outras,1.8,1.8
6972,1204,Distribuição da despesa monetária e não monetária média mensal familiar,%,Unidade da Federação,11,Rondônia,2018,Mais de 23.850 Reais,3.9 Outras,1.1,1.1
6972,1204,Distribuição da despesa monetária e não monetária média mensal familiar,%,Unidade da Federação,12,Acre,2018,Mais de 23.850 Reais,3.9 Outras,0.0,0.0
6972,1204,Distribuição da despesa monetária e não monetária média mensal familiar,%,Unidade da Federação,13,Amazonas,2018,Mais de 23.850 Reais,3.9 Outras,0.2,0.2
6972,1204,Distribuição da despesa monetária e não monetária média mensal familiar,%,Unidade da Federação,14,Roraima,2018,Mais de 23.850 Reais,3.9 Outras,-,0.0
6972,1204,Distribuição da despesa monetária e não monetária média mensal familiar,%,Unidade da Federação,15,Pará,2018,Mais de 23.850 Reais,3.9 Outras,0.2,0.2
6972,1204,Distribuição da despesa monetária e não monetária média mensal familiar,%,Unidade da Federação,16,Amapá,2018,Mais de 23.850 Reais,3.9 Outras,1.6,1.6
6972,1204,Distribuição da despesa monetária e não monetária média mensal familiar,%,Unidade da Federação,17,Tocantins,2018,Mais de 23.850 Reais,3.9 Outras,-,0.0
6972,1204,Distribuição da despesa monetária e não monetária média mensal familiar,%,Unidade da Federação,21,Maranhão,2018,Mais de 23.850 Reais,3.9 Outras,1.7,1.7
6972,1204,Distribuição da despesa monetária e não monetária média mensal familiar,%,Unidade da Federação,22,Piauí,2018,Mais de 23.850 Reais,3.9 Outras,4.3,4.3
6972,1204,Distribuição da despesa monetária e não monetária média mensal familiar,%,Unidade da Federação,23,Ceará,2018,Mais de 23.850 Reais,3.9 Outras,1.7,1.7
6972,1204,Distribuição da despesa monetária e não monetária média mensal familiar,%,Unidade da Federação,24,Rio Grande do Norte,2018,Mais de 23.850 Reais,3.9 Outras,1.0,1.0
6972,1204,Distribuição da despesa monetária e não monetária média mensal familiar,%,Unidade da Federação,25,Paraíba,2018,Mais de 23.850 Reais,3.9 Outras,0.9,0.9
6972,1204,Distribuição da despesa monetária e não monetária média mensal familiar,%,Unidade da Federação,26,Pernambuco,2018,Mais de 23.850 Reais,3.9 Outras,2.0,2.0
6972,1204,Distribuição da despesa monetária e não monetária média mensal familiar,%,Unidade da Federação,27,Alagoas,2018,Mais de 23.850 Reais,3.9 Outras,0.0,0.0
6972,1204,Distribuição da despesa monetária e não monetária média mensal familiar,%,Unidade da Federação,28,Sergipe,2018,Mais de 23.850 Reais,3.9 Outras,3.2,3.2
6972,1204,Distribuição da despesa monetária e não monetária média mensal familiar,%,Unidade da Federação,29,Bahia,2018,Mais de 23.850 Reais,3.9 Outras,0.7,0.7
6972,1204,Distribuição da despesa monetária e não monetária média mensal familiar,%,Unidade da Federação,31,Minas Gerais,2018,Mais de 23.850 Reais,3.9 Outras,1.7,1.7
6972,1204,Distribuição da despesa monetária e não monetária média mensal familiar,%,Unidade da Federação,32,Espírito Santo,2018,Mais de 23.850 Reais,3.9 Outras,0.6,0.6
6972,1204,Distribuição da despesa monetária e não monetária média mensal familiar,%,Unidade da Federação,33,Rio de Janeiro,2018,Mais de 23.850 Reais,3.9 Outras,0.4,0.4
6972,1204,Distribuição da despesa monetária e não monetária média mensal familiar,%,Unidade da Federação,35,São Paulo,2018,Mais de 23.850 Reais,3.9 Outras,2.0,2.0
6972,1204,Distribuição da despesa monetária e não monetária média mensal familiar,%,Unidade da Federação,41,Paraná,2018,Mais de 23.850 Reais,3.9 Outras,1.5,1.5
6972,1204,Distribuição da despesa monetária e não monetária média mensal familiar,%,Unidade da Federação,42,Santa Catarina,2018,Mais de 23.850 Reais,3.9 Outras,1.4,1.4
6972,1204,Distribuição da despesa monetária e não monetária média mensal familiar,%,Unidade da Federação,43,Rio Grande do Sul,2018,Mais de 23.850 Reais,3.9 Outras,0.6,0.6
6972,1204,Distribuição da despesa monetária e não monetária média mensal familiar,%,Unidade da Federação,50,Mato Grosso do Sul,2018,Mais de 23.850 Reais,3.9 Outras,3.9,3.9
6972,1204,Distribuição da despesa monetária e não monetária média mensal familiar,%,Unidade da Federação,51,Mato Grosso,2018,Mais de 23.850 Reais,3.9 Outras,0.7,0.7
6972,1204,Distribuição da despesa monetária e não monetária média mensal familiar,%,Unidade da Federação,52,Goiás,2018,Mais de 23.850 Reais,3.9 Outras,3.3,3.3
6972,1204,Distribuição da despesa monetária e não monetária média mensal familiar,%,Unidade da Federação,53,Distrito Federal,2018,Mais de 23.850 Reais,3.9 Outras,3.9,3.9
