id_jogo,nm_jogo,ano_publicacao,ano_nacional,qt_jogadores_min,qt_jogadores_max,vl_tempo_jogo,idade_minima,qt_tem,qt_teve,qt_favorito,qt_quer,qt_jogou,n_mecanicas,mecanicas,n_categorias,categorias,temas,link,tx_retencao,idx_desejo,tx_fidelizacao,diversidade_mecanica,amplitude_publico,nota_media,nota_rank,qt_avaliacoes,tx_satisfacao,tx_conversao
23610,Chronicles of Drunagor: Age of Darkness,2021,,1,5.0,120,12,145,20,24,341,78,9,Cooperativo;Rolagem de Dados;Jogadores com Diferentes Habilidades;Jogo em Equipe;Narração de Histórias;RPG;Tabuleiro Modular;Cenário / Missão / Campanha;Acertos e Falhas Críticas,2,Miniaturas;Dungeon Crawler,Fantasia;Medieval,https://ludopedia.com.br/jogo/chronicles-of-drunagor-age-of-darkness,0.8787878787878788,2.3517241379310345,0.1655172413793103,9,4.0,9.53,7.69,46,1.9166666666666667,0.09465020576131687
63567,Brass Birmingham: Deluxe Edition,2018,2021.0,2,4.0,120,14,485,14,54,160,371,11,Colocação de Peças;Gerenciamento de Mãos;Árvores / Trilhas de Tecnologia;Cartas Multiuso;Construção de Redes e Rotas;Empréstimos;Marcas;Mercado;Ordem de Turno: Baseado em Estatísticas;Preparação Variável;Rendimentos,1,Expansão ou Suplemento,Economia / Produção,https://ludopedia.com.br/jogo/brass-birmingham-deluxe-edition,0.9719438877755512,0.3298969072164948,0.111340206185567,11,2.0,9.51,8.61,144,2.6666666666666665,0.22325581395348837
71292,Dungeon Hunters,2026,2026.0,1,5.0,40,12,66,0,9,58,33,1,Gerenciamento de Mãos,0,,Fantasia,https://ludopedia.com.br/jogo/dungeon-hunters,1.0,0.8787878787878788,0.1363636363636363,1,4.0,9.5,6.89,17,1.8888888888888888,0.13709677419354838
78916,Monstros & Tesouros - Campos de Batalha,2026,2026.0,1,4.0,120,14,134,6,7,104,29,11,Cenário / Missão / Campanha;Cooperativo;Eliminação de Jogadores;Grade Hexagonal;Jogadores com Diferentes Habilidades;Movimento Ponto-a-Ponto;Múltiplos Mapas;Rolagem de Dados;Seleção de Ação;Solo / Solitário;Tabuleiro Modular,2,Jogo de Guerra;Miniaturas,Fantasia;Medieval,https://ludopedia.com.br/jogo/monstros-tesouros-campos-de-batalha,0.9571428571428572,0.7761194029850746,0.0522388059701492,11,3.0,9.46,6.92,18,2.5714285714285716,0.07563025210084033
22766,Oathsworn: Into the Deepwood,2022,2025.0,1,4.0,120,14,60,5,16,427,26,10,"Construção de Baralho, Bolsas e Peças;Cooperativo;Force sua sorte;Jogadores com Diferentes Habilidades;Reconhecimento de Padrões;RPG;Pontos de Ação;Tabuleiro Modular;Cenário / Missão / Campanha;Rolagem de Dados",2,Jogo de Cartas;Miniaturas,Adulto;Aventura;Fantasia;Mitologia,https://ludopedia.com.br/jogo/oathsworn-into-the-deepwood,0.9230769230769232,7.116666666666666,0.2666666666666666,10,3.0,9.46,6.76,14,0.875,0.028747433264887063
78912,Trickerion: Anniversary Edition,2025,2026.0,1,4.0,180,14,212,3,21,104,157,6,"Alocação de Diferentes Tipos de Trabalhadores;Alocação de Trabalhadores;Construção de Baralho, Bolsas e Peças;Fila de Ações;Pontos de Ação;Seleção de Ação Simultânea",0,,História,https://ludopedia.com.br/jogo/trickerion-anniversary-edition,0.986046511627907,0.490566037735849,0.0990566037735849,6,3.0,9.45,7.69,48,2.2857142857142856,0.1518987341772152
68765,Ovelha em pele de lobo,2025,2025.0,2,5.0,10,8,35,0,12,16,51,6,Colecionar Conjuntos;Combinação;Pegar e Entregar;Toma Essa;Reconhecimento de Padrões;Gerenciamento de Mãos,2,Jogo de Cartas;Jogo de Entrada,Animais;Arte;Educacional,https://ludopedia.com.br/jogo/ovelha-em-pele-de-lobo,1.0,0.4571428571428571,0.3428571428571428,6,3.0,9.43,7.41,35,2.9166666666666665,0.6862745098039216
63763,Hegemony: Lead Your Class to Victory,2023,,2,4.0,180,14,61,6,7,188,153,7,Ação / Evento;Gerenciamento de Mãos;Jogadores com Diferentes Habilidades;Simulação;Votação;Alocação de Diferentes Tipos de Trabalhadores;Papéis com Informações Assimétricas,0,,Economia / Produção;Educacional;Política,https://ludopedia.com.br/jogo/hegemony-lead-your-class-to-victory,0.9104477611940298,3.081967213114754,0.1147540983606557,7,2.0,9.42,7.5,39,5.571428571428571,0.1566265060240964
68336,Cthulhu: Ecos de R'lyeh,2027,2027.0,1,5.0,45,12,20,1,46,113,53,9,Ação / Evento;Cooperativo;Eventos;Jogadores com Diferentes Habilidades;Movimento Ponto-a-Ponto;Resolução com Testes de Estatísticas;Rolagem de Dados;RPG;Solo / Solitário,4,Jogo de Cartas;Jogo de Dados;Miniaturas;Dungeon Crawler,Aventura;Cultura Pop ou Geek;Ficção Científica;História;Horror/Terror;Literatura;Mitologia,https://ludopedia.com.br/jogo/cthulhu-ecos-de-r-lyeh,0.9523809523809524,5.65,2.3,9,4.0,9.41,7.87,61,1.326086956521739,0.45864661654135336
49740,Clank! Legacy 2: Acquisitions Incorporated - Darkest Magic,2024,,2,4.0,100,8,34,5,4,74,42,4,"Construção de Baralho, Bolsas e Peças;Force sua sorte;Legado;Cooperativo",0,,Aventura;Fantasia,https://ludopedia.com.br/jogo/clank-legacy-2-acquisitions-incorporated-darkest-magic,0.8717948717948718,2.176470588235294,0.1176470588235294,4,2.0,9.41,6.75,14,3.5,0.12962962962962962
23735,Vitruvius,2025,2025.0,2,4.0,40,8,46,3,12,57,56,2,Colocação de Peças;Gerenciamento de Mãos,2,Estratégia Abstrata;Jogo Festivo,Arte;Civilização,https://ludopedia.com.br/jogo/vitruvius,0.9387755102040816,1.2391304347826086,0.2608695652173913,2,2.0,9.39,7.32,32,2.6666666666666665,0.3106796116504854
79997,Ordem ao Caos,2026,2026.0,2,6.0,30,14,25,1,0,35,45,2,Gerenciamento de Mãos;Toma Essa,2,Jogo de Cartas;Jogo Festivo,Animais;Humor,https://ludopedia.com.br/jogo/ordem-ao-caos,0.9615384615384616,1.4,0.0,2,4.0,9.39,7.48,39,,0.65
76783,Looter's Escape,2024,2024.0,2,5.0,30,14,24,0,4,7,24,5,"Apostas e Blefes;Compra Fechada;Construção de Baralho, Bolsas e Peças;Corrida;Negociação",2,Jogo de Cartas;Carteado,Transportes;Aventura;Cultura Pop ou Geek;Fantasia;Piratas,https://ludopedia.com.br/jogo/looter-s-escape,1.0,0.2916666666666667,0.1666666666666666,5,3.0,9.38,6.86,17,4.25,0.5483870967741935
21690,Aeon's End: The New Age,2019,,1,4.0,60,14,95,15,9,63,63,5,"Construção de Baralho, Bolsas e Peças;Cooperativo;Gerenciamento de Mãos;Jogadores com Diferentes Habilidades;Ordem de Fases Variável",2,Expansão ou Suplemento;Jogo de Cartas,Ficção Científica;Fantasia,https://ludopedia.com.br/jogo/aeon-s-end-the-new-age,0.8636363636363636,0.6631578947368421,0.0947368421052631,5,3.0,9.38,7.13,25,2.7777777777777777,0.15822784810126583
42139,Porta das Lendas,2023,2023.0,2,4.0,15,9,38,1,6,49,22,4,Movimento Programado;Colecionar Conjuntos;Memória;Reconhecimento de Padrões,3,Jogo de Entrada;Jogo Festivo;Quebra-Cabeça,Aventura;Cultura Brasileira;Fantasia;História;Literatura;Meio Ambiente;Mitologia,https://ludopedia.com.br/jogo/porta-das-lendas,0.9743589743589745,1.2894736842105263,0.1578947368421052,4,2.0,9.37,6.93,19,3.1666666666666665,0.21839080459770116
86634,Drag Slay - Edição Rupaul's DragCon Brasil 2026,2026,2026.0,2,6.0,20,14,56,0,6,35,57,5,Colecionar Conjuntos;Corrida;Gerenciamento de Mãos;Negociação;Tempo Real,3,Colecionável;Jogo de Cartas;Jogo de Entrada,Arte;Cultura Pop ou Geek,https://ludopedia.com.br/jogo/drag-slay-edicao-rupaul-s-dragcon-brasil-2026,1.0,0.625,0.1071428571428571,5,4.0,9.37,7.79,57,9.5,0.6263736263736264
85746,Petisco,2026,2026.0,3,6.0,45,14,2,0,13,22,41,3,Ação / Evento;Rolagem de Dados;Votação,1,Jogo de Cartas,Adulto;Animais;Cultura Brasileira;Humor,https://ludopedia.com.br/jogo/petisco,1.0,11.0,6.5,3,3.0,9.35,7.09,24,1.8461538461538463,1.0
15655,Aether,2024,2026.0,1,4.0,40,14,1,1,10,202,42,3,Jogadores com Diferentes Habilidades;Movimento em Grades;Reconhecimento de Padrões,2,Estratégia Abstrata;Jogo Assimétrico,Fantasia,https://ludopedia.com.br/jogo/aether,0.5,202.0,10.0,3,3.0,9.35,7.43,37,3.7,0.18226600985221675
63556,Puerto Rico 1897: Edição Especial ,2025,2026.0,1,5.0,120,14,645,10,69,526,886,8,Bônus de Fim de Jogo;Ordem de Fases Variável;Ordem do Turno: Progressivo;Pontos de Vitória Ocultos;Seguir Ação;Seleção de Ação;Valorização dos Recursos Não Escolhidos;Solo / Solitário,1,Miniaturas,Economia / Produção,https://ludopedia.com.br/jogo/puerto-rico-1897-special-edition,0.9847328244274808,0.8155038759689922,0.1069767441860465,8,4.0,9.34,8.78,250,3.6231884057971016,0.2134927412467976
35379,Terra Mystica: Big Box 2022,2022,2025.0,1,5.0,150,14,226,15,29,216,132,10,Construção de Redes e Rotas;Jogadores com Diferentes Habilidades;Árvores / Trilhas de Tecnologia;Bônus de Fim de Jogo;Grade Hexagonal;Ordem do Turno: Ordem de Passe;Pontos de Vitória como Recurso;Valorização dos Recursos Não Escolhidos;Preparação Variável;Rendimentos,1,Jogo Assimétrico,Civilização;Economia / Produção;Fantasia,https://ludopedia.com.br/jogo/terra-mystica-big-box-2022,0.9377593360995852,0.9557522123893806,0.1283185840707964,10,4.0,9.34,7.96,71,2.4482758620689653,0.16063348416289594
34266,HeroQuest Game System,2021,2026.0,2,5.0,90,14,96,2,13,82,34,7,Jogadores com Diferentes Habilidades;Movimento em Grades;Rolagem de Dados;Rolar / Girar e Mover;RPG;Tabuleiro Modular;Cenário / Missão / Campanha,1,Dungeon Crawler,Aventura;Fantasia;Medieval,https://ludopedia.com.br/jogo/heroquest-game-system,0.979591836734694,0.8541666666666666,0.1354166666666666,7,3.0,9.32,7.01,22,1.6923076923076923,0.12359550561797752
50473,Terra Mystica: Era da Inovação,2023,2025.0,1,5.0,200,14,644,47,132,1099,1041,4,Grade Hexagonal;Jogadores com Diferentes Habilidades;Ordem do Turno: Ordem de Passe;Pontos de Vitória como Recurso,0,,Fantasia,https://ludopedia.com.br/jogo/age-of-innovation,0.9319826338639652,1.7065217391304348,0.2049689440993788,4,4.0,9.31,8.86,315,2.3863636363636362,0.18072289156626506
44772,Calamandara,2024,2024.0,2,4.0,90,13,295,14,41,315,237,10,Corrida;Gerenciamento de Mãos;Eventos;Movimento em Grades;Toma Essa;Captura de Peças;Colocação de Peças;Fim por Morte Súbita;Grade com Quadrados;Tabuleiro Modular,2,Estratégia Abstrata;Jogo de Cartas,Aventura;Fantasia;Literatura,https://ludopedia.com.br/jogo/calamandara,0.9546925566343042,1.0677966101694916,0.1389830508474576,10,2.0,9.27,8.37,132,3.2195121951219514,0.21639344262295082
24320,Seven Galaxies,2020,2020.0,2,6.0,30,10,124,9,26,48,42,4,Gerenciamento de Mãos;Eliminação de Jogadores;Jogadores com Diferentes Habilidades;Toma Essa,2,Colecionável;Jogo de Cartas,Ficção Científica;Fantasia,https://ludopedia.com.br/jogo/seven-galaxies,0.9323308270676692,0.3870967741935484,0.2096774193548387,4,4.0,9.26,7.58,47,1.8076923076923077,0.27325581395348836
77106,Everdell Silverfrost,2025,2026.0,1,4.0,60,10,213,3,20,401,160,4,Colecionar Conjuntos;Gerenciamento de Mãos;Alocação de Trabalhadores;Compra Aberta,0,,Animais;Fantasia,https://ludopedia.com.br/jogo/everdell-silverfrost,0.9861111111111112,1.8826291079812207,0.0938967136150234,4,3.0,9.26,7.41,38,1.9,0.06188925081433225
63293,Velociraptores,2024,2024.0,2,4.0,15,5,58,2,60,95,73,3,Grade com Quadrados;Impulso de Área;Movimento de Área,1,Jogo Festivo,Educacional;Esportes;Fantasia;Humor;Pré-Histórico,https://ludopedia.com.br/jogo/velociraptores,0.9666666666666668,1.637931034482759,1.0344827586206895,3,2.0,9.25,7.96,76,1.2666666666666666,0.49673202614379086
85965,Nippon: Zaibatsu - Edição Imperial,2026,2026.0,1,4.0,120,12,134,0,10,82,242,6,Alocação de Diferentes Tipos de Trabalhadores;Alocação de Trabalhadores;Bônus de Fim de Jogo;Contratos;Influência / Maioria na Área;Solo / Solitário,0,,Cultura Oriental;Economia / Produção,https://ludopedia.com.br/jogo/nippon-zaibatsu-emperor-s-edition,1.0,0.6119402985074627,0.0746268656716417,6,3.0,9.25,7.69,54,5.4,0.25
53416,Ticket to Ride Legacy: Lendas do Oeste,2023,2023.0,2,5.0,90,10,694,42,64,813,758,10,Bônus de Fim de Jogo;Colecionar Conjuntos;Compra Aberta;Conexões;Construção de Redes e Rotas;Contratos;Force sua sorte;Gerenciamento de Mãos;Legado;Compra Fechada,1,Jogo Assimétrico,Transportes,https://ludopedia.com.br/jogo/ticket-to-ride-legacy-legends-of-the-west,0.9429347826086956,1.1714697406340058,0.0922190201729106,10,3.0,9.25,8.69,241,3.765625,0.15992037159920372
78018,Unmatched: Battle of Legends - Volume 3,2025,2026.0,2,4.0,40,9,58,1,5,151,32,7,Gerenciamento de Mãos;Jogadores com Diferentes Habilidades;Movimento de Área;Jogo em Equipe;Linha de Visão;Pontos de Ação;Resolução de Conflitos por Cartas,2,Jogo de Cartas;Miniaturas,Fantasia;Literatura;Luta / Artes Marciais;Mitologia,https://ludopedia.com.br/jogo/unmatched-battle-of-legends-volume-3,0.9830508474576272,2.603448275862069,0.0862068965517241,7,2.0,9.24,6.71,14,2.8,0.06698564593301436
41691,Life of the Amazonia,2023,,1,4.0,120,14,50,3,5,241,96,4,"Colecionar Conjuntos;Colocação de Peças;Construção a partir de Modelo;Construção de Baralho, Bolsas e Peças",1,Quebra-Cabeça,Animais;Meio Ambiente,https://ludopedia.com.br/jogo/life-of-the-amazonia,0.9433962264150944,4.82,0.1,4,3.0,9.23,7.02,23,4.6,0.07903780068728522
31155,Voidfall,2023,2025.0,1,4.0,180,14,447,34,62,625,412,11,Gerenciamento de Mãos;Jogadores com Diferentes Habilidades;Movimento em Grades;Pontos de Ação;Tabuleiro Modular;Impulso de Área;Cartas de Comando;Cooperativo;Eventos;Grade Hexagonal;Solo / Solitário,1,4x,Civilização;Economia / Produção;Ficção Científica,https://ludopedia.com.br/jogo/voidfall,0.9293139293139292,1.3982102908277405,0.1387024608501118,11,3.0,9.22,8.34,133,2.1451612903225805,0.12406716417910447
64632,Irmã Nuna,2025,2025.0,2,4.0,50,12,80,5,4,33,79,5,Ação / Evento;Jogadores com Diferentes Habilidades;Ordem do Turno: Progressivo;Rolagem de Dados;Toma Essa,0,,Fantasia;Horror/Terror;Cultura Brasileira,https://ludopedia.com.br/jogo/irma-nuna,0.9411764705882352,0.4125,0.05,5,2.0,9.15,7.25,33,8.25,0.2920353982300885
68442,Protocolo Scintilla,2026,2026.0,2,4.0,150,12,52,4,8,153,66,13,Colecionar Conjuntos;Compra Aberta;Gerenciamento de Mãos;Ordem do Turno: Ação de Reivindicação;Pontos de Movimento;Encadeamento;Contratos;Movimento em Trilha;Movimento Ponto-a-Ponto;Preparação Variável;Valorização dos Recursos Não Escolhidos;Cobertura de Grade;Colocação de Peças,0,,Ficção Científica,https://ludopedia.com.br/jogo/protocolo-scintilla,0.9285714285714286,2.9423076923076925,0.1538461538461538,13,2.0,9.15,7.16,29,3.625,0.14146341463414633
57167,Orchestra,2026,2026.0,2,4.0,120,14,70,0,9,173,87,14,Alocação de Diferentes Tipos de Trabalhadores;Alocação de Trabalhadores;Bônus de Fim de Jogo;Cobertura de Grade;Colecionar Conjuntos;Colocação de Peças;Conexões;Construção a partir de Modelo;Construção de Redes e Rotas;Corrida;Grade com Quadrados;Influência / Maioria na Área;Jogadores com Diferentes Habilidades;Reconhecimento de Padrões,0,,Arte,https://ludopedia.com.br/jogo/orchestra,1.0,2.4714285714285715,0.1285714285714285,14,2.0,9.15,7.1,27,3.0,0.1111111111111111
23733,Onde foi parar meu osso?,2022,2022.0,2,5.0,20,8,45,3,12,22,31,3,Force sua sorte;Rolagem de Dados;Toma Essa,1,Jogo Festivo,Fantasia,https://ludopedia.com.br/jogo/onde-foi-parar-meu-osso,0.9375,0.4888888888888889,0.2666666666666666,3,3.0,9.14,7.13,28,2.3333333333333335,0.417910447761194
53447,Carcassonne Big Box 7,2021,2024.0,2,6.0,35,7,190,11,21,156,140,3,Colocação de Peças;Influência / Maioria na Área;Mapa: Adição,0,,Medieval,https://ludopedia.com.br/jogo/carcassonne-big-box-7,0.945273631840796,0.8210526315789474,0.1105263157894736,3,4.0,9.13,7.68,58,2.761904761904762,0.1676300578034682
27902,Unmatched: Redemption Row,2021,,2,3.0,40,14,95,12,7,128,50,3,Gerenciamento de Mãos;Jogadores com Diferentes Habilidades;Movimento de Área,2,Jogo de Cartas;Miniaturas,Fantasia;Luta / Artes Marciais;Quadrinhos,https://ludopedia.com.br/jogo/unmatched-redemption-row,0.8878504672897196,1.3473684210526315,0.0736842105263157,3,1.0,9.13,7.02,24,3.4285714285714284,0.10762331838565023
19606,Quilombolas – O Refúgio dos Palmares,2023,,2,5.0,60,14,0,1,9,145,27,6,Influência / Maioria na Área;Movimento Ponto-a-Ponto;Pegar e Entregar;Rolagem de Dados;Rolar / Girar e Mover;Pontos de Ação,0,,Cultura Brasileira;Cultura Africana;História,https://ludopedia.com.br/jogo/quilombolas-o-refugio-dos-palmares,0.0,,,6,3.0,9.12,7.09,27,3.0,0.18620689655172415
27167,ISS Vanguard,2022,2024.0,1,4.0,120,13,498,43,48,662,301,4,Cooperativo;Narração de Histórias;Rolagem de Dados;Cenário / Missão / Campanha,1,Miniaturas,Aventura;Ficção Científica,https://ludopedia.com.br/jogo/iss-vanguard,0.9205175600739371,1.329317269076305,0.0963855421686747,4,3.0,9.12,8.23,125,2.6041666666666665,0.10775862068965517
71120,Unmatched: The Witcher - A Queda dos Reinos,2024,2026.0,2,3.0,40,9,161,5,5,151,87,3,Gerenciamento de Mãos;Jogadores com Diferentes Habilidades;Movimento de Área,2,Colecionável;Expansão ou Suplemento,Fantasia;Medieval,https://ludopedia.com.br/jogo/unmatched-the-witcher-realms-fall,0.9698795180722892,0.937888198757764,0.031055900621118,3,1.0,9.11,7.21,32,6.4,0.10256410256410256
37857,Dune: Guerra por Arrakis,2024,2024.0,1,4.0,120,14,544,49,47,619,307,8,Influência / Maioria na Área;Rolagem de Dados;Jogadores com Diferentes Habilidades;Movimento de Área;Resolução por Símbolos nos Dados;Simulação;Eventos;Jogo em Equipe,2,Jogo de Cartas;Miniaturas,Cultura Pop ou Geek;Literatura;Ficção Científica;Guerra,https://ludopedia.com.br/jogo/dune-war-for-arrakis,0.9173693086003372,1.1378676470588236,0.0863970588235294,8,3.0,9.11,8.19,119,2.5319148936170213,0.10232158211521926
1898,Kingdom Death: Monster,2015,,1,4.0,60,17,145,22,79,809,156,6,Cooperativo;Rolagem de Dados;RPG;Movimento em Grades;Cenário / Missão / Campanha;Escolha Narrativa,1,Miniaturas,Adulto;Aventura;Fantasia;Horror/Terror,https://ludopedia.com.br/jogo/kingdom-death-monster,0.8682634730538922,5.5793103448275865,0.5448275862068965,6,3.0,9.11,8.12,107,1.3544303797468353,0.11215932914046121
23628,Trickerion: Lendas Da Ilusão – Big Box,2019,2024.0,1,4.0,180,14,501,86,66,530,742,9,Seleção de Ação Simultânea;Alocação de Trabalhadores;Colocação de Peças;Pontos de Ação;Alocação de Diferentes Tipos de Trabalhadores;Fila de Ações;Ordem de Turno: Baseado em Estatísticas;Pegue o Líder;Rolagem de Dados,0,,Fantasia,https://ludopedia.com.br/jogo/trickerion-collector-s-edition,0.8534923339011925,1.057884231536926,0.1317365269461078,9,3.0,9.11,8.55,231,3.5,0.22405431619786614
44318,The Quacks of Quedlinburg: MegaBox,2021,,2,5.0,60,10,54,15,5,82,90,4,"Construção de Baralho, Bolsas e Peças;Force sua sorte;Pegue o Líder;Rolagem de Dados",0,,Medieval,https://ludopedia.com.br/jogo/the-quacks-of-quedlinburg-megabox,0.782608695652174,1.5185185185185186,0.0925925925925925,4,3.0,9.11,6.89,20,4.0,0.14705882352941177
26100,Anachrony: Infinity Box,2020,,1,4.0,120,15,92,9,17,128,104,2,Alocação de Trabalhadores;Jogadores com Diferentes Habilidades,0,,Ficção Científica,https://ludopedia.com.br/jogo/anachrony-infinity-box,0.9108910891089108,1.391304347826087,0.1847826086956521,2,3.0,9.1,7.62,55,3.235294117647059,0.25
23544,Aeon Trespass: Odyssey,2022,,1,4.0,90,12,52,8,13,195,22,8,Cooperativo;Cenário / Missão / Campanha;Árvores / Trilhas de Tecnologia;Cartas de Comando;Mapa: Adição;Movimento em Grades;Narração de Histórias;Rolagem de Dados,1,Integrado com Aplicativo,Mitologia;Civilização;Economia / Produção;Fantasia;Ficção Científica,https://ludopedia.com.br/jogo/aeon-trespass-odyssey,0.8666666666666667,3.75,0.25,8,3.0,9.1,6.89,20,1.5384615384615385,0.08097165991902834
80347,Stupor Mundi - Deluxe Master Print,2025,2025.0,1,4.0,150,12,63,3,4,41,102,5,"Ação / Evento;Árvores / Trilhas de Tecnologia;Construção de Baralho, Bolsas e Peças;Gerenciamento de Mãos;Solo / Solitário",1,Jogo de Cartas,Medieval,https://ludopedia.com.br/jogo/stupor-mundi-master-print-edition,0.9545454545454546,0.6507936507936508,0.0634920634920634,5,3.0,9.1,6.95,22,5.5,0.21153846153846154
29233,Café com Pandas,2021,,2,5.0,30,12,1,0,0,32,0,2,Eliminação de Jogadores;Force sua sorte,2,Jogo de Cartas;Jogo Festivo,Animais,https://ludopedia.com.br/jogo/cafe-com-pandas,1.0,32.0,0.0,2,3.0,9.1,6.72,15,,0.45454545454545453
48200,Unmatched Aventuras: Contos Fantásticos,2023,2026.0,1,4.0,60,9,330,12,24,278,260,8,Campanha / Batalhas Dirigidas por Cartas;Cartas Multiuso;Cooperativo;Gerenciamento de Mãos;Jogadores com Diferentes Habilidades;Linha de Visão;Pontos de Ação;Solo / Solitário,0,,Fantasia,https://ludopedia.com.br/jogo/unmatched-adventures-tales-to-amaze,0.9649122807017544,0.8424242424242424,0.0727272727272727,8,3.0,9.09,7.99,91,3.7916666666666665,0.14967105263157895
77025,DC Super Heroes United: Hush,2025,2026.0,1,4.0,30,14,101,2,5,63,49,4,Cooperativo;Gerenciamento de Mãos;Movimento Ponto-a-Ponto;Tabuleiro Modular,3,Expansão ou Suplemento;Jogo de Entrada;Miniaturas,Cultura Pop ou Geek;Quadrinhos,https://ludopedia.com.br/jogo/dc-super-heroes-united-hush,0.9805825242718448,0.6237623762376238,0.0495049504950495,4,3.0,9.09,6.97,23,4.6,0.1402439024390244
38684,Imperium: Horizontes,2024,2025.0,1,4.0,120,14,194,5,20,263,95,7,"Construção de Baralho, Bolsas e Peças;Gerenciamento de Mãos;Bônus de Fim de Jogo;Mercado;Jogadores com Diferentes Habilidades;Solo / Solitário;Mover-se pelo Baralho",1,Jogo de Cartas,Civilização,https://ludopedia.com.br/jogo/imperium-horizons,0.9748743718592964,1.3556701030927836,0.1030927835051546,7,3.0,9.09,7.37,40,2.0,0.087527352297593
76427,Nippon: Zaibatsu,2026,2026.0,1,4.0,120,14,221,2,15,360,326,8,Alocação de Diferentes Tipos de Trabalhadores;Alocação de Trabalhadores;Bônus de Fim de Jogo;Compra Aberta;Contratos;Influência / Maioria na Área;Preparação Variável;Rendimentos,0,,Economia / Produção;Cultura Oriental,https://ludopedia.com.br/jogo/nippon-zaibatsu,0.9910313901345292,1.6289592760180995,0.0678733031674208,8,3.0,9.08,7.87,77,5.133333333333334,0.13253012048192772
33907,Black Rose Wars: Rebirth ,2023,2025.0,1,4.0,90,14,56,9,13,232,69,6,"Campanha / Batalhas Dirigidas por Cartas;Seleção de Ação Simultânea;Construção de Baralho, Bolsas e Peças;Gerenciamento de Mãos;Jogadores com Diferentes Habilidades;Cenário / Missão / Campanha",0,,Fantasia,https://ludopedia.com.br/jogo/black-rose-wars-rebirth,0.8615384615384616,4.142857142857143,0.2321428571428571,6,3.0,9.07,7.08,27,2.076923076923077,0.09375
32873,La Granja: Deluxe Master Set,2023,2023.0,1,4.0,120,14,624,82,81,646,881,13,Influência / Maioria na Área;Gerenciamento de Mãos;Jogadores com Diferentes Habilidades;Rolagem de Dados;Crescimento Automático de Recursos;Mercado;Rendimentos;Pontos de Vitória como Recurso;Preparação Variável;Compra Aberta;Ordem de Turno: Baseado em Estatísticas;Cartas Multiuso;Seleção de Ação,1,Jogo de Dados,Economia / Produção;Transportes;Animais,https://ludopedia.com.br/jogo/la-granja-deluxe-master-set,0.8838526912181303,1.0352564102564104,0.1298076923076923,13,3.0,9.07,8.63,300,3.7037037037037037,0.23622047244094488
71121,Unmatched: The Witcher - Aço e Prata,2024,2026.0,2,3.0,40,9,176,2,8,182,116,3,Gerenciamento de Mãos;Jogadores com Diferentes Habilidades;Movimento de Área,2,Colecionável;Expansão ou Suplemento,Fantasia;Medieval,https://ludopedia.com.br/jogo/unmatched-the-witcher-steel-and-silver,0.9887640449438202,1.0340909090909092,0.0454545454545454,3,1.0,9.07,7.24,34,4.25,0.09497206703910614
31174,Great Western Trail: Nova Zelândia,2023,2024.0,1,4.0,150,12,1017,90,93,520,1161,9,"Colecionar Conjuntos;Colocação de Peças;Construção de Baralho, Bolsas e Peças;Gerenciamento de Mãos;Movimento Ponto-a-Ponto;Pegar e Entregar;Solo / Solitário;Preparação Variável;Propriedade",0,,Faroeste;Animais,https://ludopedia.com.br/jogo/great-western-trail-new-zealand,0.91869918699187,0.511307767944936,0.0914454277286135,9,3.0,9.06,8.71,385,4.139784946236559,0.2504879635653871
24780,Pixadores,2022,,2,5.0,45,13,1,0,6,62,57,5,Seleção de Ação Simultânea;Influência / Maioria na Área;Movimento Ponto-a-Ponto;Toma Essa;Dedução,1,Jogo de Cartas,Cultura Brasileira,https://ludopedia.com.br/jogo/pixadores,1.0,62.0,6.0,5,3.0,9.06,7.4,42,7.0,0.6666666666666666
35575,Agricola 15: Edição de Aniversário ,2022,2023.0,1,4.0,120,12,849,69,90,523,686,12,Alocação de Trabalhadores;Gerenciamento de Mãos;Ficha de Vantagem;Crescimento Automático de Recursos;Compra Fechada;Cerco de Área;Valorização dos Recursos Não Escolhidos;Solo / Solitário;Jogo em Equipe;Jogadores com Diferentes Habilidades;Ordem do Turno: Ação de Reivindicação;Preparação Variável,0,,Animais;Economia / Produção,https://ludopedia.com.br/jogo/agricola-15th-anniversary-edition,0.9248366013071896,0.6160188457008245,0.1060070671378091,12,3.0,9.05,8.57,266,2.9555555555555557,0.19387755102040816
77014,Eternal Decks,2025,2026.0,1,4.0,40,10,87,5,12,535,163,7,"Comunicação Limitada;Construção de Baralho, Bolsas e Peças;Cooperativo;Gerenciamento de Mãos;Habilidades 1 vez por Partida;Jogadores com Diferentes Habilidades;Ordenação",2,Jogo de Cartas;Quebra-Cabeça,Mitologia,https://ludopedia.com.br/jogo/eternal-decks,0.9456521739130436,6.149425287356322,0.1379310344827586,7,3.0,9.05,7.3,37,3.0833333333333335,0.0594855305466238
29995,Terra do Sol,2026,2026.0,2,4.0,120,14,66,1,12,473,100,10,Alocação de Trabalhadores;Colecionar Conjuntos;Influência / Maioria na Área;Jogadores com Diferentes Habilidades;Movimento de Área;Toma Essa;Bônus de Fim de Jogo;Compra Aberta;Contratos;Pegue o Líder,2,Jogo de Guerra;Jogo Assimétrico,Civilização;Cultura Brasileira;Educacional;Guerra;História,https://ludopedia.com.br/jogo/terra-do-sol,0.9850746268656716,7.166666666666667,0.1818181818181818,10,2.0,9.05,7.28,36,3.0,0.06679035250463822
13203,HiFi,2025,2026.0,2,4.0,60,14,17,0,7,265,77,4,Influência / Maioria na Área;Gerenciamento de Mãos;Colocação de Peças;Rondel,1,Estratégia Abstrata,Arte;Cultura Pop ou Geek,https://ludopedia.com.br/jogo/hifi,1.0,15.588235294117649,0.4117647058823529,4,2.0,9.05,7.07,27,3.857142857142857,0.09574468085106383
56867,Horrified: Greek Monsters,2023,,1,5.0,60,10,54,4,5,114,51,8,Cooperativo;Jogadores com Diferentes Habilidades;Movimento Ponto-a-Ponto;Pegar e Entregar;Pontos de Ação;Preparação Variável;Rolagem de Dados;Solo / Solitário,1,Miniaturas,Horror/Terror,https://ludopedia.com.br/jogo/horrified-greek-monsters,0.9310344827586208,2.111111111111111,0.0925925925925925,8,4.0,9.04,6.74,16,3.2,0.09523809523809523
14768,Time of Legends: Joan of Arc,2019,,2,4.0,90,14,71,12,15,156,44,5,Rolagem de Dados;Jogadores com Diferentes Habilidades;Movimento de Área;Pontos de Ação;Tabuleiro Modular,2,Jogo de Guerra;Miniaturas,Aventura;Guerra;Luta / Artes Marciais;Medieval;Fantasia,https://ludopedia.com.br/jogo/time-of-legends-joan-of-arc,0.8554216867469879,2.1971830985915495,0.2112676056338028,5,2.0,9.03,6.93,22,1.4666666666666666,0.09691629955947137
30881,Robinson Crusoe: Edição de Colecionador,2022,2024.0,1,4.0,120,14,476,40,44,527,289,5,Alocação de Trabalhadores;Colocação de Peças;Cooperativo;Jogadores com Diferentes Habilidades;Rolagem de Dados,0,,Aventura;Literatura,https://ludopedia.com.br/jogo/robinson-crusoe-collector-s-edition,0.9224806201550388,1.1071428571428572,0.0924369747899159,5,3.0,9.03,8.15,123,2.7954545454545454,0.1226321036889332
32679,Bruxelles 1893: Belle Epoque,2023,,2,5.0,125,14,67,5,7,124,109,4,Alocação de Trabalhadores;Influência / Maioria na Área;Leilão / Lances;Tabuleiro Modular,0,,Economia / Produção,https://ludopedia.com.br/jogo/bruxelles-1893-belle-epoque,0.9305555555555556,1.8507462686567164,0.1044776119402985,4,3.0,9.03,7.29,37,5.285714285714286,0.193717277486911
23123,Kanban EV,2020,2022.0,1,4.0,180,14,254,32,38,506,340,4,Alocação de Trabalhadores;Gerenciamento de Mãos;Ordem de Fases Variável;Pontos de Ação,0,,Economia / Produção,https://ludopedia.com.br/jogo/kanban-ev,0.8881118881118881,1.9921259842519683,0.1496062992125984,4,3.0,9.03,8.18,127,3.3421052631578947,0.16710526315789473
50763,Jogando com Lovecraft,2023,2023.0,1,6.0,15,6,87,3,64,105,91,2,Dedução;Gerenciamento de Mãos,1,Jogo de Cartas,Aventura;Educacional;Fantasia;Horror/Terror;Literatura,https://ludopedia.com.br/jogo/jogando-com-lovecraft,0.9666666666666668,1.206896551724138,0.735632183908046,2,5.0,9.03,7.96,91,1.421875,0.4739583333333333
34906,Marvel Zombies: X-Men Resistance,2023,2024.0,1,6.0,60,14,500,27,51,339,264,5,Cooperativo;Jogo em Equipe;Rolagem de Dados;Tabuleiro Modular;Cenário / Missão / Campanha,1,Dungeon Crawler,Cultura Pop ou Geek;Horror/Terror;Quadrinhos,https://ludopedia.com.br/jogo/marvel-zombies-x-men-resistance,0.9487666034155596,0.678,0.102,5,5.0,9.02,8.21,135,2.6470588235294117,0.16090584028605484
31267,Nokosu Dice,2016,,3,5.0,60,10,79,5,7,177,194,2,Vazas / Truques;Compra Aberta,2,Jogo de Cartas;Carteado,,https://ludopedia.com.br/jogo/nokosu-dice,0.9404761904761904,2.240506329113924,0.0886075949367088,2,2.0,9.02,7.28,37,5.285714285714286,0.14453125
53939,RA: Pharaoh Edition,2023,,2,5.0,60,12,47,3,8,118,81,7,Colecionar Conjuntos;Leilão / Lances;Leilão: Colocação Fixa;Leilão: Lance Único;Ordem do Turno: Leilão;Force sua sorte;Leilão: Economia Fechada,0,,Civilização;Mitologia,https://ludopedia.com.br/jogo/ra-pharaoh-edition,0.94,2.5106382978723403,0.1702127659574468,7,3.0,9.02,7.03,26,3.25,0.15757575757575756
48209,Nemesis: Retaliation,2025,,1,5.0,180,14,76,2,15,315,94,7,Cooperativo;Eliminação de Jogadores;Jogadores com Diferentes Habilidades;Papéis Ocultos;Rolagem de Dados;Semi-Cooperativo;Traidor,1,Miniaturas,Ficção Científica;Horror/Terror,https://ludopedia.com.br/jogo/nemesis-retaliation,0.9743589743589745,4.144736842105263,0.1973684210526315,7,4.0,9.02,7.28,37,2.466666666666667,0.09462915601023018
71072,Vomitolândia,2026,2026.0,3,6.0,40,10,75,3,11,66,77,2,Alocação de Trabalhadores;Force sua sorte,1,Jogo de Entrada,Humor,https://ludopedia.com.br/jogo/vomitolandia,0.9615384615384616,0.88,0.1466666666666666,2,3.0,8.99,7.23,35,3.1818181818181817,0.24822695035460993
70341,Sweet Lands,2025,2027.0,1,4.0,200,14,36,5,9,424,74,1,Alocação de Trabalhadores,0,,Fantasia,https://ludopedia.com.br/jogo/sweet-lands,0.8780487804878049,11.77777777777778,0.25,1,3.0,8.98,6.76,17,1.8888888888888888,0.03695652173913044
41811,Teotihuacan: City of Gods – Deluxe Master Set,2024,2024.0,1,4.0,120,14,58,13,7,86,109,9,Colecionar Conjuntos;Colocação de Peças;Movimento de Área;Rondel;Solo / Solitário;Alocação de Trabalhadores com Dados;Preparação Variável;Movimento em Trilha;Jogadores com Diferentes Habilidades,1,Jogo de Dados,Civilização;História,https://ludopedia.com.br/jogo/teotihuacan-city-of-gods-deluxe-master-set,0.8169014084507042,1.4827586206896552,0.1206896551724138,9,3.0,8.97,6.79,18,2.5714285714285716,0.125
35527,Unmatched: Battle of Legends - Volume 2,2022,2025.0,2,4.0,40,9,465,21,27,264,420,3,Gerenciamento de Mãos;Jogadores com Diferentes Habilidades;Movimento de Área,4,Expansão ou Suplemento;Jogo de Cartas;Miniaturas;Jogo Assimétrico,Fantasia;Guerra;Luta / Artes Marciais;Mitologia,https://ludopedia.com.br/jogo/unmatched-battle-of-legends-volume-2,0.9567901234567902,0.567741935483871,0.0580645161290322,3,2.0,8.96,8.15,132,4.888888888888889,0.18106995884773663
32324,Kemet: Blood and Sand – Kickstarter Edition,2021,,2,5.0,120,13,103,22,10,50,116,7,Influência / Maioria na Área;Gerenciamento de Mãos;Movimento de Área;Pontos de Ação;Árvores / Trilhas de Tecnologia;Compra Aberta;Resolução de Conflitos por Cartas,0,,Mitologia,https://ludopedia.com.br/jogo/kemet-blood-and-sand-kickstarter-edition,0.824,0.4854368932038835,0.0970873786407767,7,3.0,8.96,7.15,32,3.2,0.20915032679738563
68203,Shackleton Base: Uma Jornada para a Lua,2024,2026.0,1,4.0,120,14,586,16,42,453,829,2,Alocação de Diferentes Tipos de Trabalhadores;Preparação Variável,0,,Ficção Científica,https://ludopedia.com.br/jogo/shackleton-base-a-journey-to-the-moon,0.973421926910299,0.773037542662116,0.0716723549488054,2,3.0,8.95,8.38,209,4.976190476190476,0.20115495668912417
28900,Ultimate Railroads,2021,2022.0,1,4.0,120,12,447,69,68,711,754,4,Alocação de Trabalhadores;Bônus de Fim de Jogo;Árvores / Trilhas de Tecnologia;Ordem do Turno: Ação de Reivindicação,0,,Economia / Produção;Transportes,https://ludopedia.com.br/jogo/ultimate-railroads,0.8662790697674418,1.5906040268456376,0.1521252796420581,4,3.0,8.95,8.48,269,3.9558823529411766,0.23229706390328153
20444,Tainted Grail: A Queda de Avalon,2019,2021.0,1,4.0,120,14,815,197,129,1034,485,13,"Construção de Baralho, Bolsas e Peças;Cooperativo;Movimento de Área;Narração de Histórias;RPG;Tabuleiro Modular;Campanha / Batalhas Dirigidas por Cartas;Rolagem de Dados;Gerenciamento de Mãos;Mapa: Adição;Escolha Narrativa;Solo / Solitário;Jogadores com Diferentes Habilidades",2,Miniaturas;Dungeon Crawler,Aventura;Medieval;Fantasia;Mitologia;Transportes;Adulto,https://ludopedia.com.br/jogo/tainted-grail-the-fall-of-avalon,0.8053359683794467,1.2687116564417178,0.158282208588957,13,3.0,8.95,8.54,308,2.387596899224806,0.16657652785289345
39886,Dungeon Fighter: No Castelo da Friaca Fatídica,2022,2022.0,1,4.0,60,8,57,5,4,113,41,3,Cooperativo;Jogadores com Diferentes Habilidades;Rolagem de Dados,2,Destreza;Jogo Festivo,Aventura;Fantasia,https://ludopedia.com.br/jogo/dungeon-fighter-in-the-castle-of-frightening-frosts,0.9193548387096774,1.9824561403508771,0.0701754385964912,3,3.0,8.93,6.81,19,4.75,0.11176470588235295
80826,Orloj: The Prague Astronomical Clock,2025,2026.0,1,4.0,120,14,252,4,12,356,321,7,Alocação de Trabalhadores;Árvores / Trilhas de Tecnologia;Bônus de Fim de Jogo;Colecionar Conjuntos;Preparação Variável;Rondel;Recuperação de Ação,0,,Medieval,https://ludopedia.com.br/jogo/orloj-the-prague-astronomical-clock,0.984375,1.4126984126984128,0.0476190476190476,7,3.0,8.93,7.82,82,6.833333333333333,0.13486842105263158
56124,Nucleum,2023,2023.0,1,4.0,150,14,680,82,85,610,1091,11,Árvores / Trilhas de Tecnologia;Bônus de Fim de Jogo;Conexões;Construção de Redes e Rotas;Contratos;Gerenciamento de Mãos;Jogadores com Diferentes Habilidades;Mercado;Recuperação de Ação;Rendimentos;Solo / Solitário,0,,Economia / Produção;Ficção Científica,https://ludopedia.com.br/jogo/nucleum,0.8923884514435696,0.8970588235294118,0.125,11,3.0,8.93,8.53,324,3.8117647058823527,0.25116279069767444
23952,Rococo: Deluxe Edition,2020,2020.0,1,5.0,120,14,404,67,40,530,745,4,"Colecionar Conjuntos;Construção de Baralho, Bolsas e Peças;Influência / Maioria na Área;Gerenciamento de Mãos",0,,Economia / Produção;História,https://ludopedia.com.br/jogo/rococo-deluxe-edition,0.8577494692144374,1.311881188118812,0.099009900990099,4,4.0,8.93,8.37,212,5.3,0.22698072805139186
41546,Andromeda's Edge,2024,2025.0,2,4.0,200,14,441,34,51,484,595,5,Alocação de Trabalhadores;Influência / Maioria na Área;Gerenciamento de Mãos;Rolagem de Dados;Compra Aberta,2,4x;Miniaturas,Ficção Científica;Luta / Artes Marciais,https://ludopedia.com.br/jogo/andromeda-s-edge,0.9284210526315788,1.0975056689342404,0.1156462585034013,5,2.0,8.92,8.28,180,3.5294117647058822,0.1945945945945946
25920,Roda de Samba,2025,2025.0,2,4.0,40,8,48,1,5,51,56,4,Gerenciamento de Mãos;Colecionar Conjuntos;Compra Aberta;Compra Fechada,2,Jogo de Cartas;Jogo de Entrada,Cultura Brasileira;Arte;Educacional;História,https://ludopedia.com.br/jogo/roda-de-samba,0.979591836734694,1.0625,0.1041666666666666,4,2.0,8.92,6.83,20,4.0,0.20202020202020202
36830,Tiranos da Umbreterna (Segunda Edição),2021,2024.0,2,4.0,90,14,1178,61,118,622,1440,2,"Construção de Baralho, Bolsas e Peças;Influência / Maioria na Área",1,Jogo de Cartas,Cultura Pop ou Geek;Fantasia,https://ludopedia.com.br/jogo/tyrants-of-the-underdark-board-game,0.9507667473769168,0.5280135823429541,0.100169779286927,2,2.0,8.9,8.62,458,3.8813559322033897,0.2544444444444444
29022,Ticket to Ride: Europa - 15 Anos,2021,2021.0,2,5.0,60,8,823,78,105,573,873,8,Colocação de Peças;Construção de Redes e Rotas;Gerenciamento de Mãos;Colecionar Conjuntos;Compra Aberta;Conexões;Contratos;Force sua sorte,1,Jogo de Entrada,Transportes,https://ludopedia.com.br/jogo/ticket-to-ride-europe-15th-anniversary,0.9134295227524972,0.6962332928311057,0.1275820170109356,8,3.0,8.9,8.56,380,3.619047619047619,0.2722063037249284
39467,Fantasy Realms: Deluxe Edition,2022,,2,6.0,30,14,40,2,5,82,76,2,Colecionar Conjuntos;Gerenciamento de Mãos,1,Jogo de Cartas,Fantasia,https://ludopedia.com.br/jogo/fantasy-realms-deluxe-edition,0.9523809523809524,2.05,0.125,2,4.0,8.9,6.86,21,4.2,0.1721311475409836
71312,Athos Bulcão | Master Pieces,2026,2026.0,1,6.0,60,10,102,4,3,95,206,5,Colecionar Conjuntos;Colocação de Peças;Construção a partir de Modelo;Contratos;Reconhecimento de Padrões,2,Estratégia Abstrata;Quebra-Cabeça,Adulto;Arte;Cultura Brasileira;Educacional;História,https://ludopedia.com.br/jogo/athos-bulcao-master-pieces,0.9622641509433962,0.931372549019608,0.0294117647058823,5,5.0,8.9,7.51,54,18.0,0.27411167512690354
27890,Unmatched: Hell's Kitchen,2022,,2,3.0,40,14,106,14,7,147,70,6,Gerenciamento de Mãos;Jogadores com Diferentes Habilidades;Movimento de Área;Campanha / Batalhas Dirigidas por Cartas;Eliminação de Jogadores;Ordem do Turno: Progressivo,1,Miniaturas,Fantasia;Luta / Artes Marciais;Cultura Pop ou Geek;Quadrinhos,https://ludopedia.com.br/jogo/unmatched-hell-s-kitchen,0.8833333333333333,1.3867924528301887,0.0660377358490566,6,1.0,8.89,7.06,29,4.142857142857143,0.11462450592885376
14668,Star Realms: Frontiers,2018,,1,4.0,20,12,82,14,6,77,67,3,"Construção de Baralho, Bolsas e Peças;Eliminação de Jogadores;Toma Essa",2,Expansão ou Suplemento;Jogo de Cartas,Ficção Científica;Luta / Artes Marciais,https://ludopedia.com.br/jogo/star-realms-frontiers,0.8541666666666666,0.9390243902439024,0.073170731707317,3,3.0,8.89,6.96,25,4.166666666666667,0.15723270440251572
32874,Dark Ages: Heritage of Charlemagne,2021,2023.0,1,4.0,180,14,71,15,13,198,130,10,Influência / Maioria na Área;Jogadores com Diferentes Habilidades;Movimento de Área;Rolagem de Dados;Pontos de Ação;Mover Várias Unidades;Rendimentos;Solo / Solitário;Árvores / Trilhas de Tecnologia;Preparação Variável,2,4x;Miniaturas,Civilização;Economia / Produção;Medieval,https://ludopedia.com.br/jogo/dark-ages-heritage-of-charlemagne,0.8255813953488372,2.788732394366197,0.1830985915492957,10,3.0,8.89,7.34,43,3.3076923076923075,0.15985130111524162
69099,Guardian Super Force,2024,2024.0,1,4.0,10,5,61,3,6,25,41,7,Colecionar Conjuntos;Comunicação Limitada;Cooperativo;Jogo em Equipe;Memória;Semi-Cooperativo;Solo / Solitário,2,Jogo de Cartas;Jogo de Entrada,Aventura;Quadrinhos,https://ludopedia.com.br/jogo/guardian-super-force,0.953125,0.4098360655737705,0.0983606557377049,7,3.0,8.88,6.96,25,4.166666666666667,0.29069767441860467
46714,Inventores do Sul do Tigre,2024,2025.0,1,4.0,120,12,142,7,5,157,114,7,"Alocação de Trabalhadores;Alocação de Trabalhadores com Dados;Construção de Baralho, Bolsas e Peças;Gerenciamento de Mãos;Influência / Maioria na Área;Movimento em Trilha;Solo / Solitário",1,Jogo de Dados,Medieval,https://ludopedia.com.br/jogo/inventors-of-the-south-tigris,0.953020134228188,1.1056338028169015,0.0352112676056338,7,3.0,8.88,7.36,45,9.0,0.1505016722408027
9972,Too Many Bones,2017,,1,4.0,120,12,152,26,30,563,175,13,"Gerenciamento de Mãos;Construção de Baralho, Bolsas e Peças;Cooperativo;Rolagem de Dados;RPG;Árvores / Trilhas de Tecnologia;Cenário / Missão / Campanha;Jogadores com Diferentes Habilidades;Ordem do Turno: Papel ou Tipo de Ação;Recurso para Mover;Resolução com Testes de Estatísticas;Resolução por Símbolos nos Dados;Solo / Solitário",2,Jogo de Dados;Jogo de Guerra,Aventura;Guerra;Fantasia,https://ludopedia.com.br/jogo/too-many-bones,0.8539325842696629,3.7039473684210527,0.1973684210526315,13,3.0,8.88,7.75,77,2.566666666666667,0.1076923076923077
62357,Tiny Epic Game of Thrones,2024,,1,4.0,60,18,251,5,8,219,102,8,Acordos;Alianças;Jogadores com Diferentes Habilidades;Rolagem de Dados;Seleção de Ação;Toma Essa;Traidor;Zona de Controle,2,Jogo de Guerra;Miniaturas,Adulto;Cultura Pop ou Geek;Guerra;Literatura;Medieval;Política,https://ludopedia.com.br/jogo/tiny-epic-game-of-thrones,0.98046875,0.8725099601593626,0.0318725099601593,8,3.0,8.88,7.3,41,5.125,0.08723404255319149
63733,Carnegie - Edição Deluxe,2022,2022.0,1,4.0,150,14,58,12,3,49,139,13,Construção de Redes e Rotas;Alocação de Diferentes Tipos de Trabalhadores;Árvores / Trilhas de Tecnologia;Bônus de Fim de Jogo;Conexões;Grade com Quadrados;Movimento de Área;Ordem de Fases Variável;Ordem do Turno: Progressivo;Pontos de Movimento;Recuperação de Ação;Recurso para Mover;Solo / Solitário,0,,Economia / Produção,https://ludopedia.com.br/jogo/carnegie-deluxe-edition,0.8285714285714286,0.8448275862068966,0.0517241379310344,13,3.0,8.87,7.1,31,10.333333333333334,0.2897196261682243
82928,Gatos e Masmorras,2026,2026.0,2,6.0,20,8,111,0,7,92,72,14,"Cobertura de Grade;Colocação de Peças;Compartilhamento entre Vizinhos;Conexões;Corrida;Grade com Quadrados;Mapa: Modificação;Peças como Mapa;Pedra, Papel e Tesoura;Pontuar e Reiniciar;Tabuleiro Modular;Tempo Real;Toma Essa;Zona de Controle",4,Destreza;Jogo de Entrada;Jogo Festivo;Dungeon Crawler,Animais;Aventura;Fantasia;Humor;Medieval,https://ludopedia.com.br/jogo/gatos-e-masmorras,1.0,0.8288288288288288,0.063063063063063,14,4.0,8.87,6.9,23,3.2857142857142856,0.11330049261083744
31173,Great Western Trail: Argentina,2022,2023.0,1,4.0,150,12,1178,138,83,413,1095,7,"Colecionar Conjuntos;Construção de Baralho, Bolsas e Peças;Gerenciamento de Mãos;Propriedade;Preparação Variável;Solo / Solitário;Movimento em Trilha",0,,Faroeste;Animais,https://ludopedia.com.br/jogo/great-western-trail-argentina,0.8951367781155015,0.3505942275042444,0.0704584040747028,7,3.0,8.86,8.55,422,5.0843373493975905,0.2652419861722187
5033,Dungeon Lords: Happy Anniversary,2014,,2,4.0,90,13,92,35,16,136,163,4,Movimento Programado;Seleção de Ação Simultânea;Alocação de Trabalhadores;Colocação de Peças,0,,Aventura;Humor;Fantasia,https://ludopedia.com.br/jogo/dungeon-lords-happy-anniversary,0.7244094488188977,1.4782608695652173,0.1739130434782608,4,2.0,8.86,7.71,74,4.625,0.32456140350877194
63148,El Grande (2023),2023,,2,5.0,90,12,88,6,11,219,121,11,Compra Aberta;Gerenciamento de Mãos;Influência / Maioria na Área;Lance para Ordem de Seleção;Leilão / Lances;Memória;Movimento de Área;Ordem de Turno: Baseado em Estatísticas;Ordem do Turno: Progressivo;Seleção de Ação;Seleção de Ação Simultânea,0,,História;Medieval;Política,https://ludopedia.com.br/jogo/el-grande-2023,0.9361702127659576,2.488636363636364,0.125,11,3.0,8.86,7.31,42,3.8181818181818183,0.13680781758957655
30978,O Inconsciente,2024,2024.0,1,4.0,120,12,635,58,82,1152,1040,12,Alocação de Trabalhadores;Colecionar Conjuntos;Movimento Programado;Contratos;Bônus de Fim de Jogo;Compra Aberta;Rondel;Marcas;Fundir e Espalhar;Solo / Solitário;Colocação de Peças;Compra Fechada,1,Jogo de Cartas,Ciências,https://ludopedia.com.br/jogo/unconscious-mind,0.9163059163059164,1.814173228346457,0.1291338582677165,12,3.0,8.86,8.44,290,3.5365853658536586,0.16228315612758815
35743,Engis,2023,2023.0,1,4.0,75,10,132,17,7,89,122,4,Alocação de Trabalhadores;Colocação de Peças;Jogadores com Diferentes Habilidades;Tabuleiro Modular,1,Jogo Assimétrico,Pré-Histórico,https://ludopedia.com.br/jogo/engis,0.8859060402684564,0.6742424242424242,0.053030303030303,4,3.0,8.77,7.51,60,8.571428571428571,0.27149321266968324
54747,Inferno,2024,2024.0,1,4.0,120,14,434,49,37,603,766,11,Alocação de Trabalhadores;Bônus de Fim de Jogo;Cartas Multiuso;Combinação;Empréstimos;Fila de Recursos;Mercado;Movimento em Grades;Pontos de Movimento;Preparação Variável;Alocação de Diferentes Tipos de Trabalhadores,0,,Economia / Produção;Fantasia;Horror/Terror;Literatura;Religião,https://ludopedia.com.br/jogo/inferno,0.8985507246376812,1.3894009216589862,0.0852534562211981,11,3.0,8.76,8.24,212,5.72972972972973,0.20443587270973965
67183,DCeased: Gotham City Outbreak,2024,2026.0,1,4.0,60,14,149,7,13,107,64,9,Ação / Evento;Cenário / Missão / Campanha;Cooperativo;Jogadores com Diferentes Habilidades;Jogo em Equipe;Pontos de Ação;Rolagem de Dados;Solo / Solitário;Tabuleiro Modular,2,Miniaturas;Dungeon Crawler,Cultura Pop ou Geek;Horror/Terror;Quadrinhos,https://ludopedia.com.br/jogo/dceased-gotham-city-outbreak,0.9551282051282052,0.7181208053691275,0.087248322147651,9,3.0,8.76,6.97,27,2.076923076923077,0.10546875
27957,Descent: Lendas da Escuridão,2021,2021.0,1,4.0,180,14,909,152,123,1081,601,13,Cooperativo;Jogadores com Diferentes Habilidades;Movimento em Grades;Rolagem de Dados;RPG;Tabuleiro Modular;Cenário / Missão / Campanha;Ação / Evento;Jogo em Equipe;Ordem do Turno: Progressivo;Pontos de Ação;Solo / Solitário;Resolução com Testes de Estatísticas,3,Integrado com Aplicativo;Miniaturas;Dungeon Crawler,Aventura;Fantasia,https://ludopedia.com.br/jogo/descent-legends-of-the-dark,0.8567389255419415,1.1892189218921891,0.1353135313531353,13,3.0,8.76,8.38,315,2.5609756097560976,0.15829145728643215
39885,Dungeon Fighter: Nas Câmaras de Magma Malevolente,2022,2022.0,1,4.0,60,8,69,8,4,118,45,3,Cooperativo;Jogadores com Diferentes Habilidades;Rolagem de Dados,2,Destreza;Jogo Festivo,Aventura;Fantasia,https://ludopedia.com.br/jogo/dungeon-fighter-in-the-chambers-of-malevolent-magma,0.8961038961038961,1.710144927536232,0.0579710144927536,3,3.0,8.76,6.84,22,5.5,0.11764705882352941
8201,Arcadia Quest: Inferno,2017,2018.0,2,4.0,60,13,752,152,111,736,436,9,Movimento em Grades;Rolagem de Dados;Tabuleiro Modular;Recuperação de Ação;Cenário / Missão / Campanha;Grade com Quadrados;Jogadores com Diferentes Habilidades;Linha de Visão;Toma Essa,2,Miniaturas;Dungeon Crawler,Aventura;Fantasia,https://ludopedia.com.br/jogo/arcadia-quest-inferno,0.831858407079646,0.9787234042553192,0.1476063829787234,9,2.0,8.76,8.36,294,2.6486486486486487,0.1975806451612903
57677,Civolution,2024,2026.0,1,4.0,180,14,83,3,11,485,187,11,Árvores / Trilhas de Tecnologia;Compra Aberta;Construção a partir de Modelo;Eventos;Gerenciamento de Mãos;Movimento de Área;Movimento em Trilha;Preparação Variável;Rendimentos;Rolagem de Dados;Tabuleiro Modular,1,Jogo de Dados,Civilização;Economia / Produção;Ficção Científica,https://ludopedia.com.br/jogo/civolution,0.9651162790697676,5.843373493975903,0.1325301204819277,11,3.0,8.75,7.46,57,5.181818181818182,0.10035211267605634
66495,Geeks Vs Trolls,2026,2026.0,1,6.0,15,10,239,10,15,156,191,4,Eliminação de Jogadores;Gerenciamento de Mãos;Jogadores com Diferentes Habilidades;Toma Essa,1,Jogo de Cartas,Cultura Pop ou Geek,https://ludopedia.com.br/jogo/geeks-vs-trolls,0.9598393574297188,0.6527196652719666,0.0627615062761506,4,5.0,8.75,8.12,170,11.333333333333334,0.43037974683544306
38119,Horizontes de Spirit Island ,2022,2026.0,1,3.0,120,13,194,12,6,102,90,9,Cooperativo;Seleção de Ação Simultânea;Colecionar Conjuntos;Influência / Maioria na Área;Gerenciamento de Mãos;Jogadores com Diferentes Habilidades;Tabuleiro Modular;Crescimento Automático de Recursos;Recuperação de Ação,1,Jogo de Entrada,Fantasia;Meio Ambiente;Mitologia,https://ludopedia.com.br/jogo/horizons-of-spirit-island,0.941747572815534,0.5257731958762887,0.0309278350515463,9,2.0,8.75,6.94,26,4.333333333333333,0.08783783783783784
80863,Galhos,2026,2026.0,1,4.0,30,14,101,3,4,98,143,6,Colecionar Conjuntos;Colocação de Peças;Conexões;Grade Hexagonal;Reconhecimento de Padrões;Tabuleiro Modular,3,Estratégia Abstrata;Jogo de Entrada;Quebra-Cabeça,Fantasia;Meio Ambiente;Cultura Brasileira,https://ludopedia.com.br/jogo/galhos,0.971153846153846,0.9702970297029704,0.0396039603960396,6,3.0,8.74,7.33,47,11.75,0.23618090452261306
25051,Unmatched: Becos e Brumas,2020,2023.0,2,4.0,40,9,586,96,56,485,640,3,Gerenciamento de Mãos;Jogadores com Diferentes Habilidades;Movimento de Área,3,Expansão ou Suplemento;Jogo de Cartas;Miniaturas,Luta / Artes Marciais,https://ludopedia.com.br/jogo/unmatched-cobble-fog,0.8592375366568915,0.8276450511945392,0.0955631399317406,3,2.0,8.74,8.2,205,3.6607142857142856,0.19140989729225025
33831,Monstros & Tesouros,2022,2022.0,1,4.0,120,14,420,50,42,275,173,4,Campanha / Batalhas Dirigidas por Cartas;Force sua sorte;Rolagem de Dados;RPG,2,Jogo de Cartas;Dungeon Crawler,Fantasia;Medieval,https://ludopedia.com.br/jogo/monstros-tesouros,0.8936170212765957,0.6547619047619048,0.1,4,3.0,8.74,7.96,126,3.0,0.18129496402877698
9712,Catan: Plus,2019,2020.0,3,6.0,75,10,470,61,62,467,407,5,Gerenciamento de Mãos;Construção de Redes e Rotas;Negociação;Rolagem de Dados;Tabuleiro Modular,0,,Aventura;Economia / Produção;Civilização,https://ludopedia.com.br/jogo/catan-plus-catan-big-box,0.8851224105461394,0.9936170212765958,0.1319148936170212,5,3.0,8.74,8.1,164,2.6451612903225805,0.17502668089647813
24553,Hansa Teutonica: Big Box,2020,2021.0,3,5.0,90,12,1127,196,99,607,1555,7,Construção de Redes e Rotas;Pontos de Ação;Influência / Maioria na Área;Árvores / Trilhas de Tecnologia;Bônus de Fim de Jogo;Propriedade;Toma Essa,0,,História;Medieval,https://ludopedia.com.br/jogo/hansa-teutonica-big-box,0.8518518518518519,0.5385980479148181,0.0878438331854481,7,2.0,8.73,8.5,528,5.333333333333333,0.3044982698961938
506,Brass,2007,,3,4.0,120,13,177,93,40,179,393,2,Gerenciamento de Mãos;Construção de Redes e Rotas,0,,Economia / Produção;Transportes,https://ludopedia.com.br/jogo/brass,0.6555555555555556,1.0112994350282485,0.2259887005649717,2,1.0,8.73,8.22,219,5.475,0.6151685393258427
47270,Marvel United: Spider-Geddon,2023,2024.0,1,5.0,40,14,757,33,36,260,362,5,Cooperativo;Gerenciamento de Mãos;Jogadores com Diferentes Habilidades;Tabuleiro Modular;Solo / Solitário,3,Colecionável;Jogo de Entrada;Miniaturas,Quadrinhos;Luta / Artes Marciais,https://ludopedia.com.br/jogo/marvel-united-spider-geddon,0.9582278481012658,0.3434610303830911,0.047556142668428,5,4.0,8.73,8.01,141,3.9166666666666665,0.13864306784660768
25933,Darkest Dungeon: The Board Game,2022,,1,4.0,90,14,160,19,11,286,69,13,Rolagem de Dados;RPG;Acertos e Falhas Críticas;Cenário / Missão / Campanha;Cooperativo;Jogadores com Diferentes Habilidades;Minijogo no Final;Movimento de Área;Múltiplos Mapas;Pontos de Movimento;Resolução com Testes de Estatísticas;Solo / Solitário;Tabela de Proporção para Combate,2,Miniaturas;Dungeon Crawler,Fantasia;Tema de Video Game,https://ludopedia.com.br/jogo/darkest-dungeon-the-board-game,0.8938547486033519,1.7875,0.06875,13,3.0,8.73,7.07,32,2.909090909090909,0.07174887892376682
14172,Dungeons & Dragons: Tomb of Annihilation Board Game,2017,,1,5.0,60,12,61,5,8,262,24,1,Cooperativo,1,Miniaturas,Fantasia,https://ludopedia.com.br/jogo/dungeons-dragons-tomb-of-annihilation-board-game,0.9242424242424242,4.295081967213115,0.1311475409836065,1,4.0,8.73,6.78,20,2.5,0.06191950464396285
24241,Foundations of Rome,2022,2024.0,2,4.0,90,13,137,14,28,547,378,7,Colocação de Peças;Movimento em Grades;Grade com Quadrados;Leilão: Lance Único;Mercado;Propriedade;Rendimentos,1,Miniaturas,Economia / Produção;História;Civilização,https://ludopedia.com.br/jogo/foundations-of-rome,0.9072847682119204,3.9927007299270074,0.2043795620437956,7,2.0,8.73,7.69,82,2.9285714285714284,0.11988304093567251
10640,Lancaster: Big Box,2015,,2,5.0,60,10,20,11,2,80,51,5,Alocação de Trabalhadores;Influência / Maioria na Área;Leilão / Lances;Votação;Alocação de Diferentes Tipos de Trabalhadores,0,,Medieval,https://ludopedia.com.br/jogo/lancaster-big-box,0.6451612903225806,4.0,0.1,5,3.0,8.72,6.8,21,10.5,0.21
68254,Dorfromantik: Sakura,2024,2026.0,1,6.0,90,10,199,6,10,193,120,6,Colocação de Peças;Cooperativo;Cenário / Missão / Campanha;Grade Hexagonal;Mapa: Adição;Tabuleiro Modular,0,,Tema de Video Game,https://ludopedia.com.br/jogo/dorfromantik-sakura,0.9707317073170731,0.9698492462311558,0.050251256281407,6,5.0,8.72,7.21,40,4.0,0.10204081632653061
58195,Yokohama: Segunda Edição,2024,2024.0,2,4.0,90,14,339,26,19,365,417,9,Alocação de Diferentes Tipos de Trabalhadores;Alocação de Trabalhadores;Bônus de Fim de Jogo;Colecionar Conjuntos;Construção de Redes e Rotas;Contratos;Movimento em Grades;Preparação Variável;Tabuleiro Modular,0,,Cultura Oriental;Economia / Produção,https://ludopedia.com.br/jogo/yokohama-second-edition,0.9287671232876712,1.0766961651917404,0.0560471976401179,9,2.0,8.72,7.97,130,6.842105263157895,0.1846590909090909
17370,Fury of Gods,2026,2026.0,2,4.0,30,12,3,0,5,59,56,5,Eliminação de Jogadores;Jogadores com Diferentes Habilidades;Pontos de Ação;Tabuleiro Modular;Rolagem de Dados,2,Jogo de Guerra;Jogo Assimétrico,Guerra;Medieval,https://ludopedia.com.br/jogo/fury-of-gods,1.0,19.666666666666668,1.6666666666666667,5,2.0,8.72,6.72,18,3.6,0.2903225806451613
20037,Stone Age: Anniversary,2018,,2,4.0,90,10,71,8,11,270,95,3,Alocação de Trabalhadores;Colecionar Conjuntos;Rolagem de Dados,1,Jogo de Dados,Pré-Histórico,https://ludopedia.com.br/jogo/stone-age-anniversary,0.8987341772151899,3.8028169014084505,0.1549295774647887,3,2.0,8.71,7.27,44,4.0,0.12903225806451613
83772,Nevasca,2026,2026.0,2,5.0,30,14,287,6,40,199,208,3,Resolução de Conflitos por Cartas;Rolagem de Dados;Toma Essa,1,Jogo de Cartas,Aventura,https://ludopedia.com.br/jogo/nevasca,0.9795221843003412,0.6933797909407665,0.1393728222996515,3,3.0,8.71,7.89,115,2.875,0.2366255144032922
23420,Marco Polo II: Ao Serviço do Khan,2019,2020.0,2,4.0,120,12,586,140,91,587,952,7,Alocação de Trabalhadores;Rolagem de Dados;Alocação de Trabalhadores com Dados;Contratos;Jogadores com Diferentes Habilidades;Movimento Ponto-a-Ponto;Recurso para Mover,0,,Economia / Produção;História;Medieval,https://ludopedia.com.br/jogo/marco-polo-ii-in-the-service-of-the-khan,0.8071625344352618,1.001706484641638,0.1552901023890785,7,2.0,8.71,8.42,414,4.549450549450549,0.35294117647058826
78021,Feya's Swamp,2025,2026.0,2,4.0,100,12,380,9,14,445,434,8,Alocação de Trabalhadores;Bônus de Fim de Jogo;Colocação de Peças;Grade Hexagonal;Jogadores com Diferentes Habilidades;Movimento de Área;Papéis com Informações Assimétricas;Rendimentos,0,,Civilização;Economia / Produção;Fantasia,https://ludopedia.com.br/jogo/feya-s-swamp,0.9768637532133676,1.1710526315789471,0.0368421052631578,8,2.0,8.71,7.73,88,6.285714285714286,0.10666666666666667
78102,Aristofarsa,2025,2025.0,2,6.0,30,14,138,5,9,80,136,7,"Combinação;Construção de Baralho, Bolsas e Peças;Mercado;Pedra, Papel e Tesoura;Resolução de Conflitos por Cartas;Toma Essa;Vazas / Truques",3,Jogo de Cartas;Jogo de Entrada;Carteado,Medieval;Política,https://ludopedia.com.br/jogo/aristofarsa,0.965034965034965,0.5797101449275363,0.0652173913043478,7,4.0,8.71,7.37,51,5.666666666666667,0.23394495412844038
39754,Inventions: Evolution of Ideas,2024,2024.0,1,4.0,150,14,123,14,13,278,222,3,"Alocação de Trabalhadores;Construção de Baralho, Bolsas e Peças;Movimento Ponto-a-Ponto",1,Estratégia Abstrata,Ciências;Economia / Produção,https://ludopedia.com.br/jogo/inventions-evolution-of-ideas,0.8978102189781022,2.2601626016260163,0.1056910569105691,3,3.0,8.71,7.4,53,4.076923076923077,0.13216957605985039
50746,Unmatched: For King and Country,2023,,2,3.0,40,14,86,10,6,113,49,3,Gerenciamento de Mãos;Jogadores com Diferentes Habilidades;Movimento de Área,2,Colecionável;Miniaturas,Luta / Artes Marciais;Quadrinhos,https://ludopedia.com.br/jogo/unmatched-for-king-and-country,0.8958333333333334,1.313953488372093,0.0697674418604651,3,1.0,8.7,6.82,22,3.6666666666666665,0.11055276381909548
52715,Planta Nubo,2023,2024.0,1,4.0,120,12,129,6,2,175,121,5,Alocação de Trabalhadores;Colocação de Peças;Contratos;Seleção de Ação;Solo / Solitário,0,,Economia / Produção;Meio Ambiente,https://ludopedia.com.br/jogo/planta-nubo,0.9555555555555556,1.3565891472868217,0.0155038759689922,5,3.0,8.7,7.13,36,18.0,0.11842105263157894
54714,Doggerland,2023,2024.0,1,4.0,120,14,420,46,24,362,517,4,Alocação de Trabalhadores;Colocação de Peças;Movimento Programado;Alocação de Diferentes Tipos de Trabalhadores,0,,Pré-Histórico,https://ludopedia.com.br/jogo/doggerland,0.9012875536480688,0.861904761904762,0.0571428571428571,4,3.0,8.7,8.1,174,7.25,0.22250639386189258
13280,Luna Maris,2022,2022.0,1,4.0,120,12,635,94,43,475,748,5,Gerenciamento de Mãos;Movimento Ponto-a-Ponto;Cartas de Comando;Contratos;Recuperação de Ação,0,,Ficção Científica;Economia / Produção;Educacional,https://ludopedia.com.br/jogo/luna-maris,0.8710562414266118,0.7480314960629921,0.0677165354330708,5,3.0,8.69,8.3,300,6.976744186046512,0.2702702702702703
36126,Azul: Mestre Chocolatier,2022,2023.0,2,4.0,45,8,983,57,81,541,1215,5,Colocação de Peças;Construção a partir de Modelo;Bônus de Fim de Jogo;Compra Aberta;Ordem do Turno: Ação de Reivindicação,2,Estratégia Abstrata;Quebra-Cabeça,Gastronomia,https://ludopedia.com.br/jogo/azul-master-chocolatier,0.9451923076923076,0.5503560528992879,0.0824008138351983,5,2.0,8.69,8.4,426,5.2592592592592595,0.2795275590551181
14457,Carcassonne Plus,2017,2019.0,2,6.0,35,7,805,112,120,645,729,2,Colocação de Peças;Construção a partir de Modelo,0,,Medieval,https://ludopedia.com.br/jogo/carcassonne-big-box-6,0.8778625954198473,0.8012422360248447,0.1490683229813664,2,4.0,8.69,8.35,350,2.9166666666666665,0.2413793103448276
36937,Puerto Rico 1897,2022,,2,5.0,90,12,31,7,4,128,52,7,Ordem de Fases Variável;Bônus de Fim de Jogo;Ordem do Turno: Progressivo;Pontos de Vitória Ocultos;Seguir Ação;Seleção de Ação;Valorização dos Recursos Não Escolhidos,0,,Economia / Produção;História,https://ludopedia.com.br/jogo/puerto-rico-1897,0.8157894736842105,4.129032258064516,0.1290322580645161,7,3.0,8.69,6.82,22,5.5,0.13836477987421383
51774,Esdras e Neemias,2024,2025.0,1,4.0,120,13,380,35,21,469,419,7,Alocação de Trabalhadores;Árvores / Trilhas de Tecnologia;Encadeamento;Gerenciamento de Mãos;Movimento em Trilha;Preparação Variável;Solo / Solitário,1,Jogo de Cartas,Civilização;História;Religião;Literatura,https://ludopedia.com.br/jogo/ezra-and-nehemiah,0.9156626506024096,1.2342105263157894,0.0552631578947368,7,3.0,8.68,7.91,125,5.9523809523809526,0.14723203769140164
21413,Dominant Species: Marine,2021,,2,4.0,150,14,166,35,28,312,325,8,Alocação de Trabalhadores;Colocação de Peças;Influência / Maioria na Área;Movimento em Grades;Ordem de Fases Variável;Tabuleiro Modular;Compra Aberta;Mapa: Adição,1,4x,Animais;Meio Ambiente;Pré-Histórico,https://ludopedia.com.br/jogo/dominant-species-marine,0.8258706467661692,1.879518072289157,0.1686746987951807,8,2.0,8.68,7.79,101,3.607142857142857,0.2112970711297071
21146,Disney Villainous: Wicked to the Core,2019,,2,3.0,60,10,208,22,12,161,205,3,Gerenciamento de Mãos;Jogadores com Diferentes Habilidades;Toma Essa,4,Colecionável;Expansão ou Suplemento;Jogo de Cartas;Jogo Assimétrico,Medieval;Cultura Pop ou Geek;Fantasia;Mitologia;Literatura;Quadrinhos,https://ludopedia.com.br/jogo/disney-villainous-wicked-to-the-core,0.9043478260869564,0.7740384615384616,0.0576923076923076,3,1.0,8.68,7.46,60,5.0,0.16260162601626016
3335,Race! Formula 90,2013,,2,6.0,120,12,82,40,27,337,159,5,Gerenciamento de Mãos;Compra Aberta;Corrida;Movimento em Trilha;Simulação,0,,Esportes,https://ludopedia.com.br/jogo/race-formula-90,0.6721311475409836,4.109756097560975,0.3292682926829268,5,4.0,8.66,7.73,93,3.4444444444444446,0.22195704057279236
22705,Wonderland's War,2022,2024.0,2,5.0,125,13,981,104,101,1188,1357,11,"Construção de Baralho, Bolsas e Peças;Influência / Maioria na Área;Rolagem de Dados;Compra Aberta;Force sua sorte;Jogadores com Diferentes Habilidades;Rondel;Apostas e Blefes;Bônus de Fim de Jogo;Mover-se pelo Baralho;Sistema de Sorteio de Fichas",4,Jogo de Cartas;Jogo de Guerra;Miniaturas;Jogo Assimétrico,Fantasia,https://ludopedia.com.br/jogo/wonderland-s-war,0.904147465437788,1.211009174311927,0.1029561671763506,11,3.0,8.66,8.36,390,3.8613861386138613,0.1798063623789765
5017,Power Grid deluxe: Europe/North America,2014,,2,6.0,120,12,79,25,8,116,138,8,Construção de Redes e Rotas;Leilão / Lances;Leilão: Ordem do Turno até Passar;Mercado;Ordem de Turno: Baseado em Estatísticas;Ordem do Turno: Ordem de Passe;Pegue o Líder;Rendimentos,0,,Economia / Produção,https://ludopedia.com.br/jogo/power-grid-deluxe-europe-north-america,0.7596153846153846,1.4683544303797469,0.1012658227848101,8,4.0,8.66,7.48,63,7.875,0.3230769230769231
79022,Star Wars: Battle of Hoth,2025,2025.0,2,4.0,30,8,395,12,19,280,284,14,Campanha / Batalhas Dirigidas por Cartas;Cartas de Comando;Cenário / Missão / Campanha;Gerenciamento de Mãos;Grade Hexagonal;Influência / Maioria na Área;Jogo em Equipe;Linha de Visão;Movimento em Grades;Preparação Variável;Resolução por Símbolos nos Dados;Rolagem de Dados;Simulação;Tabuleiro Modular,1,Jogo de Guerra,Ficção Científica;Guerra,https://ludopedia.com.br/jogo/star-wars-battle-of-hoth,0.9705159705159704,0.7088607594936709,0.0481012658227848,14,2.0,8.66,7.81,106,5.578947368421052,0.15703703703703703
4176,Ticket to Ride: 10th Anniversary,2014,,2,5.0,60,8,353,52,85,778,569,8,Construção de Redes e Rotas;Gerenciamento de Mãos;Colecionar Conjuntos;Bônus de Fim de Jogo;Compra Aberta;Conexões;Contratos;Force sua sorte,0,,Transportes,https://ludopedia.com.br/jogo/ticket-to-ride-10th-anniversary,0.8716049382716049,2.2039660056657224,0.2407932011331444,8,3.0,8.65,8.27,303,3.5647058823529414,0.26790450928381965
2219,Shadows of Brimstone: Swamps of Death,2014,,1,4.0,60,12,95,38,19,198,61,3,Cooperativo;Jogadores com Diferentes Habilidades;Rolagem de Dados,1,Dungeon Crawler,Aventura;Faroeste;Horror/Terror,https://ludopedia.com.br/jogo/shadows-of-brimstone-swamps-of-death,0.7142857142857143,2.0842105263157893,0.2,3,3.0,8.65,7.24,44,2.3157894736842106,0.15017064846416384
52324,Luthier,2025,2026.0,1,4.0,150,14,59,4,10,487,163,3,Alocação de Diferentes Tipos de Trabalhadores;Alocação de Trabalhadores;Leilão / Lances,1,Jogo de Cartas,Arte;Economia / Produção;História,https://ludopedia.com.br/jogo/luthier,0.9365079365079364,8.254237288135593,0.1694915254237288,3,3.0,8.65,7.21,42,4.2,0.07692307692307693
42403,Estudiosos do Sul do Tigre,2023,2024.0,1,4.0,90,12,310,40,21,212,380,7,"Construção de Baralho, Bolsas e Peças;Influência / Maioria na Área;Gerenciamento de Mãos;Rolagem de Dados;Árvores / Trilhas de Tecnologia;Rondel;Alocação de Trabalhadores com Dados",2,Jogo de Cartas;Jogo de Dados,Medieval,https://ludopedia.com.br/jogo/-scholars-of-the-south-tigris,0.8857142857142857,0.6838709677419355,0.0677419354838709,7,3.0,8.65,7.84,113,5.380952380952381,0.2164750957854406
5854,Star Wars: Imperial Assault,2015,,2,5.0,90,12,644,207,149,1142,614,7,Jogadores com Diferentes Habilidades;Movimento em Grades;Rolagem de Dados;RPG;Jogo em Equipe;Tabuleiro Modular;Cenário / Missão / Campanha,3,Integrado com Aplicativo;Miniaturas;Dungeon Crawler,Aventura;Ficção Científica;Luta / Artes Marciais;Cultura Pop ou Geek,https://ludopedia.com.br/jogo/star-wars-imperial-assault,0.7567567567567568,1.7732919254658386,0.2313664596273291,7,3.0,8.65,8.34,370,2.4832214765100673,0.20716685330347145
29982,Zombicide: Undead or Alive,2022,2023.0,1,6.0,60,14,655,73,61,433,479,8,Cooperativo;Rolagem de Dados;Tabuleiro Modular;Cenário / Missão / Campanha;Múltiplos Mapas;Pontos de Ação;Jogadores com Diferentes Habilidades;Solo / Solitário,2,Miniaturas;Dungeon Crawler,Faroeste;Horror/Terror;Luta / Artes Marciais,https://ludopedia.com.br/jogo/zombicide-undead-or-alive,0.8997252747252747,0.6610687022900763,0.0931297709923664,8,5.0,8.65,8.14,207,3.3934426229508197,0.19025735294117646
26754,Coffee Traders,2021,,2,5.0,150,12,155,39,15,336,363,4,Influência / Maioria na Área;Pontos de Ação;Contratos;Ordem do Turno: Ordem de Passe,0,,Economia / Produção,https://ludopedia.com.br/jogo/coffee-traders,0.7989690721649485,2.167741935483871,0.0967741935483871,4,3.0,8.65,7.81,108,7.2,0.219959266802444
83723,Cozy Stickerville,2026,,1,6.0,30,8,111,2,3,131,69,5,Cenário / Missão / Campanha;Cooperativo;Escolha Narrativa;Legado;Solo / Solitário,1,Jogo de Cartas,Aventura,https://ludopedia.com.br/jogo/cozy-stickerville,0.9823008849557522,1.18018018018018,0.027027027027027,5,5.0,8.65,6.81,22,7.333333333333333,0.09090909090909091
70797,Zenkai: Adventure,2025,2025.0,1,6.0,90,10,195,19,16,113,159,7,Acertos e Falhas Críticas;Alocação de Trabalhadores com Dados;Campanha / Batalhas Dirigidas por Cartas;Influência / Maioria na Área;Movimento de Área;Rolagem de Dados;Tabuleiro Modular,0,,Anime / Manga;Aventura;Cultura Pop ou Geek,https://ludopedia.com.br/jogo/zenkai-adventure,0.911214953271028,0.5794871794871795,0.082051282051282,7,5.0,8.65,7.52,67,4.1875,0.21753246753246752
75133,Solver,2026,2026.0,2,6.0,15,8,94,1,9,53,105,5,Jogador Juiz;Ordenação;Reconhecimento de Padrões;Cooperativo;Dedução,2,Jogo de Cartas;Jogo Festivo,Genérico/Universal,https://ludopedia.com.br/jogo/solver,0.9894736842105264,0.5638297872340425,0.0957446808510638,5,4.0,8.64,7.35,52,5.777777777777778,0.35374149659863946
2218,Shadows of Brimstone: City of the Ancients,2014,,1,4.0,60,12,98,25,24,358,83,4,Cooperativo;Jogadores com Diferentes Habilidades;Rolagem de Dados;Tabuleiro Modular,1,Dungeon Crawler,Aventura;Faroeste;Horror/Terror,https://ludopedia.com.br/jogo/shadows-of-brimstone-city-of-the-ancients,0.7967479674796748,3.653061224489796,0.2448979591836734,4,3.0,8.64,7.46,62,2.5833333333333335,0.13596491228070176
29058,Carcassonne: Edição do 20° Aniversário,2021,2021.0,2,5.0,45,7,758,87,94,541,831,3,Colocação de Peças;Influência / Maioria na Área;Mapa: Adição,1,Jogo de Entrada,Medieval,https://ludopedia.com.br/jogo/carcassonne-20th-anniversary-edition,0.8970414201183432,0.7137203166226913,0.1240105540897097,3,3.0,8.64,8.32,363,3.8617021276595747,0.279445727482679
21960,O Bom do Videogame,2023,2023.0,2,5.0,60,12,545,62,41,613,762,8,Gerenciamento de Mãos;Colecionar Conjuntos;Ordem de Fases Variável;Seleção de Ação;Alocação de Trabalhadores;Bônus de Fim de Jogo;Compra Fechada;Contratos,0,,Tema de Video Game,https://ludopedia.com.br/jogo/video-game-champion,0.8978583196046128,1.1247706422018349,0.0752293577981651,8,3.0,8.63,8.22,267,6.512195121951219,0.23056994818652848
80496,Cidade Castor,2025,2026.0,2,,30,14,38,3,2,137,66,5,Colocação de Peças;Compra Aberta;Conexões;Deslizar / Empurrar;Preparação Variável,2,Jogo de Entrada;Quebra-Cabeça,Animais,https://ludopedia.com.br/jogo/timber-town,0.926829268292683,3.6052631578947367,0.0526315789473684,5,,8.63,6.94,28,14.0,0.16
21122,Pax Pamir: Segunda Edição,2019,2022.0,1,5.0,120,14,617,109,105,737,963,10,Influência / Maioria na Área;Gerenciamento de Mãos;Movimento de Área;Acordos;Pontos de Ação;Pontuar e Reiniciar;Compra Aberta;Simulação;Solo / Solitário;Valorização dos Recursos Não Escolhidos,0,,Cultura Oriental;História;Política;Economia / Produção;Policial,https://ludopedia.com.br/jogo/pax-pamir-second-edition,0.849862258953168,1.1944894651539708,0.1701782820097244,10,4.0,8.63,8.29,342,3.257142857142857,0.25258493353028066
14932,Clank! In! Space!: A Deck-Building Adventure,2017,,2,4.0,60,13,108,41,14,411,267,7,"Construção de Baralho, Bolsas e Peças;Eliminação de Jogadores;Force sua sorte;Compra Futura;Movimento Ponto-a-Ponto;Compra Aberta;Tabuleiro Modular",1,Dungeon Crawler,Ficção Científica,https://ludopedia.com.br/jogo/clank-in-space-a-deck-building-adventure,0.7248322147651006,3.8055555555555554,0.1296296296296296,7,2.0,8.63,7.81,110,7.857142857142857,0.2119460500963391
1118,Conflict of Heroes: Awakening the Bear (second edition),2012,,2,4.0,120,13,41,15,8,95,41,1,Grade Hexagonal,1,Jogo de Guerra,Guerra,https://ludopedia.com.br/jogo/conflict-of-heroes-awakening-the-bear-second-edition,0.7321428571428571,2.317073170731707,0.1951219512195122,1,2.0,8.63,7.03,32,4.0,0.23529411764705882
77825,Everdell Farshore: Edição de Colecionador,2023,2025.0,1,4.0,80,10,219,16,12,108,223,4,Alocação de Trabalhadores;Colecionar Conjuntos;Compra Aberta;Gerenciamento de Mãos,1,Jogo de Cartas,Animais;Fantasia,https://ludopedia.com.br/jogo/everdell-farshore-collector-s-edition,0.9319148936170212,0.4931506849315068,0.0547945205479452,4,3.0,8.62,7.45,62,5.166666666666667,0.18960244648318042
62114,Fate: Defensores de Grimheim,2024,2025.0,1,4.0,180,14,796,48,72,681,803,10,Cooperativo;Eventos;Gerenciamento de Mãos;Grade Hexagonal;Jogadores com Diferentes Habilidades;Movimento em Grades;Pontos de Ação;Preparação Variável;Rolagem de Dados;Solo / Solitário,0,,Aventura;Fantasia,https://ludopedia.com.br/jogo/fate-defenders-of-grimheim,0.943127962085308,0.8555276381909548,0.0904522613065326,10,3.0,8.62,8.18,246,3.4166666666666665,0.16655382532159782
66840,Azul Mini: Pavilhão de Verão,2024,2024.0,2,4.0,45,8,568,27,22,211,518,6,Bônus de Fim de Jogo;Colocação de Peças;Compra Aberta;Construção a partir de Modelo;Ordem do Turno: Ação de Reivindicação;Pontuar e Reiniciar,3,Estratégia Abstrata;Jogo de Entrada;Quebra-Cabeça,Arte,https://ludopedia.com.br/jogo/azul-summer-pavilion-mini,0.9546218487394958,0.3714788732394366,0.0387323943661971,6,2.0,8.62,8.01,165,7.5,0.21181001283697048
59347,Potion Rush,2025,2025.0,2,6.0,20,14,186,3,16,102,194,3,Colecionar Conjuntos;Gerenciamento de Mãos;Toma Essa,2,Jogo de Cartas;Jogo Festivo,Fantasia;Medieval,https://ludopedia.com.br/jogo/potion-rush,0.984126984126984,0.5483870967741935,0.086021505376344,3,4.0,8.62,7.38,56,3.5,0.19444444444444445
26735,Massive Darkness 2: Hellscape,2021,2022.0,1,6.0,60,14,549,53,71,617,301,7,Cooperativo;Jogadores com Diferentes Habilidades;Rolagem de Dados;Tabuleiro Modular;Pontos de Ação;Cenário / Missão / Campanha;Solo / Solitário,2,Miniaturas;Dungeon Crawler,Fantasia;Medieval,https://ludopedia.com.br/jogo/massive-darkness-2-hellscape,0.9119601328903656,1.1238615664845173,0.1293260473588342,7,5.0,8.62,7.97,153,2.1549295774647885,0.1312178387650086
1893,Madeira,2013,,2,4.0,120,12,201,79,37,531,418,6,Alocação de Trabalhadores;Rolagem de Dados;Alocação de Trabalhadores com Dados;Influência / Maioria na Área;Ordem de Turno: Baseado em Estatísticas;Ordem do Turno: Ordem de Passe,1,Jogo de Dados,Aventura;Economia / Produção;Civilização,https://ludopedia.com.br/jogo/madeira,0.7178571428571429,2.6417910447761193,0.1840796019900497,6,2.0,8.61,8.05,185,5.0,0.2527322404371585
1598,Freedom: The Underground Railroad,2013,,1,4.0,90,10,54,20,8,220,79,4,Cooperativo;Jogadores com Diferentes Habilidades;Pegar e Entregar;Movimento Ponto-a-Ponto,1,Quebra-Cabeça,Educacional;Guerra;Política;Economia / Produção,https://ludopedia.com.br/jogo/freedom-the-underground-railroad,0.7297297297297297,4.074074074074074,0.1481481481481481,4,3.0,8.61,7.36,54,6.75,0.19708029197080293
5495,Fire in the Lake,2014,,1,4.0,180,14,78,15,4,170,58,6,Impulso de Área;Influência / Maioria na Área;Ordem de Fases Variável;Rolagem de Dados;Campanha / Batalhas Dirigidas por Cartas;Jogadores com Diferentes Habilidades,2,Jogo de Guerra;Jogo Assimétrico,Guerra;Política,https://ludopedia.com.br/jogo/fire-in-the-lake,0.8387096774193549,2.1794871794871793,0.0512820512820512,6,3.0,8.6,6.97,30,7.5,0.12096774193548387
36576,Village: Big Box,2022,2023.0,1,5.0,120,12,378,69,41,376,512,6,Alocação de Trabalhadores;Colecionar Conjuntos;Alocação de Diferentes Tipos de Trabalhadores;Influência / Maioria na Área;Contratos;Ordem do Turno: Ação de Reivindicação,0,,Economia / Produção;Medieval,https://ludopedia.com.br/jogo/village-big-box,0.8456375838926175,0.9947089947089948,0.1084656084656084,6,4.0,8.6,8.06,191,4.658536585365853,0.253315649867374
18167,Zombicide: Dark Side,2019,2020.0,1,6.0,60,14,263,45,17,303,119,6,Cooperativo;Jogadores com Diferentes Habilidades;Jogo em Equipe;Rolagem de Dados;Pontos de Ação;Tabuleiro Modular,2,Miniaturas;Dungeon Crawler,Ficção Científica;Horror/Terror,https://ludopedia.com.br/jogo/zombicide-dark-side,0.8538961038961039,1.1520912547528517,0.0646387832699619,6,5.0,8.6,7.51,69,4.0588235294117645,0.12190812720848057
64128,Oikos,2024,2024.0,2,6.0,60,14,296,25,20,186,386,10,Bônus de Fim de Jogo;Cartas Multiuso;Cobertura de Grade;Gerenciamento de Mãos;Jogadores com Diferentes Habilidades;Mapa: Modificação;Movimento de Área;Movimento em Grades;Papéis com Informações Assimétricas;Tabuleiro Modular,2,Jogo de Cartas;Jogo Assimétrico,Animais;Cultura Brasileira;Educacional,https://ludopedia.com.br/jogo/oikos,0.9221183800623052,0.6283783783783784,0.0675675675675675,10,4.0,8.6,7.89,132,6.6,0.27385892116182575
10425,Aeon's End,2016,2023.0,1,4.0,60,14,651,104,67,757,747,10,"Gerenciamento de Mãos;Construção de Baralho, Bolsas e Peças;Cooperativo;Jogadores com Diferentes Habilidades;Ordem de Fases Variável;Compra Futura;Preparação Variável;Compra Aberta;Sistema de Sorteio de Fichas;Solo / Solitário",0,,Ficção Científica;Fantasia;Luta / Artes Marciais,https://ludopedia.com.br/jogo/aeon-s-end,0.8622516556291391,1.1628264208909371,0.1029185867895545,10,3.0,8.6,8.23,301,4.492537313432836,0.2137784090909091
25929,Imperium: Lendas,2021,2022.0,1,4.0,120,12,517,98,31,250,305,2,"Construção de Baralho, Bolsas e Peças;Gerenciamento de Mãos",1,Jogo de Cartas,Civilização,https://ludopedia.com.br/jogo/imperium-legends,0.8406504065040651,0.4835589941972921,0.0599613152804642,2,3.0,8.6,8.05,185,5.967741935483871,0.24119947848761408
52890,Star Wars: Unlimited,2024,2024.0,2,4.0,20,12,113,12,8,92,133,4,Criação de Baralho;Gerenciamento de Mãos;Rendimentos;Toma Essa,2,Colecionável;Jogo de Cartas,Aventura;Cultura Pop ou Geek;Ficção Científica,https://ludopedia.com.br/jogo/star-wars-unlimited,0.904,0.8141592920353983,0.0707964601769911,4,2.0,8.59,7.25,47,5.875,0.22926829268292684
24787,Nemesis: Lockdown,2022,,1,5.0,180,12,187,26,24,428,220,6,Cooperativo;Eliminação de Jogadores;Jogadores com Diferentes Habilidades;Rolagem de Dados;Tabuleiro Modular;Cenário / Missão / Campanha,1,Miniaturas,Aventura;Ficção Científica;Horror/Terror,https://ludopedia.com.br/jogo/nemesis-lockdown,0.8779342723004695,2.2887700534759357,0.1283422459893048,6,4.0,8.59,7.5,69,2.875,0.11219512195121951
28281,Sanduíche,2020,2020.0,2,6.0,10,7,132,8,7,60,121,2,Movimento Programado;Pegar e Entregar,1,Jogo de Cartas,Gastronomia;Quadrinhos,https://ludopedia.com.br/jogo/sanduiche-jogo-de-cartas,0.9428571428571428,0.4545454545454545,0.053030303030303,2,4.0,8.57,7.28,50,7.142857142857143,0.2604166666666667
15332,HATE,2018,,2,6.0,90,18,54,20,6,116,23,2,Influência / Maioria na Área;Alocação de Trabalhadores,1,Miniaturas,Luta / Artes Marciais;Fantasia;Literatura,https://ludopedia.com.br/jogo/hate,0.7297297297297297,2.1481481481481484,0.1111111111111111,2,4.0,8.57,6.81,23,3.8333333333333335,0.13529411764705881
1952,Russian Railroads,2013,,2,4.0,120,12,509,249,127,1032,1494,4,Alocação de Trabalhadores;Árvores / Trilhas de Tecnologia;Bônus de Fim de Jogo;Ordem do Turno: Ação de Reivindicação,0,,Economia / Produção;Transportes,https://ludopedia.com.br/jogo/russian-railroads,0.6715039577836411,2.0275049115913557,0.24950884086444,4,2.0,8.57,8.4,695,5.47244094488189,0.4510058403634004
76468,Grasse (2ª Edição),2025,2025.0,1,4.0,90,14,562,32,19,182,499,4,Alocação de Trabalhadores;Colecionar Conjuntos;Contratos;Rondel,1,Estratégia Abstrata,Economia / Produção,https://ludopedia.com.br/jogo/grasse-2-edicao,0.9461279461279462,0.3238434163701068,0.0338078291814946,4,3.0,8.57,7.95,158,8.31578947368421,0.21236559139784947
32942,Azul: Jardim da Rainha,2021,2022.0,2,4.0,60,10,977,88,91,848,1352,5,Colocação de Peças;Colecionar Conjuntos;Construção a partir de Modelo;Bônus de Fim de Jogo;Ordem do Turno: Ação de Reivindicação,2,Estratégia Abstrata;Quebra-Cabeça,,https://ludopedia.com.br/jogo/azul-queen-s-garden,0.9173708920187792,0.8679631525076765,0.0931422722620266,5,2.0,8.57,8.3,425,4.670329670329671,0.2328767123287671
1850,Cuba Libre,2013,,1,4.0,180,14,127,25,15,290,123,5,Campanha / Batalhas Dirigidas por Cartas;Influência / Maioria na Área;Movimento de Área;Jogadores com Diferentes Habilidades;Rolagem de Dados,2,Jogo de Guerra;Jogo Assimétrico,Guerra;Política;História,https://ludopedia.com.br/jogo/cuba-libre,0.8355263157894737,2.283464566929134,0.1181102362204724,5,3.0,8.57,7.33,54,3.6,0.12949640287769784
2565,Xia: Legends of a Drift System,2014,,3,5.0,180,12,162,49,51,459,308,10,Colocação de Peças;Jogadores com Diferentes Habilidades;Movimento em Grades;Pegar e Entregar;Rolagem de Dados;Pontos de Ação;Tabuleiro Modular;Rolar / Girar e Mover;Corrida;Mapa: Adição,2,4x;Miniaturas,Aventura;Ficção Científica;Luta / Artes Marciais;Transportes,https://ludopedia.com.br/jogo/xia-legends-of-a-drift-system,0.7677725118483413,2.8333333333333335,0.3148148148148148,10,2.0,8.56,7.84,128,2.5098039215686274,0.20611916264090177
24015,Kemet: Blood and Sand,2021,2021.0,2,5.0,120,13,605,113,62,594,661,10,Influência / Maioria na Área;Gerenciamento de Mãos;Movimento de Área;Pontos de Ação;Crescimento Automático de Recursos;Marcadores de Ordens;Zona de Controle;Árvores / Trilhas de Tecnologia;Compra Aberta;Resolução de Conflitos por Cartas,2,Jogo de Guerra;Miniaturas,Cultura Africana;Luta / Artes Marciais;Mitologia;Guerra,https://ludopedia.com.br/jogo/kemet-blood-and-sand,0.8426183844011143,0.9818181818181818,0.1024793388429752,10,3.0,8.56,8.13,249,4.016129032258065,0.20767306088407006
13917,Thunderstone Quest,2018,,2,4.0,90,14,38,10,3,114,73,1,"Construção de Baralho, Bolsas e Peças",1,Jogo de Cartas,Fantasia,https://ludopedia.com.br/jogo/thunderstone-quest,0.7916666666666666,3.0,0.0789473684210526,1,2.0,8.56,6.88,26,8.666666666666666,0.17105263157894737
25605,The Red Cathedral,2020,2021.0,1,4.0,60,10,1605,262,124,911,2118,3,Influência / Maioria na Área;Rolagem de Dados;Rondel,0,,Economia / Produção,https://ludopedia.com.br/jogo/the-red-cathedral,0.8596679164434923,0.567601246105919,0.0772585669781931,3,3.0,8.56,8.4,763,6.153225806451613,0.3032591414944356
1874,Rococo,2013,,2,5.0,90,12,258,105,44,666,667,8,"Gerenciamento de Mãos;Construção de Baralho, Bolsas e Peças;Influência / Maioria na Área;Recuperação de Ação;Colecionar Conjuntos;Compra Futura;Ordem do Turno: Ação de Reivindicação;Compra Aberta",0,,História,https://ludopedia.com.br/jogo/rococo,0.7107438016528925,2.5813953488372094,0.1705426356589147,8,3.0,8.56,8.2,305,6.931818181818182,0.3300865800865801
25167,Os Desejos do Sultão,2021,2021.0,1,4.0,60,14,349,39,38,180,357,5,Colecionar Conjuntos;Gerenciamento de Mãos;Memória;Alocação de Trabalhadores;Apostas em Metas,0,,Fantasia;Animais,https://ludopedia.com.br/jogo/os-desejos-do-sultao,0.8994845360824743,0.5157593123209169,0.1088825214899713,5,3.0,8.56,7.98,171,4.5,0.32325141776937616
56126,Critter Kitchen,2025,2025.0,1,5.0,70,10,722,31,45,591,810,3,Contratos;Jogadores com Diferentes Habilidades;Movimento Programado,0,,Animais;Gastronomia,https://ludopedia.com.br/jogo/critter-kitchen,0.9588313413014607,0.8185595567867036,0.0623268698060941,3,4.0,8.56,8.11,235,5.222222222222222,0.178979436405179
10546,Pandemic Iberia,2016,2023.0,2,5.0,45,8,537,79,34,505,456,10,Gerenciamento de Mãos;Colecionar Conjuntos;Cooperativo;Jogadores com Diferentes Habilidades;Movimento Ponto-a-Ponto;Pontos de Ação;Construção de Redes e Rotas;Solo / Solitário;Cartas Multiuso;Negociação,0,,Ciências;Transportes,https://ludopedia.com.br/jogo/pandemic-iberia,0.8717532467532467,0.9404096834264432,0.0633147113594041,10,3.0,8.56,8.05,199,5.852941176470588,0.190978886756238
68249,Bomb Busters,2024,2026.0,2,5.0,30,10,864,14,49,889,1123,8,Cenário / Missão / Campanha;Comunicação Limitada;Cooperativo;Dedução;Fim por Morte Súbita;Habilidades 1 vez por Partida;Memória;Tempo Real,0,,Animais;Policial,https://ludopedia.com.br/jogo/bomb-busters,0.9840546697038725,1.0289351851851851,0.0567129629629629,8,3.0,8.55,8.16,278,5.673469387755102,0.15858528237307473
61099,Splendor: Pokémon,2023,,2,4.0,30,10,492,25,36,455,714,6,Colecionar Conjuntos;Compra Aberta;Contratos;Corrida;Compra Futura;Ordem do Turno: Progressivo,1,Jogo de Cartas,Cultura Pop ou Geek;Tema de Video Game;Anime / Manga,https://ludopedia.com.br/jogo/splendor-pokemon,0.9516441005802708,0.9247967479674796,0.073170731707317,6,2.0,8.55,7.97,172,4.777777777777778,0.1816261879619852
22860,Destinos,2021,2022.0,1,3.0,150,14,630,153,53,712,532,11,Narração de Histórias;Colocação de Peças;Rolagem de Dados;RPG;Cenário / Missão / Campanha;Mapa: Adição;Solo / Solitário;Movimento de Área;Ordem do Turno: Progressivo;Pistas Direcionadas;Resolução com Testes de Estatísticas,2,Integrado com Aplicativo;Miniaturas,Aventura;Fantasia;Medieval,https://ludopedia.com.br/jogo/destinies,0.8045977011494253,1.13015873015873,0.0841269841269841,11,2.0,8.55,8.12,250,4.716981132075472,0.18628912071535023
24434,Disney Villainous: Perfectly Wretched,2020,,2,3.0,60,10,176,17,11,125,187,3,Gerenciamento de Mãos;Jogadores com Diferentes Habilidades;Toma Essa,4,Colecionável;Expansão ou Suplemento;Jogo de Cartas;Jogo Assimétrico,Cultura Pop ou Geek;Quadrinhos;Fantasia;Literatura;Medieval;Mitologia,https://ludopedia.com.br/jogo/disney-villainous-perfectly-wretched,0.911917098445596,0.7102272727272727,0.0625,3,1.0,8.55,7.29,51,4.636363636363637,0.16943521594684385
39887,Dungeon Fighter: Nas Catacumbas dos Fantasmas Funestos,2022,2022.0,1,4.0,60,8,72,18,7,118,42,3,Cooperativo;Jogadores com Diferentes Habilidades;Rolagem de Dados,1,Jogo Festivo,Aventura;Fantasia,https://ludopedia.com.br/jogo/dungeon-fighter-in-the-catacombs-of-gloomy-ghosts,0.8,1.6388888888888888,0.0972222222222222,3,3.0,8.55,6.87,26,3.7142857142857144,0.1368421052631579
26212,Paleo,2020,2022.0,1,4.0,60,10,436,90,43,639,485,3,Cooperativo;Seleção de Ação Simultânea;Memória,0,,Pré-Histórico,https://ludopedia.com.br/jogo/paleo,0.8288973384030418,1.4655963302752293,0.0986238532110091,3,3.0,8.55,8.02,189,4.395348837209302,0.1758139534883721
65898,Black Forest,2024,2025.0,1,4.0,120,14,352,26,19,515,486,8,Alocação de Trabalhadores;Bônus de Fim de Jogo;Colecionar Conjuntos;Colocação de Peças;Crescimento Automático de Recursos;Habilidades 1 vez por Partida;Preparação Variável;Solo / Solitário,0,,Economia / Produção;Medieval,https://ludopedia.com.br/jogo/black-forest,0.9312169312169312,1.463068181818182,0.0539772727272727,8,3.0,8.55,7.86,134,7.052631578947368,0.15455594002306805
37838,Betrayal at House on the Hill: 3rd Edition,2022,,3,6.0,60,14,240,23,31,367,211,9,Eliminação de Jogadores;Jogadores com Diferentes Habilidades;Jogo em Equipe;Rolagem de Dados;RPG;Tabuleiro Modular;Mapa: Adição;Narração de Histórias;Traidor,1,Miniaturas,Aventura;Fantasia;Horror/Terror,https://ludopedia.com.br/jogo/betrayal-at-house-on-the-hill-3rd-edition,0.9125475285171104,1.5291666666666666,0.1291666666666666,9,3.0,8.55,7.58,81,2.6129032258064515,0.13344316309719934
19212, Chicago 1875: City of the Big Shoulders,2019,2026.0,1,4.0,180,14,160,38,37,393,329,12,Alocação de Trabalhadores;Colocação de Peças;Especulação de Commodities;Jogadores com Diferentes Habilidades;Mercado de Ações;Propriedade;Bônus de Fim de Jogo;Contratos;Investimento;Rendimentos;Ordem do Turno: Ação de Reivindicação;Preparação Variável,0,,Educacional;Economia / Produção,https://ludopedia.com.br/jogo/-chicago-1875-city-of-the-big-shoulders,0.8080808080808081,2.45625,0.23125,12,3.0,8.54,7.83,130,3.5135135135135136,0.23508137432188064
25200,Pandemic Legacy: Season 0,2020,2021.0,1,4.0,60,14,644,62,12,254,391,5,Cooperativo;Movimento Ponto-a-Ponto;Pontos de Ação;Gerenciamento de Mãos;Legado,0,,Ciências,https://ludopedia.com.br/jogo/pandemic-legacy-season-0,0.9121813031161472,0.3944099378881988,0.0186335403726708,5,3.0,8.54,7.88,143,11.916666666666666,0.15924276169265034
70711,Águas Rasas,2025,2026.0,1,4.0,45,14,491,5,19,389,709,8,Bônus de Fim de Jogo;Cobertura de Grade;Colecionar Conjuntos;Colocação de Peças;Compra Aberta;Construção a partir de Modelo;Preparação Variável;Solo / Solitário,2,Estratégia Abstrata;Quebra-Cabeça,Animais,https://ludopedia.com.br/jogo/shallow-sea,0.9899193548387096,0.7922606924643585,0.0386965376782077,8,3.0,8.54,7.93,160,8.421052631578947,0.18181818181818182
24726,Praga Caput Regni,2020,2022.0,1,4.0,120,12,438,115,30,411,675,9,Colocação de Peças;Influência / Maioria na Área;Grade Hexagonal;Bônus de Fim de Jogo;Cerco de Área;Movimento em Trilha;Movimento Tridimensional;Preparação Variável;Rendimentos,0,,Medieval,https://ludopedia.com.br/jogo/praga-caput-regni,0.7920433996383364,0.9383561643835616,0.0684931506849315,9,3.0,8.54,8.11,248,8.266666666666667,0.2921083627797409
21221,Star Wars: Orla Exterior,2019,2019.0,1,4.0,180,14,1234,230,136,661,1310,7,Jogadores com Diferentes Habilidades;Rolagem de Dados;Pegar e Entregar;Resolução por Símbolos nos Dados;Tabuleiro Modular;Negociação;Corrida,0,,Ficção Científica;Cultura Pop ou Geek;Aventura;Transportes,https://ludopedia.com.br/jogo/star-wars-outer-rim,0.842896174863388,0.5356564019448946,0.1102106969205834,7,3.0,8.53,8.34,605,4.448529411764706,0.31926121372031663
28631,Overboss: A Boss Monster Adventure,2021,,1,5.0,30,8,37,13,1,108,76,6,Colecionar Conjuntos;Colocação de Peças;Construção a partir de Modelo;Peças como Mapa;Compra Aberta;Solo / Solitário,1,Quebra-Cabeça,Fantasia;Tema de Video Game,https://ludopedia.com.br/jogo/overboss-a-boss-monster-adventure,0.74,2.918918918918919,0.027027027027027,6,4.0,8.53,6.75,21,21.0,0.14482758620689656
22980,Clinic: Deluxe Edition,2020,,1,4.0,150,14,150,41,10,260,215,7,Colocação de Peças;Pegar e Entregar;Simulação;Pegue o Líder;Construção de Redes e Rotas;Movimento Tridimensional;Solo / Solitário,0,,Ciências;Economia / Produção;Transportes,https://ludopedia.com.br/jogo/clinic-deluxe-edition,0.7853403141361257,1.7333333333333334,0.0666666666666666,7,3.0,8.53,7.48,71,7.1,0.17317073170731706
35666,Tiletum,2022,2025.0,1,4.0,120,14,391,39,21,404,635,6,Colecionar Conjuntos;Movimento Ponto-a-Ponto;Rolagem de Dados;Pontos de Ação;Contratos;Bônus de Fim de Jogo,1,Jogo de Dados,Economia / Produção;Medieval,https://ludopedia.com.br/jogo/tiletum,0.9093023255813952,1.0332480818414322,0.0537084398976982,6,3.0,8.53,8.01,191,9.095238095238095,0.24025157232704403
7250,Forbidden Stars,2015,,2,4.0,180,14,180,58,46,462,248,7,Influência / Maioria na Área;Jogadores com Diferentes Habilidades;Tabuleiro Modular;Gerenciamento de Mãos;Rolagem de Dados;Apostas e Blefes;Marcadores de Ordens,1,Jogo de Guerra,Ficção Científica;Guerra,https://ludopedia.com.br/jogo/forbidden-stars,0.7563025210084033,2.566666666666667,0.2555555555555555,7,2.0,8.53,7.86,139,3.0217391304347827,0.21651090342679127
36022,Marvel Dice Throne: Scarlet Witch v. Thor v. Loki v. Spider-Man,2022,,2,6.0,40,12,115,17,5,75,120,3,Rolagem de Dados;Rolar Novamente e Bloqueio;Toma Essa,3,Expansão ou Suplemento;Jogo de Cartas;Jogo de Dados,Cultura Pop ou Geek;Quadrinhos,https://ludopedia.com.br/jogo/marvel-dice-throne-scarlet-witch-v-thor-v-loki-v-spider-man,0.8712121212121212,0.6521739130434783,0.0434782608695652,3,4.0,8.52,7.23,48,9.6,0.25263157894736843
22391,Crokinolinho,2012,,2,4.0,30,7,41,7,5,27,48,1,Jogo em Equipe,1,Estratégia Abstrata,,https://ludopedia.com.br/jogo/crokinolinho,0.8541666666666666,0.6585365853658537,0.1219512195121951,1,2.0,8.52,6.79,23,4.6,0.3382352941176471
51347,Travel Zombicide: 2nd Edition,2021,,1,6.0,90,14,34,3,5,36,36,9,Cenário / Missão / Campanha;Cooperativo;Gerenciamento de Mãos;Jogo em Equipe;Movimento em Grades;Múltiplos Mapas;Pontos de Ação;Rolagem de Dados;Tabuleiro Modular,0,,Horror/Terror,https://ludopedia.com.br/jogo/travel-zombicide-2nd-edition,0.918918918918919,1.0588235294117647,0.1470588235294117,9,5.0,8.52,6.79,23,4.6,0.32857142857142857
8688,Empires: Age of Discovery,2015,2018.0,2,6.0,150,10,149,63,35,456,410,5,Alocação de Trabalhadores;Influência / Maioria na Área;Colecionar Conjuntos;Jogadores com Diferentes Habilidades;Alocação de Diferentes Tipos de Trabalhadores,1,4x,Aventura;História;Civilização,https://ludopedia.com.br/jogo/empires-age-of-discovery,0.7028301886792453,3.0604026845637584,0.2348993288590604,5,4.0,8.52,7.96,176,5.0285714285714285,0.2909090909090909
77063,Finspan,2025,2025.0,1,5.0,60,10,866,49,47,622,1210,4,Gerenciamento de Mãos;Solo / Solitário;Bônus de Fim de Jogo;Habilidades 1 vez por Partida,1,Jogo de Cartas,Animais;Educacional;Meio Ambiente,https://ludopedia.com.br/jogo/finspan,0.946448087431694,0.7182448036951501,0.0542725173210161,4,4.0,8.52,8.15,294,6.25531914893617,0.1975806451612903
35,Tide of Iron,2007,,2,4.0,120,12,70,27,19,222,75,2,Rolagem de Dados;Tabuleiro Modular,0,,Guerra,https://ludopedia.com.br/jogo/tide-of-iron,0.7216494845360825,3.1714285714285713,0.2714285714285714,2,2.0,8.52,7.38,61,3.210526315789474,0.2089041095890411
47450,Cyclades: Legendary,2025,2025.0,2,6.0,120,13,568,32,45,560,593,10,Influência / Maioria na Área;Leilão / Lances;Leilão: Colocação Fixa;Colecionar Conjuntos;Movimento de Área;Ordem de Fases Variável;Ordem do Turno: Leilão;Preparação Variável;Rolagem de Dados;Leilão: Lances Restritos,1,Miniaturas,Mitologia;Civilização;Luta / Artes Marciais;Transportes,https://ludopedia.com.br/jogo/cyclades-legendary,0.9466666666666668,0.9859154929577464,0.079225352112676,10,4.0,8.52,8.0,193,4.288888888888889,0.17109929078014185
25928,Imperium: Clássicos,2021,2022.0,1,4.0,120,12,684,139,58,383,641,2,"Construção de Baralho, Bolsas e Peças;Gerenciamento de Mãos",1,Jogo de Cartas,Civilização,https://ludopedia.com.br/jogo/imperium-classics,0.8311057108140948,0.5599415204678363,0.0847953216374269,2,3.0,8.52,8.14,283,4.879310344827586,0.26522961574507964
58149,Come Sail Away!,2023,2025.0,1,4.0,25,10,443,16,16,287,510,3,Compra Fechada;Mancala;Tabuleiro Modular,0,,Aventura;Transportes,https://ludopedia.com.br/jogo/come-sail-away,0.9651416122004356,0.6478555304740407,0.0361173814898419,3,3.0,8.41,7.75,133,8.3125,0.1821917808219178
58652,Criaturas Maravilhosas ,2024,2026.0,1,4.0,120,14,48,5,15,818,212,9,Colecionar Conjuntos;Colocação de Peças;Corrida;Grade Hexagonal;Alocação de Diferentes Tipos de Trabalhadores;Bônus de Fim de Jogo;Compra Aberta;Jogadores com Diferentes Habilidades;Marcas,1,Jogo Assimétrico,Fantasia,https://ludopedia.com.br/jogo/wondrous-creatures,0.9056603773584906,17.041666666666668,0.3125,9,3.0,8.41,7.13,44,2.933333333333333,0.050808314087759814
53260,Geekmon Capture,2025,2025.0,2,6.0,20,14,431,19,40,162,527,3,Captura de Peças;Colecionar Conjuntos;Peteleco,3,Destreza;Jogo de Entrada;Jogo Festivo,Anime / Manga;Cultura Pop ou Geek,https://ludopedia.com.br/jogo/geekmon-capture,0.9577777777777776,0.3758700696055684,0.0928074245939675,3,4.0,8.4,8.01,255,6.375,0.4300168634064081
13148,Railways of Nippon,2018,2021.0,2,4.0,120,12,79,26,4,119,134,12,Construção de Redes e Rotas;Pegar e Entregar;Bônus de Fim de Jogo;Colocação de Peças;Conexões;Empréstimos;Grade Hexagonal;Ordem do Turno: Leilão;Propriedade;Rendimentos;Compra Aberta;Pontos de Ação,0,,Transportes,https://ludopedia.com.br/jogo/railways-of-nippon,0.7523809523809524,1.5063291139240509,0.050632911392405,12,2.0,8.39,7.29,59,14.75,0.29797979797979796
26310,Oltréé,2021,2022.0,2,4.0,120,8,590,74,44,403,541,5,Campanha / Batalhas Dirigidas por Cartas;Cooperativo;Rolagem de Dados;Narração de Histórias;Cenário / Missão / Campanha,0,,Aventura;Fantasia;Medieval,https://ludopedia.com.br/jogo/oltree,0.8885542168674698,0.6830508474576271,0.0745762711864406,5,2.0,8.39,7.94,218,4.954545454545454,0.21953675730110775
51301,Kutná Hora: The City of Silver,2023,,2,4.0,120,13,100,19,5,168,251,4,Colocação de Peças;Fila de Ações;Influência / Maioria na Área;Mercado,0,,Economia / Produção;Medieval,https://ludopedia.com.br/jogo/kutna-hora-the-city-of-silver,0.8403361344537815,1.68,0.05,4,2.0,8.39,7.32,62,12.4,0.23134328358208955
24783,Apex K-Truck Racer,2020,2021.0,2,6.0,180,14,51,21,6,54,58,6,Movimento Programado;Alocação de Trabalhadores;Cooperativo;Movimento em Grades;Pegar e Entregar;Tabuleiro Modular,2,Jogo de Guerra;Miniaturas,Ficção Científica,https://ludopedia.com.br/jogo/apex-k-truck-racer,0.7083333333333334,1.0588235294117647,0.1176470588235294,6,4.0,8.39,6.92,31,5.166666666666667,0.29523809523809524
5494,Kanban: Automotive Revolution,2014,,2,4.0,120,10,112,46,12,155,207,4,Influência / Maioria na Área;Movimento Ponto-a-Ponto;Ordem de Fases Variável;Pontos de Ação,0,,Economia / Produção,https://ludopedia.com.br/jogo/kanban-automotive-revolution,0.7088607594936709,1.3839285714285714,0.1071428571428571,4,2.0,8.39,7.65,110,9.166666666666666,0.41198501872659177
8232,Runebound (Third Edition),2015,,2,4.0,180,14,105,49,23,239,135,11,"Jogadores com Diferentes Habilidades;Rolagem de Dados;Construção de Baralho, Bolsas e Peças;Grade Hexagonal;Movimento de Área;Pontos de Ação;Preparação Variável;Resolução com Testes de Estatísticas;Resolução por Símbolos nos Dados;Rolar / Girar e Mover;RPG",2,Jogo de Dados;Miniaturas,Aventura;Fantasia,https://ludopedia.com.br/jogo/runebound-third-edition,0.6818181818181818,2.276190476190476,0.219047619047619,11,2.0,8.39,7.46,78,3.391304347826087,0.22674418604651161
22852,Ankh: Deuses do Egito,2021,2022.0,2,5.0,90,12,1055,152,121,905,1091,12,Influência / Maioria na Área;Eliminação de Jogadores;Jogadores com Diferentes Habilidades;Movimento em Grades;Recuperação de Ação;Alianças;Árvores / Trilhas de Tecnologia;Corrida;Grade Hexagonal;Leilão: Lance Selado;Resolução de Conflitos por Cartas;Suporte sem Recompensa,1,Miniaturas,Mitologia;Fantasia;Guerra;História;Cultura Africana,https://ludopedia.com.br/jogo/ankh-gods-of-egypt,0.8740679370339686,0.8578199052132701,0.114691943127962,12,3.0,8.39,8.14,434,3.5867768595041323,0.22142857142857142
1506,Navegador,2010,,2,5.0,90,12,167,59,23,296,377,5,Movimento de Área;Ordem de Fases Variável;Ficha de Vantagem;Mercado;Rondel,0,,Aventura;História;Economia / Produção;Transportes,https://ludopedia.com.br/jogo/navegador,0.7389380530973452,1.7724550898203593,0.1377245508982036,5,3.0,8.39,7.87,180,7.826086956521739,0.38876889848812096
13930,The Godfather: Império Corleone,2017,2017.0,2,5.0,90,14,865,202,130,953,1571,10,Alocação de Trabalhadores;Influência / Maioria na Área;Gerenciamento de Mãos;Leilão / Lances;Force sua sorte;Memória;Toma Essa;Colecionar Conjuntos;Alocação de Diferentes Tipos de Trabalhadores;Compra Aberta,1,Miniaturas,Cultura Pop ou Geek;Policial;Literatura,https://ludopedia.com.br/jogo/the-godfather-corleone-s-empire,0.8106841611996252,1.1017341040462427,0.1502890173410404,10,3.0,8.39,8.24,745,5.730769230769231,0.4097909790979098
18191,Black Rose Wars,2019,,1,4.0,90,14,38,11,5,167,91,9,"Movimento Programado;Campanha / Batalhas Dirigidas por Cartas;Construção de Baralho, Bolsas e Peças;Influência / Maioria na Área;Gerenciamento de Mãos;Jogadores com Diferentes Habilidades;Movimento de Área;Tabuleiro Modular;Apostas e Blefes",2,Jogo de Cartas;Miniaturas,História;Fantasia,https://ludopedia.com.br/jogo/black-rose-wars,0.7755102040816326,4.394736842105263,0.131578947368421,9,3.0,8.38,6.81,26,5.2,0.12682926829268293
40471,Dorfromantik: The Board Game,2022,2025.0,1,6.0,30,8,808,79,53,847,806,8,Colocação de Peças;Cooperativo;Influência / Maioria na Área;Grade Hexagonal;Mapa: Adição;Cenário / Missão / Campanha;Tabuleiro Modular;Preparação Variável,0,,Tema de Video Game,https://ludopedia.com.br/jogo/dorfromantik-the-board-game,0.910935738444194,1.0482673267326732,0.0655940594059406,8,5.0,8.38,8.02,280,5.283018867924528,0.1691842900302115
34778,Tutan Tumba,2024,2024.0,2,6.0,45,10,583,44,36,325,783,6,Movimento Programado;Colocação de Peças;Rolagem de Dados;Rolar / Girar e Mover;Tabuleiro Modular;Toma Essa,3,Estratégia Abstrata;Jogo de Dados;Jogo Festivo,Civilização;História;Mitologia;Cultura Oriental;Religião,https://ludopedia.com.br/jogo/tutan-tumba,0.9298245614035088,0.5574614065180102,0.0617495711835334,6,4.0,8.38,7.96,236,6.555555555555555,0.2599118942731278
35271,Dead by Daylight: The Board Game,2023,2023.0,3,5.0,60,18,403,58,69,621,507,4,Seleção de Ação Simultânea;Jogadores com Diferentes Habilidades;Jogo em Equipe;Rolagem de Dados,1,Miniaturas,Adulto;Horror/Terror;Tema de Video Game,https://ludopedia.com.br/jogo/dead-by-daylight-the-board-game,0.8741865509761388,1.5409429280397022,0.1712158808933002,4,2.0,8.38,7.89,192,2.782608695652174,0.1875
51179,Barcelona,2023,2023.0,1,4.0,90,14,413,73,26,358,711,3,Alocação de Trabalhadores;Bônus de Fim de Jogo;Colocação de Peças,0,,História,https://ludopedia.com.br/jogo/barcelona,0.8497942386831275,0.8668280871670703,0.0629539951573849,3,3.0,8.38,7.93,211,8.115384615384615,0.27367055771725035
657,Dungeon Lords,2009,,2,4.0,90,12,266,123,37,431,536,5,Movimento Programado;Seleção de Ação Simultânea;Gerenciamento de Mãos;Alocação de Trabalhadores;Colocação de Peças,0,,Aventura;Fantasia,https://ludopedia.com.br/jogo/dungeon-lords,0.6838046272493573,1.6203007518796992,0.1390977443609022,5,2.0,8.38,8.0,268,7.243243243243243,0.38450502152080346
121,Runewars,2010,,2,4.0,180,12,204,92,50,379,290,5,Seleção de Ação Simultânea;Influência / Maioria na Área;Leilão / Lances;Movimento de Área;Tabuleiro Modular,1,4x,Aventura;Luta / Artes Marciais;Fantasia,https://ludopedia.com.br/jogo/runewars,0.6891891891891891,1.857843137254902,0.2450980392156862,5,2.0,8.38,7.88,191,3.82,0.3276157804459691
35672,Skymines,2022,2023.0,1,4.0,120,12,551,79,17,313,653,4,Gerenciamento de Mãos;Jogadores com Diferentes Habilidades;Mercado de Ações;Investimento,0,,Economia / Produção;Ficção Científica,https://ludopedia.com.br/jogo/skymines,0.8746031746031746,0.5680580762250453,0.0308529945553539,4,3.0,8.38,7.88,190,11.176470588235293,0.2199074074074074
67633,Intarsia,2024,2025.0,2,4.0,60,10,506,21,22,388,815,2,Colecionar Conjuntos;Construção a partir de Modelo,2,Estratégia Abstrata;Quebra-Cabeça,Arte,https://ludopedia.com.br/jogo/intarsia,0.9601518026565464,0.766798418972332,0.0434782608695652,2,2.0,8.38,7.88,187,8.5,0.20917225950782997
61070,Galileo Galilei,2024,2026.0,1,4.0,100,12,313,16,10,396,472,5,Influência / Maioria na Área;Seleção de Ação;Solo / Solitário;Bônus de Fim de Jogo;Preparação Variável,0,,História,https://ludopedia.com.br/jogo/galileo-galilei,0.9513677811550152,1.2651757188498405,0.0319488817891373,5,3.0,8.38,7.6,104,10.4,0.1466854724964739
408,The Great Zimbabwe,2012,,2,5.0,150,14,111,31,25,259,264,5,Construção de Redes e Rotas;Jogadores com Diferentes Habilidades;Leilão / Lances;Tabuleiro Modular;Colocação de Peças,0,,Economia / Produção;Transportes;Civilização;Pré-Histórico,https://ludopedia.com.br/jogo/the-great-zimbabwe,0.7816901408450704,2.3333333333333335,0.2252252252252252,5,3.0,8.37,7.66,117,4.68,0.3162162162162162
58768,Daitoshi,2024,2025.0,1,4.0,120,14,135,15,6,216,188,2,Alocação de Trabalhadores;Tabuleiro Modular,0,,Economia / Produção;Mitologia,https://ludopedia.com.br/jogo/daitoshi,0.9,1.6,0.0444444444444444,2,3.0,8.37,7.11,44,7.333333333333333,0.12535612535612536
64355,Pokésonne (Fan-Made),2024,,2,6.0,45,7,207,24,15,135,216,7,Colocação de Peças;Influência / Maioria na Área;Bônus de Fim de Jogo;Colecionar Conjuntos;Compra Fechada;Mapa: Adição;Ordem do Turno: Progressivo,2,Imprima e Jogue;Jogo de Entrada,Cultura Pop ou Geek,https://ludopedia.com.br/jogo/pokesonne-fan-made,0.8961038961038961,0.6521739130434783,0.072463768115942,7,4.0,8.37,7.36,67,4.466666666666667,0.195906432748538
79495,Memoriabô,2025,2025.0,2,4.0,20,5,57,1,10,18,57,2,Memória;Colecionar Conjuntos,3,Jogo de Cartas;Jogo de Entrada;Quebra-Cabeça,Ciências;Ficção Científica,https://ludopedia.com.br/jogo/memoriabo,0.9827586206896552,0.3157894736842105,0.175438596491228,2,2.0,8.37,6.79,25,2.5,0.3333333333333333
11672,Agricola: Family Edition,2016,,1,4.0,45,8,93,41,11,105,142,3,Alocação de Trabalhadores;Colecionar Conjuntos;Crescimento Automático de Recursos,0,,Animais;Economia / Produção,https://ludopedia.com.br/jogo/agricola-family-edition,0.6940298507462687,1.1290322580645162,0.1182795698924731,3,3.0,8.37,7.44,78,7.090909090909091,0.3939393939393939
56584,Shipyard (Second Edition) ,2023,2024.0,1,4.0,120,12,118,18,2,136,155,7,Bônus de Fim de Jogo;Colecionar Conjuntos;Colocação de Peças;Compra Aberta;Contratos;Rondel;Tabuleiro Modular,0,,Economia / Produção,https://ludopedia.com.br/jogo/shipyard-second-edition,0.8676470588235294,1.152542372881356,0.0169491525423728,7,3.0,8.37,7.15,47,23.5,0.18503937007874016
66644,Marcha das Formigas,2025,2026.0,1,5.0,90,14,124,8,5,334,148,6,Colocação de Peças;Grade Hexagonal;Influência / Maioria na Área;Mapa: Adição;Movimento em Grades;Tabuleiro Modular,1,4x,Animais;Aventura;Civilização,https://ludopedia.com.br/jogo/march-of-the-ants-evolved-edition,0.9393939393939394,2.693548387096774,0.0403225806451612,6,4.0,8.37,6.79,25,5.0,0.05458515283842795
25174,Amsterdam,2022,,1,4.0,120,12,61,18,2,195,91,6,Colecionar Conjuntos;Construção de Redes e Rotas;Pegar e Entregar;Rolagem de Dados;Pontos de Ação;Gerenciamento de Mãos,1,Jogo de Dados,Transportes,https://ludopedia.com.br/jogo/amsterdam,0.7721518987341772,3.19672131147541,0.0327868852459016,6,3.0,8.36,6.95,34,17.0,0.1328125
79,Dungeon Command: Blood of Gruumsh,2013,,2,4.0,90,12,190,61,20,172,156,5,Gerenciamento de Mãos;Campanha / Batalhas Dirigidas por Cartas;Jogadores com Diferentes Habilidades;Movimento de Área;Tabuleiro Modular,2,Jogo de Cartas;Miniaturas,Fantasia,https://ludopedia.com.br/jogo/dungeon-command-blood-of-gruumsh,0.7569721115537849,0.9052631578947368,0.1052631578947368,5,2.0,8.36,7.59,103,5.15,0.2845303867403315
14303,As Lendas de Andor: A Última Esperança,2017,2017.0,2,4.0,90,10,249,38,22,267,70,11,Cooperativo;Jogadores com Diferentes Habilidades;Rolagem de Dados;Gerenciamento de Mãos;Movimento Ponto-a-Ponto;Narração de Histórias;Pegar e Entregar;RPG;Simulação;Pontos de Ação;Cenário / Missão / Campanha,0,,Aventura;Fantasia;Medieval,https://ludopedia.com.br/jogo/legends-of-andor-the-last-hope,0.867595818815331,1.072289156626506,0.0883534136546184,11,2.0,8.36,7.31,62,2.8181818181818183,0.12015503875968993
763,Hansa Teutonica,2009,,2,5.0,60,12,286,154,64,433,892,7,Construção de Redes e Rotas;Pontos de Ação;Árvores / Trilhas de Tecnologia;Bônus de Fim de Jogo;Influência / Maioria na Área;Propriedade;Toma Essa,0,,História,https://ludopedia.com.br/jogo/hansa-teutonica,0.65,1.513986013986014,0.2237762237762237,7,3.0,8.36,8.07,354,5.53125,0.49235048678720444
57141,Ratos de Wistar,2023,2025.0,1,4.0,90,13,344,29,19,334,483,3,Alocação de Trabalhadores;Eventos;Preparação Variável,1,Jogo de Cartas,Animais,https://ludopedia.com.br/jogo/rats-of-wistar,0.9222520107238604,0.9709302325581396,0.0552325581395348,3,3.0,8.36,7.68,123,6.473684210526316,0.18141592920353983
57912,Mamutensão,2024,2024.0,2,5.0,50,8,61,1,1,25,77,4,Rolagem de Dados;Seleção de Ação;Semi-Cooperativo;Solo / Solitário,2,Jogo de Cartas;Jogo de Dados,Adulto;Animais;Ciências;Ficção Científica;Humor;Meio Ambiente,https://ludopedia.com.br/jogo/mamutensao,0.9838709677419356,0.4098360655737705,0.0163934426229508,4,3.0,8.36,6.74,23,23.0,0.26744186046511625
10576,Yokohama,2016,2017.0,2,4.0,90,12,367,118,51,403,828,10,Colecionar Conjuntos;Construção de Redes e Rotas;Movimento em Grades;Tabuleiro Modular;Alocação de Trabalhadores;Influência / Maioria na Área;Alocação de Diferentes Tipos de Trabalhadores;Bônus de Fim de Jogo;Contratos;Preparação Variável,0,,Economia / Produção;Cultura Oriental,https://ludopedia.com.br/jogo/yokohama,0.756701030927835,1.098092643051771,0.1389645776566757,10,2.0,8.36,8.04,324,6.352941176470588,0.42077922077922075
25254,Em Busca do Planeta X,2020,2022.0,1,4.0,60,13,798,105,63,526,972,2,Dedução;Pontos de Ação,1,Integrado com Aplicativo,Ficção Científica;Ciências,https://ludopedia.com.br/jogo/the-search-for-planet-x,0.8837209302325582,0.6591478696741855,0.0789473684210526,2,3.0,8.36,8.04,325,5.158730158730159,0.24546827794561935
958,Ticket to Ride: Países Nórdicos,2007,2019.0,2,3.0,45,8,586,85,39,434,675,3,Gerenciamento de Mãos;Colecionar Conjuntos;Construção de Redes e Rotas,0,,Transportes,https://ludopedia.com.br/jogo/ticket-to-ride-nordic-countries,0.8733233979135618,0.7406143344709898,0.0665529010238907,3,1.0,8.36,8.04,313,8.025641025641026,0.30686274509803924
77,Dungeon Command: Tyranny of Goblins,2012,,2,4.0,90,12,162,54,11,161,125,4,Gerenciamento de Mãos;Campanha / Batalhas Dirigidas por Cartas;Jogadores com Diferentes Habilidades;Movimento de Área,1,Miniaturas,Fantasia,https://ludopedia.com.br/jogo/dungeon-command-tyranny-of-goblins,0.75,0.9938271604938272,0.0679012345679012,4,2.0,8.36,7.44,79,7.181818181818182,0.24458204334365324
947,Cthulhu Wars,2015,,3,4.0,90,12,117,31,46,419,255,4,Jogadores com Diferentes Habilidades;Pontos de Ação;Movimento de Área;Rolagem de Dados,1,Miniaturas,Luta / Artes Marciais;Fantasia;Horror/Terror,https://ludopedia.com.br/jogo/cthulhu-wars,0.7905405405405406,3.581196581196582,0.3931623931623931,4,1.0,8.36,7.68,124,2.6956521739130435,0.23134328358208955
80823,Rebel Princess (2ª Edição),2024,2025.0,3,6.0,40,14,235,7,9,83,313,3,Eventos;Jogadores com Diferentes Habilidades;Vazas / Truques,3,Jogo de Cartas;Jogo Festivo;Carteado,Fantasia;Literatura,https://ludopedia.com.br/jogo/rebel-princess-2nd-edition,0.9710743801652892,0.3531914893617021,0.0382978723404255,3,3.0,8.36,7.31,62,6.888888888888889,0.1949685534591195
33746,Luz Final,2023,2026.0,2,4.0,90,14,123,5,8,265,206,9,Seleção de Ação Simultânea;Gerenciamento de Mãos;Jogadores com Diferentes Habilidades;Movimento em Grades;Ordem de Fases Variável;Rolagem de Dados;Negociação;Influência / Maioria na Área;Solo / Solitário,2,4x;Miniaturas,Economia / Produção;Ficção Científica;Civilização;Guerra,https://ludopedia.com.br/jogo/last-light,0.9609375,2.154471544715447,0.065040650406504,9,2.0,8.35,7.16,49,6.125,0.12628865979381443
35117,Santa Kaos,2023,2023.0,2,4.0,60,10,441,46,35,195,604,6,Compra Aberta;Compra Fechada;Contratos;Rolagem de Dados;Alocação de Trabalhadores com Dados;Colecionar Conjuntos,1,Jogo de Entrada,Economia / Produção;Fantasia;Humor,https://ludopedia.com.br/jogo/santa-kaos,0.9055441478439424,0.4421768707482993,0.0793650793650793,6,2.0,8.35,7.84,181,5.171428571428572,0.28459119496855345
24326,Invasores de Cítia,2020,2022.0,1,4.0,80,12,577,115,37,352,754,9,Alocação de Trabalhadores;Colecionar Conjuntos;Gerenciamento de Mãos;Jogadores com Diferentes Habilidades;Rolagem de Dados;Alocação de Diferentes Tipos de Trabalhadores;Compra Aberta;Contratos;Solo / Solitário,0,,Cultura Oriental,https://ludopedia.com.br/jogo/raiders-of-scythia,0.8338150289017341,0.610051993067591,0.0641247833622183,9,3.0,8.35,7.99,270,7.297297297297297,0.2906350914962325
28616,Meadow,2021,2023.0,1,4.0,90,10,703,101,68,542,855,6,Colecionar Conjuntos;Gerenciamento de Mãos;Alocação de Diferentes Tipos de Trabalhadores;Camadas de Componentes;Compra Aberta;Solo / Solitário,1,Jogo de Cartas,Meio Ambiente;Animais,https://ludopedia.com.br/jogo/meadow,0.8743781094527363,0.7709815078236131,0.096728307254623,6,3.0,8.35,8.01,298,4.382352941176471,0.2393574297188755
8245,T.I.M.E. Stories,2015,,2,4.0,90,10,283,129,51,506,350,6,Cooperativo;Jogadores com Diferentes Habilidades;Votação;Narração de Histórias;Rolagem de Dados;RPG,0,,Aventura;Ficção Científica;Medieval,https://ludopedia.com.br/jogo/t-i-m-e-stories,0.6868932038834952,1.7879858657243817,0.1802120141342756,6,2.0,8.35,7.88,197,3.8627450980392157,0.24968314321926488
41303,Draft & Write Records,2024,,1,6.0,60,10,44,2,4,60,128,12,Seleção de Ação Simultânea;Colecionar Conjuntos;Construção a partir de Modelo;Desenhar Rota com Pincel Atômico;Papel e Caneta;Crescimento Automático de Recursos;Cobertura de Grade;Desenho de Linhas;Encadeamento;Mapa: Adição;Pontos de Vitória Ocultos;Compra Aberta,1,Jogo de Cartas,Arte,https://ludopedia.com.br/jogo/draft-write-records,0.9565217391304348,1.3636363636363635,0.0909090909090909,12,5.0,8.35,6.9,31,7.75,0.2980769230769231
18359,IceCool2,2018,,2,4.0,20,6,51,8,7,223,67,3,Movimento de Área;Toma Essa;Peteleco,1,Destreza,Animais,https://ludopedia.com.br/jogo/ice-cool-2,0.864406779661017,4.372549019607843,0.1372549019607843,3,2.0,8.35,6.88,30,4.285714285714286,0.10948905109489052
68127,Whispering Woods,2024,2026.0,1,4.0,40,8,236,2,13,216,321,6,Colocação de Peças;Construção de Redes e Rotas;Corrida;Encadeamento;Movimento em Grades;Solo / Solitário,2,Estratégia Abstrata;Quebra-Cabeça,Animais,https://ludopedia.com.br/jogo/whispering-woods,0.9915966386554622,0.9152542372881356,0.0550847457627118,6,3.0,8.34,7.34,67,5.153846153846154,0.14823008849557523
468,Francis Drake,2013,2018.0,3,5.0,120,14,400,159,38,400,846,5,Alocação de Trabalhadores;Colecionar Conjuntos;Posicionamento Secreto;Rolagem de Dados;Apostas e Blefes,0,,Aventura;História;Transportes,https://ludopedia.com.br/jogo/francis-drake,0.7155635062611807,1.0,0.095,5,2.0,8.34,8.04,332,8.736842105263158,0.415
46741,Expeditions,2023,2024.0,1,5.0,90,12,608,55,30,509,728,13,"Cartas Multiuso;Gerenciamento de Mãos;Solo / Solitário;Alocação de Trabalhadores;Construção de Baralho, Bolsas e Peças;Fundir e Espalhar;Pontos de Vitória como Recurso;Recuperação de Ação;Alocação de Diferentes Tipos de Trabalhadores;Jogadores com Diferentes Habilidades;Movimento em Grades;Preparação Variável;Tabuleiro Modular",3,Jogo de Cartas;Miniaturas;Jogo Assimétrico,Aventura;Ficção Científica,https://ludopedia.com.br/jogo/expeditions,0.9170437405731524,0.837171052631579,0.0493421052631578,13,4.0,8.34,7.9,216,7.2,0.19337511190689347
24459,Tekhenu: Obelisco do Sol,2020,2021.0,1,4.0,120,12,789,150,58,325,812,7,Colecionar Conjuntos;Compra Aberta;Construção a partir de Modelo;Ordem de Turno: Baseado em Estatísticas;Preparação Variável;Rendimentos;Seleção de Ação,0,,Civilização;Economia / Produção;Mitologia,https://ludopedia.com.br/jogo/tekhenu-obelisk-of-the-sun,0.8402555910543131,0.41191381495564,0.0735107731305449,7,3.0,8.34,8.04,333,5.741379310344827,0.2989228007181329
26642,Dungeon Mayhem: Monster Madness,2020,,2,6.0,10,8,189,8,13,70,151,3,Eliminação de Jogadores;Gerenciamento de Mãos;Jogadores com Diferentes Habilidades,3,Expansão ou Suplemento;Jogo de Cartas;Jogo Festivo,Aventura;Fantasia;Humor,https://ludopedia.com.br/jogo/dungeon-mayhem-monster-madness,0.9593908629441624,0.3703703703703703,0.0687830687830687,3,4.0,8.34,7.22,54,4.153846153846154,0.2084942084942085
14444,A Game of Thrones: Catan - Brotherhood of the Watch,2017,2019.0,3,4.0,60,14,315,68,22,368,258,5,Construção de Redes e Rotas;Gerenciamento de Mãos;Negociação;Rolagem de Dados;Tabuleiro Modular,0,,Civilização;Literatura;Cultura Pop ou Geek;Fantasia;Guerra;Medieval;Política,https://ludopedia.com.br/jogo/a-game-of-thrones-catan-brotherhood-of-the-watch,0.8224543080939948,1.1682539682539683,0.0698412698412698,5,1.0,8.34,7.63,115,5.2272727272727275,0.1683748169838946
17000,Yellow & Yangtze,2018,,2,4.0,90,14,27,22,6,164,108,7,Colecionar Conjuntos;Colocação de Peças;Gerenciamento de Mãos;Grade Hexagonal;Influência / Maioria na Área;Maior Pontuação Baixa;Pontos de Vitória Ocultos,0,,História;Civilização,https://ludopedia.com.br/jogo/yellow-yangtze,0.5510204081632653,6.074074074074074,0.2222222222222222,7,2.0,8.34,7.1,44,7.333333333333333,0.23036649214659685
6677,Conan,2016,,2,5.0,60,14,183,48,35,394,229,9,Eliminação de Jogadores;Jogadores com Diferentes Habilidades;Movimento de Área;Ordem de Fases Variável;Rolagem de Dados;Pontos de Ação;Movimento Ponto-a-Ponto;Jogo em Equipe;Cenário / Missão / Campanha,1,Miniaturas,Aventura;Luta / Artes Marciais;Quadrinhos;Fantasia;Literatura,https://ludopedia.com.br/jogo/conan,0.7922077922077922,2.1530054644808745,0.1912568306010929,9,3.0,8.33,7.58,106,3.0285714285714285,0.18370883882149047
25480,Muralha de Adriano,2021,2022.0,1,6.0,60,12,314,78,21,327,391,4,Gerenciamento de Mãos;Papel e Caneta;Árvores / Trilhas de Tecnologia;Solo / Solitário,0,,História;Civilização;Guerra,https://ludopedia.com.br/jogo/hadrian-s-wall,0.8010204081632653,1.0414012738853504,0.0668789808917197,4,5.0,8.33,7.78,159,7.571428571428571,0.24804992199687986
11577,Mechs vs. Minions,2016,,2,4.0,90,12,105,32,22,450,159,10,Movimento Programado;Cooperativo;Jogadores com Diferentes Habilidades;Tabuleiro Modular;Fila de Ações;Movimento Direcionado;Rolagem de Dados;RPG;Deslizar / Empurrar;Compra Aberta,0,,Luta / Artes Marciais;Tema de Video Game;Fantasia,https://ludopedia.com.br/jogo/mechs-vs-minions,0.7664233576642335,4.285714285714286,0.2095238095238095,10,2.0,8.33,7.37,71,3.227272727272727,0.12792792792792793
24240,The Great Wall,2020,,1,4.0,180,13,45,2,9,142,83,12,Alocação de Trabalhadores;Cooperativo;Gerenciamento de Mãos;Ordem de Fases Variável;Posicionamento Secreto;Alocação de Diferentes Tipos de Trabalhadores;Influência / Maioria na Área;Investimento;Ordem do Turno: Ação de Reivindicação;Rendimentos;Solo / Solitário;Cartas de Comando,1,Miniaturas,Cultura Oriental;Guerra;História;Luta / Artes Marciais;Economia / Produção,https://ludopedia.com.br/jogo/the-great-wall,0.9574468085106383,3.155555555555555,0.2,12,3.0,8.33,6.71,22,2.4444444444444446,0.11764705882352941
30252,Unlock!: Aventuras Atemporais,2019,2021.0,1,6.0,90,10,388,118,13,171,353,9,Dedução;Tempo Real;Cooperativo;Narração de Histórias;Colecionar Conjuntos;Gerenciamento de Mãos;Pegar e Entregar;Reconhecimento de Padrões;Simulação,3,Integrado com Aplicativo;Jogo de Cartas;Quebra-Cabeça,Aventura;Ficção Científica;Humor;Policial,https://ludopedia.com.br/jogo/unlock-timeless-adventures,0.766798418972332,0.440721649484536,0.0335051546391752,9,5.0,8.33,7.61,113,8.692307692307692,0.20214669051878353
36328,Terra Nova,2022,2023.0,2,4.0,90,12,983,146,52,630,1357,6,Jogadores com Diferentes Habilidades;Grade Hexagonal;Bônus de Fim de Jogo;Construção de Redes e Rotas;Ordem do Turno: Progressivo;Colocação de Peças,2,Estratégia Abstrata;Jogo Assimétrico,Civilização;Fantasia;Economia / Produção,https://ludopedia.com.br/jogo/terra-nova,0.870682019486271,0.6408952187182095,0.0528992878942014,6,2.0,8.33,8.09,446,8.576923076923077,0.27650340979541227
4679,Shipyard,2009,,2,4.0,120,11,67,47,6,141,161,8,Alocação de Trabalhadores;Colecionar Conjuntos;Colocação de Peças;Tabuleiro Modular;Bônus de Fim de Jogo;Compra Aberta;Contratos;Rondel,0,,Economia / Produção;Transportes,https://ludopedia.com.br/jogo/shipyard,0.5877192982456141,2.1044776119402986,0.0895522388059701,8,2.0,8.33,7.44,81,13.5,0.3894230769230769
10624,Vanuatu (Second Edition),2016,,2,5.0,90,12,80,55,12,210,246,9,Alocação de Trabalhadores;Leilão / Lances;Pontos de Ação;Tabuleiro Modular;Grade Hexagonal;Mapa: Adição;Movimento em Grades;Ordem do Turno: Ação de Reivindicação;Seleção de Ação,0,,Aventura;Economia / Produção;Transportes,https://ludopedia.com.br/jogo/vanuatu-second-edition,0.5925925925925926,2.625,0.15,9,3.0,8.33,7.49,89,7.416666666666667,0.30689655172413793
9189,Folklore: The Affliction,2017,,1,5.0,120,14,107,33,19,280,40,7,Cooperativo;Jogadores com Diferentes Habilidades;Movimento em Grades;Rolagem de Dados;Pontos de Ação;Tabuleiro Modular;RPG,1,Dungeon Crawler,Aventura;Horror/Terror,https://ludopedia.com.br/jogo/folklore-the-affliction,0.7642857142857142,2.616822429906542,0.1775700934579439,7,4.0,8.33,7.04,40,2.1052631578947367,0.10335917312661498
14945,Triora: Cidade das Bruxas,2019,2019.0,2,4.0,100,14,509,135,41,384,549,4,Alocação de Trabalhadores;Colecionar Conjuntos;Influência / Maioria na Área;Ordem de Fases Variável,0,,Medieval;Fantasia,https://ludopedia.com.br/jogo/triora-cidade-das-bruxas,0.7903726708074534,0.7544204322200393,0.0805500982318271,4,2.0,8.33,7.94,249,6.073170731707317,0.2788353863381859
65241,Deep Regrets,2025,2026.0,1,5.0,150,14,667,20,44,1021,739,7,Colecionar Conjuntos;Force sua sorte;Mercado;Rolar Novamente e Bloqueio;Cooperativo;Rolagem de Dados;Solo / Solitário,2,Jogo de Cartas;Jogo de Dados,Animais;Horror/Terror;Transportes,https://ludopedia.com.br/jogo/deep-regrets,0.9708879184861716,1.5307346326836582,0.0659670164917541,7,4.0,8.33,7.84,187,4.25,0.11078199052132702
25714,Beyond the Sun,2020,,2,4.0,120,14,141,29,15,224,356,10,Alocação de Trabalhadores;Movimento Ponto-a-Ponto;Árvores / Trilhas de Tecnologia;Contratos;Eventos;Influência / Maioria na Área;Rendimentos;Bônus de Fim de Jogo;Ordem do Turno: Progressivo;Preparação Variável,0,,Ficção Científica,https://ludopedia.com.br/jogo/beyond-the-sun,0.8294117647058824,1.5886524822695036,0.1063829787234042,10,2.0,8.32,7.67,127,8.466666666666667,0.34794520547945207
22471,O Dilema do Rei,2019,2023.0,3,5.0,60,14,431,39,22,418,348,9,Negociação;Votação;Narração de Histórias;Legado;Cenário / Missão / Campanha;Bônus de Fim de Jogo;Movimento Direcionado;Suborno;Traidor,0,,Fantasia;Política,https://ludopedia.com.br/jogo/the-king-s-dilemma,0.9170212765957448,0.9698375870069604,0.0510440835266821,9,2.0,8.32,7.67,129,5.863636363636363,0.1519434628975265
28685,Terraforming Mars: Expedição Ares,2021,2022.0,1,4.0,60,14,1010,265,72,478,1424,10,Seleção de Ação Simultânea;Gerenciamento de Mãos;Jogadores com Diferentes Habilidades;Ordem de Fases Variável;Rendimentos;Seguir Ação;Solo / Solitário;Árvores / Trilhas de Tecnologia;Marcas;Preparação Variável,1,Jogo de Cartas,Ficção Científica,https://ludopedia.com.br/jogo/terraforming-mars-ares-expedition,0.792156862745098,0.4732673267326732,0.0712871287128712,10,3.0,8.32,8.12,514,7.138888888888889,0.34543010752688175
15775,Escape Plan,2019,2020.0,1,5.0,60,12,222,55,25,497,499,7,Cerco de Área;Colocação de Peças;Gerenciamento de Mãos;Movimento de Área;Pontos de Ação;Tabuleiro Modular;Apostas e Blefes,0,,Aventura;Policial,https://ludopedia.com.br/jogo/escape-plan,0.8014440433212996,2.2387387387387387,0.1126126126126126,7,4.0,8.32,7.77,161,6.44,0.2239221140472879
23618,King of Tokyo: Dark Edition,2020,2020.0,2,6.0,30,8,571,109,65,460,663,5,Eliminação de Jogadores;Force sua sorte;Rolagem de Dados;Rei da Colina;Compra Aberta,1,Jogo Festivo,Cultura Pop ou Geek,https://ludopedia.com.br/jogo/king-of-tokyo-dark-edition,0.8397058823529412,0.8056042031523643,0.1138353765323993,5,4.0,8.32,8.0,312,4.8,0.3026188166828322
62855,Rock Hard: 1977,2024,2026.0,2,5.0,90,14,342,18,22,428,562,5,Alocação de Trabalhadores;Bônus de Fim de Jogo;Colecionar Conjuntos;Eventos;Jogadores com Diferentes Habilidades,1,Jogo de Cartas,Arte,https://ludopedia.com.br/jogo/rock-hard-1977,0.95,1.2514619883040936,0.0643274853801169,5,3.0,8.32,7.68,130,5.909090909090909,0.16883116883116883
25842,Alhambra: Edição Revisada,2019,2020.0,2,6.0,60,8,555,80,46,402,672,3,Colecionar Conjuntos;Colocação de Peças;Gerenciamento de Mãos,0,,,https://ludopedia.com.br/jogo/alhambra-designers-edition-alhambra-revised-edition,0.8740157480314961,0.7243243243243244,0.0828828828828828,3,4.0,8.32,7.93,253,5.5,0.26436781609195403
59578,Vale dos Moinhos,2024,2024.0,1,4.0,90,14,385,43,20,333,633,8,Bônus de Fim de Jogo;Cartas Multiuso;Construção de Redes e Rotas;Jogadores com Diferentes Habilidades;Mercado;Preparação Variável;Rondel;Solo / Solitário,0,,Economia / Produção;Meio Ambiente,https://ludopedia.com.br/jogo/windmill-valley,0.8995327102803738,0.8649350649350649,0.0519480519480519,8,3.0,8.32,7.75,153,7.65,0.21309192200557103
69219,Pergola,2025,2025.0,1,4.0,60,10,387,19,26,333,534,3,Bônus de Fim de Jogo;Colecionar Conjuntos;Colocação de Peças,0,,Animais,https://ludopedia.com.br/jogo/pergola,0.9532019704433498,0.8604651162790697,0.0671834625322997,3,3.0,8.32,7.68,131,5.038461538461538,0.18194444444444444
13968,Lords of Hellas,2017,2019.0,1,4.0,120,13,717,269,76,713,932,9,Alocação de Trabalhadores;Influência / Maioria na Área;Movimento de Área;Gerenciamento de Mãos;Jogadores com Diferentes Habilidades;Campanha / Batalhas Dirigidas por Cartas;Cenário / Missão / Campanha;Seleção de Ação;Solo / Solitário,1,Miniaturas,Ficção Científica;História;Pré-Histórico;Mitologia;Civilização,https://ludopedia.com.br/jogo/lords-of-hellas,0.7271805273833671,0.99442119944212,0.105997210599721,9,3.0,8.31,8.08,445,5.855263157894737,0.3111888111888112
33041,Mille Fiori,2021,2023.0,2,4.0,90,10,516,71,38,501,1268,3,Influência / Maioria na Área;Compra Fechada;Construção a partir de Modelo,1,Jogo de Cartas,Arte,https://ludopedia.com.br/jogo/mille-fiori,0.879045996592845,0.9709302325581396,0.0736434108527131,3,2.0,8.31,7.97,285,7.5,0.28023598820059
68399,Formula POP,2024,2024.0,3,6.0,15,8,110,3,5,60,109,4,Corrida;Gerenciamento de Mãos;Movimento Ponto-a-Ponto;Tabuleiro Modular,1,Jogo Festivo,Esportes,https://ludopedia.com.br/jogo/formula-pop,0.9734513274336284,0.5454545454545454,0.0454545454545454,4,3.0,8.31,7.04,41,8.2,0.2411764705882353
19396,Power Rangers: Heroes of the Grid,2019,,2,6.0,60,14,44,7,7,153,32,5,Cooperativo;Jogadores com Diferentes Habilidades;Gerenciamento de Mãos;Rolagem de Dados;Pontos de Ação,1,Miniaturas,Aventura;Luta / Artes Marciais,https://ludopedia.com.br/jogo/power-rangers-heroes-of-the-grid,0.8627450980392157,3.477272727272727,0.1590909090909091,5,4.0,8.31,6.77,25,3.5714285714285716,0.12690355329949238
38197,Scooby-Doo!: The Board Game,2022,2023.0,1,5.0,30,10,325,40,29,547,342,4,Cooperativo;Jogadores com Diferentes Habilidades;Movimento em Grades;Solo / Solitário,1,Miniaturas,Cultura Pop ou Geek;Policial;Aventura,https://ludopedia.com.br/jogo/scooby-doo-the-board-game,0.8904109589041096,1.6830769230769231,0.0892307692307692,4,4.0,8.31,7.65,124,4.275862068965517,0.14220183486238533
30661,Andor Júnior,2020,2021.0,2,4.0,45,7,111,16,4,97,68,4,Cooperativo;Jogadores com Diferentes Habilidades;Movimento de Área;Rolagem de Dados,1,Quebra-Cabeça,Aventura;Fantasia,https://ludopedia.com.br/jogo/andor-the-family-fantasy-game,0.8740157480314961,0.8738738738738738,0.036036036036036,4,2.0,8.31,7.03,40,10.0,0.19230769230769232
3874,Dogs of War,2014,,3,5.0,75,14,63,19,14,199,199,5,Alocação de Trabalhadores;Cabo-de-Guerra;Gerenciamento de Mãos;Influência / Maioria na Área;Jogadores com Diferentes Habilidades,2,Estratégia Abstrata;Jogo de Guerra,Guerra;História,https://ludopedia.com.br/jogo/dogs-of-war,0.7682926829268293,3.1587301587301586,0.2222222222222222,5,2.0,8.31,7.44,82,5.857142857142857,0.31297709923664124
22632,Disney Villainous: Evil Comes Prepared,2019,,2,3.0,60,10,195,23,8,150,200,3,Gerenciamento de Mãos;Jogadores com Diferentes Habilidades;Toma Essa,4,Colecionável;Expansão ou Suplemento;Jogo de Cartas;Jogo Assimétrico,Cultura Pop ou Geek;Fantasia;Quadrinhos;Literatura;Medieval;Mitologia,https://ludopedia.com.br/jogo/disney-villainous-evil-comes-prepared,0.8944954128440367,0.7692307692307693,0.041025641025641,3,1.0,8.31,7.17,51,6.375,0.14782608695652175
26357,Fresco: Mega Box,2020,2022.0,2,4.0,90,10,205,38,6,105,201,3,Seleção de Ação Simultânea;Colecionar Conjuntos;Movimento em Grades,0,,Arte,https://ludopedia.com.br/jogo/fresco-mega-box,0.8436213991769548,0.5121951219512195,0.0292682926829268,3,2.0,8.31,7.29,64,10.666666666666666,0.2064516129032258
56636,Piratas de Maracaibo,2023,2024.0,1,4.0,100,12,355,16,19,286,456,4,Cartas Multiuso;Peças como Mapa;Rolagem de Dados;Valorização dos Recursos Não Escolhidos,1,Jogo de Cartas,Piratas,https://ludopedia.com.br/jogo/pirates-of-maracaibo,0.9568733153638814,0.8056338028169014,0.0535211267605633,4,3.0,8.31,7.72,146,7.684210526315789,0.22776911076443057
54984,Fromage,2024,2026.0,1,4.0,45,14,404,22,21,442,724,8,Alocação de Trabalhadores;Bônus de Fim de Jogo;Contratos;Influência / Maioria na Área;Movimento Direcionado;Encadeamento;Rondel;Seleção de Ação Simultânea,0,,Economia / Produção;Gastronomia,https://ludopedia.com.br/jogo/fromage,0.9483568075117372,1.094059405940594,0.0519801980198019,8,3.0,8.31,7.75,156,7.428571428571429,0.18439716312056736
36732,Marceneiros,2022,2023.0,1,4.0,120,12,462,105,34,492,807,5,Rolagem de Dados;Contratos;Rendimentos;Bônus de Fim de Jogo;Solo / Solitário,1,Jogo de Dados,Economia / Produção;Fantasia,https://ludopedia.com.br/jogo/woodcraft,0.8148148148148148,1.0649350649350648,0.0735930735930736,5,3.0,8.31,7.9,235,6.911764705882353,0.24633123689727462
68154,Castle Combo,2024,2025.0,2,5.0,25,10,1137,26,38,531,1761,1,Compra Aberta,1,Jogo de Cartas,Medieval,https://ludopedia.com.br/jogo/castle-combo,0.9776440240756664,0.467018469656992,0.0334212840809146,1,3.0,8.31,8.09,483,12.710526315789474,0.289568345323741
78,Dungeon Command: Curse of Undeath,2012,,2,4.0,90,12,206,66,20,210,156,4,Gerenciamento de Mãos;Campanha / Batalhas Dirigidas por Cartas;Jogadores com Diferentes Habilidades;Movimento de Área,1,Miniaturas,Fantasia,https://ludopedia.com.br/jogo/dungeon-command-curse-of-undeath,0.7573529411764706,1.019417475728155,0.0970873786407767,4,2.0,8.31,7.59,111,5.55,0.2668269230769231
8144,Campeões de Midgard ,2015,,2,4.0,90,10,271,131,41,697,718,10,Alocação de Trabalhadores;Colecionar Conjuntos;Rolagem de Dados;Jogadores com Diferentes Habilidades;Combinação;Compra Aberta;Comprometer Forças;Gerenciamento de Mãos;Ordem do Turno: Progressivo;Resolução por Símbolos nos Dados,2,Jogo de Cartas;Jogo de Dados,Aventura;Luta / Artes Marciais;Medieval;Vikings;Fantasia;Mitologia,https://ludopedia.com.br/jogo/champions-of-midgard,0.6741293532338308,2.5719557195571956,0.1512915129151291,10,2.0,8.31,8.01,334,8.146341463414634,0.3450413223140496
60440,Courtisans,2024,2025.0,2,5.0,30,8,633,40,53,641,1129,3,Bônus de Fim de Jogo;Colecionar Conjuntos;Toma Essa,1,Jogo de Cartas,Medieval,https://ludopedia.com.br/jogo/courtisans,0.9405646359583952,1.0126382306477093,0.0837282780410742,3,3.0,8.31,7.97,289,5.452830188679245,0.22684458398744112
44118,Fábrica de Heróis - O Cardgame,2023,2023.0,1,6.0,45,14,93,9,7,32,42,6,Ação / Evento;Cartas Multiuso;Pontos de Ação;Resolução de Conflitos por Cartas;Rolagem de Dados;Rolar Novamente e Bloqueio,1,Jogo de Cartas,Quadrinhos,https://ludopedia.com.br/jogo/fabrica-de-herois-o-cardgame,0.9117647058823528,0.3440860215053763,0.075268817204301,6,5.0,8.3,6.81,27,3.857142857142857,0.216
2527,Fresco: Big Box,2013,,2,4.0,60,10,85,22,3,108,109,4,Movimento Programado;Seleção de Ação Simultânea;Alocação de Trabalhadores;Colecionar Conjuntos,0,,Arte;História,https://ludopedia.com.br/jogo/fresco-big-box,0.794392523364486,1.2705882352941176,0.0352941176470588,4,2.0,8.3,7.09,45,15.0,0.23316062176165803
15814,London: Second Edition,2017,2023.0,2,4.0,90,14,985,167,64,541,1308,5,Gerenciamento de Mãos;Toma Essa;Empréstimos;Compra Aberta;Fila de Ações,0,,História,https://ludopedia.com.br/jogo/london-second-edition,0.8550347222222222,0.5492385786802031,0.0649746192893401,5,2.0,8.3,8.07,440,6.875,0.28833551769331583
16785,Conquistadores de Midgard,2019,2020.0,2,4.0,90,12,865,255,61,464,972,14,"Alocação de Trabalhadores;Colecionar Conjuntos;Rolagem de Dados;Seguir Ação;Compra Aberta;Colocação de Peças;Combinação;Compra Fechada;Construção de Baralho, Bolsas e Peças;Fila de Ações;Gerenciamento de Mãos;Ordem do Turno: Ação de Reivindicação;Resolução por Símbolos nos Dados;Rolar / Girar e Mover",2,Jogo de Cartas;Jogo de Dados,Vikings;Fantasia;Mitologia,https://ludopedia.com.br/jogo/reavers-of-midgard,0.7723214285714286,0.5364161849710982,0.0705202312138728,14,2.0,8.3,8.07,441,7.229508196721311,0.33182844243792325
13198,Detective: O Jogo da Investigação Moderna,2018,2020.0,1,5.0,150,12,895,225,49,710,482,4,Cooperativo;Narração de Histórias;Dedução;Cenário / Missão / Campanha,1,Integrado com Aplicativo,História;Policial,https://ludopedia.com.br/jogo/detective-a-modern-crime-boardgame,0.7991071428571429,0.7932960893854749,0.0547486033519553,4,4.0,8.3,7.93,259,5.285714285714286,0.16137071651090343
76203,Gwent: O jogo de cartas Lendário,2025,2025.0,1,5.0,20,12,425,13,18,333,232,3,"Construção de Baralho, Bolsas e Peças;Criação de Baralho;Gerenciamento de Mãos",2,Colecionável;Jogo de Cartas,Tema de Video Game,https://ludopedia.com.br/jogo/gwent-the-legendary-card-game,0.9703196347031964,0.7835294117647059,0.0423529411764705,3,4.0,8.3,7.58,109,6.055555555555555,0.1437994722955145
8915,Masmorra: Dungeons of Arcadia,2016,2020.0,2,5.0,45,13,996,198,102,768,739,6,Jogadores com Diferentes Habilidades;Rolagem de Dados;Tabuleiro Modular;Toma Essa;Cooperativo;Resolução por Símbolos nos Dados,3,Jogo de Dados;Miniaturas;Dungeon Crawler,Aventura;Fantasia,https://ludopedia.com.br/jogo/masmorra-dungeons-of-arcadia,0.8341708542713567,0.7710843373493976,0.1024096385542168,6,3.0,8.3,8.04,393,3.8529411764705883,0.2227891156462585
69619,Emberleaf,2025,2026.0,1,5.0,120,14,247,11,20,496,409,6,Colecionar Conjuntos;Colocação de Peças;Contratos;Jogadores com Diferentes Habilidades;Preparação Variável;Solo / Solitário,2,Jogo de Cartas;Quebra-Cabeça,Animais;Fantasia,https://ludopedia.com.br/jogo/emberleaf,0.9573643410852714,2.0080971659919027,0.0809716599190283,6,4.0,8.3,7.39,77,3.85,0.10363391655450875
17646,The Grizzled: Armistício,2018,2019.0,1,4.0,45,10,741,144,47,519,530,3,Cooperativo;Jogadores com Diferentes Habilidades;Cenário / Missão / Campanha,1,Jogo de Cartas,Guerra,https://ludopedia.com.br/jogo/the-grizzled-armistice-edition,0.8372881355932204,0.7004048582995951,0.0634278002699055,3,3.0,8.3,7.95,283,6.0212765957446805,0.2246031746031746
21999,Abomination: The Heir of Frankenstein,2019,,2,4.0,120,13,158,44,21,298,266,8,Alocação de Trabalhadores;Colecionar Conjuntos;Narração de Histórias;Rolagem de Dados;Alocação de Diferentes Tipos de Trabalhadores;Escolha Narrativa;Eventos;Jogadores com Diferentes Habilidades,0,,Ficção Científica;Horror/Terror;Literatura,https://ludopedia.com.br/jogo/abomination-the-heir-of-frankenstein,0.7821782178217822,1.8860759493670889,0.1329113924050632,8,2.0,8.29,7.58,111,5.285714285714286,0.24342105263157895
4422,Panamax,2014,,2,4.0,120,12,186,94,28,448,319,8,Mercado de Ações;Movimento Ponto-a-Ponto;Rolagem de Dados;Influência / Maioria na Área;Pegar e Entregar;Alocação de Trabalhadores;Deslizar / Empurrar;Mover Várias Unidades,0,,Economia / Produção;Transportes,https://ludopedia.com.br/jogo/panamax,0.6642857142857143,2.4086021505376345,0.1505376344086021,8,2.0,8.29,7.72,150,5.357142857142857,0.23659305993690852
80051,FlipToons,2026,2026.0,1,4.0,20,14,1050,16,43,493,1468,7,"Compra Aberta;Construção de Baralho, Bolsas e Peças;Corrida;Force sua sorte;Mercado;Pontuar e Reiniciar;Solo / Solitário",2,Jogo de Cartas;Jogo de Entrada,Arte;Cultura Pop ou Geek;Humor,https://ludopedia.com.br/jogo/fliptoons,0.9849906191369606,0.4695238095238095,0.0409523809523809,7,3.0,8.29,8.03,394,9.162790697674419,0.25534672715489304
2889,Kingdom Builder: Big Box (Segunda Edição),2017,2018.0,2,5.0,45,8,397,132,33,289,486,5,Cerco de Área;Construção de Redes e Rotas;Influência / Maioria na Área;Movimento em Grades;Tabuleiro Modular,0,,Medieval,https://ludopedia.com.br/jogo/kingdom-builder-big-box-second-edition,0.7504725897920604,0.7279596977329975,0.0831234256926952,5,3.0,8.29,7.81,188,5.696969696969697,0.27405247813411077
31030,Encantados (3ª Edição),2020,2020.0,2,4.0,45,10,666,57,56,309,577,3,"Construção de Baralho, Bolsas e Peças;Gerenciamento de Mãos;Toma Essa",3,Jogo de Cartas;Jogo de Entrada;Carteado,Fantasia;Mitologia;Cultura Pop ou Geek,https://ludopedia.com.br/jogo/encantados-3-edicao,0.921161825726141,0.4639639639639639,0.084084084084084,3,2.0,8.29,7.89,235,4.196428571428571,0.24102564102564103
16172,Castell,2018,,2,4.0,90,14,46,20,4,98,134,3,Colecionar Conjuntos;Construção a partir de Modelo;Movimento de Área,0,,Esportes,https://ludopedia.com.br/jogo/castell,0.696969696969697,2.130434782608696,0.0869565217391304,3,2.0,8.29,7.19,54,13.5,0.375
505,Dominion: Intrigue,2009,,2,6.0,30,8,405,108,16,144,446,5,"Gerenciamento de Mãos;Construção de Baralho, Bolsas e Peças;Compra Futura;Preparação Variável;Toma Essa",1,Jogo de Cartas,Medieval,https://ludopedia.com.br/jogo/dominion-intrigue,0.7894736842105263,0.3555555555555555,0.0395061728395061,5,4.0,8.29,7.85,212,13.25,0.3861566484517304
156,Dungeon Petz,2011,2023.0,2,4.0,90,13,582,195,60,561,988,5,Gerenciamento de Mãos;Alocação de Trabalhadores;Leilão / Lances;Seleção de Ação Simultânea;Lance para Ordem de Seleção,0,,Animais;Humor;Fantasia,https://ludopedia.com.br/jogo/dungeon-petz,0.749034749034749,0.963917525773196,0.1030927835051546,5,2.0,8.29,8.06,453,7.55,0.3963254593175853
24325,Viscondes do Reino Ocidental,2020,2020.0,1,4.0,90,14,649,135,30,334,795,9,"Colecionar Conjuntos;Construção de Baralho, Bolsas e Peças;Jogadores com Diferentes Habilidades;Tabuleiro Modular;Bônus de Fim de Jogo;Gerenciamento de Mãos;Rei da Colina;Rondel;Solo / Solitário",0,,História;Medieval,https://ludopedia.com.br/jogo/viscounts-of-the-west-kingdom,0.8278061224489796,0.514637904468413,0.0462249614791987,9,3.0,8.28,7.95,296,9.866666666666667,0.301119023397762
52320,Seas of Strife,2015,2025.0,3,6.0,45,10,673,22,21,341,885,1,Vazas / Truques,2,Jogo de Cartas;Carteado,,https://ludopedia.com.br/jogo/seas-of-strife,0.9683453237410072,0.5066864784546805,0.0312035661218424,1,3.0,8.28,7.8,186,8.857142857142858,0.1834319526627219
24560,Hallertau,2020,2021.0,1,4.0,90,12,870,206,42,514,980,11,Alocação de Trabalhadores;Gerenciamento de Mãos;Tabuleiro Modular;Ficha de Vantagem;Crescimento Automático de Recursos;Bônus de Fim de Jogo;Contratos;Ordem do Turno: Ação de Reivindicação;Rendimentos;Solo / Solitário;Valorização dos Recursos Não Escolhidos,0,,Economia / Produção;Animais,https://ludopedia.com.br/jogo/hallertau,0.8085501858736059,0.5908045977011495,0.0482758620689655,11,3.0,8.28,8.03,408,9.714285714285714,0.2947976878612717
18215,Magalhães Bastos ,2018,,3,5.0,90,18,28,0,13,57,53,7,Influência / Maioria na Área;Gerenciamento de Mãos;Movimento em Grades;Negociação;Rolagem de Dados;Pontos de Ação;Toma Essa,0,,Adulto;Humor,https://ludopedia.com.br/jogo/magalhaes-bastos,1.0,2.0357142857142856,0.4642857142857143,7,2.0,8.28,7.07,44,3.3846153846153846,0.5176470588235295
456,Bruges,2013,,2,4.0,60,10,146,72,11,429,377,2,Gerenciamento de Mãos;Rolagem de Dados,1,Jogo de Dados,História;Economia / Produção,https://ludopedia.com.br/jogo/bruges,0.6697247706422018,2.9383561643835616,0.0753424657534246,2,2.0,8.28,7.79,185,16.818181818181817,0.3217391304347826
81886,Emberheart,2025,2026.0,2,4.0,90,12,153,11,9,257,222,4,Alocação de Trabalhadores;Colecionar Conjuntos;Leilão / Lances;Ordem do Turno: Ação de Reivindicação,0,,Fantasia,https://ludopedia.com.br/jogo/emberheart,0.9329268292682928,1.6797385620915033,0.0588235294117647,4,2.0,8.28,6.95,36,4.0,0.08780487804878048
36349,Atiwa,2022,,1,4.0,120,12,48,17,2,120,105,6,Alocação de Trabalhadores;Jogadores com Diferentes Habilidades;Tabuleiro Modular;Crescimento Automático de Recursos;Bônus de Fim de Jogo;Ordem do Turno: Ação de Reivindicação,1,Jogo de Cartas,Civilização;Cultura Africana;Meio Ambiente,https://ludopedia.com.br/jogo/atiwa,0.7384615384615385,2.5,0.0416666666666666,6,3.0,8.28,6.89,32,16.0,0.19047619047619047
6725,Royals,2014,,2,5.0,60,10,67,33,2,105,177,2,Colecionar Conjuntos;Influência / Maioria na Área,0,,História,https://ludopedia.com.br/jogo/royals,0.67,1.5671641791044777,0.0298507462686567,2,3.0,8.28,7.31,68,34.0,0.3953488372093023
77131,Zenith,2025,,2,4.0,35,12,19,4,3,151,82,5,Cabo-de-Guerra;Cartas Multiuso;Gerenciamento de Mãos;Jogo em Equipe;Tabuleiro Modular,1,Jogo de Cartas,Ficção Científica,https://ludopedia.com.br/jogo/zenith,0.8260869565217391,7.947368421052632,0.1578947368421052,5,2.0,8.28,6.85,30,10.0,0.17647058823529413
72874,Batalha dos Deuses,2024,2026.0,2,5.0,60,14,286,1,15,173,300,1,Gerenciamento de Mãos,3,Jogo de Cartas;Jogo Festivo;Jogo Assimétrico,Mitologia;Quadrinhos;Religião,https://ludopedia.com.br/jogo/batalha-dos-deuses,0.9965156794425089,0.6048951048951049,0.0524475524475524,1,3.0,8.28,7.23,58,3.8666666666666667,0.12636165577342048
174,Ora et Labora,2011,,1,4.0,150,13,167,50,21,435,263,5,Alocação de Trabalhadores;Tabuleiro Modular;Valorização dos Recursos Não Escolhidos;Alocação de Diferentes Tipos de Trabalhadores;Construção de Redes e Rotas,0,,Medieval;Economia / Produção,https://ludopedia.com.br/jogo/ora-et-labora,0.7695852534562212,2.604790419161677,0.1257485029940119,5,3.0,8.28,7.62,123,5.857142857142857,0.20431893687707642
21686,Unmatched: Battle of Legends - Volume 1,2019,2023.0,2,4.0,40,9,686,83,51,512,865,3,Gerenciamento de Mãos;Jogadores com Diferentes Habilidades;Movimento de Área,3,Expansão ou Suplemento;Jogo de Cartas;Miniaturas,Luta / Artes Marciais;Fantasia;Mitologia;Literatura,https://ludopedia.com.br/jogo/unmatched-battle-of-legends-volume-1,0.8920676202860858,0.7463556851311953,0.0743440233236151,3,2.0,8.27,7.94,297,5.823529411764706,0.24791318864774625
61866,Looot,2024,2026.0,2,4.0,35,8,24,5,3,109,123,4,Alocação de Diferentes Tipos de Trabalhadores;Alocação de Trabalhadores;Construção de Redes e Rotas;Tabuleiro Modular,1,Quebra-Cabeça,Aventura;Vikings,https://ludopedia.com.br/jogo/looot,0.8275862068965517,4.541666666666667,0.125,4,2.0,8.27,6.85,30,10.0,0.22556390977443608
76,Dungeon Command: Heart of Cormyr,2012,,2,4.0,90,12,174,57,15,178,141,3,Gerenciamento de Mãos;Campanha / Batalhas Dirigidas por Cartas;Movimento de Área,1,Miniaturas,Fantasia,https://ludopedia.com.br/jogo/dungeon-command-heart-of-cormyr,0.7532467532467533,1.0229885057471264,0.0862068965517241,3,2.0,8.27,7.47,93,6.2,0.26420454545454547
53852,Quest Inc.,2025,2025.0,2,5.0,45,14,220,17,9,265,309,2,Colecionar Conjuntos;Leilão / Lances,1,Estratégia Abstrata,Fantasia;Medieval,https://ludopedia.com.br/jogo/quest-inc,0.9282700421940928,1.2045454545454546,0.0409090909090909,2,3.0,8.27,7.38,77,8.555555555555555,0.15876288659793814
32635,Verdant,2022,2023.0,1,5.0,60,10,1452,120,83,685,1881,9,Colecionar Conjuntos;Colocação de Peças;Construção a partir de Modelo;Preparação Variável;Solo / Solitário;Cobertura de Grade;Compra Aberta;Valorização dos Recursos Não Escolhidos;Contratos,2,Jogo de Cartas;Quebra-Cabeça,Educacional;Meio Ambiente,https://ludopedia.com.br/jogo/verdant,0.9236641221374046,0.471763085399449,0.0571625344352617,9,4.0,8.27,8.09,580,6.9879518072289155,0.271408516612073
67129,Minos: Aurora da Idade do Bronze,2024,2024.0,1,4.0,90,14,136,18,5,155,211,9,Influência / Maioria na Área;Jogadores com Diferentes Habilidades;Rolagem de Dados;Solo / Solitário;Pontos de Movimento;Rendimentos;Preparação Variável;Compra Aberta;Seleção de Ação,1,Jogo de Dados,Civilização;Economia / Produção;Mitologia,https://ludopedia.com.br/jogo/minos-dawn-of-the-bronze-age,0.8831168831168831,1.1397058823529411,0.0367647058823529,9,3.0,8.27,7.22,58,11.6,0.19931271477663232
30293,Alien: Fate of the Nostromo,2021,,1,5.0,60,10,74,11,2,163,54,3,Cooperativo;Jogadores com Diferentes Habilidades;Pontos de Ação,0,,Cultura Pop ou Geek;Ficção Científica;Horror/Terror,https://ludopedia.com.br/jogo/alien-fate-of-the-nostromo,0.8705882352941177,2.202702702702702,0.027027027027027,3,4.0,8.27,6.76,25,12.5,0.10548523206751055
22650,Honey Buzz,2020,2024.0,1,4.0,90,10,966,130,57,779,1371,10,Alocação de Trabalhadores;Colocação de Peças;Construção a partir de Modelo;Recuperação de Ação;Contratos;Movimento em Grades;Grade Hexagonal;Compra Aberta;Solo / Solitário;Grade com Quadrados,0,,Animais;Economia / Produção,https://ludopedia.com.br/jogo/honey-buzz,0.8813868613138686,0.8064182194616977,0.0590062111801242,10,3.0,8.27,8.03,425,7.456140350877193,0.24355300859598855
30744,Disney Villainous: Despicable Plots,2021,,2,3.0,60,10,118,9,8,134,107,3,Gerenciamento de Mãos;Jogadores com Diferentes Habilidades;Toma Essa,4,Colecionável;Expansão ou Suplemento;Jogo de Cartas;Jogo Assimétrico,Cultura Pop ou Geek;Fantasia;Literatura;Medieval;Mitologia;Quadrinhos,https://ludopedia.com.br/jogo/disney-villainous-despicable-plots,0.9291338582677166,1.1355932203389831,0.0677966101694915,3,1.0,8.27,6.83,29,3.625,0.11507936507936507
13676,The Quest for El Dorado,2017,2021.0,2,4.0,60,10,822,203,74,964,1346,8,"Construção de Baralho, Bolsas e Peças;Movimento em Grades;Tabuleiro Modular;Gerenciamento de Mãos;Compra Futura;Corrida;Grade Hexagonal;Compra Aberta",0,,Civilização;Aventura,https://ludopedia.com.br/jogo/the-quest-for-el-dorado,0.8019512195121952,1.1727493917274938,0.0900243309002433,8,2.0,8.27,8.08,558,7.54054054054054,0.3124300111982083
39924,Daybreak,2023,2025.0,1,4.0,120,12,194,15,15,325,262,5,Cooperativo;Crescimento Automático de Recursos;Gerenciamento de Mãos;Seleção de Ação Simultânea;Jogadores com Diferentes Habilidades,1,Jogo de Cartas,Ciências;Educacional;Meio Ambiente,https://ludopedia.com.br/jogo/daybreak,0.9282296650717704,1.675257731958763,0.0773195876288659,5,3.0,8.27,7.31,68,4.533333333333333,0.13102119460500963
35958,Ticket to Ride: San Francisco,2022,2023.0,2,4.0,15,8,474,40,20,138,469,4,Colecionar Conjuntos;Construção de Redes e Rotas;Gerenciamento de Mãos;Compra Aberta,1,Jogo de Entrada,Transportes,https://ludopedia.com.br/jogo/ticket-to-ride-san-francisco,0.9221789883268484,0.2911392405063291,0.0421940928270042,4,2.0,8.27,7.7,148,7.4,0.24183006535947713
653,Imperial,2006,,2,6.0,120,13,83,31,15,286,166,10,Especulação de Commodities;Influência / Maioria na Área;Movimento de Área;Ordem de Fases Variável;Mercado de Ações;Ficha de Vantagem;Investimento;Pontos de Vitória como Recurso;Propriedade;Rondel,0,,Luta / Artes Marciais;Política;Economia / Produção;Transportes,https://ludopedia.com.br/jogo/imperial,0.7280701754385965,3.4457831325301207,0.180722891566265,10,4.0,8.26,7.5,99,6.6,0.2682926829268293
75,Dungeon Command: Sting of Lolth,2012,,2,4.0,90,12,162,55,11,179,135,4,Gerenciamento de Mãos;Campanha / Batalhas Dirigidas por Cartas;Jogadores com Diferentes Habilidades;Movimento de Área,1,Miniaturas,Fantasia,https://ludopedia.com.br/jogo/dungeon-command-sting-of-lolth,0.7465437788018433,1.1049382716049383,0.0679012345679012,4,2.0,8.26,7.46,91,8.272727272727273,0.2668621700879765
82353,Dewan,2026,2026.0,2,4.0,40,10,361,9,16,341,634,2,Colocação de Peças;Gerenciamento de Mãos,1,Jogo de Cartas,Fantasia,https://ludopedia.com.br/jogo/dewan,0.9756756756756756,0.9445983379501384,0.0443213296398892,2,2.0,8.26,7.61,124,7.75,0.17663817663817663
60,Mansions of Madness,2011,,2,5.0,120,13,439,132,102,709,658,8,Gerenciamento de Mãos;Jogadores com Diferentes Habilidades;Jogo em Equipe;Movimento de Área;Pegar e Entregar;Rolagem de Dados;RPG;Tabuleiro Modular,1,Miniaturas,Aventura;Ficção Científica;Policial;Horror/Terror,https://ludopedia.com.br/jogo/mansions-of-madness,0.7688266199649737,1.6150341685649203,0.2323462414578587,8,3.0,8.26,7.97,335,3.284313725490196,0.29181184668989546
19795,Abstratus,2018,2018.0,2,4.0,30,8,899,101,98,806,1501,5,Votação;Comunicação Limitada;Dedução;Tempo Real;Narração de Histórias,4,Destreza;Jogo de Entrada;Jogo Festivo;Quebra-Cabeça,Arte,https://ludopedia.com.br/jogo/abstratus,0.899,0.896551724137931,0.1090100111234705,5,2.0,8.26,8.08,549,5.6020408163265305,0.32199413489736073
31844,Kingdomino Origins,2021,2022.0,2,4.0,25,8,720,86,33,401,753,2,Colocação de Peças;Compra Aberta,1,Jogo de Entrada,Civilização;Pré-Histórico,https://ludopedia.com.br/jogo/kingdomino-origins,0.8933002481389578,0.5569444444444445,0.0458333333333333,2,2.0,8.26,7.93,291,8.818181818181818,0.25958965209634255
7824,Porta Nigra,2015,,2,4.0,120,12,112,57,11,247,235,6,Alocação de Trabalhadores;Influência / Maioria na Área;Colecionar Conjuntos;Movimento de Área;Compra Aberta;Rondel,0,,História,https://ludopedia.com.br/jogo/porta-nigra,0.6627218934911243,2.205357142857143,0.0982142857142857,6,2.0,8.25,7.54,108,9.818181818181818,0.3008356545961003
1362,Middle-Earth Quest,2009,,2,4.0,180,13,62,18,11,129,66,4,Gerenciamento de Mãos;Jogadores com Diferentes Habilidades;Jogo em Equipe;Movimento Ponto-a-Ponto,1,Miniaturas,Aventura;Fantasia;Literatura,https://ludopedia.com.br/jogo/middle-earth-quest,0.775,2.0806451612903225,0.1774193548387097,4,2.0,8.25,7.02,41,3.727272727272727,0.21465968586387435
35952,Fliptown,2023,2023.0,1,4.0,30,14,535,60,16,234,624,5,Papel e Caneta;Árvores / Trilhas de Tecnologia;Bônus de Fim de Jogo;Movimento em Trilha;Solo / Solitário,1,Jogo de Cartas,Faroeste,https://ludopedia.com.br/jogo/fliptown,0.8991596638655462,0.4373831775700935,0.0299065420560747,5,3.0,8.25,7.77,184,11.5,0.23927178153446033
18932,Azul: Vitrais de Sintra,2018,2019.0,2,4.0,45,8,1121,183,99,940,1749,6,Colocação de Peças;Construção a partir de Modelo;Bônus de Fim de Jogo;Colecionar Conjuntos;Ordem do Turno: Ação de Reivindicação;Tabuleiro Modular,1,Estratégia Abstrata,,https://ludopedia.com.br/jogo/azul-stained-glass-of-sintra,0.8596625766871165,0.8385370205173952,0.0883140053523639,6,2.0,8.25,8.1,737,7.444444444444445,0.35759340126152356
43,StarCraft: The Board Game,2007,,2,6.0,180,12,128,43,31,349,159,7,"Campanha / Batalhas Dirigidas por Cartas;Construção de Baralho, Bolsas e Peças;Influência / Maioria na Área;Jogadores com Diferentes Habilidades;Movimento de Área;Tabuleiro Modular;Marcadores de Ordens",2,Jogo de Guerra;Miniaturas,Aventura;Ficção Científica;Guerra;Luta / Artes Marciais;Tema de Video Game;Civilização,https://ludopedia.com.br/jogo/starcraft-the-board-game,0.7485380116959064,2.7265625,0.2421875,7,4.0,8.25,7.51,103,3.3225806451612905,0.21593291404612158
82348,Magical Athlete (I),2025,2026.0,2,6.0,30,6,554,6,32,675,813,3,Corrida;Jogadores com Diferentes Habilidades;Rolar / Girar e Mover,1,Jogo de Dados,Esportes;Fantasia,https://ludopedia.com.br/jogo/magical-athlete-i,0.9892857142857144,1.2184115523465704,0.0577617328519855,3,4.0,8.25,7.81,203,6.34375,0.16517493897477625
36479,MicroMacro: A Cidade do Crime - All In,2022,2024.0,1,4.0,45,10,126,9,3,129,40,2,Cooperativo;Dedução,1,Jogo de Cartas,Humor;Policial,https://ludopedia.com.br/jogo/micromacro-crime-city-all-in,0.9333333333333332,1.0238095238095235,0.0238095238095238,2,3.0,8.25,6.71,23,7.666666666666667,0.09019607843137255
66737,Finca: Second Edition,2024,2025.0,2,5.0,45,10,371,10,16,237,477,5,Colecionar Conjuntos;Contratos;Habilidades 1 vez por Partida;Mancala;Rondel,0,,Economia / Produção,https://ludopedia.com.br/jogo/finca-second-edition,0.973753280839895,0.6388140161725068,0.0431266846361186,5,3.0,8.25,7.61,126,7.875,0.20723684210526316
21661,Namiji,2022,2023.0,2,5.0,45,8,264,42,15,221,332,4,Colecionar Conjuntos;Jogadores com Diferentes Habilidades;Movimento Ponto-a-Ponto;Ordem do Turno: Trilha do Tempo,0,,Transportes;Cultura Oriental,https://ludopedia.com.br/jogo/namiji,0.8627450980392157,0.8371212121212122,0.0568181818181818,4,3.0,8.25,7.57,117,7.8,0.24123711340206186
19852,Project L,2020,2021.0,1,4.0,40,8,1209,178,96,739,1952,7,Colocação de Peças;Construção a partir de Modelo;Pontos de Ação;Contratos;Fila de Recursos;Compra Aberta;Cobertura de Grade,3,Estratégia Abstrata;Jogo de Entrada;Quebra-Cabeça,Tema de Video Game,https://ludopedia.com.br/jogo/project-l,0.8716654650324441,0.6112489660876758,0.0794044665012407,7,3.0,8.25,8.08,610,6.354166666666667,0.3131416837782341
14527,Whitehall Mystery,2017,,2,4.0,90,13,211,39,7,148,182,6,Jogo em Equipe;Movimento Ponto-a-Ponto;Posicionamento Secreto;Apostas e Blefes;Dedução;Memória,0,,Policial,https://ludopedia.com.br/jogo/whitehall-mystery,0.844,0.7014218009478673,0.0331753554502369,6,2.0,8.25,7.38,79,11.285714285714286,0.2200557103064067
8354,Feudum,2017,2018.0,2,5.0,80,12,485,161,43,411,517,4,Movimento Programado;Seleção de Ação Simultânea;Gerenciamento de Mãos;Influência / Maioria na Área,0,,Aventura;Medieval;Economia / Produção;Fantasia,https://ludopedia.com.br/jogo/feudum,0.7507739938080495,0.8474226804123711,0.088659793814433,4,3.0,8.25,7.86,240,5.5813953488372094,0.26785714285714285
654,Macao,2009,,2,4.0,90,12,105,52,23,496,275,6,Construção de Redes e Rotas;Pegar e Entregar;Rolagem de Dados;Pontos de Ação;Gerenciamento de Mãos;Colecionar Conjuntos,1,Jogo de Dados,Transportes,https://ludopedia.com.br/jogo/macao,0.6687898089171974,4.723809523809524,0.219047619047619,6,2.0,8.25,7.65,139,6.043478260869565,0.23128119800332778
35287,Earth,2024,2024.0,1,5.0,90,13,920,108,55,644,1524,11,Gerenciamento de Mãos;Bônus de Fim de Jogo;Pontos de Vitória como Recurso;Preparação Variável;Colocação de Peças;Contratos;Solo / Solitário;Construção a partir de Modelo;Marcas;Seguir Ação;Jogo em Equipe,1,Jogo de Cartas,Animais;Educacional;Meio Ambiente,https://ludopedia.com.br/jogo/earth,0.8949416342412452,0.7,0.0597826086956521,11,4.0,8.24,8.0,428,7.781818181818182,0.27365728900255754
22240,As Tabernas do Vale Profundo,2019,2020.0,2,4.0,60,12,622,210,63,790,1120,5,"Construção de Baralho, Bolsas e Peças;Rolagem de Dados;Alocação de Trabalhadores com Dados;Compra Aberta;Alocação de Trabalhadores",1,Jogo de Dados,Economia / Produção;Gastronomia;Medieval,https://ludopedia.com.br/jogo/the-taverns-of-tiefenthal,0.7475961538461539,1.270096463022508,0.1012861736334405,5,2.0,8.24,8.0,420,6.666666666666667,0.29745042492917845
10711,Harry Potter: A Batalha de Hogwarts,2016,2023.0,2,4.0,60,11,728,113,74,745,702,4,"Construção de Baralho, Bolsas e Peças;Cooperativo;Cenário / Missão / Campanha;Jogadores com Diferentes Habilidades",1,Jogo de Cartas,Literatura;Fantasia;Cultura Pop ou Geek,https://ludopedia.com.br/jogo/harry-potter-hogwarts-battle,0.8656361474435196,1.0233516483516485,0.1016483516483516,4,2.0,8.24,7.92,301,4.0675675675675675,0.2043448744059742
36711,Sabika,2022,2023.0,1,4.0,120,14,370,54,11,153,387,5,Colecionar Conjuntos;Alocação de Trabalhadores;Gerenciamento de Mãos;Eventos;Rondel,1,Jogo de Cartas,História;Medieval,https://ludopedia.com.br/jogo/sabika,0.8726415094339622,0.4135135135135135,0.0297297297297297,5,3.0,8.24,7.59,124,11.272727272727273,0.23709369024856597
36938,Dungeon Fighter (2ª Edição),2021,2022.0,1,6.0,60,8,626,68,54,400,467,4,Cooperativo;Eliminação de Jogadores;Jogadores com Diferentes Habilidades;Rolagem de Dados,4,Destreza;Jogo de Dados;Jogo Festivo;Dungeon Crawler,Fantasia;Medieval,https://ludopedia.com.br/jogo/dungeon-fighter-second-edition,0.9020172910662824,0.6389776357827476,0.0862619808306709,4,5.0,8.24,7.79,201,3.7222222222222223,0.195906432748538
15006,Rasher,2017,2017.0,2,6.0,60,12,126,12,10,29,80,4,Gerenciamento de Mãos;Tabuleiro Modular;Movimento Ponto-a-Ponto;Toma Essa,1,Jogo Festivo,Humor;Esportes;Aventura,https://ludopedia.com.br/jogo/rasher,0.9130434782608696,0.2301587301587301,0.0793650793650793,4,4.0,8.24,7.04,43,4.3,0.27741935483870966
22322,A Ilha dos Gatos,2019,2021.0,1,4.0,90,8,742,148,71,902,1166,10,Colecionar Conjuntos;Colocação de Peças;Reconhecimento de Padrões;Cobertura de Grade;Compra Fechada;Construção a partir de Modelo;Grade com Quadrados;Ordem de Turno: Baseado em Estatísticas;Pontos de Vitória Ocultos;Rendimentos,1,Quebra-Cabeça,Animais;Fantasia,https://ludopedia.com.br/jogo/the-isle-of-cats,0.8337078651685393,1.215633423180593,0.0956873315363881,10,3.0,8.24,8.0,410,5.774647887323944,0.24939172749391728
19826,Smartphone Inc.,2018,,1,5.0,90,12,144,43,13,269,501,8,Seleção de Ação Simultânea;Construção de Redes e Rotas;Influência / Maioria na Área;Camadas de Componentes;Fila de Ações;Preparação Variável;Solo / Solitário;Ordem de Turno: Baseado em Estatísticas,0,,Economia / Produção,https://ludopedia.com.br/jogo/smartphone-inc,0.7700534759358288,1.8680555555555556,0.0902777777777777,8,4.0,8.24,7.61,126,9.692307692307692,0.3050847457627119
11044,Taluva Deluxe,2015,,2,4.0,45,8,21,7,4,112,76,9,Colocação de Peças;Tabuleiro Modular;Camadas de Componentes;Jogo em Equipe;Captura de Peças;Construção a partir de Modelo;Corrida;Encadeamento;Fim por Morte Súbita,0,,Cultura Pop ou Geek;Economia / Produção,https://ludopedia.com.br/jogo/taluva-deluxe,0.75,5.333333333333333,0.1904761904761904,9,2.0,8.24,6.92,35,8.75,0.2631578947368421
6422,ZhanGuo,2014,,2,4.0,90,12,71,31,10,157,149,2,Gerenciamento de Mãos;Jogadores com Diferentes Habilidades,1,Jogo de Cartas,História;Cultura Oriental,https://ludopedia.com.br/jogo/zhanguo,0.696078431372549,2.211267605633803,0.1408450704225352,2,2.0,8.23,7.22,61,6.1,0.2675438596491228
1661,LEVEL 7 [Omega Protocol],2013,,2,6.0,90,14,79,42,15,231,118,5,Jogadores com Diferentes Habilidades;Rolagem de Dados;Tabuleiro Modular;Jogo em Equipe;Pontos de Ação,1,Dungeon Crawler,Ficção Científica;Luta / Artes Marciais;Horror/Terror,https://ludopedia.com.br/jogo/level-7-omega-protocol,0.6528925619834711,2.9240506329113924,0.189873417721519,5,4.0,8.23,7.16,54,3.6,0.17419354838709677
15074,Riverboat,2017,,2,4.0,90,10,83,34,5,103,148,2,Alocação de Trabalhadores;Colocação de Peças,0,,Economia / Produção,https://ludopedia.com.br/jogo/riverboat,0.7094017094017094,1.2409638554216869,0.0602409638554216,2,2.0,8.23,7.23,61,12.2,0.3279569892473118
17515,Rummikub Twist,2017,2020.0,2,4.0,40,8,370,15,20,72,287,3,Colecionar Conjuntos;Construção a partir de Modelo;Gerenciamento de Mãos,1,Estratégia Abstrata,,https://ludopedia.com.br/jogo/rummikub-twist,0.961038961038961,0.1945945945945946,0.054054054054054,3,2.0,8.23,7.6,128,6.4,0.2895927601809955
13897,Heaven & Ale,2017,,2,4.0,90,12,221,108,17,351,587,8,Colocação de Peças;Cobertura de Grade;Habilidades 1 vez por Partida;Maior Pontuação Baixa;Movimento em Trilha;Ordem do Turno: Ação de Reivindicação;Ordem do Turno: Ordem de Passe;Rondel,0,,Economia / Produção,https://ludopedia.com.br/jogo/heaven-ale,0.6717325227963525,1.588235294117647,0.0769230769230769,8,2.0,8.23,7.79,207,12.176470588235293,0.3618881118881119
33640,Viajantes do Sul do Tigre,2022,2023.0,1,4.0,90,12,405,82,16,260,528,11,Colecionar Conjuntos;Colocação de Peças;Influência / Maioria na Área;Alocação de Diferentes Tipos de Trabalhadores;Alocação de Trabalhadores com Dados;Bônus de Fim de Jogo;Marcas;Movimento em Trilha;Compra Aberta;Solo / Solitário;Tabuleiro Modular,0,,Civilização;Medieval,https://ludopedia.com.br/jogo/wayfarers-of-the-south-tigris,0.8316221765913757,0.6419753086419753,0.0395061728395061,11,3.0,8.23,7.74,180,11.25,0.2706766917293233
55257,Exploradores de Navoria,2024,2026.0,2,4.0,60,8,38,4,3,471,118,6,Colecionar Conjuntos;Movimento em Trilha;Alocação de Diferentes Tipos de Trabalhadores;Bônus de Fim de Jogo;Rendimentos;Seleção de Ação,0,,Fantasia;Aventura,https://ludopedia.com.br/jogo/explorers-of-navoria,0.9047619047619048,12.394736842105264,0.0789473684210526,6,2.0,8.23,6.7,23,7.666666666666667,0.04518664047151277
1073,The Name of the Rose,2008,,2,5.0,75,12,217,35,23,390,410,4,Alocação de Trabalhadores;Posicionamento Secreto;Apostas e Blefes;Dedução,0,,Medieval;Policial;Literatura,https://ludopedia.com.br/jogo/the-name-of-the-rose,0.8611111111111112,1.7972350230414746,0.1059907834101382,4,3.0,8.23,7.68,152,6.608695652173913,0.2504118616144975
14690,Merlin,2017,2018.0,2,4.0,75,14,642,228,41,520,1005,6,Rolagem de Dados;Alocação de Trabalhadores;Colecionar Conjuntos;Influência / Maioria na Área;Rolar / Girar e Mover;Rondel,1,Jogo de Dados,Medieval;Fantasia,https://ludopedia.com.br/jogo/merlin,0.7379310344827587,0.8099688473520249,0.0638629283489096,6,2.0,8.23,7.99,423,10.317073170731707,0.3640275387263339
79734,Tianxia,2025,2025.0,1,4.0,120,14,133,12,2,185,163,11,Alocação de Trabalhadores;Bônus de Fim de Jogo;Cartas Multiuso;Colecionar Conjuntos;Contratos;Jogadores com Diferentes Habilidades;Ordem do Turno: Ordem de Passe;Preparação Variável;Rendimentos;Semi-Cooperativo;Solo / Solitário,0,,Economia / Produção,https://ludopedia.com.br/jogo/tianxia,0.9172413793103448,1.3909774436090223,0.0150375939849624,11,3.0,8.23,7.05,45,22.5,0.14150943396226415
651,Imperial 2030,2009,2017.0,2,6.0,150,12,757,212,58,402,869,8,Especulação de Commodities;Influência / Maioria na Área;Movimento de Área;Mercado de Ações;Ordem de Fases Variável;Investimento;Propriedade;Rondel,0,,Política;Economia / Produção;Transportes,https://ludopedia.com.br/jogo/imperial-2030,0.7812177502579979,0.5310435931307794,0.0766182298546895,8,4.0,8.22,7.98,406,7.0,0.35030198446937016
12723,Creepers,2025,2025.0,1,5.0,30,8,101,11,9,92,134,9,Colocação de Peças;Force sua sorte;Pontos de Ação;Tabuleiro Modular;Toma Essa;Construção de Redes e Rotas;Jogadores com Diferentes Habilidades;Movimento de Área;Pegar e Entregar,3,Jogo de Cartas;Miniaturas;Dungeon Crawler,Aventura;Medieval;Fantasia;Horror/Terror,https://ludopedia.com.br/jogo/creepers,0.9017857142857144,0.9108910891089108,0.0891089108910891,9,4.0,8.22,6.74,25,2.7777777777777777,0.12953367875647667
1968,Coal Baron,2013,,2,4.0,70,10,74,28,10,251,272,5,Alocação de Trabalhadores;Colecionar Conjuntos;Colocação de Peças;Pegar e Entregar;Pontos de Ação,0,,Economia / Produção;Transportes,https://ludopedia.com.br/jogo/coal-baron,0.7254901960784313,3.391891891891892,0.1351351351351351,5,2.0,8.22,7.51,106,10.6,0.3261538461538461
24141,Golem,2021,2022.0,1,4.0,120,14,585,81,25,318,667,5,Colecionar Conjuntos;Jogadores com Diferentes Habilidades;Preparação Variável;Rendimentos;Seleção de Ação,0,,Literatura;Fantasia,https://ludopedia.com.br/jogo/golem,0.8783783783783784,0.5435897435897435,0.0427350427350427,5,3.0,8.21,7.81,229,9.16,0.25359911406423036
13028,Ethnos,2017,2018.0,2,6.0,60,14,782,248,91,547,1749,2,Colecionar Conjuntos;Influência / Maioria na Área,1,Jogo Assimétrico,Fantasia,https://ludopedia.com.br/jogo/ethnos,0.7592233009708738,0.6994884910485933,0.1163682864450127,2,4.0,8.21,8.05,652,7.164835164835165,0.49059443190368696
26398,Endless Winter: Paleoamericans,2022,2023.0,1,4.0,120,12,527,118,26,426,811,14,"Alocação de Trabalhadores;Colecionar Conjuntos;Construção de Baralho, Bolsas e Peças;Influência / Maioria na Área;Gerenciamento de Mãos;Tabuleiro Modular;Árvores / Trilhas de Tecnologia;Bônus de Fim de Jogo;Cartas Multiuso;Jogadores com Diferentes Habilidades;Ordem do Turno: Leilão;Preparação Variável;Rendimentos;Solo / Solitário",0,,Pré-Histórico,https://ludopedia.com.br/jogo/endless-winter-paleoamericans,0.8170542635658915,0.8083491461100569,0.0493358633776091,14,3.0,8.21,7.84,246,9.461538461538462,0.25813221406086045
32463,World of Warcraft: Wrath of the Lich King,2021,2022.0,1,5.0,60,14,621,85,50,395,545,6,Colecionar Conjuntos;Cooperativo;Gerenciamento de Mãos;Jogadores com Diferentes Habilidades;Movimento Ponto-a-Ponto;Rolagem de Dados,2,Miniaturas;Dungeon Crawler,Fantasia;Tema de Video Game,https://ludopedia.com.br/jogo/world-of-warcraft-wrath-of-the-lich-king,0.8796033994334278,0.6360708534621579,0.0805152979066022,6,4.0,8.21,7.82,236,4.72,0.23228346456692914
510,Steam,2009,,3,5.0,90,10,168,99,27,193,348,6,Colocação de Peças;Construção de Redes e Rotas;Leilão / Lances;Empréstimos;Pegar e Entregar;Propriedade,0,,Economia / Produção;Transportes,https://ludopedia.com.br/jogo/steam,0.6292134831460674,1.1488095238095235,0.1607142857142857,6,2.0,8.21,7.67,153,5.666666666666667,0.42382271468144045
62101,Sideral - Fusão Galáctica,2024,2024.0,2,4.0,45,8,85,6,8,75,96,8,Colocação de Peças;Conexões;Grade Hexagonal;Movimento Ponto-a-Ponto;Preparação Variável;Recurso para Mover;Tabuleiro Modular;Zona de Controle,2,Estratégia Abstrata;Jogo Festivo,Ciências;Ficção Científica,https://ludopedia.com.br/jogo/sideral-fusao-galactica,0.934065934065934,0.8823529411764706,0.0941176470588235,8,2.0,8.21,6.88,33,4.125,0.20625
41198,Unlock!: Aventuras Lúdicas,2021,2023.0,1,6.0,60,10,343,65,7,106,255,5,Cooperativo;Dedução;Narração de Histórias;Tempo Real;Cenário / Missão / Campanha,3,Integrado com Aplicativo;Jogo de Cartas;Quebra-Cabeça,Cultura Pop ou Geek;Aventura;Ciências;Fantasia;Horror/Terror;Policial;Transportes,https://ludopedia.com.br/jogo/unlock-game-adventures,0.8406862745098039,0.3090379008746355,0.0204081632653061,5,5.0,8.21,7.41,88,12.571428571428571,0.19599109131403117
56539,Sea Dragons,2023,2024.0,2,5.0,45,8,380,35,16,337,744,8,Bônus de Fim de Jogo;Cobertura de Grade;Colecionar Conjuntos;Construção a partir de Modelo;Contratos;Influência / Maioria na Área;Preparação Variável;Tabuleiro Modular,1,Estratégia Abstrata,Fantasia;Mitologia;Piratas,https://ludopedia.com.br/jogo/sea-dragons,0.9156626506024096,0.8868421052631579,0.0421052631578947,8,3.0,8.21,7.69,161,10.0625,0.22454672245467225
24465,O Abelhão Trapaceiro,2017,2020.0,3,5.0,25,7,140,9,5,43,91,1,Gerenciamento de Mãos,1,Jogo de Cartas,Animais,https://ludopedia.com.br/jogo/el-abejorro-tramposo-schummel-hummel,0.9395973154362416,0.3071428571428571,0.0357142857142857,1,2.0,8.21,6.81,29,5.8,0.15846994535519127
34079,Terracotta Army,2022,2023.0,2,4.0,120,14,463,56,21,289,585,5,Alocação de Trabalhadores;Influência / Maioria na Área;Alocação de Diferentes Tipos de Trabalhadores;Preparação Variável;Rendimentos,1,Miniaturas,Civilização;Cultura Oriental,https://ludopedia.com.br/jogo/terracotta-army,0.8921001926782274,0.6241900647948164,0.0453563714902807,5,2.0,8.21,7.73,179,8.523809523809524,0.23803191489361702
61935,The Gang,2024,2025.0,3,6.0,20,10,622,26,30,361,934,2,Cooperativo;Leilão: Lances Restritos,1,Jogo de Cartas,,https://ludopedia.com.br/jogo/the-gang,0.9598765432098766,0.5803858520900321,0.0482315112540192,2,3.0,8.21,7.81,226,7.533333333333333,0.2299084435401831
57861,The Witcher: Path of Destiny,2024,2025.0,1,5.0,90,14,219,12,12,209,242,8,"Cenário / Missão / Campanha;Construção de Baralho, Bolsas e Peças;Escolha Narrativa;Gerenciamento de Mãos;Jogadores com Diferentes Habilidades;Resolução de Conflitos por Cartas;RPG;Solo / Solitário",2,Miniaturas;Dungeon Crawler,Aventura;Fantasia;Literatura;Luta / Artes Marciais;Tema de Video Game,https://ludopedia.com.br/jogo/the-witcher-path-of-destiny,0.948051948051948,0.954337899543379,0.0547945205479452,8,4.0,8.2,7.11,51,4.25,0.1191588785046729
6564,Carcassonne Big Box 3,2010,,2,6.0,30,8,42,7,3,36,38,2,Colocação de Peças;Influência / Maioria na Área,0,,Medieval,https://ludopedia.com.br/jogo/carcassonne-big-box-3,0.8571428571428571,0.8571428571428571,0.0714285714285714,2,4.0,8.2,6.79,28,9.333333333333334,0.358974358974359
1613,Ubongo 3D,2009,,2,4.0,30,8,72,9,13,179,125,2,Construção a partir de Modelo;Tempo Real,1,Quebra-Cabeça,,https://ludopedia.com.br/jogo/ubongo-3d,0.8888888888888888,2.486111111111111,0.1805555555555555,2,2.0,8.2,7.07,47,3.6153846153846154,0.18725099601593626
720,Vinhos,2010,,2,4.0,135,13,79,52,19,342,189,2,Alocação de Trabalhadores;Influência / Maioria na Área,0,,Economia / Produção,https://ludopedia.com.br/jogo/vinhos,0.6030534351145038,4.329113924050633,0.240506329113924,2,2.0,8.2,7.39,86,4.526315789473684,0.2042755344418052
12411,Gentes,2017,,2,4.0,120,12,149,50,6,176,223,4,Pontos de Ação;Colecionar Conjuntos;Ordem do Turno: Ação de Reivindicação;Seleção de Ação,0,,História;Civilização,https://ludopedia.com.br/jogo/gentes,0.7487437185929648,1.1812080536912752,0.0402684563758389,4,2.0,8.2,7.38,84,14.0,0.25846153846153846
13151,Cytosis: A Cell Biology Board Game,2017,,2,5.0,75,10,121,20,4,284,152,5,Alocação de Trabalhadores;Colecionar Conjuntos;Cooperativo;Force sua sorte;Rolagem de Dados,0,,Educacional;Economia / Produção;Fantasia;Ciências,https://ludopedia.com.br/jogo/cytosis-a-cell-biology-board-game,0.8581560283687943,2.347107438016529,0.0330578512396694,5,3.0,8.2,7.22,63,15.75,0.15555555555555556
20631,Cleopatra and the Society of Architects: Deluxe Edition,2020,2020.0,2,4.0,60,10,482,111,24,421,574,5,Cerco de Área;Colecionar Conjuntos;Colocação de Peças;Gerenciamento de Mãos;Leilão / Lances,2,Colecionável;Miniaturas,História;Mitologia,https://ludopedia.com.br/jogo/cleopatra-and-the-society-of-architects-deluxe-edition,0.8128161888701517,0.8734439834024896,0.0497925311203319,5,2.0,8.2,7.8,229,9.541666666666666,0.25359911406423036
18041,Xingu,2018,2018.0,2,6.0,90,12,360,74,15,325,263,7,Alocação de Trabalhadores;Colecionar Conjuntos;Gerenciamento de Mãos;Colocação de Peças;Grade Hexagonal;Simulação;Toma Essa,0,,Cultura Brasileira;Guerra;História;Religião,https://ludopedia.com.br/jogo/xingu,0.8294930875576036,0.9027777777777778,0.0416666666666666,7,4.0,8.2,7.57,124,8.266666666666667,0.181021897810219
7320,Valeria: Card Kingdoms,2016,2019.0,1,5.0,45,14,754,234,62,426,1174,3,"Construção de Baralho, Bolsas e Peças;Rolagem de Dados;Produção Aleatória",2,Jogo de Cartas;Jogo de Dados,Fantasia,https://ludopedia.com.br/jogo/valeria-card-kingdoms,0.7631578947368421,0.5649867374005305,0.0822281167108753,3,4.0,8.19,7.97,452,7.290322580645161,0.38305084745762713
77588,Forest Shuffle: Dartmoor,2025,2026.0,2,5.0,60,10,206,2,9,191,313,7,Bônus de Fim de Jogo;Camadas de Componentes;Cartas Multiuso;Colecionar Conjuntos;Compra Aberta;Compra Fechada;Gerenciamento de Mãos,2,Jogo de Cartas;Carteado,Animais;Educacional;Meio Ambiente,https://ludopedia.com.br/jogo/forest-shuffle-dartmoor,0.9903846153846154,0.9271844660194176,0.0436893203883495,7,3.0,8.19,7.3,73,8.11111111111111,0.18387909319899245
11138,Crisis,2016,,1,5.0,120,14,31,8,2,68,65,2,Alocação de Trabalhadores;Especulação de Commodities,0,,Política;Economia / Produção,https://ludopedia.com.br/jogo/crisis,0.7948717948717948,2.193548387096774,0.064516129032258,2,4.0,8.19,6.73,25,12.5,0.25252525252525254
57174,Magic Trick,2023,,3,5.0,30,13,50,2,1,65,121,1,Vazas / Truques,2,Jogo de Cartas;Carteado,Arte;Fantasia,https://ludopedia.com.br/jogo/magic-trick,0.9615384615384616,1.3,0.02,1,2.0,8.19,6.75,26,26.0,0.22608695652173913
25238,Arkwright: The Card Game,2021,,1,4.0,100,12,70,23,1,51,69,3,Mercado de Ações;Empréstimos;Mercado,1,Jogo de Cartas,Economia / Produção,https://ludopedia.com.br/jogo/arkwright-the-card-game,0.7526881720430108,0.7285714285714285,0.0142857142857142,3,3.0,8.19,6.75,26,26.0,0.21487603305785125
9054,Signorie,2015,,2,4.0,120,12,69,29,8,149,162,4,Alocação de Trabalhadores;Rolagem de Dados;Colecionar Conjuntos;Alocação de Trabalhadores com Dados,1,Jogo de Dados,História,https://ludopedia.com.br/jogo/signorie,0.7040816326530612,2.1594202898550723,0.1159420289855072,4,2.0,8.19,7.33,78,9.75,0.3577981651376147
759,Shogun,2006,,3,5.0,150,12,134,61,13,223,282,7,Movimento Programado;Seleção de Ação Simultânea;Influência / Maioria na Área;Leilão / Lances;Movimento de Área;Ordem de Fases Variável;Torre de Cubos,0,,Medieval;Economia / Produção,https://ludopedia.com.br/jogo/shogun,0.6871794871794872,1.664179104477612,0.0970149253731343,7,2.0,8.19,7.6,135,10.384615384615385,0.37815126050420167
3333,World Without End,2009,,2,4.0,90,12,49,21,2,90,71,2,Gerenciamento de Mãos;Produção Aleatória,0,,Medieval;Economia / Produção;Literatura,https://ludopedia.com.br/jogo/world-without-end,0.7,1.836734693877551,0.0408163265306122,2,2.0,8.19,6.9,35,17.5,0.2517985611510791
45077,In the Footsteps of Darwin,2023,2026.0,2,5.0,30,8,301,5,15,315,534,8,Bônus de Fim de Jogo;Cobertura de Grade;Colocação de Peças;Construção a partir de Modelo;Grade com Quadrados;Rondel;Compra Aberta;Camadas de Componentes,0,,Educacional;Animais;Transportes,https://ludopedia.com.br/jogo/in-the-footsteps-of-darwin,0.9836601307189542,1.0465116279069768,0.0498338870431893,8,3.0,8.19,7.46,99,6.6,0.16071428571428573
80227,Echoes of Time,2025,2026.0,2,4.0,60,12,153,9,2,278,184,4,Bônus de Fim de Jogo;Cartas Multiuso;Gerenciamento de Mãos;Marcas,1,Jogo de Cartas,Animais;Fantasia,https://ludopedia.com.br/jogo/echoes-of-time,0.9444444444444444,1.8169934640522876,0.0130718954248366,4,2.0,8.19,6.87,33,16.5,0.0765661252900232
24786,Back to the Future: Back in Time,2020,,2,4.0,50,10,341,64,18,229,326,2,Cooperativo;Rolagem de Dados,0,,Aventura;Cultura Pop ou Geek,https://ludopedia.com.br/jogo/back-to-the-future-back-in-time,0.8419753086419753,0.6715542521994134,0.0527859237536656,2,2.0,8.19,7.63,144,8.0,0.25263157894736843
21951,Carnavalesco,2022,2022.0,1,4.0,60,8,400,55,27,265,710,5,Rolagem de Dados;Construção a partir de Modelo;Force sua sorte;Jogadores com Diferentes Habilidades;Simulação,4,Estratégia Abstrata;Jogo de Dados;Jogo Festivo;Quebra-Cabeça,Arte;Cultura Brasileira,https://ludopedia.com.br/jogo/carnavalesco,0.8791208791208791,0.6625,0.0675,5,3.0,8.19,7.81,238,8.814814814814815,0.35789473684210527
38,Gears of War: The Board Game,2011,,1,4.0,180,13,331,142,68,685,372,5,Gerenciamento de Mãos;Cooperativo;Jogadores com Diferentes Habilidades;Rolagem de Dados;Tabuleiro Modular,1,Dungeon Crawler,Ficção Científica;Tema de Video Game,https://ludopedia.com.br/jogo/gears-of-war-the-board-game,0.6997885835095138,2.069486404833837,0.2054380664652568,5,3.0,8.19,7.81,240,3.5294117647058822,0.23622047244094488
19519,Quatro Estações,2023,2023.0,1,4.0,90,14,149,19,4,93,105,4,Alocação de Trabalhadores;Jogadores com Diferentes Habilidades;Negociação;Ordem de Fases Variável,1,Jogo de Cartas,Animais;Economia / Produção,https://ludopedia.com.br/jogo/quatro-estacoes,0.8869047619047619,0.6241610738255033,0.0268456375838926,4,3.0,8.19,6.96,39,9.75,0.16115702479338842
56707,Evenfall,2023,2024.0,1,4.0,120,14,399,55,20,404,548,7,Alocação de Diferentes Tipos de Trabalhadores;Alocação de Trabalhadores;Bônus de Fim de Jogo;Cartas Multiuso;Encadeamento;Gerenciamento de Mãos;Jogadores com Diferentes Habilidades,1,Jogo de Cartas,Fantasia,https://ludopedia.com.br/jogo/evenfall,0.8788546255506607,1.012531328320802,0.050125313283208,7,3.0,8.19,7.62,143,7.15,0.1780821917808219
9463,Grasse - Mestres Perfumistas,2018,2018.0,2,4.0,60,14,498,159,41,432,784,4,Alocação de Trabalhadores;Colecionar Conjuntos;Preparação Variável;Rondel,0,,Economia / Produção;História,https://ludopedia.com.br/jogo/grasse,0.7579908675799086,0.8674698795180723,0.0823293172690763,4,2.0,8.19,7.92,348,8.487804878048781,0.3741935483870968
26002,The King is Dead (2nd Edition),2020,,2,4.0,45,14,694,106,36,362,841,8,Influência / Maioria na Área;Gerenciamento de Mãos;Campanha / Batalhas Dirigidas por Cartas;Jogo em Equipe;Comunicação Limitada;Mapa: Redução;Ordem do Turno: Ordem de Passe;Preparação Variável,1,Estratégia Abstrata,Medieval;Política,https://ludopedia.com.br/jogo/the-king-is-dead-2nd-edition,0.8675,0.521613832853026,0.0518731988472622,8,2.0,8.19,7.83,258,7.166666666666667,0.24431818181818182
25219,Spicy,2020,2024.0,2,6.0,20,10,1422,84,61,609,1742,2,Apostas e Blefes;Gerenciamento de Mãos,2,Jogo de Cartas;Carteado,Animais;Cultura Oriental;Gastronomia,https://ludopedia.com.br/jogo/spicy,0.9442231075697212,0.4282700421940928,0.0428973277074542,2,4.0,8.18,7.97,466,7.639344262295082,0.2294436238306253
52443,Creature Caravan,2024,,1,4.0,60,10,80,15,7,192,140,2,Alocação de Trabalhadores com Dados;Cartas Multiuso,0,,Fantasia,https://ludopedia.com.br/jogo/creature-caravan,0.8421052631578947,2.4,0.0875,2,3.0,8.18,7.0,42,6.0,0.15441176470588236
39488,Savernake Forest,2023,2023.0,2,4.0,30,10,236,32,9,145,356,5,Colocação de Peças;Construção de Redes e Rotas;Mapa: Adição;Compra Aberta;Construção a partir de Modelo,0,,Animais;Meio Ambiente,https://ludopedia.com.br/jogo/savernake-forest,0.8805970149253731,0.614406779661017,0.0381355932203389,5,2.0,8.18,7.47,103,11.444444444444445,0.27034120734908135
7366,Wildcatters,2013,,2,4.0,120,14,39,11,3,123,66,4,Construção de Redes e Rotas;Influência / Maioria na Área;Mercado de Ações;Pegar e Entregar,0,,Economia / Produção;Transportes,https://ludopedia.com.br/jogo/wildcatters,0.78,3.1538461538461537,0.0769230769230769,4,2.0,8.18,6.85,32,10.666666666666666,0.19753086419753085
31092,Sniper Elite: The Board Game,2022,,1,4.0,70,16,59,11,4,192,76,4,Jogadores com Diferentes Habilidades;Pontos de Ação;Sistema de Sorteio de Fichas;Movimento Oculto,2,Jogo de Guerra;Miniaturas,Guerra;Tema de Video Game,https://ludopedia.com.br/jogo/sniper-elite-the-board-game,0.8428571428571429,3.2542372881355934,0.0677966101694915,4,3.0,8.18,6.85,32,8.0,0.12749003984063745
788,Alien Frontiers,2010,,2,4.0,90,13,380,154,59,447,813,4,Influência / Maioria na Área;Rolagem de Dados;Alocação de Trabalhadores com Dados;Compra Aberta,1,Jogo de Dados,Ficção Científica,https://ludopedia.com.br/jogo/alien-frontiers,0.7116104868913857,1.1763157894736842,0.1552631578947368,4,2.0,8.18,7.95,426,7.220338983050848,0.5151148730350665
10037,Evolution: Climate,2016,,2,6.0,75,12,115,50,12,222,255,4,Gerenciamento de Mãos;Force sua sorte;Posicionamento Secreto;Simulação,2,Expansão ou Suplemento;Jogo de Cartas,Animais;Educacional;Luta / Artes Marciais;Meio Ambiente;Pré-Histórico,https://ludopedia.com.br/jogo/evolution-climate,0.696969696969697,1.9304347826086956,0.1043478260869565,4,4.0,8.18,7.44,96,8.0,0.28486646884273
11161,DOOM: The Board Game,2016,,2,5.0,180,14,48,18,10,277,71,4,Jogadores com Diferentes Habilidades;Jogo em Equipe;Rolagem de Dados;Tabuleiro Modular,2,Miniaturas;Dungeon Crawler,Aventura;Ficção Científica;Luta / Artes Marciais;Tema de Video Game;Horror/Terror,https://ludopedia.com.br/jogo/doom-the-board-game,0.7272727272727273,5.770833333333333,0.2083333333333333,4,3.0,8.18,6.91,36,3.6,0.11076923076923077
1837,Tammany Hall,2007,,3,5.0,90,12,134,52,15,270,295,5,Influência / Maioria na Área;Jogadores com Diferentes Habilidades;Leilão / Lances;Pegue o Líder;Leilão: Lance Selado,0,,Política;Policial,https://ludopedia.com.br/jogo/tammany-hall,0.7204301075268817,2.014925373134328,0.1119402985074626,5,2.0,8.15,7.56,131,8.733333333333333,0.32425742574257427
56713,Doce Caos: Guerra de Confeiteiros,2023,2024.0,1,4.0,90,10,253,21,17,176,334,4,Colecionar Conjuntos;Compra Aberta;Contratos;Corrida,0,,Gastronomia,https://ludopedia.com.br/jogo/sweet-mess-pastry-competition,0.9233576642335768,0.6956521739130435,0.067193675889328,4,3.0,8.15,7.38,89,5.235294117647059,0.20745920745920746
35705,Tiny Epic Vikings,2023,2024.0,1,4.0,60,14,400,28,14,305,289,7,Colecionar Conjuntos;Influência / Maioria na Área;Gerenciamento de Mãos;Rei da Colina;Compra Aberta;Compra Fechada;Solo / Solitário,1,Jogo de Cartas,Fantasia;Mitologia;Vikings,https://ludopedia.com.br/jogo/tiny-epic-vikings,0.9345794392523364,0.7625,0.035,7,3.0,8.15,7.35,85,6.071428571428571,0.12056737588652482
644,Egizia,2009,,2,4.0,75,12,34,11,5,84,105,4,Alocação de Trabalhadores;Movimento Direcionado;Bônus de Fim de Jogo;Compra Aberta,0,,História;Economia / Produção,https://ludopedia.com.br/jogo/egizia,0.7555555555555555,2.4705882352941178,0.1470588235294117,4,2.0,8.15,7.15,58,11.6,0.4915254237288136
30270,Stardew Valley: The Board Game,2021,,1,4.0,200,13,359,40,53,927,402,5,Alocação de Trabalhadores;Cooperativo;Movimento Ponto-a-Ponto;Rolagem de Dados;Produção Aleatória,0,,Animais;Tema de Video Game;Economia / Produção,https://ludopedia.com.br/jogo/stardew-valley-the-board-game,0.899749373433584,2.582172701949861,0.1476323119777158,5,3.0,8.15,7.56,132,2.490566037735849,0.1026438569206843
32321,Dwar7s Fall (Terceira Edição),2021,2021.0,2,4.0,60,13,40,8,8,52,35,4,Alocação de Trabalhadores;Colecionar Conjuntos;Colocação de Peças;Toma Essa,0,,Fantasia,https://ludopedia.com.br/jogo/dwar7s-fall-terceira-edicao,0.8333333333333334,1.3,0.2,4,2.0,8.15,6.75,27,3.375,0.29347826086956524
35129,Mouse Maze,2023,2023.0,1,4.0,30,14,281,26,11,98,246,8,Cerco de Área;Construção de Redes e Rotas;Desenhar Rota com Pincel Atômico;Papel e Caneta;Pegue o Líder;Cenário / Missão / Campanha;Pontuar e Reiniciar;Preparação Variável,0,,Animais;Ciências;Ficção Científica,https://ludopedia.com.br/jogo/mouse-maze,0.9153094462540716,0.3487544483985765,0.0391459074733096,8,3.0,8.15,7.27,72,6.545454545454546,0.18997361477572558
68017,3 Capítulos (I),2024,2025.0,2,6.0,30,10,432,23,19,226,561,2,Compra Fechada;Vazas / Truques,1,Carteado,Fantasia,https://ludopedia.com.br/jogo/3-chapters,0.9494505494505494,0.5231481481481481,0.0439814814814814,2,4.0,8.15,7.58,140,7.368421052631579,0.2127659574468085
25,Chaos in the Old World,2009,,3,4.0,90,13,241,104,47,382,435,4,Influência / Maioria na Área;Jogadores com Diferentes Habilidades;Rolagem de Dados;Pontos de Ação,2,Jogo de Guerra;Miniaturas,Luta / Artes Marciais;Fantasia;Horror/Terror,https://ludopedia.com.br/jogo/chaos-in-the-old-world,0.6985507246376812,1.5850622406639003,0.1950207468879668,4,1.0,8.15,7.78,240,5.1063829787234045,0.3852327447833066
40416,Nevoeiro em Carcassonne ,2022,2023.0,1,5.0,35,8,243,25,8,156,233,2,Colocação de Peças;Cooperativo,1,Jogo de Entrada,Fantasia;Horror/Terror;Medieval,https://ludopedia.com.br/jogo/mists-over-carcassonne,0.9067164179104478,0.6419753086419753,0.0329218106995884,2,4.0,8.15,7.33,81,10.125,0.20300751879699247
21326,Jaws,2019,,2,4.0,60,12,185,50,11,231,197,12,Influência / Maioria na Área;Gerenciamento de Mãos;Jogadores com Diferentes Habilidades;Jogo em Equipe;Posicionamento Secreto;Eliminação de Jogadores;Mapa: Redução;Movimento de Área;Movimento Oculto;Pontos de Ação;Resolução de Conflitos por Cartas;Tabuleiro Modular,0,,Animais;Luta / Artes Marciais;Cultura Pop ou Geek;Transportes,https://ludopedia.com.br/jogo/jaws,0.7872340425531915,1.2486486486486486,0.0594594594594594,12,2.0,8.15,7.4,93,8.454545454545455,0.22355769230769232
26359,Terraforming Mars: o Jogo de Dados,2023,2023.0,1,4.0,40,12,642,89,43,300,958,2,Rolagem de Dados;Marcas,1,Jogo de Dados,Economia / Produção;Ficção Científica,https://ludopedia.com.br/jogo/terraforming-mars-the-dice-game,0.8782489740082079,0.4672897196261682,0.0669781931464174,2,3.0,8.15,7.82,280,6.511627906976744,0.29723991507430997
7748,Mare Nostrum: Empires,2016,,3,5.0,120,14,133,79,20,249,302,5,Colecionar Conjuntos;Influência / Maioria na Área;Jogadores com Diferentes Habilidades;Negociação;Rolagem de Dados,0,,História;Economia / Produção;Civilização,https://ludopedia.com.br/jogo/mare-nostrum-empires,0.6273584905660378,1.8721804511278195,0.150375939849624,5,2.0,8.15,7.62,154,7.7,0.4031413612565445
6091,Super Mario Kart,2011,,2,5.0,30,8,43,8,17,146,51,3,Rolagem de Dados;Rolar / Girar e Mover;Tabuleiro Modular,1,Imprima e Jogue,Tema de Video Game;Esportes,https://ludopedia.com.br/jogo/super-mario-kart,0.8431372549019608,3.395348837209302,0.3953488372093023,3,3.0,8.15,6.74,26,1.5294117647058822,0.13756613756613756
58172,Robotrick,2020,,3,3.0,30,10,58,7,0,52,127,1,Vazas / Truques,2,Jogo de Cartas;Carteado,Ficção Científica,https://ludopedia.com.br/jogo/robotrick,0.8923076923076924,0.896551724137931,0.0,1,0.0,8.15,6.86,33,,0.3
63332,Kokeshi,2024,2024.0,1,4.0,45,14,420,16,19,177,509,1,Movimento em Trilha,1,Jogo de Entrada,Animais;Cultura Oriental,https://ludopedia.com.br/jogo/kokeshi,0.963302752293578,0.4214285714285714,0.0452380952380952,1,3.0,8.15,7.53,125,6.578947368421052,0.20938023450586266
23493,Tiny Epic Dinosaurs,2020,2021.0,1,4.0,60,14,1118,215,57,508,1018,5,Alocação de Trabalhadores;Cerco de Área;Contratos;Pontos de Vitória Ocultos;Solo / Solitário,0,,Economia / Produção;Pré-Histórico,https://ludopedia.com.br/jogo/tiny-epic-dinosaurs,0.8387096774193549,0.4543828264758497,0.0509838998211091,5,3.0,8.14,7.91,428,7.508771929824562,0.26322263222632225
72975,O Gato e a Torre,2024,2026.0,1,5.0,30,6,495,14,12,293,415,5,Empilhar e Equilibrar;Seleção de Ação;Cartas Multiuso;Cooperativo;Movimento Tridimensional,1,Destreza,Animais,https://ludopedia.com.br/jogo/cat-and-the-tower,0.9724950884086444,0.591919191919192,0.0242424242424242,5,4.0,8.14,7.45,106,8.833333333333334,0.13451776649746192
77057,Cobogó,2025,2025.0,1,4.0,15,14,258,9,10,91,202,6,Camadas de Componentes;Colocação de Peças;Construção a partir de Modelo;Cooperativo;Preparação Variável;Solo / Solitário,2,Imprima e Jogue;Jogo de Cartas,Arte;Cultura Brasileira,https://ludopedia.com.br/jogo/cobogo,0.9662921348314608,0.3527131782945736,0.0387596899224806,6,3.0,8.14,7.05,48,4.8,0.13753581661891118
30939,Witchstone,2021,2022.0,2,4.0,90,12,763,107,19,236,897,8,Movimento Ponto-a-Ponto;Colocação de Peças;Construção de Redes e Rotas;Bônus de Fim de Jogo;Grade Hexagonal;Compra Aberta;Conexões;Construção a partir de Modelo,0,,Fantasia,https://ludopedia.com.br/jogo/witchstone,0.8770114942528736,0.309305373525557,0.0249017038007863,8,2.0,8.14,7.81,272,14.31578947368421,0.2722722722722723
26236,Paraíso dos Dinossauros,2020,2022.0,2,5.0,45,10,216,42,6,120,229,12,Colocação de Peças;Leilão / Lances;Movimento em Grades;Crescimento Automático de Recursos;Ação / Evento;Compra Aberta;Ordem do Turno: Progressivo;Preparação Variável;Rolar / Girar e Mover;Tabuleiro Modular;Grade Hexagonal;Mapa: Adição,2,Estratégia Abstrata;Quebra-Cabeça,Animais;Pré-Histórico,https://ludopedia.com.br/jogo/gods-love-dinosaurs,0.8372093023255814,0.5555555555555556,0.0277777777777777,12,3.0,8.14,7.23,67,11.166666666666666,0.19940476190476192
26577,Àiyé,2023,2023.0,2,4.0,60,12,268,45,17,198,453,2,Gerenciamento de Mãos;Mancala,0,,,https://ludopedia.com.br/jogo/aiye,0.8562300319488818,0.7388059701492538,0.0634328358208955,2,2.0,8.14,7.53,126,7.411764705882353,0.2703862660944206
22736,Rush M.D.,2020,2023.0,1,4.0,45,12,443,54,22,220,386,6,Cooperativo;Tempo Real;Ação Cronometrada;Alocação de Diferentes Tipos de Trabalhadores;Alocação de Trabalhadores;Partida Cronometrada,1,Destreza,Ciências,https://ludopedia.com.br/jogo/rush-m-d,0.8913480885311871,0.4966139954853273,0.0496613995485327,6,3.0,8.14,7.5,116,5.2727272727272725,0.17496229260935142
12462,Yamataï,2017,,2,4.0,80,13,182,104,21,434,398,5,Construção de Redes e Rotas;Tabuleiro Modular;Contratos;Seleção de Ação;Valorização dos Recursos Não Escolhidos,0,,Mitologia;Transportes,https://ludopedia.com.br/jogo/yamatai,0.6363636363636364,2.3846153846153846,0.1153846153846153,5,2.0,8.14,7.67,177,8.428571428571429,0.28733766233766234
68220,Saltfjord,2024,2025.0,1,4.0,90,14,134,14,1,291,214,9,Colecionar Conjuntos;Colocação de Peças;Compra Aberta;Jogadores com Diferentes Habilidades;Rolagem de Dados;Bônus de Fim de Jogo;Rendimentos;Preparação Variável;Alocação de Trabalhadores,1,Jogo de Dados,Vikings;Transportes,https://ludopedia.com.br/jogo/saltfjord,0.9054054054054054,2.171641791044776,0.0074626865671641,9,3.0,8.14,7.15,58,58.0,0.13647058823529412
21,Cuba,2007,,2,5.0,120,10,152,80,23,363,337,4,Gerenciamento de Mãos;Leilão / Lances;Ordem de Fases Variável;Votação,0,,Economia / Produção,https://ludopedia.com.br/jogo/cuba,0.6551724137931034,2.388157894736842,0.1513157894736842,4,3.0,8.13,7.64,167,7.260869565217392,0.32427184466019415
123,Sid Meier's Civilization: The Board Game,2010,,2,4.0,180,13,356,142,69,479,447,10,"Campanha / Batalhas Dirigidas por Cartas;Jogadores com Diferentes Habilidades;Pedra, Papel e Tesoura;Tabuleiro Modular;Construção de Baralho, Bolsas e Peças;Gerenciamento de Mãos;Movimento em Grades;Negociação;Árvores / Trilhas de Tecnologia;Grade com Quadrados",1,4x,Aventura;Tema de Video Game;Civilização,https://ludopedia.com.br/jogo/sid-meier-s-civilization-the-board-game,0.714859437751004,1.345505617977528,0.1938202247191011,10,2.0,8.13,7.77,244,3.536231884057971,0.29221556886227545
10776,Wasteland Express Delivery Service,2017,,2,5.0,90,12,40,17,5,134,79,5,Rolagem de Dados;Jogadores com Diferentes Habilidades;Pegar e Entregar;Pontos de Ação;Tabuleiro Modular,1,Miniaturas,,https://ludopedia.com.br/jogo/wasteland-express-delivery-service,0.7017543859649122,3.35,0.125,5,3.0,8.13,6.88,35,7.0,0.20114942528735633
10849,Black Orchestra,2017,,1,5.0,75,13,69,12,10,219,105,12,Gerenciamento de Mãos;Colecionar Conjuntos;Cooperativo;Force sua sorte;Jogadores com Diferentes Habilidades;Movimento Ponto-a-Ponto;Rolagem de Dados;Pontos de Ação;Árvores / Trilhas de Tecnologia;Pegar e Entregar;Resolução por Símbolos nos Dados;Solo / Solitário,0,,Guerra;Policial,https://ludopedia.com.br/jogo/black-orchestra,0.8518518518518519,3.1739130434782608,0.144927536231884,12,4.0,8.13,7.0,44,4.4,0.1527777777777778
6802,The Golden Ages,2014,,2,4.0,90,12,113,59,14,166,244,5,Colocação de Peças;Influência / Maioria na Área;Tabuleiro Modular;Jogadores com Diferentes Habilidades;Ordem de Fases Variável,1,4x,Civilização,https://ludopedia.com.br/jogo/the-golden-ages,0.6569767441860465,1.4690265486725664,0.1238938053097345,5,2.0,8.13,7.42,100,7.142857142857143,0.35842293906810035
54490,Micélio ,2024,2024.0,1,4.0,90,10,409,36,30,575,710,7,Influência / Maioria na Área;Solo / Solitário;Colocação de Peças;Tabuleiro Modular;Gerenciamento de Mãos;Compra Aberta;Compra Fechada,2,Estratégia Abstrata;Jogo Assimétrico,Meio Ambiente,https://ludopedia.com.br/jogo/mycelia,0.9191011235955056,1.405867970660147,0.0733496332518337,7,3.0,8.13,7.58,142,4.733333333333333,0.1443089430894309
57636,Dez Pragas do Egito,2025,2025.0,1,4.0,90,12,93,6,3,106,93,4,Alocação de Trabalhadores com Dados;Colocação de Peças;Influência / Maioria na Área;Jogadores com Diferentes Habilidades,1,Jogo Assimétrico,Civilização;História,https://ludopedia.com.br/jogo/dez-pragas-do-egito,0.9393939393939394,1.1397849462365592,0.032258064516129,4,3.0,9.21,7.55,47,15.666666666666666,0.23618090452261306
52355,Speakeasy,2026,2026.0,1,4.0,180,14,109,1,21,557,195,4,Gerenciamento de Mãos;Influência / Maioria na Área;Pegar e Entregar;Alocação de Trabalhadores,0,,Economia / Produção;Policial,https://ludopedia.com.br/jogo/speakeasy,0.990909090909091,5.110091743119266,0.1926605504587156,4,3.0,9.2,7.66,54,2.5714285714285716,0.08108108108108109
42463,Cthulhu: Death May Die - Medo do Desconhecido,2024,2025.0,1,5.0,90,14,434,25,48,414,275,6,Cooperativo;Jogadores com Diferentes Habilidades;Rolagem de Dados;Pontos de Ação;Cenário / Missão / Campanha;Solo / Solitário,2,Miniaturas;Dungeon Crawler,Horror/Terror;Literatura;Luta / Artes Marciais,https://ludopedia.com.br/jogo/cthulhu-death-may-die-fear-of-the-unknown,0.9455337690631808,0.9539170506912442,0.1105990783410138,6,4.0,9.2,8.28,124,2.5833333333333335,0.14622641509433962
20031,Cloudspire,2019,,1,4.0,180,13,30,4,7,229,27,14,Movimento Programado;Colocação de Peças;Cooperativo;Jogadores com Diferentes Habilidades;Posicionamento Secreto;Rolagem de Dados;Tabuleiro Modular;Árvores / Trilhas de Tecnologia;Eventos;Fila de Ações;Grade Hexagonal;Movimento Direcionado;Ordem do Turno: Progressivo;Solo / Solitário,1,Jogo de Dados,Aventura;Fantasia;Tema de Video Game,https://ludopedia.com.br/jogo/cloudspire,0.8823529411764706,7.633333333333334,0.2333333333333333,14,3.0,9.2,6.74,15,2.142857142857143,0.05791505791505792
66889,Gatos de Ulthar,2024,2024.0,1,4.0,15,4,58,1,49,83,65,2,Colecionar Conjuntos;Combinação,2,Estratégia Abstrata;Jogo de Cartas,Animais;Educacional;Fantasia,https://ludopedia.com.br/jogo/gatos-de-ulthar,0.9830508474576272,1.4310344827586208,0.8448275862068966,2,3.0,9.18,7.87,71,1.4489795918367347,0.5035460992907801
65928,Café da Tarde,2025,2025.0,3,6.0,20,5,135,6,8,66,143,8,Apostas e Blefes;Bônus de Fim de Jogo;Compra Aberta;Compra Fechada;Force sua sorte;Gerenciamento de Mãos;Propriedade;Toma Essa,2,Jogo de Cartas;Jogo Festivo,Cultura Brasileira;Gastronomia,https://ludopedia.com.br/jogo/cafe-da-tarde,0.9574468085106383,0.4888888888888889,0.0592592592592592,8,3.0,9.18,7.59,50,6.25,0.24875621890547264
37134,Conquistadores da Matemática,2022,,1,5.0,20,5,45,1,52,64,50,1,Seleção de Ação Simultânea,1,Jogo de Cartas,Educacional,https://ludopedia.com.br/jogo/conquistadores-da-matematica,0.9782608695652174,1.4222222222222225,1.1555555555555554,1,4.0,9.17,7.79,65,1.25,0.5963302752293578
21148,The Castles of Burgundy: Alea 20th Anniversary Edition,2019,,1,4.0,100,12,534,82,96,540,564,11,Colecionar Conjuntos;Colocação de Peças;Rolagem de Dados;Alocação de Trabalhadores com Dados;Bônus de Fim de Jogo;Cobertura de Grade;Construção a partir de Modelo;Jogo em Equipe;Ordem de Turno: Baseado em Estatísticas;Preparação Variável;Solo / Solitário,1,Jogo de Dados,Medieval,https://ludopedia.com.br/jogo/the-castles-of-burgundy-alea-20th-anniversary-edition,0.8668831168831169,1.0112359550561798,0.1797752808988764,11,3.0,9.17,8.66,258,2.6875,0.24022346368715083
66523,Cuco!,2025,2025.0,1,4.0,30,10,30,2,3,22,26,1,Cartas Multiuso,2,Jogo de Cartas;Jogo de Entrada,Fantasia,https://ludopedia.com.br/jogo/cuco,0.9375,0.7333333333333333,0.1,1,3.0,9.16,6.77,16,5.333333333333333,0.3076923076923077
32773,Medusa Oschophoria,2022,2022.0,2,4.0,90,14,28,5,8,48,32,6,Colocação de Peças;Force sua sorte;Movimento Ponto-a-Ponto;Negociação;Pegar e Entregar;Rolagem de Dados,0,,Arte;Fantasia;Mitologia,https://ludopedia.com.br/jogo/medusa-oschophoria,0.8484848484848485,1.7142857142857142,0.2857142857142857,6,2.0,9.01,6.73,16,2.0,0.21052631578947367
51130,Railways of the World (10th Anniversary Edition),2020,2021.0,2,6.0,120,10,51,7,9,53,80,12,Bônus de Fim de Jogo;Colocação de Peças;Conexões;Construção de Redes e Rotas;Empréstimos;Grade Hexagonal;Ordem do Turno: Leilão;Pegar e Entregar;Pontos de Ação;Propriedade;Rendimentos;Compra Aberta,0,,Transportes,https://ludopedia.com.br/jogo/railways-of-the-world-10th-anniversary-edition,0.8793103448275862,1.03921568627451,0.1764705882352941,12,4.0,9.01,6.8,18,2.0,0.17307692307692307
72725,Andromeda's Edge: Deluxe Edition,2024,,1,5.0,160,14,37,3,10,83,92,8,Alocação de Diferentes Tipos de Trabalhadores;Alocação de Trabalhadores;Árvores / Trilhas de Tecnologia;Influência / Maioria na Área;Preparação Variável;Rolagem de Dados;Tabuleiro Modular;Toma Essa,0,,Aventura;Ficção Científica,https://ludopedia.com.br/jogo/andromeda-s-edge-deluxe-edition,0.925,2.243243243243243,0.2702702702702703,8,4.0,9.0,6.79,18,1.8,0.15
51128,Unmatched: Brains and Brawn,2023,,2,3.0,40,14,79,10,6,129,67,3,Gerenciamento de Mãos;Movimento Ponto-a-Ponto;Pontos de Ação,2,Jogo de Cartas;Miniaturas,Cultura Pop ou Geek;Luta / Artes Marciais;Quadrinhos,https://ludopedia.com.br/jogo/unmatched-brains-and-brawn,0.8876404494382022,1.6329113924050631,0.0759493670886076,3,1.0,9.0,6.86,20,3.3333333333333335,0.09615384615384616
35965,Ra (25th Century Games Edition),2022,,2,5.0,45,12,85,6,14,168,100,3,Colecionar Conjuntos;Force sua sorte;Leilão / Lances,0,,Mitologia,https://ludopedia.com.br/jogo/ra-25th-century-games-edition,0.934065934065934,1.9764705882352944,0.1647058823529411,3,3.0,9.0,7.35,41,2.9285714285714284,0.16205533596837945
39229,Endeavor: Mar Profundo,2024,2025.0,1,4.0,120,10,711,54,87,1047,1165,10,Pontos de Ação;Árvores / Trilhas de Tecnologia;Mapa: Adição;Solo / Solitário;Encadeamento;Bônus de Fim de Jogo;Cenário / Missão / Campanha;Cooperativo;Movimento em Grades;Tabuleiro Modular,0,,Aventura;Transportes,https://ludopedia.com.br/jogo/endeavor-deep-sea,0.9294117647058824,1.4725738396624473,0.1223628691983122,10,3.0,8.99,8.58,318,3.6551724137931036,0.18088737201365188
44754,Marvel United: Multiverse,2024,2025.0,1,5.0,40,14,579,19,23,217,207,5,Cooperativo;Gerenciamento de Mãos;Jogadores com Diferentes Habilidades;Solo / Solitário;Tabuleiro Modular,1,Expansão ou Suplemento,Aventura;Cultura Pop ou Geek;Ficção Científica,https://ludopedia.com.br/jogo/marvel-united-multiverse,0.968227424749164,0.3747841105354059,0.0397236614853195,5,4.0,8.86,7.8,85,3.6956521739130435,0.10678391959798995
22457,Return to Dark Tower,2022,2024.0,1,4.0,120,10,152,19,24,517,219,12,Cooperativo;Jogadores com Diferentes Habilidades;Force sua sorte;Movimento de Área;Negociação;Influência / Maioria na Área;Produção Aleatória;Cenário / Missão / Campanha;Eventos;Fim por Morte Súbita;Preparação Variável;Solo / Solitário,2,Integrado com Aplicativo;Miniaturas,Fantasia;Aventura;Luta / Artes Marciais,https://ludopedia.com.br/jogo/return-to-dark-tower,0.8888888888888888,3.401315789473684,0.1578947368421052,12,3.0,8.86,7.7,73,3.0416666666666665,0.10911808669656203
32558,Horrified: American Monsters,2021,,1,5.0,60,10,67,7,4,123,64,6,Cooperativo;Jogadores com Diferentes Habilidades;Movimento Ponto-a-Ponto;Pegar e Entregar;Rolagem de Dados;Pontos de Ação,0,,Horror/Terror,https://ludopedia.com.br/jogo/horrified-american-monsters,0.9054054054054054,1.835820895522388,0.0597014925373134,6,4.0,8.86,7.0,27,6.75,0.14210526315789473
66730,Unmatched: Fundas e Flechas,2024,2026.0,2,4.0,40,9,261,12,14,133,197,7,Gerenciamento de Mãos;Jogadores com Diferentes Habilidades;Jogo em Equipe;Linha de Visão;Movimento Ponto-a-Ponto;Pontos de Ação;Resolução de Conflitos por Cartas,1,Jogo de Cartas,Fantasia,https://ludopedia.com.br/jogo/unmatched-slings-and-arrows,0.956043956043956,0.5095785440613027,0.053639846743295,7,2.0,8.86,7.58,62,4.428571428571429,0.15736040609137056
9402,Mythic Battles: Pantheon,2017,,2,4.0,45,14,82,19,20,216,102,12,Gerenciamento de Mãos;Campanha / Batalhas Dirigidas por Cartas;Eliminação de Jogadores;Jogadores com Diferentes Habilidades;Movimento de Área;Rolagem de Dados;Cartas de Comando;Cenário / Missão / Campanha;Compra Aberta;Jogo em Equipe;Linha de Visão;Simulação,3,Jogo de Dados;Jogo de Guerra;Miniaturas,Guerra;História;Mitologia,https://ludopedia.com.br/jogo/mythic-battles-pantheon,0.8118811881188119,2.6341463414634148,0.2439024390243902,12,2.0,8.85,7.55,60,3.0,0.20134228187919462
78509,Quacks: All-In Edition,2025,,2,5.0,45,10,166,7,17,180,297,9,"Compra Futura;Construção de Baralho, Bolsas e Peças;Eventos;Force sua sorte;Mercado;Pegue o Líder;Preparação Variável;Rolagem de Dados;Seleção de Ação Simultânea",1,Colecionável,Fantasia,https://ludopedia.com.br/jogo/quacks-all-in-edition,0.9595375722543352,1.0843373493975903,0.1024096385542168,9,3.0,8.85,7.6,64,3.764705882352941,0.18497109826589594
77068,Drag Slay,2026,2026.0,2,6.0,10,16,174,3,5,109,222,5,Colecionar Conjuntos;Corrida;Gerenciamento de Mãos;Negociação;Tempo Real,3,Jogo de Cartas;Jogo de Entrada;Jogo Festivo,Arte;Cultura Pop ou Geek,https://ludopedia.com.br/jogo/drag-slay,0.9830508474576272,0.6264367816091954,0.028735632183908,5,4.0,8.85,7.99,117,23.4,0.4134275618374558
13572,Aeon's End: War Eternal,2017,,1,4.0,60,14,122,33,9,66,93,10,"Construção de Baralho, Bolsas e Peças;Cooperativo;Gerenciamento de Mãos;Jogadores com Diferentes Habilidades;Ordem de Fases Variável;Compra Futura;Preparação Variável;Compra Aberta;Sistema de Sorteio de Fichas;Solo / Solitário",1,Jogo de Cartas,Ficção Científica;Fantasia,https://ludopedia.com.br/jogo/aeon-s-end-war-eternal,0.7870967741935484,0.5409836065573771,0.0737704918032786,10,3.0,8.85,7.45,52,5.777777777777778,0.2765957446808511
60936,Ozob: A Cyberpunk Board Game,2024,2026.0,1,4.0,120,12,188,2,31,350,47,9,"Cooperativo;Force sua sorte;Ação / Evento;Construção de Baralho, Bolsas e Peças;Cenário / Missão / Campanha;Jogadores com Diferentes Habilidades;Movimento de Área;Pontos de Ação;Rolagem de Dados",1,Dungeon Crawler,Cultura Pop ou Geek;Ficção Científica;Tema de Video Game,https://ludopedia.com.br/jogo/ozob-a-cyberpunk-board-game,0.9894736842105264,1.8617021276595744,0.1648936170212765,9,3.0,8.85,7.17,35,1.1290322580645162,0.06505576208178439
1222,Puerto Rico: Limited Anniversary Edition,2011,,2,5.0,90,13,84,24,21,240,123,7,Ordem de Fases Variável;Bônus de Fim de Jogo;Ordem do Turno: Progressivo;Pontos de Vitória Ocultos;Seguir Ação;Seleção de Ação;Valorização dos Recursos Não Escolhidos,0,,Economia / Produção,https://ludopedia.com.br/jogo/puerto-rico-limited-anniversary-edition,0.7777777777777778,2.857142857142857,0.25,7,3.0,8.85,7.75,80,3.8095238095238093,0.24691358024691357
26322,Merlin: Big Box,2020,2022.0,2,4.0,120,14,101,16,8,133,133,5,Alocação de Trabalhadores;Colecionar Conjuntos;Influência / Maioria na Área;Rolar / Girar e Mover;Rondel,1,Colecionável,Medieval;Literatura,https://ludopedia.com.br/jogo/merlin-big-box,0.8632478632478633,1.316831683168317,0.0792079207920792,5,2.0,8.84,7.34,45,5.625,0.19230769230769232
77468,O Senhor dos Anéis: Sina da Sociedade,2025,2025.0,1,5.0,150,14,785,38,87,1194,769,6,Cooperativo;Gerenciamento de Mãos;Jogadores com Diferentes Habilidades;Pontos de Ação;Solo / Solitário;Rolagem de Dados,0,,Medieval;Mitologia;Fantasia;Literatura,https://ludopedia.com.br/jogo/the-lord-of-the-rings-the-fate-of-the-fellowship,0.953827460510328,1.5210191082802549,0.110828025477707,6,4.0,8.84,8.35,238,2.735632183908046,0.12026275896917635
10343,Star Trek: Ascendancy,2016,,2,3.0,60,12,57,16,16,171,72,5,Impulso de Área;Jogadores com Diferentes Habilidades;Negociação;Ordem de Fases Variável;Pontos de Ação,2,4x;Jogo de Guerra,Aventura;Ficção Científica;Guerra;Cultura Pop ou Geek;Civilização,https://ludopedia.com.br/jogo/star-trek-ascendancy,0.7808219178082192,3.0,0.2807017543859649,5,1.0,8.84,7.23,38,2.375,0.16666666666666666
2138,Thunderstone Advance: Numenera,2013,,1,5.0,45,12,23,10,6,76,35,2,"Gerenciamento de Mãos;Construção de Baralho, Bolsas e Peças",1,Jogo de Cartas,Fantasia,https://ludopedia.com.br/jogo/thunderstone-advance-numenera,0.696969696969697,3.3043478260869565,0.2608695652173913,2,4.0,8.83,6.81,20,3.3333333333333335,0.20202020202020202
6704,Summoner Wars: Alliances Master Set,2015,,2,4.0,45,9,48,5,10,104,55,4,Gerenciamento de Mãos;Jogadores com Diferentes Habilidades;Movimento em Grades;Rolagem de Dados,1,Jogo de Cartas,Luta / Artes Marciais;Fantasia,https://ludopedia.com.br/jogo/summoner-wars-alliances-master-set,0.9056603773584906,2.1666666666666665,0.2083333333333333,4,2.0,8.83,6.92,24,2.4,0.15789473684210525
63782,Santa Kaos - Versão Deluxe,2023,2023.0,2,4.0,60,10,95,6,5,25,101,6,Alocação de Trabalhadores com Dados;Colecionar Conjuntos;Compra Aberta;Compra Fechada;Contratos;Rolagem de Dados,2,Colecionável;Jogo de Entrada,Fantasia;História,https://ludopedia.com.br/jogo/santa-kaos-versao-deluxe,0.9405940594059404,0.2631578947368421,0.0526315789473684,6,2.0,8.83,6.99,27,5.4,0.225
15425,Resident Evil 2: The Board Game,2018,,1,4.0,90,12,86,16,18,265,50,4,Campanha / Batalhas Dirigidas por Cartas;Cooperativo;Pontos de Ação;Cenário / Missão / Campanha,0,,Tema de Video Game;Horror/Terror,https://ludopedia.com.br/jogo/resident-evil-2-the-board-game,0.8431372549019608,3.0813953488372094,0.2093023255813953,4,3.0,8.83,6.97,26,1.4444444444444444,0.07407407407407407
50702,Zombicide: White Death,2025,2026.0,1,6.0,180,14,245,6,14,311,80,9,Ação / Evento;Cenário / Missão / Campanha;Cooperativo;Eliminação de Jogadores;Jogadores com Diferentes Habilidades;Rolagem de Dados;RPG;Tabuleiro Modular;Ordem do Turno: Progressivo,2,Miniaturas;Dungeon Crawler,Aventura;Fantasia;Horror/Terror;Medieval,https://ludopedia.com.br/jogo/zombicide-white-death,0.9760956175298804,1.2693877551020407,0.0571428571428571,9,5.0,8.83,7.22,38,2.7142857142857144,0.0683453237410072
24244,Dark Ages: Holy Roman Empire,2021,2023.0,1,4.0,180,14,73,15,12,183,138,10,Influência / Maioria na Área;Jogadores com Diferentes Habilidades;Movimento de Área;Rolagem de Dados;Pontos de Ação;Árvores / Trilhas de Tecnologia;Mover Várias Unidades;Solo / Solitário;Rendimentos;Preparação Variável,2,4x;Miniaturas,Civilização;Guerra;Medieval,https://ludopedia.com.br/jogo/dark-ages-holy-roman-empire,0.8295454545454546,2.506849315068493,0.1643835616438356,10,3.0,8.82,7.18,36,3.0,0.140625
52991,Zhanguo: The First Empire,2023,,1,4.0,120,14,28,6,3,81,68,3,Gerenciamento de Mãos;Influência / Maioria na Área;Cartas Multiuso,1,Jogo de Cartas,Civilização;História;Cultura Oriental,https://ludopedia.com.br/jogo/zhanguo-the-first-empire,0.8235294117647058,2.892857142857143,0.1071428571428571,3,3.0,8.82,6.78,19,6.333333333333333,0.1743119266055046
67188,Kraftwagen: Age of Engineering,2024,,2,4.0,90,13,34,6,2,110,89,4,Alocação de Trabalhadores;Colecionar Conjuntos;Ordem do Turno: Trilha do Tempo;Rondel,0,,Economia / Produção,https://ludopedia.com.br/jogo/kraftwagen-age-of-engineering,0.85,3.235294117647059,0.0588235294117647,4,2.0,8.81,6.98,27,13.5,0.1875
18420,Istanbul: Big Box,2018,,2,5.0,90,10,158,15,12,191,118,4,Movimento em Grades;Pegar e Entregar;Rolagem de Dados;Tabuleiro Modular,0,,Economia / Produção,https://ludopedia.com.br/jogo/istanbul-big-box,0.9132947976878611,1.2088607594936709,0.0759493670886076,4,3.0,8.81,7.6,66,5.5,0.18911174785100288
26632,Darwin's Journey,2023,2024.0,1,4.0,120,14,825,71,70,873,1329,8,Colecionar Conjuntos;Movimento Ponto-a-Ponto;Alocação de Diferentes Tipos de Trabalhadores;Contratos;Ordem de Turno: Baseado em Estatísticas;Preparação Variável;Propriedade;Solo / Solitário,0,,Ciências;Aventura,https://ludopedia.com.br/jogo/darwin-s-journey,0.9207589285714286,1.058181818181818,0.0848484848484848,8,3.0,8.81,8.48,386,5.514285714285714,0.22732626619552415
22750,Marvel Champions: The Card Game,2019,,1,4.0,90,14,530,84,92,604,492,11,"Cooperativo;Jogadores com Diferentes Habilidades;Campanha / Batalhas Dirigidas por Cartas;Cenário / Missão / Campanha;Construção de Baralho, Bolsas e Peças;Criação de Baralho;Gerenciamento de Mãos;Solo / Solitário;Narração de Histórias;Ordem do Turno: Progressivo;Preparação Variável",2,Colecionável;Jogo de Cartas,Quadrinhos;Cultura Pop ou Geek,https://ludopedia.com.br/jogo/marvel-champions-the-card-game,0.8631921824104235,1.139622641509434,0.1735849056603773,11,3.0,8.81,8.34,250,2.717391304347826,0.2204585537918871
9028,Star Trek: Frontiers,2016,,1,4.0,120,14,51,12,10,206,36,4,Colocação de Peças;Jogadores com Diferentes Habilidades;Tabuleiro Modular;Cooperativo,0,,Ficção Científica;Cultura Pop ou Geek,https://ludopedia.com.br/jogo/star-trek-frontiers,0.8095238095238095,4.03921568627451,0.196078431372549,4,3.0,8.8,6.96,26,2.6,0.10116731517509728
26282,Yokohama: Deluxe Edition,2016,2017.0,2,4.0,90,12,75,16,13,77,180,9,Alocação de Trabalhadores;Colecionar Conjuntos;Construção de Redes e Rotas;Movimento em Grades;Tabuleiro Modular;Alocação de Diferentes Tipos de Trabalhadores;Bônus de Fim de Jogo;Contratos;Preparação Variável,0,,Cultura Oriental;História,https://ludopedia.com.br/jogo/yokohama-deluxe-edition,0.8241758241758241,1.0266666666666666,0.1733333333333333,9,2.0,8.79,7.37,48,3.6923076923076925,0.3157894736842105
69095,Suspeição,2025,2025.0,3,6.0,30,12,65,4,3,29,64,2,Force sua sorte;Toma Essa,2,Jogo de Cartas;Jogo Festivo,Policial,https://ludopedia.com.br/jogo/suspeicao,0.9420289855072465,0.4461538461538462,0.0461538461538461,2,3.0,8.78,7.09,32,10.666666666666666,0.3404255319148936
7038,El Grande: Big Box,2015,2021.0,2,5.0,90,12,634,125,94,887,1073,6,Seleção de Ação Simultânea;Gerenciamento de Mãos;Influência / Maioria na Área;Leilão / Lances;Memória;Movimento de Área,0,,História;Política;Medieval,https://ludopedia.com.br/jogo/el-grande-big-box,0.8353096179183136,1.3990536277602523,0.1482649842271293,6,3.0,8.78,8.5,446,4.74468085106383,0.29322813938198555
35051,Revive,2022,2024.0,1,4.0,120,14,883,123,129,1115,1575,6,"Construção de Baralho, Bolsas e Peças;Jogadores com Diferentes Habilidades;Árvores / Trilhas de Tecnologia;Cartas Multiuso;Cenário / Missão / Campanha;Mapa: Adição",1,Jogo Assimétrico,Civilização;Economia / Produção,https://ludopedia.com.br/jogo/revive,0.8777335984095428,1.2627406568516422,0.146092865232163,6,3.0,8.78,8.51,465,3.604651162790698,0.23273273273273273
32656,Power Grid: Versão Energizada,2019,2019.0,2,6.0,120,12,1508,139,87,536,1480,9,Colocação de Peças;Construção de Redes e Rotas;Leilão / Lances;Especulação de Commodities;Leilão: Ordem do Turno até Passar;Mercado;Ordem de Turno: Baseado em Estatísticas;Pegue o Líder;Rendimentos,0,,Economia / Produção,https://ludopedia.com.br/jogo/power-grid-recharged-edition,0.9156041287188827,0.3554376657824933,0.0576923076923076,9,4.0,8.68,8.46,545,6.264367816091954,0.26663405088062625
79538,Quacks Deluxe Edition,2023,,1,4.0,45,10,172,10,10,97,228,9,"Compra Futura;Construção de Baralho, Bolsas e Peças;Eventos;Force sua sorte;Mercado;Pegue o Líder;Preparação Variável;Rolagem de Dados;Seleção de Ação Simultânea",0,,Fantasia;Medieval,https://ludopedia.com.br/jogo/quacks-deluxe-edition,0.945054945054945,0.563953488372093,0.0581395348837209,9,3.0,8.68,7.43,57,5.7,0.21189591078066913
7321,Trickerion: Legends of Illusion,2015,,2,4.0,120,14,299,157,55,576,679,9,Seleção de Ação Simultânea;Alocação de Trabalhadores;Colocação de Peças;Pontos de Ação;Pegue o Líder;Alocação de Diferentes Tipos de Trabalhadores;Fila de Ações;Ordem de Turno: Baseado em Estatísticas;Rolagem de Dados,0,,Fantasia,https://ludopedia.com.br/jogo/trickerion-legends-of-illusion,0.6557017543859649,1.9264214046822743,0.1839464882943143,9,2.0,8.68,8.28,283,5.1454545454545455,0.32342857142857145
62546,Men-Nefer,2024,2026.0,1,4.0,120,14,174,10,11,278,278,5,Alocação de Trabalhadores;Colecionar Conjuntos;Compra Aberta;Movimento em Trilha;Rendimentos,0,,Civilização;Economia / Produção,https://ludopedia.com.br/jogo/men-nefer,0.9456521739130436,1.5977011494252873,0.0632183908045977,5,3.0,8.67,7.52,66,6.0,0.14601769911504425
81993,O Senhor dos Anéis: As Duas Torres - O Jogo de Vaza,2026,2026.0,1,4.0,20,10,446,3,7,158,63,4,Cenário / Missão / Campanha;Comunicação Limitada;Cooperativo;Vazas / Truques,2,Jogo de Cartas;Carteado,Aventura;Cultura Pop ou Geek;Fantasia;Literatura,https://ludopedia.com.br/jogo/the-lord-of-the-rings-the-two-towers-trick-taking-game,0.9933184855233852,0.3542600896860987,0.0156950672645739,4,3.0,8.67,6.89,25,3.5714285714285716,0.041390728476821195
9368,Vinhos: Deluxe Edition,2016,,1,4.0,90,14,420,86,53,810,637,3,Alocação de Trabalhadores;Ordem de Fases Variável;Influência / Maioria na Área,0,,Economia / Produção,https://ludopedia.com.br/jogo/vinhos-deluxe-edition,0.8300395256916996,1.9285714285714288,0.1261904761904762,3,3.0,8.67,8.24,256,4.830188679245283,0.208130081300813
37052,Marvel Zombies: Heroes' Resistance,2022,2023.0,1,4.0,60,14,358,46,25,317,233,14,Cooperativo;Rolagem de Dados;Tabuleiro Modular;Cenário / Missão / Campanha;Ação / Evento;Compra Fechada;Crescimento Automático de Recursos;Jogadores com Diferentes Habilidades;Jogo em Equipe;Movimento de Área;Ordem do Turno: Progressivo;Pontos de Ação;Seleção de Ação;Solo / Solitário,2,Miniaturas;Dungeon Crawler,Cultura Pop ou Geek;Horror/Terror;Quadrinhos,https://ludopedia.com.br/jogo/marvel-zombies-heroes-resistance,0.8861386138613861,0.8854748603351955,0.0698324022346368,14,3.0,8.67,7.84,112,4.48,0.16592592592592592
514,Dominant Species,2010,,2,6.0,180,14,489,158,136,1058,1110,12,Alocação de Trabalhadores;Colocação de Peças;Influência / Maioria na Área;Jogadores com Diferentes Habilidades;Tabuleiro Modular;Movimento em Grades;Bônus de Fim de Jogo;Fila de Ações;Mapa: Adição;Ordem do Turno: Ação de Reivindicação;Seleção de Ação;Toma Essa,1,4x,Animais;Meio Ambiente;Pré-Histórico,https://ludopedia.com.br/jogo/dominant-species,0.7557959814528593,2.16359918200409,0.278118609406953,12,4.0,8.67,8.42,502,3.6911764705882355,0.32449903038138334
33938,Marvel Zombies,2023,2023.0,1,6.0,60,14,455,52,47,507,329,6,Cooperativo;Jogadores com Diferentes Habilidades;Rolagem de Dados;Tabuleiro Modular;Cenário / Missão / Campanha;Solo / Solitário,2,Miniaturas;Dungeon Crawler,Cultura Pop ou Geek;Horror/Terror;Quadrinhos,https://ludopedia.com.br/jogo/marvel-zombies-a-zombicide-game,0.8974358974358975,1.1142857142857143,0.1032967032967032,6,5.0,8.58,7.92,145,3.0851063829787235,0.15072765072765074
78727,Santuário,2025,2025.0,1,5.0,100,12,327,13,14,319,513,8,Colecionar Conjuntos;Colocação de Peças;Compra Aberta;Fila de Ações;Gerenciamento de Mãos;Grade Hexagonal;Preparação Variável;Solo / Solitário,0,,Animais;Ciências,https://ludopedia.com.br/jogo/sanctuary-i,0.961764705882353,0.9755351681957186,0.0428134556574923,8,4.0,8.58,7.8,115,8.214285714285714,0.1780185758513932
59666,Tiny Epic Cthulhu,2024,2026.0,1,4.0,45,14,231,5,5,251,85,8,"Cartas Multiuso;Colecionar Conjuntos;Combinação;Construção de Baralho, Bolsas e Peças;Cooperativo;Force sua sorte;Pontos de Ação;Rolar / Girar e Mover",0,,Ficção Científica;Horror/Terror;Mitologia,https://ludopedia.com.br/jogo/tiny-epic-cthulhu,0.9788135593220338,1.0865800865800863,0.0216450216450216,8,3.0,8.58,7.1,37,7.4,0.07676348547717843
10799,Ticket to Ride: Trilhos e Velas,2016,2019.0,2,5.0,90,10,469,60,50,575,534,4,"Gerenciamento de Mãos;Colecionar Conjuntos;Construção de Redes e Rotas;Construção de Baralho, Bolsas e Peças",0,,Transportes,https://ludopedia.com.br/jogo/ticket-to-ride-rails-sails,0.8865784499054821,1.2260127931769722,0.1066098081023454,4,3.0,8.58,8.1,221,4.42,0.21168582375478928
60387,"Algae, Inc.",2024,2025.0,1,4.0,120,14,86,11,3,101,81,4,Árvores / Trilhas de Tecnologia;Colocação de Peças;Fila de Ações;Rendimentos,0,,Economia / Produção;Meio Ambiente,https://ludopedia.com.br/jogo/algae-inc,0.8865979381443299,1.1744186046511629,0.0348837209302325,4,3.0,8.58,6.71,19,6.333333333333333,0.10160427807486631
79801,Parks: Second Edition ‐ Summit Edition,2025,,1,5.0,60,10,143,16,14,60,277,6,Alocação de Trabalhadores;Bônus de Fim de Jogo;Contratos;Eventos;Ordem do Turno: Ação de Reivindicação;Solo / Solitário,0,,Animais;Meio Ambiente,https://ludopedia.com.br/jogo/parks-second-edition-summit-edition,0.89937106918239,0.4195804195804196,0.0979020979020979,6,4.0,8.52,7.43,66,4.714285714285714,0.3251231527093596
7011,Dungeons & Dragons: Temple of Elemental Evil Board Game,2015,,1,5.0,60,12,142,30,25,377,66,5,Cooperativo;Jogadores com Diferentes Habilidades;Rolagem de Dados;RPG;Tabuleiro Modular,1,Miniaturas,Aventura;Fantasia,https://ludopedia.com.br/jogo/dungeons-dragons-temple-of-elemental-evil-board-game,0.8255813953488372,2.6549295774647885,0.176056338028169,5,4.0,8.52,7.26,50,2.0,0.09633911368015415
35661,Arcs: Conflito e Colapso no Vértice,2024,2025.0,2,4.0,90,14,1048,76,102,939,1279,10,Campanha / Batalhas Dirigidas por Cartas;Movimento de Área;Vazas / Truques;Pontos de Ação;Rolagem de Dados;Gerenciamento de Mãos;Resolução por Símbolos nos Dados;Negociação;Jogadores com Diferentes Habilidades;Ordem do Turno: Ação de Reivindicação,2,Jogo de Cartas;Jogo de Dados,Ficção Científica;Guerra,https://ludopedia.com.br/jogo/arcs,0.9323843416370108,0.8959923664122137,0.0973282442748091,10,2.0,8.52,8.22,375,3.676470588235294,0.1887267237040765
20580,Paladinos do Reino Ocidental,2019,2019.0,1,4.0,120,12,899,225,93,759,1158,6,Alocação de Trabalhadores;Alocação de Diferentes Tipos de Trabalhadores;Bônus de Fim de Jogo;Compra Aberta;Mercado;Solo / Solitário,0,,Medieval,https://ludopedia.com.br/jogo/paladins-of-the-west-kingdom,0.7998220640569395,0.8442714126807565,0.1034482758620689,6,3.0,8.51,8.29,501,5.387096774193548,0.30217129071170085
32813,Bitoku,2021,2022.0,1,4.0,120,12,598,119,61,708,905,8,"Colecionar Conjuntos;Gerenciamento de Mãos;Alocação de Trabalhadores com Dados;Bônus de Fim de Jogo;Construção de Baralho, Bolsas e Peças;Ordem do Turno: Ação de Reivindicação;Rendimentos;Solo / Solitário",1,Jogo de Dados,Fantasia;Mitologia,https://ludopedia.com.br/jogo/bitoku,0.8340306834030683,1.1839464882943145,0.1020066889632107,8,3.0,8.51,8.13,276,4.524590163934426,0.2113323124042879
63548,Flamecraft - Edição Deluxe,2022,2022.0,1,5.0,60,10,169,11,17,225,256,5,Alocação de Trabalhadores;Bônus de Fim de Jogo;Colecionar Conjuntos;Contratos;Tabuleiro Modular,1,Jogo de Cartas,Animais;Economia / Produção;Fantasia,https://ludopedia.com.br/jogo/flamecraft-deluxe-edition,0.9388888888888888,1.331360946745562,0.1005917159763313,5,4.0,8.5,7.33,57,3.3529411764705883,0.1446700507614213
32087,Lords of Ragnarok,2023,2024.0,1,4.0,120,14,296,33,19,385,245,7,Influência / Maioria na Área;Movimento de Área;Gerenciamento de Mãos;Jogadores com Diferentes Habilidades;Ordem do Turno: Progressivo;Resolução de Conflitos por Cartas;Zona de Controle,2,Jogo de Guerra;Miniaturas,Fantasia;Ficção Científica;Guerra;Mitologia,https://ludopedia.com.br/jogo/lords-of-ragnarok,0.8996960486322189,1.3006756756756757,0.0641891891891891,7,3.0,8.5,7.7,106,5.578947368421052,0.15565345080763582
1988,Bruxelles 1893,2013,,2,5.0,90,13,249,109,23,456,546,3,Alocação de Trabalhadores;Leilão / Lances;Tabuleiro Modular,0,,Arte;História;Economia / Produção,https://ludopedia.com.br/jogo/bruxelles-1893,0.6955307262569832,1.8313253012048192,0.0923694779116465,3,3.0,8.5,8.07,240,10.434782608695652,0.3404255319148936
23093,Vela,2019,2019.0,2,6.0,90,14,87,21,24,297,124,11,Colecionar Conjuntos;Movimento em Grades;Colocação de Peças;Tabuleiro Modular;Construção a partir de Modelo;Gerenciamento de Mãos;Memória;Movimento Ponto-a-Ponto;Posicionamento Secreto;Toma Essa;Mapa: Redução,0,,Cultura Brasileira;História;Mitologia;Aventura;Humor;Meio Ambiente,https://ludopedia.com.br/jogo/vela,0.8055555555555556,3.413793103448276,0.2758620689655172,11,4.0,8.5,7.44,68,2.8333333333333335,0.17708333333333334
22590,Horrified,2019,,1,5.0,60,10,295,56,38,540,444,6,Cooperativo;Pontos de Ação;Movimento Ponto-a-Ponto;Pegar e Entregar;Rolagem de Dados;Jogadores com Diferentes Habilidades,1,Miniaturas,Cultura Pop ou Geek;Horror/Terror,https://ludopedia.com.br/jogo/horrified,0.8404558404558404,1.8305084745762712,0.1288135593220339,6,4.0,8.5,7.93,167,4.394736842105263,0.2
7740,Carson City: Big Box,2015,2024.0,1,6.0,180,12,300,84,42,418,659,5,Alocação de Trabalhadores;Colocação de Peças;Influência / Maioria na Área;Jogadores com Diferentes Habilidades;Rolagem de Dados,0,,Faroeste;Economia / Produção,https://ludopedia.com.br/jogo/carson-city-big-box,0.78125,1.393333333333333,0.14,5,5.0,8.5,8.07,239,5.690476190476191,0.3328690807799443
32279,Distilled,2023,2023.0,1,5.0,150,14,1123,199,91,635,1720,5,Colecionar Conjuntos;Force sua sorte;Gerenciamento de Mãos;Mercado;Rendimentos,0,,Economia / Produção;Gastronomia,https://ludopedia.com.br/jogo/distilled,0.8494704992435703,0.5654496883348175,0.0810329474621549,5,4.0,8.5,8.29,528,5.802197802197802,0.3003412969283277
52317,House of Fado,2025,,1,4.0,60,14,84,5,4,155,98,5,Alocação de Trabalhadores;Colecionar Conjuntos;Compra Aberta;Especulação de Commodities;Mercado,0,,Arte;Economia / Produção;Gastronomia,https://ludopedia.com.br/jogo/house-of-fado,0.9438202247191012,1.8452380952380951,0.0476190476190476,5,3.0,8.5,6.81,24,6.0,0.100418410041841
74039,Ethnos (2ª Edição),2025,2025.0,1,6.0,60,14,404,13,28,407,546,4,Gerenciamento de Mãos;Influência / Maioria na Área;Compra Aberta;Solo / Solitário,4,Jogo de Cartas;Jogo de Entrada;Jogo de Guerra;Jogo Assimétrico,Fantasia;Cultura Oriental,https://ludopedia.com.br/jogo/ethnos-2nd-edition,0.9688249400479616,1.0074257425742574,0.0693069306930693,4,5.0,8.5,7.88,152,5.428571428571429,0.187422934648582
14305,Pandemic Legacy: 2ª Temporada,2017,2018.0,2,4.0,60,14,464,92,27,351,318,4,Cooperativo;Jogadores com Diferentes Habilidades;Legado;Cenário / Missão / Campanha,0,,Meio Ambiente;Ciências,https://ludopedia.com.br/jogo/pandemic-legacy-season-2,0.8345323741007195,0.7564655172413793,0.0581896551724137,4,2.0,8.5,7.89,155,5.7407407407407405,0.1901840490797546
86,Eclipse: New Dawn for the Galaxy,2011,,2,6.0,120,14,479,226,131,692,997,10,Colocação de Peças;Influência / Maioria na Área;Jogadores com Diferentes Habilidades;Movimento de Área;Rolagem de Dados;Tabuleiro Modular;Eliminação de Jogadores;Mapa: Adição;Movimento em Grades;Ordem de Fases Variável,2,4x;Miniaturas,Aventura;Ficção Científica;Luta / Artes Marciais;Civilização,https://ludopedia.com.br/jogo/eclipse-new-dawn-for-the-galaxy,0.6794326241134752,1.4446764091858038,0.2734864300626304,10,4.0,8.5,8.28,535,4.083969465648855,0.4568744662681469
41869,Ierusalem: Anno Domini,2023,2023.0,1,4.0,90,12,460,68,36,422,567,3,Alocação de Trabalhadores;Solo / Solitário;Alocação de Diferentes Tipos de Trabalhadores,0,,História;Religião,https://ludopedia.com.br/jogo/ierusalem-anno-domini,0.8712121212121212,0.917391304347826,0.0782608695652174,3,3.0,8.5,7.98,191,5.305555555555555,0.2165532879818594
55575,Stupor Mundi,2025,2025.0,1,4.0,150,12,293,23,17,292,477,5,"Ação / Evento;Árvores / Trilhas de Tecnologia;Construção de Baralho, Bolsas e Peças;Gerenciamento de Mãos;Solo / Solitário",1,Jogo de Cartas,Medieval,https://ludopedia.com.br/jogo/stupor-mundi,0.9272151898734176,0.9965870307167236,0.0580204778156996,5,3.0,8.5,7.81,132,7.764705882352941,0.22564102564102564
16406,Portal,2023,2023.0,2,4.0,55,14,33,3,2,38,29,2,Movimento Programado;Movimento de Área,0,,Aventura,https://ludopedia.com.br/jogo/portal,0.9166666666666666,1.1515151515151516,0.0606060606060606,2,2.0,8.5,6.94,30,15.0,0.4225352112676056
11520,Pax Renaissance,2016,,2,4.0,120,12,36,12,3,91,36,5,Simulação;Pontos de Ação;Mercado;Compra Aberta;Valorização dos Recursos Não Escolhidos,1,Jogo de Cartas,História;Economia / Produção;Política;Religião,https://ludopedia.com.br/jogo/pax-renaissance,0.75,2.5277777777777777,0.0833333333333333,5,2.0,8.49,6.78,23,7.666666666666667,0.18110236220472442
52395,Ascension: Edição de 10º Aniversário,2022,2024.0,1,4.0,30,13,650,71,60,381,963,4,"Compra Aberta;Construção de Baralho, Bolsas e Peças;Gerenciamento de Mãos;Solo / Solitário",1,Jogo de Cartas,Fantasia,https://ludopedia.com.br/jogo/ascension-10-year-anniversary-edition,0.9015256588072122,0.5861538461538461,0.0923076923076923,4,3.0,8.49,8.12,286,4.766666666666667,0.27740058195926287
18005,Quacks,2018,,2,4.0,45,10,792,144,84,1016,1535,9,"Construção de Baralho, Bolsas e Peças;Force sua sorte;Pegue o Líder;Compra Futura;Eventos;Mercado;Preparação Variável;Rolagem de Dados;Seleção de Ação Simultânea",0,,Medieval;Fantasia,https://ludopedia.com.br/jogo/quacks,0.8461538461538461,1.2828282828282829,0.106060606060606,9,2.0,8.49,8.27,500,5.9523809523809526,0.27654867256637167
18404,Cidades Submersas,2018,2019.0,1,4.0,150,12,894,248,96,821,1288,9,Alocação de Trabalhadores;Construção de Redes e Rotas;Tabuleiro Modular;Gerenciamento de Mãos;Bônus de Fim de Jogo;Ordem de Turno: Baseado em Estatísticas;Ordem do Turno: Ação de Reivindicação;Rendimentos;Solo / Solitário,0,,Ficção Científica;Economia / Produção;Transportes;Civilização,https://ludopedia.com.br/jogo/underwater-cities,0.7828371278458844,0.91834451901566,0.1073825503355704,9,3.0,8.49,8.29,563,5.864583333333333,0.3282798833819242
22516,Century: Golem Edition – Eastern Mountains,2019,,2,4.0,45,10,95,10,2,89,93,3,Movimento Ponto-a-Ponto;Pegar e Entregar;Tabuleiro Modular,0,,Ficção Científica,https://ludopedia.com.br/jogo/century-golem-edition-eastern-mountains,0.9047619047619048,0.936842105263158,0.0210526315789473,3,2.0,8.49,6.78,23,11.5,0.125
7527,Nippon,2015,,2,4.0,90,12,127,61,19,384,359,4,Influência / Maioria na Área;Alocação de Trabalhadores;Colocação de Peças;Ordem de Fases Variável,0,,Economia / Produção;Cultura Oriental,https://ludopedia.com.br/jogo/nippon,0.675531914893617,3.0236220472440944,0.1496062992125984,4,2.0,8.49,7.88,154,8.105263157894736,0.3013698630136986
14986,Endeavor: Age of Sail,2018,2018.0,2,5.0,90,13,492,189,55,524,1036,5,Colecionar Conjuntos;Influência / Maioria na Área;Árvores / Trilhas de Tecnologia;Compra Aberta;Movimento Ponto-a-Ponto,0,,Aventura;História;Transportes,https://ludopedia.com.br/jogo/endeavor-age-of-sail,0.7224669603524229,1.065040650406504,0.1117886178861788,5,3.0,8.48,8.2,405,7.363636363636363,0.3986220472440945
7526,Millennium Blades,2016,,2,5.0,120,12,54,19,9,116,71,6,Gerenciamento de Mãos;Colecionar Conjuntos;Negociação;Especulação de Commodities;Simulação;Tempo Real,1,Jogo de Cartas,,https://ludopedia.com.br/jogo/millennium-blades,0.7397260273972602,2.1481481481481484,0.1666666666666666,6,3.0,8.48,6.89,28,3.111111111111111,0.16470588235294117
77970,Busão,2026,2026.0,2,6.0,30,12,133,7,1,39,105,6,Bônus de Fim de Jogo;Colecionar Conjuntos;Compra Aberta;Compra Fechada;Gerenciamento de Mãos;Toma Essa,4,Jogo de Cartas;Jogo de Entrada;Jogo Festivo;Jogo Assimétrico,Adulto;Cultura Brasileira,https://ludopedia.com.br/jogo/busao,0.95,0.2932330827067669,0.0075187969924812,6,4.0,8.48,6.95,31,31.0,0.18023255813953487
9172,Sword & Sorcery: Espíritos Imortais,2017,2018.0,1,5.0,90,14,681,272,110,1046,513,9,Campanha / Batalhas Dirigidas por Cartas;Jogadores com Diferentes Habilidades;Jogo em Equipe;Movimento de Área;Rolagem de Dados;Pontos de Ação;Tabuleiro Modular;RPG;Cenário / Missão / Campanha,2,Miniaturas;Dungeon Crawler,Medieval;Fantasia,https://ludopedia.com.br/jogo/sword-sorcery-immortal-souls,0.7145855194123819,1.535976505139501,0.1615271659324522,9,4.0,8.48,8.16,331,3.0090909090909093,0.19166184134337
84816,Sagrada (Remastered),2026,2026.0,1,4.0,45,14,130,1,4,99,107,10,Bônus de Fim de Jogo;Contratos;Cobertura de Grade;Colecionar Conjuntos;Compra Aberta;Construção a partir de Modelo;Ordem do Turno: Progressivo;Preparação Variável;Rolagem de Dados;Solo / Solitário,3,Estratégia Abstrata;Jogo de Dados;Quebra-Cabeça,Arte,https://ludopedia.com.br/jogo/sagrada-remastered,0.9923664122137404,0.7615384615384615,0.0307692307692307,10,3.0,8.47,7.0,34,8.5,0.14847161572052403
22973,Trismegistus: The Ultimate Formula,2019,,1,4.0,120,14,114,48,17,225,253,4,Colecionar Conjuntos;Jogadores com Diferentes Habilidades;Rolagem de Dados;Pontos de Ação,1,Jogo de Dados,Ciências,https://ludopedia.com.br/jogo/trismegistus-the-ultimate-formula,0.7037037037037037,1.9736842105263157,0.1491228070175438,4,3.0,8.47,7.62,95,5.588235294117647,0.28023598820059
49627,Sankoré: The Pride of Mansa Musa,2024,,1,4.0,180,14,122,5,6,152,195,10,Alocação de Diferentes Tipos de Trabalhadores;Alocação de Trabalhadores;Solo / Solitário;Árvores / Trilhas de Tecnologia;Bônus de Fim de Jogo;Contratos;Influência / Maioria na Área;Movimento Ponto-a-Ponto;Pontos de Ação;Simulação,0,,Civilização;Economia / Produção;Medieval;Educacional,https://ludopedia.com.br/jogo/sankore-the-pride-of-mansa-musa,0.9606299212598424,1.2459016393442623,0.0491803278688524,10,3.0,8.47,7.22,49,8.166666666666666,0.17883211678832117
82683,The Druids of Edora,2025,,2,4.0,90,14,86,1,6,125,148,4,Alocação de Trabalhadores com Dados;Contratos;Influência / Maioria na Área;Rolagem de Dados,1,Jogo de Dados,Fantasia,https://ludopedia.com.br/jogo/the-druids-of-edora,0.9885057471264368,1.4534883720930232,0.0697674418604651,4,2.0,8.47,7.1,40,6.666666666666667,0.1895734597156398
835,Space Empires: 4X,2011,,1,4.0,180,12,70,33,17,188,79,12,Grade Hexagonal;Posicionamento Secreto;Rolagem de Dados;Apostas e Blefes;Leilão / Lances;Movimento em Grades;Papel e Caneta;Pontos de Movimento;Preparação Variável;Rendimentos;Simulação;Solo / Solitário,1,4x,Ficção Científica;Guerra;Civilização,https://ludopedia.com.br/jogo/space-empires-4x,0.6796116504854369,2.6857142857142855,0.2428571428571428,12,3.0,8.47,7.24,50,2.9411764705882355,0.1937984496124031
22207,Dwellings of Eldervale,2020,,1,5.0,150,12,54,13,5,322,98,8,Alocação de Trabalhadores;Influência / Maioria na Área;Gerenciamento de Mãos;Jogadores com Diferentes Habilidades;Rolagem de Dados;Tabuleiro Modular;Alocação de Diferentes Tipos de Trabalhadores;Solo / Solitário,0,,Fantasia,https://ludopedia.com.br/jogo/dwellings-of-eldervale,0.8059701492537313,5.962962962962963,0.0925925925925925,8,4.0,8.46,6.98,33,6.6,0.08776595744680851
51007,O Vale dos Monstros II - A Invasão da Cidade,2023,2023.0,1,6.0,60,10,187,21,7,118,208,4,Alocação de Trabalhadores;Captura de Peças;Jogadores com Diferentes Habilidades;Seleção de Ação,2,Jogo de Entrada;Jogo Assimétrico,Horror/Terror,https://ludopedia.com.br/jogo/o-vale-dos-monstros-ii-a-invasao-da-cidade,0.8990384615384616,0.6310160427807486,0.0374331550802139,4,5.0,8.46,7.63,98,14.0,0.32131147540983607
71049,O Senhor dos Anéis: A Sociedade do Anel: O Jogo de Vaza,2024,2025.0,1,4.0,20,10,1292,42,49,586,1128,4,Cooperativo;Vazas / Truques;Cenário / Missão / Campanha;Comunicação Limitada,2,Jogo de Cartas;Carteado,Cultura Pop ou Geek;Fantasia;Literatura;Aventura,https://ludopedia.com.br/jogo/the-fellowship-of-the-ring-trick-taking-game,0.9685157421289357,0.4535603715170279,0.0379256965944272,4,3.0,8.46,8.13,332,6.775510204081633,0.17678381256656017
25364,Northgard: Terras Desconhecidas,2022,2023.0,2,5.0,90,13,625,134,77,819,933,7,"Campanha / Batalhas Dirigidas por Cartas;Colocação de Peças;Construção de Baralho, Bolsas e Peças;Jogadores com Diferentes Habilidades;Rolagem de Dados;Tabuleiro Modular;Influência / Maioria na Área",2,4x;Miniaturas,Fantasia;Medieval;Tema de Video Game;Civilização,https://ludopedia.com.br/jogo/northgard-uncharted-lands,0.8234519104084321,1.3104,0.1232,7,3.0,8.46,8.1,291,3.779220779220779,0.20152354570637118
312,Last Night on Earth: Timber Peak,2012,,2,6.0,90,12,53,18,7,68,33,6,Gerenciamento de Mãos;Jogadores com Diferentes Habilidades;Jogo em Equipe;Rolagem de Dados;Rolar / Girar e Mover;Tabuleiro Modular,1,Miniaturas,Luta / Artes Marciais;Horror/Terror,https://ludopedia.com.br/jogo/last-night-on-earth-timber-peak,0.7464788732394366,1.2830188679245282,0.1320754716981132,6,4.0,8.46,6.78,23,3.2857142857142856,0.19008264462809918
79358,Rewild: América do Sul,2026,2025.0,1,4.0,60,10,471,30,25,637,579,2,Cartas de Comando;Colocação de Peças,1,Estratégia Abstrata,Animais;Ciências;Meio Ambiente,https://ludopedia.com.br/jogo/rewild-south-america,0.940119760479042,1.3524416135881103,0.0530785562632696,2,3.0,8.46,7.87,157,6.28,0.14169675090252706
59010,Sanduíche (2ª edição),2023,2023.0,2,6.0,10,8,126,4,4,33,64,4,Maior Pontuação Baixa;Movimento Programado;Pegar e Entregar;Toma Essa,4,Destreza;Jogo de Cartas;Jogo de Entrada;Jogo Festivo,Gastronomia;Quadrinhos,https://ludopedia.com.br/jogo/sanduiche-2-edicao,0.9692307692307692,0.2619047619047619,0.0317460317460317,4,4.0,8.45,6.88,28,7.0,0.1761006289308176
24137,Oath: Crônicas de Império e Exílio,2021,2022.0,1,6.0,120,14,580,81,59,739,541,7,Influência / Maioria na Área;Movimento de Área;Pontos de Ação;Rolagem de Dados;Gerenciamento de Mãos;Narração de Histórias;Negociação,0,,Fantasia;Política,https://ludopedia.com.br/jogo/oath-chronicles-of-empire-and-exile,0.8774583963691377,1.2741379310344827,0.1017241379310344,7,5.0,8.45,7.9,171,2.8983050847457625,0.12964366944655042
15448,Batman: Gotham City Chronicles,2019,,2,5.0,90,14,185,54,21,322,182,8,Movimento Programado;Eliminação de Jogadores;Jogadores com Diferentes Habilidades;Jogo em Equipe;Movimento de Área;Ordem de Fases Variável;Rolagem de Dados;Pontos de Ação,2,Jogo de Dados;Miniaturas,Aventura;Luta / Artes Marciais;Quadrinhos,https://ludopedia.com.br/jogo/batman-gotham-city-chronicles,0.7740585774058577,1.7405405405405403,0.1135135135135135,8,3.0,8.45,7.51,81,3.857142857142857,0.15976331360946747
26272,The LOOP,2020,2022.0,1,4.0,60,12,552,105,40,413,556,5,"Construção de Baralho, Bolsas e Peças;Cooperativo;Jogadores com Diferentes Habilidades;Torre de Cubos;Cenário / Missão / Campanha",0,,Ficção Científica,https://ludopedia.com.br/jogo/the-loop,0.8401826484018264,0.7481884057971014,0.072463768115942,5,3.0,8.45,7.99,216,5.4,0.22383419689119172
35375,Bravo!,2022,2022.0,2,5.0,60,12,102,11,1,40,86,3,Colecionar Conjuntos;Colocação de Peças;Leilão / Lances,1,Estratégia Abstrata,Arte,https://ludopedia.com.br/jogo/bravo,0.9026548672566372,0.392156862745098,0.0098039215686274,3,3.0,8.45,7.12,42,42.0,0.29577464788732394
845,Maria,2009,,2,3.0,210,14,60,16,9,159,61,8,Gerenciamento de Mãos;Movimento Ponto-a-Ponto;Posicionamento Secreto;Simulação;Acordos;Cabo-de-Guerra;Leilão / Lances;Preparação Variável,1,Jogo de Guerra,Guerra;História;Política,https://ludopedia.com.br/jogo/maria,0.7894736842105263,2.65,0.15,8,1.0,8.45,6.97,33,3.6666666666666665,0.1506849315068493
54801,Nana,2021,,2,5.0,15,6,164,4,6,17,196,3,Colecionar Conjuntos;Dedução;Memória,3,Jogo de Cartas;Jogo de Entrada;Jogo Festivo,Animais;Educacional,https://ludopedia.com.br/jogo/nana,0.9761904761904762,0.1036585365853658,0.0365853658536585,3,3.0,8.44,7.26,53,8.833333333333334,0.292817679558011
32973,Marrakesh,2022,2023.0,2,4.0,120,14,248,33,11,313,386,2,Colocação de Peças;Torre de Cubos,1,Estratégia Abstrata,Cultura Africana,https://ludopedia.com.br/jogo/marrakesh,0.8825622775800712,1.2620967741935485,0.0443548387096774,2,2.0,8.44,7.66,107,9.727272727272727,0.19073083778966132
77544,Parks (2ª Edição),2025,2026.0,1,5.0,60,10,580,22,28,454,850,6,Alocação de Trabalhadores;Bônus de Fim de Jogo;Contratos;Eventos;Ordem do Turno: Ação de Reivindicação;Solo / Solitário,1,Jogo de Cartas,Animais;Aventura;Meio Ambiente,https://ludopedia.com.br/jogo/parks-second-edition,0.9634551495016612,0.7827586206896552,0.0482758620689655,6,4.0,8.44,7.96,206,7.357142857142857,0.19922630560928434
30662,A Tripulação: Missão no Fundo do Mar,2021,2025.0,2,5.0,20,10,582,36,31,470,518,3,Cooperativo;Vazas / Truques;Cenário / Missão / Campanha,2,Jogo de Cartas;Carteado,Aventura,https://ludopedia.com.br/jogo/the-crew-mission-deep-sea,0.941747572815534,0.8075601374570447,0.0532646048109965,3,3.0,8.44,7.89,171,5.516129032258065,0.16254752851711027
31086,King of Tokyo: Monster Box,2021,2023.0,2,6.0,30,8,442,30,34,313,347,3,Force sua sorte;Rolagem de Dados;Rei da Colina,0,,Luta / Artes Marciais,https://ludopedia.com.br/jogo/king-of-tokyo-monster-box,0.9364406779661016,0.7081447963800905,0.0769230769230769,3,4.0,8.44,7.82,145,4.264705882352941,0.19205298013245034
14933,Ticket to Ride: Alemanha,2017,2022.0,2,5.0,60,8,401,29,32,273,431,3,Colecionar Conjuntos;Construção de Redes e Rotas;Gerenciamento de Mãos,0,,Transportes,https://ludopedia.com.br/jogo/ticket-to-ride-germany,0.9325581395348838,0.6807980049875312,0.0798004987531172,3,3.0,8.44,7.85,155,4.84375,0.22997032640949555
9500,Tokaido: Edição de Luxo,2015,2023.0,2,5.0,45,8,490,71,35,404,520,7,Colecionar Conjuntos;Jogadores com Diferentes Habilidades;Movimento Ponto-a-Ponto;Ordem do Turno: Trilha do Tempo;Alocação de Trabalhadores;Bônus de Fim de Jogo;Movimento em Trilha,1,Miniaturas,Transportes;Cultura Oriental,https://ludopedia.com.br/jogo/tokaido-deluxe-edition,0.8734402852049911,0.8244897959183674,0.0714285714285714,7,3.0,8.43,7.93,196,5.6,0.21923937360178972
42887,Ritos Ancestrais,2024,2024.0,2,4.0,40,12,72,2,58,78,86,4,"Cartas Multiuso;Combinação;Construção de Baralho, Bolsas e Peças;Gerenciamento de Mãos",1,Jogo de Cartas,Cultura Pop ou Geek;Ficção Científica;Literatura,https://ludopedia.com.br/jogo/ritos-ancestrais,0.972972972972973,1.0833333333333333,0.8055555555555556,4,2.0,8.43,7.64,104,1.793103448275862,0.6933333333333334
55166,Everdell Farshore,2023,2025.0,2,4.0,80,10,416,51,35,509,622,4,Alocação de Trabalhadores;Colecionar Conjuntos;Compra Aberta;Gerenciamento de Mãos,1,Jogo de Cartas,Animais;Fantasia,https://ludopedia.com.br/jogo/everdell-farshore,0.8907922912205567,1.2235576923076923,0.0841346153846153,4,2.0,8.43,7.83,154,4.4,0.16648648648648648
52997,Thunder Road: Vendetta,2023,2025.0,2,4.0,75,10,646,44,56,795,946,6,Eliminação de Jogadores;Movimento em Grades;Rolagem de Dados;Rolar / Girar e Mover;Toma Essa;Resolução por Símbolos nos Dados,2,Jogo de Dados;Miniaturas,Esportes,https://ludopedia.com.br/jogo/thunder-road-vendetta,0.936231884057971,1.2306501547987616,0.0866873065015479,6,2.0,8.43,8.02,244,4.357142857142857,0.1693268563497571
24458,Bonfire,2020,2020.0,1,4.0,90,14,866,196,58,499,1031,1,Colocação de Peças,0,,Fantasia,https://ludopedia.com.br/jogo/bonfire,0.815442561205273,0.5762124711316398,0.0669745958429561,1,3.0,8.43,8.18,434,7.482758620689655,0.31794871794871793
74544,Point Galaxy,2025,2026.0,1,5.0,20,14,29,3,0,79,32,8,Bônus de Fim de Jogo;Colecionar Conjuntos;Compra Aberta;Construção a partir de Modelo;Grade com Quadrados;Mercado;Preparação Variável;Solo / Solitário,2,Jogo de Cartas;Quebra-Cabeça,Aventura;Ficção Científica,https://ludopedia.com.br/jogo/point-galaxy,0.90625,2.7241379310344827,0.0,8,4.0,8.43,6.87,28,,0.25925925925925924
14958,Century: Edição Golem,2017,2022.0,2,5.0,45,8,1196,158,127,722,1876,10,"Colecionar Conjuntos;Construção de Baralho, Bolsas e Peças;Gerenciamento de Mãos;Recuperação de Ação;Contratos;Compra Aberta;Valorização dos Recursos Não Escolhidos;Criação de Baralho;Mercado;Ordem do Turno: Progressivo",1,Jogo de Cartas,Economia / Produção;Fantasia,https://ludopedia.com.br/jogo/century-golem-edition,0.8833087149187593,0.6036789297658863,0.1061872909698996,10,3.0,8.43,8.25,636,5.0078740157480315,0.3315954118873827
11962,"Heroes of Land, Air & Sea",2018,,1,4.0,90,14,73,18,9,241,126,7,Alocação de Trabalhadores;Influência / Maioria na Área;Jogadores com Diferentes Habilidades;Pontos de Ação;Toma Essa;Resolução de Conflitos por Cartas;Seguir Ação,3,4x;Jogo de Guerra;Miniaturas,Aventura;Guerra;Medieval;Fantasia,https://ludopedia.com.br/jogo/heroes-of-land-air-sea,0.8021978021978022,3.3013698630136985,0.1232876712328767,7,3.0,8.43,7.27,55,6.111111111111111,0.1751592356687898
513,Bora Bora,2013,,2,4.0,90,14,291,136,41,629,635,4,Alocação de Trabalhadores;Colecionar Conjuntos;Rolagem de Dados;Alocação de Trabalhadores com Dados,1,Jogo de Dados,,https://ludopedia.com.br/jogo/bora-bora,0.6814988290398126,2.161512027491409,0.140893470790378,4,2.0,8.43,8.1,316,7.7073170731707314,0.34347826086956523
24387,Pan Am,2020,,2,4.0,60,12,650,131,48,473,986,12,Alocação de Trabalhadores;Especulação de Commodities;Leilão / Lances;Construção de Redes e Rotas;Leilão: Colocação Fixa;Conexões;Eventos;Leilão: Lances Restritos;Mercado de Ações;Ordem do Turno: Ação de Reivindicação;Ordem do Turno: Progressivo;Rendimentos,0,,História;Transportes,https://ludopedia.com.br/jogo/pan-am,0.8322663252240717,0.7276923076923076,0.0738461538461538,12,2.0,8.43,8.12,346,7.208333333333333,0.3081032947462155
36579,Fit to Print,2023,,1,6.0,30,10,173,19,19,379,423,4,Colecionar Conjuntos;Colocação de Peças;Construção a partir de Modelo;Tempo Real,2,Estratégia Abstrata;Quebra-Cabeça,Animais,https://ludopedia.com.br/jogo/fit-to-print,0.9010416666666666,2.1907514450867054,0.1098265895953757,4,5.0,8.42,7.43,72,3.789473684210526,0.13043478260869565
79648,Trismegistus,2026,2026.0,1,4.0,120,14,131,2,3,109,138,4,Colecionar Conjuntos;Jogadores com Diferentes Habilidades;Pontos de Ação;Rolagem de Dados,0,,Ciências,https://ludopedia.com.br/jogo/trismegistus-new-edition,0.9849624060150376,0.8320610687022901,0.0229007633587786,4,3.0,8.42,6.85,27,9.0,0.1125
68024,Mistborn: The Deckbuilding Game,2024,2026.0,1,4.0,60,13,421,13,25,548,535,6,"Construção de Baralho, Bolsas e Peças;Cooperativo;Mercado;Solo / Solitário;Corrida;Eliminação de Jogadores",1,Jogo de Cartas,Fantasia;Literatura,https://ludopedia.com.br/jogo/mistborn-the-deckbuilding-game,0.9700460829493088,1.3016627078384797,0.0593824228028503,6,3.0,8.42,7.66,109,4.36,0.11248710010319918
23463,Marãná,2021,2021.0,2,3.0,30,10,84,25,6,56,55,5,"Campanha / Batalhas Dirigidas por Cartas;Construção de Baralho, Bolsas e Peças;Gerenciamento de Mãos;Movimento de Área;Rolagem de Dados",1,Jogo de Cartas,Cultura Brasileira;Fantasia;Guerra;Meio Ambiente;Mitologia;Luta / Artes Marciais,https://ludopedia.com.br/jogo/marana,0.7706422018348624,0.6666666666666666,0.0714285714285714,5,1.0,8.42,6.78,24,4.0,0.17142857142857143
34789,Lacrimosa,2022,2022.0,1,4.0,120,14,522,106,49,684,975,4,"Construção de Baralho, Bolsas e Peças;Bônus de Fim de Jogo;Pontos de Movimento;Compra Aberta",0,,Arte,https://ludopedia.com.br/jogo/lacrimosa,0.8312101910828026,1.3103448275862069,0.0938697318007662,4,3.0,8.42,8.07,295,6.020408163265306,0.24461028192371476
35215,Turing Machine,2022,2023.0,1,4.0,20,12,1100,80,81,899,1297,1,Dedução,1,Quebra-Cabeça,História,https://ludopedia.com.br/jogo/turing-machine,0.9322033898305084,0.8172727272727273,0.0736363636363636,1,3.0,8.42,8.14,390,4.814814814814815,0.1950975487743872
64409,Rebirth,2024,2026.0,2,4.0,60,10,575,18,30,864,944,5,Colocação de Peças;Bônus de Fim de Jogo;Contratos;Grade Hexagonal;Influência / Maioria na Área,0,,Fantasia;Ficção Científica;Meio Ambiente,https://ludopedia.com.br/jogo/rebirth,0.96964586846543,1.5026086956521738,0.0521739130434782,5,2.0,8.42,7.89,178,5.933333333333334,0.12369701181375956
23808,Night of the Living Dead: A Zombicide Game,2021,2022.0,1,6.0,60,14,389,65,38,316,230,3,Cooperativo;Rolagem de Dados;Tabuleiro Modular,1,Miniaturas,Cultura Pop ou Geek;Horror/Terror,https://ludopedia.com.br/jogo/night-of-the-living-dead-a-zombicide-game,0.8568281938325991,0.8123393316195373,0.0976863753213367,3,5.0,8.41,7.6,99,2.6052631578947367,0.14042553191489363
41382,Pest,2024,2024.0,1,5.0,150,13,200,21,16,394,276,9,Alocação de Trabalhadores;Influência / Maioria na Área;Jogadores com Diferentes Habilidades;Movimento de Área;Pontos de Ação;Tabuleiro Modular;Bônus de Fim de Jogo;Eventos;Preparação Variável,0,,Civilização;Medieval,https://ludopedia.com.br/jogo/pest,0.9049773755656108,1.97,0.08,9,4.0,8.41,7.5,82,5.125,0.13804713804713806
1949,Amerigo,2013,,2,4.0,75,10,116,48,16,302,272,5,Colocação de Peças;Movimento em Grades;Pontos de Ação;Tabuleiro Modular;Torre de Cubos,0,,História;Transportes,https://ludopedia.com.br/jogo/amerigo,0.7073170731707317,2.603448275862069,0.1379310344827586,5,2.0,8.41,7.77,138,8.625,0.33014354066985646
411,Troyes,2010,2022.0,1,4.0,90,12,844,248,88,743,1385,13,Influência / Maioria na Área;Rolagem de Dados;Colecionar Conjuntos;Alocação de Diferentes Tipos de Trabalhadores;Alocação de Trabalhadores com Dados;Bônus de Fim de Jogo;Eventos;Ordem do Turno: Progressivo;Pontos de Vitória Ocultos;Preparação Variável;Propriedade;Rendimentos;Solo / Solitário,1,Jogo de Dados,Medieval;Economia / Produção,https://ludopedia.com.br/jogo/troyes,0.7728937728937729,0.8803317535545023,0.1042654028436018,13,3.0,8.35,8.17,615,6.988636363636363,0.387523629489603
62831,Foundations of Metropolis,2024,,1,4.0,60,14,69,15,5,130,130,6,Colocação de Peças;Grade com Quadrados;Leilão: Lance Único;Mercado;Propriedade;Rendimentos,0,,,https://ludopedia.com.br/jogo/foundations-of-metropolis,0.8214285714285714,1.884057971014493,0.072463768115942,6,3.0,8.35,7.0,37,7.4,0.18592964824120603
14332,Container: 10th Anniversary Jumbo Edition!,2018,,3,5.0,90,13,171,29,19,336,302,6,Colecionar Conjuntos;Especulação de Commodities;Leilão / Lances;Pegar e Entregar;Leilão: Economia Fechada;Empréstimos,0,,Economia / Produção;Transportes,https://ludopedia.com.br/jogo/container-10th-anniversary-jumbo-edition,0.855,1.9649122807017545,0.1111111111111111,6,2.0,8.35,7.48,86,4.526315789473684,0.16962524654832348
14230,Pélaghos,2018,2018.0,2,4.0,90,12,169,51,17,86,120,6,"Movimento Programado;Construção de Baralho, Bolsas e Peças;Gerenciamento de Mãos;Pegar e Entregar;Rolagem de Dados;Tabuleiro Modular",0,,Aventura;Piratas;Fantasia;Transportes,https://ludopedia.com.br/jogo/pelaghos,0.7681818181818182,0.5088757396449705,0.1005917159763313,6,2.0,8.26,7.37,77,4.529411764705882,0.30196078431372547
55898,Art Society,2023,2024.0,2,4.0,60,10,291,16,17,381,426,6,Bônus de Fim de Jogo;Colocação de Peças;Construção a partir de Modelo;Leilão: Lance Selado;Mercado;Valorização dos Recursos Não Escolhidos,1,Quebra-Cabeça,Arte,https://ludopedia.com.br/jogo/art-society,0.9478827361563518,1.309278350515464,0.0584192439862542,6,2.0,8.26,7.51,101,5.9411764705882355,0.15029761904761904
22201,Egizia: Shifting Sands,2019,,2,4.0,90,14,75,20,4,83,119,3,Alocação de Trabalhadores;Movimento Direcionado;Compra Aberta,0,,Economia / Produção;Cultura Africana,https://ludopedia.com.br/jogo/egizia-shifting-sands,0.7894736842105263,1.106666666666667,0.0533333333333333,3,2.0,8.26,7.14,51,12.75,0.3227848101265823
2281,Argent: The Consortium,2015,,2,5.0,60,10,82,22,15,144,163,7,"Alocação de Trabalhadores;Construção de Baralho, Bolsas e Peças;Influência / Maioria na Área;Jogadores com Diferentes Habilidades;Alocação de Diferentes Tipos de Trabalhadores;Tabuleiro Modular;Toma Essa",0,,Política;Fantasia;Anime / Manga,https://ludopedia.com.br/jogo/argent-the-consortium,0.7884615384615384,1.7560975609756098,0.1829268292682926,7,3.0,8.26,7.37,77,5.133333333333334,0.3407079646017699
22192,De Vulgari Eloquentia: Deluxe Edition,2019,2020.0,2,5.0,120,14,248,65,23,180,278,6,Pontos de Ação;Colecionar Conjuntos;Bônus de Fim de Jogo;Movimento em Trilha;Ordem de Turno: Baseado em Estatísticas;Preparação Variável,0,,Medieval;Religião,https://ludopedia.com.br/jogo/de-vulgari-eloquentia-deluxe-edition,0.792332268370607,0.7258064516129032,0.0927419354838709,6,3.0,8.26,7.56,111,4.826086956521739,0.25934579439252337
20046,Crown of Emara,2018,,1,4.0,75,12,62,40,5,156,147,9,Alocação de Trabalhadores;Gerenciamento de Mãos;Tabuleiro Modular;Contratos;Eventos;Fila de Ações;Maior Pontuação Baixa;Rondel;Solo / Solitário,0,,Medieval;Economia / Produção,https://ludopedia.com.br/jogo/crown-of-emara,0.6078431372549019,2.5161290322580645,0.0806451612903225,9,3.0,8.26,7.28,65,13.0,0.2981651376146789
4351,Legendary Encounters: An Alien Deck Building Game,2014,,1,5.0,45,14,130,42,25,301,183,10,"Construção de Baralho, Bolsas e Peças;Cooperativo;Eliminação de Jogadores;Jogadores com Diferentes Habilidades;Compra Futura;Eventos;Jogo em Equipe;Papéis Ocultos;Compra Aberta;Solo / Solitário",1,Jogo de Cartas,Ficção Científica;Cultura Pop ou Geek;Horror/Terror,https://ludopedia.com.br/jogo/legendary-encounters-an-alien-deck-building-game,0.7558139534883721,2.3153846153846156,0.1923076923076923,10,4.0,8.26,7.55,110,4.4,0.2552204176334107
22498,Dune (2019 Edition),2019,,2,6.0,180,12,203,48,18,295,173,13,Influência / Maioria na Área;Leilão / Lances;Movimento de Área;Jogadores com Diferentes Habilidades;Toma Essa;Alianças;Comprometer Forças;Mapa: Modificação;Previsão de Lance;Suborno;Acordos;Papéis com Informações Assimétricas;Resolução de Conflitos por Cartas,1,Jogo Assimétrico,Ficção Científica;Cultura Pop ou Geek;Literatura;Política;Guerra,https://ludopedia.com.br/jogo/dune-2019-edition,0.8087649402390438,1.4532019704433496,0.0886699507389162,13,4.0,8.26,7.42,84,4.666666666666667,0.1686746987951807
16365,Rio 1808,2023,2023.0,1,4.0,90,12,231,28,16,355,297,7,Colecionar Conjuntos;Influência / Maioria na Área;Alocação de Trabalhadores com Dados;Compra Futura;Contratos;Especulação de Commodities;Rendimentos,1,Jogo de Dados,História;Economia / Produção;Cultura Brasileira,https://ludopedia.com.br/jogo/rio-1808,0.8918918918918919,1.5367965367965368,0.0692640692640692,7,3.0,8.26,7.5,99,6.1875,0.1689419795221843
3501,Tokaido - Collector's Edition,2014,,2,5.0,45,8,75,17,8,258,122,3,Colecionar Conjuntos;Jogadores com Diferentes Habilidades;Movimento Ponto-a-Ponto,0,,Transportes,https://ludopedia.com.br/jogo/tokaido-collector-s-edition,0.8152173913043478,3.44,0.1066666666666666,3,3.0,8.22,7.03,43,5.375,0.12912912912912913
66412,Roda de Tricô,2025,2026.0,1,4.0,45,10,179,4,7,255,197,12,Bônus de Fim de Jogo;Cenário / Missão / Campanha;Colecionar Conjuntos;Colocação de Peças;Combinação;Compra Aberta;Contratos;Encadeamento;Mercado;Preparação Variável;Rondel;Solo / Solitário,2,Estratégia Abstrata;Quebra-Cabeça,Animais,https://ludopedia.com.br/jogo/knitting-circle,0.9781420765027322,1.4245810055865922,0.0391061452513966,12,3.0,8.22,7.13,52,7.428571428571429,0.11981566820276497
64269,Super Boss Monster,2025,2026.0,1,4.0,30,13,187,8,8,213,107,5,Alocação de Trabalhadores;Compra Aberta;Gerenciamento de Mãos;Jogadores com Diferentes Habilidades;Toma Essa,1,Jogo de Cartas,Fantasia;Tema de Video Game,https://ludopedia.com.br/jogo/super-boss-monster,0.958974358974359,1.13903743315508,0.0427807486631016,5,3.0,8.22,7.0,41,5.125,0.1025
33913,Don Capollo (Segunda Edição),2021,2021.0,3,6.0,45,16,387,43,23,161,339,3,Gerenciamento de Mãos;Negociação;Ordem de Turno: Interrupções,0,,Policial,https://ludopedia.com.br/jogo/don-capollo-2-edicao,0.9,0.4160206718346253,0.0594315245478036,3,3.0,8.22,7.56,118,5.130434782608695,0.21532846715328466
34973,E.T. The Extra-Terrestrial: Light Years From Home Game,2022,,2,4.0,60,10,95,12,4,65,64,1,Cooperativo,0,,Cultura Pop ou Geek;Fantasia;Ficção Científica,https://ludopedia.com.br/jogo/e-t-the-extra-terrestrial-light-years-from-home-game,0.8878504672897196,0.6842105263157895,0.0421052631578947,1,2.0,8.22,6.76,26,6.5,0.1625
1901,Lancaster,2011,2022.0,2,5.0,60,10,220,80,16,252,492,5,Alocação de Trabalhadores;Influência / Maioria na Área;Leilão / Lances;Votação;Alocação de Diferentes Tipos de Trabalhadores,0,,Medieval,https://ludopedia.com.br/jogo/lancaster,0.7333333333333333,1.1454545454545455,0.0727272727272727,5,3.0,8.22,7.76,191,11.9375,0.4046610169491525
31811,Messina 1347,2021,2022.0,1,4.0,120,12,385,80,13,227,524,7,Alocação de Trabalhadores;Jogadores com Diferentes Habilidades;Movimento em Grades;Tabuleiro Modular;Rendimentos;Preparação Variável;Movimento em Trilha,0,,Economia / Produção;Medieval,https://ludopedia.com.br/jogo/messina-1347,0.8279569892473119,0.5896103896103896,0.0337662337662337,7,3.0,8.18,7.67,165,12.692307692307692,0.2696078431372549
11729,Railroad Revolution,2016,,2,4.0,90,12,78,33,8,139,155,4,"Construção de Baralho, Bolsas e Peças;Construção de Redes e Rotas;Alocação de Diferentes Tipos de Trabalhadores;Alocação de Trabalhadores",0,,Transportes,https://ludopedia.com.br/jogo/railroad-revolution,0.7027027027027027,1.7820512820512822,0.1025641025641025,4,2.0,8.18,7.27,70,8.75,0.3225806451612903
19448,Starcadia Quest,2020,2020.0,2,4.0,60,13,405,89,24,297,187,6,Movimento em Grades;Ordem de Fases Variável;Rolagem de Dados;Tabuleiro Modular;Jogadores com Diferentes Habilidades;Cenário / Missão / Campanha,1,Miniaturas,Aventura;Ficção Científica;Luta / Artes Marciais,https://ludopedia.com.br/jogo/starcadia-quest,0.819838056680162,0.7333333333333333,0.0592592592592592,6,2.0,8.18,7.58,131,5.458333333333333,0.1866096866096866
18940,Weather Machine,2022,2023.0,1,4.0,90,14,154,29,14,381,243,4,Colocação de Peças;Alocação de Trabalhadores;Pontos de Ação;Colecionar Conjuntos,0,,Ficção Científica;Meio Ambiente,https://ludopedia.com.br/jogo/weather-machine,0.8415300546448088,2.4740259740259742,0.0909090909090909,4,3.0,8.18,7.2,61,4.357142857142857,0.11401869158878504
21133,PARKS,2019,,1,5.0,60,10,335,69,44,420,786,10,Alocação de Trabalhadores;Colecionar Conjuntos;Movimento Ponto-a-Ponto;Tabuleiro Modular;Bônus de Fim de Jogo;Contratos;Eventos;Movimento em Trilha;Ordem do Turno: Ação de Reivindicação;Preparação Variável,0,,Meio Ambiente;Transportes;Aventura;Animais,https://ludopedia.com.br/jogo/parks,0.8292079207920792,1.2537313432835822,0.1313432835820895,10,4.0,8.18,7.79,227,5.159090909090909,0.30066225165562915
54146,Marajoara,2024,2024.0,1,4.0,60,14,435,43,23,412,568,4,Árvores / Trilhas de Tecnologia;Contratos;Movimento Ponto-a-Ponto;Movimento com Diferentes Dados,2,Estratégia Abstrata;Jogo de Dados,Civilização;Cultura Brasileira;História,https://ludopedia.com.br/jogo/marajoara,0.910041841004184,0.9471264367816092,0.0528735632183908,4,3.0,8.18,7.68,167,7.260869565217392,0.19716646989374262
10786,Hero Realms,2016,,2,4.0,30,12,246,58,23,230,338,2,"Construção de Baralho, Bolsas e Peças;Gerenciamento de Mãos",1,Jogo de Cartas,Luta / Artes Marciais;Fantasia,https://ludopedia.com.br/jogo/hero-realms,0.8092105263157895,0.934959349593496,0.0934959349593495,2,2.0,8.18,7.68,166,7.217391304347826,0.3487394957983193
26148,Merv: The Heart of the Silk Road,2020,,1,4.0,70,14,247,66,8,187,392,9,Colocação de Peças;Movimento em Grades;Tabuleiro Modular;Colecionar Conjuntos;Movimento em Trilha;Preparação Variável;Propriedade;Rondel;Solo / Solitário,1,Jogo de Cartas,Cultura Oriental;Economia / Produção,https://ludopedia.com.br/jogo/merv-the-heart-of-the-silk-road,0.7891373801916933,0.757085020242915,0.0323886639676113,9,3.0,8.18,7.54,120,15.0,0.2764976958525346
36765,Skyrise,2024,2026.0,2,4.0,90,14,126,13,3,313,213,6,Influência / Maioria na Área;Leilão / Lances;Tabuleiro Modular;Preparação Variável;Bônus de Fim de Jogo;Leilão: Lances Restritos,1,Miniaturas,Fantasia;Arte;Ciências,https://ludopedia.com.br/jogo/skyrise,0.9064748201438848,2.484126984126984,0.0238095238095238,6,2.0,8.18,7.08,49,16.333333333333332,0.11161731207289294
16836,Obsessão,2018,2027.0,1,4.0,90,13,124,20,24,497,230,3,"Alocação de Trabalhadores;Colocação de Peças;Construção de Baralho, Bolsas e Peças",0,,História,https://ludopedia.com.br/jogo/obsession,0.8611111111111112,4.008064516129032,0.1935483870967742,3,3.0,8.18,7.48,106,4.416666666666667,0.1706924315619968
1627,London,2010,,2,4.0,90,13,51,18,3,55,130,1,Gerenciamento de Mãos,0,,Economia / Produção,https://ludopedia.com.br/jogo/london,0.7391304347826086,1.0784313725490196,0.0588235294117647,1,2.0,8.18,7.1,51,17.0,0.4811320754716981
30739,Três Irmãs,2022,2025.0,1,4.0,60,8,100,12,9,139,136,4,Papel e Caneta;Rolagem de Dados;Rondel;Solo / Solitário,0,,Economia / Produção,https://ludopedia.com.br/jogo/three-sisters,0.8928571428571429,1.39,0.09,4,3.0,8.18,6.97,40,4.444444444444445,0.16736401673640167
35711,First Rat,2022,2023.0,1,5.0,75,10,591,70,30,300,1029,4,Colecionar Conjuntos;Movimento Ponto-a-Ponto;Corrida;Solo / Solitário,0,,Animais;Ficção Científica;Aventura;Humor,https://ludopedia.com.br/jogo/first-rat,0.8940998487140696,0.5076142131979695,0.0507614213197969,4,4.0,8.18,7.85,274,9.133333333333333,0.3075196408529742
14488,In the Year of the Dragon: 10th Anniversary,2017,,2,5.0,100,12,321,146,27,242,628,5,Gerenciamento de Mãos;Ordem de Fases Variável;Eventos;Ordem de Turno: Baseado em Estatísticas;Seleção de Ação,0,,Medieval;Economia / Produção,https://ludopedia.com.br/jogo/in-the-year-of-the-dragon-10th-anniversary,0.6873661670235546,0.7538940809968847,0.0841121495327102,5,3.0,8.18,7.84,265,9.814814814814815,0.4706927175843694
19781,Van Gogh,2024,2024.0,2,5.0,45,10,239,20,12,264,391,4,Alocação de Trabalhadores;Influência / Maioria na Área;Jogadores com Diferentes Habilidades;Ordem de Fases Variável,0,,Arte,https://ludopedia.com.br/jogo/van-gogh,0.9227799227799228,1.104602510460251,0.0502092050209205,4,3.0,8.17,7.5,112,9.333333333333334,0.22266401590457258
198,Dungeons & Dragons: Wrath of Ashardalon Board Game,2011,,1,5.0,60,12,534,152,87,664,415,6,Cooperativo;Jogadores com Diferentes Habilidades;Rolagem de Dados;RPG;Tabuleiro Modular;Cenário / Missão / Campanha,1,Dungeon Crawler,Aventura;Fantasia,https://ludopedia.com.br/jogo/dungeons-dragons-wrath-of-ashardalon-board-game,0.7784256559766763,1.243445692883895,0.1629213483146067,6,4.0,8.17,7.86,294,3.3793103448275863,0.24540901502504173
21856,Porto,2019,,1,4.0,45,10,58,3,3,81,95,2,Colocação de Peças;Gerenciamento de Mãos,0,,,https://ludopedia.com.br/jogo/porto,0.9508196721311476,1.396551724137931,0.0517241379310344,2,3.0,8.17,6.76,27,9.0,0.19424460431654678
65757,CharLatão,2024,2024.0,2,5.0,40,10,145,21,5,88,162,4,Dedução;Gerenciamento de Mãos;Papéis com Informações Assimétricas;Vazas / Truques,1,Carteado,História,https://ludopedia.com.br/jogo/charlatao,0.8734939759036144,0.6068965517241379,0.0344827586206896,4,3.0,8.17,6.81,30,6.0,0.12875536480686695
8153,Iki,2015,2022.0,2,4.0,90,13,694,126,28,389,962,7,Colecionar Conjuntos;Movimento Ponto-a-Ponto;Compra Aberta;Movimento em Trilha;Ordem de Turno: Baseado em Estatísticas;Propriedade;Rondel,0,,Medieval;Cultura Oriental,https://ludopedia.com.br/jogo/iki,0.8463414634146341,0.5605187319884726,0.0403458213256484,7,2.0,8.17,7.87,318,11.357142857142858,0.29362880886426596
22861,Rune Stones,2019,2022.0,2,4.0,90,10,85,26,5,135,136,4,"Gerenciamento de Mãos;Colecionar Conjuntos;Construção de Baralho, Bolsas e Peças;Rolagem de Dados",1,Jogo de Cartas,Fantasia,https://ludopedia.com.br/jogo/rune-stones,0.7657657657657657,1.588235294117647,0.0588235294117647,4,2.0,8.17,7.16,58,11.6,0.2636363636363636
55668,The Binding of Isaac: Four Souls (2nd Edition),2023,2024.0,2,4.0,60,13,181,7,14,120,149,11,Acordos;Alianças;Force sua sorte;Gerenciamento de Mãos;Jogadores com Diferentes Habilidades;Negociação;Ordem de Turno: Interrupções;Rendimentos;Rolagem de Dados;Suborno;Toma Essa,2,Colecionável;Jogo de Cartas,Horror/Terror;Tema de Video Game,https://ludopedia.com.br/jogo/the-binding-of-isaac-four-souls-2nd-edition,0.9627659574468084,0.6629834254143646,0.0773480662983425,11,2.0,8.17,7.14,56,4.0,0.18604651162790697
35989,Cat in the Box: Um Jogo de Vazas Quântico,2022,2024.0,2,5.0,40,13,1258,136,47,694,1784,5,Gerenciamento de Mãos;Vazas / Truques;Cerco de Área;Previsão de Lance;Pontuar e Reiniciar,2,Jogo de Cartas;Carteado,Animais,https://ludopedia.com.br/jogo/cat-in-the-box-deluxe-edition,0.902439024390244,0.5516693163751988,0.0373608903020667,5,3.0,8.16,7.96,481,10.23404255319149,0.2464139344262295
1013,Fresco,2010,2022.0,2,4.0,60,10,471,164,32,537,776,8,Movimento Programado;Seleção de Ação Simultânea;Alocação de Trabalhadores;Colecionar Conjuntos;Fila de Ações;Mercado;Movimento em Grades;Ordem de Turno: Baseado em Estatísticas,0,,Arte;História,https://ludopedia.com.br/jogo/fresco,0.7417322834645669,1.1401273885350318,0.0679405520169851,8,2.0,8.16,7.9,361,11.28125,0.35813492063492064
62947,Things In Rings,2024,2026.0,2,6.0,20,6,377,8,7,225,485,3,Dedução;Indução;Jogador Juiz,1,Jogo Festivo,Educacional;Genérico/Universal,https://ludopedia.com.br/jogo/things-in-rings,0.9792207792207792,0.596816976127321,0.0185676392572944,3,4.0,8.16,7.43,97,13.857142857142858,0.1611295681063123
23514,Dwar7s Spring,2020,2021.0,2,4.0,80,12,261,52,11,135,189,6,"Construção de Baralho, Bolsas e Peças;Alocação de Trabalhadores;Construção de Redes e Rotas;Gerenciamento de Mãos;Tabuleiro Modular;Toma Essa",1,Miniaturas,Aventura;Fantasia,https://ludopedia.com.br/jogo/dwar7s-spring,0.8338658146964856,0.5172413793103449,0.0421455938697318,6,2.0,8.16,7.31,77,7.0,0.19444444444444445
10801,The Oracle of Delphi,2016,,2,4.0,100,12,185,91,16,297,411,8,Pegar e Entregar;Rolagem de Dados;Tabuleiro Modular;Movimento em Grades;Corrida;Force sua sorte;Jogadores com Diferentes Habilidades;Pontos de Ação,0,,História,https://ludopedia.com.br/jogo/the-oracle-of-delphi,0.6702898550724637,1.6054054054054054,0.0864864864864864,8,2.0,8.16,7.71,189,11.8125,0.3921161825726141
33046,Mind MGMT: O “Jogo” de Espionagem Psíquica,2021,2024.0,1,5.0,75,13,461,51,31,567,523,8,Dedução;Jogadores com Diferentes Habilidades;Jogo em Equipe;Movimento em Grades;Movimento Ponto-a-Ponto;Movimento Oculto;Cooperativo;Papel e Caneta,2,Integrado com Aplicativo;Jogo Assimétrico,Cultura Pop ou Geek;Fantasia;Ficção Científica,https://ludopedia.com.br/jogo/mind-mgmt-the-psychic-espionage-game,0.900390625,1.229934924078091,0.0672451193058568,8,4.0,8.16,7.67,171,5.516129032258065,0.16634241245136186
49890,3 Ring Circus,2023,2023.0,1,4.0,80,12,385,62,18,286,647,10,Bônus de Fim de Jogo;Gerenciamento de Mãos;Influência / Maioria na Área;Movimento Ponto-a-Ponto;Pontos de Movimento;Cartas Multiuso;Colecionar Conjuntos;Compra Aberta;Ordem do Turno: Progressivo;Compra Fechada,0,,Arte,https://ludopedia.com.br/jogo/3-ring-circus,0.8612975391498882,0.7428571428571429,0.0467532467532467,10,3.0,8.16,7.7,186,10.333333333333334,0.27719821162444114
57670,Apiary,2023,2024.0,1,5.0,90,14,339,45,22,440,651,6,Alocação de Trabalhadores;Cartas Multiuso;Colocação de Peças;Jogadores com Diferentes Habilidades;Rendimentos;Solo / Solitário,0,,Ficção Científica,https://ludopedia.com.br/jogo/apiary,0.8828125,1.297935103244838,0.0648967551622418,6,4.0,8.16,7.62,148,6.7272727272727275,0.18998716302952504
28629,Maglev Metro,2021,,1,4.0,90,14,50,16,1,81,143,3,Colocação de Peças;Construção de Redes e Rotas;Pegar e Entregar,0,,Ficção Científica;Transportes,https://ludopedia.com.br/jogo/maglev-metro,0.7575757575757576,1.62,0.02,3,3.0,8.16,6.9,36,36.0,0.2748091603053435
23525,Tortuga 2199,2020,2021.0,2,4.0,90,12,409,68,18,223,465,9,"Construção de Baralho, Bolsas e Peças;Influência / Maioria na Área;Colecionar Conjuntos;Compra Aberta;Gerenciamento de Mãos;Movimento de Área;Resolução de Conflitos por Cartas;Tabuleiro Modular;Zona de Controle",2,Jogo de Cartas;Miniaturas,Ficção Científica;Piratas,https://ludopedia.com.br/jogo/tortuga-2199,0.8574423480083857,0.5452322738386308,0.0440097799511002,9,2.0,8.16,7.58,138,7.666666666666667,0.21835443037974683
14489,Notre Dame: 10th Anniversary,2017,,2,5.0,75,10,166,67,7,135,267,2,Influência / Maioria na Área;Movimento Ponto-a-Ponto,0,,História;Economia / Produção,https://ludopedia.com.br/jogo/notre-dame-10th-anniversary,0.7124463519313304,0.8132530120481928,0.0421686746987951,2,3.0,8.16,7.5,113,16.142857142857142,0.3754152823920266
