nm_jogo,nota_rank,nota_media,qt_avaliacoes,link,slug
The Castles of Burgundy: Special Edition,9.07,9.42,445,https://ludopedia.com.br/jogo/the-castles-of-burgundy-special-edition,the-castles-of-burgundy-special-edition
Brass: Birmingham,9.03,9.12,1641,https://ludopedia.com.br/jogo/brass-birmingham,brass-birmingham
SETI: Busca por Inteligência Extraterrestre,9.0,9.23,677,https://ludopedia.com.br/jogo/seti-search-for-extraterrestrial-intelligence,seti-search-for-extraterrestrial-intelligence
Projeto Gaia,9.0,9.1,1572,https://ludopedia.com.br/jogo/gaia-project,gaia-project
Gloomhaven,8.98,9.09,1336,https://ludopedia.com.br/jogo/gloomhaven,gloomhaven
Terraforming Mars,8.96,8.99,4027,https://ludopedia.com.br/jogo/terraforming-mars,terraforming-mars
Ark Nova,8.95,9.07,1205,https://ludopedia.com.br/jogo/ark-nova,ark-nova
Terra Mystica,8.95,9.0,2823,https://ludopedia.com.br/jogo/terra-mystica,terra-mystica
Brass: Lancashire,8.93,9.12,745,https://ludopedia.com.br/jogo/brass-lancashire,brass-lancashire
Gloomhaven: Presas do Leão,8.91,9.09,776,https://ludopedia.com.br/jogo/gloomhaven-jaws-of-the-lion,gloomhaven-jaws-of-the-lion
Star Wars: Rebellion,8.9,9.04,1024,https://ludopedia.com.br/jogo/star-wars-rebellion,star-wars-rebellion
Twilight Imperium (4ª Edição),8.88,9.07,775,https://ludopedia.com.br/jogo/twilight-imperium-fourth-edition,twilight-imperium-fourth-edition
Mage Knight: Edição Definitiva,8.88,9.09,692,https://ludopedia.com.br/jogo/mage-knight-ultimate-edition,mage-knight-ultimate-edition
Duna: Imperium,8.88,8.99,1312,https://ludopedia.com.br/jogo/dune-imperium,dune-imperium
O Senhor dos Anéis: Duelo pela Terra Média,8.87,9.02,967,https://ludopedia.com.br/jogo/the-lord-of-the-rings-duel-for-middle-earth,the-lord-of-the-rings-duel-for-middle-earth
Duna: Imperium - Uprising,8.87,9.22,412,https://ludopedia.com.br/jogo/dune-imperium-uprising,dune-imperium-uprising
Harmonies,8.86,8.94,2006,https://ludopedia.com.br/jogo/harmonies,harmonies
Terra Mystica: Era da Inovação,8.86,9.31,315,https://ludopedia.com.br/jogo/age-of-innovation,age-of-innovation
The Castles of Burgundy,8.85,8.91,2325,https://ludopedia.com.br/jogo/the-castles-of-burgundy,the-castles-of-burgundy
Clank!: Catacombs,8.85,9.07,650,https://ludopedia.com.br/jogo/clank-catacombs,clank-catacombs
Slay the Spire: O Jogo de Tabuleiro,8.85,9.13,504,https://ludopedia.com.br/jogo/slay-the-spire-the-board-game,slay-the-spire-the-board-game
7 Wonders Duel,8.84,8.87,4383,https://ludopedia.com.br/jogo/7-wonders-duel,7-wonders-duel
Guerra do Anel (Segunda Edição),8.83,9.03,690,https://ludopedia.com.br/jogo/war-of-the-ring-second-edition,war-of-the-ring-second-edition
Great Western Trail: Segunda Edição,8.82,8.99,833,https://ludopedia.com.br/jogo/great-western-trail-second-edition,great-western-trail-second-edition
O Senhor dos Anéis: Jornadas na Terra Média,8.82,8.92,1407,https://ludopedia.com.br/jogo/the-lord-of-the-rings-journeys-in-middle-earth,the-lord-of-the-rings-journeys-in-middle-earth
Hegemonia: Conduza Sua Classe À Vitória - Edição Ampliada,8.8,9.11,459,https://ludopedia.com.br/jogo/hegemony-lead-your-class-to-victory-extended-edition,hegemony-lead-your-class-to-victory-extended-edition
Root,8.8,8.87,2171,https://ludopedia.com.br/jogo/root,root
Puerto Rico,8.8,8.83,3662,https://ludopedia.com.br/jogo/puerto-rico,puerto-rico
Clãs da Caledônia,8.79,8.89,1339,https://ludopedia.com.br/jogo/clans-of-caledonia,clans-of-caledonia
Clash of Cultures: Monumental,8.79,9.05,530,https://ludopedia.com.br/jogo/clash-of-cultures-monumental-edition,clash-of-cultures-monumental-edition
Spirit Island,8.78,8.91,1119,https://ludopedia.com.br/jogo/spirit-island,spirit-island
Puerto Rico 1897: Edição Especial,8.78,9.34,250,https://ludopedia.com.br/jogo/puerto-rico-1897-special-edition,puerto-rico-1897-special-edition
Wingspan,8.78,8.83,3029,https://ludopedia.com.br/jogo/wingspan,wingspan
Great Western Trail,8.76,8.84,1555,https://ludopedia.com.br/jogo/great-western-trail,great-western-trail
Lisboa,8.74,8.9,881,https://ludopedia.com.br/jogo/lisboa,lisboa
Twilight Struggle,8.73,8.83,1369,https://ludopedia.com.br/jogo/twilight-struggle,twilight-struggle
Um Banquete a Odin,8.72,8.85,1103,https://ludopedia.com.br/jogo/a-feast-for-odin,a-feast-for-odin
Wyrmspan,8.71,8.93,625,https://ludopedia.com.br/jogo/wyrmspan,wyrmspan
Everdell,8.71,8.77,2138,https://ludopedia.com.br/jogo/everdell,everdell
Heat: Pedal to the Metal,8.71,8.82,1264,https://ludopedia.com.br/jogo/heat-pedal-to-the-metal,heat-pedal-to-the-metal
Great Western Trail: Nova Zelândia,8.71,9.06,385,https://ludopedia.com.br/jogo/great-western-trail-new-zealand,great-western-trail-new-zealand
Nemesis,8.7,8.85,895,https://ludopedia.com.br/jogo/nemesis,nemesis
Mansions of Madness (2ª Edição),8.7,8.76,2227,https://ludopedia.com.br/jogo/mansions-of-madness-second-edition,mansions-of-madness-second-edition
Ticket to Ride Legacy: Lendas do Oeste,8.69,9.25,241,https://ludopedia.com.br/jogo/ticket-to-ride-legacy-legends-of-the-west,ticket-to-ride-legacy-legends-of-the-west
Scythe,8.69,8.75,2448,https://ludopedia.com.br/jogo/scythe,scythe
As Ruínas Perdidas de Arnak,8.69,8.78,1429,https://ludopedia.com.br/jogo/lost-ruins-of-arnak,lost-ruins-of-arnak
Arkham Horror: The Card Game (Revised Edition),8.68,8.88,668,https://ludopedia.com.br/jogo/arkham-horror-the-card-game-revised-edition,arkham-horror-the-card-game-revised-edition
Zombicide: Segunda Edição,8.68,8.82,949,https://ludopedia.com.br/jogo/zombicide-2nd-edition,zombicide-2nd-edition
Five Tribes,8.68,8.75,2029,https://ludopedia.com.br/jogo/five-tribes-the-djinns-of-naqala,five-tribes-the-djinns-of-naqala
The Castles of Burgundy: Alea 20th Anniversary Edition,8.66,9.17,258,https://ludopedia.com.br/jogo/the-castles-of-burgundy-alea-20th-anniversary-edition,the-castles-of-burgundy-alea-20th-anniversary-edition
Clank!: Uma Aventura de Construção de Baralho,8.65,8.71,1938,https://ludopedia.com.br/jogo/clank-a-deck-building-adventure,clank-a-deck-building-adventure
Caverna: The Cave Farmers,8.64,8.74,1323,https://ludopedia.com.br/jogo/caverna-the-cave-farmers,caverna-the-cave-farmers
On Mars,8.64,9.0,366,https://ludopedia.com.br/jogo/on-mars,on-mars
Through The Ages: Uma Nova História da Civilização,8.64,8.77,951,https://ludopedia.com.br/jogo/through-the-ages-a-new-story-of-civilization,through-the-ages-a-new-story-of-civilization
La Granja: Deluxe Master Set,8.63,9.07,300,https://ludopedia.com.br/jogo/la-granja-deluxe-master-set,la-granja-deluxe-master-set
Sky Team,8.63,8.78,906,https://ludopedia.com.br/jogo/sky-team,sky-team
Azul,8.62,8.65,5079,https://ludopedia.com.br/jogo/azul,azul
Barrage,8.62,8.79,765,https://ludopedia.com.br/jogo/barrage,barrage
Tiranos da Umbreterna (Segunda Edição),8.62,8.9,458,https://ludopedia.com.br/jogo/tyrants-of-the-underdark-board-game,tyrants-of-the-underdark-board-game
Brass Birmingham: Deluxe Edition,8.61,9.51,144,https://ludopedia.com.br/jogo/brass-birmingham-deluxe-edition,brass-birmingham-deluxe-edition
Mage Knight Board Game,8.6,8.8,675,https://ludopedia.com.br/jogo/mage-knight-board-game,mage-knight-board-game
7 Wonders: Segunda Edição,8.59,8.71,1092,https://ludopedia.com.br/jogo/7-wonders-second-edition,7-wonders-second-edition
Pandemic Legacy: 1ª Temporada,8.59,8.76,765,https://ludopedia.com.br/jogo/pandemic-legacy-season-1,pandemic-legacy-season-1
Eclipse: O Segundo Despertar da Galáxia,8.59,8.91,403,https://ludopedia.com.br/jogo/eclipse-second-dawn-for-the-galaxy,eclipse-second-dawn-for-the-galaxy
Concordia,8.58,8.73,869,https://ludopedia.com.br/jogo/concordia,concordia
Ticket to Ride: Europa,8.58,8.62,3595,https://ludopedia.com.br/jogo/ticket-to-ride-europe,ticket-to-ride-europe
Endeavor: Mar Profundo,8.58,8.99,318,https://ludopedia.com.br/jogo/endeavor-deep-sea,endeavor-deep-sea
Agricola 15: Edição de Aniversário,8.57,9.05,266,https://ludopedia.com.br/jogo/agricola-15th-anniversary-edition,agricola-15th-anniversary-edition
O Senhor dos Anéis: Card Game (Revised Core Set),8.57,8.94,343,https://ludopedia.com.br/jogo/the-lord-of-the-rings-the-card-game-revised-core-set,the-lord-of-the-rings-the-card-game-revised-core-set
Cthulhu: Death May Die,8.56,8.85,452,https://ludopedia.com.br/jogo/cthulhu-death-may-die,cthulhu-death-may-die
Ticket to Ride: Europa - 15 Anos,8.56,8.9,380,https://ludopedia.com.br/jogo/ticket-to-ride-europe-15th-anniversary,ticket-to-ride-europe-15th-anniversary
Agricola: Edição Revisada,8.56,8.66,1222,https://ludopedia.com.br/jogo/agricola-revised-edition,agricola-revised-edition
Trickerion: Lendas Da Ilusão – Big Box,8.55,9.11,231,https://ludopedia.com.br/jogo/trickerion-collector-s-edition,trickerion-collector-s-edition
Anachrony,8.55,8.72,749,https://ludopedia.com.br/jogo/anachrony,anachrony
Great Western Trail: Argentina,8.55,8.86,422,https://ludopedia.com.br/jogo/great-western-trail-argentina,great-western-trail-argentina
Azul Mini,8.55,8.66,1176,https://ludopedia.com.br/jogo/azul-mini,azul-mini
Trajan,8.54,8.67,1023,https://ludopedia.com.br/jogo/trajan,trajan
Tainted Grail: A Queda de Avalon,8.54,8.95,308,https://ludopedia.com.br/jogo/tainted-grail-the-fall-of-avalon,tainted-grail-the-fall-of-avalon
Nucleum,8.53,8.93,324,https://ludopedia.com.br/jogo/nucleum,nucleum
Tiranos da Umbreterna,8.53,8.69,804,https://ludopedia.com.br/jogo/tyrants-of-the-underdark,tyrants-of-the-underdark
As Viagens de Marco Polo,8.53,8.61,1537,https://ludopedia.com.br/jogo/the-voyages-of-marco-polo,the-voyages-of-marco-polo
Wingspan: Ásia,8.53,8.86,385,https://ludopedia.com.br/jogo/wingspan-asia,wingspan-asia
The Thing: The Boardgame,8.53,8.89,349,https://ludopedia.com.br/jogo/the-thing-the-boardgame,the-thing-the-boardgame
Robinson Crusoé: Aventuras na Ilha Amaldiçoada,8.52,8.61,1536,https://ludopedia.com.br/jogo/robinson-crusoe-adventures-on-the-cursed-island,robinson-crusoe-adventures-on-the-cursed-island
Lords of Waterdeep,8.52,8.6,1559,https://ludopedia.com.br/jogo/lords-of-waterdeep,lords-of-waterdeep
World Wonders,8.52,8.65,967,https://ludopedia.com.br/jogo/world-wonders,world-wonders
Keep the Heroes Out!,8.51,8.77,478,https://ludopedia.com.br/jogo/keep-the-heroes-out,keep-the-heroes-out
Stone Age,8.51,8.55,2873,https://ludopedia.com.br/jogo/stone-age,stone-age
The White Castle,8.51,8.68,715,https://ludopedia.com.br/jogo/the-white-castle,the-white-castle
Revive,8.51,8.78,465,https://ludopedia.com.br/jogo/revive,revive
El Grande: Big Box,8.5,8.78,446,https://ludopedia.com.br/jogo/el-grande-big-box,el-grande-big-box
Hansa Teutonica: Big Box,8.5,8.73,528,https://ludopedia.com.br/jogo/hansa-teutonica-big-box,hansa-teutonica-big-box
Food Chain Magnate,8.5,8.71,591,https://ludopedia.com.br/jogo/food-chain-magnate,food-chain-magnate
Teotihuacan: City of Gods,8.5,8.63,915,https://ludopedia.com.br/jogo/teotihuacan-city-of-gods,teotihuacan-city-of-gods
Orléans,8.49,8.6,1204,https://ludopedia.com.br/jogo/orleans,orleans
Trio,8.49,8.55,1997,https://ludopedia.com.br/jogo/trio,trio
Splendor Duel,8.49,8.67,687,https://ludopedia.com.br/jogo/splendor-duel,splendor-duel
Ultimate Railroads,8.48,8.95,269,https://ludopedia.com.br/jogo/ultimate-railroads,ultimate-railroads
Tikal,8.48,8.59,1178,https://ludopedia.com.br/jogo/tikal,tikal
Darwin's Journey,8.48,8.81,386,https://ludopedia.com.br/jogo/darwin-s-journey,darwin-s-journey
Cascadia,8.48,8.59,1140,https://ludopedia.com.br/jogo/cascadia,cascadia
Tzolk'in: O Calendário Maia,8.48,8.58,1257,https://ludopedia.com.br/jogo/tzolk-in-the-mayan-calendar,tzolk-in-the-mayan-calendar
Power Grid,8.48,8.54,1987,https://ludopedia.com.br/jogo/power-grid,power-grid
Viticulture - Edição Essencial,8.47,8.54,1866,https://ludopedia.com.br/jogo/viticulture-essential-edition,viticulture-essential-edition
Mombasa,8.47,8.62,794,https://ludopedia.com.br/jogo/mombasa,mombasa
Grand Austria Hotel,8.46,8.6,923,https://ludopedia.com.br/jogo/grand-austria-hotel,grand-austria-hotel
La Granja,8.46,8.57,1145,https://ludopedia.com.br/jogo/la-granja,la-granja
Power Grid: Versão Energizada,8.46,8.68,545,https://ludopedia.com.br/jogo/power-grid-recharged-edition,power-grid-recharged-edition
Agricola,8.46,8.54,1478,https://ludopedia.com.br/jogo/agricola,agricola
Azul: Pavilhão de Verão,8.45,8.59,889,https://ludopedia.com.br/jogo/azul-summer-pavilion,azul-summer-pavilion
Brazil: Imperial,8.44,8.56,1068,https://ludopedia.com.br/jogo/brazil-imperial,brazil-imperial
O Inconsciente,8.44,8.86,290,https://ludopedia.com.br/jogo/unconscious-mind,unconscious-mind
Scout,8.44,8.52,1589,https://ludopedia.com.br/jogo/scout,scout
7 Wonders,8.43,8.46,4076,https://ludopedia.com.br/jogo/7-wonders,7-wonders
Dominant Species,8.42,8.67,502,https://ludopedia.com.br/jogo/dominant-species,dominant-species
Marco Polo II: Ao Serviço do Khan,8.42,8.71,414,https://ludopedia.com.br/jogo/marco-polo-ii-in-the-service-of-the-khan,marco-polo-ii-in-the-service-of-the-khan
Eldritch Horror,8.41,8.45,3129,https://ludopedia.com.br/jogo/eldritch-horror,eldritch-horror
Ticket to Ride,8.41,8.44,3641,https://ludopedia.com.br/jogo/ticket-to-ride,ticket-to-ride
The Gallerist,8.41,8.56,810,https://ludopedia.com.br/jogo/the-gallerist,the-gallerist
Azul: Mestre Chocolatier,8.4,8.69,426,https://ludopedia.com.br/jogo/azul-master-chocolatier,azul-master-chocolatier
Tiny Epic Dungeons,8.4,8.61,579,https://ludopedia.com.br/jogo/tiny-epic-dungeons,tiny-epic-dungeons
Russian Railroads,8.4,8.57,695,https://ludopedia.com.br/jogo/russian-railroads,russian-railroads
The Red Cathedral,8.4,8.56,763,https://ludopedia.com.br/jogo/the-red-cathedral,the-red-cathedral
Alquimistas,8.39,8.49,1267,https://ludopedia.com.br/jogo/alchemists,alchemists
Descent: Lendas da Escuridão,8.38,8.76,315,https://ludopedia.com.br/jogo/descent-legends-of-the-dark,descent-legends-of-the-dark
Shackleton Base: Uma Jornada para a Lua,8.38,8.95,209,https://ludopedia.com.br/jogo/shackleton-base-a-journey-to-the-moon,shackleton-base-a-journey-to-the-moon
Calamandara,8.37,9.27,132,https://ludopedia.com.br/jogo/calamandara,calamandara
Rising Sun,8.37,8.48,1091,https://ludopedia.com.br/jogo/rising-sun,rising-sun
Rococo: Deluxe Edition,8.37,8.93,212,https://ludopedia.com.br/jogo/rococo-deluxe-edition,rococo-deluxe-edition
Battlestar Galactica: The Board Game,8.37,8.55,658,https://ludopedia.com.br/jogo/battlestar-galactica-the-board-game,battlestar-galactica-the-board-game
Carnegie,8.37,8.67,396,https://ludopedia.com.br/jogo/carnegie,carnegie
Survive: The Island,8.36,8.48,970,https://ludopedia.com.br/jogo/survive-the-island,survive-the-island
Arcadia Quest: Inferno,8.36,8.76,294,https://ludopedia.com.br/jogo/arcadia-quest-inferno,arcadia-quest-inferno
Wonderland's War,8.36,8.66,390,https://ludopedia.com.br/jogo/wonderland-s-war,wonderland-s-war
Maracaibo,8.36,8.54,646,https://ludopedia.com.br/jogo/maracaibo,maracaibo
Convidados Indesejados,8.35,8.53,656,https://ludopedia.com.br/jogo/awkward-guests-the-walton-case,awkward-guests-the-walton-case
Sleeping Gods,8.35,8.93,205,https://ludopedia.com.br/jogo/sleeping-gods,sleeping-gods
Carcassonne Plus,8.35,8.69,350,https://ludopedia.com.br/jogo/carcassonne-big-box-6,carcassonne-big-box-6
O Senhor dos Anéis: Sina da Sociedade,8.35,8.84,238,https://ludopedia.com.br/jogo/the-lord-of-the-rings-the-fate-of-the-fellowship,the-lord-of-the-rings-the-fate-of-the-fellowship
Forest Shuffle,8.35,8.51,698,https://ludopedia.com.br/jogo/forest-shuffle,forest-shuffle
Frosthaven,8.34,9.64,90,https://ludopedia.com.br/jogo/frosthaven,frosthaven
Arkham Horror (3ª Edição),8.34,8.59,472,https://ludopedia.com.br/jogo/arkham-horror-third-edition,arkham-horror-third-edition
Star Wars: Imperial Assault,8.34,8.65,370,https://ludopedia.com.br/jogo/star-wars-imperial-assault,star-wars-imperial-assault
Marvel Champions: The Card Game,8.34,8.81,250,https://ludopedia.com.br/jogo/marvel-champions-the-card-game,marvel-champions-the-card-game
Zombicide: Black Plague,8.34,8.41,1720,https://ludopedia.com.br/jogo/zombicide-black-plague,zombicide-black-plague
Voidfall,8.34,9.22,133,https://ludopedia.com.br/jogo/voidfall,voidfall
Star Wars: Orla Exterior,8.34,8.53,605,https://ludopedia.com.br/jogo/star-wars-outer-rim,star-wars-outer-rim
Rebel Princess,8.33,8.47,847,https://ludopedia.com.br/jogo/rebel-princess,rebel-princess
Splendor: Marvel,8.33,8.47,812,https://ludopedia.com.br/jogo/splendor-marvel,splendor-marvel
Galactic Cruise,8.33,8.99,176,https://ludopedia.com.br/jogo/galactic-cruise,galactic-cruise
Carcassonne: Edição do 20° Aniversário,8.32,8.64,363,https://ludopedia.com.br/jogo/carcassonne-20th-anniversary-edition,carcassonne-20th-anniversary-edition
Village,8.32,8.42,1150,https://ludopedia.com.br/jogo/village,village
Ilha dos Dinossauros,8.32,8.5,642,https://ludopedia.com.br/jogo/dinosaur-island,dinosaur-island
Dominion (Segunda Edição),8.32,8.49,702,https://ludopedia.com.br/jogo/dominion-second-edition,dominion-second-edition
Jaipur,8.32,8.37,2437,https://ludopedia.com.br/jogo/jaipur,jaipur
Arcadia Quest,8.32,8.41,1288,https://ludopedia.com.br/jogo/arcadia-quest,arcadia-quest
Spartacus: Um Jogo de Sangue e Traições,8.31,8.43,1034,https://ludopedia.com.br/jogo/spartacus-a-game-of-blood-and-treachery,spartacus-a-game-of-blood-and-treachery
Final Girl,8.31,8.85,217,https://ludopedia.com.br/jogo/final-girl,final-girl
Xadrez,8.3,8.38,1542,https://ludopedia.com.br/jogo/chess,chess
Luna Maris,8.3,8.69,300,https://ludopedia.com.br/jogo/luna-maris,luna-maris
Azul: Jardim da Rainha,8.3,8.57,425,https://ludopedia.com.br/jogo/azul-queen-s-garden,azul-queen-s-garden
Pax Pamir: Segunda Edição,8.29,8.63,342,https://ludopedia.com.br/jogo/pax-pamir-second-edition,pax-pamir-second-edition
Cidades Submersas,8.29,8.49,563,https://ludopedia.com.br/jogo/underwater-cities,underwater-cities
Distilled,8.29,8.5,528,https://ludopedia.com.br/jogo/distilled,distilled
Paladinos do Reino Ocidental,8.29,8.51,501,https://ludopedia.com.br/jogo/paladins-of-the-west-kingdom,paladins-of-the-west-kingdom
Eclipse: New Dawn for the Galaxy,8.28,8.5,535,https://ludopedia.com.br/jogo/eclipse-new-dawn-for-the-galaxy,eclipse-new-dawn-for-the-galaxy
Andromeda's Edge,8.28,8.92,180,https://ludopedia.com.br/jogo/andromeda-s-edge,andromeda-s-edge
Cthulhu: Death May Die - Medo do Desconhecido,8.28,9.2,124,https://ludopedia.com.br/jogo/cthulhu-death-may-die-fear-of-the-unknown,cthulhu-death-may-die-fear-of-the-unknown
Trickerion: Legends of Illusion,8.28,8.68,283,https://ludopedia.com.br/jogo/trickerion-legends-of-illusion,trickerion-legends-of-illusion
Pandemic,8.28,8.3,4102,https://ludopedia.com.br/jogo/pandemic,pandemic
Ticket to Ride: 10th Anniversary,8.27,8.65,303,https://ludopedia.com.br/jogo/ticket-to-ride-10th-anniversary,ticket-to-ride-10th-anniversary
Splendor,8.27,8.31,2617,https://ludopedia.com.br/jogo/splendor,splendor
Quacks,8.27,8.49,500,https://ludopedia.com.br/jogo/quacks,quacks
Decrypto: 5th Anniversary Edition,8.27,8.52,440,https://ludopedia.com.br/jogo/decrypto-5th-anniversary-edition,decrypto-5th-anniversary-edition
Arkham Horror: The Card Game,8.26,8.65,293,https://ludopedia.com.br/jogo/arkham-horror-the-card-game,arkham-horror-the-card-game
Lorenzo il Magnifico,8.26,8.41,759,https://ludopedia.com.br/jogo/lorenzo-il-magnifico,lorenzo-il-magnifico
Istanbul,8.26,8.33,1662,https://ludopedia.com.br/jogo/istanbul,istanbul
Ganges,8.25,8.41,722,https://ludopedia.com.br/jogo/rajas-of-the-ganges,rajas-of-the-ganges
Century: Edição Golem,8.25,8.43,636,https://ludopedia.com.br/jogo/century-golem-edition,century-golem-edition
Campos de Arle,8.25,8.84,192,https://ludopedia.com.br/jogo/fields-of-arle,fields-of-arle
Hitster,8.25,8.44,591,https://ludopedia.com.br/jogo/hitster,hitster
Descent: Journeys in the Dark (Second Edition),8.25,8.42,639,https://ludopedia.com.br/jogo/descent-journeys-in-the-dark-second-edition,descent-journeys-in-the-dark-second-edition
Dixit: Odyssey,8.25,8.29,2512,https://ludopedia.com.br/jogo/dixit-odyssey,dixit-odyssey
Marvel United: X-Men,8.25,8.39,764,https://ludopedia.com.br/jogo/marvel-united-x-men,marvel-united-x-men
Carcassonne,8.24,8.27,4833,https://ludopedia.com.br/jogo/carcassonne,carcassonne
Cyclades,8.24,8.32,1542,https://ludopedia.com.br/jogo/cyclades,cyclades
The Elder Scrolls: Betrayal of the Second Era,8.24,9.6,82,https://ludopedia.com.br/jogo/the-elder-scrolls-betrayal-of-the-second-era,the-elder-scrolls-betrayal-of-the-second-era
The Godfather: Império Corleone,8.24,8.39,745,https://ludopedia.com.br/jogo/the-godfather-corleone-s-empire,the-godfather-corleone-s-empire
Inferno,8.24,8.76,212,https://ludopedia.com.br/jogo/inferno,inferno
Vinhos: Deluxe Edition,8.24,8.67,256,https://ludopedia.com.br/jogo/vinhos-deluxe-edition,vinhos-deluxe-edition
Zombicide: Green Horde,8.23,8.41,611,https://ludopedia.com.br/jogo/zombicide-green-horde,zombicide-green-horde
Takenoko,8.23,8.27,3138,https://ludopedia.com.br/jogo/takenoko,takenoko
Aeon's End,8.23,8.6,301,https://ludopedia.com.br/jogo/aeon-s-end,aeon-s-end
Invasores do Mar do Norte,8.23,8.36,848,https://ludopedia.com.br/jogo/raiders-of-the-north-sea,raiders-of-the-north-sea
Sagrada,8.23,8.28,1981,https://ludopedia.com.br/jogo/sagrada,sagrada
ISS Vanguard,8.23,9.12,125,https://ludopedia.com.br/jogo/iss-vanguard,iss-vanguard
Hive Pocket,8.23,8.38,715,https://ludopedia.com.br/jogo/hive-pocket,hive-pocket
This War of Mine: The Board Game,8.23,8.43,560,https://ludopedia.com.br/jogo/this-war-of-mine-the-board-game,this-war-of-mine-the-board-game
Arcs: Conflito e Colapso no Vértice,8.22,8.52,375,https://ludopedia.com.br/jogo/arcs,arcs
Western Legends,8.22,8.41,587,https://ludopedia.com.br/jogo/western-legends,western-legends
Código Secreto,8.22,8.26,2533,https://ludopedia.com.br/jogo/codenames-codinames,codenames-codinames
Brass,8.22,8.73,219,https://ludopedia.com.br/jogo/brass,brass
O Bom do Videogame,8.22,8.63,267,https://ludopedia.com.br/jogo/video-game-champion,video-game-champion
Le Havre,8.22,8.35,813,https://ludopedia.com.br/jogo/le-havre,le-havre
A Guerra dos Tronos: Board Game,8.21,8.25,2801,https://ludopedia.com.br/jogo/a-game-of-thrones-the-board-game-second-edition,a-game-of-thrones-the-board-game-second-edition
Marvel Zombies: X-Men Resistance,8.21,9.02,135,https://ludopedia.com.br/jogo/marvel-zombies-x-men-resistance,marvel-zombies-x-men-resistance
Dixit,8.21,8.23,4391,https://ludopedia.com.br/jogo/dixit,dixit
Endeavor: Age of Sail,8.2,8.48,405,https://ludopedia.com.br/jogo/endeavor-age-of-sail,endeavor-age-of-sail
Wandering Towers,8.2,8.41,530,https://ludopedia.com.br/jogo/wandering-towers,wandering-towers
Catan: O Jogo,8.2,8.22,5407,https://ludopedia.com.br/jogo/catan-the-settlers-of-catan,catan-the-settlers-of-catan
Unmatched: Becos e Brumas,8.2,8.74,205,https://ludopedia.com.br/jogo/unmatched-cobble-fog,unmatched-cobble-fog
Star Wars: The Deckbuilding Game,8.2,8.48,394,https://ludopedia.com.br/jogo/star-wars-the-deckbuilding-game,star-wars-the-deckbuilding-game
Pandemic: O Reino de Cthulhu,8.2,8.31,987,https://ludopedia.com.br/jogo/pandemic-reign-of-cthulhu,pandemic-reign-of-cthulhu
Rococo,8.2,8.56,305,https://ludopedia.com.br/jogo/rococo,rococo
Keyflower,8.19,8.35,717,https://ludopedia.com.br/jogo/keyflower,keyflower
Blood Rage,8.19,8.24,1997,https://ludopedia.com.br/jogo/blood-rage,blood-rage
Race for the Galaxy,8.19,8.25,1684,https://ludopedia.com.br/jogo/race-for-the-galaxy,race-for-the-galaxy
Dune: Guerra por Arrakis,8.19,9.11,119,https://ludopedia.com.br/jogo/dune-war-for-arrakis,dune-war-for-arrakis
Fate: Defensores de Grimheim,8.18,8.62,246,https://ludopedia.com.br/jogo/fate-defenders-of-grimheim,fate-defenders-of-grimheim
Luxor,8.18,8.29,978,https://ludopedia.com.br/jogo/luxor,luxor
Patchwork,8.18,8.23,1977,https://ludopedia.com.br/jogo/patchwork,patchwork
Bonfire,8.18,8.43,434,https://ludopedia.com.br/jogo/bonfire,bonfire
Kanban EV,8.18,9.03,127,https://ludopedia.com.br/jogo/kanban-ev,kanban-ev
O Senhor dos Anéis: Card Game,8.18,8.28,1028,https://ludopedia.com.br/jogo/the-lord-of-the-rings-the-card-game,the-lord-of-the-rings-the-card-game
Troyes,8.17,8.35,615,https://ludopedia.com.br/jogo/troyes,troyes
Magic: The Gathering,8.16,8.24,1375,https://ludopedia.com.br/jogo/magic-the-gathering,magic-the-gathering
Bomb Busters,8.16,8.55,278,https://ludopedia.com.br/jogo/bomb-busters,bomb-busters
Sword & Sorcery: Espíritos Imortais,8.16,8.48,331,https://ludopedia.com.br/jogo/sword-sorcery-immortal-souls,sword-sorcery-immortal-souls
Finspan,8.15,8.52,294,https://ludopedia.com.br/jogo/finspan,finspan
Robinson Crusoe: Edição de Colecionador,8.15,9.03,123,https://ludopedia.com.br/jogo/robinson-crusoe-collector-s-edition,robinson-crusoe-collector-s-edition
Kick-Ass: Board Game,8.15,8.33,591,https://ludopedia.com.br/jogo/kick-ass-the-board-game,kick-ass-the-board-game
El Grande,8.15,8.41,410,https://ludopedia.com.br/jogo/el-grande,el-grande
Unmatched: Battle of Legends - Volume 2,8.15,8.96,132,https://ludopedia.com.br/jogo/unmatched-battle-of-legends-volume-2,unmatched-battle-of-legends-volume-2
Turing Machine,8.14,8.42,390,https://ludopedia.com.br/jogo/turing-machine,turing-machine
Comic Hunters,8.14,8.28,803,https://ludopedia.com.br/jogo/comic-hunters,comic-hunters
Imperium: Clássicos,8.14,8.52,283,https://ludopedia.com.br/jogo/imperium-classics,imperium-classics
Zombicide: Invader,8.14,8.35,517,https://ludopedia.com.br/jogo/zombicide-invader,zombicide-invader
Ankh: Deuses do Egito,8.14,8.39,434,https://ludopedia.com.br/jogo/ankh-gods-of-egypt,ankh-gods-of-egypt
Kanban: Driver's Edition,8.14,8.42,380,https://ludopedia.com.br/jogo/kanban-driver-s-edition,kanban-driver-s-edition
Calico,8.14,8.3,667,https://ludopedia.com.br/jogo/calico,calico
Zombicide: Undead or Alive,8.14,8.65,207,https://ludopedia.com.br/jogo/zombicide-undead-or-alive,zombicide-undead-or-alive
Kemet: Blood and Sand,8.13,8.56,249,https://ludopedia.com.br/jogo/kemet-blood-and-sand,kemet-blood-and-sand
O Senhor dos Anéis: A Sociedade do Anel: O Jogo de Vaza,8.13,8.46,332,https://ludopedia.com.br/jogo/the-fellowship-of-the-ring-trick-taking-game,the-fellowship-of-the-ring-trick-taking-game
O Legado de Yu,8.13,8.88,143,https://ludopedia.com.br/jogo/legacy-of-yu,legacy-of-yu
Age of Steam: Deluxe Edition,8.13,8.64,209,https://ludopedia.com.br/jogo/age-of-steam-deluxe-edition,age-of-steam-deluxe-edition
Bitoku,8.13,8.51,276,https://ludopedia.com.br/jogo/bitoku,bitoku
Dominion,8.13,8.23,1020,https://ludopedia.com.br/jogo/dominion,dominion
Camel Up (2ª Edição),8.13,8.23,1002,https://ludopedia.com.br/jogo/camel-up-second-edition,camel-up-second-edition
Cidades Sombrias: Salem 1692,8.13,8.48,301,https://ludopedia.com.br/jogo/salem-1692,salem-1692
Geeks Vs Trolls,8.12,8.75,170,https://ludopedia.com.br/jogo/geeks-vs-trolls,geeks-vs-trolls
Dead of Winter: Um Jogo de Encruzilhadas,8.12,8.18,1771,https://ludopedia.com.br/jogo/dead-of-winter-a-crossroads-game,dead-of-winter-a-crossroads-game
Destinos,8.12,8.55,250,https://ludopedia.com.br/jogo/destinies,destinies
Kingdom Death: Monster,8.12,9.11,107,https://ludopedia.com.br/jogo/kingdom-death-monster,kingdom-death-monster
Pan Am,8.12,8.43,346,https://ludopedia.com.br/jogo/pan-am,pan-am
Terraforming Mars: Expedição Ares,8.12,8.32,514,https://ludopedia.com.br/jogo/terraforming-mars-ares-expedition,terraforming-mars-ares-expedition
Ascension: Edição de 10º Aniversário,8.12,8.49,286,https://ludopedia.com.br/jogo/ascension-10-year-anniversary-edition,ascension-10-year-anniversary-edition
Twilight Imperium: Third Edition,8.12,8.52,263,https://ludopedia.com.br/jogo/twilight-imperium-third-edition,twilight-imperium-third-edition
Tigris & Euphrates,8.12,8.24,824,https://ludopedia.com.br/jogo/tigris-euphrates,tigris-euphrates
Praga Caput Regni,8.11,8.54,248,https://ludopedia.com.br/jogo/praga-caput-regni,praga-caput-regni
Critter Kitchen,8.11,8.56,235,https://ludopedia.com.br/jogo/critter-kitchen,critter-kitchen
Quartz,8.11,8.15,2408,https://ludopedia.com.br/jogo/quartz,quartz
Dixit 2º Edição,8.11,8.25,730,https://ludopedia.com.br/jogo/dixit-second-edition,dixit-second-edition
Arquitetos do Reino Ocidental,8.11,8.23,818,https://ludopedia.com.br/jogo/architects-of-the-west-kingdom,architects-of-the-west-kingdom
Catan: Plus,8.1,8.74,164,https://ludopedia.com.br/jogo/catan-plus-catan-big-box,catan-plus-catan-big-box
Azul: Vitrais de Sintra,8.1,8.25,737,https://ludopedia.com.br/jogo/azul-stained-glass-of-sintra,azul-stained-glass-of-sintra
Northgard: Terras Desconhecidas,8.1,8.46,291,https://ludopedia.com.br/jogo/northgard-uncharted-lands,northgard-uncharted-lands
Mexica,8.1,8.23,783,https://ludopedia.com.br/jogo/mexica,mexica
Ticket to Ride: Trilhos e Velas,8.1,8.58,221,https://ludopedia.com.br/jogo/ticket-to-ride-rails-sails,ticket-to-ride-rails-sails
Telestrations,8.1,8.27,618,https://ludopedia.com.br/jogo/telestrations-passa-o-desenho,telestrations-passa-o-desenho
The Witcher: Old World,8.1,8.46,292,https://ludopedia.com.br/jogo/the-witcher-old-world,the-witcher-old-world
Bora Bora,8.1,8.43,316,https://ludopedia.com.br/jogo/bora-bora,bora-bora
Doggerland,8.1,8.7,174,https://ludopedia.com.br/jogo/doggerland,doggerland
Dead of Winter: A Noite Sem Fim,8.1,8.24,710,https://ludopedia.com.br/jogo/dead-of-winter-the-long-night,dead-of-winter-the-long-night
Castle Combo,8.09,8.31,483,https://ludopedia.com.br/jogo/castle-combo,castle-combo
Terra Nova,8.09,8.33,446,https://ludopedia.com.br/jogo/terra-nova,terra-nova
Survive: Fuga de Atlântida!,8.09,8.16,1507,https://ludopedia.com.br/jogo/survive-escape-from-atlantis,survive-escape-from-atlantis
Destemidos: Normandia,8.09,8.37,366,https://ludopedia.com.br/jogo/undaunted-normandy,undaunted-normandy
Kemet,8.09,8.21,833,https://ludopedia.com.br/jogo/kemet,kemet
Sea Salt & Paper,8.09,8.2,919,https://ludopedia.com.br/jogo/sea-salt-paper,sea-salt-paper
Verdant,8.09,8.27,580,https://ludopedia.com.br/jogo/verdant,verdant
Memoir ‘44,8.08,8.33,424,https://ludopedia.com.br/jogo/memoir-44,memoir-44
The Quest for El Dorado,8.08,8.27,558,https://ludopedia.com.br/jogo/the-quest-for-el-dorado,the-quest-for-el-dorado
Lords of Hellas,8.08,8.31,445,https://ludopedia.com.br/jogo/lords-of-hellas,lords-of-hellas
Schotten Totten,8.08,8.21,798,https://ludopedia.com.br/jogo/schotten-totten,schotten-totten
Flip 7,8.08,8.17,1083,https://ludopedia.com.br/jogo/flip-7,flip-7
Project L,8.08,8.25,610,https://ludopedia.com.br/jogo/project-l,project-l
Abstratus,8.08,8.26,549,https://ludopedia.com.br/jogo/abstratus,abstratus
Hansa Teutonica,8.07,8.36,354,https://ludopedia.com.br/jogo/hansa-teutonica,hansa-teutonica
Clash of Cultures,8.07,8.56,213,https://ludopedia.com.br/jogo/clash-of-cultures,clash-of-cultures
Carson City: Big Box,8.07,8.5,239,https://ludopedia.com.br/jogo/carson-city-big-box,carson-city-big-box
Lacrimosa,8.07,8.42,295,https://ludopedia.com.br/jogo/lacrimosa,lacrimosa
Bruxelles 1893,8.07,8.5,240,https://ludopedia.com.br/jogo/bruxelles-1893,bruxelles-1893
Conquistadores de Midgard,8.07,8.3,441,https://ludopedia.com.br/jogo/reavers-of-midgard,reavers-of-midgard
London: Second Edition,8.07,8.3,440,https://ludopedia.com.br/jogo/london-second-edition,london-second-edition
Android: Netrunner - Revised Edition,8.07,8.41,302,https://ludopedia.com.br/jogo/android-netrunner-revised-edition,android-netrunner-revised-edition
Marvel United,8.06,8.19,792,https://ludopedia.com.br/jogo/marvel-united,marvel-united
Star Wars: X-Wing Miniatures Game,8.06,8.17,975,https://ludopedia.com.br/jogo/star-wars-x-wing-miniatures-game,star-wars-x-wing-miniatures-game
Caylus,8.06,8.25,540,https://ludopedia.com.br/jogo/caylus,caylus
Dungeon Petz,8.06,8.29,453,https://ludopedia.com.br/jogo/dungeon-petz,dungeon-petz
Merchants & Marauders,8.06,8.19,798,https://ludopedia.com.br/jogo/merchants-marauders,merchants-marauders
Village: Big Box,8.06,8.6,191,https://ludopedia.com.br/jogo/village-big-box,village-big-box
Love Letter (2ª Edição),8.06,8.14,1269,https://ludopedia.com.br/jogo/love-letter-2019-edition,love-letter-2019-edition
Star Wars: The Clone Wars,8.05,8.42,278,https://ludopedia.com.br/jogo/star-wars-the-clone-wars,star-wars-the-clone-wars
Kingdomino,8.05,8.09,2747,https://ludopedia.com.br/jogo/kingdomino,kingdomino
Madeira,8.05,8.61,185,https://ludopedia.com.br/jogo/madeira,madeira
A Tripulação,8.05,8.18,780,https://ludopedia.com.br/jogo/the-crew-the-quest-for-planet-nine,the-crew-the-quest-for-planet-nine
Cartógrafos,8.05,8.13,1336,https://ludopedia.com.br/jogo/cartographers-a-roll-player-tale,cartographers-a-roll-player-tale
Ethnos,8.05,8.21,652,https://ludopedia.com.br/jogo/ethnos,ethnos
Pandemic Iberia,8.05,8.56,199,https://ludopedia.com.br/jogo/pandemic-iberia,pandemic-iberia
Imperium: Lendas,8.05,8.6,185,https://ludopedia.com.br/jogo/imperium-legends,imperium-legends
Yokohama,8.04,8.36,324,https://ludopedia.com.br/jogo/yokohama,yokohama
Em Busca do Planeta X,8.04,8.36,325,https://ludopedia.com.br/jogo/the-search-for-planet-x,the-search-for-planet-x
Cryptid,8.04,8.17,803,https://ludopedia.com.br/jogo/cryptid,cryptid
Railways of the World,8.04,8.47,236,https://ludopedia.com.br/jogo/railways-of-the-world,railways-of-the-world
Masmorra: Dungeons of Arcadia,8.04,8.3,393,https://ludopedia.com.br/jogo/masmorra-dungeons-of-arcadia,masmorra-dungeons-of-arcadia
The Resistance,8.04,8.07,3922,https://ludopedia.com.br/jogo/the-resistance,the-resistance
Tekhenu: Obelisco do Sol,8.04,8.34,333,https://ludopedia.com.br/jogo/tekhenu-obelisk-of-the-sun,tekhenu-obelisk-of-the-sun
Ticket to Ride: Países Nórdicos,8.04,8.36,313,https://ludopedia.com.br/jogo/ticket-to-ride-nordic-countries,ticket-to-ride-nordic-countries
Oh My Goods!,8.04,8.1,1659,https://ludopedia.com.br/jogo/oh-my-goods,oh-my-goods
Flamecraft,8.04,8.16,797,https://ludopedia.com.br/jogo/flamecraft,flamecraft
Francis Drake,8.04,8.34,332,https://ludopedia.com.br/jogo/francis-drake,francis-drake
Honey Buzz,8.03,8.27,425,https://ludopedia.com.br/jogo/honey-buzz,honey-buzz
Potion Explosion,8.03,8.08,2095,https://ludopedia.com.br/jogo/potion-explosion,potion-explosion
Secret Hitler,8.03,8.22,543,https://ludopedia.com.br/jogo/secret-hitler,secret-hitler
Hallertau,8.03,8.28,408,https://ludopedia.com.br/jogo/hallertau,hallertau
Santorini,8.03,8.09,1800,https://ludopedia.com.br/jogo/santorini,santorini
FlipToons,8.03,8.29,394,https://ludopedia.com.br/jogo/fliptoons,fliptoons
Onitama,8.03,8.16,756,https://ludopedia.com.br/jogo/onitama,onitama
Deception: Murder in Hong Kong,8.02,8.12,1030,https://ludopedia.com.br/jogo/deception-murder-in-hong-kong,deception-murder-in-hong-kong
Dorfromantik: The Board Game,8.02,8.38,280,https://ludopedia.com.br/jogo/dorfromantik-the-board-game,dorfromantik-the-board-game
Paleo,8.02,8.55,189,https://ludopedia.com.br/jogo/paleo,paleo
Gizmos,8.02,8.15,748,https://ludopedia.com.br/jogo/gizmos,gizmos
Thunder Road: Vendetta,8.02,8.43,244,https://ludopedia.com.br/jogo/thunder-road-vendetta,thunder-road-vendetta
Meadow,8.01,8.35,298,https://ludopedia.com.br/jogo/meadow,meadow
Azul Mini: Pavilhão de Verão,8.01,8.62,165,https://ludopedia.com.br/jogo/azul-summer-pavilion-mini,azul-summer-pavilion-mini
Marvel United: Spider-Geddon,8.01,8.73,141,https://ludopedia.com.br/jogo/marvel-united-spider-geddon,marvel-united-spider-geddon
Campeões de Midgard,8.01,8.31,334,https://ludopedia.com.br/jogo/champions-of-midgard,champions-of-midgard
CO2: Segunda Chance,8.01,8.29,364,https://ludopedia.com.br/jogo/co-second-chance,co-second-chance
Geekmon Capture,8.01,8.4,255,https://ludopedia.com.br/jogo/geekmon-capture,geekmon-capture
Tiletum,8.01,8.53,191,https://ludopedia.com.br/jogo/tiletum,tiletum
Unmatched: Robin Hood vs. Pé-Grande,8.01,8.78,130,https://ludopedia.com.br/jogo/unmatched-robin-hood-vs-bigfoot,unmatched-robin-hood-vs-bigfoot
Earth,8.0,8.24,428,https://ludopedia.com.br/jogo/earth,earth
King of Tokyo: Dark Edition,8.0,8.32,312,https://ludopedia.com.br/jogo/king-of-tokyo-dark-edition,king-of-tokyo-dark-edition
Dungeon Lords,8.0,8.38,268,https://ludopedia.com.br/jogo/dungeon-lords,dungeon-lords
Cyclades: Legendary,8.0,8.52,193,https://ludopedia.com.br/jogo/cyclades-legendary,cyclades-legendary
A Ilha dos Gatos,8.0,8.24,410,https://ludopedia.com.br/jogo/the-isle-of-cats,the-isle-of-cats
Só Uma,8.0,8.14,732,https://ludopedia.com.br/jogo/just-one,just-one
As Tabernas do Vale Profundo,8.0,8.24,420,https://ludopedia.com.br/jogo/the-taverns-of-tiefenthal,the-taverns-of-tiefenthal
Exploding Kittens: Para a Galera,8.0,8.13,775,https://ludopedia.com.br/jogo/exploding-kittens-party-pack,exploding-kittens-party-pack
Fantasy Realms,8.0,8.08,1114,https://ludopedia.com.br/jogo/fantasy-realms,fantasy-realms
Drag Slay,7.99,8.85,117,https://ludopedia.com.br/jogo/drag-slay,drag-slay
Merlin,7.99,8.23,423,https://ludopedia.com.br/jogo/merlin,merlin
Unmatched Aventuras: Contos Fantásticos,7.99,9.09,91,https://ludopedia.com.br/jogo/unmatched-adventures-tales-to-amaze,unmatched-adventures-tales-to-amaze
The Resistance: Avalon,7.99,8.16,606,https://ludopedia.com.br/jogo/the-resistance-avalon,the-resistance-avalon
The LOOP,7.99,8.45,216,https://ludopedia.com.br/jogo/the-loop,the-loop
Invasores de Cítia,7.99,8.35,270,https://ludopedia.com.br/jogo/raiders-of-scythia,raiders-of-scythia
Coimbra,7.98,8.12,707,https://ludopedia.com.br/jogo/coimbra,coimbra
Ierusalem: Anno Domini,7.98,8.5,191,https://ludopedia.com.br/jogo/ierusalem-anno-domini,ierusalem-anno-domini
HeroQuest,7.98,8.15,576,https://ludopedia.com.br/jogo/heroquest,heroquest
Broom Service,7.98,8.11,747,https://ludopedia.com.br/jogo/broom-service,broom-service
Star Realms,7.98,8.1,861,https://ludopedia.com.br/jogo/star-realms,star-realms
Os Desejos do Sultão,7.98,8.56,171,https://ludopedia.com.br/jogo/os-desejos-do-sultao,os-desejos-do-sultao
Duelo de Reinos,7.98,9.37,71,https://ludopedia.com.br/jogo/duelo-de-reinos,duelo-de-reinos
Imperial 2030,7.98,8.22,406,https://ludopedia.com.br/jogo/imperial-2030,imperial-2030
Coup,7.97,7.99,6643,https://ludopedia.com.br/jogo/coup,coup
Massive Darkness 2: Hellscape,7.97,8.62,153,https://ludopedia.com.br/jogo/massive-darkness-2-hellscape,massive-darkness-2-hellscape
Splendor: Pokémon,7.97,8.55,172,https://ludopedia.com.br/jogo/splendor-pokemon,splendor-pokemon
Courtisans,7.97,8.31,289,https://ludopedia.com.br/jogo/courtisans,courtisans
Arena: The Contest,7.97,8.43,215,https://ludopedia.com.br/jogo/arena-the-contest,arena-the-contest
Spicy,7.97,8.18,466,https://ludopedia.com.br/jogo/spicy,spicy
Citadels (2ª Edição),7.97,8.13,610,https://ludopedia.com.br/jogo/citadels-2016-edition,citadels-2016-edition
Mansions of Madness,7.97,8.26,335,https://ludopedia.com.br/jogo/mansions-of-madness,mansions-of-madness
Valeria: Card Kingdoms,7.97,8.19,452,https://ludopedia.com.br/jogo/valeria-card-kingdoms,valeria-card-kingdoms
Yokohama: Segunda Edição,7.97,8.72,130,https://ludopedia.com.br/jogo/yokohama-second-edition,yokohama-second-edition
Insondável,7.97,8.33,272,https://ludopedia.com.br/jogo/unfathomable,unfathomable
Mille Fiori,7.97,8.31,285,https://ludopedia.com.br/jogo/mille-fiori,mille-fiori
Century: Rota das Especiarias,7.96,8.1,718,https://ludopedia.com.br/jogo/century-spice-road,century-spice-road
Tutan Tumba,7.96,8.38,236,https://ludopedia.com.br/jogo/tutan-tumba,tutan-tumba
Parks (2ª Edição),7.96,8.44,206,https://ludopedia.com.br/jogo/parks-second-edition,parks-second-edition
Velociraptores,7.96,9.25,76,https://ludopedia.com.br/jogo/velociraptores,velociraptores
Empires: Age of Discovery,7.96,8.52,176,https://ludopedia.com.br/jogo/empires-age-of-discovery,empires-age-of-discovery
Monstros & Tesouros,7.96,8.74,126,https://ludopedia.com.br/jogo/monstros-tesouros,monstros-tesouros
Pega em 6!,7.96,8.01,2027,https://ludopedia.com.br/jogo/6-nimmt-25-jahre,6-nimmt-25-jahre
Cat in the Box: Um Jogo de Vazas Quântico,7.96,8.16,481,https://ludopedia.com.br/jogo/cat-in-the-box-deluxe-edition,cat-in-the-box-deluxe-edition
Terra Mystica: Big Box 2022,7.96,9.34,71,https://ludopedia.com.br/jogo/terra-mystica-big-box-2022,terra-mystica-big-box-2022
Euphoria: Construindo uma Melhor Distopia,7.96,8.06,987,https://ludopedia.com.br/jogo/euphoria-build-a-better-dystopia,euphoria-build-a-better-dystopia
Jogando com Lovecraft,7.96,9.03,91,https://ludopedia.com.br/jogo/jogando-com-lovecraft,jogando-com-lovecraft
Coffee Rush,7.96,8.09,738,https://ludopedia.com.br/jogo/coffee-rush,coffee-rush
Tapestry,7.95,8.11,609,https://ludopedia.com.br/jogo/tapestry,tapestry
Backstabbers,7.95,8.79,117,https://ludopedia.com.br/jogo/backstabbers,backstabbers
Alien Frontiers,7.95,8.18,426,https://ludopedia.com.br/jogo/alien-frontiers,alien-frontiers
Grasse (2ª Edição),7.95,8.57,158,https://ludopedia.com.br/jogo/grasse-2-edicao,grasse-2-edicao
Suburbia,7.95,8.1,668,https://ludopedia.com.br/jogo/suburbia,suburbia
Bärenpark,7.95,8.02,1369,https://ludopedia.com.br/jogo/barenpark,barenpark
The Grizzled: Armistício,7.95,8.3,283,https://ludopedia.com.br/jogo/the-grizzled-armistice-edition,the-grizzled-armistice-edition
7 Wonders: Arquitetos,7.95,8.06,850,https://ludopedia.com.br/jogo/7-wonders-architects,7-wonders-architects
Decrypto,7.95,8.13,525,https://ludopedia.com.br/jogo/decrypto,decrypto
Viscondes do Reino Ocidental,7.95,8.28,296,https://ludopedia.com.br/jogo/viscounts-of-the-west-kingdom,viscounts-of-the-west-kingdom
Oltréé,7.94,8.39,218,https://ludopedia.com.br/jogo/oltree,oltree
It's a Wonderful World,7.94,8.1,632,https://ludopedia.com.br/jogo/it-s-a-wonderful-world,it-s-a-wonderful-world
Triora: Cidade das Bruxas,7.94,8.33,249,https://ludopedia.com.br/jogo/triora-cidade-das-bruxas,triora-cidade-das-bruxas
Tiny Epic Galaxies,7.94,8.04,924,https://ludopedia.com.br/jogo/tiny-epic-galaxies,tiny-epic-galaxies
Unmatched: Battle of Legends - Volume 1,7.94,8.27,297,https://ludopedia.com.br/jogo/unmatched-battle-of-legends-volume-1,unmatched-battle-of-legends-volume-1
Imperial Settlers: A Ascensão de um Império,7.94,8.04,991,https://ludopedia.com.br/jogo/imperial-settlers,imperial-settlers
Zombicide,7.94,7.97,3196,https://ludopedia.com.br/jogo/zombicide,zombicide
Res Arcana,7.94,8.1,595,https://ludopedia.com.br/jogo/res-arcana,res-arcana
Alhambra: Edição Revisada,7.93,8.32,253,https://ludopedia.com.br/jogo/alhambra-designers-edition-alhambra-revised-edition,alhambra-designers-edition-alhambra-revised-edition
Tokaido: Edição de Luxo,7.93,8.43,196,https://ludopedia.com.br/jogo/tokaido-deluxe-edition,tokaido-deluxe-edition
Águas Rasas,7.93,8.54,160,https://ludopedia.com.br/jogo/shallow-sea,shallow-sea
Isle of Skye: De Líder a Rei,7.93,8.01,1189,https://ludopedia.com.br/jogo/isle-of-skye-from-chieftain-to-king,isle-of-skye-from-chieftain-to-king
Detective: O Jogo da Investigação Moderna,7.93,8.3,259,https://ludopedia.com.br/jogo/detective-a-modern-crime-boardgame,detective-a-modern-crime-boardgame
Kingdomino Origins,7.93,8.26,291,https://ludopedia.com.br/jogo/kingdomino-origins,kingdomino-origins
Barcelona,7.93,8.38,211,https://ludopedia.com.br/jogo/barcelona,barcelona
A Batalha dos Cinco Exércitos,7.93,8.26,289,https://ludopedia.com.br/jogo/the-battle-of-five-armies,the-battle-of-five-armies
Planeta Desconhecido,7.93,8.28,272,https://ludopedia.com.br/jogo/planet-unknown,planet-unknown
Horrified,7.93,8.5,167,https://ludopedia.com.br/jogo/horrified,horrified
When I Dream,7.93,8.06,697,https://ludopedia.com.br/jogo/when-i-dream,when-i-dream
Ascension: O Retorno do Caído,7.92,8.26,289,https://ludopedia.com.br/jogo/ascension-return-of-the-fallen,ascension-return-of-the-fallen
Zombicide 3ª Temporada: Rue Morgue,7.92,8.04,857,https://ludopedia.com.br/jogo/zombicide-season-3-rue-morgue,zombicide-season-3-rue-morgue
KLASK,7.92,8.16,404,https://ludopedia.com.br/jogo/klask,klask
Harry Potter: A Batalha de Hogwarts,7.92,8.24,301,https://ludopedia.com.br/jogo/harry-potter-hogwarts-battle,harry-potter-hogwarts-battle
Marvel Zombies,7.92,8.58,145,https://ludopedia.com.br/jogo/marvel-zombies-a-zombicide-game,marvel-zombies-a-zombicide-game
Ascension: Deckbuilding Game,7.92,8.04,773,https://ludopedia.com.br/jogo/ascension-deckbuilding-game,ascension-deckbuilding-game
Grasse - Mestres Perfumistas,7.92,8.19,348,https://ludopedia.com.br/jogo/grasse,grasse
Código Secreto: Imagens,7.91,8.05,687,https://ludopedia.com.br/jogo/codenames-pictures,codenames-pictures
Tiny Epic Dinosaurs,7.91,8.14,428,https://ludopedia.com.br/jogo/tiny-epic-dinosaurs,tiny-epic-dinosaurs
Esdras e Neemias,7.91,8.68,125,https://ludopedia.com.br/jogo/ezra-and-nehemiah,ezra-and-nehemiah
Gloomhaven: Botões & Bichinhos,7.91,8.48,169,https://ludopedia.com.br/jogo/gloomhaven-buttons-bugs,gloomhaven-buttons-bugs
Newton,7.91,8.1,498,https://ludopedia.com.br/jogo/newton,newton
Alhambra,7.91,7.98,1263,https://ludopedia.com.br/jogo/alhambra,alhambra
Bohnanza: Por um Punhado de Feijões!,7.9,7.97,1512,https://ludopedia.com.br/jogo/bohnanza,bohnanza
Expeditions,7.9,8.34,216,https://ludopedia.com.br/jogo/expeditions,expeditions
Dixit: Disney,7.9,8.07,573,https://ludopedia.com.br/jogo/dixit-disney-edition,dixit-disney-edition
Telestrations: Na Madruga,7.9,8.32,226,https://ludopedia.com.br/jogo/telestrations-after-dark,telestrations-after-dark
Marceneiros,7.9,8.31,235,https://ludopedia.com.br/jogo/woodcraft,woodcraft
Queendomino,7.9,8.03,711,https://ludopedia.com.br/jogo/queendomino,queendomino
Oath: Crônicas de Império e Exílio,7.9,8.45,171,https://ludopedia.com.br/jogo/oath-chronicles-of-empire-and-exile,oath-chronicles-of-empire-and-exile
Fresco,7.9,8.16,361,https://ludopedia.com.br/jogo/fresco,fresco
Sushi Go: Party!,7.9,8.06,574,https://ludopedia.com.br/jogo/sushi-go-party,sushi-go-party
Rock'n Roll Manager,7.89,8.01,800,https://ludopedia.com.br/jogo/rock-n-roll-manager,rock-n-roll-manager
Santa Maria,7.89,8.08,518,https://ludopedia.com.br/jogo/santa-maria,santa-maria
Imhotep,7.89,8.1,446,https://ludopedia.com.br/jogo/imhotep,imhotep
Encantados (3ª Edição),7.89,8.29,235,https://ludopedia.com.br/jogo/encantados-3-edicao,encantados-3-edicao
Fungi,7.89,7.98,1051,https://ludopedia.com.br/jogo/fungi-morels,fungi-morels
Dead by Daylight: The Board Game,7.89,8.38,192,https://ludopedia.com.br/jogo/dead-by-daylight-the-board-game,dead-by-daylight-the-board-game
Rebirth,7.89,8.42,178,https://ludopedia.com.br/jogo/rebirth,rebirth
Nevasca,7.89,8.71,115,https://ludopedia.com.br/jogo/nevasca,nevasca
A Tripulação: Missão no Fundo do Mar,7.89,8.44,171,https://ludopedia.com.br/jogo/the-crew-mission-deep-sea,the-crew-mission-deep-sea
Pandemic Legacy: 2ª Temporada,7.89,8.5,155,https://ludopedia.com.br/jogo/pandemic-legacy-season-2,pandemic-legacy-season-2
Oikos,7.89,8.6,132,https://ludopedia.com.br/jogo/oikos,oikos
Unmatched: Chapeuzinho Vermelho vs. Beowulf,7.89,8.57,137,https://ludopedia.com.br/jogo/unmatched-little-red-riding-hood-vs-beowulf,unmatched-little-red-riding-hood-vs-beowulf
Runewars,7.88,8.38,191,https://ludopedia.com.br/jogo/runewars,runewars
Skymines,7.88,8.38,190,https://ludopedia.com.br/jogo/skymines,skymines
Pandemic Legacy: Season 0,7.88,8.54,143,https://ludopedia.com.br/jogo/pandemic-legacy-season-0,pandemic-legacy-season-0
Unmatched: Houdini vs. O Gênio,7.88,9.02,82,https://ludopedia.com.br/jogo/unmatched-houdini-vs-the-genie,unmatched-houdini-vs-the-genie
Ethnos (2ª Edição),7.88,8.5,152,https://ludopedia.com.br/jogo/ethnos-2nd-edition,ethnos-2nd-edition
Piratas! (3ª Edição),7.88,8.0,797,https://ludopedia.com.br/jogo/piratas-3-edicao,piratas-3-edicao
Nippon,7.88,8.49,154,https://ludopedia.com.br/jogo/nippon,nippon
T.I.M.E. Stories,7.88,8.35,197,https://ludopedia.com.br/jogo/t-i-m-e-stories,t-i-m-e-stories
Fury of Dracula (3ª Edição),7.88,8.11,404,https://ludopedia.com.br/jogo/fury-of-dracula-third-fourth-edition,fury-of-dracula-third-fourth-edition
Intarsia,7.88,8.38,187,https://ludopedia.com.br/jogo/intarsia,intarsia
Ito,7.88,7.99,800,https://ludopedia.com.br/jogo/ito,ito
Cthulhu: Ecos de R'lyeh,7.87,9.41,61,https://ludopedia.com.br/jogo/cthulhu-ecos-de-r-lyeh,cthulhu-ecos-de-r-lyeh
Iki,7.87,8.17,318,https://ludopedia.com.br/jogo/iki,iki
Mice and Mystics,7.87,7.95,1222,https://ludopedia.com.br/jogo/mice-and-mystics,mice-and-mystics
Navegador,7.87,8.39,180,https://ludopedia.com.br/jogo/navegador,navegador
Nippon: Zaibatsu,7.87,9.08,77,https://ludopedia.com.br/jogo/nippon-zaibatsu,nippon-zaibatsu
Kingsburg (2ª Edição),7.87,8.06,485,https://ludopedia.com.br/jogo/kingsburg-second-edition,kingsburg-second-edition
Rewild: América do Sul,7.87,8.46,157,https://ludopedia.com.br/jogo/rewild-south-america,rewild-south-america
Gatos de Ulthar,7.87,9.18,71,https://ludopedia.com.br/jogo/gatos-de-ulthar,gatos-de-ulthar
Bunny Kingdom,7.87,8.1,392,https://ludopedia.com.br/jogo/bunny-kingdom,bunny-kingdom
Star Wars: X-Wing Miniatures Game – O Despertar da Força,7.86,8.18,291,https://ludopedia.com.br/jogo/star-wars-x-wing-miniatures-game-the-force-awakens-core-set,star-wars-x-wing-miniatures-game-the-force-awakens-core-set
Forbidden Stars,7.86,8.53,139,https://ludopedia.com.br/jogo/forbidden-stars,forbidden-stars
Altiplano,7.86,8.03,539,https://ludopedia.com.br/jogo/altiplano,altiplano
Feudum,7.86,8.25,240,https://ludopedia.com.br/jogo/feudum,feudum
Cartógrafos: Heróis,7.86,8.23,252,https://ludopedia.com.br/jogo/cartographers-heroes,cartographers-heroes
Sheriff of Nottingham (2ª Edição),7.86,8.07,448,https://ludopedia.com.br/jogo/sheriff-of-nottingham-2nd-edition,sheriff-of-nottingham-2nd-edition
Black Forest,7.86,8.55,134,https://ludopedia.com.br/jogo/black-forest,black-forest
Dungeons & Dragons: Wrath of Ashardalon Board Game,7.86,8.17,294,https://ludopedia.com.br/jogo/dungeons-dragons-wrath-of-ashardalon-board-game,dungeons-dragons-wrath-of-ashardalon-board-game
Noctiluca,7.86,8.05,470,https://ludopedia.com.br/jogo/noctiluca,noctiluca
Dominion: Intrigue,7.85,8.29,212,https://ludopedia.com.br/jogo/dominion-intrigue,dominion-intrigue
Ubongo,7.85,7.94,1032,https://ludopedia.com.br/jogo/ubongo,ubongo
Paper Dungeons: Um Jogo de Rabiscar Masmorras,7.85,8.04,490,https://ludopedia.com.br/jogo/paper-dungeons-a-dungeon-scrawler-game,paper-dungeons-a-dungeon-scrawler-game
Betrayal at House on the Hill,7.85,8.01,567,https://ludopedia.com.br/jogo/betrayal-at-house-on-the-hill,betrayal-at-house-on-the-hill
First Rat,7.85,8.18,274,https://ludopedia.com.br/jogo/first-rat,first-rat
Ticket to Ride: Alemanha,7.85,8.44,155,https://ludopedia.com.br/jogo/ticket-to-ride-germany,ticket-to-ride-germany
Entre Linhas,7.84,7.95,877,https://ludopedia.com.br/jogo/entre-linhas-cross-clues,entre-linhas-cross-clues
Marvel Zombies: Heroes' Resistance,7.84,8.67,112,https://ludopedia.com.br/jogo/marvel-zombies-heroes-resistance,marvel-zombies-heroes-resistance
Xia: Legends of a Drift System,7.84,8.56,128,https://ludopedia.com.br/jogo/xia-legends-of-a-drift-system,xia-legends-of-a-drift-system
Deep Regrets,7.84,8.33,187,https://ludopedia.com.br/jogo/deep-regrets,deep-regrets
Rá,7.84,8.02,521,https://ludopedia.com.br/jogo/ra,ra
Marrakech,7.84,7.99,613,https://ludopedia.com.br/jogo/marrakech-suleika,marrakech-suleika
Santa Kaos,7.84,8.35,181,https://ludopedia.com.br/jogo/santa-kaos,santa-kaos
Endless Winter: Paleoamericans,7.84,8.21,246,https://ludopedia.com.br/jogo/endless-winter-paleoamericans,endless-winter-paleoamericans
In the Year of the Dragon: 10th Anniversary,7.84,8.18,265,https://ludopedia.com.br/jogo/in-the-year-of-the-dragon-10th-anniversary,in-the-year-of-the-dragon-10th-anniversary
Formula D,7.84,8.0,560,https://ludopedia.com.br/jogo/formula-d,formula-d
The Manhattan Project,7.84,7.98,621,https://ludopedia.com.br/jogo/the-manhattan-project,the-manhattan-project
Estudiosos do Sul do Tigre,7.84,8.65,113,https://ludopedia.com.br/jogo/-scholars-of-the-south-tigris,-scholars-of-the-south-tigris
Everdell Farshore,7.83,8.43,154,https://ludopedia.com.br/jogo/everdell-farshore,everdell-farshore
Chicago 1875: City of the Big Shoulders,7.83,8.54,130,https://ludopedia.com.br/jogo/-chicago-1875-city-of-the-big-shoulders,-chicago-1875-city-of-the-big-shoulders
Lewis & Clark: A Expedição,7.83,8.03,467,https://ludopedia.com.br/jogo/lewis-clark-the-expedition,lewis-clark-the-expedition
The King is Dead (2nd Edition),7.83,8.19,258,https://ludopedia.com.br/jogo/the-king-is-dead-2nd-edition,the-king-is-dead-2nd-edition
Luna,7.83,8.03,457,https://ludopedia.com.br/jogo/luna,luna
Dice Throne: Season One ReRolled - Monge x Paladino,7.82,8.39,162,https://ludopedia.com.br/jogo/dice-throne-season-one-rerolled-monk-v-paladin,dice-throne-season-one-rerolled-monk-v-paladin
Colt Express,7.82,7.9,1134,https://ludopedia.com.br/jogo/colt-express,colt-express
World of Warcraft: Wrath of the Lich King,7.82,8.21,236,https://ludopedia.com.br/jogo/world-of-warcraft-wrath-of-the-lich-king,world-of-warcraft-wrath-of-the-lich-king
Terraforming Mars: o Jogo de Dados,7.82,8.15,280,https://ludopedia.com.br/jogo/terraforming-mars-the-dice-game,terraforming-mars-the-dice-game
Orloj: The Prague Astronomical Clock,7.82,8.93,82,https://ludopedia.com.br/jogo/orloj-the-prague-astronomical-clock,orloj-the-prague-astronomical-clock
Mysterium,7.82,7.87,1716,https://ludopedia.com.br/jogo/mysterium,mysterium
Kariba,7.82,7.88,1563,https://ludopedia.com.br/jogo/kariba,kariba
Reinos Oníricos de Lovecraft,7.82,9.64,50,https://ludopedia.com.br/jogo/reinos-oniricos-de-lovecraft,reinos-oniricos-de-lovecraft
Zombicide 2ª Temporada: Prison Outbreak,7.82,7.91,1022,https://ludopedia.com.br/jogo/zombicide-season-2-prison-outbreak,zombicide-season-2-prison-outbreak
Go,7.82,8.33,178,https://ludopedia.com.br/jogo/go,go
King of Tokyo: Monster Box,7.82,8.44,145,https://ludopedia.com.br/jogo/king-of-tokyo-monster-box,king-of-tokyo-monster-box
Hadara,7.82,8.07,364,https://ludopedia.com.br/jogo/hadara,hadara
Radlands,7.82,8.15,273,https://ludopedia.com.br/jogo/radlands,radlands
Golem,7.81,8.21,229,https://ludopedia.com.br/jogo/golem,golem
Stupor Mundi,7.81,8.5,132,https://ludopedia.com.br/jogo/stupor-mundi,stupor-mundi
Invocathlon,7.81,9.55,52,https://ludopedia.com.br/jogo/invocathlon,invocathlon
Gears of War: The Board Game,7.81,8.19,240,https://ludopedia.com.br/jogo/gears-of-war-the-board-game,gears-of-war-the-board-game
Kingdom Builder: Big Box (Segunda Edição),7.81,8.29,188,https://ludopedia.com.br/jogo/kingdom-builder-big-box-second-edition,kingdom-builder-big-box-second-edition
Dice Forge,7.81,7.92,797,https://ludopedia.com.br/jogo/dice-forge,dice-forge
Carnavalesco,7.81,8.19,238,https://ludopedia.com.br/jogo/carnavalesco,carnavalesco
Witchstone,7.81,8.14,272,https://ludopedia.com.br/jogo/witchstone,witchstone
Coffee Traders,7.81,8.65,108,https://ludopedia.com.br/jogo/coffee-traders,coffee-traders
Magical Athlete (I),7.81,8.25,203,https://ludopedia.com.br/jogo/magical-athlete-i,magical-athlete-i
Star Wars: Battle of Hoth,7.81,8.66,106,https://ludopedia.com.br/jogo/star-wars-battle-of-hoth,star-wars-battle-of-hoth
The Gang,7.81,8.21,226,https://ludopedia.com.br/jogo/the-gang,the-gang
Targi,7.81,8.2,229,https://ludopedia.com.br/jogo/targi,targi
Caylus 1303,7.81,8.1,312,https://ludopedia.com.br/jogo/caylus-1303,caylus-1303
Bloodborne: The Card Game,7.81,7.97,546,https://ludopedia.com.br/jogo/bloodborne-the-card-game,bloodborne-the-card-game
Clank! In! Space!: A Deck-Building Adventure,7.81,8.63,110,https://ludopedia.com.br/jogo/clank-in-space-a-deck-building-adventure,clank-in-space-a-deck-building-adventure
Cleopatra and the Society of Architects: Deluxe Edition,7.8,8.2,229,https://ludopedia.com.br/jogo/cleopatra-and-the-society-of-architects-deluxe-edition,cleopatra-and-the-society-of-architects-deluxe-edition
Seas of Strife,7.8,8.28,186,https://ludopedia.com.br/jogo/seas-of-strife,seas-of-strife
Santuário,7.8,8.58,115,https://ludopedia.com.br/jogo/sanctuary-i,sanctuary-i
Marvel United: Multiverse,7.8,8.86,85,https://ludopedia.com.br/jogo/marvel-united-multiverse,marvel-united-multiverse
Dice Throne: Season One ReRolled - Bárbaro x Elfa da Lua,7.8,8.32,174,https://ludopedia.com.br/jogo/dice-throne-season-one-rerolled-barbarian-v-moon-elf,dice-throne-season-one-rerolled-barbarian-v-moon-elf
Abyss,7.8,7.89,934,https://ludopedia.com.br/jogo/abyss,abyss
Dungeon Fighter (2ª Edição),7.79,8.24,201,https://ludopedia.com.br/jogo/dungeon-fighter-second-edition,dungeon-fighter-second-edition
Drag Slay - Edição Rupaul's DragCon Brasil 2026,7.79,9.37,57,https://ludopedia.com.br/jogo/drag-slay-edicao-rupaul-s-dragcon-brasil-2026,drag-slay-edicao-rupaul-s-dragcon-brasil-2026
Bruges,7.79,8.28,185,https://ludopedia.com.br/jogo/bruges,bruges
Heaven & Ale,7.79,8.23,207,https://ludopedia.com.br/jogo/heaven-ale,heaven-ale
Vast: As Cavernas de Cristal,7.79,8.12,276,https://ludopedia.com.br/jogo/vast-the-crystal-caverns,vast-the-crystal-caverns
Dominant Species: Marine,7.79,8.68,101,https://ludopedia.com.br/jogo/dominant-species-marine,dominant-species-marine
Conquistadores da Matemática,7.79,9.17,65,https://ludopedia.com.br/jogo/conquistadores-da-matematica,conquistadores-da-matematica
Flamme Rouge,7.79,7.93,627,https://ludopedia.com.br/jogo/flamme-rouge,flamme-rouge
As Lendas de Andor,7.79,7.9,841,https://ludopedia.com.br/jogo/legends-of-andor,legends-of-andor
Space Cantina,7.79,7.91,758,https://ludopedia.com.br/jogo/space-cantina,space-cantina
PARKS,7.79,8.18,227,https://ludopedia.com.br/jogo/parks,parks
Sentando a Pua,7.79,9.27,60,https://ludopedia.com.br/jogo/sentando-a-pua,sentando-a-pua
Antiquity,7.78,8.68,99,https://ludopedia.com.br/jogo/antiquity,antiquity
Star Wars: Legion,7.78,8.56,115,https://ludopedia.com.br/jogo/star-wars-legion,star-wars-legion
Battle for Rokugan,7.78,8.02,367,https://ludopedia.com.br/jogo/battle-for-rokugan,battle-for-rokugan
Coatl,7.78,7.98,441,https://ludopedia.com.br/jogo/coatl,coatl
Arte Moderna,7.78,7.89,772,https://ludopedia.com.br/jogo/modern-art,modern-art
Welcome To: Seu Lar Perfeito,7.78,7.94,557,https://ludopedia.com.br/jogo/welcome-to,welcome-to
Stella: Universo Dixit,7.78,8.02,370,https://ludopedia.com.br/jogo/stella-dixit-universe,stella-dixit-universe
Chaos in the Old World,7.78,8.15,240,https://ludopedia.com.br/jogo/chaos-in-the-old-world,chaos-in-the-old-world
Rallyman: GT,7.78,7.95,523,https://ludopedia.com.br/jogo/rallyman-gt,rallyman-gt
Kanagawa,7.78,7.93,562,https://ludopedia.com.br/jogo/kanagawa,kanagawa
Muralha de Adriano,7.78,8.33,159,https://ludopedia.com.br/jogo/hadrian-s-wall,hadrian-s-wall
Escape Plan,7.77,8.32,161,https://ludopedia.com.br/jogo/escape-plan,escape-plan
Indonesia,7.77,8.63,103,https://ludopedia.com.br/jogo/indonesia,indonesia
Evergreen,7.77,8.12,253,https://ludopedia.com.br/jogo/evergreen,evergreen
Fliptown,7.77,8.25,184,https://ludopedia.com.br/jogo/fliptown,fliptown
Cuzco,7.77,8.06,303,https://ludopedia.com.br/jogo/cuzco,cuzco
Saboteur,7.77,7.79,3383,https://ludopedia.com.br/jogo/saboteur,saboteur
Draftosaurus,7.77,7.86,976,https://ludopedia.com.br/jogo/draftosaurus,draftosaurus
Amerigo,7.77,8.41,138,https://ludopedia.com.br/jogo/amerigo,amerigo
Nova Luna,7.77,7.97,438,https://ludopedia.com.br/jogo/nova-luna,nova-luna
Sid Meier's Civilization: The Board Game,7.77,8.13,244,https://ludopedia.com.br/jogo/sid-meier-s-civilization-the-board-game,sid-meier-s-civilization-the-board-game
Maskmen,7.76,8.03,332,https://ludopedia.com.br/jogo/maskmen,maskmen
Citadels: Segunda Edição Revisada,7.76,8.27,173,https://ludopedia.com.br/jogo/citadels-revised-2nd-edition,citadels-revised-2nd-edition
Pulsar 2849,7.76,8.07,285,https://ludopedia.com.br/jogo/pulsar-2849,pulsar-2849
Summoner Wars (2ª Edição),7.76,8.37,144,https://ludopedia.com.br/jogo/summoner-wars-second-edition,summoner-wars-second-edition
Quadropolis,7.76,8.01,354,https://ludopedia.com.br/jogo/quadropolis,quadropolis
Through the Ages: A Story of Civilization,7.76,8.32,158,https://ludopedia.com.br/jogo/through-the-ages-a-story-of-civilization,through-the-ages-a-story-of-civilization
Hive,7.76,7.9,604,https://ludopedia.com.br/jogo/hive,hive
Dragon Castle,7.76,7.91,589,https://ludopedia.com.br/jogo/dragon-castle,dragon-castle
Lancaster,7.76,8.22,191,https://ludopedia.com.br/jogo/lancaster,lancaster
Amun-Re,7.76,7.96,432,https://ludopedia.com.br/jogo/amun-re,amun-re
Optimus,7.76,8.07,282,https://ludopedia.com.br/jogo/that-s-pretty-clever,that-s-pretty-clever
Bang! Dice Game,7.76,7.8,1969,https://ludopedia.com.br/jogo/bang-the-dice-game,bang-the-dice-game
Sexta-Feira,7.75,8.01,342,https://ludopedia.com.br/jogo/friday,friday
Puerto Rico: Limited Anniversary Edition,7.75,8.85,80,https://ludopedia.com.br/jogo/puerto-rico-limited-anniversary-edition,puerto-rico-limited-anniversary-edition
That's Not a Hat,7.75,7.95,443,https://ludopedia.com.br/jogo/that-s-not-a-hat,that-s-not-a-hat
Come Sail Away!,7.75,8.41,133,https://ludopedia.com.br/jogo/come-sail-away,come-sail-away
Vale dos Moinhos,7.75,8.32,153,https://ludopedia.com.br/jogo/windmill-valley,windmill-valley
Dungeons & Dragons: The Legend of Drizzt Board Game,7.75,8.11,243,https://ludopedia.com.br/jogo/dungeons-dragons-the-legend-of-drizzt-board-game,dungeons-dragons-the-legend-of-drizzt-board-game
Too Many Bones,7.75,8.88,77,https://ludopedia.com.br/jogo/too-many-bones,too-many-bones
Breaking Bad: The Board Game,7.75,8.15,219,https://ludopedia.com.br/jogo/breaking-bad-the-board-game,breaking-bad-the-board-game
Fromage,7.75,8.31,156,https://ludopedia.com.br/jogo/fromage,fromage
Viajantes do Sul do Tigre,7.74,8.23,180,https://ludopedia.com.br/jogo/wayfarers-of-the-south-tigris,wayfarers-of-the-south-tigris
The Few and Cursed,7.74,8.07,261,https://ludopedia.com.br/jogo/the-few-and-cursed,the-few-and-cursed
Camel Up,7.74,7.83,950,https://ludopedia.com.br/jogo/camel-up,camel-up
Sid Meier's Civilization: Um Novo Amanhecer,7.74,7.93,460,https://ludopedia.com.br/jogo/sid-meier-s-civilization-a-new-dawn,sid-meier-s-civilization-a-new-dawn
Nidavellir,7.74,7.96,386,https://ludopedia.com.br/jogo/nidavellir,nidavellir
Histórias de Pescador,7.74,8.1,241,https://ludopedia.com.br/jogo/historias-de-pescador,historias-de-pescador
Gnomopolis,7.73,7.95,392,https://ludopedia.com.br/jogo/gnomopolis,gnomopolis
Akropolis,7.73,8.05,271,https://ludopedia.com.br/jogo/akropolis,akropolis
O Último Dado,7.73,9.15,61,https://ludopedia.com.br/jogo/o-ultimo-dado,o-ultimo-dado
Race! Formula 90,7.73,8.66,93,https://ludopedia.com.br/jogo/race-formula-90,race-formula-90
Istanbul: Jogo de Dados,7.73,8.05,274,https://ludopedia.com.br/jogo/istanbul-the-dice-game,istanbul-the-dice-game
Victorian Masterminds,7.73,7.93,439,https://ludopedia.com.br/jogo/victorian-masterminds,victorian-masterminds
Feya's Swamp,7.73,8.71,88,https://ludopedia.com.br/jogo/feya-s-swamp,feya-s-swamp
Terracotta Army,7.73,8.21,179,https://ludopedia.com.br/jogo/terracotta-army,terracotta-army
Paris,7.73,7.94,406,https://ludopedia.com.br/jogo/paris,paris
Gùgōng,7.73,7.98,344,https://ludopedia.com.br/jogo/gug-ng,gug-ng
High Frontier 4 All,7.73,8.72,87,https://ludopedia.com.br/jogo/high-frontier-4-all,high-frontier-4-all
Innovation,7.73,7.91,482,https://ludopedia.com.br/jogo/innovation,innovation
Lords of Xidit,7.73,8.03,284,https://ludopedia.com.br/jogo/lords-of-xidit,lords-of-xidit
Camisa 12,7.73,8.1,229,https://ludopedia.com.br/jogo/camisa-12,camisa-12
U-BOOT: The Board Game,7.72,8.2,183,https://ludopedia.com.br/jogo/uboot-the-board-game,uboot-the-board-game
Brian Boru: Alto Rei da Irlanda,7.72,8.1,232,https://ludopedia.com.br/jogo/brian-boru-high-king-of-ireland,brian-boru-high-king-of-ireland
Capitão Sonar,7.72,7.92,430,https://ludopedia.com.br/jogo/captain-sonar,captain-sonar
Panamax,7.72,8.29,150,https://ludopedia.com.br/jogo/panamax,panamax
Above and Below,7.72,7.88,528,https://ludopedia.com.br/jogo/above-and-below,above-and-below
Piratas de Maracaibo,7.72,8.31,146,https://ludopedia.com.br/jogo/pirates-of-maracaibo,pirates-of-maracaibo
Summoner Wars: Master Set,7.72,7.82,851,https://ludopedia.com.br/jogo/summoner-wars-master-set,summoner-wars-master-set
Roll Player,7.72,7.91,440,https://ludopedia.com.br/jogo/roll-player,roll-player
Roll for the Galaxy,7.72,8.01,293,https://ludopedia.com.br/jogo/roll-for-the-galaxy,roll-for-the-galaxy
MLEM: Space Agency,7.72,7.9,465,https://ludopedia.com.br/jogo/mlem-space-agency,mlem-space-agency
Under Falling Skies,7.72,8.13,207,https://ludopedia.com.br/jogo/under-falling-skies,under-falling-skies
Small World,7.72,7.77,1475,https://ludopedia.com.br/jogo/small-world,small-world
Living Forest,7.71,8.03,268,https://ludopedia.com.br/jogo/living-forest,living-forest
Dungeon Lords: Happy Anniversary,7.71,8.86,74,https://ludopedia.com.br/jogo/dungeon-lords-happy-anniversary,dungeon-lords-happy-anniversary
Stuffed Fables,7.71,8.11,211,https://ludopedia.com.br/jogo/stuffed-fables,stuffed-fables
Era: Idade Medieval,7.71,7.95,354,https://ludopedia.com.br/jogo/era-medieval-age,era-medieval-age
Dracula vs Van Helsing,7.71,8.26,155,https://ludopedia.com.br/jogo/dracula-vs-van-helsing,dracula-vs-van-helsing
The Oracle of Delphi,7.71,8.16,189,https://ludopedia.com.br/jogo/the-oracle-of-delphi,the-oracle-of-delphi
3 Ring Circus,7.7,8.16,186,https://ludopedia.com.br/jogo/3-ring-circus,3-ring-circus
Café,7.7,7.94,365,https://ludopedia.com.br/jogo/cafe,cafe
John Company: Segunda Edição,7.7,8.45,114,https://ludopedia.com.br/jogo/john-company-second-edition,john-company-second-edition
Parade,7.7,7.83,671,https://ludopedia.com.br/jogo/parade,parade
Fotossíntese,7.7,7.8,890,https://ludopedia.com.br/jogo/photosynthesis,photosynthesis
Tulip Bubble,7.7,8.07,229,https://ludopedia.com.br/jogo/tulip-bubble,tulip-bubble
Sheriff of Nottingham,7.7,7.77,1178,https://ludopedia.com.br/jogo/sheriff-of-nottingham,sheriff-of-nottingham
Karuba,7.7,7.84,627,https://ludopedia.com.br/jogo/karuba,karuba
Sintonia,7.7,7.85,586,https://ludopedia.com.br/jogo/wavelength,wavelength
The Vale of Eternity,7.7,8.07,229,https://ludopedia.com.br/jogo/the-vale-of-eternity,the-vale-of-eternity
Magic Maze,7.7,7.78,1037,https://ludopedia.com.br/jogo/magic-maze,magic-maze
Tiny Epic Zombies,7.7,7.93,378,https://ludopedia.com.br/jogo/tiny-epic-zombies,tiny-epic-zombies
Blood on the Clocktower,7.7,8.82,76,https://ludopedia.com.br/jogo/blood-on-the-clocktower,blood-on-the-clocktower
Hellapagos: Big Box,7.7,8.1,212,https://ludopedia.com.br/jogo/hellapagos-big-box,hellapagos-big-box
Ticket to Ride: San Francisco,7.7,8.27,148,https://ludopedia.com.br/jogo/ticket-to-ride-san-francisco,ticket-to-ride-san-francisco
Lords of Ragnarok,7.7,8.5,106,https://ludopedia.com.br/jogo/lords-of-ragnarok,lords-of-ragnarok
Caverna: Cave vs Cave,7.7,7.88,448,https://ludopedia.com.br/jogo/caverna-cave-vs-cave,caverna-cave-vs-cave
Return to Dark Tower,7.7,8.86,73,https://ludopedia.com.br/jogo/return-to-dark-tower,return-to-dark-tower
Taco Gato Cabra Queijo Pizza,7.69,7.73,2506,https://ludopedia.com.br/jogo/taco-cat-goat-cheese-pizza,taco-cat-goat-cheese-pizza
Foundations of Rome,7.69,8.73,82,https://ludopedia.com.br/jogo/foundations-of-rome,foundations-of-rome
Chronicles of Drunagor: Age of Darkness,7.69,9.53,46,https://ludopedia.com.br/jogo/chronicles-of-drunagor-age-of-darkness,chronicles-of-drunagor-age-of-darkness
Watergate,7.69,8.09,213,https://ludopedia.com.br/jogo/watergate,watergate
Trickerion: Anniversary Edition,7.69,9.45,48,https://ludopedia.com.br/jogo/trickerion-anniversary-edition,trickerion-anniversary-edition
Sea Dragons,7.69,8.21,161,https://ludopedia.com.br/jogo/sea-dragons,sea-dragons
Nippon: Zaibatsu - Edição Imperial,7.69,9.25,54,https://ludopedia.com.br/jogo/nippon-zaibatsu-emperor-s-edition,nippon-zaibatsu-emperor-s-edition
Faraway,7.69,7.89,412,https://ludopedia.com.br/jogo/faraway,faraway
Jester,7.69,7.92,369,https://ludopedia.com.br/jogo/jester,jester
Herdeiros do Khan,7.69,7.98,287,https://ludopedia.com.br/jogo/herdeiros-do-khan,herdeiros-do-khan
Rummikub,7.69,7.77,1065,https://ludopedia.com.br/jogo/rummikub,rummikub
Destemidos: Norte da África,7.69,8.58,94,https://ludopedia.com.br/jogo/undaunted-north-africa,undaunted-north-africa
Arkham Horror (2005),7.68,7.91,369,https://ludopedia.com.br/jogo/-arkham-horror-2005,-arkham-horror-2005
Dobro: Pixar,7.68,7.92,351,https://ludopedia.com.br/jogo/dobro-pixar,dobro-pixar
Letters from Whitechapel,7.68,7.97,297,https://ludopedia.com.br/jogo/letters-from-whitechapel,letters-from-whitechapel
Sonhando com Alice,7.68,8.01,254,https://ludopedia.com.br/jogo/sonhando-com-alice,sonhando-com-alice
The 7th Continent,7.68,8.41,115,https://ludopedia.com.br/jogo/the-7th-continent,the-7th-continent
Carcassonne Big Box 7,7.68,9.13,58,https://ludopedia.com.br/jogo/carcassonne-big-box-7,carcassonne-big-box-7
Cthulhu Wars,7.68,8.36,124,https://ludopedia.com.br/jogo/cthulhu-wars,cthulhu-wars
Tribes of the Wind,7.68,8.03,243,https://ludopedia.com.br/jogo/tribes-of-the-wind,tribes-of-the-wind
Disney Villainous,7.68,8.02,250,https://ludopedia.com.br/jogo/disney-villainous,disney-villainous
Blackout: Hong Kong,7.68,7.89,406,https://ludopedia.com.br/jogo/blackout-hong-kong,blackout-hong-kong
Dobble,7.68,7.72,2260,https://ludopedia.com.br/jogo/dobble-spot-it,dobble-spot-it
Pergola,7.68,8.32,131,https://ludopedia.com.br/jogo/pergola,pergola
The Name of the Rose,7.68,8.23,152,https://ludopedia.com.br/jogo/the-name-of-the-rose,the-name-of-the-rose
Time's Up! Party,7.68,7.97,289,https://ludopedia.com.br/jogo/time-s-up-party,time-s-up-party
Marajoara,7.68,8.18,167,https://ludopedia.com.br/jogo/marajoara,marajoara
Ratos de Wistar,7.68,8.36,123,https://ludopedia.com.br/jogo/rats-of-wistar,rats-of-wistar
Hero Realms,7.68,8.18,166,https://ludopedia.com.br/jogo/hero-realms,hero-realms
Sherlock Holmes Consulting Detective: Os Assassinatos do Tâmisa & Outros Casos,7.68,8.3,135,https://ludopedia.com.br/jogo/sherlock-holmes-consulting-detective-the-thames-murders-other-cases,sherlock-holmes-consulting-detective-the-thames-murders-other-cases
Rock Hard: 1977,7.68,8.32,130,https://ludopedia.com.br/jogo/rock-hard-1977,rock-hard-1977
Fields of Green,7.68,7.87,438,https://ludopedia.com.br/jogo/fields-of-green,fields-of-green
O Dilema do Rei,7.67,8.32,129,https://ludopedia.com.br/jogo/the-king-s-dilemma,the-king-s-dilemma
Hellboy: The Board Game,7.67,8.03,237,https://ludopedia.com.br/jogo/hellboy-the-board-game,hellboy-the-board-game
The Castles of Tuscany,7.67,8.06,217,https://ludopedia.com.br/jogo/the-castles-of-tuscany,the-castles-of-tuscany
Messina 1347,7.67,8.18,165,https://ludopedia.com.br/jogo/messina-1347,messina-1347
Yamataï,7.67,8.14,177,https://ludopedia.com.br/jogo/yamatai,yamatai
Canvas,7.67,7.81,617,https://ludopedia.com.br/jogo/canvas,canvas
Mind MGMT: O “Jogo” de Espionagem Psíquica,7.67,8.16,171,https://ludopedia.com.br/jogo/mind-mgmt-the-psychic-espionage-game,mind-mgmt-the-psychic-espionage-game
Chronicles of Crime,7.67,7.88,392,https://ludopedia.com.br/jogo/chronicles-of-crime,chronicles-of-crime
Spyfall,7.67,7.75,1039,https://ludopedia.com.br/jogo/spyfall,spyfall
Castles of Mad King Ludwig,7.67,7.96,289,https://ludopedia.com.br/jogo/castles-of-mad-king-ludwig,castles-of-mad-king-ludwig
Steam,7.67,8.21,153,https://ludopedia.com.br/jogo/steam,steam
Quantum,7.67,8.09,199,https://ludopedia.com.br/jogo/quantum,quantum
Beyond the Sun,7.67,8.32,127,https://ludopedia.com.br/jogo/beyond-the-sun,beyond-the-sun
Hitster: Lado B,7.66,8.59,90,https://ludopedia.com.br/jogo/hitster-guilty-pleasures,hitster-guilty-pleasures
Crokinole,7.66,8.07,204,https://ludopedia.com.br/jogo/crokinole,crokinole
Marrakesh,7.66,8.44,107,https://ludopedia.com.br/jogo/marrakesh,marrakesh
Fireteam Zero,7.66,7.86,409,https://ludopedia.com.br/jogo/fireteam-zero,fireteam-zero
Mistborn: The Deckbuilding Game,7.66,8.42,109,https://ludopedia.com.br/jogo/mistborn-the-deckbuilding-game,mistborn-the-deckbuilding-game
Speakeasy,7.66,9.2,54,https://ludopedia.com.br/jogo/speakeasy,speakeasy
The Great Zimbabwe,7.66,8.37,117,https://ludopedia.com.br/jogo/the-great-zimbabwe,the-great-zimbabwe
San Juan (2ª Edição),7.66,7.85,440,https://ludopedia.com.br/jogo/san-juan-second-edition,san-juan-second-edition
Dead Man's Draw,7.66,7.77,734,https://ludopedia.com.br/jogo/dead-man-s-draw,dead-man-s-draw
Clank!: Legacy – Acquisitions Incorporated,7.65,8.95,64,https://ludopedia.com.br/jogo/clank-legacy-acquisitions-incorporated,clank-legacy-acquisitions-incorporated
Jamaica (Edição Revisada),7.65,7.77,707,https://ludopedia.com.br/jogo/jamaica-revised,jamaica-revised
Exploradores,7.65,7.79,598,https://ludopedia.com.br/jogo/lost-cities,lost-cities
Macao,7.65,8.25,139,https://ludopedia.com.br/jogo/macao,macao
Glory to Rome,7.65,8.1,184,https://ludopedia.com.br/jogo/glory-to-rome,glory-to-rome
Viticulture,7.65,7.92,309,https://ludopedia.com.br/jogo/viticulture,viticulture
Scooby-Doo!: The Board Game,7.65,8.31,124,https://ludopedia.com.br/jogo/scooby-doo-the-board-game,scooby-doo-the-board-game
Sequence,7.65,7.92,302,https://ludopedia.com.br/jogo/sequence,sequence
Galaxy Trucker,7.65,7.8,530,https://ludopedia.com.br/jogo/galaxy-trucker,galaxy-trucker
Quix!,7.65,8.01,226,https://ludopedia.com.br/jogo/quix,quix
Kanban: Automotive Revolution,7.65,8.39,110,https://ludopedia.com.br/jogo/kanban-automotive-revolution,kanban-automotive-revolution
King of Tokyo,7.64,7.67,3018,https://ludopedia.com.br/jogo/king-of-tokyo,king-of-tokyo
Vampire: The Eternal Struggle,7.64,8.53,93,https://ludopedia.com.br/jogo/vampire-the-eternal-struggle,vampire-the-eternal-struggle
Samurai,7.64,7.99,235,https://ludopedia.com.br/jogo/samurai,samurai
Massive Darkness,7.64,8.0,232,https://ludopedia.com.br/jogo/massive-darkness,massive-darkness
The Grimm Forest,7.64,8.04,206,https://ludopedia.com.br/jogo/the-grimm-forest,the-grimm-forest
O Exterminador do Futuro: Gênesis,7.64,8.01,222,https://ludopedia.com.br/jogo/terminator-genisys-rise-of-the-resistance,terminator-genisys-rise-of-the-resistance
Tsukiji,7.64,7.89,328,https://ludopedia.com.br/jogo/tsukiji,tsukiji
Cuba,7.64,8.13,167,https://ludopedia.com.br/jogo/cuba,cuba
Ritos Ancestrais,7.64,8.43,104,https://ludopedia.com.br/jogo/ritos-ancestrais,ritos-ancestrais
Libertalia: Os Ventos de Galecrest,7.64,7.99,234,https://ludopedia.com.br/jogo/libertalia-winds-of-galecrest,libertalia-winds-of-galecrest
Tiny Towns,7.64,7.82,456,https://ludopedia.com.br/jogo/tiny-towns,tiny-towns
Código Secreto: Dueto,7.64,7.86,359,https://ludopedia.com.br/jogo/codenames-duet,codenames-duet
High Society,7.63,7.75,741,https://ludopedia.com.br/jogo/high-society,high-society
Exploding Kittens,7.63,7.68,1869,https://ludopedia.com.br/jogo/exploding-kittens,exploding-kittens
Encantados (2ª Edição),7.63,7.84,401,https://ludopedia.com.br/jogo/encantados-2-edicao,encantados-2-edicao
EXIT: O Jogo - A Cabana Abandonada,7.63,8.04,197,https://ludopedia.com.br/jogo/exit-the-game-the-abandoned-cabin,exit-the-game-the-abandoned-cabin
Sons of Anarchy: Men of Mayhem,7.63,7.96,249,https://ludopedia.com.br/jogo/sons-of-anarchy-men-of-mayhem,sons-of-anarchy-men-of-mayhem
Cangaço,7.63,7.94,263,https://ludopedia.com.br/jogo/cangaco,cangaco
For the Quest,7.63,7.9,297,https://ludopedia.com.br/jogo/for-the-quest,for-the-quest
A Game of Thrones: Catan - Brotherhood of the Watch,7.63,8.34,115,https://ludopedia.com.br/jogo/a-game-of-thrones-catan-brotherhood-of-the-watch,a-game-of-thrones-catan-brotherhood-of-the-watch
Back to the Future: Back in Time,7.63,8.19,144,https://ludopedia.com.br/jogo/back-to-the-future-back-in-time,back-to-the-future-back-in-time
Forbidden Desert,7.63,7.86,356,https://ludopedia.com.br/jogo/forbidden-desert,forbidden-desert
Thurn and Taxis,7.63,7.92,283,https://ludopedia.com.br/jogo/thurn-and-taxis,thurn-and-taxis
Hanamikoji,7.63,7.99,224,https://ludopedia.com.br/jogo/hanamikoji,hanamikoji
Concordia Venus,7.63,8.81,69,https://ludopedia.com.br/jogo/concordia-venus,concordia-venus
O Vale dos Monstros II - A Invasão da Cidade,7.63,8.46,98,https://ludopedia.com.br/jogo/o-vale-dos-monstros-ii-a-invasao-da-cidade,o-vale-dos-monstros-ii-a-invasao-da-cidade
Mascarade,7.63,7.79,487,https://ludopedia.com.br/jogo/mascarade,mascarade
Anachrony: Infinity Box,7.62,9.1,55,https://ludopedia.com.br/jogo/anachrony-infinity-box,anachrony-infinity-box
Spots,7.62,7.84,370,https://ludopedia.com.br/jogo/spots,spots
Mare Nostrum: Empires,7.62,8.15,154,https://ludopedia.com.br/jogo/mare-nostrum-empires,mare-nostrum-empires
Challengers,7.62,7.85,352,https://ludopedia.com.br/jogo/challengers,challengers
No Thanks!,7.62,7.69,1290,https://ludopedia.com.br/jogo/no-thanks,no-thanks
Chicago Express,7.62,8.05,190,https://ludopedia.com.br/jogo/chicago-express,chicago-express
Pipoca,7.62,8.43,100,https://ludopedia.com.br/jogo/pipoca,pipoca
Century: Maravilhas do Oriente,7.62,7.97,233,https://ludopedia.com.br/jogo/century-eastern-wonders,century-eastern-wonders
Hot Streak,7.62,8.13,158,https://ludopedia.com.br/jogo/hot-streak,hot-streak
Ishtar: Gardens of Babylon,7.62,7.91,282,https://ludopedia.com.br/jogo/ishtar-gardens-of-babylon,ishtar-gardens-of-babylon
Ascension: Chronicle of the Godslayer,7.62,8.03,195,https://ludopedia.com.br/jogo/ascension-chronicle-of-the-godslayer,ascension-chronicle-of-the-godslayer
Evenfall,7.62,8.19,143,https://ludopedia.com.br/jogo/evenfall,evenfall
Territórios,7.62,7.95,247,https://ludopedia.com.br/jogo/blokus,blokus
Ora et Labora,7.62,8.28,123,https://ludopedia.com.br/jogo/ora-et-labora,ora-et-labora
Pathfinder - O Jogo de Aventuras,7.62,7.77,520,https://ludopedia.com.br/jogo/pathfinder-adventure-card-game-rise-of-the-runelords-base-set,pathfinder-adventure-card-game-rise-of-the-runelords-base-set
AquaSphere,7.62,8.03,197,https://ludopedia.com.br/jogo/aquasphere,aquasphere
Auztralia,7.62,8.01,205,https://ludopedia.com.br/jogo/auztralia,auztralia
Dungeon Saga: A Busca do Rei Anão,7.62,7.94,252,https://ludopedia.com.br/jogo/dungeon-saga-a-busca-do-rei-anao,dungeon-saga-a-busca-do-rei-anao
Apiary,7.62,8.16,148,https://ludopedia.com.br/jogo/apiary,apiary
Trismegistus: The Ultimate Formula,7.62,8.47,95,https://ludopedia.com.br/jogo/trismegistus-the-ultimate-formula,trismegistus-the-ultimate-formula
Port Royal,7.62,7.7,959,https://ludopedia.com.br/jogo/port-royal,port-royal
Shadowrun: Crossfire,7.62,7.84,355,https://ludopedia.com.br/jogo/shadowrun-crossfire,shadowrun-crossfire
Acquire (2023 Edition),7.62,8.03,195,https://ludopedia.com.br/jogo/acquire-2023-edition,acquire-2023-edition
Unlock!: Aventuras Atemporais,7.61,8.33,113,https://ludopedia.com.br/jogo/unlock-timeless-adventures,unlock-timeless-adventures
Cooper Island,7.61,8.12,158,https://ludopedia.com.br/jogo/cooper-island,cooper-island
Finca: Second Edition,7.61,8.25,126,https://ludopedia.com.br/jogo/finca-second-edition,finca-second-edition
Room 25,7.61,7.76,536,https://ludopedia.com.br/jogo/room-25,room-25
Dewan,7.61,8.26,124,https://ludopedia.com.br/jogo/dewan,dewan
Shadows Over Camelot,7.61,7.86,323,https://ludopedia.com.br/jogo/shadows-over-camelot,shadows-over-camelot
Dungeons & Dragons: Castle Ravenloft Board Game,7.61,7.93,254,https://ludopedia.com.br/jogo/dungeons-dragons-castle-ravenloft-board-game,dungeons-dragons-castle-ravenloft-board-game
A Ilha do Tesouro,7.61,7.92,255,https://ludopedia.com.br/jogo/treasure-island,treasure-island
Airport Rush,7.61,8.03,188,https://ludopedia.com.br/jogo/airport-rush,airport-rush
Downforce,7.61,7.72,697,https://ludopedia.com.br/jogo/downforce,downforce
Fallout,7.61,7.79,436,https://ludopedia.com.br/jogo/fallout,fallout
Smartphone Inc.,7.61,8.24,126,https://ludopedia.com.br/jogo/smartphone-inc,smartphone-inc
Chaparral,7.6,7.91,263,https://ludopedia.com.br/jogo/chaparral,chaparral
Cthulhu E Os Segredos Arcanos,7.6,9.56,41,https://ludopedia.com.br/jogo/cthulhu-e-os-segredos-arcanos,cthulhu-e-os-segredos-arcanos
Galileo Galilei,7.6,8.38,104,https://ludopedia.com.br/jogo/galileo-galilei,galileo-galilei
Rummikub Twist,7.6,8.23,128,https://ludopedia.com.br/jogo/rummikub-twist,rummikub-twist
Night of the Living Dead: A Zombicide Game,7.6,8.41,99,https://ludopedia.com.br/jogo/night-of-the-living-dead-a-zombicide-game,night-of-the-living-dead-a-zombicide-game
Genial,7.6,7.79,422,https://ludopedia.com.br/jogo/ingenious,ingenious
Medici,7.6,7.79,425,https://ludopedia.com.br/jogo/medici,medici
Black Angel,7.6,8.0,200,https://ludopedia.com.br/jogo/black-angel,black-angel
Quacks: All-In Edition,7.6,8.85,64,https://ludopedia.com.br/jogo/quacks-all-in-edition,quacks-all-in-edition
Shogun,7.6,8.19,135,https://ludopedia.com.br/jogo/shogun,shogun
Tokaido,7.6,7.66,1319,https://ludopedia.com.br/jogo/tokaido,tokaido
Istanbul: Big Box,7.6,8.81,66,https://ludopedia.com.br/jogo/istanbul-big-box,istanbul-big-box
Legendary: A Marvel Deck Building Game,7.6,7.99,202,https://ludopedia.com.br/jogo/legendary-a-marvel-deck-building-game,legendary-a-marvel-deck-building-game
Ticket to Ride: New York,7.6,7.72,661,https://ludopedia.com.br/jogo/ticket-to-ride-new-york,ticket-to-ride-new-york
Sabika,7.59,8.24,124,https://ludopedia.com.br/jogo/sabika,sabika
Charterstone,7.59,7.83,338,https://ludopedia.com.br/jogo/charterstone,charterstone
Café da Tarde,7.59,9.18,50,https://ludopedia.com.br/jogo/cafe-da-tarde,cafe-da-tarde
Dungeon Command: Curse of Undeath,7.59,8.31,111,https://ludopedia.com.br/jogo/dungeon-command-curse-of-undeath,dungeon-command-curse-of-undeath
MicroMacro: A Cidade do Crime,7.59,7.79,399,https://ludopedia.com.br/jogo/micromacro-crime-city,micromacro-crime-city
Dead Men Tell No Tales,7.59,7.78,412,https://ludopedia.com.br/jogo/dead-men-tell-no-tales,dead-men-tell-no-tales
Citadels,7.59,7.64,1447,https://ludopedia.com.br/jogo/citadels,citadels
Carpe Diem,7.59,8.03,177,https://ludopedia.com.br/jogo/carpe-diem,carpe-diem
Dungeon Command: Blood of Gruumsh,7.59,8.36,103,https://ludopedia.com.br/jogo/dungeon-command-blood-of-gruumsh,dungeon-command-blood-of-gruumsh
CuBirds,7.59,7.73,543,https://ludopedia.com.br/jogo/cubirds,cubirds
Palm Island,7.58,7.73,556,https://ludopedia.com.br/jogo/palm-island,palm-island
3 Capítulos (I),7.58,8.15,140,https://ludopedia.com.br/jogo/3-chapters,3-chapters
Cosmos,7.58,7.88,269,https://ludopedia.com.br/jogo/cosmos,cosmos
A Guerra do Anel,7.58,8.4,97,https://ludopedia.com.br/jogo/war-of-the-ring-first-edition,war-of-the-ring-first-edition
Love Letter,7.58,7.64,1429,https://ludopedia.com.br/jogo/love-letter,love-letter
Tainted Grail: Monarcas da Ruína,7.58,9.67,38,https://ludopedia.com.br/jogo/tainted-grail-kings-of-ruin,tainted-grail-kings-of-ruin
Tortuga 2199,7.58,8.16,138,https://ludopedia.com.br/jogo/tortuga-2199,tortuga-2199
Abomination: The Heir of Frankenstein,7.58,8.29,111,https://ludopedia.com.br/jogo/abomination-the-heir-of-frankenstein,abomination-the-heir-of-frankenstein
Unmatched: Fundas e Flechas,7.58,8.86,62,https://ludopedia.com.br/jogo/unmatched-slings-and-arrows,unmatched-slings-and-arrows
Seven Galaxies,7.58,9.26,47,https://ludopedia.com.br/jogo/seven-galaxies,seven-galaxies
Conan,7.58,8.33,106,https://ludopedia.com.br/jogo/conan,conan
Waterdeep: A Masmorra do Mago Louco - Boardgame,7.58,8.0,190,https://ludopedia.com.br/jogo/dungeons-dragons-waterdeep-dungeon-of-the-mad-mage-board-game,dungeons-dragons-waterdeep-dungeon-of-the-mad-mage-board-game
Starcadia Quest,7.58,8.18,131,https://ludopedia.com.br/jogo/starcadia-quest,starcadia-quest
Os Reinos de Drunagor,7.58,7.98,198,https://ludopedia.com.br/jogo/os-reinos-de-drunagor,os-reinos-de-drunagor
Gwent: O jogo de cartas Lendário,7.58,8.3,109,https://ludopedia.com.br/jogo/gwent-the-legendary-card-game,gwent-the-legendary-card-game
Betrayal at House on the Hill: 3rd Edition,7.58,8.55,81,https://ludopedia.com.br/jogo/betrayal-at-house-on-the-hill-3rd-edition,betrayal-at-house-on-the-hill-3rd-edition
Torres,7.58,7.89,252,https://ludopedia.com.br/jogo/torres,torres
Micélio,7.58,8.13,142,https://ludopedia.com.br/jogo/mycelia,mycelia
Mariposas,7.58,7.79,375,https://ludopedia.com.br/jogo/mariposas,mariposas
Skytear,7.58,8.22,122,https://ludopedia.com.br/jogo/skytear,skytear
Barony,7.58,7.68,739,https://ludopedia.com.br/jogo/barony,barony
Toy Battle,7.58,8.31,108,https://ludopedia.com.br/jogo/toy-battle,toy-battle
Say My Name,7.58,8.03,175,https://ludopedia.com.br/jogo/say-my-name,say-my-name
Namiji,7.57,8.25,117,https://ludopedia.com.br/jogo/namiji,namiji
Sushi Go!,7.57,7.61,2134,https://ludopedia.com.br/jogo/sushi-go,sushi-go
O Albergue Sangrento,7.57,7.75,434,https://ludopedia.com.br/jogo/the-bloody-inn,the-bloody-inn
Lume,7.57,7.93,216,https://ludopedia.com.br/jogo/glow,glow
Ricardo Coração de Leão,7.57,7.82,317,https://ludopedia.com.br/jogo/richard-the-lionheart,richard-the-lionheart
Cry Havoc,7.57,7.81,319,https://ludopedia.com.br/jogo/cry-havoc,cry-havoc
Notre Dame,7.57,7.94,212,https://ludopedia.com.br/jogo/notre-dame,notre-dame
Reef,7.57,7.71,546,https://ludopedia.com.br/jogo/reef,reef
Xingu,7.57,8.2,124,https://ludopedia.com.br/jogo/xingu,xingu
Ghost Stories,7.57,7.92,225,https://ludopedia.com.br/jogo/ghost-stories,ghost-stories
Bloodborne: The Board Game,7.57,8.11,145,https://ludopedia.com.br/jogo/bloodborne-the-board-game,bloodborne-the-board-game
Pôquer,7.56,7.73,480,https://ludopedia.com.br/jogo/poker,poker
Quem Foi?,7.56,7.64,1011,https://ludopedia.com.br/jogo/who-did-it,who-did-it
Tiny Epic Pirates,7.56,7.82,298,https://ludopedia.com.br/jogo/tiny-epic-pirates,tiny-epic-pirates
Escape Tales: O Despertar,7.56,7.85,265,https://ludopedia.com.br/jogo/escape-tales-the-awakening,escape-tales-the-awakening
The Grizzled,7.56,7.8,327,https://ludopedia.com.br/jogo/the-grizzled,the-grizzled
Tammany Hall,7.56,8.15,131,https://ludopedia.com.br/jogo/tammany-hall,tammany-hall
De Vulgari Eloquentia: Deluxe Edition,7.56,8.26,111,https://ludopedia.com.br/jogo/de-vulgari-eloquentia-deluxe-edition,de-vulgari-eloquentia-deluxe-edition
O Cerco de Runedar,7.56,8.07,153,https://ludopedia.com.br/jogo/the-siege-of-runedar,the-siege-of-runedar
Elder Sign,7.56,7.61,1380,https://ludopedia.com.br/jogo/elder-sign,elder-sign
Stardew Valley: The Board Game,7.56,8.15,132,https://ludopedia.com.br/jogo/stardew-valley-the-board-game,stardew-valley-the-board-game
Don Capollo (Segunda Edição),7.56,8.22,118,https://ludopedia.com.br/jogo/don-capollo-2-edicao,don-capollo-2-edicao
Here to Slay,7.56,8.09,146,https://ludopedia.com.br/jogo/here-to-slay,here-to-slay
Gold West,7.56,7.85,266,https://ludopedia.com.br/jogo/gold-west,gold-west
Crusaders: Thy Will Be Done,7.56,8.08,148,https://ludopedia.com.br/jogo/crusaders-thy-will-be-done,crusaders-thy-will-be-done
Entre Linhas Superinteressante,7.55,8.01,172,https://ludopedia.com.br/jogo/entre-linhas-superinteressante,entre-linhas-superinteressante
Mythic Battles: Pantheon,7.55,8.85,60,https://ludopedia.com.br/jogo/mythic-battles-pantheon,mythic-battles-pantheon
Dez Pragas do Egito,7.55,9.21,47,https://ludopedia.com.br/jogo/dez-pragas-do-egito,dez-pragas-do-egito
Legendary Encounters: An Alien Deck Building Game,7.55,8.26,110,https://ludopedia.com.br/jogo/legendary-encounters-an-alien-deck-building-game,legendary-encounters-an-alien-deck-building-game
Agra,7.55,8.09,143,https://ludopedia.com.br/jogo/agra,agra
Tawantinsuyu: O Império Inca,7.55,7.9,222,https://ludopedia.com.br/jogo/tawantinsuyu-the-inca-empire,tawantinsuyu-the-inca-empire
Mar de Mentiras,7.55,8.19,121,https://ludopedia.com.br/jogo/mar-de-mentiras,mar-de-mentiras
In the Year of the Dragon,7.55,7.88,237,https://ludopedia.com.br/jogo/in-the-year-of-the-dragon,in-the-year-of-the-dragon
Segue o Fluxo,7.55,8.02,166,https://ludopedia.com.br/jogo/segue-o-fluxo,segue-o-fluxo
Kardnarök,7.54,8.12,134,https://ludopedia.com.br/jogo/kardnarok,kardnarok
Hanabi,7.54,7.58,1972,https://ludopedia.com.br/jogo/hanabi,hanabi
Whistle Stop,7.54,7.75,380,https://ludopedia.com.br/jogo/whistle-stop,whistle-stop
Khôra: Ascensão de um Império,7.54,7.96,185,https://ludopedia.com.br/jogo/khora-rise-of-an-empire,khora-rise-of-an-empire
Ratjack,7.54,7.89,219,https://ludopedia.com.br/jogo/ratjack,ratjack
Merv: The Heart of the Silk Road,7.54,8.18,120,https://ludopedia.com.br/jogo/merv-the-heart-of-the-silk-road,merv-the-heart-of-the-silk-road
Taco Gato Cabra Queijo Pizza: ao Contrário (Família Taco Gato),7.54,8.04,155,https://ludopedia.com.br/jogo/taco-cat-goat-cheese-pizza-on-the-flip-side,taco-cat-goat-cheese-pizza-on-the-flip-side
Corrida Maluca,7.54,7.73,407,https://ludopedia.com.br/jogo/wacky-races-the-board-game,wacky-races-the-board-game
Quartz: O Jogo de Cartas,7.54,7.7,487,https://ludopedia.com.br/jogo/quartz-o-jogo-de-cartas,quartz-o-jogo-de-cartas
Ticket to Ride: Londres,7.54,7.77,331,https://ludopedia.com.br/jogo/ticket-to-ride-london,ticket-to-ride-london
Airlines Europe,7.54,8.08,141,https://ludopedia.com.br/jogo/airlines-europe,airlines-europe
New York 1901,7.54,7.73,407,https://ludopedia.com.br/jogo/new-york-1901,new-york-1901
Porta Nigra,7.54,8.25,108,https://ludopedia.com.br/jogo/porta-nigra,porta-nigra
Àiyé,7.53,8.14,126,https://ludopedia.com.br/jogo/aiye,aiye
Kokeshi,7.53,8.15,125,https://ludopedia.com.br/jogo/kokeshi,kokeshi
Red7,7.53,7.59,1328,https://ludopedia.com.br/jogo/red7,red7
Fief: France 1429,7.53,8.09,137,https://ludopedia.com.br/jogo/fief-france-1429,fief-france-1429
Skull King,7.53,7.96,179,https://ludopedia.com.br/jogo/skull-king,skull-king
Azul Duel,7.53,7.96,181,https://ludopedia.com.br/jogo/azul-duel,azul-duel
Rumble Nation: Deluxe Edition,7.53,7.98,171,https://ludopedia.com.br/jogo/rumble-nation-deluxe-edition,rumble-nation-deluxe-edition
Discoveries: The Journals of Lewis & Clark,7.53,7.7,437,https://ludopedia.com.br/jogo/discoveries-the-journals-of-lewis-clark,discoveries-the-journals-of-lewis-clark
Dragon Quest,7.53,8.08,139,https://ludopedia.com.br/jogo/dragon-quest,dragon-quest
Fallout Shelter: The Board Game,7.53,7.9,203,https://ludopedia.com.br/jogo/fallout-shelter-the-board-game,fallout-shelter-the-board-game
Ricochet Robots,7.53,7.66,586,https://ludopedia.com.br/jogo/ricochet-robots,ricochet-robots
Tinco,7.53,7.63,756,https://ludopedia.com.br/jogo/tinco,tinco
LHAMA,7.52,7.62,829,https://ludopedia.com.br/jogo/-l-l-a-m-a,-l-l-a-m-a
King of New York,7.52,7.68,484,https://ludopedia.com.br/jogo/king-of-new-york,king-of-new-york
Red Rising,7.52,7.74,344,https://ludopedia.com.br/jogo/red-rising,red-rising
Kingdom Builder,7.52,7.66,534,https://ludopedia.com.br/jogo/kingdom-builder,kingdom-builder
Men-Nefer,7.52,8.67,66,https://ludopedia.com.br/jogo/men-nefer,men-nefer
Futboard,7.52,7.82,251,https://ludopedia.com.br/jogo/futboard,futboard
Kraftwagen,7.52,8.09,132,https://ludopedia.com.br/jogo/kraftwagen,kraftwagen
Inis,7.52,8.03,148,https://ludopedia.com.br/jogo/inis,inis
Dobro,7.52,7.6,897,https://ludopedia.com.br/jogo/dobro,dobro
Seasons,7.52,7.77,305,https://ludopedia.com.br/jogo/seasons,seasons
Little Town,7.52,7.82,249,https://ludopedia.com.br/jogo/little-town,little-town
Zenkai: Adventure,7.52,8.65,67,https://ludopedia.com.br/jogo/zenkai-adventure,zenkai-adventure
Lata,7.52,8.01,154,https://ludopedia.com.br/jogo/lata,lata
Batman: Gotham City Chronicles,7.51,8.45,81,https://ludopedia.com.br/jogo/batman-gotham-city-chronicles,batman-gotham-city-chronicles
LEGO Monkey Palace,7.51,8.0,156,https://ludopedia.com.br/jogo/lego-monkey-palace,lego-monkey-palace
Quest,7.51,8.04,143,https://ludopedia.com.br/jogo/quest,quest
StarCraft: The Board Game,7.51,8.25,103,https://ludopedia.com.br/jogo/starcraft-the-board-game,starcraft-the-board-game
Engis,7.51,8.77,60,https://ludopedia.com.br/jogo/engis,engis
Goa,7.51,8.15,118,https://ludopedia.com.br/jogo/goa,goa
Captain Flip,7.51,7.82,244,https://ludopedia.com.br/jogo/captain-flip,captain-flip
Pandemic: Queda de Roma,7.51,8.08,133,https://ludopedia.com.br/jogo/pandemic-fall-of-rome,pandemic-fall-of-rome
Coal Baron,7.51,8.22,106,https://ludopedia.com.br/jogo/coal-baron,coal-baron
Dobble: À Prova D'Água,7.51,7.73,352,https://ludopedia.com.br/jogo/dobble-waterproof,dobble-waterproof
Art Society,7.51,8.26,101,https://ludopedia.com.br/jogo/art-society,art-society
Dogs,7.51,7.64,591,https://ludopedia.com.br/jogo/dogs,dogs
Chinatown,7.51,8.19,110,https://ludopedia.com.br/jogo/chinatown,chinatown
Passaporte Mundo,7.51,8.1,127,https://ludopedia.com.br/jogo/passaporte-mundo,passaporte-mundo
O Senhor dos Anéis: O Confronto,7.51,7.72,346,https://ludopedia.com.br/jogo/lord-of-the-rings-the-confrontation-2005,lord-of-the-rings-the-confrontation-2005
Athos Bulcão | Master Pieces,7.51,8.9,54,https://ludopedia.com.br/jogo/athos-bulcao-master-pieces,athos-bulcao-master-pieces
Beaver Creek,7.51,7.69,418,https://ludopedia.com.br/jogo/beaver-creek,beaver-creek
Zombicide: Dark Side,7.51,8.6,69,https://ludopedia.com.br/jogo/zombicide-dark-side,zombicide-dark-side
Dobble: Harry Potter,7.5,7.66,479,https://ludopedia.com.br/jogo/dobble-harry-potter,dobble-harry-potter
Van Gogh,7.5,8.17,112,https://ludopedia.com.br/jogo/van-gogh,van-gogh
Exploding Kittens Proibidão,7.5,7.67,440,https://ludopedia.com.br/jogo/exploding-kittens-nsfw-deck,exploding-kittens-nsfw-deck
Imperial,7.5,8.26,99,https://ludopedia.com.br/jogo/imperial,imperial
Rio 1808,7.5,8.26,99,https://ludopedia.com.br/jogo/rio-1808,rio-1808
Summoner Wars: Elfos da Fênix vs. Orcs da Tundra,7.5,7.78,269,https://ludopedia.com.br/jogo/summoner-wars-phoenix-elves-vs-tundra-orcs,summoner-wars-phoenix-elves-vs-tundra-orcs
Santa Monica,7.5,7.83,227,https://ludopedia.com.br/jogo/santa-monica,santa-monica
O Pequeno Príncipe : Faça um Planeta,7.5,7.73,322,https://ludopedia.com.br/jogo/the-little-prince-make-me-a-planet,the-little-prince-make-me-a-planet
Fort,7.5,7.7,384,https://ludopedia.com.br/jogo/fort,fort
Enseada dos Mercadores,7.5,8.08,130,https://ludopedia.com.br/jogo/merchants-cove,merchants-cove
Hive Carbon,7.5,8.35,88,https://ludopedia.com.br/jogo/hive-carbon,hive-carbon
Nemesis: Lockdown,7.5,8.59,69,https://ludopedia.com.br/jogo/nemesis-lockdown,nemesis-lockdown
Myrmes,7.5,7.92,179,https://ludopedia.com.br/jogo/myrmes,myrmes
Star Wars: X-Wing (Second Edition),7.5,8.34,89,https://ludopedia.com.br/jogo/star-wars-x-wing-second-edition,star-wars-x-wing-second-edition
Unstable Unicorns,7.5,7.75,301,https://ludopedia.com.br/jogo/unstable-unicorns,unstable-unicorns
Tichu,7.5,7.81,238,https://ludopedia.com.br/jogo/tichu,tichu
1920 Wall Street,7.5,7.75,300,https://ludopedia.com.br/jogo/1920-wall-street,1920-wall-street
Notre Dame: 10th Anniversary,7.5,8.16,113,https://ludopedia.com.br/jogo/notre-dame-10th-anniversary,notre-dame-10th-anniversary
Kingsburg,7.5,7.76,284,https://ludopedia.com.br/jogo/kingsburg,kingsburg
Pest,7.5,8.41,82,https://ludopedia.com.br/jogo/pest,pest
Jórvík,7.5,7.59,808,https://ludopedia.com.br/jogo/jorvik,jorvik
Hegemony: Lead Your Class to Victory,7.5,9.42,39,https://ludopedia.com.br/jogo/hegemony-lead-your-class-to-victory,hegemony-lead-your-class-to-victory
That Time You Killed Me,7.5,7.91,182,https://ludopedia.com.br/jogo/that-time-you-killed-me,that-time-you-killed-me
Rush M.D.,7.5,8.14,116,https://ludopedia.com.br/jogo/rush-m-d,rush-m-d
Jamaica,7.5,7.94,168,https://ludopedia.com.br/jogo/jamaica,jamaica
Tsukuyumi: A Queda da Lua,7.5,8.12,119,https://ludopedia.com.br/jogo/tsukuyumi-full-moon-down,tsukuyumi-full-moon-down
Vanuatu (Second Edition),7.49,8.33,89,https://ludopedia.com.br/jogo/vanuatu-second-edition,vanuatu-second-edition
Nations,7.49,7.98,153,https://ludopedia.com.br/jogo/nations,nations
Evolution,7.49,7.88,195,https://ludopedia.com.br/jogo/evolution,evolution
Quarriors!,7.49,7.55,1283,https://ludopedia.com.br/jogo/quarriors,quarriors
Celestia,7.49,7.61,659,https://ludopedia.com.br/jogo/celestia,celestia
The Big Book of Madness,7.49,7.77,265,https://ludopedia.com.br/jogo/the-big-book-of-madness,the-big-book-of-madness
River Dragons,7.49,7.76,281,https://ludopedia.com.br/jogo/river-dragons-dragon-delta,river-dragons-dragon-delta
Pipeline,7.49,8.03,139,https://ludopedia.com.br/jogo/pipeline,pipeline
Caçadores da Galáxia,7.49,7.76,275,https://ludopedia.com.br/jogo/cacadores-da-galaxia,cacadores-da-galaxia
1846: The Race for the Midwest,7.49,8.44,78,https://ludopedia.com.br/jogo/1846-the-race-for-the-midwest,1846-the-race-for-the-midwest
Prehistory,7.49,7.94,163,https://ludopedia.com.br/jogo/prehistory,prehistory
Belfort: Limited Edition,7.49,8.05,132,https://ludopedia.com.br/jogo/belfort-limited-edition,belfort-limited-edition
Everdell Duo,7.49,8.44,78,https://ludopedia.com.br/jogo/everdell-duo,everdell-duo
Ex Libris,7.48,7.67,395,https://ludopedia.com.br/jogo/ex-libris,ex-libris
Obsessão,7.48,8.18,106,https://ludopedia.com.br/jogo/obsession,obsession
Container: 10th Anniversary Jumbo Edition!,7.48,8.35,86,https://ludopedia.com.br/jogo/container-10th-anniversary-jumbo-edition,container-10th-anniversary-jumbo-edition
Ordem ao Caos,7.48,9.39,39,https://ludopedia.com.br/jogo/ordem-ao-caos,ordem-ao-caos
Power Grid deluxe: Europe/North America,7.48,8.66,63,https://ludopedia.com.br/jogo/power-grid-deluxe-europe-north-america,power-grid-deluxe-europe-north-america
Fora de Ordem,7.48,8.11,118,https://ludopedia.com.br/jogo/fora-de-ordem,fora-de-ordem
Clinic: Deluxe Edition,7.48,8.53,71,https://ludopedia.com.br/jogo/clinic-deluxe-edition,clinic-deluxe-edition
Mission: Red Planet (2nd Edition),7.48,7.85,202,https://ludopedia.com.br/jogo/mission-red-planet-2nd-edition,mission-red-planet-2nd-edition
Century: O Novo Mundo,7.48,8.0,143,https://ludopedia.com.br/jogo/century-a-new-world,century-a-new-world
Encantados,7.48,7.65,428,https://ludopedia.com.br/jogo/encantados,encantados
Night Parade of a Hundred Yokai,7.48,7.93,167,https://ludopedia.com.br/jogo/night-parade-of-a-hundred-yokai,night-parade-of-a-hundred-yokai
Flash Point: Ao Resgate,7.48,7.59,683,https://ludopedia.com.br/jogo/flash-point-fire-rescue,flash-point-fire-rescue
Arboretum,7.48,7.63,484,https://ludopedia.com.br/jogo/arboretum,arboretum
Zapotec,7.48,7.86,194,https://ludopedia.com.br/jogo/zapotec,zapotec
Brew,7.48,7.77,256,https://ludopedia.com.br/jogo/brew,brew
Fishing,7.48,7.92,166,https://ludopedia.com.br/jogo/fishing,fishing
Cacao,7.48,7.65,430,https://ludopedia.com.br/jogo/cacao,cacao
Rhino Hero,7.48,7.64,459,https://ludopedia.com.br/jogo/rhino-hero,rhino-hero
Last Will,7.48,7.79,238,https://ludopedia.com.br/jogo/last-will,last-will
Sentinelas do Multiverso,7.47,7.63,468,https://ludopedia.com.br/jogo/sentinels-of-the-multiverse,sentinels-of-the-multiverse
Dungeon Command: Heart of Cormyr,7.47,8.27,93,https://ludopedia.com.br/jogo/dungeon-command-heart-of-cormyr,dungeon-command-heart-of-cormyr
Legend of the Five Rings: The Card Game,7.47,8.3,89,https://ludopedia.com.br/jogo/legend-of-the-five-rings-the-card-game,legend-of-the-five-rings-the-card-game
Tao Long: O Caminho do Dragão,7.47,7.77,244,https://ludopedia.com.br/jogo/tao-long-the-way-of-the-dragon,tao-long-the-way-of-the-dragon
Neuroshima Hex! 3.0,7.47,7.62,504,https://ludopedia.com.br/jogo/neuroshima-hex-3-0,neuroshima-hex-3-0
Salada de Pontos,7.47,7.63,459,https://ludopedia.com.br/jogo/point-salad,point-salad
Battle Line,7.47,7.89,174,https://ludopedia.com.br/jogo/battle-line,battle-line
Wizard,7.47,7.68,351,https://ludopedia.com.br/jogo/wizard,wizard
Stonks,7.47,7.71,304,https://ludopedia.com.br/jogo/stonks,stonks
Convidados Indesejados 2: Os casos Berwick,7.47,8.4,79,https://ludopedia.com.br/jogo/awkward-guests-2-the-berwick-cases,awkward-guests-2-the-berwick-cases
Caçadores da Galáxia (Edição de Colecionador),7.47,7.91,166,https://ludopedia.com.br/jogo/cacadores-da-galaxia-edicao-de-colecionador,cacadores-da-galaxia-edicao-de-colecionador
Summoner Wars: Guilda dos Anões vs. Goblins da Caverna,7.47,7.72,283,https://ludopedia.com.br/jogo/summoner-wars-guild-dwarves-vs-cave-goblins,summoner-wars-guild-dwarves-vs-cave-goblins
Savernake Forest,7.47,8.18,103,https://ludopedia.com.br/jogo/savernake-forest,savernake-forest
Unmatched: Origem do Sol,7.47,8.93,50,https://ludopedia.com.br/jogo/unmatched-sun-s-origin,unmatched-sun-s-origin
Civolution,7.46,8.75,57,https://ludopedia.com.br/jogo/civolution,civolution
Bang!,7.46,7.52,1169,https://ludopedia.com.br/jogo/bang,bang
Skull King: Grandpa Beck's Edition,7.46,8.27,90,https://ludopedia.com.br/jogo/skull-king-grandpa-beck-s-edition,skull-king-grandpa-beck-s-edition
Steampunk Rally,7.46,7.86,181,https://ludopedia.com.br/jogo/steampunk-rally,steampunk-rally
Camel Up: Off Season,7.46,7.81,209,https://ludopedia.com.br/jogo/camel-up-off-season,camel-up-off-season
Shadows of Brimstone: City of the Ancients,7.46,8.64,62,https://ludopedia.com.br/jogo/shadows-of-brimstone-city-of-the-ancients,shadows-of-brimstone-city-of-the-ancients
Paris: La Cité de la Lumière,7.46,7.84,193,https://ludopedia.com.br/jogo/paris-la-cite-de-la-lumiere,paris-la-cite-de-la-lumiere
Mr. Jack,7.46,7.62,448,https://ludopedia.com.br/jogo/mr-jack,mr-jack
Disney Villainous: Wicked to the Core,7.46,8.68,60,https://ludopedia.com.br/jogo/disney-villainous-wicked-to-the-core,disney-villainous-wicked-to-the-core
Dungeon Command: Sting of Lolth,7.46,8.26,91,https://ludopedia.com.br/jogo/dungeon-command-sting-of-lolth,dungeon-command-sting-of-lolth
Runebound (Third Edition),7.46,8.39,78,https://ludopedia.com.br/jogo/runebound-third-edition,runebound-third-edition
For Sale,7.46,7.54,881,https://ludopedia.com.br/jogo/for-sale,for-sale
In the Footsteps of Darwin,7.46,8.19,99,https://ludopedia.com.br/jogo/in-the-footsteps-of-darwin,in-the-footsteps-of-darwin
Sobek: 2 Pessoas,7.45,7.85,183,https://ludopedia.com.br/jogo/sobek-2-players,sobek-2-players
Nosferatu (2ª Edição),7.45,7.78,220,https://ludopedia.com.br/jogo/nosferatu-2nd-edition,nosferatu-2nd-edition
O Gato e a Torre,7.45,8.14,106,https://ludopedia.com.br/jogo/cat-and-the-tower,cat-and-the-tower
Aeon's End: War Eternal,7.45,8.85,52,https://ludopedia.com.br/jogo/aeon-s-end-war-eternal,aeon-s-end-war-eternal
É Top!?: Variedades,7.45,7.56,702,https://ludopedia.com.br/jogo/e-top-variedades,e-top-variedades
Guerra do Anel: Card Game,7.45,7.97,141,https://ludopedia.com.br/jogo/war-of-the-ring-the-card-game,war-of-the-ring-the-card-game
Everdell Farshore: Edição de Colecionador,7.45,8.62,62,https://ludopedia.com.br/jogo/everdell-farshore-collector-s-edition,everdell-farshore-collector-s-edition
Uma Aventura Fantástica,7.45,8.37,79,https://ludopedia.com.br/jogo/a-wild-venture,a-wild-venture
Sprawlopolis,7.45,7.55,722,https://ludopedia.com.br/jogo/sprawlopolis,sprawlopolis
Blacksmith Brothers,7.45,7.66,335,https://ludopedia.com.br/jogo/blacksmith-brothers,blacksmith-brothers
Imigrantes,7.45,8.0,130,https://ludopedia.com.br/jogo/imigrantes,imigrantes
Reykholt,7.45,7.57,600,https://ludopedia.com.br/jogo/reykholt,reykholt
Carnival Zombie (Segunda Edição),7.45,7.89,161,https://ludopedia.com.br/jogo/carnival-zombie-second-edition,carnival-zombie-second-edition
Os Incríveis Parques de Miss Liz,7.45,7.72,263,https://ludopedia.com.br/jogo/os-incriveis-parques-de-miss-liz,os-incriveis-parques-de-miss-liz
Brava Gente,7.44,9.77,31,https://ludopedia.com.br/jogo/brava-gente,brava-gente
Dungeon Command: Tyranny of Goblins,7.44,8.36,79,https://ludopedia.com.br/jogo/dungeon-command-tyranny-of-goblins,dungeon-command-tyranny-of-goblins
Agricola: Family Edition,7.44,8.37,78,https://ludopedia.com.br/jogo/agricola-family-edition,agricola-family-edition
Optimus 2,7.44,8.07,115,https://ludopedia.com.br/jogo/twice-as-clever,twice-as-clever
Dungeon Fighter,7.44,7.52,876,https://ludopedia.com.br/jogo/dungeon-fighter,dungeon-fighter
Kitchen Rush,7.44,7.78,211,https://ludopedia.com.br/jogo/kitchen-rush,kitchen-rush
Vela,7.44,8.5,68,https://ludopedia.com.br/jogo/vela,vela
IceCool,7.44,7.61,416,https://ludopedia.com.br/jogo/ice-cool,ice-cool
Cabanga!,7.44,7.84,178,https://ludopedia.com.br/jogo/cabanga,cabanga
Shipyard,7.44,8.33,81,https://ludopedia.com.br/jogo/shipyard,shipyard
BugÔ,7.44,8.03,122,https://ludopedia.com.br/jogo/bugo,bugo
Dogs of War,7.44,8.31,82,https://ludopedia.com.br/jogo/dogs-of-war,dogs-of-war
Cultive,7.44,7.99,129,https://ludopedia.com.br/jogo/cultive,cultive
Evolution: Climate,7.44,8.18,96,https://ludopedia.com.br/jogo/evolution-climate,evolution-climate
Biblios,7.44,7.69,282,https://ludopedia.com.br/jogo/biblios,biblios
Horse Fever,7.43,7.62,385,https://ludopedia.com.br/jogo/horse-fever,horse-fever
Hokusai,7.43,7.92,146,https://ludopedia.com.br/jogo/hokusai,hokusai
Boop.,7.43,7.7,265,https://ludopedia.com.br/jogo/boop,boop
Parks: Second Edition ‐ Summit Edition,7.43,8.52,66,https://ludopedia.com.br/jogo/parks-second-edition-summit-edition,parks-second-edition-summit-edition
Magos de Araque,7.43,9.06,44,https://ludopedia.com.br/jogo/magos-de-araque,magos-de-araque
Quacks Deluxe Edition,7.43,8.68,57,https://ludopedia.com.br/jogo/quacks-deluxe-edition,quacks-deluxe-edition
Qwirkle,7.43,7.88,157,https://ludopedia.com.br/jogo/qwirkle,qwirkle
Renature,7.43,7.73,237,https://ludopedia.com.br/jogo/renature,renature
Quartz: O Jogo de Dados,7.43,7.76,216,https://ludopedia.com.br/jogo/quartz-the-dice-game,quartz-the-dice-game
Carcassonne: Caçadores e Coletores,7.43,7.92,146,https://ludopedia.com.br/jogo/carcassonne-hunters-and-gatherers,carcassonne-hunters-and-gatherers
Ulm,7.43,8.01,122,https://ludopedia.com.br/jogo/ulm,ulm
Fit to Print,7.43,8.42,72,https://ludopedia.com.br/jogo/fit-to-print,fit-to-print
Things In Rings,7.43,8.16,97,https://ludopedia.com.br/jogo/things-in-rings,things-in-rings
Sirvam o Rei,7.43,7.67,292,https://ludopedia.com.br/jogo/sirvam-o-rei,sirvam-o-rei
Aether,7.43,9.35,37,https://ludopedia.com.br/jogo/aether,aether
Sekigahara: The Unification of Japan,7.42,8.94,47,https://ludopedia.com.br/jogo/sekigahara-the-unification-of-japan,sekigahara-the-unification-of-japan
Looterz: Rigor Mortis,7.42,7.76,215,https://ludopedia.com.br/jogo/looterz-rigor-mortis,looterz-rigor-mortis
Archaeology: The New Expedition,7.42,7.64,322,https://ludopedia.com.br/jogo/archaeology-the-new-expedition,archaeology-the-new-expedition
Fornalha,7.42,7.64,336,https://ludopedia.com.br/jogo/furnace,furnace
Blue Moon City,7.42,7.6,389,https://ludopedia.com.br/jogo/blue-moon-city,blue-moon-city
Concept,7.42,7.48,1254,https://ludopedia.com.br/jogo/concept,concept
Zombicide: Gear Up,7.42,7.84,171,https://ludopedia.com.br/jogo/zombicide-gear-up,zombicide-gear-up
The Castles of Burgundy: The Card Game,7.42,7.83,175,https://ludopedia.com.br/jogo/the-castles-of-burgundy-the-card-game,the-castles-of-burgundy-the-card-game
Cidades Sombrias: Hollywood 1947,7.42,8.1,105,https://ludopedia.com.br/jogo/cidades-sombrias-hollywood-1947,cidades-sombrias-hollywood-1947
Memoir '44 (Edição Revisada),7.42,8.76,53,https://ludopedia.com.br/jogo/memoir-44-refreshed-edition,memoir-44-refreshed-edition
One Night Ultimate Werewolf,7.42,7.66,288,https://ludopedia.com.br/jogo/one-night-ultimate-werewolf,one-night-ultimate-werewolf
Tsuro,7.42,7.51,773,https://ludopedia.com.br/jogo/tsuro,tsuro
The Golden Ages,7.42,8.13,100,https://ludopedia.com.br/jogo/the-golden-ages,the-golden-ages
Lords of Scotland,7.42,7.54,591,https://ludopedia.com.br/jogo/lords-of-scotland,lords-of-scotland
Age of Empires III: The Age of Discovery,7.42,8.08,106,https://ludopedia.com.br/jogo/age-of-empires-iii-the-age-of-discovery,age-of-empires-iii-the-age-of-discovery
Papertown,7.42,7.88,153,https://ludopedia.com.br/jogo/papertown,papertown
Circadianos: Primeira Luz,7.42,8.07,109,https://ludopedia.com.br/jogo/circadians-first-light,circadians-first-light
Dune (2019 Edition),7.42,8.26,84,https://ludopedia.com.br/jogo/dune-2019-edition,dune-2019-edition
Mascarade (Segunda Edição),7.41,7.85,161,https://ludopedia.com.br/jogo/mascarade-second-edition,mascarade-second-edition
Telma (2ª Edição),7.41,7.55,531,https://ludopedia.com.br/jogo/telma-2-edicao,telma-2-edicao
Cartel,7.41,7.93,137,https://ludopedia.com.br/jogo/acquire,acquire
Loot,7.41,7.56,476,https://ludopedia.com.br/jogo/loot,loot
Ovelha em pele de lobo,7.41,9.43,35,https://ludopedia.com.br/jogo/ovelha-em-pele-de-lobo,ovelha-em-pele-de-lobo
Boss Monster,7.41,7.5,818,https://ludopedia.com.br/jogo/boss-monster-the-dungeon-building-card-game,boss-monster-the-dungeon-building-card-game
Nexus Ops,7.41,7.8,181,https://ludopedia.com.br/jogo/nexus-ops,nexus-ops
Unlock!: Aventuras Lúdicas,7.41,8.21,88,https://ludopedia.com.br/jogo/unlock-game-adventures,unlock-game-adventures
Tacta,7.41,7.7,239,https://ludopedia.com.br/jogo/tacta,tacta
Everdell Silverfrost,7.41,9.26,38,https://ludopedia.com.br/jogo/everdell-silverfrost,everdell-silverfrost
LHAMA: Edição Festa,7.41,7.88,149,https://ludopedia.com.br/jogo/l-a-m-a-party-edition,l-a-m-a-party-edition
Vudú (Segunda Edição),7.41,7.7,244,https://ludopedia.com.br/jogo/voodoo-second-edition,voodoo-second-edition
Velonimo,7.41,7.57,434,https://ludopedia.com.br/jogo/velonimo,velonimo
Claim,7.41,7.51,680,https://ludopedia.com.br/jogo/claim,claim
New York Zoo,7.41,7.64,302,https://ludopedia.com.br/jogo/new-york-zoo,new-york-zoo
Dominations: A Ascensão das Civilizações,7.4,7.74,209,https://ludopedia.com.br/jogo/dominations-road-to-civilization,dominations-road-to-civilization
The Princes of Florence,7.4,7.92,135,https://ludopedia.com.br/jogo/the-princes-of-florence,the-princes-of-florence
Bananagrams,7.4,7.56,436,https://ludopedia.com.br/jogo/bananagrams,bananagrams
Carcassonne: Mares do Sul,7.4,7.83,165,https://ludopedia.com.br/jogo/carcassonne-south-seas,carcassonne-south-seas
Unlock!: Aventuras Heroicas,7.4,7.92,135,https://ludopedia.com.br/jogo/unlock-heroic-adventures,unlock-heroic-adventures
Homem Batata,7.4,7.52,584,https://ludopedia.com.br/jogo/potato-man,potato-man
Jaws,7.4,8.15,93,https://ludopedia.com.br/jogo/jaws,jaws
Pixadores,7.4,9.06,42,https://ludopedia.com.br/jogo/pixadores,pixadores
Inventions: Evolution of Ideas,7.4,8.71,53,https://ludopedia.com.br/jogo/inventions-evolution-of-ideas,inventions-evolution-of-ideas
Die Macher,7.4,8.45,66,https://ludopedia.com.br/jogo/die-macher,die-macher
Honshu,7.4,7.59,351,https://ludopedia.com.br/jogo/honsh,honsh
Glen More,7.4,7.81,169,https://ludopedia.com.br/jogo/glen-more,glen-more
Smash Up: Ficção Científica em Dose Dupla Nível 8000,7.39,7.63,295,https://ludopedia.com.br/jogo/smash-up-ficcao-cientifica-em-dose-dupla-nivel-8000,smash-up-ficcao-cientifica-em-dose-dupla-nivel-8000
Tuki,7.39,7.67,257,https://ludopedia.com.br/jogo/tuki,tuki
Shock!,7.39,8.09,100,https://ludopedia.com.br/jogo/knights-with-poison,knights-with-poison
Cosmic Encounter,7.39,7.63,299,https://ludopedia.com.br/jogo/cosmic-encounter,cosmic-encounter
Planet Steam,7.39,7.99,117,https://ludopedia.com.br/jogo/planet-steam,planet-steam
Emberleaf,7.39,8.3,77,https://ludopedia.com.br/jogo/emberleaf,emberleaf
Sail,7.39,8.02,110,https://ludopedia.com.br/jogo/sail,sail
Piratas! - 2ª Edição,7.39,7.57,395,https://ludopedia.com.br/jogo/piratas-2-edicao,piratas-2-edicao
Vinhos,7.39,8.2,86,https://ludopedia.com.br/jogo/vinhos,vinhos
Pandemic: Resposta Rápida,7.39,7.67,251,https://ludopedia.com.br/jogo/pandemic-rapid-response,pandemic-rapid-response
A Ilha Proibida,7.39,7.43,1694,https://ludopedia.com.br/jogo/forbidden-island,forbidden-island
Bang! The Bullet!,7.39,7.71,213,https://ludopedia.com.br/jogo/bang-the-bullet,bang-the-bullet
Noria,7.39,7.66,254,https://ludopedia.com.br/jogo/noria,noria
Star Wars: Destiny,7.38,7.65,259,https://ludopedia.com.br/jogo/star-wars-destiny,star-wars-destiny
Busca pelo Anel,7.38,8.01,111,https://ludopedia.com.br/jogo/hunt-for-the-ring,hunt-for-the-ring
Regicide,7.38,7.65,256,https://ludopedia.com.br/jogo/regicide,regicide
Tide of Iron,7.38,8.52,61,https://ludopedia.com.br/jogo/tide-of-iron,tide-of-iron
KeyForge: O Chamado De Arcontes,7.38,7.57,364,https://ludopedia.com.br/jogo/keyforge-call-of-the-archons,keyforge-call-of-the-archons
Potion Rush,7.38,8.62,56,https://ludopedia.com.br/jogo/potion-rush,potion-rush
Tiny Epic Quest,7.38,7.8,167,https://ludopedia.com.br/jogo/tiny-epic-quest,tiny-epic-quest
Carson City,7.38,7.95,121,https://ludopedia.com.br/jogo/carson-city,carson-city
Planet,7.38,7.6,313,https://ludopedia.com.br/jogo/planet,planet
Gentes,7.38,8.2,84,https://ludopedia.com.br/jogo/gentes,gentes
Whitehall Mystery,7.38,8.25,79,https://ludopedia.com.br/jogo/whitehall-mystery,whitehall-mystery
Hyperborea,7.38,7.94,122,https://ludopedia.com.br/jogo/hyperborea,hyperborea
Doce Caos: Guerra de Confeiteiros,7.38,8.15,89,https://ludopedia.com.br/jogo/sweet-mess-pastry-competition,sweet-mess-pastry-competition
Quest Inc.,7.38,8.27,77,https://ludopedia.com.br/jogo/quest-inc,quest-inc
Roll Camera!,7.38,7.93,125,https://ludopedia.com.br/jogo/roll-camera-the-filmmaking-board-game,roll-camera-the-filmmaking-board-game
Village Green,7.38,7.63,266,https://ludopedia.com.br/jogo/village-green,village-green
Balde de Caranguejo,7.38,7.66,243,https://ludopedia.com.br/jogo/balde-de-caranguejo,balde-de-caranguejo
Imperium: Horizontes,7.37,9.09,40,https://ludopedia.com.br/jogo/imperium-horizons,imperium-horizons
Arkham Horror: Hora Final,7.37,7.67,230,https://ludopedia.com.br/jogo/arkham-horror-final-hour,arkham-horror-final-hour
Bullfrogs,7.37,7.47,732,https://ludopedia.com.br/jogo/bullfrogs,bullfrogs
Nosferatu,7.37,7.49,615,https://ludopedia.com.br/jogo/nosferatu,nosferatu
Taco Gato Cabra Queijo Pizza: Fifa World Cup Qatar 2022™ Edition,7.37,7.72,200,https://ludopedia.com.br/jogo/taco-gato-cabra-queijo-pizza-fifa-world-cup-qatar-2022-edition,taco-gato-cabra-queijo-pizza-fifa-world-cup-qatar-2022-edition
Elysium,7.37,7.8,159,https://ludopedia.com.br/jogo/elysium,elysium
Through the Desert,7.37,7.79,165,https://ludopedia.com.br/jogo/through-the-desert,through-the-desert
Last Night on Earth: The Zombie Game,7.37,7.67,225,https://ludopedia.com.br/jogo/last-night-on-earth-the-zombie-game,last-night-on-earth-the-zombie-game
Saint Petersburg,7.37,7.77,169,https://ludopedia.com.br/jogo/saint-petersburg,saint-petersburg
Pélaghos,7.37,8.26,77,https://ludopedia.com.br/jogo/pelaghos,pelaghos
Yokohama: Deluxe Edition,7.37,8.79,48,https://ludopedia.com.br/jogo/yokohama-deluxe-edition,yokohama-deluxe-edition
Nekojima,7.37,7.82,150,https://ludopedia.com.br/jogo/nekojima,nekojima
Dinosaur World,7.37,8.01,106,https://ludopedia.com.br/jogo/dinosaur-world,dinosaur-world
Mechs vs. Minions,7.37,8.33,71,https://ludopedia.com.br/jogo/mechs-vs-minions,mechs-vs-minions
Argent: The Consortium,7.37,8.26,77,https://ludopedia.com.br/jogo/argent-the-consortium,argent-the-consortium
Fábricas Fantásticas,7.37,7.73,187,https://ludopedia.com.br/jogo/fantastic-factories,fantastic-factories
Wak'a,7.37,7.86,139,https://ludopedia.com.br/jogo/dschungelschatz,dschungelschatz
Aristofarsa,7.37,8.71,51,https://ludopedia.com.br/jogo/aristofarsa,aristofarsa
Nanatoridori,7.36,7.91,126,https://ludopedia.com.br/jogo/nanatoridori,nanatoridori
Inventores do Sul do Tigre,7.36,8.88,45,https://ludopedia.com.br/jogo/inventors-of-the-south-tigris,inventors-of-the-south-tigris
Blueprints,7.36,7.6,281,https://ludopedia.com.br/jogo/blueprints,blueprints
FateFlip: Arrastado pelo mar,7.36,7.97,111,https://ludopedia.com.br/jogo/fateflip-washed-ashore,fateflip-washed-ashore
Capital Lux,7.36,7.55,366,https://ludopedia.com.br/jogo/capital-lux,capital-lux
Freedom: The Underground Railroad,7.36,8.61,54,https://ludopedia.com.br/jogo/freedom-the-underground-railroad,freedom-the-underground-railroad
Pokésonne (Fan-Made),7.36,8.37,67,https://ludopedia.com.br/jogo/pokesonne-fan-made,pokesonne-fan-made
Hippocrates,7.36,7.85,137,https://ludopedia.com.br/jogo/hippocrates,hippocrates
Tiny Epic Vikings,7.35,8.15,85,https://ludopedia.com.br/jogo/tiny-epic-vikings,tiny-epic-vikings
Conspiracy: Abyss Universe,7.35,7.63,245,https://ludopedia.com.br/jogo/conspiracy-abyss-universe,conspiracy-abyss-universe
Miguel Strogoff,7.35,7.68,208,https://ludopedia.com.br/jogo/michael-strogoff,michael-strogoff
Unicorn Fever,7.35,7.7,196,https://ludopedia.com.br/jogo/unicorn-fever,unicorn-fever
Daimyo: Renascimento Do Império,7.35,7.82,146,https://ludopedia.com.br/jogo/daimyo-rebirth-of-the-empire,daimyo-rebirth-of-the-empire
The Pillars of the Earth,7.35,7.73,176,https://ludopedia.com.br/jogo/the-pillars-of-the-earth,the-pillars-of-the-earth
Ra (25th Century Games Edition),7.35,9.0,41,https://ludopedia.com.br/jogo/ra-25th-century-games-edition,ra-25th-century-games-edition
Pessoa,7.35,8.05,96,https://ludopedia.com.br/jogo/pessoa,pessoa
Dwar7s: Outono,7.35,7.47,544,https://ludopedia.com.br/jogo/dwar7s-fall,dwar7s-fall
Carcassonne: Amazonas,7.35,7.92,119,https://ludopedia.com.br/jogo/carcassonne-amazonas,carcassonne-amazonas
Pokémon TCG,7.35,7.49,462,https://ludopedia.com.br/jogo/pokemon-trading-card-game,pokemon-trading-card-game
Next Station: London,7.35,7.75,168,https://ludopedia.com.br/jogo/next-station-london,next-station-london
Solver,7.35,8.64,52,https://ludopedia.com.br/jogo/solver,solver
Vudù,7.35,7.49,461,https://ludopedia.com.br/jogo/voodoo,voodoo
Cheez-Tricks,7.35,8.0,102,https://ludopedia.com.br/jogo/cheez-tricks,cheez-tricks
Quissama: O império dos capoeiras,7.35,7.61,256,https://ludopedia.com.br/jogo/quissama-o-imperio-dos-capoeiras,quissama-o-imperio-dos-capoeiras
Merlin: Big Box,7.34,8.84,45,https://ludopedia.com.br/jogo/merlin-big-box,merlin-big-box
Smash Up,7.34,7.44,673,https://ludopedia.com.br/jogo/smash-up,smash-up
Belfort,7.34,7.87,127,https://ludopedia.com.br/jogo/belfort,belfort
Whispering Woods,7.34,8.34,67,https://ludopedia.com.br/jogo/whispering-woods,whispering-woods
Jungo,7.34,7.68,195,https://ludopedia.com.br/jogo/jungo,jungo
Archipelago,7.34,7.78,152,https://ludopedia.com.br/jogo/archipelago,archipelago
Frostpunk: The Board Game,7.34,7.81,143,https://ludopedia.com.br/jogo/frostpunk-the-board-game,frostpunk-the-board-game
Abstratus Pop,7.34,8.39,64,https://ludopedia.com.br/jogo/abstratus-pop,abstratus-pop
XCOM: The Board Game,7.34,7.45,625,https://ludopedia.com.br/jogo/xcom-the-board-game,xcom-the-board-game
Blue Lagoon,7.34,7.65,212,https://ludopedia.com.br/jogo/blue-lagoon,blue-lagoon
Zurvivors,7.34,7.72,177,https://ludopedia.com.br/jogo/zurvivors,zurvivors
KeyForge: Colisão entre Mundos,7.34,7.96,108,https://ludopedia.com.br/jogo/keyforge-worlds-collide,keyforge-worlds-collide
Taco Chapéu Bolo Presente Pizza (Família Taco Gato),7.34,7.66,204,https://ludopedia.com.br/jogo/taco-hat-cake-gift-pizza,taco-hat-cake-gift-pizza
Oceanos,7.34,7.55,314,https://ludopedia.com.br/jogo/oceanos,oceanos
Pandemic: Zona Crítica - América do Norte,7.34,7.7,183,https://ludopedia.com.br/jogo/pandemic-hot-zone-north-america,pandemic-hot-zone-north-america
Dark Ages: Heritage of Charlemagne,7.34,8.89,43,https://ludopedia.com.br/jogo/dark-ages-heritage-of-charlemagne,dark-ages-heritage-of-charlemagne
Kelp: Tubarão vs Polvo,7.34,8.06,92,https://ludopedia.com.br/jogo/kelp-shark-vs-octopus,kelp-shark-vs-octopus
Êxodo,7.33,8.12,85,https://ludopedia.com.br/jogo/evacuation,evacuation
Gaivotas,7.33,8.04,95,https://ludopedia.com.br/jogo/gaivotas,gaivotas
Signorie,7.33,8.19,78,https://ludopedia.com.br/jogo/signorie,signorie
Cuba Libre,7.33,8.57,54,https://ludopedia.com.br/jogo/cuba-libre,cuba-libre
Imagine,7.33,7.42,785,https://ludopedia.com.br/jogo/imagine,imagine
Glass Road,7.33,7.89,120,https://ludopedia.com.br/jogo/glass-road,glass-road
World of Warcraft: The Boardgame,7.33,8.16,81,https://ludopedia.com.br/jogo/world-of-warcraft-the-boardgame,world-of-warcraft-the-boardgame
Let's Go! Pro Japão,7.33,8.0,100,https://ludopedia.com.br/jogo/let-s-go-to-japan,let-s-go-to-japan
Santiago de Cuba,7.33,7.78,150,https://ludopedia.com.br/jogo/santiago-de-cuba,santiago-de-cuba
Gloom,7.33,7.53,341,https://ludopedia.com.br/jogo/gloom,gloom
Nevoeiro em Carcassonne,7.33,8.15,81,https://ludopedia.com.br/jogo/mists-over-carcassonne,mists-over-carcassonne
Nhac Nhac,7.33,7.56,295,https://ludopedia.com.br/jogo/gobblet-gobblers,gobblet-gobblers
Flamecraft - Edição Deluxe,7.33,8.5,57,https://ludopedia.com.br/jogo/flamecraft-deluxe-edition,flamecraft-deluxe-edition
Galhos,7.33,8.74,47,https://ludopedia.com.br/jogo/galhos,galhos
Agricola: All Creatures Big and Small,7.33,7.85,127,https://ludopedia.com.br/jogo/agricola-all-creatures-big-and-small,agricola-all-creatures-big-and-small
Nem a Pato!,7.33,7.46,490,https://ludopedia.com.br/jogo/how-dare-you,how-dare-you
Odin,7.32,7.56,280,https://ludopedia.com.br/jogo/odin,odin
A Iniciativa,7.32,8.02,95,https://ludopedia.com.br/jogo/the-initiative,the-initiative
Kutná Hora: The City of Silver,7.32,8.39,62,https://ludopedia.com.br/jogo/kutna-hora-the-city-of-silver,kutna-hora-the-city-of-silver
Animal Upon Animal,7.32,7.49,399,https://ludopedia.com.br/jogo/animal-upon-animal,animal-upon-animal
Vitruvius,7.32,9.39,32,https://ludopedia.com.br/jogo/vitruvius,vitruvius
Brass Lancashire: Deluxe Edition,7.32,9.69,28,https://ludopedia.com.br/jogo/brass-lancashire-deluxe-edition,brass-lancashire-deluxe-edition
Small World of Warcraft,7.32,7.59,243,https://ludopedia.com.br/jogo/small-world-of-warcraft,small-world-of-warcraft
Oriflamme,7.32,7.68,187,https://ludopedia.com.br/jogo/oriflamme,oriflamme
Keyforge: Mutação em Massa,7.32,8.04,92,https://ludopedia.com.br/jogo/keyforge-mass-mutation,keyforge-mass-mutation
KeyForge: Era da Ascensão,7.32,7.62,223,https://ludopedia.com.br/jogo/keyforge-age-of-ascension,keyforge-age-of-ascension
History of the World,7.32,7.68,182,https://ludopedia.com.br/jogo/history-of-the-world,history-of-the-world
Munchkin,7.32,7.34,3351,https://ludopedia.com.br/jogo/munchkin,munchkin
Salton Sea,7.32,7.85,125,https://ludopedia.com.br/jogo/salton-sea,salton-sea
Saboteur (compilation editions),7.32,7.88,118,https://ludopedia.com.br/jogo/saboteur-compilation-editions,saboteur-compilation-editions
Colosseum,7.32,7.73,161,https://ludopedia.com.br/jogo/colosseum,colosseum
Dark Souls: The Board Game,7.32,7.78,142,https://ludopedia.com.br/jogo/dark-souls-the-board-game,dark-souls-the-board-game
Match 5,7.31,7.72,161,https://ludopedia.com.br/jogo/match-5,match-5
Bandido,7.31,7.34,2892,https://ludopedia.com.br/jogo/bandido,bandido
Dwar7s: Inverno,7.31,7.74,153,https://ludopedia.com.br/jogo/dwar7s-winter,dwar7s-winter
Jogos de Baralho,7.31,7.84,125,https://ludopedia.com.br/jogo/jogos-de-baralho,jogos-de-baralho
Ready Set Bet,7.31,7.9,112,https://ludopedia.com.br/jogo/ready-set-bet,ready-set-bet
Tá na Mesa,7.31,7.73,158,https://ludopedia.com.br/jogo/ta-na-mesa,ta-na-mesa
Royals,7.31,8.28,68,https://ludopedia.com.br/jogo/royals,royals
Condottiere,7.31,7.76,145,https://ludopedia.com.br/jogo/condottiere,condottiere
Star Wars: Palácio do Jabba - Um Jogo Love Letter,7.31,7.62,210,https://ludopedia.com.br/jogo/star-wars-jabba-s-palace-a-love-letter-game,star-wars-jabba-s-palace-a-love-letter-game
Kakehashi,7.31,9.65,28,https://ludopedia.com.br/jogo/kakehashi,kakehashi
Shikoku 1889,7.31,8.38,61,https://ludopedia.com.br/jogo/shikoku-1889,shikoku-1889
Dwar7s Spring,7.31,8.16,77,https://ludopedia.com.br/jogo/dwar7s-spring,dwar7s-spring
As Lendas de Andor: A Última Esperança,7.31,8.36,62,https://ludopedia.com.br/jogo/legends-of-andor-the-last-hope,legends-of-andor-the-last-hope
Daybreak,7.31,8.27,68,https://ludopedia.com.br/jogo/daybreak,daybreak
Rebel Princess (2ª Edição),7.31,8.36,62,https://ludopedia.com.br/jogo/rebel-princess-2nd-edition,rebel-princess-2nd-edition
El Grande (2023),7.31,8.86,42,https://ludopedia.com.br/jogo/el-grande-2023,el-grande-2023
Uno Minimalista,7.31,7.47,407,https://ludopedia.com.br/jogo/uno-minimalista,uno-minimalista
Metro,7.31,7.44,490,https://ludopedia.com.br/jogo/metro,metro
O Labirinto Mágico,7.31,7.8,133,https://ludopedia.com.br/jogo/the-magic-labyrinth,the-magic-labyrinth
Mysterium Park,7.31,7.66,187,https://ludopedia.com.br/jogo/mysterium-park,mysterium-park
DC Comics Deck-Building Game,7.31,7.93,105,https://ludopedia.com.br/jogo/dc-comics-deck-building-game,dc-comics-deck-building-game
Cities,7.3,7.83,123,https://ludopedia.com.br/jogo/cities,cities
Ca$h 'n Guns: Second Edition,7.3,7.39,729,https://ludopedia.com.br/jogo/ca-h-n-guns-second-edition,ca-h-n-guns-second-edition
Forest Shuffle: Dartmoor,7.3,8.19,73,https://ludopedia.com.br/jogo/forest-shuffle-dartmoor,forest-shuffle-dartmoor
Indian Summer,7.3,7.49,344,https://ludopedia.com.br/jogo/indian-summer,indian-summer
Deus,7.3,7.67,174,https://ludopedia.com.br/jogo/deus,deus
Tag Team,7.3,8.28,66,https://ludopedia.com.br/jogo/tag-team,tag-team
Contos e Jogos: A Lebre e a Tartaruga,7.3,7.61,212,https://ludopedia.com.br/jogo/tales-games-the-hare-the-tortoise,tales-games-the-hare-the-tortoise
Tobago,7.3,7.71,159,https://ludopedia.com.br/jogo/tobago,tobago
Tiny Epic Game of Thrones,7.3,8.88,41,https://ludopedia.com.br/jogo/tiny-epic-game-of-thrones,tiny-epic-game-of-thrones
Eternal Decks,7.3,9.05,37,https://ludopedia.com.br/jogo/eternal-decks,eternal-decks
Viral,7.3,7.5,322,https://ludopedia.com.br/jogo/viral,viral
Ancient Terrible Things,7.3,7.54,265,https://ludopedia.com.br/jogo/ancient-terrible-things,ancient-terrible-things
Gardens,7.3,7.47,382,https://ludopedia.com.br/jogo/gardens,gardens
Forgotten Waters,7.3,8.08,83,https://ludopedia.com.br/jogo/forgotten-waters,forgotten-waters
Imperialismo: América,7.3,7.92,105,https://ludopedia.com.br/jogo/imperialismo-america,imperialismo-america
Can't Stop,7.3,7.44,461,https://ludopedia.com.br/jogo/can-t-stop,can-t-stop
Jekyll vs Hyde,7.3,7.84,120,https://ludopedia.com.br/jogo/jekyll-vs-hyde,jekyll-vs-hyde
Fuji Flush,7.3,7.8,130,https://ludopedia.com.br/jogo/fuji-flush,fuji-flush
Safra Ideal,7.29,7.75,143,https://ludopedia.com.br/jogo/wine-cellar,wine-cellar
Fresco: Mega Box,7.29,8.31,64,https://ludopedia.com.br/jogo/fresco-mega-box,fresco-mega-box
Dungeon Mayhem,7.29,7.78,133,https://ludopedia.com.br/jogo/dungeon-mayhem,dungeon-mayhem
Railways of Nippon,7.29,8.39,59,https://ludopedia.com.br/jogo/railways-of-nippon,railways-of-nippon
É Top!?: Natureza,7.29,7.58,223,https://ludopedia.com.br/jogo/e-top-natureza,e-top-natureza
Fantasma Blitz,7.29,7.42,480,https://ludopedia.com.br/jogo/ghost-blitz,ghost-blitz
Throw Throw Burrito,7.29,7.73,146,https://ludopedia.com.br/jogo/throw-throw-burrito,throw-throw-burrito
Ginkgopolis,7.29,8.04,86,https://ludopedia.com.br/jogo/ginkgopolis,ginkgopolis
Bruxelles 1893: Belle Epoque,7.29,9.03,37,https://ludopedia.com.br/jogo/bruxelles-1893-belle-epoque,bruxelles-1893-belle-epoque
Disney Villainous: Perfectly Wretched,7.29,8.55,51,https://ludopedia.com.br/jogo/disney-villainous-perfectly-wretched,disney-villainous-perfectly-wretched
Eu sou uma Banana,7.29,7.78,131,https://ludopedia.com.br/jogo/i-am-a-banana,i-am-a-banana
Não Pode,7.28,7.73,145,https://ludopedia.com.br/jogo/nao-pode,nao-pode
Port Royal: A Caminho!,7.28,7.85,114,https://ludopedia.com.br/jogo/port-royal-unterwegs,port-royal-unterwegs
Sanduíche,7.28,8.57,50,https://ludopedia.com.br/jogo/sanduiche-jogo-de-cartas,sanduiche-jogo-de-cartas
Nemesis: Retaliation,7.28,9.02,37,https://ludopedia.com.br/jogo/nemesis-retaliation,nemesis-retaliation
O Vale dos Mercadores,7.28,7.58,214,https://ludopedia.com.br/jogo/dale-of-merchants,dale-of-merchants
Nokosu Dice,7.28,9.02,37,https://ludopedia.com.br/jogo/nokosu-dice,nokosu-dice
Space Alert,7.28,7.57,222,https://ludopedia.com.br/jogo/space-alert,space-alert
RoboRally,7.28,7.82,119,https://ludopedia.com.br/jogo/roborally,roborally
Fury of Dracula (second edition),7.28,8.04,84,https://ludopedia.com.br/jogo/fury-of-dracula-second-edition,fury-of-dracula-second-edition
Dominó Mexicano,7.28,8.0,88,https://ludopedia.com.br/jogo/mexican-train,mexican-train
YINSH,7.28,8.01,87,https://ludopedia.com.br/jogo/yinsh,yinsh
Fuse,7.28,7.81,119,https://ludopedia.com.br/jogo/fuse,fuse
Krosmaster Arena 2.0,7.28,7.45,360,https://ludopedia.com.br/jogo/krosmaster-arena-2-0,krosmaster-arena-2-0
Crown of Emara,7.28,8.26,65,https://ludopedia.com.br/jogo/crown-of-emara,crown-of-emara
Chakra,7.28,7.86,110,https://ludopedia.com.br/jogo/chakra,chakra
Terra do Sol,7.28,9.05,36,https://ludopedia.com.br/jogo/terra-do-sol,terra-do-sol
Not Alone,7.27,7.53,249,https://ludopedia.com.br/jogo/not-alone,not-alone
Marvel Battlegrounds,7.27,7.63,179,https://ludopedia.com.br/jogo/marvel-battlegrounds,marvel-battlegrounds
Hidden Leaders,7.27,7.57,211,https://ludopedia.com.br/jogo/hidden-leaders,hidden-leaders
Skull,7.27,7.39,534,https://ludopedia.com.br/jogo/skull,skull
"Heroes of Land, Air & Sea",7.27,8.43,55,https://ludopedia.com.br/jogo/heroes-of-land-air-sea,heroes-of-land-air-sea
Stone Age: Anniversary,7.27,8.71,44,https://ludopedia.com.br/jogo/stone-age-anniversary,stone-age-anniversary
Uno Flip!,7.27,7.52,250,https://ludopedia.com.br/jogo/uno-flip,uno-flip
Railroad Revolution,7.27,8.18,70,https://ludopedia.com.br/jogo/railroad-revolution,railroad-revolution
Bad Company,7.27,7.68,156,https://ludopedia.com.br/jogo/bad-company,bad-company
Mouse Maze,7.27,8.15,72,https://ludopedia.com.br/jogo/mouse-maze,mouse-maze
Emboscados,7.27,7.54,235,https://ludopedia.com.br/jogo/emboscados,emboscados
Trolls e Princesas,7.27,7.99,88,https://ludopedia.com.br/jogo/trolls-and-princesses,trolls-and-princesses
As Torres de Arkhanos,7.27,7.55,228,https://ludopedia.com.br/jogo/the-towers-of-arkhanos,the-towers-of-arkhanos
Mandala Stones,7.27,7.61,185,https://ludopedia.com.br/jogo/mandala-stones,mandala-stones
Dobble: Disney 100 Edition,7.27,7.79,121,https://ludopedia.com.br/jogo/dobble-disney-100-years-of-wonder,dobble-disney-100-years-of-wonder
Cat Lady,7.27,7.77,126,https://ludopedia.com.br/jogo/cat-lady,cat-lady
Yedo,7.27,8.04,82,https://ludopedia.com.br/jogo/yedo,yedo
Railroad Ink: Edição Azul Profundo,7.26,7.48,300,https://ludopedia.com.br/jogo/railroad-ink-deep-blue-edition,railroad-ink-deep-blue-edition
Pets,7.26,7.97,90,https://ludopedia.com.br/jogo/pets,pets
Coup: The Resistance Universe,7.26,7.73,136,https://ludopedia.com.br/jogo/coup-the-resistance-universe,coup-the-resistance-universe
Dream Home,7.26,7.46,327,https://ludopedia.com.br/jogo/dream-home,dream-home
Game of Thrones: O Trono de Ferro,7.26,7.54,230,https://ludopedia.com.br/jogo/game-of-thrones-the-iron-throne,game-of-thrones-the-iron-throne
Claim 2,7.26,7.44,349,https://ludopedia.com.br/jogo/claim-2,claim-2
Junk Art,7.26,8.1,75,https://ludopedia.com.br/jogo/junk-art,junk-art
Dungeons & Dragons: Temple of Elemental Evil Board Game,7.26,8.52,50,https://ludopedia.com.br/jogo/dungeons-dragons-temple-of-elemental-evil-board-game,dungeons-dragons-temple-of-elemental-evil-board-game
Bardwood Grove: Floresta do Molejo,7.26,8.02,83,https://ludopedia.com.br/jogo/bardwood-grove,bardwood-grove
Fotomania,7.26,7.83,110,https://ludopedia.com.br/jogo/photograph,photograph
A Tale of Pirates,7.26,7.54,220,https://ludopedia.com.br/jogo/a-tale-of-pirates,a-tale-of-pirates
Nana,7.26,8.44,53,https://ludopedia.com.br/jogo/nana,nana
Encyclopedia,7.26,7.77,123,https://ludopedia.com.br/jogo/encyclopedia,encyclopedia
CIV: Carta Impera Victoria,7.25,7.51,245,https://ludopedia.com.br/jogo/civ-carta-impera-victoria,civ-carta-impera-victoria
Star Wars: Unlimited,7.25,8.59,47,https://ludopedia.com.br/jogo/star-wars-unlimited,star-wars-unlimited
K2,7.25,7.53,224,https://ludopedia.com.br/jogo/k2,k2
Via Nebula,7.25,7.85,106,https://ludopedia.com.br/jogo/via-nebula,via-nebula
Sherlock Holmes Consulting Detective,7.25,8.25,63,https://ludopedia.com.br/jogo/sherlock-holmes-consulting-detective,sherlock-holmes-consulting-detective
Irmã Nuna,7.25,9.15,33,https://ludopedia.com.br/jogo/irma-nuna,irma-nuna
Nessos,7.25,7.7,140,https://ludopedia.com.br/jogo/nessos,nessos
Passa Palavras,7.25,7.68,147,https://ludopedia.com.br/jogo/passa-palavras,passa-palavras
É Top!?: Mais Variedades,7.25,7.74,127,https://ludopedia.com.br/jogo/e-top-mais-variedades,e-top-mais-variedades
Mottainai,7.25,7.48,276,https://ludopedia.com.br/jogo/mottainai,mottainai
Dragon Eclipse,7.25,9.33,30,https://ludopedia.com.br/jogo/dragon-eclipse,dragon-eclipse
Piratas!,7.25,7.51,240,https://ludopedia.com.br/jogo/piratas,piratas
Dr. Eureka,7.25,7.4,422,https://ludopedia.com.br/jogo/dr-eureka,dr-eureka
Dany,7.25,7.54,216,https://ludopedia.com.br/jogo/dany,dany
Super Mega Lucky Box,7.25,7.77,119,https://ludopedia.com.br/jogo/super-mega-lucky-box,super-mega-lucky-box
Paranormal Detectives,7.25,7.82,108,https://ludopedia.com.br/jogo/paranormal-detectives,paranormal-detectives
At the Gates of Loyang,7.25,7.81,110,https://ludopedia.com.br/jogo/at-the-gates-of-loyang,at-the-gates-of-loyang
Sanssouci,7.24,7.65,151,https://ludopedia.com.br/jogo/sanssouci,sanssouci
Timeline: Brasil,7.24,7.44,311,https://ludopedia.com.br/jogo/timeline-brasil,timeline-brasil
Taverna,7.24,7.45,304,https://ludopedia.com.br/jogo/taverna,taverna
Unmatched: The Witcher - Aço e Prata,7.24,9.07,34,https://ludopedia.com.br/jogo/unmatched-the-witcher-steel-and-silver,unmatched-the-witcher-steel-and-silver
Qu4to (Quato),7.24,7.61,170,https://ludopedia.com.br/jogo/qu4to-quato,qu4to-quato
1830: Railways & Robber Barons,7.24,8.31,58,https://ludopedia.com.br/jogo/1830-railways-robber-barons,1830-railways-robber-barons
Shadows of Brimstone: Swamps of Death,7.24,8.65,44,https://ludopedia.com.br/jogo/shadows-of-brimstone-swamps-of-death,shadows-of-brimstone-swamps-of-death
UNO: Show 'Em No Mercy,7.24,7.42,342,https://ludopedia.com.br/jogo/uno-show-em-no-mercy,uno-show-em-no-mercy
Between Two Cities,7.24,7.57,186,https://ludopedia.com.br/jogo/between-two-cities,between-two-cities
Isso é meu!,7.24,7.8,111,https://ludopedia.com.br/jogo/isso-e-meu,isso-e-meu
Colt Super Express,7.24,7.48,262,https://ludopedia.com.br/jogo/colt-super-express,colt-super-express
Alubari,7.24,7.78,115,https://ludopedia.com.br/jogo/alubari-a-nice-cup-of-tea,alubari-a-nice-cup-of-tea
The Mind,7.24,7.27,2147,https://ludopedia.com.br/jogo/the-mind,the-mind
Córtex: Desafios!,7.24,7.42,339,https://ludopedia.com.br/jogo/cortex,cortex
The Mandalorian: Adventures,7.24,8.04,77,https://ludopedia.com.br/jogo/the-mandalorian-adventures,the-mandalorian-adventures
Moon Colony Bloodbath,7.24,8.09,73,https://ludopedia.com.br/jogo/moon-colony-bloodbath,moon-colony-bloodbath
Exploradores da Floresta,7.24,7.82,106,https://ludopedia.com.br/jogo/explorers-of-the-woodlands,explorers-of-the-woodlands
La Viña,7.24,7.82,105,https://ludopedia.com.br/jogo/la-vina,la-vina
Space Empires: 4X,7.24,8.47,50,https://ludopedia.com.br/jogo/space-empires-4x,space-empires-4x
Marvel Dice Throne: Scarlet Witch v. Thor v. Loki v. Spider-Man,7.23,8.52,48,https://ludopedia.com.br/jogo/marvel-dice-throne-scarlet-witch-v-thor-v-loki-v-spider-man,marvel-dice-throne-scarlet-witch-v-thor-v-loki-v-spider-man
Tiny Epic Western,7.23,7.7,133,https://ludopedia.com.br/jogo/tiny-epic-western,tiny-epic-western
Time Machine Rocket,7.23,7.87,97,https://ludopedia.com.br/jogo/time-machine-rocket,time-machine-rocket
For Northwood! A Solo Trick-Taking Game,7.23,8.35,55,https://ludopedia.com.br/jogo/for-northwood-a-solo-trick-taking-game,for-northwood-a-solo-trick-taking-game
Dead Man's Doubloons,7.23,7.46,268,https://ludopedia.com.br/jogo/dead-man-s-doubloons,dead-man-s-doubloons
Papayoo,7.23,7.48,252,https://ludopedia.com.br/jogo/papayoo,papayoo
Vomitolândia,7.23,8.99,35,https://ludopedia.com.br/jogo/vomitolandia,vomitolandia
Valknut,7.23,7.48,247,https://ludopedia.com.br/jogo/valknut,valknut
Heróis e Monstros,7.23,7.52,210,https://ludopedia.com.br/jogo/herois-e-monstros,herois-e-monstros
Endeavor,7.23,8.03,77,https://ludopedia.com.br/jogo/endeavor,endeavor
Sereias,7.23,7.9,92,https://ludopedia.com.br/jogo/sereias,sereias
Medium,7.23,7.88,95,https://ludopedia.com.br/jogo/medium,medium
Between Two Castles of Mad King Ludwig,7.23,7.54,196,https://ludopedia.com.br/jogo/between-two-castles-of-mad-king-ludwig,between-two-castles-of-mad-king-ludwig
Star Trek: Ascendancy,7.23,8.84,38,https://ludopedia.com.br/jogo/star-trek-ascendancy,star-trek-ascendancy
X-Men: Insurreição Mutante,7.23,7.68,137,https://ludopedia.com.br/jogo/x-men-mutant-insurrection,x-men-mutant-insurrection
Las Vegas,7.23,7.79,109,https://ludopedia.com.br/jogo/las-vegas,las-vegas
Abluxxen,7.23,7.52,207,https://ludopedia.com.br/jogo/linko-abluxxen,linko-abluxxen
Maharaja,7.23,7.62,158,https://ludopedia.com.br/jogo/maharaja,maharaja
Dutch Blitz,7.23,7.63,151,https://ludopedia.com.br/jogo/dutch-blitz,dutch-blitz
Riverboat,7.23,8.23,61,https://ludopedia.com.br/jogo/riverboat,riverboat
Paraíso dos Dinossauros,7.23,8.14,67,https://ludopedia.com.br/jogo/gods-love-dinosaurs,gods-love-dinosaurs
Batalha dos Deuses,7.23,8.28,58,https://ludopedia.com.br/jogo/batalha-dos-deuses,batalha-dos-deuses
Sankoré: The Pride of Mansa Musa,7.22,8.47,49,https://ludopedia.com.br/jogo/sankore-the-pride-of-mansa-musa,sankore-the-pride-of-mansa-musa
Cytosis: A Cell Biology Board Game,7.22,8.2,63,https://ludopedia.com.br/jogo/cytosis-a-cell-biology-board-game,cytosis-a-cell-biology-board-game
ZhanGuo,7.22,8.23,61,https://ludopedia.com.br/jogo/zhanguo,zhanguo
Haru Ichiban,7.22,7.59,166,https://ludopedia.com.br/jogo/haru-ichiban,haru-ichiban
4 Lead,7.22,9.77,24,https://ludopedia.com.br/jogo/4-lead,4-lead
Pescado Novo,7.22,7.44,279,https://ludopedia.com.br/jogo/pescado-novo,pescado-novo
Sator Arepo Tenet Opera Rotas: Malleus Maleficarum,7.22,7.89,91,https://ludopedia.com.br/jogo/sator-arepo-tenet-opera-rotas-malleus-maleficarum,sator-arepo-tenet-opera-rotas-malleus-maleficarum
Império Lendário,7.22,7.52,205,https://ludopedia.com.br/jogo/imperio-lendario,imperio-lendario
Kingdom Legacy: Reino Feudal,7.22,8.08,71,https://ludopedia.com.br/jogo/kingdom-legacy-feudal-kingdom,kingdom-legacy-feudal-kingdom
Bonsai,7.22,7.83,101,https://ludopedia.com.br/jogo/bonsai,bonsai
Telma (3ª edição),7.22,7.56,179,https://ludopedia.com.br/jogo/telma-3-edicao,telma-3-edicao
Zombicide: White Death,7.22,8.83,38,https://ludopedia.com.br/jogo/zombicide-white-death,zombicide-white-death
The Climbers,7.22,7.52,207,https://ludopedia.com.br/jogo/the-climbers,the-climbers
My Village,7.22,7.81,103,https://ludopedia.com.br/jogo/my-village,my-village
Love Letter Premium,7.22,8.09,70,https://ludopedia.com.br/jogo/love-letter-premium,love-letter-premium
Minos: Aurora da Idade do Bronze,7.22,8.27,58,https://ludopedia.com.br/jogo/minos-dawn-of-the-bronze-age,minos-dawn-of-the-bronze-age
Dungeon Mayhem: Monster Madness,7.22,8.34,54,https://ludopedia.com.br/jogo/dungeon-mayhem-monster-madness,dungeon-mayhem-monster-madness
Os Palácios de Carrara: Segunda Edição,7.21,7.75,113,https://ludopedia.com.br/jogo/the-palaces-of-carrara-second-edition,the-palaces-of-carrara-second-edition
Zuera,7.21,8.07,71,https://ludopedia.com.br/jogo/zuera,zuera
Matryoshka,7.21,7.32,583,https://ludopedia.com.br/jogo/matryoshka,matryoshka
Unmatched: The Witcher - A Queda dos Reinos,7.21,9.11,32,https://ludopedia.com.br/jogo/unmatched-the-witcher-realms-fall,unmatched-the-witcher-realms-fall
Avenue - Edição Especial,7.21,7.52,199,https://ludopedia.com.br/jogo/avenue-edicao-especial,avenue-edicao-especial
Virtù,7.21,7.75,112,https://ludopedia.com.br/jogo/virtu,virtu
Sherlock,7.21,7.36,395,https://ludopedia.com.br/jogo/sherlock-13,sherlock-13
Senda Zen,7.21,8.24,59,https://ludopedia.com.br/jogo/senda-zen,senda-zen
Pickomino,7.21,7.44,260,https://ludopedia.com.br/jogo/pickomino-heckmeck-am-bratwurmeck,pickomino-heckmeck-am-bratwurmeck
Otys,7.21,7.59,161,https://ludopedia.com.br/jogo/otys,otys
Great Western Trail: El Paso,7.21,7.93,84,https://ludopedia.com.br/jogo/great-western-trail-el-paso,great-western-trail-el-paso
"O Bom, o Mau e o Bode",7.21,7.97,79,https://ludopedia.com.br/jogo/o-bom-o-mau-e-o-bode,o-bom-o-mau-e-o-bode
Shadows: Amsterdam,7.21,7.49,214,https://ludopedia.com.br/jogo/shadows-amsterdam,shadows-amsterdam
Deep Sea Adventure,7.21,7.3,643,https://ludopedia.com.br/jogo/deep-sea-adventure,deep-sea-adventure
Feljong,7.21,8.93,35,https://ludopedia.com.br/jogo/feljong,feljong
Luthier,7.21,8.65,42,https://ludopedia.com.br/jogo/luthier,luthier
Rise of Augustus,7.21,7.69,124,https://ludopedia.com.br/jogo/rise-of-augustus,rise-of-augustus
Break the Cube,7.21,7.82,98,https://ludopedia.com.br/jogo/break-the-cube,break-the-cube
Dorfromantik: Sakura,7.21,8.72,40,https://ludopedia.com.br/jogo/dorfromantik-sakura,dorfromantik-sakura
Level 10,7.21,7.8,101,https://ludopedia.com.br/jogo/level-10,level-10
Space Hulk: Death Angel - The Card Game,7.21,7.9,87,https://ludopedia.com.br/jogo/space-hulk-death-angel-the-card-game,space-hulk-death-angel-the-card-game
Cidades Sombrias: Bristol 1350,7.21,7.72,118,https://ludopedia.com.br/jogo/bristol-1350,bristol-1350
Fairy Tile,7.2,7.41,297,https://ludopedia.com.br/jogo/fairy-tile,fairy-tile
New Eden Project,7.2,7.89,88,https://ludopedia.com.br/jogo/new-eden-project,new-eden-project
Star Wars: Destiny - Jogo para 2 Jogadores,7.2,7.65,134,https://ludopedia.com.br/jogo/star-wars-destiny-two-player-game,star-wars-destiny-two-player-game
Savannah Park,7.2,7.78,105,https://ludopedia.com.br/jogo/savannah-park,savannah-park
5-Minute Dungeon,7.2,7.49,207,https://ludopedia.com.br/jogo/5-minute-dungeon,5-minute-dungeon
Maharaja: The Game of Palace Building in India,7.2,7.79,102,https://ludopedia.com.br/jogo/maharaja-the-game-of-palace-building-in-india,maharaja-the-game-of-palace-building-in-india
Star Realms: Colony Wars,7.2,8.48,47,https://ludopedia.com.br/jogo/star-realms-colony-wars,star-realms-colony-wars
Saint Petersburg (second edition),7.2,8.11,66,https://ludopedia.com.br/jogo/saint-petersburg-second-edition,saint-petersburg-second-edition
Adrenaline,7.2,7.71,118,https://ludopedia.com.br/jogo/adrenaline,adrenaline
Startups,7.2,7.55,174,https://ludopedia.com.br/jogo/startups,startups
Weather Machine,7.2,8.18,61,https://ludopedia.com.br/jogo/weather-machine,weather-machine
CO2,7.2,7.86,90,https://ludopedia.com.br/jogo/co2,co2
Kameloot,7.2,7.63,139,https://ludopedia.com.br/jogo/kameloot,kameloot
Bruxelles 1897,7.2,7.57,161,https://ludopedia.com.br/jogo/bruxelles-1897,bruxelles-1897
Bus,7.2,7.93,82,https://ludopedia.com.br/jogo/bus,bus
Timeline: Invenções,7.2,7.3,590,https://ludopedia.com.br/jogo/timeline-inventions,timeline-inventions
Krosmaster Arena,7.2,7.31,540,https://ludopedia.com.br/jogo/krosmaster-arena,krosmaster-arena
The Palaces of Carrara,7.19,7.75,108,https://ludopedia.com.br/jogo/the-palaces-of-carrara,the-palaces-of-carrara
Break the Code,7.19,7.63,136,https://ludopedia.com.br/jogo/break-the-code,break-the-code
The World of Smog: On Her Majesty's Service,7.19,7.95,79,https://ludopedia.com.br/jogo/the-world-of-smog-on-her-majesty-s-service,the-world-of-smog-on-her-majesty-s-service
SeaFall Legacy,7.19,7.51,189,https://ludopedia.com.br/jogo/seafall,seafall
Quarto!,7.19,7.64,134,https://ludopedia.com.br/jogo/quarto,quarto
Scarabya,7.19,7.36,345,https://ludopedia.com.br/jogo/scarabya,scarabya
Heróis de San Villano,7.19,7.51,187,https://ludopedia.com.br/jogo/herois-de-san-villano,herois-de-san-villano
Don Capollo,7.19,7.35,383,https://ludopedia.com.br/jogo/don-capollo,don-capollo
Space Base,7.19,7.61,143,https://ludopedia.com.br/jogo/space-base,space-base
Lotta Rome,7.19,7.88,86,https://ludopedia.com.br/jogo/rome-in-a-day,rome-in-a-day
Drillit! A Fuga da Montanha de Cristal,7.19,7.36,355,https://ludopedia.com.br/jogo/drillit-a-fuga-da-montanha-de-cristal,drillit-a-fuga-da-montanha-de-cristal
Rialto,7.19,7.64,133,https://ludopedia.com.br/jogo/rialto,rialto
Brick Like This!,7.19,7.8,97,https://ludopedia.com.br/jogo/brick-like-this,brick-like-this
Tannhäuser,7.19,8.18,60,https://ludopedia.com.br/jogo/tannhauser,tannhauser
Castell,7.19,8.29,54,https://ludopedia.com.br/jogo/castell,castell
My Little Scythe,7.19,7.87,87,https://ludopedia.com.br/jogo/my-little-scythe,my-little-scythe
Masmorra de Dados,7.19,7.33,425,https://ludopedia.com.br/jogo/masmorra-de-dados,masmorra-de-dados
Eleven: Um Jogo de Gerenciamento de Futebol,7.19,7.63,135,https://ludopedia.com.br/jogo/eleven-football-manager-board-game,eleven-football-manager-board-game
Ultimate Werewolf: Deluxe Edition,7.18,7.93,79,https://ludopedia.com.br/jogo/ultimate-werewolf-deluxe-edition,ultimate-werewolf-deluxe-edition
Container,7.18,7.98,74,https://ludopedia.com.br/jogo/container,container
Imagem & Ação 2,7.18,7.25,869,https://ludopedia.com.br/jogo/imagem-acao-2,imagem-acao-2
Oh My Brain,7.18,7.67,123,https://ludopedia.com.br/jogo/oh-my-brain,oh-my-brain
Recto Verso,7.18,7.58,151,https://ludopedia.com.br/jogo/recto-verso,recto-verso
Scrabble / Palavras Cruzadas,7.18,7.29,560,https://ludopedia.com.br/jogo/scrabble,scrabble
Infiltrado,7.18,7.48,196,https://ludopedia.com.br/jogo/the-chameleon,the-chameleon
Dark Ages: Holy Roman Empire,7.18,8.82,36,https://ludopedia.com.br/jogo/dark-ages-holy-roman-empire,dark-ages-holy-roman-empire
Mixtapes,7.18,7.89,83,https://ludopedia.com.br/jogo/mixtapes,mixtapes
Fae,7.18,7.39,281,https://ludopedia.com.br/jogo/fae,fae
Maré Alta,7.18,7.36,323,https://ludopedia.com.br/jogo/turn-the-tide,turn-the-tide
Speed Cups,7.18,7.52,172,https://ludopedia.com.br/jogo/speed-cups,speed-cups
Vampiro: A Máscara – Vendetta,7.18,7.66,122,https://ludopedia.com.br/jogo/vampire-the-masquerade-vendetta,vampire-the-masquerade-vendetta
Taluva,7.18,7.58,147,https://ludopedia.com.br/jogo/taluva,taluva
Manopla do Infinito: Um Jogo Love Letter,7.18,7.32,423,https://ludopedia.com.br/jogo/infinity-gauntlet-a-love-letter-game,infinity-gauntlet-a-love-letter-game
After The Empire,7.18,8.1,64,https://ludopedia.com.br/jogo/after-the-empire,after-the-empire
Dogs' Day,7.18,7.78,98,https://ludopedia.com.br/jogo/dogs-day,dogs-day
Kronologic: Paris 1920,7.18,7.83,90,https://ludopedia.com.br/jogo/kronologic-paris-1920,kronologic-paris-1920
Costa Ruana,7.18,7.49,190,https://ludopedia.com.br/jogo/costa-ruana,costa-ruana
TEAM3: Edição Verde,7.18,8.01,70,https://ludopedia.com.br/jogo/team3-green,team3-green
ONDA,7.17,8.08,65,https://ludopedia.com.br/jogo/onda,onda
Dorfromantik: The Duel,7.17,8.35,50,https://ludopedia.com.br/jogo/dorfromantik-the-duel,dorfromantik-the-duel
Ozob: A Cyberpunk Board Game,7.17,8.85,35,https://ludopedia.com.br/jogo/ozob-a-cyberpunk-board-game,ozob-a-cyberpunk-board-game
Last Friday,7.17,7.38,279,https://ludopedia.com.br/jogo/last-friday,last-friday
The Speicherstadt,7.17,7.66,121,https://ludopedia.com.br/jogo/the-speicherstadt,the-speicherstadt
Munchkin: Loot Letter,7.17,7.39,273,https://ludopedia.com.br/jogo/munchkin-loot-letter,munchkin-loot-letter
Imperial Miners,7.17,7.77,97,https://ludopedia.com.br/jogo/imperial-miners,imperial-miners
Stockpile,7.17,7.94,76,https://ludopedia.com.br/jogo/stockpile,stockpile
Railroad Ink: Edição Vermelho Ardente,7.17,7.48,187,https://ludopedia.com.br/jogo/railroad-ink-blazing-red-edition,railroad-ink-blazing-red-edition
Cartagena,7.17,7.48,186,https://ludopedia.com.br/jogo/cartagena,cartagena
Disney Coup: Artimanhas Ardilosas,7.17,7.5,177,https://ludopedia.com.br/jogo/disney-coup-artimanhas-ardilosas,disney-coup-artimanhas-ardilosas
Os Pilares da Terra: O Jogo de Cartas,7.17,7.48,184,https://ludopedia.com.br/jogo/die-saulen-der-erde-das-kartenspiel,die-saulen-der-erde-das-kartenspiel
Disney Villainous: Evil Comes Prepared,7.17,8.31,51,https://ludopedia.com.br/jogo/disney-villainous-evil-comes-prepared,disney-villainous-evil-comes-prepared
Crop Rotation,7.16,7.67,116,https://ludopedia.com.br/jogo/crop-rotation,crop-rotation
Rune Stones,7.16,8.17,58,https://ludopedia.com.br/jogo/rune-stones,rune-stones
Masai,7.16,7.89,80,https://ludopedia.com.br/jogo/masai,masai
Terramara,7.16,7.93,76,https://ludopedia.com.br/jogo/terramara,terramara
Luz Final,7.16,8.35,49,https://ludopedia.com.br/jogo/last-light,last-light
Merchants of the Dark Road,7.16,7.85,84,https://ludopedia.com.br/jogo/merchants-of-the-dark-road,merchants-of-the-dark-road
SpellBook,7.16,7.44,205,https://ludopedia.com.br/jogo/spellbook,spellbook
Historia,7.16,8.01,68,https://ludopedia.com.br/jogo/historia,historia
ColorFox,7.16,7.43,217,https://ludopedia.com.br/jogo/colorfox,colorfox
Kluster,7.16,7.41,229,https://ludopedia.com.br/jogo/kluster,kluster
Os Maus Companheiros,7.16,7.45,197,https://ludopedia.com.br/jogo/goodcritters,goodcritters
WAR: Vikings,7.16,7.28,478,https://ludopedia.com.br/jogo/war-vikings,war-vikings
Dungeons & Dragons: Conquest of Nerath Board Game,7.16,8.07,63,https://ludopedia.com.br/jogo/dungeons-dragons-conquest-of-nerath-board-game,dungeons-dragons-conquest-of-nerath-board-game
LEVEL 7 [Omega Protocol],7.16,8.23,54,https://ludopedia.com.br/jogo/level-7-omega-protocol,level-7-omega-protocol
Protocolo Scintilla,7.16,9.15,29,https://ludopedia.com.br/jogo/protocolo-scintilla,protocolo-scintilla
Anno 1800: The Board Game,7.16,7.97,71,https://ludopedia.com.br/jogo/anno-1800-the-board-game,anno-1800-the-board-game
Thief's Market,7.16,7.31,380,https://ludopedia.com.br/jogo/thief-s-market,thief-s-market
Crystal Palace,7.16,7.91,77,https://ludopedia.com.br/jogo/crystal-palace,crystal-palace
Kemet: Blood and Sand – Kickstarter Edition,7.15,8.96,32,https://ludopedia.com.br/jogo/kemet-blood-and-sand-kickstarter-edition,kemet-blood-and-sand-kickstarter-edition
Telma,7.15,7.33,327,https://ludopedia.com.br/jogo/telma,telma
Harry Potter: Estupefaça!,7.15,7.55,146,https://ludopedia.com.br/jogo/stupefy,stupefy
Ghosts of Christmas,7.15,8.05,64,https://ludopedia.com.br/jogo/ghosts-of-christmas,ghosts-of-christmas
Foto Perfeita,7.15,7.5,164,https://ludopedia.com.br/jogo/picture-perfect,picture-perfect
Carcassonne: Safari,7.15,7.82,87,https://ludopedia.com.br/jogo/carcassonne-safari,carcassonne-safari
Egizia,7.15,8.15,58,https://ludopedia.com.br/jogo/egizia,egizia
Vindication,7.15,8.01,67,https://ludopedia.com.br/jogo/vindication,vindication
Viagem no Tempo,7.15,7.47,183,https://ludopedia.com.br/jogo/viagem-no-tempo,viagem-no-tempo
Livros do Tempo,7.15,7.81,87,https://ludopedia.com.br/jogo/books-of-time,books-of-time
Saltfjord,7.15,8.14,58,https://ludopedia.com.br/jogo/saltfjord,saltfjord
The Fox in the Forest,7.15,7.71,102,https://ludopedia.com.br/jogo/the-fox-in-the-forest,the-fox-in-the-forest
Breachers - Fendas de Sempreterna,7.15,9.55,24,https://ludopedia.com.br/jogo/breachers-fendas-de-sempreterna,breachers-fendas-de-sempreterna
The Manhattan Project: Chain Reaction,7.15,7.3,371,https://ludopedia.com.br/jogo/the-manhattan-project-chain-reaction,the-manhattan-project-chain-reaction
Shipyard (Second Edition),7.15,8.37,47,https://ludopedia.com.br/jogo/shipyard-second-edition,shipyard-second-edition
Elfenland,7.15,7.51,159,https://ludopedia.com.br/jogo/elfenland,elfenland
The Night Cage,7.15,7.89,77,https://ludopedia.com.br/jogo/the-night-cage,the-night-cage
Ticket to Ride: Märklin,7.15,8.06,63,https://ludopedia.com.br/jogo/ticket-to-ride-marklin,ticket-to-ride-marklin
Medievalia,7.15,7.33,309,https://ludopedia.com.br/jogo/medievalia,medievalia
Colheita de Dados,7.14,7.3,365,https://ludopedia.com.br/jogo/harvest-dice,harvest-dice
The Binding of Isaac: Four Souls (2nd Edition),7.14,8.17,56,https://ludopedia.com.br/jogo/the-binding-of-isaac-four-souls-2nd-edition,the-binding-of-isaac-four-souls-2nd-edition
Pit Crew,7.14,7.61,123,https://ludopedia.com.br/jogo/pit-formula,pit-formula
Egizia: Shifting Sands,7.14,8.26,51,https://ludopedia.com.br/jogo/egizia-shifting-sands,egizia-shifting-sands
Operação Natal,7.14,9.86,21,https://ludopedia.com.br/jogo/operacao-natal,operacao-natal
King's Gold,7.14,7.28,395,https://ludopedia.com.br/jogo/king-s-gold,king-s-gold
Pyramido,7.14,8.01,65,https://ludopedia.com.br/jogo/pyramido,pyramido
5 Torres,7.14,7.49,162,https://ludopedia.com.br/jogo/5-towers,5-towers
Musa,7.14,7.51,151,https://ludopedia.com.br/jogo/muse,muse
Pandemic: Zona Crítica - Europa,7.14,7.64,113,https://ludopedia.com.br/jogo/pandemic-hot-zone-europe,pandemic-hot-zone-europe
The Werewolves of Miller's Hollow,7.13,7.55,135,https://ludopedia.com.br/jogo/the-werewolves-of-miller-s-hollow,the-werewolves-of-miller-s-hollow
Shinkansen: Zero Kei,7.13,7.56,133,https://ludopedia.com.br/jogo/shinkansen-zero-kei,shinkansen-zero-kei
Stranger Things: Mundo Invertido,7.13,7.88,76,https://ludopedia.com.br/jogo/stranger-things-upside-down,stranger-things-upside-down
Carcassonne: Star Wars,7.13,7.39,225,https://ludopedia.com.br/jogo/carcassonne-star-wars,carcassonne-star-wars
Unfair,7.13,7.98,67,https://ludopedia.com.br/jogo/unfair,unfair
Scream: The Game,7.13,7.89,75,https://ludopedia.com.br/jogo/scream-the-game,scream-the-game
Small World Underground,7.13,7.83,81,https://ludopedia.com.br/jogo/small-world-underground,small-world-underground
Planta Nubo,7.13,8.7,36,https://ludopedia.com.br/jogo/planta-nubo,planta-nubo
Roda de Tricô,7.13,8.22,52,https://ludopedia.com.br/jogo/knitting-circle,knitting-circle
Street Art,7.13,8.07,60,https://ludopedia.com.br/jogo/street-art,street-art
King of Tokyo: Duel,7.13,7.86,77,https://ludopedia.com.br/jogo/king-of-tokyo-duel,king-of-tokyo-duel
Hierarquia - Egito,7.13,8.95,31,https://ludopedia.com.br/jogo/hierarquia-egito,hierarquia-egito
Possessão Arcana,7.13,7.55,134,https://ludopedia.com.br/jogo/possessao-arcana,possessao-arcana
Escape: A Maldição do Templo,7.13,7.42,191,https://ludopedia.com.br/jogo/escape-the-curse-of-the-temple,escape-the-curse-of-the-temple
Onde foi parar meu osso?,7.13,9.14,28,https://ludopedia.com.br/jogo/onde-foi-parar-meu-osso,onde-foi-parar-meu-osso
Criaturas Maravilhosas,7.13,8.41,44,https://ludopedia.com.br/jogo/wondrous-creatures,wondrous-creatures
DP6 - Deepsix,7.13,7.56,131,https://ludopedia.com.br/jogo/dp6-deepsix,dp6-deepsix
Aeon's End: The New Age,7.13,9.38,25,https://ludopedia.com.br/jogo/aeon-s-end-the-new-age,aeon-s-end-the-new-age
Drako: Dragon & Dwarves,7.12,7.49,153,https://ludopedia.com.br/jogo/drako-dragon-dwarves,drako-dragon-dwarves
Timeline: Eventos Históricos,7.12,7.37,232,https://ludopedia.com.br/jogo/timeline-events,timeline-events
Colors of Paris,7.12,7.62,114,https://ludopedia.com.br/jogo/colors-of-paris,colors-of-paris
Ultimate Warriorz,7.12,7.36,236,https://ludopedia.com.br/jogo/ultimate-warriorz,ultimate-warriorz
The Game,7.12,7.37,228,https://ludopedia.com.br/jogo/the-game,the-game
Bamboo,7.12,7.74,90,https://ludopedia.com.br/jogo/bamboo,bamboo
Explorers of the North Sea,7.12,7.95,68,https://ludopedia.com.br/jogo/explorers-of-the-north-sea,explorers-of-the-north-sea
Mage Wars Arena,7.12,8.37,45,https://ludopedia.com.br/jogo/mage-wars-arena,mage-wars-arena
Um Império em Oito-Minutos,7.12,7.29,324,https://ludopedia.com.br/jogo/eight-minute-empire,eight-minute-empire
Holmes: Sherlock & Mycroft,7.12,7.35,243,https://ludopedia.com.br/jogo/holmes-sherlock-mycroft,holmes-sherlock-mycroft
Trick of the Rails,7.12,7.49,152,https://ludopedia.com.br/jogo/trick-of-the-rails,trick-of-the-rails
Bravo!,7.12,8.45,42,https://ludopedia.com.br/jogo/bravo,bravo
Mystic Vale,7.12,7.71,95,https://ludopedia.com.br/jogo/mystic-vale,mystic-vale
First Class: All Aboard the Orient Express,7.12,7.85,76,https://ludopedia.com.br/jogo/first-class-all-aboard-the-orient-express,first-class-all-aboard-the-orient-express
É Top!?: Geek & Pop,7.12,7.32,276,https://ludopedia.com.br/jogo/e-top-geek-pop,e-top-geek-pop
Tinners' Trail: Edição Expandida,7.12,7.8,82,https://ludopedia.com.br/jogo/tinners-trail-second-edition,tinners-trail-second-edition
Founders of Teotihuacan,7.12,7.6,116,https://ludopedia.com.br/jogo/founders-of-teotihuacan,founders-of-teotihuacan
Winner's Circle,7.12,8.06,59,https://ludopedia.com.br/jogo/winner-s-circle,winner-s-circle
Jenga,7.12,7.16,1242,https://ludopedia.com.br/jogo/jenga,jenga
Sand,7.12,7.87,74,https://ludopedia.com.br/jogo/sand,sand
Zurvivors Cooperação,7.11,7.74,89,https://ludopedia.com.br/jogo/zurvivors-cooperacao,zurvivors-cooperacao
Helvetia,7.11,7.87,74,https://ludopedia.com.br/jogo/helvetia,helvetia
Shakespeare (I),7.11,8.07,58,https://ludopedia.com.br/jogo/shakespeare-i,shakespeare-i
The Downfall of Pompeii,7.11,7.73,90,https://ludopedia.com.br/jogo/the-downfall-of-pompeii,the-downfall-of-pompeii
Glen More II: Chronicles,7.11,8.05,59,https://ludopedia.com.br/jogo/glen-more-ii-chronicles,glen-more-ii-chronicles
The Witcher: Path of Destiny,7.11,8.2,51,https://ludopedia.com.br/jogo/the-witcher-path-of-destiny,the-witcher-path-of-destiny
Star Wars: The Deckbuilding Game – Clone Wars Edition,7.11,8.75,34,https://ludopedia.com.br/jogo/star-wars-the-deckbuilding-game-clone-wars-edition,star-wars-the-deckbuilding-game-clone-wars-edition
Beer & Bread,7.11,8.01,62,https://ludopedia.com.br/jogo/beer-bread,beer-bread
Bang! Pocket,7.11,7.2,639,https://ludopedia.com.br/jogo/bang-pocket,bang-pocket
Bode of War,7.11,7.25,386,https://ludopedia.com.br/jogo/ziegen-kriegen,ziegen-kriegen
Descent: Journeys in the Dark,7.11,8.02,61,https://ludopedia.com.br/jogo/descent-journeys-in-the-dark,descent-journeys-in-the-dark
Near and Far,7.11,8.16,53,https://ludopedia.com.br/jogo/near-and-far,near-and-far
The Staufer Dynasty,7.11,7.96,65,https://ludopedia.com.br/jogo/the-staufer-dynasty,the-staufer-dynasty
Spyfall 2,7.11,7.56,124,https://ludopedia.com.br/jogo/spyfall-2,spyfall-2
Daitoshi,7.11,8.37,44,https://ludopedia.com.br/jogo/daitoshi,daitoshi
Tatsu (I),7.11,7.61,110,https://ludopedia.com.br/jogo/tatsu-i,tatsu-i
Paperback,7.11,7.71,92,https://ludopedia.com.br/jogo/paperback,paperback
The Estates,7.11,7.97,64,https://ludopedia.com.br/jogo/the-estates,the-estates
The Guild of Merchant Explorers,7.11,7.93,67,https://ludopedia.com.br/jogo/the-guild-of-merchant-explorers,the-guild-of-merchant-explorers
Orchestra,7.1,9.15,27,https://ludopedia.com.br/jogo/orchestra,orchestra
Dogs: Card Game,7.1,7.32,251,https://ludopedia.com.br/jogo/dogs-card-game,dogs-card-game
London,7.1,8.18,51,https://ludopedia.com.br/jogo/london,london
The Colonists,7.1,8.02,60,https://ludopedia.com.br/jogo/the-colonists,the-colonists
De Vulgari Eloquentia,7.1,7.9,69,https://ludopedia.com.br/jogo/de-vulgari-eloquentia,de-vulgari-eloquentia
Teseu,7.1,7.94,66,https://ludopedia.com.br/jogo/teseu,teseu
Gran Circo,7.1,7.44,164,https://ludopedia.com.br/jogo/gran-circo,gran-circo
Yangtze,7.1,7.4,187,https://ludopedia.com.br/jogo/lanterns-the-harvest-festival,lanterns-the-harvest-festival
Agent Avenue,7.1,7.65,100,https://ludopedia.com.br/jogo/agent-avenue,agent-avenue
La Isla,7.1,7.52,133,https://ludopedia.com.br/jogo/la-isla,la-isla
Similo: Harry Potter,7.1,7.59,113,https://ludopedia.com.br/jogo/similo-harry-potter,similo-harry-potter
The Druids of Edora,7.1,8.47,40,https://ludopedia.com.br/jogo/the-druids-of-edora,the-druids-of-edora
Carnegie - Edição Deluxe,7.1,8.87,31,https://ludopedia.com.br/jogo/carnegie-deluxe-edition,carnegie-deluxe-edition
Tiger & Dragon,7.1,7.74,85,https://ludopedia.com.br/jogo/tiger-dragon,tiger-dragon
PitchCar,7.1,7.73,87,https://ludopedia.com.br/jogo/pitchcar,pitchcar
Dobrões,7.1,8.0,61,https://ludopedia.com.br/jogo/dobroes,dobroes
Yellow & Yangtze,7.1,8.34,44,https://ludopedia.com.br/jogo/yellow-yangtze,yellow-yangtze
Twilight Inscription,7.1,7.49,140,https://ludopedia.com.br/jogo/twilight-inscription,twilight-inscription
Trapwords,7.1,7.77,81,https://ludopedia.com.br/jogo/trapwords,trapwords
Tiny Epic Cthulhu,7.1,8.58,37,https://ludopedia.com.br/jogo/tiny-epic-cthulhu,tiny-epic-cthulhu
Quilombolas – O Refúgio dos Palmares,7.09,9.12,27,https://ludopedia.com.br/jogo/quilombolas-o-refugio-dos-palmares,quilombolas-o-refugio-dos-palmares
Frost Shelter,7.09,7.49,139,https://ludopedia.com.br/jogo/frost-shelter,frost-shelter
Cottage Garden,7.09,7.66,96,https://ludopedia.com.br/jogo/cottage-garden,cottage-garden
Alma Mater,7.09,7.94,65,https://ludopedia.com.br/jogo/alma-mater,alma-mater
Hellapagos,7.09,7.55,121,https://ludopedia.com.br/jogo/hellapagos,hellapagos
BattleLore: Second Edition,7.09,8.02,59,https://ludopedia.com.br/jogo/battlelore-second-edition,battlelore-second-edition
Timeline: Clássico,7.09,7.24,373,https://ludopedia.com.br/jogo/timeline-classic,timeline-classic
Dungeon Drop,7.09,7.42,168,https://ludopedia.com.br/jogo/dungeon-drop,dungeon-drop
Love Letter: Adventure Time,7.09,7.77,81,https://ludopedia.com.br/jogo/love-letter-adventure-time,love-letter-adventure-time
MicroMacro: A Cidade do Crime - Full House,7.09,7.96,63,https://ludopedia.com.br/jogo/micromacro-crime-city-full-house,micromacro-crime-city-full-house
Rallyman: DIRT,7.09,7.75,83,https://ludopedia.com.br/jogo/rallyman-dirt,rallyman-dirt
Cubitos,7.09,8.1,54,https://ludopedia.com.br/jogo/cubitos,cubitos
Fila Filo - Formigas na Teia,7.09,7.51,128,https://ludopedia.com.br/jogo/spinderella,spinderella
My City,7.09,7.97,62,https://ludopedia.com.br/jogo/my-city,my-city
Wiz-War (Eighth Edition),7.09,7.64,98,https://ludopedia.com.br/jogo/wiz-war-eighth-edition,wiz-war-eighth-edition
Fresco: Big Box,7.09,8.3,45,https://ludopedia.com.br/jogo/fresco-big-box,fresco-big-box
Asara,7.09,7.98,61,https://ludopedia.com.br/jogo/asara,asara
Suspeição,7.09,8.78,32,https://ludopedia.com.br/jogo/suspeicao,suspeicao
The Pursuit of Happiness,7.09,8.02,58,https://ludopedia.com.br/jogo/the-pursuit-of-happiness,the-pursuit-of-happiness
Petisco,7.09,9.35,24,https://ludopedia.com.br/jogo/petisco,petisco
Automobile,7.08,7.75,82,https://ludopedia.com.br/jogo/automobile,automobile
Monster Trick,7.08,7.87,69,https://ludopedia.com.br/jogo/monster-trick,monster-trick
G.I. JOE: Cartas em Ação,7.08,7.98,60,https://ludopedia.com.br/jogo/g-i-joe-deck-building-game,g-i-joe-deck-building-game
Meeple Circus,7.08,8.03,57,https://ludopedia.com.br/jogo/meeple-circus,meeple-circus
Tinderblox,7.08,7.54,118,https://ludopedia.com.br/jogo/tinderblox,tinderblox
Origins: Primeiros Construtores,7.08,7.47,138,https://ludopedia.com.br/jogo/origins-first-builders,origins-first-builders
Once Upon a Time: The Storytelling Card Game,7.08,7.61,102,https://ludopedia.com.br/jogo/once-upon-a-time-the-storytelling-card-game,once-upon-a-time-the-storytelling-card-game
51st State: Master Set,7.08,7.98,60,https://ludopedia.com.br/jogo/51st-state-master-set,51st-state-master-set
Churchill,7.08,8.66,34,https://ludopedia.com.br/jogo/churchill,churchill
Vampiro: A Máscara – Herança,7.08,7.74,82,https://ludopedia.com.br/jogo/vampire-the-masquerade-heritage,vampire-the-masquerade-heritage
Bandida,7.08,7.29,258,https://ludopedia.com.br/jogo/bandida,bandida
Skyrise,7.08,8.18,49,https://ludopedia.com.br/jogo/skyrise,skyrise
Coloretto,7.08,7.16,622,https://ludopedia.com.br/jogo/coloretto,coloretto
SixStix,7.08,7.39,170,https://ludopedia.com.br/jogo/sixstix,sixstix
Tebas,7.08,7.77,78,https://ludopedia.com.br/jogo/thebes,thebes
Black Rose Wars: Rebirth,7.08,9.07,27,https://ludopedia.com.br/jogo/black-rose-wars-rebirth,black-rose-wars-rebirth
CV,7.08,7.18,503,https://ludopedia.com.br/jogo/cv,cv
Viceroy,7.08,7.42,156,https://ludopedia.com.br/jogo/viceroy,viceroy
Arkwright,7.08,8.22,47,https://ludopedia.com.br/jogo/arkwright,arkwright
13 Clues,7.08,7.33,212,https://ludopedia.com.br/jogo/13-clues,13-clues
Marvel: Remix,7.08,7.99,59,https://ludopedia.com.br/jogo/marvel-remix,marvel-remix
The Manhattan Project: Energy Empire,7.07,8.03,56,https://ludopedia.com.br/jogo/the-manhattan-project-energy-empire,the-manhattan-project-energy-empire
Schotten Totten 2,7.07,8.56,36,https://ludopedia.com.br/jogo/schotten-totten-2,schotten-totten-2
Camel Up: The Card Game,7.07,7.46,136,https://ludopedia.com.br/jogo/camel-up-the-card-game,camel-up-the-card-game
Vikings,7.07,7.87,67,https://ludopedia.com.br/jogo/vikings,vikings
King of Monster Island,7.07,7.84,69,https://ludopedia.com.br/jogo/king-of-monster-island,king-of-monster-island
Academia,7.07,7.21,373,https://ludopedia.com.br/jogo/academia,academia
Loony Quest,7.07,7.24,317,https://ludopedia.com.br/jogo/loony-quest,loony-quest
Happy Salmon,7.07,7.36,181,https://ludopedia.com.br/jogo/happy-salmon,happy-salmon
HiFi,7.07,9.05,27,https://ludopedia.com.br/jogo/hifi,hifi
Ubongo 3D,7.07,8.2,47,https://ludopedia.com.br/jogo/ubongo-3d,ubongo-3d
Magalhães Bastos,7.07,8.28,44,https://ludopedia.com.br/jogo/magalhaes-bastos,magalhaes-bastos
Tash-Kalar: Arena of Legends,7.07,7.54,112,https://ludopedia.com.br/jogo/tash-kalar-arena-of-legends,tash-kalar-arena-of-legends
Interpol,7.07,7.16,590,https://ludopedia.com.br/jogo/scotland-yard-i,scotland-yard-i
Faith Battle,7.07,8.59,35,https://ludopedia.com.br/jogo/faith-battle,faith-battle
Darkest Dungeon: The Board Game,7.07,8.73,32,https://ludopedia.com.br/jogo/darkest-dungeon-the-board-game,darkest-dungeon-the-board-game
A Guerra dos Tronos: Card Game,7.07,7.19,419,https://ludopedia.com.br/jogo/a-game-of-thrones-the-card-game,a-game-of-thrones-the-card-game
Boonlake,7.07,8.11,51,https://ludopedia.com.br/jogo/boonlake,boonlake
Stroganov,7.06,7.84,69,https://ludopedia.com.br/jogo/stroganov,stroganov
Raids,7.06,7.57,105,https://ludopedia.com.br/jogo/raids,raids
Vírus,7.06,7.7,84,https://ludopedia.com.br/jogo/virus-i,virus-i
Power Rangers: Cartas em Ação,7.06,7.96,59,https://ludopedia.com.br/jogo/power-rangers-deck-building-game,power-rangers-deck-building-game
Corta!,7.06,7.34,194,https://ludopedia.com.br/jogo/american-bookshop,american-bookshop
Trial By Trolley,7.06,7.19,416,https://ludopedia.com.br/jogo/trial-by-trolley,trial-by-trolley
Belratti,7.06,7.8,72,https://ludopedia.com.br/jogo/belratti,belratti
Star Wars: Armada,7.06,8.5,37,https://ludopedia.com.br/jogo/star-wars-armada,star-wars-armada
Unmatched: Hell's Kitchen,7.06,8.89,29,https://ludopedia.com.br/jogo/unmatched-hell-s-kitchen,unmatched-hell-s-kitchen
Salsicha,7.06,7.77,75,https://ludopedia.com.br/jogo/salsicha,salsicha
The Fox Experiment,7.06,7.76,76,https://ludopedia.com.br/jogo/the-fox-experiment,the-fox-experiment
Corrosion,7.06,7.54,111,https://ludopedia.com.br/jogo/corrosion,corrosion
Santo Domingo,7.06,7.3,217,https://ludopedia.com.br/jogo/santo-domingo,santo-domingo
Diversidade e Inclusão,7.06,10.0,18,https://ludopedia.com.br/jogo/diversidade-e-inclusao,diversidade-e-inclusao
Warhammer Underworlds: Shadespire,7.06,8.42,39,https://ludopedia.com.br/jogo/warhammer-underworlds-shadespire,warhammer-underworlds-shadespire
Café Express,7.06,7.6,98,https://ludopedia.com.br/jogo/cafe-express,cafe-express
Brew Crafters,7.06,8.12,50,https://ludopedia.com.br/jogo/brew-crafters,brew-crafters
The Builders: Antiquity,7.06,7.5,121,https://ludopedia.com.br/jogo/the-builders-antiquity,the-builders-antiquity
Achô!,7.06,8.82,30,https://ludopedia.com.br/jogo/acho,acho
Yu-Gi-Oh! Trading Card Game,7.06,7.3,220,https://ludopedia.com.br/jogo/yu-gi-oh-trading-card-game,yu-gi-oh-trading-card-game
Midgard: The Card Game,7.06,7.33,194,https://ludopedia.com.br/jogo/midgard-the-card-game,midgard-the-card-game
Futebol de Botão,7.06,7.36,173,https://ludopedia.com.br/jogo/button-soccer,button-soccer
Railroad Tiles,7.06,7.87,65,https://ludopedia.com.br/jogo/railroad-tiles,railroad-tiles
Vossa Excelência - O Jogo Político,7.06,8.09,51,https://ludopedia.com.br/jogo/vossa-excelencia-o-jogo-politico,vossa-excelencia-o-jogo-politico
Set,7.06,7.22,327,https://ludopedia.com.br/jogo/set,set
The Castles of Burgundy: Majestic Pledge,7.06,9.84,19,https://ludopedia.com.br/jogo/the-castles-of-burgundy-majestic-pledge,the-castles-of-burgundy-majestic-pledge
Hello Kitty & Amigos: Um dia para Relaxar,7.06,7.37,166,https://ludopedia.com.br/jogo/hello-kitty-amigos-um-dia-para-relaxar,hello-kitty-amigos-um-dia-para-relaxar
Flip 7: A Vingança Nunca é Plena,7.06,7.94,60,https://ludopedia.com.br/jogo/flip-7-with-a-vengeance,flip-7-with-a-vengeance
Spectacular,7.06,7.65,89,https://ludopedia.com.br/jogo/spectacular,spectacular
Paths of Glory,7.06,9.08,26,https://ludopedia.com.br/jogo/paths-of-glory,paths-of-glory
Tianxia,7.05,8.23,45,https://ludopedia.com.br/jogo/tianxia,tianxia
Hamlet: O Jogo de Construção de Aldeia,7.05,7.64,90,https://ludopedia.com.br/jogo/hamlet-the-village-building-game,hamlet-the-village-building-game
Monopoly: Deal Jogo de Cartas,7.05,7.13,711,https://ludopedia.com.br/jogo/monopoly-deal-card-game,monopoly-deal-card-game
Castle Builder,7.05,7.7,82,https://ludopedia.com.br/jogo/castle-builder,castle-builder
Dungeon Raiders,7.05,7.31,208,https://ludopedia.com.br/jogo/dungeon-raiders,dungeon-raiders
A Fake Artist Goes to New York,7.05,7.37,166,https://ludopedia.com.br/jogo/a-fake-artist-goes-to-new-york,a-fake-artist-goes-to-new-york
Abalone / Polaris,7.05,7.46,128,https://ludopedia.com.br/jogo/abalone-polaris,abalone-polaris
Giants,7.05,7.87,64,https://ludopedia.com.br/jogo/giants,giants
Zombie Kidz: Evolução,7.05,7.82,68,https://ludopedia.com.br/jogo/zombie-kidz-evolution,zombie-kidz-evolution
Forrageio,7.05,7.77,73,https://ludopedia.com.br/jogo/forage-a-9-card-solitaire-game,forage-a-9-card-solitaire-game
Tsuro dos Mares,7.05,7.35,177,https://ludopedia.com.br/jogo/tsuro-of-the-seas,tsuro-of-the-seas
Walk the Plank: Deluxe Edition,7.05,7.35,173,https://ludopedia.com.br/jogo/walk-the-plank-deluxe-edition,walk-the-plank-deluxe-edition
Keltis: O Caminho das Pedras,7.05,7.52,112,https://ludopedia.com.br/jogo/keltis,keltis
San Juan,7.05,7.41,145,https://ludopedia.com.br/jogo/san-juan,san-juan
Commands & Colors: Ancients,7.05,8.5,36,https://ludopedia.com.br/jogo/commands-colors-ancients,commands-colors-ancients
"Hey, That's My Fish!",7.05,7.21,326,https://ludopedia.com.br/jogo/hey-that-s-my-fish,hey-that-s-my-fish
AmaZoom,7.05,7.5,116,https://ludopedia.com.br/jogo/amazoom,amazoom
The Lost Expedition,7.05,7.64,89,https://ludopedia.com.br/jogo/the-lost-expedition,the-lost-expedition
Ticket to Ride: Primeira Viagem,7.05,7.57,100,https://ludopedia.com.br/jogo/ticket-to-ride-first-journey-europe,ticket-to-ride-first-journey-europe
É Top!?: Brasil,7.05,7.63,90,https://ludopedia.com.br/jogo/e-top-brasil,e-top-brasil
Disney Coup: Truques Traiçoeiros,7.05,7.42,140,https://ludopedia.com.br/jogo/disney-coup-truques-traicoeiros,disney-coup-truques-traicoeiros
Exploding Kittens: Bem vs. Mal,7.05,7.67,84,https://ludopedia.com.br/jogo/exploding-kittens-good-vs-evil,exploding-kittens-good-vs-evil
Stick 'Em,7.05,7.9,61,https://ludopedia.com.br/jogo/stick-em,stick-em
Cobogó,7.05,8.14,48,https://ludopedia.com.br/jogo/cobogo,cobogo
Escape Tales: Memória Baixa,7.05,7.77,72,https://ludopedia.com.br/jogo/escape-tales-low-memory,escape-tales-low-memory
Majesty: For the Realm,7.04,7.71,78,https://ludopedia.com.br/jogo/majesty-for-the-realm,majesty-for-the-realm
Dobble Connect,7.04,7.69,81,https://ludopedia.com.br/jogo/dobble-connect,dobble-connect
Blood Bowl: Team Manager - The Card Game,7.04,7.82,67,https://ludopedia.com.br/jogo/blood-bowl-team-manager-the-card-game,blood-bowl-team-manager-the-card-game
LHAMA Dados,7.04,7.29,213,https://ludopedia.com.br/jogo/lama-dice,lama-dice
Formula POP,7.04,8.31,41,https://ludopedia.com.br/jogo/formula-pop,formula-pop
Tiny Epic Kingdoms,7.04,7.33,179,https://ludopedia.com.br/jogo/tiny-epic-kingdoms,tiny-epic-kingdoms
Aquarium,7.04,7.36,160,https://ludopedia.com.br/jogo/aquarium,aquarium
Rasher,7.04,8.24,43,https://ludopedia.com.br/jogo/rasher,rasher
Tapple,7.04,7.4,145,https://ludopedia.com.br/jogo/tapple,tapple
Zoo Vadis,7.04,8.07,50,https://ludopedia.com.br/jogo/zoo-vadis,zoo-vadis
Oak,7.04,7.57,97,https://ludopedia.com.br/jogo/oak,oak
Folklore: The Affliction,7.04,8.33,40,https://ludopedia.com.br/jogo/folklore-the-affliction,folklore-the-affliction
Harvest (II),7.04,8.3,41,https://ludopedia.com.br/jogo/harvest-ii,harvest-ii
Cores com Dicas,7.04,7.14,483,https://ludopedia.com.br/jogo/hues-and-cues,hues-and-cues
Superstore 3000,7.03,7.64,86,https://ludopedia.com.br/jogo/superstore-3000,superstore-3000
Scotland Yard,7.03,7.07,1390,https://ludopedia.com.br/jogo/221b-baker-street-the-master-detective-game,221b-baker-street-the-master-detective-game
Modern Art Card Game,7.03,7.31,190,https://ludopedia.com.br/jogo/modern-art-card-game,modern-art-card-game
Ninja Camp,7.03,7.22,279,https://ludopedia.com.br/jogo/ninja-camp,ninja-camp
RA: Pharaoh Edition,7.03,9.02,26,https://ludopedia.com.br/jogo/ra-pharaoh-edition,ra-pharaoh-edition
Vasco da Gama,7.03,7.88,61,https://ludopedia.com.br/jogo/vasco-da-gama,vasco-da-gama
Alhambra: Big Box,7.03,7.91,59,https://ludopedia.com.br/jogo/alhambra-big-box,alhambra-big-box
Cleopatra and the Society of Architects,7.03,7.56,97,https://ludopedia.com.br/jogo/cleopatra-and-the-society-of-architects,cleopatra-and-the-society-of-architects
LaLaLa,7.03,7.85,63,https://ludopedia.com.br/jogo/lalala,lalala
Cave Troll,7.03,7.53,103,https://ludopedia.com.br/jogo/cave-troll,cave-troll
Romi Rami,7.03,7.79,68,https://ludopedia.com.br/jogo/romi-rami,romi-rami
War Chest,7.03,8.02,52,https://ludopedia.com.br/jogo/war-chest,war-chest
Tokaido - Collector's Edition,7.03,8.22,43,https://ludopedia.com.br/jogo/tokaido-collector-s-edition,tokaido-collector-s-edition
Andor Júnior,7.03,8.31,40,https://ludopedia.com.br/jogo/andor-the-family-fantasy-game,andor-the-family-fantasy-game
Exploding Kittens: Zombie Kittens,7.03,7.59,91,https://ludopedia.com.br/jogo/zombie-kittens,zombie-kittens
Conflict of Heroes: Awakening the Bear (second edition),7.03,8.63,32,https://ludopedia.com.br/jogo/conflict-of-heroes-awakening-the-bear-second-edition,conflict-of-heroes-awakening-the-bear-second-edition
Lobisomem por uma noite: Monstros,7.03,7.15,426,https://ludopedia.com.br/jogo/one-night-werewolf-monster,one-night-werewolf-monster
Jungle Speed,7.03,7.21,274,https://ludopedia.com.br/jogo/jungle-speed,jungle-speed
Bad Bones,7.03,7.36,155,https://ludopedia.com.br/jogo/bad-bones,bad-bones
Forum Trajanum,7.03,7.7,76,https://ludopedia.com.br/jogo/forum-trajanum,forum-trajanum
Combat Commander: Europe,7.03,8.63,32,https://ludopedia.com.br/jogo/combat-commander-europe,combat-commander-europe
Seven Bridges,7.02,7.58,93,https://ludopedia.com.br/jogo/seven-bridges,seven-bridges
Mountain Goats,7.02,7.49,109,https://ludopedia.com.br/jogo/mountain-goats,mountain-goats
Histórias Sinistras 4,7.02,7.61,87,https://ludopedia.com.br/jogo/black-stories-4,black-stories-4
Merchant of Venus (Second Edition),7.02,7.99,53,https://ludopedia.com.br/jogo/merchant-of-venus-second-edition,merchant-of-venus-second-edition
Plenus,7.02,7.62,85,https://ludopedia.com.br/jogo/encore,encore
Delta,7.02,8.09,48,https://ludopedia.com.br/jogo/delta,delta
Manila,7.02,7.35,155,https://ludopedia.com.br/jogo/manila,manila
Batman: Gotham City Sem Lei,7.02,7.86,61,https://ludopedia.com.br/jogo/batman-gotham-city-sem-lei,batman-gotham-city-sem-lei
Hit Z Road,7.02,7.72,73,https://ludopedia.com.br/jogo/hit-z-road,hit-z-road
Reload,7.02,7.4,133,https://ludopedia.com.br/jogo/reload,reload
Flick 'em Up!,7.02,7.12,504,https://ludopedia.com.br/jogo/flick-em-up,flick-em-up
Catan: O Jogo de Cartas,7.02,7.48,110,https://ludopedia.com.br/jogo/the-struggle-for-catan,the-struggle-for-catan
The Capitals,7.02,8.04,50,https://ludopedia.com.br/jogo/the-capitals,the-capitals
Robin Hood,7.02,7.24,231,https://ludopedia.com.br/jogo/robin-hood,robin-hood
The Builders: Middle Ages,7.02,7.25,213,https://ludopedia.com.br/jogo/the-builders-middle-ages,the-builders-middle-ages
Life of the Amazonia,7.02,9.23,23,https://ludopedia.com.br/jogo/life-of-the-amazonia,life-of-the-amazonia
Sugar Gliders (Second Edition),7.02,7.57,92,https://ludopedia.com.br/jogo/sugar-gliders-second-edition,sugar-gliders-second-edition
Unmatched: Redemption Row,7.02,9.13,24,https://ludopedia.com.br/jogo/unmatched-redemption-row,unmatched-redemption-row
Covil: Mestres das Trevas,7.02,7.17,336,https://ludopedia.com.br/jogo/covil-the-dark-overlords,covil-the-dark-overlords
EXIT: O Jogo - O Laboratório Secreto,7.02,7.36,148,https://ludopedia.com.br/jogo/exit-the-game-the-secret-lab,exit-the-game-the-secret-lab
Middle-Earth Quest,7.02,8.25,41,https://ludopedia.com.br/jogo/middle-earth-quest,middle-earth-quest
A Touch of Evil: The Supernatural Game,7.01,7.77,67,https://ludopedia.com.br/jogo/a-touch-of-evil-the-supernatural-game,a-touch-of-evil-the-supernatural-game
Patuscada,7.01,7.21,263,https://ludopedia.com.br/jogo/patuscada,patuscada
RPGQuest Dungeons,7.01,7.89,58,https://ludopedia.com.br/jogo/rpgquest-dungeons,rpgquest-dungeons
HeroQuest Game System,7.01,9.32,22,https://ludopedia.com.br/jogo/heroquest-game-system,heroquest-game-system
Beacon Patrol,7.01,7.65,80,https://ludopedia.com.br/jogo/beacon-patrol,beacon-patrol
Mancala,7.01,7.47,109,https://ludopedia.com.br/jogo/mancala,mancala
"Artifacts, Inc.",7.01,7.8,64,https://ludopedia.com.br/jogo/artifacts-inc,artifacts-inc
Avenue,7.01,7.23,223,https://ludopedia.com.br/jogo/avenue,avenue
Catan o Duelo,7.01,7.56,91,https://ludopedia.com.br/jogo/rivals-for-catan-deluxe,rivals-for-catan-deluxe
As Lendas de Andor: Chada & Thorn,7.01,7.42,122,https://ludopedia.com.br/jogo/die-legenden-von-andor-chada-thorn,die-legenden-von-andor-chada-thorn
World of Warcraft: O Jogo de Aventura,7.01,7.48,107,https://ludopedia.com.br/jogo/world-of-warcraft-the-adventure-game,world-of-warcraft-the-adventure-game
Solstis,7.01,7.59,87,https://ludopedia.com.br/jogo/solstis,solstis
The Red Dragon Inn,7.01,7.25,202,https://ludopedia.com.br/jogo/the-red-dragon-inn,the-red-dragon-inn
Checkpoint Charlie,7.0,7.34,148,https://ludopedia.com.br/jogo/checkpoint-charlie,checkpoint-charlie
Shakespeare: Sonhos de um Bardo,7.0,7.69,73,https://ludopedia.com.br/jogo/shakespeare-sonhos-de-um-bardo,shakespeare-sonhos-de-um-bardo
Caveiras de Sedlec,7.0,7.47,107,https://ludopedia.com.br/jogo/skulls-of-sedlec,skulls-of-sedlec
Reino das Catapultas,7.0,7.44,116,https://ludopedia.com.br/jogo/catapult-kingdoms-catapult-feud,catapult-kingdoms-catapult-feud
Prêt-à-Porter,7.0,7.85,59,https://ludopedia.com.br/jogo/pret-a-porter,pret-a-porter
Horrified: American Monsters,7.0,8.86,27,https://ludopedia.com.br/jogo/horrified-american-monsters,horrified-american-monsters
RPGQuest - A Jornada do Herói,7.0,7.24,209,https://ludopedia.com.br/jogo/rpgquest-a-jornada-do-heroi,rpgquest-a-jornada-do-heroi
Marvel Dice Masters: Avengers vs. X-Men,7.0,7.28,181,https://ludopedia.com.br/jogo/marvel-dice-masters-avengers-vs-x-men,marvel-dice-masters-avengers-vs-x-men
Monopoly: Deal,7.0,7.58,86,https://ludopedia.com.br/jogo/monopoly-deal,monopoly-deal
Sagrada (Remastered),7.0,8.47,34,https://ludopedia.com.br/jogo/sagrada-remastered,sagrada-remastered
Foundations of Metropolis,7.0,8.35,37,https://ludopedia.com.br/jogo/foundations-of-metropolis,foundations-of-metropolis
Strasbourg,7.0,7.72,69,https://ludopedia.com.br/jogo/strasbourg,strasbourg
Imperial Steam,7.0,7.93,54,https://ludopedia.com.br/jogo/imperial-steam,imperial-steam
Super Boss Monster,7.0,8.22,41,https://ludopedia.com.br/jogo/super-boss-monster,super-boss-monster
Pool Party Stars,7.0,7.3,169,https://ludopedia.com.br/jogo/pool-party-stars,pool-party-stars
Dice Hospital,7.0,7.64,78,https://ludopedia.com.br/jogo/dice-hospital,dice-hospital
6 nimmt!,7.0,7.72,69,https://ludopedia.com.br/jogo/6-nimmt,6-nimmt
Ramen Fury,7.0,7.26,192,https://ludopedia.com.br/jogo/ramen-fury,ramen-fury
Diplomacia,7.0,7.54,93,https://ludopedia.com.br/jogo/diplomacy,diplomacy
Pit,7.0,7.75,66,https://ludopedia.com.br/jogo/pit,pit
Roam,7.0,7.84,59,https://ludopedia.com.br/jogo/roam,roam
Onirim: Second Edition,7.0,7.33,151,https://ludopedia.com.br/jogo/onirim-second-edition,onirim-second-edition
Estranho no Ninho,7.0,7.55,90,https://ludopedia.com.br/jogo/estranho-no-ninho,estranho-no-ninho
Black Orchestra,7.0,8.13,44,https://ludopedia.com.br/jogo/black-orchestra,black-orchestra
Creature Caravan,7.0,8.18,42,https://ludopedia.com.br/jogo/creature-caravan,creature-caravan
Spyrium,7.0,7.51,96,https://ludopedia.com.br/jogo/spyrium,spyrium
Piña Coladice,6.99,7.7,70,https://ludopedia.com.br/jogo/pina-coladice,pina-coladice
Black Gold,6.99,7.97,51,https://ludopedia.com.br/jogo/black-gold,black-gold
Santa Kaos - Versão Deluxe,6.99,8.83,27,https://ludopedia.com.br/jogo/santa-kaos-versao-deluxe,santa-kaos-versao-deluxe
Stellarium,6.99,7.7,70,https://ludopedia.com.br/jogo/stellarium,stellarium
Bar Bestial,6.99,7.39,124,https://ludopedia.com.br/jogo/beasty-bar,beasty-bar
Perfil 6,6.99,7.16,295,https://ludopedia.com.br/jogo/perfil-6,perfil-6
Cidades Sombrias: Tortuga 1667,6.99,7.42,116,https://ludopedia.com.br/jogo/tortuga-1667,tortuga-1667
Hippo,6.99,7.11,400,https://ludopedia.com.br/jogo/hippo,hippo
Mindbug: Primeiro Contato,6.99,7.59,82,https://ludopedia.com.br/jogo/mindbug-first-contact,mindbug-first-contact
Deterrence 2X62,6.99,7.16,292,https://ludopedia.com.br/jogo/deterrence-2x62,deterrence-2x62
Il Vecchio,6.99,7.8,61,https://ludopedia.com.br/jogo/il-vecchio,il-vecchio
My City: Roll and Write,6.99,7.65,75,https://ludopedia.com.br/jogo/my-city-roll-build,my-city-roll-build
Sakura,6.99,7.61,79,https://ludopedia.com.br/jogo/sakura,sakura
Tokyo Highway: Rainbow City,6.99,7.87,56,https://ludopedia.com.br/jogo/tokyo-highway-rainbow-city,tokyo-highway-rainbow-city
Akrotiri,6.99,8.01,48,https://ludopedia.com.br/jogo/akrotiri,akrotiri
North American Railways,6.99,7.61,79,https://ludopedia.com.br/jogo/north-american-railways,north-american-railways
Agricola: All Creatures Big and Small – The Big Box,6.99,8.16,42,https://ludopedia.com.br/jogo/agricola-all-creatures-big-and-small-the-big-box,agricola-all-creatures-big-and-small-the-big-box
Lux Nova,6.99,7.44,109,https://ludopedia.com.br/jogo/lux-nova,lux-nova
Kraftwagen: Age of Engineering,6.98,8.81,27,https://ludopedia.com.br/jogo/kraftwagen-age-of-engineering,kraftwagen-age-of-engineering
A Study in Emerald,6.98,7.95,51,https://ludopedia.com.br/jogo/a-study-in-emerald,a-study-in-emerald
Leo,6.98,7.39,120,https://ludopedia.com.br/jogo/leo,leo
Machi Koro,6.98,7.19,238,https://ludopedia.com.br/jogo/machi-koro,machi-koro
SETUP,6.98,7.47,102,https://ludopedia.com.br/jogo/setup,setup
Vazerneiros,6.98,7.67,72,https://ludopedia.com.br/jogo/vazerneiros,vazerneiros
Rick and Morty: Total Rickall Card Game,6.98,7.11,393,https://ludopedia.com.br/jogo/rick-and-morty-total-rickall-card-game,rick-and-morty-total-rickall-card-game
District Noir,6.98,7.33,143,https://ludopedia.com.br/jogo/district-noir,district-noir
Star Wars Unlock!,6.98,7.71,67,https://ludopedia.com.br/jogo/star-wars-unlock,star-wars-unlock
Bus: 20th Anniversary Edition,6.98,8.1,44,https://ludopedia.com.br/jogo/bus-20th-anniversary-edition,bus-20th-anniversary-edition
A Song of Ice & Fire: Jogo de Miniaturas - Stark vs Lannister Jogo Base,6.98,8.31,37,https://ludopedia.com.br/jogo/a-song-of-ice-fire-tabletop-miniatures-game-stark-vs-lannister-starter-set,a-song-of-ice-fire-tabletop-miniatures-game-stark-vs-lannister-starter-set
Village Rails,6.98,7.98,49,https://ludopedia.com.br/jogo/village-rails,village-rails
Tabu,6.98,7.51,93,https://ludopedia.com.br/jogo/taboo,taboo
Caper: Europe,6.98,7.87,55,https://ludopedia.com.br/jogo/caper-europe,caper-europe
Haspelknecht: The Story of Early Coal Mining,6.98,7.98,49,https://ludopedia.com.br/jogo/haspelknecht-the-story-of-early-coal-mining,haspelknecht-the-story-of-early-coal-mining
Dungeon Rummy,6.98,8.02,47,https://ludopedia.com.br/jogo/dungeon-rummy,dungeon-rummy
Salty,6.98,7.85,56,https://ludopedia.com.br/jogo/salty,salty
Imagem & Ação - No Limite,6.98,7.17,259,https://ludopedia.com.br/jogo/imagem-acao-no-limite,imagem-acao-no-limite
Defenders of the Realm,6.98,7.79,60,https://ludopedia.com.br/jogo/defenders-of-the-realm,defenders-of-the-realm
Nimalia,6.98,7.57,83,https://ludopedia.com.br/jogo/nimalia,nimalia
Dwellings of Eldervale,6.98,8.46,33,https://ludopedia.com.br/jogo/dwellings-of-eldervale,dwellings-of-eldervale
Pablo (Primeira Edição),6.98,7.12,352,https://ludopedia.com.br/jogo/pablo-primeira-edicao,pablo-primeira-edicao
A Traça Batoteira,6.98,7.85,56,https://ludopedia.com.br/jogo/mogel-motte-cheating-moth,mogel-motte-cheating-moth
La Boca,6.98,7.66,71,https://ludopedia.com.br/jogo/la-boca,la-boca
Imperial Settlers: Empires of the North,6.98,7.88,54,https://ludopedia.com.br/jogo/imperial-settlers-empires-of-the-north,imperial-settlers-empires-of-the-north
Nations: The Dice Game,6.98,7.62,76,https://ludopedia.com.br/jogo/nations-the-dice-game,nations-the-dice-game
Light Speed: Arena,6.97,8.06,45,https://ludopedia.com.br/jogo/light-speed-arena,light-speed-arena
Overdrive,6.97,7.43,107,https://ludopedia.com.br/jogo/overdrive,overdrive
As Escadas Assombradas,6.97,7.3,148,https://ludopedia.com.br/jogo/spooky-stairs,spooky-stairs
Fire in the Lake,6.97,8.6,30,https://ludopedia.com.br/jogo/fire-in-the-lake,fire-in-the-lake
FDP - Foi De Propósito,6.97,7.07,515,https://ludopedia.com.br/jogo/h-d-p-hasta-donde-puedas,h-d-p-hasta-donde-puedas
DC Super Heroes United: Hush,6.97,9.09,23,https://ludopedia.com.br/jogo/dc-super-heroes-united-hush,dc-super-heroes-united-hush
TEAM3: Edição Rosa,6.97,7.67,70,https://ludopedia.com.br/jogo/team3-pink,team3-pink
Scoville,6.97,7.91,52,https://ludopedia.com.br/jogo/scoville,scoville
Maria,6.97,8.45,33,https://ludopedia.com.br/jogo/maria,maria
Chimera Station,6.97,7.62,75,https://ludopedia.com.br/jogo/chimera-station,chimera-station
A Volta ao Mundo em 80 Dias,6.97,7.3,147,https://ludopedia.com.br/jogo/around-the-world-in-80-days,around-the-world-in-80-days
Pueblo,6.97,7.79,59,https://ludopedia.com.br/jogo/pueblo-second-edition,pueblo-second-edition
Pitaco,6.97,7.72,65,https://ludopedia.com.br/jogo/pitaco,pitaco
Saco de Ossos,6.97,7.44,104,https://ludopedia.com.br/jogo/saco-de-ossos,saco-de-ossos
Revanche Futebol Cards,6.97,7.84,56,https://ludopedia.com.br/jogo/revanche-futebol-cards,revanche-futebol-cards
Resident Evil 2: The Board Game,6.97,8.83,26,https://ludopedia.com.br/jogo/resident-evil-2-the-board-game,resident-evil-2-the-board-game
Quermesse,6.97,7.69,67,https://ludopedia.com.br/jogo/quermesse,quermesse
Dungeons & Drinks,6.97,7.22,196,https://ludopedia.com.br/jogo/dungeons-drinks,dungeons-drinks
Robot Hunters,6.97,9.82,17,https://ludopedia.com.br/jogo/robot-hunters,robot-hunters
Três Irmãs,6.97,8.18,40,https://ludopedia.com.br/jogo/three-sisters,three-sisters
Taj Mahal,6.97,7.76,61,https://ludopedia.com.br/jogo/taj-mahal,taj-mahal
Constantinopolis,6.97,7.92,51,https://ludopedia.com.br/jogo/constantinopolis,constantinopolis
Labyrinx,6.97,7.3,143,https://ludopedia.com.br/jogo/labyrinx,labyrinx
DCeased: Gotham City Outbreak,6.97,8.76,27,https://ludopedia.com.br/jogo/dceased-gotham-city-outbreak,dceased-gotham-city-outbreak
Penny Press,6.97,7.93,50,https://ludopedia.com.br/jogo/penny-press,penny-press
HUTAN,6.97,7.86,54,https://ludopedia.com.br/jogo/hutan,hutan
Frogriders,6.97,7.22,189,https://ludopedia.com.br/jogo/frogriders,frogriders
Gravity Superstar,6.96,7.46,97,https://ludopedia.com.br/jogo/gravity-superstar,gravity-superstar
Burgle Bros.,6.96,7.86,54,https://ludopedia.com.br/jogo/burgle-bros,burgle-bros
Attack on Titan: A Última Resistência,6.96,7.19,215,https://ludopedia.com.br/jogo/attack-on-titan-the-last-stand,attack-on-titan-the-last-stand
Star Realms: Frontiers,6.96,8.89,25,https://ludopedia.com.br/jogo/star-realms-frontiers,star-realms-frontiers
Harbour,6.96,7.35,125,https://ludopedia.com.br/jogo/harbour,harbour
Deep Space D-6,6.96,7.87,53,https://ludopedia.com.br/jogo/deep-space-d-6,deep-space-d-6
Perfil 7,6.96,7.17,235,https://ludopedia.com.br/jogo/perfil-7,perfil-7
Similo: Monstros,6.96,7.43,102,https://ludopedia.com.br/jogo/similo-spookies,similo-spookies
Guardian Super Force,6.96,8.88,25,https://ludopedia.com.br/jogo/guardian-super-force,guardian-super-force
Bohnanza: 25th Anniversary Edition,6.96,8.26,37,https://ludopedia.com.br/jogo/bohnanza-25th-anniversary-edition,bohnanza-25th-anniversary-edition
Cyberpunk 2077: Gangues de Night City,6.96,7.61,74,https://ludopedia.com.br/jogo/cyberpunk-2077-gangs-of-night-city,cyberpunk-2077-gangs-of-night-city
Quatro Estações,6.96,8.19,39,https://ludopedia.com.br/jogo/quatro-estacoes,quatro-estacoes
REF! O Jogo das Referências,6.96,8.96,24,https://ludopedia.com.br/jogo/ref-o-jogo-das-referencias,ref-o-jogo-das-referencias
Tokyo Highway (four-player edition),6.96,7.66,68,https://ludopedia.com.br/jogo/tokyo-highway-four-player-edition,tokyo-highway-four-player-edition
Babylonia,6.96,8.05,44,https://ludopedia.com.br/jogo/babylonia,babylonia
Cantaloop: Invadindo o Presídio,6.96,7.81,56,https://ludopedia.com.br/jogo/cantaloop-book-1-breaking-into-prison,cantaloop-book-1-breaking-into-prison
Pueblo,6.96,8.07,43,https://ludopedia.com.br/jogo/pueblo,pueblo
Star Trek: Frontiers,6.96,8.8,26,https://ludopedia.com.br/jogo/star-trek-frontiers,star-trek-frontiers
Tindaya,6.96,7.56,79,https://ludopedia.com.br/jogo/tindaya,tindaya
Escola de Dragões,6.95,7.24,167,https://ludopedia.com.br/jogo/escola-de-dragoes,escola-de-dragoes
Peloponnes Card Game,6.95,7.21,186,https://ludopedia.com.br/jogo/peloponnes-card-game,peloponnes-card-game
Emberheart,6.95,8.28,36,https://ludopedia.com.br/jogo/emberheart,emberheart
Divicity,6.95,7.48,91,https://ludopedia.com.br/jogo/divicity,divicity
Chicago,6.95,7.79,57,https://ludopedia.com.br/jogo/chicago,chicago
Shifting Stones,6.95,7.62,72,https://ludopedia.com.br/jogo/shifting-stones,shifting-stones
Stay Away!,6.95,7.24,169,https://ludopedia.com.br/jogo/stay-away,stay-away
Amsterdam,6.95,8.36,34,https://ludopedia.com.br/jogo/amsterdam,amsterdam
Obscurio,6.95,7.56,79,https://ludopedia.com.br/jogo/obscurio,obscurio
Horseless Carriage,6.95,8.49,31,https://ludopedia.com.br/jogo/horseless-carriage,horseless-carriage
Niagara,6.95,7.35,121,https://ludopedia.com.br/jogo/niagara,niagara
Disc Cover,6.95,7.7,64,https://ludopedia.com.br/jogo/disc-cover,disc-cover
Arraial,6.95,7.7,64,https://ludopedia.com.br/jogo/arraial,arraial
Busão,6.95,8.48,31,https://ludopedia.com.br/jogo/busao,busao
Galaxy Defenders,6.95,8.05,43,https://ludopedia.com.br/jogo/galaxy-defenders,galaxy-defenders
Stupor Mundi - Deluxe Master Print,6.95,9.1,22,https://ludopedia.com.br/jogo/stupor-mundi-master-print-edition,stupor-mundi-master-print-edition
Claustrophobia,6.95,8.1,41,https://ludopedia.com.br/jogo/claustrophobia,claustrophobia
Unmatched: Jurassic Park - InGen vs. Raptors,6.95,8.84,25,https://ludopedia.com.br/jogo/unmatched-jurassic-park-ingen-vs-raptors,unmatched-jurassic-park-ingen-vs-raptors
Flotilla,6.95,7.82,54,https://ludopedia.com.br/jogo/flotilla,flotilla
Dreadful Circus,6.95,7.4,104,https://ludopedia.com.br/jogo/dreadful-circus,dreadful-circus
Eminent Domain,6.94,7.4,103,https://ludopedia.com.br/jogo/eminent-domain,eminent-domain
Floresta Encantada,6.94,7.85,52,https://ludopedia.com.br/jogo/floresta-encantada,floresta-encantada
Louis XIV,6.94,7.66,66,https://ludopedia.com.br/jogo/louis-xiv,louis-xiv
Architectura,6.94,7.18,201,https://ludopedia.com.br/jogo/architectura,architectura
"Knock, Knock! Dungeon!",6.94,7.08,352,https://ludopedia.com.br/jogo/knock-knock-dungeon,knock-knock-dungeon
Córtex: Desafios! 2,6.94,7.33,122,https://ludopedia.com.br/jogo/cortex-challenge-2,cortex-challenge-2
Cidade Castor,6.94,8.63,28,https://ludopedia.com.br/jogo/timber-town,timber-town
Wildlands,6.94,7.88,50,https://ludopedia.com.br/jogo/wildlands,wildlands
Age of Conan: The Strategy Board Game,6.94,7.73,60,https://ludopedia.com.br/jogo/age-of-conan-the-strategy-board-game,age-of-conan-the-strategy-board-game
Bem-vindos à Everdell,6.94,7.77,57,https://ludopedia.com.br/jogo/welcome-to-everdell,welcome-to-everdell
Gutenberg,6.94,7.73,60,https://ludopedia.com.br/jogo/gutenberg,gutenberg
Oliva,6.94,8.03,43,https://ludopedia.com.br/jogo/oliva,oliva
Horizontes de Spirit Island,6.94,8.75,26,https://ludopedia.com.br/jogo/horizons-of-spirit-island,horizons-of-spirit-island
Concept Kids,6.94,7.49,86,https://ludopedia.com.br/jogo/concept-kids-animals,concept-kids-animals
Frankezen,6.94,9.71,17,https://ludopedia.com.br/jogo/frankezen,frankezen
Parfum,6.94,7.71,61,https://ludopedia.com.br/jogo/parfum,parfum
Libertalia,6.94,7.35,115,https://ludopedia.com.br/jogo/libertalia,libertalia
Ciclo da Vida,6.94,9.41,19,https://ludopedia.com.br/jogo/ciclo-da-vida,ciclo-da-vida
Ratzzia,6.94,7.56,76,https://ludopedia.com.br/jogo/ratzzia,ratzzia
Portal,6.94,8.5,30,https://ludopedia.com.br/jogo/portal,portal
Ride the Rails,6.94,7.79,55,https://ludopedia.com.br/jogo/ride-the-rails,ride-the-rails
Gwent: Monsters and Scoia’tael,6.94,7.59,72,https://ludopedia.com.br/jogo/gwent-monsters-and-scoia-tael,gwent-monsters-and-scoia-tael
Mafia de Cuba,6.94,7.06,366,https://ludopedia.com.br/jogo/mafia-de-cuba,mafia-de-cuba
Catan Junior,6.94,7.66,65,https://ludopedia.com.br/jogo/catan-junior,catan-junior
Tesouro Inca,6.94,7.0,679,https://ludopedia.com.br/jogo/incan-gold,incan-gold
Splito,6.93,7.5,83,https://ludopedia.com.br/jogo/splito,splito
Mino Dice,6.93,8.13,39,https://ludopedia.com.br/jogo/mino-dice,mino-dice
Legacy: The Testament of Duke de Crecy,6.93,8.1,40,https://ludopedia.com.br/jogo/legacy-the-testament-of-duke-de-crecy,legacy-the-testament-of-duke-de-crecy
The Lord of the Rings: Trading Card Game,6.93,8.19,37,https://ludopedia.com.br/jogo/the-lord-of-the-rings-trading-card-game,the-lord-of-the-rings-trading-card-game
Tide of Iron: Next Wave,6.93,8.8,25,https://ludopedia.com.br/jogo/tide-of-iron-next-wave,tide-of-iron-next-wave
Histórias Sinistras 3,6.93,7.15,212,https://ludopedia.com.br/jogo/black-stories-3,black-stories-3
New Frontiers,6.93,7.9,48,https://ludopedia.com.br/jogo/new-frontiers,new-frontiers
Angel Fury,6.93,7.66,64,https://ludopedia.com.br/jogo/angel-fury,angel-fury
Thunderstone Advance: Towers of Ruin,6.93,7.9,48,https://ludopedia.com.br/jogo/thunderstone-advance-towers-of-ruin,thunderstone-advance-towers-of-ruin
Sugar Gliders,6.93,7.08,304,https://ludopedia.com.br/jogo/sugar-gliders,sugar-gliders
Ticket To Ride: Paris,6.93,7.92,47,https://ludopedia.com.br/jogo/ticket-to-ride-paris,ticket-to-ride-paris
InBetween,6.93,7.22,162,https://ludopedia.com.br/jogo/inbetween,inbetween
Tides of Time,6.93,7.02,486,https://ludopedia.com.br/jogo/tides-of-time,tides-of-time
Copenhagen,6.93,7.45,90,https://ludopedia.com.br/jogo/copenhagen,copenhagen
Die die DIE,6.93,7.18,183,https://ludopedia.com.br/jogo/die-die-die,die-die-die
Get on Board: New York & London,6.93,7.46,87,https://ludopedia.com.br/jogo/get-on-board-new-york-london,get-on-board-new-york-london
Key to the City: London,6.93,7.92,47,https://ludopedia.com.br/jogo/key-to-the-city-london,key-to-the-city-london
Tiny Epic Crimes,6.93,7.62,67,https://ludopedia.com.br/jogo/tiny-epic-crimes,tiny-epic-crimes
Moirai,6.93,7.89,48,https://ludopedia.com.br/jogo/moirai,moirai
Porta das Lendas,6.93,9.37,19,https://ludopedia.com.br/jogo/porta-das-lendas,porta-das-lendas
Dobble: Animais,6.93,7.47,85,https://ludopedia.com.br/jogo/dobble-animais,dobble-animais
Timeline: Diversity,6.93,7.01,566,https://ludopedia.com.br/jogo/timeline-diversity,timeline-diversity
Super Motherload,6.93,7.7,60,https://ludopedia.com.br/jogo/super-motherload,super-motherload
Galaxy Trucker (Second Edition),6.93,7.95,45,https://ludopedia.com.br/jogo/galaxy-trucker-second-edition,galaxy-trucker-second-edition
Time of Legends: Joan of Arc,6.93,9.03,22,https://ludopedia.com.br/jogo/time-of-legends-joan-of-arc,time-of-legends-joan-of-arc
For Sale (Travel Edition),6.92,7.47,85,https://ludopedia.com.br/jogo/for-sale-travel-edition,for-sale-travel-edition
Recicle: Tempos de Crise,6.92,7.35,109,https://ludopedia.com.br/jogo/recicle-tempos-de-crise,recicle-tempos-de-crise
The Flow of History,6.92,7.54,75,https://ludopedia.com.br/jogo/the-flow-of-history,the-flow-of-history
Illuminati,6.92,7.44,90,https://ludopedia.com.br/jogo/illuminati-deluxe-edition,illuminati-deluxe-edition
Taluva Deluxe,6.92,8.24,35,https://ludopedia.com.br/jogo/taluva-deluxe,taluva-deluxe
Uno,6.92,6.94,2438,https://ludopedia.com.br/jogo/uno,uno
Rolling Ranch: Celeiros & Rebanhos,6.92,7.68,61,https://ludopedia.com.br/jogo/rolling-ranch-celeiros-rebanhos,rolling-ranch-celeiros-rebanhos
Whistle Mountain,6.92,8.02,42,https://ludopedia.com.br/jogo/whistle-mountain,whistle-mountain
Destemidos: Batalha da Grã-Bretanha,6.92,8.83,24,https://ludopedia.com.br/jogo/undaunted-battle-of-britain,undaunted-battle-of-britain
Nusfjord,6.92,8.04,41,https://ludopedia.com.br/jogo/nusfjord,nusfjord
Gamão,6.92,7.09,262,https://ludopedia.com.br/jogo/backgammon,backgammon
Knarr,6.92,7.61,66,https://ludopedia.com.br/jogo/knarr,knarr
The Magnificent,6.92,7.74,56,https://ludopedia.com.br/jogo/the-magnificent,the-magnificent
Summoner Wars: Alliances Master Set,6.92,8.83,24,https://ludopedia.com.br/jogo/summoner-wars-alliances-master-set,summoner-wars-alliances-master-set
Age of War,6.92,7.01,483,https://ludopedia.com.br/jogo/age-of-war,age-of-war
Welcome to the Moon,6.92,8.03,41,https://ludopedia.com.br/jogo/welcome-to-the-moon,welcome-to-the-moon
Genoa,6.92,7.76,54,https://ludopedia.com.br/jogo/genoa,genoa
Monstros & Tesouros - Campos de Batalha,6.92,9.46,18,https://ludopedia.com.br/jogo/monstros-tesouros-campos-de-batalha,monstros-tesouros-campos-de-batalha
Apex K-Truck Racer,6.92,8.39,31,https://ludopedia.com.br/jogo/apex-k-truck-racer,apex-k-truck-racer
Patchwork - Halloween Edition,6.92,8.39,31,https://ludopedia.com.br/jogo/patchwork-halloween-edition,patchwork-halloween-edition
Mandala,6.92,7.87,48,https://ludopedia.com.br/jogo/mandala,mandala
Cerebria: The Inside World,6.91,7.57,69,https://ludopedia.com.br/jogo/cerebria-the-inside-world,cerebria-the-inside-world
Munchkin Dungeon,6.91,7.59,67,https://ludopedia.com.br/jogo/munchkin-dungeon,munchkin-dungeon
Treta do anzol,6.91,7.84,49,https://ludopedia.com.br/jogo/treta-do-anzol,treta-do-anzol
Cidades Sombrias: Deadwood 1876,6.91,7.47,82,https://ludopedia.com.br/jogo/deadwood-1876,deadwood-1876
DOOM: The Board Game,6.91,8.18,36,https://ludopedia.com.br/jogo/doom-the-board-game,doom-the-board-game
Bloqueio (Quoridor),6.91,7.11,226,https://ludopedia.com.br/jogo/quoridor,quoridor
Karvi,6.91,7.84,49,https://ludopedia.com.br/jogo/karvi,karvi
Space Hulk (Fourth Edition),6.91,8.73,25,https://ludopedia.com.br/jogo/space-hulk-fourth-edition,space-hulk-fourth-edition
Palpite Certo,6.91,7.34,105,https://ludopedia.com.br/jogo/palpite-certo,palpite-certo
Urbs,6.91,7.48,80,https://ludopedia.com.br/jogo/urbs,urbs
Allumbra - O duelo,6.91,7.68,59,https://ludopedia.com.br/jogo/allumbra-o-duelo,allumbra-o-duelo
dnup,6.91,7.6,66,https://ludopedia.com.br/jogo/dnup,dnup
Escape Room: Board Game,6.91,7.23,140,https://ludopedia.com.br/jogo/-escape-room-the-game,-escape-room-the-game
The Prodigals Club,6.91,7.99,42,https://ludopedia.com.br/jogo/the-prodigals-club,the-prodigals-club
The Mind Extreme,6.91,7.63,63,https://ludopedia.com.br/jogo/the-mind-extreme,the-mind-extreme
Kingdomino Duel,6.9,7.26,126,https://ludopedia.com.br/jogo/kingdomino-duel,kingdomino-duel
Valletta,6.9,7.91,45,https://ludopedia.com.br/jogo/valletta,valletta
Gatos e Masmorras,6.9,8.87,23,https://ludopedia.com.br/jogo/gatos-e-masmorras,gatos-e-masmorras
Cafundó,6.9,7.07,269,https://ludopedia.com.br/jogo/cafundo,cafundo
Maglev Metro,6.9,8.16,36,https://ludopedia.com.br/jogo/maglev-metro,maglev-metro
World Without End,6.9,8.19,35,https://ludopedia.com.br/jogo/world-without-end,world-without-end
One Night Ultimate Werewolf Daybreak,6.9,8.06,39,https://ludopedia.com.br/jogo/one-night-ultimate-werewolf-daybreak,one-night-ultimate-werewolf-daybreak
Guillotine,6.9,7.3,114,https://ludopedia.com.br/jogo/guillotine,guillotine
UNO Stacko,6.9,7.12,209,https://ludopedia.com.br/jogo/uno-stacko,uno-stacko
Swords and Bagpipes,6.9,7.17,166,https://ludopedia.com.br/jogo/swords-and-bagpipes,swords-and-bagpipes
1960: The Making of the President,6.9,8.15,36,https://ludopedia.com.br/jogo/1960-the-making-of-the-president,1960-the-making-of-the-president
Cine Pipoca,6.9,7.41,88,https://ludopedia.com.br/jogo/cine-pipoca,cine-pipoca
Power Grid: The Card Game,6.9,7.54,70,https://ludopedia.com.br/jogo/power-grid-the-card-game,power-grid-the-card-game
Lord of the Rings,6.9,7.8,50,https://ludopedia.com.br/jogo/lord-of-the-rings,lord-of-the-rings
Quartermaster General,6.9,8.05,39,https://ludopedia.com.br/jogo/quartermaster-general,quartermaster-general
Gataria,6.9,7.33,105,https://ludopedia.com.br/jogo/gataria,gataria
Draft & Write Records,6.9,8.35,31,https://ludopedia.com.br/jogo/draft-write-records,draft-write-records
Similo: Contos,6.9,7.23,137,https://ludopedia.com.br/jogo/similo-fables,similo-fables
NMBR9,6.9,7.1,224,https://ludopedia.com.br/jogo/nmbr-9,nmbr-9
Big Boss,6.9,8.26,33,https://ludopedia.com.br/jogo/big-boss,big-boss
Pompiers!,6.9,7.94,43,https://ludopedia.com.br/jogo/pompiers,pompiers
Pandemic: The Cure,6.9,7.56,68,https://ludopedia.com.br/jogo/pandemic-the-cure,pandemic-the-cure
Angus: Batalhas Medievais,6.9,7.44,82,https://ludopedia.com.br/jogo/angus-batalhas-medievais,angus-batalhas-medievais
River of Gold,6.9,8.11,37,https://ludopedia.com.br/jogo/river-of-gold,river-of-gold
Histórias Sinistras 2,6.89,6.97,631,https://ludopedia.com.br/jogo/black-stories-2,black-stories-2
Long Shot: The Dice Game,6.89,7.83,48,https://ludopedia.com.br/jogo/long-shot-the-dice-game,long-shot-the-dice-game
Duo Regna,6.89,7.02,350,https://ludopedia.com.br/jogo/duo-regna,duo-regna
Sociedade dos Salafrários,6.89,7.14,179,https://ludopedia.com.br/jogo/scoundrel-society,scoundrel-society
Covenant,6.89,8.01,40,https://ludopedia.com.br/jogo/covenant,covenant
Disney Lorcana,6.89,8.03,39,https://ludopedia.com.br/jogo/disney-lorcana,disney-lorcana
Millennium Blades,6.89,8.48,28,https://ludopedia.com.br/jogo/millennium-blades,millennium-blades
O Senhor dos Anéis: As Duas Torres - O Jogo de Vaza,6.89,8.67,25,https://ludopedia.com.br/jogo/the-lord-of-the-rings-the-two-towers-trick-taking-game,the-lord-of-the-rings-the-two-towers-trick-taking-game
Battles of Westeros,6.89,8.0,40,https://ludopedia.com.br/jogo/battles-of-westeros,battles-of-westeros
The Quacks of Quedlinburg: MegaBox,6.89,9.11,20,https://ludopedia.com.br/jogo/the-quacks-of-quedlinburg-megabox,the-quacks-of-quedlinburg-megabox
Dungeon Hunters,6.89,9.5,17,https://ludopedia.com.br/jogo/dungeon-hunters,dungeon-hunters
Dead & Breakfast,6.89,7.79,49,https://ludopedia.com.br/jogo/dead-breakfast,dead-breakfast
Atiwa,6.89,8.28,32,https://ludopedia.com.br/jogo/atiwa,atiwa
Imagem & Ação: Edição Especial,6.89,7.4,87,https://ludopedia.com.br/jogo/imagem-acao-edicao-especial,imagem-acao-edicao-especial
QE,6.89,7.79,49,https://ludopedia.com.br/jogo/q-e-quantitative-easing,q-e-quantitative-easing
Jungle Speed Limited Bertone Edition,6.89,7.51,71,https://ludopedia.com.br/jogo/jungle-speed-limited-bertone-edition,jungle-speed-limited-bertone-edition
Harry Potter: Honeydukes,6.89,7.1,209,https://ludopedia.com.br/jogo/harry-potter-honeydukes,harry-potter-honeydukes
Aeon Trespass: Odyssey,6.89,9.1,20,https://ludopedia.com.br/jogo/aeon-trespass-odyssey,aeon-trespass-odyssey
Robinson Crusoe: Adventures on the Cursed Island – Collector's Edition (Gamefound Edition),6.89,9.22,19,https://ludopedia.com.br/jogo/robinson-crusoe-adventures-on-the-cursed-island-collector-s-edition-gamefound-edition,robinson-crusoe-adventures-on-the-cursed-island-collector-s-edition-gamefound-edition
Old London Bridge,6.88,7.91,43,https://ludopedia.com.br/jogo/old-london-bridge,old-london-bridge
Ilha dos Predadores,6.88,7.42,82,https://ludopedia.com.br/jogo/food-chain-island,food-chain-island
Antike II,6.88,7.94,42,https://ludopedia.com.br/jogo/antike-ii,antike-ii
Dobble Collector,6.88,7.73,52,https://ludopedia.com.br/jogo/dobble-collector,dobble-collector
Banco Imobiliário Luan Santana,6.88,7.94,42,https://ludopedia.com.br/jogo/banco-imobiliario-luan-santana,banco-imobiliario-luan-santana
Capulana,6.88,7.96,41,https://ludopedia.com.br/jogo/capulana,capulana
Witch's Brew,6.88,7.51,70,https://ludopedia.com.br/jogo/witch-s-brew,witch-s-brew
Piles! A Fast-Paced Free-For-All,6.88,8.26,32,https://ludopedia.com.br/jogo/piles-a-fast-paced-free-for-all,piles-a-fast-paced-free-for-all
O Vale dos Monstros,6.88,7.05,258,https://ludopedia.com.br/jogo/o-vale-dos-monstros,o-vale-dos-monstros
Veggies,6.88,7.38,89,https://ludopedia.com.br/jogo/veggies,veggies
Flesh and Blood,6.88,8.31,31,https://ludopedia.com.br/jogo/flesh-and-blood,flesh-and-blood
IceCool2,6.88,8.35,30,https://ludopedia.com.br/jogo/ice-cool-2,ice-cool-2
Medieval Academy,6.88,7.47,75,https://ludopedia.com.br/jogo/medieval-academy,medieval-academy
Imagem & Ação,6.88,6.96,566,https://ludopedia.com.br/jogo/imagem-acao,imagem-acao
Yozu,6.88,7.48,73,https://ludopedia.com.br/jogo/yozu,yozu
Sonhando com Alice (Edição de Colecionador),6.88,8.01,39,https://ludopedia.com.br/jogo/sonhando-com-alice-edicao-de-colecionador,sonhando-com-alice-edicao-de-colecionador
Speculation,6.88,8.57,26,https://ludopedia.com.br/jogo/speculation,speculation
Nezen,6.88,9.63,16,https://ludopedia.com.br/jogo/nezen,nezen
Interpol: Fuga em Nova York,6.88,7.13,174,https://ludopedia.com.br/jogo/n-y-chase,n-y-chase
Sideral - Fusão Galáctica,6.88,8.21,33,https://ludopedia.com.br/jogo/sideral-fusao-galactica,sideral-fusao-galactica
Sanduíche (2ª edição),6.88,8.45,28,https://ludopedia.com.br/jogo/sanduiche-2-edicao,sanduiche-2-edicao
Azzelij,6.88,7.81,47,https://ludopedia.com.br/jogo/azzelij,azzelij
Power Grid: Factory Manager,6.88,7.62,59,https://ludopedia.com.br/jogo/power-grid-factory-manager,power-grid-factory-manager
Axis & Allies: 1942 (2nd Edition),6.88,7.7,53,https://ludopedia.com.br/jogo/axis-allies-1942-2nd-edition,axis-allies-1942-2nd-edition
Hoplomachus: Victorum,6.88,8.78,23,https://ludopedia.com.br/jogo/hoplomachus-victorum,hoplomachus-victorum
Wasteland Express Delivery Service,6.88,8.13,35,https://ludopedia.com.br/jogo/wasteland-express-delivery-service,wasteland-express-delivery-service
Marvel: Crisis Protocol,6.88,8.96,21,https://ludopedia.com.br/jogo/marvel-crisis-protocol,marvel-crisis-protocol
Similo: História,6.88,7.39,85,https://ludopedia.com.br/jogo/similo-history,similo-history
Thunderstone Quest,6.88,8.56,26,https://ludopedia.com.br/jogo/thunderstone-quest,thunderstone-quest
Arquimedes,6.87,7.17,147,https://ludopedia.com.br/jogo/arquimedes,arquimedes
Ticket to Ride: Trem Fantasma,6.87,7.99,39,https://ludopedia.com.br/jogo/ticket-to-ride-ghost-train,ticket-to-ride-ghost-train
Pixies,6.87,7.59,61,https://ludopedia.com.br/jogo/pixies,pixies
Rummikub Edição de Luxo,6.87,7.77,49,https://ludopedia.com.br/jogo/rummikub-edicao-de-luxo,rummikub-edicao-de-luxo
Ascension: Storm of Souls,6.87,8.09,36,https://ludopedia.com.br/jogo/ascension-storm-of-souls,ascension-storm-of-souls
Here I Stand,6.87,8.77,23,https://ludopedia.com.br/jogo/here-i-stand,here-i-stand
Dungeon Fighter: Nas Catacumbas dos Fantasmas Funestos,6.87,8.55,26,https://ludopedia.com.br/jogo/dungeon-fighter-in-the-catacombs-of-gloomy-ghosts,dungeon-fighter-in-the-catacombs-of-gloomy-ghosts
Echoes of Time,6.87,8.19,33,https://ludopedia.com.br/jogo/echoes-of-time,echoes-of-time
Joraku,6.87,7.96,40,https://ludopedia.com.br/jogo/joraku,joraku
Last Message,6.87,7.32,97,https://ludopedia.com.br/jogo/last-message,last-message
The Networks,6.87,7.82,46,https://ludopedia.com.br/jogo/the-networks,the-networks
Kolejka,6.87,7.99,39,https://ludopedia.com.br/jogo/kolejka,kolejka
Escape: The Curse of the Temple – Big Box Segunda Edição,6.87,8.12,35,https://ludopedia.com.br/jogo/escape-the-curse-of-the-temple-big-box-second-edition,escape-the-curse-of-the-temple-big-box-second-edition
Automania,6.87,7.78,48,https://ludopedia.com.br/jogo/automania,automania
KeyForge: Mar de Trevas,6.87,7.86,44,https://ludopedia.com.br/jogo/keyforge-dark-tidings,keyforge-dark-tidings
Rush n' Crush,6.87,7.59,61,https://ludopedia.com.br/jogo/rush-n-crush,rush-n-crush
Black Fleet,6.87,7.84,45,https://ludopedia.com.br/jogo/black-fleet,black-fleet
Point Galaxy,6.87,8.43,28,https://ludopedia.com.br/jogo/point-galaxy,point-galaxy
Trekking the World,6.87,7.74,50,https://ludopedia.com.br/jogo/trekking-the-world,trekking-the-world
Carcassonne: The Castle,6.87,7.84,45,https://ludopedia.com.br/jogo/carcassonne-the-castle,carcassonne-the-castle
La Città,6.87,8.11,35,https://ludopedia.com.br/jogo/la-citta,la-citta
The Isle of Cats Duel,6.87,8.31,30,https://ludopedia.com.br/jogo/the-isle-of-cats-duel,the-isle-of-cats-duel
Micro Robôs,6.87,7.11,175,https://ludopedia.com.br/jogo/micro-robots,micro-robots
Irish Gauge,6.87,7.48,71,https://ludopedia.com.br/jogo/irish-gauge,irish-gauge
Halli Galli,6.87,7.04,248,https://ludopedia.com.br/jogo/halli-galli,halli-galli
Scooby Doo: Hotel Mal Assombrado,6.87,7.36,87,https://ludopedia.com.br/jogo/scooby-doo-hotel-mal-assombrado,scooby-doo-hotel-mal-assombrado
Balconia,6.87,7.52,66,https://ludopedia.com.br/jogo/balconia,balconia
Outlive,6.87,7.97,39,https://ludopedia.com.br/jogo/outlive,outlive
Dobble: Marvel Emoji,6.86,7.52,66,https://ludopedia.com.br/jogo/dobble-marvel-emoji,dobble-marvel-emoji
Maharani,6.86,7.62,57,https://ludopedia.com.br/jogo/maharani,maharani
Ave Caesar,6.86,6.96,437,https://ludopedia.com.br/jogo/ave-caesar,ave-caesar
Dive,6.86,7.51,66,https://ludopedia.com.br/jogo/dive,dive
Food Chain Magnate: Special Edition,6.86,9.13,19,https://ludopedia.com.br/jogo/food-chain-magnate-special-edition,food-chain-magnate-special-edition
OVNI (Segunda Edição),6.86,7.43,75,https://ludopedia.com.br/jogo/ovni-segunda-edicao,ovni-segunda-edicao
God of War: The Card Game,6.86,7.06,213,https://ludopedia.com.br/jogo/god-of-war-the-card-game,god-of-war-the-card-game
O Enigma do Labirinto,6.86,7.32,93,https://ludopedia.com.br/jogo/labyrinth,labyrinth
Mahjong,6.86,7.33,92,https://ludopedia.com.br/jogo/mahjong,mahjong
Thunderstone,6.86,7.58,60,https://ludopedia.com.br/jogo/thunderstone,thunderstone
Carta Nostra,6.86,7.33,91,https://ludopedia.com.br/jogo/carta-nostra,carta-nostra
Arkadia,6.86,7.79,46,https://ludopedia.com.br/jogo/arkadia,arkadia
Looter's Escape,6.86,9.38,17,https://ludopedia.com.br/jogo/looter-s-escape,looter-s-escape
Fantasy Realms: Deluxe Edition,6.86,8.9,21,https://ludopedia.com.br/jogo/fantasy-realms-deluxe-edition,fantasy-realms-deluxe-edition
Pot de Vin,6.86,7.05,221,https://ludopedia.com.br/jogo/pot-de-vin,pot-de-vin
Unmatched: Brains and Brawn,6.86,9.0,20,https://ludopedia.com.br/jogo/unmatched-brains-and-brawn,unmatched-brains-and-brawn
Rattus,6.86,7.49,68,https://ludopedia.com.br/jogo/rattus,rattus
Robotrick,6.86,8.15,33,https://ludopedia.com.br/jogo/robotrick,robotrick
A Lebre e a Tartaruga,6.86,7.18,131,https://ludopedia.com.br/jogo/hare-tortoise,hare-tortoise
Dungeon Academy,6.86,7.57,60,https://ludopedia.com.br/jogo/dungeon-academy,dungeon-academy
Ponzi Scheme,6.85,7.8,45,https://ludopedia.com.br/jogo/ponzi-scheme,ponzi-scheme
Space Hulk (third edition),6.85,8.56,25,https://ludopedia.com.br/jogo/space-hulk-third-edition,space-hulk-third-edition
Dragões & Galinhas,6.85,7.38,82,https://ludopedia.com.br/jogo/dragons-chickens,dragons-chickens
Zenith,6.85,8.28,30,https://ludopedia.com.br/jogo/zenith,zenith
Nine Tiles Panic,6.85,7.41,76,https://ludopedia.com.br/jogo/nine-tiles-panic,nine-tiles-panic
XenoShyft: Onslaught,6.85,7.71,50,https://ludopedia.com.br/jogo/xenoshyft-onslaught,xenoshyft-onslaught
Texas Showdown,6.85,7.89,41,https://ludopedia.com.br/jogo/texas-showdown,texas-showdown
Stone Age Junior,6.85,7.65,53,https://ludopedia.com.br/jogo/my-first-stone-age-stone-age-junior,my-first-stone-age-stone-age-junior
Looot,6.85,8.27,30,https://ludopedia.com.br/jogo/looot,looot
Sniper Elite: The Board Game,6.85,8.18,32,https://ludopedia.com.br/jogo/sniper-elite-the-board-game,sniper-elite-the-board-game
Zona Mágica,6.85,7.1,168,https://ludopedia.com.br/jogo/zona-magica,zona-magica
Boss Monster 2: The Dungeon Building Card Game - The Next Level,6.85,7.76,47,https://ludopedia.com.br/jogo/boss-monster-2-the-dungeon-building-card-game-the-next-level,boss-monster-2-the-dungeon-building-card-game-the-next-level
Kodama: The Tree Spirits,6.85,7.4,77,https://ludopedia.com.br/jogo/kodama-the-tree-spirits,kodama-the-tree-spirits
Nauticus,6.85,7.84,43,https://ludopedia.com.br/jogo/nauticus,nauticus
Trismegistus,6.85,8.42,27,https://ludopedia.com.br/jogo/trismegistus-new-edition,trismegistus-new-edition
Looping Louie,6.85,7.41,76,https://ludopedia.com.br/jogo/loopin-louie,loopin-louie
Yspahan,6.85,7.47,68,https://ludopedia.com.br/jogo/yspahan,yspahan
Rory's Story Cubes: Classic,6.85,7.05,213,https://ludopedia.com.br/jogo/rory-s-story-cubes,rory-s-story-cubes
Wildcatters,6.85,8.18,32,https://ludopedia.com.br/jogo/wildcatters,wildcatters
LUZ (I),6.85,8.13,33,https://ludopedia.com.br/jogo/luz-i,luz-i
Papua,6.85,7.25,104,https://ludopedia.com.br/jogo/papua,papua
Marvel Spider-Web,6.85,7.27,101,https://ludopedia.com.br/jogo/marvel-spider-web,marvel-spider-web
Snowdonia,6.85,7.85,42,https://ludopedia.com.br/jogo/snowdonia,snowdonia
Ímpar,6.85,7.64,53,https://ludopedia.com.br/jogo/even-odds,even-odds
Marvel Dice Masters: Uncanny X-Men,6.85,7.67,51,https://ludopedia.com.br/jogo/marvel-dice-masters-uncanny-x-men,marvel-dice-masters-uncanny-x-men
TransAmerica,6.84,7.48,66,https://ludopedia.com.br/jogo/transamerica,transamerica
Dice Throne,6.84,7.8,44,https://ludopedia.com.br/jogo/dice-throne,dice-throne
Supernova: Um Novo Êxodo,6.84,7.1,162,https://ludopedia.com.br/jogo/supernova-um-novo-exodo,supernova-um-novo-exodo
Dungeon Fighter: Nas Câmaras de Magma Malevolente,6.84,8.76,22,https://ludopedia.com.br/jogo/dungeon-fighter-in-the-chambers-of-malevolent-magma,dungeon-fighter-in-the-chambers-of-malevolent-magma
Raptor,6.84,7.61,55,https://ludopedia.com.br/jogo/raptor,raptor
Codex Naturalis,6.84,7.52,62,https://ludopedia.com.br/jogo/codex-naturalis,codex-naturalis
Liberté,6.84,7.89,40,https://ludopedia.com.br/jogo/liberte,liberte
Saco de Ossos Verde e Roxo,6.84,7.6,55,https://ludopedia.com.br/jogo/saco-de-ossos-verde-e-roxo,saco-de-ossos-verde-e-roxo
Too Many Bones: Undertow,6.84,9.31,17,https://ludopedia.com.br/jogo/too-many-bones-undertow,too-many-bones-undertow
General Orders: World War II,6.84,7.55,59,https://ludopedia.com.br/jogo/general-orders-world-war-ii,general-orders-world-war-ii
Cubo Rubik's 3x3x3,6.84,7.59,56,https://ludopedia.com.br/jogo/rubik-s-cube-game,rubik-s-cube-game
Bot Factory,6.84,8.03,35,https://ludopedia.com.br/jogo/bot-factory,bot-factory
HeroClix,6.84,7.44,69,https://ludopedia.com.br/jogo/heroclix,heroclix
Doom: The Boardgame,6.84,7.73,47,https://ludopedia.com.br/jogo/doom-the-boardgame,doom-the-boardgame
Vanuatu,6.84,7.96,37,https://ludopedia.com.br/jogo/vanuatu,vanuatu
Hnefatafl (Xadrez Viking),6.84,7.4,74,https://ludopedia.com.br/jogo/hnefatafl-xadrez-viking,hnefatafl-xadrez-viking
DroPolter,6.84,7.53,60,https://ludopedia.com.br/jogo/dropolter,dropolter
TZAAR,6.84,8.03,35,https://ludopedia.com.br/jogo/tzaar,tzaar
Santiago,6.84,7.85,41,https://ludopedia.com.br/jogo/santiago,santiago
Roda de Samba,6.83,8.92,20,https://ludopedia.com.br/jogo/roda-de-samba,roda-de-samba
"Air, Land, & Sea",6.83,7.49,64,https://ludopedia.com.br/jogo/air-land-sea,air-land-sea
Glifos,6.83,7.04,197,https://ludopedia.com.br/jogo/glifos,glifos
Disney Villainous: Despicable Plots,6.83,8.27,29,https://ludopedia.com.br/jogo/disney-villainous-despicable-plots,disney-villainous-despicable-plots
Férias em Dupla,6.83,7.63,52,https://ludopedia.com.br/jogo/ferias-em-dupla,ferias-em-dupla
Fábula & Fama,6.83,7.99,36,https://ludopedia.com.br/jogo/fame-fable,fame-fable
Blitzkrieg!: World War Two in 20 Minutes,6.83,7.98,36,https://ludopedia.com.br/jogo/blitzkrieg-world-war-two-in-20-minutes,blitzkrieg-world-war-two-in-20-minutes
Gorinto,6.83,7.84,41,https://ludopedia.com.br/jogo/gorinto,gorinto
Munchkin: Zombies,6.83,6.96,326,https://ludopedia.com.br/jogo/munchkin-zombies,munchkin-zombies
Na Night...,6.83,9.79,14,https://ludopedia.com.br/jogo/na-night,na-night
MESOS,6.83,7.48,63,https://ludopedia.com.br/jogo/mesos,mesos
Peloponnes,6.83,7.73,46,https://ludopedia.com.br/jogo/peloponnes,peloponnes
Roll Through the Ages: The Bronze Age,6.83,7.37,76,https://ludopedia.com.br/jogo/roll-through-the-ages-the-bronze-age,roll-through-the-ages-the-bronze-age
Dragomino,6.83,7.46,65,https://ludopedia.com.br/jogo/dragomino,dragomino
El Gaucho,6.83,7.53,59,https://ludopedia.com.br/jogo/el-gaucho,el-gaucho
Mercado de Lisboa,6.83,7.15,128,https://ludopedia.com.br/jogo/mercado-de-lisboa,mercado-de-lisboa
The Binding of Isaac: Four Souls,6.83,7.62,52,https://ludopedia.com.br/jogo/the-binding-of-isaac-four-souls,the-binding-of-isaac-four-souls
Transatlantic,6.83,7.94,37,https://ludopedia.com.br/jogo/transatlantic,transatlantic
Alcatraz,6.83,7.72,46,https://ludopedia.com.br/jogo/alcatraz,alcatraz
Dog Lover,6.83,7.91,38,https://ludopedia.com.br/jogo/dog-lover,dog-lover
Welcome to the Dungeon,6.82,6.99,257,https://ludopedia.com.br/jogo/welcome-to-the-dungeon,welcome-to-the-dungeon
Burano,6.82,7.86,40,https://ludopedia.com.br/jogo/burano,burano
Calimala,6.82,7.74,45,https://ludopedia.com.br/jogo/calimala,calimala
Shogi,6.82,8.07,33,https://ludopedia.com.br/jogo/shogi,shogi
Master,6.82,6.97,280,https://ludopedia.com.br/jogo/master,master
Unmatched: For King and Country,6.82,8.7,22,https://ludopedia.com.br/jogo/unmatched-for-king-and-country,unmatched-for-king-and-country
Skyliners,6.82,7.34,79,https://ludopedia.com.br/jogo/skyliners,skyliners
Fantasma Blitz 2.0,6.82,7.75,44,https://ludopedia.com.br/jogo/ghost-blitz-2,ghost-blitz-2
Good Cop Bad Cop,6.82,6.98,257,https://ludopedia.com.br/jogo/good-cop-bad-cop,good-cop-bad-cop
Puerto Rico 1897,6.82,8.69,22,https://ludopedia.com.br/jogo/puerto-rico-1897,puerto-rico-1897
Ohanami,6.82,7.93,37,https://ludopedia.com.br/jogo/ohanami,ohanami
Lovecraft Letter,6.82,7.77,43,https://ludopedia.com.br/jogo/lovecraft-letter,lovecraft-letter
"Pokémon, O Mestre dos Treinadores",6.82,6.97,275,https://ludopedia.com.br/jogo/pokemon-master-trainer,pokemon-master-trainer
Battle Scenes - Universo Marvel,6.82,7.03,190,https://ludopedia.com.br/jogo/battle-scenes-universo-marvel,battle-scenes-universo-marvel
Assuntos Internos,6.82,7.18,114,https://ludopedia.com.br/jogo/internal-affairs,internal-affairs
"Chapolin Colorado em: Pepe, Já Tirei a Vela!",6.82,7.57,54,https://ludopedia.com.br/jogo/el-chapulin-colorado-en-pancho-ya-quite-la-vela,el-chapulin-colorado-en-pancho-ya-quite-la-vela
Unmatched: Jurassic Park - Dr. Sattler vs. T. Rex,6.82,8.86,20,https://ludopedia.com.br/jogo/unmatched-jurassic-park-dr-sattler-vs-t-rex,unmatched-jurassic-park-dr-sattler-vs-t-rex
Trains,6.82,7.89,38,https://ludopedia.com.br/jogo/trains,trains
Deckscape Hora do Teste,6.82,7.09,152,https://ludopedia.com.br/jogo/deckscape-test-time,deckscape-test-time
The White Castle Duel,6.82,8.67,22,https://ludopedia.com.br/jogo/the-white-castle-duel,the-white-castle-duel
Asteria,6.82,7.89,38,https://ludopedia.com.br/jogo/asteria,asteria
Vossa Excelência - O Jogo Político (2ª Edição),6.82,7.7,46,https://ludopedia.com.br/jogo/vossa-excelencia-o-jogo-politico-2-edicao,vossa-excelencia-o-jogo-politico-2-edicao
Art Robbery,6.82,7.56,55,https://ludopedia.com.br/jogo/art-robbery,art-robbery
That's Not a Hat: Pop Culture,6.82,8.22,29,https://ludopedia.com.br/jogo/that-s-not-a-hat-pop-culture,that-s-not-a-hat-pop-culture
TEN,6.82,7.53,57,https://ludopedia.com.br/jogo/ten,ten
BraveRats,6.81,6.93,366,https://ludopedia.com.br/jogo/braverats,braverats
Black Rose Wars,6.81,8.38,26,https://ludopedia.com.br/jogo/black-rose-wars,black-rose-wars
Spellfire: O Poder da Magia,6.81,7.12,133,https://ludopedia.com.br/jogo/spellfire,spellfire
Caiu Perdeu,6.81,7.02,193,https://ludopedia.com.br/jogo/caiu-perdeu,caiu-perdeu
Mojo,6.81,7.42,67,https://ludopedia.com.br/jogo/mojo,mojo
The King Is Dead,6.81,7.49,60,https://ludopedia.com.br/jogo/the-king-is-dead,the-king-is-dead
Say Bye to the Villains,6.81,6.91,404,https://ludopedia.com.br/jogo/say-bye-to-the-villains,say-bye-to-the-villains
CharLatão,6.81,8.17,30,https://ludopedia.com.br/jogo/charlatao,charlatao
Cthulhu Realms,6.81,7.46,63,https://ludopedia.com.br/jogo/cthulhu-realms,cthulhu-realms
CATsle Builders,6.81,8.12,31,https://ludopedia.com.br/jogo/catsle-builders,catsle-builders
House of Fado,6.81,8.5,24,https://ludopedia.com.br/jogo/house-of-fado,house-of-fado
Camel Up Cards,6.81,8.01,34,https://ludopedia.com.br/jogo/camel-up-cards,camel-up-cards
Uga Buga,6.81,7.33,78,https://ludopedia.com.br/jogo/ooga-booga,ooga-booga
O Abelhão Trapaceiro,6.81,8.21,29,https://ludopedia.com.br/jogo/el-abejorro-tramposo-schummel-hummel,el-abejorro-tramposo-schummel-hummel
HATE,6.81,8.57,23,https://ludopedia.com.br/jogo/hate,hate
Persona non Grata,6.81,7.91,37,https://ludopedia.com.br/jogo/persona-non-grata,persona-non-grata
Eight-Minute Empire: Legends,6.81,7.39,70,https://ludopedia.com.br/jogo/eight-minute-empire-legends,eight-minute-empire-legends
Fábula TCG,6.81,9.92,13,https://ludopedia.com.br/jogo/fabula-tcg,fabula-tcg
BattleTech,6.81,7.26,90,https://ludopedia.com.br/jogo/battletech,battletech
Panda Panda,6.81,7.73,44,https://ludopedia.com.br/jogo/panda-panda,panda-panda
Cozy Stickerville,6.81,8.65,22,https://ludopedia.com.br/jogo/cozy-stickerville,cozy-stickerville
Duelo por Cardia,6.81,7.48,60,https://ludopedia.com.br/jogo/duel-for-cardia,duel-for-cardia
Leonardo Da Vinci,6.81,7.34,76,https://ludopedia.com.br/jogo/leonardo-da-vinci,leonardo-da-vinci
Thunderstone Advance: Numenera,6.81,8.83,20,https://ludopedia.com.br/jogo/thunderstone-advance-numenera,thunderstone-advance-numenera
Fábrica de Heróis - O Cardgame,6.81,8.3,27,https://ludopedia.com.br/jogo/fabrica-de-herois-o-cardgame,fabrica-de-herois-o-cardgame
WarCraft: The Board Game,6.81,7.61,50,https://ludopedia.com.br/jogo/warcraft-the-board-game,warcraft-the-board-game
Dungeon Fighter: No Castelo da Friaca Fatídica,6.81,8.93,19,https://ludopedia.com.br/jogo/dungeon-fighter-in-the-castle-of-frightening-frosts,dungeon-fighter-in-the-castle-of-frightening-frosts
Fortaleza Funesta,6.81,7.25,90,https://ludopedia.com.br/jogo/fearsome-floors,fearsome-floors
Lancaster: Big Box,6.8,8.72,21,https://ludopedia.com.br/jogo/lancaster-big-box,lancaster-big-box
Ragusa,6.8,7.46,61,https://ludopedia.com.br/jogo/ragusa,ragusa
Gunrunners,6.8,7.02,181,https://ludopedia.com.br/jogo/gunrunners,gunrunners
Pocket Mars,6.8,6.99,210,https://ludopedia.com.br/jogo/pocket-mars,pocket-mars
Happy Little Dinosaurs,6.8,7.45,62,https://ludopedia.com.br/jogo/happy-little-dinosaurs,happy-little-dinosaurs
Scotland Yard Máquina do Tempo,6.8,6.99,213,https://ludopedia.com.br/jogo/221b-baker-st-sherlock-holmes-the-time-machine,221b-baker-st-sherlock-holmes-the-time-machine
Altered,6.8,7.49,58,https://ludopedia.com.br/jogo/altered,altered
Mr. Jack Pocket,6.8,7.11,132,https://ludopedia.com.br/jogo/mr-jack-pocket,mr-jack-pocket
"Zero, Two, Five",6.8,7.78,41,https://ludopedia.com.br/jogo/zero-two-five,zero-two-five
Tapalavras,6.8,7.47,60,https://ludopedia.com.br/jogo/tapalavras,tapalavras
Ligretto,6.8,7.5,57,https://ludopedia.com.br/jogo/ligretto,ligretto
Homem-Morcego: O Jogo de Cartas,6.8,7.63,48,https://ludopedia.com.br/jogo/homem-morcego-o-jogo-de-cartas,homem-morcego-o-jogo-de-cartas
Founders of Gloomhaven,6.8,7.73,43,https://ludopedia.com.br/jogo/founders-of-gloomhaven,founders-of-gloomhaven
Tiny Epic Tactics,6.8,7.91,36,https://ludopedia.com.br/jogo/tiny-epic-tactics,tiny-epic-tactics
Kingdoms,6.8,7.33,75,https://ludopedia.com.br/jogo/kingdoms,kingdoms
EVO (second edition),6.8,7.82,39,https://ludopedia.com.br/jogo/evo-second-edition,evo-second-edition
Histórias Sinistras,6.8,6.82,1498,https://ludopedia.com.br/jogo/black-stories,black-stories
Brewitched,6.8,7.24,91,https://ludopedia.com.br/jogo/brewitched,brewitched
Railways of the World (10th Anniversary Edition),6.8,9.01,18,https://ludopedia.com.br/jogo/railways-of-the-world-10th-anniversary-edition,railways-of-the-world-10th-anniversary-edition
Ticket to Ride: Amsterdam,6.8,7.9,36,https://ludopedia.com.br/jogo/ticket-to-ride-amsterdam,ticket-to-ride-amsterdam
Crokinolinho,6.79,8.52,23,https://ludopedia.com.br/jogo/crokinolinho,crokinolinho
Travel Zombicide: 2nd Edition,6.79,8.52,23,https://ludopedia.com.br/jogo/travel-zombicide-2nd-edition,travel-zombicide-2nd-edition
Andromeda's Edge: Deluxe Edition,6.79,9.0,18,https://ludopedia.com.br/jogo/andromeda-s-edge-deluxe-edition,andromeda-s-edge-deluxe-edition
Botanicus,6.79,8.0,33,https://ludopedia.com.br/jogo/botanicus,botanicus
Fortune and Glory: The Cliffhanger Game,6.79,8.12,30,https://ludopedia.com.br/jogo/fortune-and-glory-the-cliffhanger-game,fortune-and-glory-the-cliffhanger-game
Star Wars: The Card Game,6.79,7.74,42,https://ludopedia.com.br/jogo/star-wars-the-card-game,star-wars-the-card-game
Union Pacific,6.79,7.93,35,https://ludopedia.com.br/jogo/union-pacific,union-pacific
Thunder Alley,6.79,7.99,33,https://ludopedia.com.br/jogo/thunder-alley,thunder-alley
Las Vegas Royale,6.79,7.69,44,https://ludopedia.com.br/jogo/las-vegas-royale,las-vegas-royale
Crop Rotation: Bug Plague,6.79,7.36,70,https://ludopedia.com.br/jogo/crop-rotation-bug-plague,crop-rotation-bug-plague
A Study in Emerald (second edition),6.79,7.67,45,https://ludopedia.com.br/jogo/a-study-in-emerald-second-edition,a-study-in-emerald-second-edition
Rise to Nobility,6.79,8.07,31,https://ludopedia.com.br/jogo/rise-to-nobility,rise-to-nobility
Marcha das Formigas,6.79,8.37,25,https://ludopedia.com.br/jogo/march-of-the-ants-evolved-edition,march-of-the-ants-evolved-edition
Memoriabô,6.79,8.37,25,https://ludopedia.com.br/jogo/memoriabo,memoriabo
BattleForge: Berserker,6.79,9.61,14,https://ludopedia.com.br/jogo/battleforge-berserker,battleforge-berserker
"Labyrinth: The War on Terror, 2001 – ?",6.79,8.44,24,https://ludopedia.com.br/jogo/labyrinth-the-war-on-terror-2001,labyrinth-the-war-on-terror-2001
War: Game of Thrones,6.79,7.25,85,https://ludopedia.com.br/jogo/war-game-of-thrones,war-game-of-thrones
Front Total,6.79,7.4,65,https://ludopedia.com.br/jogo/front-total,front-total
Betrayal at Baldur's Gate,6.79,7.56,51,https://ludopedia.com.br/jogo/betrayal-at-baldur-s-gate,betrayal-at-baldur-s-gate
Escape the Dark Castle,6.79,7.58,50,https://ludopedia.com.br/jogo/escape-the-dark-castle,escape-the-dark-castle
The Great Heartland Hauling Co.,6.79,7.47,58,https://ludopedia.com.br/jogo/the-great-heartland-hauling-co,the-great-heartland-hauling-co
Action!: O Jogo de Cinema!,6.79,7.4,64,https://ludopedia.com.br/jogo/action-o-jogo-de-cinema,action-o-jogo-de-cinema
Carcassonne Big Box 3,6.79,8.2,28,https://ludopedia.com.br/jogo/carcassonne-big-box-3,carcassonne-big-box-3
Anime Saga,6.79,7.03,160,https://ludopedia.com.br/jogo/anime-saga,anime-saga
Discworld: Ankh-Morpork,6.79,7.64,46,https://ludopedia.com.br/jogo/discworld-ankh-morpork,discworld-ankh-morpork
Rufstock,6.79,7.82,38,https://ludopedia.com.br/jogo/rufstock,rufstock
Cockroach Poker Royal,6.79,7.26,83,https://ludopedia.com.br/jogo/kakerlakenpoker-royal,kakerlakenpoker-royal
Wipe ' em Out!,6.79,7.91,35,https://ludopedia.com.br/jogo/wipe-em-out,wipe-em-out
Teotihuacan: City of Gods – Deluxe Master Set,6.79,8.97,18,https://ludopedia.com.br/jogo/teotihuacan-city-of-gods-deluxe-master-set,teotihuacan-city-of-gods-deluxe-master-set
Call to Adventure,6.79,8.02,32,https://ludopedia.com.br/jogo/call-to-adventure,call-to-adventure
Flip City,6.79,6.87,495,https://ludopedia.com.br/jogo/flip-city,flip-city
Escrete,6.79,7.85,37,https://ludopedia.com.br/jogo/escrete,escrete
Pax Renaissance,6.78,8.49,23,https://ludopedia.com.br/jogo/pax-renaissance,pax-renaissance
Dungeon Roll,6.78,6.86,537,https://ludopedia.com.br/jogo/dungeon-roll,dungeon-roll
Marãná,6.78,8.42,24,https://ludopedia.com.br/jogo/marana,marana
Century: Golem Edition – Eastern Mountains,6.78,8.49,23,https://ludopedia.com.br/jogo/century-golem-edition-eastern-mountains,century-golem-edition-eastern-mountains
Fantasma Blitz: Que Susto!,6.78,7.46,58,https://ludopedia.com.br/jogo/ghost-blitz-spooky-doo,ghost-blitz-spooky-doo
Jolly Roger: Um Jogo de Motins e Pirataria,6.78,7.16,105,https://ludopedia.com.br/jogo/jolly-roger-the-game-of-piracy-mutiny,jolly-roger-the-game-of-piracy-mutiny
Flourish,6.78,7.08,134,https://ludopedia.com.br/jogo/flourish,flourish
Caverna - O Misterioso Mundo Subterrâneo,6.78,9.58,14,https://ludopedia.com.br/jogo/caverna-o-misterioso-mundo-subterraneo,caverna-o-misterioso-mundo-subterraneo
Aurum,6.78,7.67,44,https://ludopedia.com.br/jogo/aurum,aurum
Sonora,6.78,7.43,60,https://ludopedia.com.br/jogo/sonora,sonora
"Por favor, não corte minha cabeça!",6.78,6.87,449,https://ludopedia.com.br/jogo/por-favor-nao-corte-minha-cabeca,por-favor-nao-corte-minha-cabeca
Rhino Hero: Super Battle,6.78,8.04,31,https://ludopedia.com.br/jogo/rhino-hero-super-battle,rhino-hero-super-battle
Duelo de Águias,6.78,8.34,25,https://ludopedia.com.br/jogo/ace-of-aces-handy-rotary-series,ace-of-aces-handy-rotary-series
Iberian Gauge,6.78,7.93,34,https://ludopedia.com.br/jogo/iberian-gauge,iberian-gauge
Peaky Blinders: Birmingham Domain,6.78,7.23,87,https://ludopedia.com.br/jogo/peaky-blinders-birmingham-domain,peaky-blinders-birmingham-domain
One Deck Dungeon,6.78,7.49,55,https://ludopedia.com.br/jogo/one-deck-dungeon,one-deck-dungeon
Dungeons & Dragons: Tomb of Annihilation Board Game,6.78,8.73,20,https://ludopedia.com.br/jogo/dungeons-dragons-tomb-of-annihilation-board-game,dungeons-dragons-tomb-of-annihilation-board-game
18Chesapeake,6.78,8.12,29,https://ludopedia.com.br/jogo/18chesapeake,18chesapeake
Aqualin,6.78,7.7,42,https://ludopedia.com.br/jogo/aqualin,aqualin
Galaxy Trucker: Anniversary Edition,6.78,7.96,33,https://ludopedia.com.br/jogo/galaxy-trucker-anniversary-edition,galaxy-trucker-anniversary-edition
Histórias Sinistras: Mortes Hilárias,6.78,6.93,264,https://ludopedia.com.br/jogo/black-stories-funny-death-edition,black-stories-funny-death-edition
Alerta Vermelho - Invasão da nave Startramp,6.78,7.62,46,https://ludopedia.com.br/jogo/the-awful-green-things-from-outer-space,the-awful-green-things-from-outer-space
Lotus,6.78,7.66,44,https://ludopedia.com.br/jogo/lotus,lotus
Zhanguo: The First Empire,6.78,8.82,19,https://ludopedia.com.br/jogo/zhanguo-the-first-empire,zhanguo-the-first-empire
Last Night on Earth: Timber Peak,6.78,8.46,23,https://ludopedia.com.br/jogo/last-night-on-earth-timber-peak,last-night-on-earth-timber-peak
Star Trek: Catan,6.77,7.98,32,https://ludopedia.com.br/jogo/star-trek-catan,star-trek-catan
Commodities,6.77,10.0,12,https://ludopedia.com.br/jogo/commodities,commodities
Capitão Silver,6.77,7.2,91,https://ludopedia.com.br/jogo/captain-silver,captain-silver
Palavras Cruzadas - Jogo Clássico,6.77,7.03,152,https://ludopedia.com.br/jogo/palavras-cruzadas-jogo-classico,palavras-cruzadas-jogo-classico
Glüx,6.77,8.06,30,https://ludopedia.com.br/jogo/gl-x,gl-x
One Key,6.77,7.02,154,https://ludopedia.com.br/jogo/one-key,one-key
Carcassonne Big Box 5,6.77,8.45,23,https://ludopedia.com.br/jogo/carcassonne-big-box-5,carcassonne-big-box-5
Guards of Atlantis II,6.77,9.18,16,https://ludopedia.com.br/jogo/guards-of-atlantis-ii,guards-of-atlantis-ii
Age of Industry,6.77,7.94,33,https://ludopedia.com.br/jogo/age-of-industry,age-of-industry
The Cook-Off (Segunda Edição),6.77,7.18,95,https://ludopedia.com.br/jogo/the-cook-off-segunda-edicao,the-cook-off-segunda-edicao
Power Rangers: Heroes of the Grid,6.77,8.31,25,https://ludopedia.com.br/jogo/power-rangers-heroes-of-the-grid,power-rangers-heroes-of-the-grid
Distrito 6,6.77,7.68,42,https://ludopedia.com.br/jogo/distrito-6,distrito-6
Similo: Mitos,6.77,7.27,77,https://ludopedia.com.br/jogo/similo-myths,similo-myths
Snow Tails,6.77,7.51,52,https://ludopedia.com.br/jogo/snow-tails,snow-tails
Loser,6.77,7.03,146,https://ludopedia.com.br/jogo/loser,loser
Noite Zumbi,6.77,7.57,48,https://ludopedia.com.br/jogo/noite-zumbi,noite-zumbi
Three Cheers for Master,6.77,6.93,237,https://ludopedia.com.br/jogo/three-cheers-for-master,three-cheers-for-master
Camelio,6.77,7.78,38,https://ludopedia.com.br/jogo/camelio,camelio
Android: Netrunner - Entrada do Sistema: Conjunto Completo,6.77,9.32,15,https://ludopedia.com.br/jogo/system-gateway-complete-bundle,system-gateway-complete-bundle
Fazendinha,6.77,7.38,62,https://ludopedia.com.br/jogo/farmini,farmini
Star Trek: Fleet Captains,6.77,7.83,36,https://ludopedia.com.br/jogo/star-trek-fleet-captains,star-trek-fleet-captains
Hora do Rush,6.77,7.25,79,https://ludopedia.com.br/jogo/rush-hour,rush-hour
Cuco!,6.77,9.16,16,https://ludopedia.com.br/jogo/cuco,cuco
Mind Invaders,6.76,8.08,29,https://ludopedia.com.br/jogo/mind-invaders,mind-invaders
Última Fortaleza,6.76,7.13,103,https://ludopedia.com.br/jogo/ultima-fortaleza,ultima-fortaleza
Munchkin: Cthulhu,6.76,6.88,342,https://ludopedia.com.br/jogo/munchkin-cthulhu,munchkin-cthulhu
Nós Não Testamos Este Troço: Cinético,6.76,7.47,54,https://ludopedia.com.br/jogo/no-lo-testeamos-ni-un-poco-kinetico,no-lo-testeamos-ni-un-poco-kinetico
Castle Party,6.76,7.59,46,https://ludopedia.com.br/jogo/castle-party,castle-party
Bushido,6.76,7.56,48,https://ludopedia.com.br/jogo/bushido,bushido
Magic: The Gathering (Fourth Edition),6.76,7.89,34,https://ludopedia.com.br/jogo/magic-the-gathering-fourth-edition,magic-the-gathering-fourth-edition
Firenze,6.76,7.57,47,https://ludopedia.com.br/jogo/firenze,firenze
Cards Against Humanity,6.76,6.86,388,https://ludopedia.com.br/jogo/cards-against-humanity,cards-against-humanity
Porto,6.76,8.17,27,https://ludopedia.com.br/jogo/porto,porto
Hawaii,6.76,7.57,47,https://ludopedia.com.br/jogo/hawaii,hawaii
Reversi (Othello),6.76,7.17,94,https://ludopedia.com.br/jogo/othello,othello
Valdora,6.76,7.99,31,https://ludopedia.com.br/jogo/valdora,valdora
Coal Baron: The Great Card Game,6.76,8.12,28,https://ludopedia.com.br/jogo/coal-baron-the-great-card-game,coal-baron-the-great-card-game
Edo,6.76,7.95,32,https://ludopedia.com.br/jogo/edo,edo
Empires of the Void II,6.76,7.88,34,https://ludopedia.com.br/jogo/empires-of-the-void-ii,empires-of-the-void-ii
Tales of the Arabian Nights,6.76,7.69,41,https://ludopedia.com.br/jogo/tales-of-the-arabian-nights,tales-of-the-arabian-nights
Mint Works,6.76,7.23,81,https://ludopedia.com.br/jogo/mint-works,mint-works
E.T. The Extra-Terrestrial: Light Years From Home Game,6.76,8.22,26,https://ludopedia.com.br/jogo/e-t-the-extra-terrestrial-light-years-from-home-game,e-t-the-extra-terrestrial-light-years-from-home-game
Oathsworn: Into the Deepwood,6.76,9.46,14,https://ludopedia.com.br/jogo/oathsworn-into-the-deepwood,oathsworn-into-the-deepwood
The XX War,6.76,8.11,28,https://ludopedia.com.br/jogo/the-xx-war,the-xx-war
Alien: Fate of the Nostromo,6.76,8.27,25,https://ludopedia.com.br/jogo/alien-fate-of-the-nostromo,alien-fate-of-the-nostromo
Islebound,6.76,7.94,32,https://ludopedia.com.br/jogo/islebound,islebound
Sweet Lands,6.76,8.98,17,https://ludopedia.com.br/jogo/sweet-lands,sweet-lands
9 Lives,6.76,7.58,46,https://ludopedia.com.br/jogo/9-lives,9-lives
Similo: Animais Fantásticos e Onde Habitam,6.76,7.83,35,https://ludopedia.com.br/jogo/similo-fantastic-beasts-and-where-to-find-them,similo-fantastic-beasts-and-where-to-find-them
Commands & Colors: Napoleonics,6.76,8.98,17,https://ludopedia.com.br/jogo/commands-colors-napoleonics,commands-colors-napoleonics
Terra Mare,6.75,7.3,69,https://ludopedia.com.br/jogo/land-vs-sea,land-vs-sea
Script Terror,6.75,7.56,47,https://ludopedia.com.br/jogo/script-terror,script-terror
Inside Job,6.75,7.67,41,https://ludopedia.com.br/jogo/inside-job,inside-job
Tales & Games: The Three Little Pigs,6.75,7.32,66,https://ludopedia.com.br/jogo/tales-games-the-three-little-pigs,tales-games-the-three-little-pigs
Dwar7s Fall (Terceira Edição),6.75,8.15,27,https://ludopedia.com.br/jogo/dwar7s-fall-terceira-edicao,dwar7s-fall-terceira-edicao
Thanos Rising: Avengers Infinity War,6.75,7.48,52,https://ludopedia.com.br/jogo/thanos-rising-avengers-infinity-war,thanos-rising-avengers-infinity-war
Middle Ages,6.75,7.77,37,https://ludopedia.com.br/jogo/middle-ages,middle-ages
Battle Line: Medieval,6.75,8.46,22,https://ludopedia.com.br/jogo/battle-line-medieval,battle-line-medieval
Coloma: Deluxe Edition,6.75,8.01,30,https://ludopedia.com.br/jogo/coloma-deluxe-edition,coloma-deluxe-edition
Exploding Minions,6.75,7.61,44,https://ludopedia.com.br/jogo/exploding-minions,exploding-minions
Runicards: Batalha pela Terra do Fogo,6.75,6.92,217,https://ludopedia.com.br/jogo/runicards-batalha-pela-terra-do-fogo,runicards-batalha-pela-terra-do-fogo
Exploding Kittens: O Jogo de Tabuleiro,6.75,7.41,57,https://ludopedia.com.br/jogo/exploding-kittens-the-board-game,exploding-kittens-the-board-game
Take Time,6.75,7.71,39,https://ludopedia.com.br/jogo/take-time,take-time
Raccoon Tycoon,6.75,7.96,31,https://ludopedia.com.br/jogo/raccoon-tycoon,raccoon-tycoon
Overboss: A Boss Monster Adventure,6.75,8.53,21,https://ludopedia.com.br/jogo/overboss-a-boss-monster-adventure,overboss-a-boss-monster-adventure
Ninjato,6.75,7.6,44,https://ludopedia.com.br/jogo/ninjato,ninjato
Bios: Megafauna (second edition),6.75,8.0,30,https://ludopedia.com.br/jogo/bios-megafauna-second-edition,bios-megafauna-second-edition
Arkwright: The Card Game,6.75,8.19,26,https://ludopedia.com.br/jogo/arkwright-the-card-game,arkwright-the-card-game
Magic Trick,6.75,8.19,26,https://ludopedia.com.br/jogo/magic-trick,magic-trick
Silver & Gold,6.75,7.64,42,https://ludopedia.com.br/jogo/silver-gold,silver-gold
Macacos me Mordam!,6.75,7.34,63,https://ludopedia.com.br/jogo/macacos-me-mordam,macacos-me-mordam
Clank! Legacy 2: Acquisitions Incorporated - Darkest Magic,6.75,9.41,14,https://ludopedia.com.br/jogo/clank-legacy-2-acquisitions-incorporated-darkest-magic,clank-legacy-2-acquisitions-incorporated-darkest-magic
Guia dos Curiosos,6.75,7.81,35,https://ludopedia.com.br/jogo/guia-dos-curiosos,guia-dos-curiosos
Super Mario Bros. Power Up Card Game,6.75,8.61,20,https://ludopedia.com.br/jogo/super-mario-bros-power-up-card-game,super-mario-bros-power-up-card-game
Sunrise Lane,6.75,8.03,29,https://ludopedia.com.br/jogo/sunrise-lane,sunrise-lane
Scrabble 2 em 1,6.75,8.03,29,https://ludopedia.com.br/jogo/scrabble-scrabble-together,scrabble-scrabble-together
Murano,6.75,7.91,32,https://ludopedia.com.br/jogo/murano,murano
Mamutensão,6.74,8.36,23,https://ludopedia.com.br/jogo/mamutensao,mamutensao
Fabulinhas,6.74,7.52,48,https://ludopedia.com.br/jogo/storytailors,storytailors
Truco,6.74,6.92,210,https://ludopedia.com.br/jogo/truco,truco
Tikal II: The Lost Temple,6.74,7.59,44,https://ludopedia.com.br/jogo/tikal-ii-the-lost-temple,tikal-ii-the-lost-temple
Antike,6.74,7.67,40,https://ludopedia.com.br/jogo/antike,antike
Kahuna,6.74,7.16,89,https://ludopedia.com.br/jogo/kahuna,kahuna
Takenokolor,6.74,7.5,49,https://ludopedia.com.br/jogo/takenokolor,takenokolor
BattleLore,6.74,7.9,32,https://ludopedia.com.br/jogo/battlelore,battlelore
Póquer de Bichos,6.74,7.03,125,https://ludopedia.com.br/jogo/kakerlakenpoker-cockroach-poker,kakerlakenpoker-cockroach-poker
Tributo a Mondrian,6.74,7.6,43,https://ludopedia.com.br/jogo/tributo-a-mondrian,tributo-a-mondrian
Creepers,6.74,8.22,25,https://ludopedia.com.br/jogo/creepers,creepers
Medina (second edition),6.74,7.71,38,https://ludopedia.com.br/jogo/medina-second-edition,medina-second-edition
Villagers,6.74,7.71,38,https://ludopedia.com.br/jogo/villagers,villagers
Cloudspire,6.74,9.2,15,https://ludopedia.com.br/jogo/cloudspire,cloudspire
Grimcoven: Standard Edition,6.74,9.58,13,https://ludopedia.com.br/jogo/grimcoven-standard-edition,grimcoven-standard-edition
Horrified: Greek Monsters,6.74,9.04,16,https://ludopedia.com.br/jogo/horrified-greek-monsters,horrified-greek-monsters
Akigam,6.74,7.21,78,https://ludopedia.com.br/jogo/akigam,akigam
Cartas a Vapor,6.74,7.26,70,https://ludopedia.com.br/jogo/cartas-a-vapor,cartas-a-vapor
Black Sonata,6.74,8.34,23,https://ludopedia.com.br/jogo/black-sonata,black-sonata
Super Mario Kart,6.74,8.15,26,https://ludopedia.com.br/jogo/super-mario-kart,super-mario-kart
Princes of the Renaissance,6.73,8.2,25,https://ludopedia.com.br/jogo/princes-of-the-renaissance,princes-of-the-renaissance
Yunnan,6.73,7.81,34,https://ludopedia.com.br/jogo/yunnan,yunnan
Claim: Edição Limitada,6.73,8.0,29,https://ludopedia.com.br/jogo/claim-anniversary-edition,claim-anniversary-edition
Quests of Valeria,6.73,7.48,49,https://ludopedia.com.br/jogo/quests-of-valeria,quests-of-valeria
Marvel Villainous: Infinite Power,6.73,7.75,36,https://ludopedia.com.br/jogo/marvel-villainous-infinite-power,marvel-villainous-infinite-power
Qwixx,6.73,7.23,74,https://ludopedia.com.br/jogo/qwixx,qwixx
Rory's Story Cubes Ação,6.73,7.3,65,https://ludopedia.com.br/jogo/rory-s-story-cubes-actions,rory-s-story-cubes-actions
Misty,6.73,6.83,365,https://ludopedia.com.br/jogo/misty,misty
Iwari,6.73,7.84,33,https://ludopedia.com.br/jogo/iwari,iwari
Rory's Story Cubes: Cosmos,6.73,8.19,25,https://ludopedia.com.br/jogo/rory-s-story-cubes-intergalactic,rory-s-story-cubes-intergalactic
Medusa Oschophoria,6.73,9.01,16,https://ludopedia.com.br/jogo/medusa-oschophoria,medusa-oschophoria
The Cook-off,6.73,6.84,331,https://ludopedia.com.br/jogo/the-cook-off,the-cook-off
Conquest of the Empire,6.73,7.77,35,https://ludopedia.com.br/jogo/conquest-of-the-empire,conquest-of-the-empire
Crisis,6.73,8.19,25,https://ludopedia.com.br/jogo/crisis,crisis
Cthulhu: Dark Providence,6.73,7.99,29,https://ludopedia.com.br/jogo/cthulhu-dark-providence,cthulhu-dark-providence
Lucidity: Seis Faces do Pesadelo,6.73,7.15,87,https://ludopedia.com.br/jogo/lucidity-six-sided-nightmares,lucidity-six-sided-nightmares
Stronghold,6.73,7.69,38,https://ludopedia.com.br/jogo/stronghold,stronghold
Kobayakawa,6.73,7.25,70,https://ludopedia.com.br/jogo/kobayakawa,kobayakawa
Pack & Stack,6.73,7.4,54,https://ludopedia.com.br/jogo/pack-stack,pack-stack
Dodô,6.73,7.4,54,https://ludopedia.com.br/jogo/dodo,dodo
Bang!: The Walking Dead,6.73,7.94,30,https://ludopedia.com.br/jogo/bang-the-walking-dead,bang-the-walking-dead
Alien Attack USA,6.73,7.94,30,https://ludopedia.com.br/jogo/alien-attack-usa,alien-attack-usa
The Classic Dungeon,6.73,7.17,82,https://ludopedia.com.br/jogo/the-classic-dungeon,the-classic-dungeon
"Manual 3D&T (3ª Edição) - Revisado, Ampliado e Turbinado",6.73,7.66,39,https://ludopedia.com.br/jogo/manual-3d-t-3-edicao-revisado-ampliado-e-turbinado,manual-3d-t-3-edicao-revisado-ampliado-e-turbinado
Warhammer Quest: The Adventure Card Game,6.73,7.71,37,https://ludopedia.com.br/jogo/warhammer-quest-the-adventure-card-game,warhammer-quest-the-adventure-card-game
Chicago Dry,6.73,7.79,34,https://ludopedia.com.br/jogo/chicago-dry,chicago-dry
China,6.73,7.42,52,https://ludopedia.com.br/jogo/china,china
Panda Spin,6.73,7.71,37,https://ludopedia.com.br/jogo/panda-spin,panda-spin
Legendary Inventors,6.73,7.35,58,https://ludopedia.com.br/jogo/legendary-inventors,legendary-inventors
Futuropia,6.72,7.0,131,https://ludopedia.com.br/jogo/futuropia,futuropia
Quem Disse Isso?,6.72,7.26,68,https://ludopedia.com.br/jogo/quem-disse-isso,quem-disse-isso
Panda Rei,6.72,7.37,56,https://ludopedia.com.br/jogo/panda-rei,panda-rei
Unreal Estate,6.72,6.9,199,https://ludopedia.com.br/jogo/unreal-estate,unreal-estate
Forbidden Sky,6.72,7.93,30,https://ludopedia.com.br/jogo/forbidden-sky,forbidden-sky
Lowlands,6.72,7.89,31,https://ludopedia.com.br/jogo/lowlands,lowlands
Shadow Hunters,6.72,7.37,56,https://ludopedia.com.br/jogo/shadow-hunters,shadow-hunters
Space Cantina: Edição de Colecionador,6.72,7.82,33,https://ludopedia.com.br/jogo/space-cantina-edicao-de-colecionador,space-cantina-edicao-de-colecionador
Buraco,6.72,6.97,143,https://ludopedia.com.br/jogo/canastra,canastra
Onirim,6.72,7.03,118,https://ludopedia.com.br/jogo/onirim,onirim
Kites: Hora de Voar,6.72,7.36,56,https://ludopedia.com.br/jogo/kites-time-to-fly,kites-time-to-fly
Voices In My Head,6.72,7.12,91,https://ludopedia.com.br/jogo/voices-in-my-head,voices-in-my-head
Quem do Casal?,6.72,7.47,48,https://ludopedia.com.br/jogo/quem-do-casal,quem-do-casal
Carcassonne Junior,6.72,7.67,38,https://ludopedia.com.br/jogo/my-first-carcassonne-the-kids-of-carcassonne-carcassonne-junior,my-first-carcassonne-the-kids-of-carcassonne-carcassonne-junior
EXIT: O Jogo - O Tesouro Afundado,6.72,7.81,33,https://ludopedia.com.br/jogo/exit-the-game-the-sunken-treasure,exit-the-game-the-sunken-treasure
Autobahn,6.72,8.0,28,https://ludopedia.com.br/jogo/autobahn,autobahn
Fury of Gods,6.72,8.72,18,https://ludopedia.com.br/jogo/fury-of-gods,fury-of-gods
Word Traveler,6.72,7.42,51,https://ludopedia.com.br/jogo/word-traveler,word-traveler
Conectados,6.72,7.92,30,https://ludopedia.com.br/jogo/conectados,conectados
"Cocoricó, Cocorocó!",6.72,7.55,43,https://ludopedia.com.br/jogo/chicken-cha-cha-cha,chicken-cha-cha-cha
Rum & Pirates,6.72,7.55,43,https://ludopedia.com.br/jogo/rum-pirates,rum-pirates
Iron Helm,6.72,8.43,21,https://ludopedia.com.br/jogo/iron-helm,iron-helm
First Martians: Adventures on the Red Planet,6.72,7.74,35,https://ludopedia.com.br/jogo/first-martians-adventures-on-the-red-planet,first-martians-adventures-on-the-red-planet
Rory's Story Cubes Viagem,6.72,7.22,71,https://ludopedia.com.br/jogo/rory-s-story-cubes-voyages,rory-s-story-cubes-voyages
Revelando Emoções,6.72,7.95,29,https://ludopedia.com.br/jogo/revelando-emocoes,revelando-emocoes
Mental Blocks,6.72,7.34,57,https://ludopedia.com.br/jogo/mental-blocks,mental-blocks
Ludus,6.72,7.66,38,https://ludopedia.com.br/jogo/ludus,ludus
Shadow House: Masquerade,6.72,8.09,26,https://ludopedia.com.br/jogo/shadow-house-masquerade,shadow-house-masquerade
Café com Pandas,6.72,9.1,15,https://ludopedia.com.br/jogo/cafe-com-pandas,cafe-com-pandas
Montana,6.71,7.68,37,https://ludopedia.com.br/jogo/montana,montana
Warp's Edge,6.71,8.04,27,https://ludopedia.com.br/jogo/warp-s-edge,warp-s-edge
ZAG,6.71,7.73,35,https://ludopedia.com.br/jogo/zag,zag
Deckscape Roubo em Veneza,6.71,7.02,117,https://ludopedia.com.br/jogo/deckscape-heist-in-venice,deckscape-heist-in-venice
7 Wonders Dice,6.71,7.19,75,https://ludopedia.com.br/jogo/7-wonders-dice,7-wonders-dice
Imaginarium,6.71,7.94,29,https://ludopedia.com.br/jogo/imaginarium,imaginarium
Bacon,6.71,7.9,30,https://ludopedia.com.br/jogo/bacon,bacon
The Great Wall,6.71,8.33,22,https://ludopedia.com.br/jogo/the-great-wall,the-great-wall
Continental Express,6.71,7.58,41,https://ludopedia.com.br/jogo/continental-express,continental-express
Dobble: Turma da Mônica,6.71,8.94,16,https://ludopedia.com.br/jogo/dobble-turma-da-monica,dobble-turma-da-monica
Manhattan,6.71,7.98,28,https://ludopedia.com.br/jogo/manhattan,manhattan
Tricky Time Crisis,6.71,7.86,31,https://ludopedia.com.br/jogo/tricky-time-crisis,tricky-time-crisis
Axis & Allies: 1942,6.71,7.41,51,https://ludopedia.com.br/jogo/axis-allies-1942,axis-allies-1942
UNDO: Festival da Flor de Cerejeira,6.71,7.28,62,https://ludopedia.com.br/jogo/undo-the-cherry-blossom-festival,undo-the-cherry-blossom-festival
Mage Knight,6.71,7.38,53,https://ludopedia.com.br/jogo/mage-knight,mage-knight
Dice Town,6.71,7.32,58,https://ludopedia.com.br/jogo/dice-town,dice-town
"Algae, Inc.",6.71,8.58,19,https://ludopedia.com.br/jogo/algae-inc,algae-inc
MicroMacro: A Cidade do Crime - All In,6.71,8.25,23,https://ludopedia.com.br/jogo/micromacro-crime-city-all-in,micromacro-crime-city-all-in
City of Horror,6.71,7.17,77,https://ludopedia.com.br/jogo/city-of-horror,city-of-horror
Balaio de Gato,6.71,7.98,28,https://ludopedia.com.br/jogo/balaio-de-gato,balaio-de-gato
Magic: The Gathering – Arena of the Planeswalkers,6.71,7.19,73,https://ludopedia.com.br/jogo/magic-the-gathering-arena-of-the-planeswalkers,magic-the-gathering-arena-of-the-planeswalkers
Unmatched: Battle of Legends - Volume 3,6.71,9.24,14,https://ludopedia.com.br/jogo/unmatched-battle-of-legends-volume-3,unmatched-battle-of-legends-volume-3
PitchCar Mini,6.71,7.97,28,https://ludopedia.com.br/jogo/pitchcar-mini,pitchcar-mini
Liar's Dice,6.71,7.2,71,https://ludopedia.com.br/jogo/liar-s-dice,liar-s-dice
Cranium: Edição Família,6.71,7.53,43,https://ludopedia.com.br/jogo/cranium-the-family-fun-game,cranium-the-family-fun-game
878: Vikings – Invasions of England,6.71,8.01,27,https://ludopedia.com.br/jogo/878-vikings-invasions-of-england,878-vikings-invasions-of-england
Santorini: New York,6.71,7.97,28,https://ludopedia.com.br/jogo/santorini-new-york,santorini-new-york
Between Two Cities: Edição Essencial,6.71,7.46,47,https://ludopedia.com.br/jogo/between-two-cities-essential-edition,between-two-cities-essential-edition
Córdoba,6.71,7.13,84,https://ludopedia.com.br/jogo/cordoba,cordoba
BattleCON: Destino de Indines,6.71,6.94,148,https://ludopedia.com.br/jogo/battlecon-fate-of-indines,battlecon-fate-of-indines
Star Wars: Destiny – Obi-Wan Kenobi Starter Set,6.7,7.74,34,https://ludopedia.com.br/jogo/star-wars-destiny-obi-wan-kenobi-starter-set,star-wars-destiny-obi-wan-kenobi-starter-set
Exploradores de Navoria,6.7,8.23,23,https://ludopedia.com.br/jogo/explorers-of-navoria,explorers-of-navoria
Tower Up,6.7,7.96,28,https://ludopedia.com.br/jogo/tower-up,tower-up
Zombie Dice,6.7,6.75,755,https://ludopedia.com.br/jogo/zombie-dice,zombie-dice
Sherlock Express,6.7,6.97,131,https://ludopedia.com.br/jogo/sherlock-express,sherlock-express
