place_id,nome,endereco,capital_busca,origem,match_tipo,grupo_categoria,categorias_google,avaliacao_media,volume_avaliacoes,status_google,ultima_avaliacao_data,ativo_6m,site_ou_rede_social,instagram_usuario,telefone,link_google_maps,data_coleta,evidencia_espaco_jogo,relevante,politica_precificacao,modelo_alimentacao_bebidas,acervo_declarado
ChIJr-agjM2zGgcRUxwiaZwGD04,Arte Em Cards,"R. Lindalva Silva Dantas, 47 - Ponto Novo, Aracaju - SE, 49047-456, Brazil",Aracaju,busca_automatica,nome+avaliacao,outro,association_or_organization;point_of_interest;establishment,4.9,32,OPERATIONAL,2026-06-25,sim,https://www.ligamagic.com.br/?view=ecom/home&id=745133,,+55 79 93300-4865,https://maps.google.com/?cid=5624721728457546835&g_mp=CiVnb29nbGUubWFwcy5wbGFjZXMudjEuUGxhY2VzLkdldFBsYWNlEAIYBCAA,2026-09-01,,,,,
ChIJyxR13o-zGgcR7PIPDruoLcY,Barreto Games & Assistência.,"Av. Franklin de Campos Sobral, 2238 - Grageru, Aracaju - SE, 49027-000, Brazil",Aracaju,busca_automatica,nome,loja,service;point_of_interest;store;establishment,4.9,231,OPERATIONAL,,inconclusivo,http://www.barretogames.com.br/,,+55 79 99838-9153,https://maps.google.com/?cid=14280255514809987820&g_mp=CiVnb29nbGUubWFwcy5wbGFjZXMudjEuUGxhY2VzLkdldFBsYWNlEAIYBCAA,2026-09-16,,,,,
ChIJU2O7Ds6xGgcR4QyZYEDOjC8,Encanta Brinquedos,"Shopping Praia Sul - Av. Melício Machado, 4880 - Aruana, Aracaju - SE, 49038-445, Brazil",Aracaju,busca_automatica,nome,loja,toy_store;store;point_of_interest;establishment,5,12,OPERATIONAL,,inconclusivo,,,+55 79 98123-2118,https://maps.google.com/?cid=3426340192415976673&g_mp=CiVnb29nbGUubWFwcy5wbGFjZXMudjEuUGxhY2VzLkdldFBsYWNlEAIYBCAA,2026-09-16,,,,,
ChIJL4dRqGGzGgcRPMR_LXvl-B8,Estacao Jogos,"Av. Ministro Geraldo Barreto Sobral, 215 - Jardins, Aracaju - SE, 49026-010, Brazil",Aracaju,busca_automatica,nome,outro,video_arcade;point_of_interest;establishment,4.3,501,OPERATIONAL,,inconclusivo,http://shoppingjardins.com.br/,,+55 79 3217-6028,https://maps.google.com/?cid=2303843526607094844&g_mp=CiVnb29nbGUubWFwcy5wbGFjZXMudjEuUGxhY2VzLkdldFBsYWNlEAIYBCAA,2026-09-16,,,,,
ChIJl-nNCfGzGgcRh2XJP5ca7ZM,Game Station - Shopping RioMar Aracaju,"R. Delmiro Gouvêia, 400 - Coroa do Meio, Aracaju - SE, 49035-500, Brazil",Aracaju,busca_automatica,nome,outro,amusement_park;amusement_center;point_of_interest;establishment,4.3,1231,OPERATIONAL,2025-09-25,inconclusivo,http://www.gamestation.com.br/,,+55 79 3231-5797,https://maps.google.com/?cid=10659205129968379271&g_mp=CiVnb29nbGUubWFwcy5wbGFjZXMudjEuUGxhY2VzLkdldFBsYWNlEAIYBCAA,2026-09-01,,,,,
ChIJAWKaZByzGgcRZ-R91C0S2jE,Jogos Aju,"Av. Prof. Acrísio Cruz, 549 - 13 de Julho, Aracaju - SE, 49020-210, Brazil",Aracaju,busca_automatica,nome,loja,toy_store;store;point_of_interest;establishment,4.5,57,OPERATIONAL,2026-07-07,sim,,,+55 79 99956-5677,https://maps.google.com/?cid=3592203640829240423&g_mp=CiVnb29nbGUubWFwcy5wbGFjZXMudjEuUGxhY2VzLkdldFBsYWNlEAIYBCAA,2026-09-01,,,,,
ChIJlf0bweWtGgcRGD25GVdiVF4,"Jully Festas, Aluguel de Brinquedos Infláveis em Aracaju, Futebol de Sabão, Touro Mecânico, Tobogã, Escorrega…","Av. Boa Viagem, 809 - Santa Cecília, Nossa Sra. do Socorro - SE, 49160-000, Brazil",Aracaju,busca_automatica,nome,outro,point_of_interest;establishment,5,33,OPERATIONAL,2026-02-04,inconclusivo,,,+55 79 98163-3920,https://maps.google.com/?cid=6797165863842168088&g_mp=CiVnb29nbGUubWFwcy5wbGFjZXMudjEuUGxhY2VzLkdldFBsYWNlEAIYBCAA,2026-09-01,,,,,
ChIJC0KRp9upGgcRKiF8-jF8FoY,Loja Geek Of Thrones,"R. Jose Manuel Xavier da Silva, 580 - Rosa Maria, São Cristóvão - SE, 49107-006, Brazil",Aracaju,busca_automatica,nome,loja,store;point_of_interest;establishment,5,30,OPERATIONAL,,inconclusivo,http://instabio.cc/lojageekofthrones,,+55 79 99842-8101,https://maps.google.com/?cid=9662046604667658538&g_mp=CiVnb29nbGUubWFwcy5wbGFjZXMudjEuUGxhY2VzLkdldFBsYWNlEAIYBCAA,2026-09-16,,,,,
ChIJ_2rRoVuxGgcRJ4HRTiX5Tpg,"Misael fest kids locação de brinquedos em Aracaju, aluguel de futebol de sabão, touro mecânico p festas e eventos","R. Ferroviário José Matias de Siqueira - São Conrado, Aracaju - SE, 49042-720, Brazil",Aracaju,busca_automatica,nome,outro,service;point_of_interest;establishment,5,73,OPERATIONAL,2025-07-21,inconclusivo,https://www.misaelfestkids.org/,,+55 79 99991-0196,https://maps.google.com/?cid=10974983280579936551&g_mp=CiVnb29nbGUubWFwcy5wbGFjZXMudjEuUGxhY2VzLkdldFBsYWNlEAIYBCAA,2026-09-01,,,,,
ChIJa6-7T2uxGgcR4K-1owvXsuI,Multiverso Game Point,"Tv. 5 Cj Jorn O Dantas, 37 - São Conrado, Aracaju - SE, 49042-971, Brazil",Aracaju,busca_automatica,nome,alimentos_bebidas,toy_store;cafe;store;point_of_interest;food;establishment,4.9,178,OPERATIONAL,2020-01-17,inconclusivo,http://www.multiversogamepoint.store/,,+55 79 99199-9206,https://maps.google.com/?cid=16335355243417415648&g_mp=CiVnb29nbGUubWFwcy5wbGFjZXMudjEuUGxhY2VzLkdldFBsYWNlEAIYBCAA,2026-09-01,,,,,
ChIJ5yyvSiKxGgcRGRWdYwkSrIQ,Nakamura Games,"Av. Prof. José Freitas de Andrade, 3749 - Coroa do Meio, Aracaju - SE, 49035-680, Brazil",Aracaju,busca_automatica,nome,loja,point_of_interest;store;establishment,4.9,476,OPERATIONAL,,inconclusivo,https://api.whatsapp.com/send?phone=557933021690,,,https://maps.google.com/?cid=9560035940535964953&g_mp=CiVnb29nbGUubWFwcy5wbGFjZXMudjEuUGxhY2VzLkdldFBsYWNlEAIYBCAA,2026-09-16,,,,,
ChIJHzzj8P2xGgcRciRc3tdR4-8,"Nanda brinquedos - Aluguel de Inflaveis, touro mecanico, futebol de sabão, tobogã","Av. Silvério Leite Fontes - Aruana, Aracaju - SE, 49038-260, Brazil",Aracaju,busca_automatica,nome,outro,point_of_interest;establishment,5,145,OPERATIONAL,2026-05-04,sim,http://www.nandabrinquedos.com/,,+55 79 99968-9060,https://maps.google.com/?cid=17285749782368494706&g_mp=CiVnb29nbGUubWFwcy5wbGFjZXMudjEuUGxhY2VzLkdldFBsYWNlEAIYBCAA,2026-09-01,,,,,
ChIJgUmct368AyERlF3sHZlR6xw,Nyquist Games,"R. Euclídes Góis - Coroa do Meio, Aracaju - SE, 49035-310, Brazil",Aracaju,busca_automatica,nome,loja,store;point_of_interest;establishment,5,1,OPERATIONAL,,inconclusivo,https://www.instagram.com/nyquist.games/,nyquist.games,+55 79 99110-4172,https://maps.google.com/?cid=2083848970662862228&g_mp=CiVnb29nbGUubWFwcy5wbGFjZXMudjEuUGxhY2VzLkdldFBsYWNlEAIYBCAA,2026-09-16,,,,,
ChIJk5_aLwCzGgcRm3096HT42cs,Play Games Aracaju | Parque Shopping,"Av. João Rodrigues, 42 - Industrial, Aracaju - SE, 49065-450, Brazil",Aracaju,busca_automatica,nome,loja,store;point_of_interest;establishment,5,1,OPERATIONAL,2025-12-30,inconclusivo,,,,https://maps.google.com/?cid=14689044840641822107&g_mp=CiVnb29nbGUubWFwcy5wbGFjZXMudjEuUGxhY2VzLkdldFBsYWNlEAIYBCAA,2026-09-01,,,,,
ChIJVdzA2r6xGgcRSlifGZ6sFcQ,RPG Comando,"rua, 98 - Aruana, Aracaju - SE, 49000-689, Brazil",Aracaju,busca_automatica,nome,outro,point_of_interest;service;establishment,,0,OPERATIONAL,,inconclusivo,,,+55 79 98138-3044,https://maps.google.com/?cid=14129389200979482698&g_mp=CiVnb29nbGUubWFwcy5wbGFjZXMudjEuUGxhY2VzLkdldFBsYWNlEAIYBCAA,2026-09-16,,,,,
ChIJWRzlpWmzGgcR_Jo6zSBwWGk,Sandro games oficial,"Avenida Mascarenhas de Morais - Centro, Aracaju - SE, 49010-010, Brazil",Aracaju,busca_automatica,nome,loja,store;point_of_interest;establishment,3.8,10,OPERATIONAL,,inconclusivo,,,+55 79 99822-4404,https://maps.google.com/?cid=7590940458117405436&g_mp=CiVnb29nbGUubWFwcy5wbGFjZXMudjEuUGxhY2VzLkdldFBsYWNlEAIYBCAA,2026-09-16,,,,,
ChIJU4Wj-2mzGgcR0Jw7mlyGN-Q,Tabuleiro do Acarajé,"R. Rio Grande do Sul, 197 - Siqueira Campos, Aracaju - SE, 49075-510, Brazil",Aracaju,busca_automatica,nome,alimentos_bebidas,cocktail_bar;bar;restaurant;food;point_of_interest;establishment,4,4,OPERATIONAL,2024-01-18,inconclusivo,https://instagram.com/_tabuleirodoacaraje?igshid=NDk5N2NlZjQ=,_tabuleirodoacaraje,+55 79 99662-2033,https://maps.google.com/?cid=16444760296649366736&g_mp=CiVnb29nbGUubWFwcy5wbGFjZXMudjEuUGxhY2VzLkdldFBsYWNlEAIYBCAA,2026-09-01,,,,,
ChIJ7RCGLeuJf00RljVImieDL5Y,Tabulendário - Jogos de Tabuleiro / Boardgames em Aracaju,"Av. Conselheiro João Moreira Filho, 2151 - Coroa do Meio, Aracaju - SE, 49035-655, Brazil",Aracaju,busca_automatica,nome,outro,association_or_organization;point_of_interest;establishment,4.5,8,OPERATIONAL,2026-03-05,inconclusivo,https://www.tabulendario.com/,,+55 79 98135-5465,https://maps.google.com/?cid=10822012635709978006&g_mp=CiVnb29nbGUubWFwcy5wbGFjZXMudjEuUGxhY2VzLkdldFBsYWNlEAIYBCAA,2026-09-01,,,,,
ChIJ13nDt46zGgcRRUaT9vaaEek,True King's Card Shop,"R. Gen. Chaves, 107 - Sala 2 - São José, Aracaju - SE, 49015-310, Brazil",Aracaju,busca_automatica,nome,loja,store;point_of_interest;establishment,5,7,OPERATIONAL,,inconclusivo,https://mypcards.com/TrueKingsStore/yugioh,,+55 79 99602-4568,https://maps.google.com/?cid=16794374870930769477&g_mp=CiVnb29nbGUubWFwcy5wbGFjZXMudjEuUGxhY2VzLkdldFBsYWNlEAIYBCAA,2026-09-16,,,,,
ChIJjZAoSWazGgcRC0eKTbZyZp8,World Of Games,"Av. Moacir Oliveira - Marcos Freire I, Nossa Sra. do Socorro - SE, 49152-378, Brazil",Aracaju,busca_automatica,nome,loja,store;point_of_interest;establishment,4.7,87,OPERATIONAL,,inconclusivo,https://www.instagram.com/world_ofgames10/,world_ofgames10,+55 79 99122-7194,https://maps.google.com/?cid=11485994026965550859&g_mp=CiVnb29nbGUubWFwcy5wbGFjZXMudjEuUGxhY2VzLkdldFBsYWNlEAIYBCAA,2026-09-16,,,,,
ChIJ__9TTnxCzpQRwVSzrOijkRY,Bravo Jogos,"Rua Coronel Alfredo Flaquer, 411 - Centro, Santo André - SP, 09020-030, Brazil",Aracaju;Belo Horizonte;Boa Vista;Brasília;Campo Grande;Cuiabá;Curitiba;Florianópolis;Goiânia;João Pessoa;Macapá;Maceió;Manaus;Natal;Palmas;Porto Alegre;Recife;Rio de Janeiro;Salvador;São Luís;São Paulo,busca_automatica,nome,loja,toy_store;store;point_of_interest;establishment,4.9,1719,OPERATIONAL,2025-09-07,inconclusivo,https://bravojogos.com.br/,,+55 11 4427-1724,https://maps.google.com/?cid=1626261160182633665&g_mp=CiVnb29nbGUubWFwcy5wbGFjZXMudjEuUGxhY2VzLkdldFBsYWNlEAIYBCAA,2026-09-01,,,,,
ChIJO9bPE0GdEZURRD6c41YpCRI,Beer & Boards,"R. Gen. Abreu, 342 - Cidade Nova, Rio Grande - RS, 96202-570, Brazil",Aracaju;Belém;Boa Vista;Campo Grande;Natal;Porto Velho;Rio de Janeiro,busca_automatica,nome+avaliacao,alimentos_bebidas,bar;restaurant;point_of_interest;food;establishment,4.8,96,OPERATIONAL,2026-07-05,sim,http://bbludobar.acervodejogos.com.br/,,,https://maps.google.com/?cid=1299615420635692612&g_mp=CiVnb29nbGUubWFwcy5wbGFjZXMudjEuUGxhY2VzLkdldFBsYWNlEAIYBCAA,2026-09-01,,,,,
ChIJY_lqHVLl3JQRvDHacOMDKuc,BoardZ Game Pub,"R. Chile, 2077 - Rebouças, Curitiba - PR, 80220-181, Brazil",Aracaju;Boa Vista;Campo Grande;Curitiba;João Pessoa;Rio de Janeiro,busca_automatica,nome+avaliacao,alimentos_bebidas,hamburger_restaurant;american_restaurant;restaurant;food;point_of_interest;establishment,4.8,776,OPERATIONAL,2024-11-09,inconclusivo,https://boardzgamepub.com.br/,,+55 41 3078-9343,https://maps.google.com/?cid=16657130447169008060&g_mp=CiVnb29nbGUubWFwcy5wbGFjZXMudjEuUGxhY2VzLkdldFBsYWNlEAIYBCAA,2026-09-01,,,,,
ChIJoSChlA1JJ5URNj9RlBZxa6U,Caverna do Coelho | Aluguel de Jogos de Tabuleiro,"R. César Zuchinali, 12 - Serraria, São José - SC, 88115-210, Brazil",Aracaju;Florianópolis,busca_automatica,nome,loja,point_of_interest;store;establishment,5,23,OPERATIONAL,2026-08-03,sim,https://cavernadocoelho.acervodejogos.com.br/,,+55 48 99670-1561,https://maps.google.com/?cid=11919745180557721398&g_mp=CiVnb29nbGUubWFwcy5wbGFjZXMudjEuUGxhY2VzLkdldFBsYWNlEAIYBCAA,2026-09-01,,,,,
ChIJhSTdlebzXpMRf01LEaFa--8,Ludris Casa de Boardgames,"R. 6-A, 830 - Qd 58 Lt 12 - St. Aeroporto, Goiânia - GO, 74070-070, Brazil",Aracaju;Goiânia;Natal,busca_automatica,nome+avaliacao,loja,store;point_of_interest;establishment,4.9,82,OPERATIONAL,2026-08-07,sim,https://www.instagram.com/ludrisboardgames/,ludrisboardgames,+55 62 98644-7637,https://maps.google.com/?cid=17292514842045533567&g_mp=CiVnb29nbGUubWFwcy5wbGFjZXMudjEuUGxhY2VzLkdldFBsYWNlEAIYBCAA,2026-09-01,,,,,
ChIJX0sGb3bxXpMRIGplcKaQaeQ,Reino Lúdico - Aluguel de Jogos de Tabuleiro,"Av. 136, 62 - St. Marista, Goiânia - GO, 74840-540, Brazil",Aracaju;Goiânia;Natal,busca_automatica,nome,loja,store;point_of_interest;association_or_organization;establishment,4.8,23,OPERATIONAL,2025-06-22,inconclusivo,http://www.reinoludico.com.br/,,+55 62 99624-4210,https://maps.google.com/?cid=16458845357726853664&g_mp=CiVnb29nbGUubWFwcy5wbGFjZXMudjEuUGxhY2VzLkdldFBsYWNlEAIYBCAA,2026-09-01,,,,,
ChIJNcHw7jNYzpQRKRHPOrb4jEw,Play Easy,"R. Pedro Taques, 47 - Cerqueira César, São Paulo - SP, 01415-010, Brazil",Aracaju;Natal;Porto Alegre;São Paulo;Vitória,busca_automatica,avaliacao,loja,association_or_organization;toy_store;store;point_of_interest;establishment,4.7,1002,OPERATIONAL,2026-05-01,sim,https://playeasy.com.br/,,+55 11 2594-9933,https://maps.google.com/?cid=5516057105176400169&g_mp=CiVnb29nbGUubWFwcy5wbGFjZXMudjEuUGxhY2VzLkdldFBsYWNlEAIYBCAA,2026-09-01,,,,,
ChIJJe6LbmTP2JQRekuDVD0eEVA,Ludonave - Jogos e Drinks,"R. Osvaldo Schimitz, 26 - Gravatá, Navegantes - SC, 88372-706, Brazil",Aracaju;Rio Branco;São Luís,busca_automatica,nome,outro,association_or_organization;point_of_interest;establishment,5,11,OPERATIONAL,2025-01-14,inconclusivo,https://www.ludonave.com.br/,,+55 47 99708-2864,https://maps.google.com/?cid=5769425846398045050&g_mp=CiVnb29nbGUubWFwcy5wbGFjZXMudjEuUGxhY2VzLkdldFBsYWNlEAIYBCAA,2026-09-01,,,,,
ChIJmeoX-RpZzpQR4joLam_WngM,Akagami Card Games e Colecionáveis,"R. Antônio Carlos, 686 - Cerqueira César, São Paulo - SP, 01309-010, Brazil",Aracaju;São Paulo,busca_automatica,nome,loja,toy_store;store;point_of_interest;establishment,4.7,59,OPERATIONAL,,inconclusivo,https://akagami.com.br/,,+55 11 98409-3995,https://maps.google.com/?cid=260881602442902242&g_mp=CiVnb29nbGUubWFwcy5wbGFjZXMudjEuUGxhY2VzLkdldFBsYWNlEAIYBCAA,2026-09-16,,,,,
ChIJbZRHQPRfzpQRz97-ZOg0yXA,Castelos Bar & Boardgames,"R. Serra de Botucatu, 995 - Vila Gomes Cardim, São Paulo - SP, 03317-000, Brazil",Aracaju;São Paulo,busca_automatica,nome+avaliacao,alimentos_bebidas,bar;association_or_organization;point_of_interest;establishment,4.6,617,OPERATIONAL,2024-08-15,inconclusivo,http://www.castelosbar.com.br/,,+55 11 3564-0577,https://maps.google.com/?cid=8127085175298252495&g_mp=CiVnb29nbGUubWFwcy5wbGFjZXMudjEuUGxhY2VzLkdldFBsYWNlEAIYBCAA,2026-09-01,,,,,
ChIJEXWGxDD5zpQRc6mmlhKeyuI,Meca dos Jogos - Loja de Boardgames!,"R. Jesuíno Antônio Batista, 417 - Jardim Guarani, São Paulo - SP, 02851-080, Brazil",Aracaju;São Paulo,busca_automatica,nome,loja,store;point_of_interest;association_or_organization;establishment,4.8,47,OPERATIONAL,,inconclusivo,https://www.mecadosjogos.com.br/,,+55 11 94932-6543,https://maps.google.com/?cid=16342048000541370739&g_mp=CiVnb29nbGUubWFwcy5wbGFjZXMudjEuUGxhY2VzLkdldFBsYWNlEAIYBCAA,2026-09-16,,,,,
ChIJD5tSQNebpgARQ1brfo_AqeM,Abelha Lunar Brinquedos,"R. Geraldo Faria de Souza, 872 - Sagrada Família, Belo Horizonte - MG, 31035-510, Brazil",Belo Horizonte,busca_automatica,nome,loja,toy_store;manufacturer;store;point_of_interest;establishment,5,50,OPERATIONAL,,inconclusivo,,,+55 31 98562-0631,https://maps.google.com/?cid=16404854840215950915&g_mp=CiVnb29nbGUubWFwcy5wbGFjZXMudjEuUGxhY2VzLkdldFBsYWNlEAIYBCAA,2026-09-16,,,,,
ChIJ2eMCGACRpgARoWEjX5VaIkI,Arcade Save Point,"Av. Sebastião de Brito, 287 - Sl 3 - Dona Clara, Belo Horizonte - MG, 31260-000, Brazil",Belo Horizonte,triagem_manual,,outro,video_arcade;association_or_organization;point_of_interest;establishment,4.6,14,OPERATIONAL,,inconclusivo,,,+55 31 99901-3047,https://maps.google.com/?cid=4765470953304187297&g_mp=CiVnb29nbGUubWFwcy5wbGFjZXMudjEuUGxhY2VzLkdldFBsYWNlEAIYBCAA,2026-09-16,sim,,,,
ChIJDTIXkfuZpgAR4Wd-CrQu2Ik,BH Games,"R. Curvelo, 32 - Lj 15 - Floresta, Belo Horizonte - MG, 31015-172, Brazil",Belo Horizonte,busca_automatica,nome,loja,toy_store;point_of_interest;store;establishment,4.5,585,OPERATIONAL,,inconclusivo,http://www.bhgames.com.br/,,+55 31 2526-6990,https://maps.google.com/?cid=9932740328970676193&g_mp=CiVnb29nbGUubWFwcy5wbGFjZXMudjEuUGxhY2VzLkdldFBsYWNlEAIYBCAA,2026-09-16,,,,,
ChIJ_fSU_we_pgARXrRXapfLc9k,Brinquedolândia Casa de Brincar,"Av. Sinfrônio Brochado, 1420 - Barreiro, Belo Horizonte - MG, 30640-000, Brazil",Belo Horizonte,busca_automatica,nome,outro,point_of_interest;establishment,4.5,2,OPERATIONAL,2021-05-10,inconclusivo,https://instagram.com/brinquedolandiabh?igshid=119ep3oq0ddi,brinquedolandiabh,+55 31 98956-4467,https://maps.google.com/?cid=15669091379736720478&g_mp=CiVnb29nbGUubWFwcy5wbGFjZXMudjEuUGxhY2VzLkdldFBsYWNlEAIYBCAA,2026-09-01,,,,,
ChIJQ-UyX32bpgARJcyelgu6UGk,"Clube Mineiro de Wargames: Warhammer, Age of Sigmar, One Page Rules, Senhor dos Anéis, FrostGrave e muito mais.","R. Padre Júlio Maria, 93 - Vera Cruz, Belo Horizonte - MG, 30285-360, Brazil",Belo Horizonte,busca_automatica,nome,outro,point_of_interest;association_or_organization;establishment,,0,OPERATIONAL,,inconclusivo,https://www.instagram.com/cm.wargame/,cm.wargame,+55 31 3452-5920,https://maps.google.com/?cid=7588769931053681701&g_mp=CiVnb29nbGUubWFwcy5wbGFjZXMudjEuUGxhY2VzLkdldFBsYWNlEAIYBCAA,2026-09-16,,,,,
ChIJpzB8zc2XpgARoJTUu90J6Pw,Comdado Bar e Jogos,"Av. Amazonas, 2310 - Santo Agostinho, Belo Horizonte - MG, 30180-012, Brazil",Belo Horizonte,busca_automatica,nome+avaliacao,alimentos_bebidas,cocktail_bar;bar;restaurant;food;store;point_of_interest;association_or_organization;establishment,4.4,158,OPERATIONAL,2025-12-07,inconclusivo,http://www.comdado.bar/?utm_source=google&utm_medium=wix_google_business_profile&utm_campaign=2515633343614986524,,+55 31 99935-2525,https://maps.google.com/?cid=18223826740098405536&g_mp=CiVnb29nbGUubWFwcy5wbGFjZXMudjEuUGxhY2VzLkdldFBsYWNlEAIYBCAA,2026-09-01,,,,,
ChIJbUrly6CZpgARus1v7UATQH8,DayTrade Magic,"Av. Prudente de Morais, 621 - Lj 10 - Santo Antônio, Belo Horizonte - MG, 30350-143, Brazil",Belo Horizonte,busca_automatica,nome,loja,store;point_of_interest;establishment,5,36,OPERATIONAL,,inconclusivo,http://www.daytrademagic.com.br/,,+55 31 99512-4584,https://maps.google.com/?cid=9169350010908691898&g_mp=CiVnb29nbGUubWFwcy5wbGFjZXMudjEuUGxhY2VzLkdldFBsYWNlEAIYBCAA,2026-09-16,,,,,
ChIJccry2YO9pgARysaQPaSV1JI,Dimensão Alternativa,"R. Aurora, 11 - Miramar (Barreiro), Belo Horizonte - MG, 30644-080, Brazil",Belo Horizonte,busca_automatica,avaliacao,loja,toy_store;store;point_of_interest;establishment,4.9,44,OPERATIONAL,2026-06-26,sim,https://www.dimensaoalternativa.com.br/,,+55 31 97501-6060,https://maps.google.com/?cid=10580245957240211146&g_mp=CiVnb29nbGUubWFwcy5wbGFjZXMudjEuUGxhY2VzLkdldFBsYWNlEAIYBCAA,2026-09-01,,,,,
ChIJAVe-obmWpgARQx8-GQoKutU,Elite Games BH,"Xingu Mall - Av. Abílio Machado, 1664 - Box 97/98 - Alípio de Melo, Belo Horizonte - MG, 30830-000, Brazil",Belo Horizonte,busca_automatica,nome,loja,electronics_store;store;point_of_interest;establishment,4.5,652,OPERATIONAL,,inconclusivo,http://www.elitegamesbh.com/,,+55 31 99131-0191,https://maps.google.com/?cid=15400632914236284739&g_mp=CiVnb29nbGUubWFwcy5wbGFjZXMudjEuUGxhY2VzLkdldFBsYWNlEAIYBCAA,2026-09-16,,,,,
ChIJw_XYxmaZpgARvqB0k8rFBs8,Game X,"Av. Augusto de Lima, 479 - Sl 1511 - Centro, Belo Horizonte - MG, 30190-000, Brazil",Belo Horizonte,busca_automatica,nome,loja,store;point_of_interest;establishment,4.9,968,OPERATIONAL,,inconclusivo,http://www.gamexbh.com.br/,,+55 31 3646-3810,https://maps.google.com/?cid=14917828289559306430&g_mp=CiVnb29nbGUubWFwcy5wbGFjZXMudjEuUGxhY2VzLkdldFBsYWNlEAIYBCAA,2026-09-16,,,,,
ChIJsUAT-dObpgARCT2C5QpnVKU,Garagem do Nerd,"R. Padre Júlio Maria, 93 - Vera Cruz, Belo Horizonte - MG, 30285-360, Brazil",Belo Horizonte,busca_automatica,nome+avaliacao,outro,sports_club;association_or_organization;point_of_interest;establishment,4.9,244,OPERATIONAL,2024-12-04,inconclusivo,https://garagemdonerd.com.br/,,+55 31 3452-5920,https://maps.google.com/?cid=11913260210799656201&g_mp=CiVnb29nbGUubWFwcy5wbGFjZXMudjEuUGxhY2VzLkdldFBsYWNlEAIYBCAA,2026-09-01,,,,,
ChIJT0SWTE6RpgARR_MPTjPyxTk,Hango jogos,"R. Cerqueira Leite, 18 - Universitário, Belo Horizonte - MG, 31255-440, Brazil",Belo Horizonte,busca_automatica,nome,outro,point_of_interest;association_or_organization;establishment,,0,OPERATIONAL,,inconclusivo,,,+55 31 97557-0099,https://maps.google.com/?cid=4162999732740813639&g_mp=CiVnb29nbGUubWFwcy5wbGFjZXMudjEuUGxhY2VzLkdldFBsYWNlEAIYBCAA,2026-09-01,,,,,
ChIJ03bxSvSXpgARB1Fujm1ryEA,JogArtClub • Comes & Jogas,"R. Nadir, 450 - Caiçara-Adelaide, Belo Horizonte - MG, 30770-420, Brazil",Belo Horizonte,busca_automatica,avaliacao,alimentos_bebidas,restaurant;point_of_interest;food;establishment,5,49,OPERATIONAL,2026-05-25,sim,https://www.jogartclub.com.br/,,+55 31 99760-9671,https://maps.google.com/?cid=4668099132054720775&g_mp=CiVnb29nbGUubWFwcy5wbGFjZXMudjEuUGxhY2VzLkdldFBsYWNlEAIYBCAA,2026-09-01,,,,,
ChIJPUgkC_KXpgARgDePGmyys7o,Kairós Ludo - Aluguel de jogos de tabuleiro em BH,"Rua Platano, 121 - Marajó, Belo Horizonte - MG, 30570-160, Brazil",Belo Horizonte,busca_automatica,nome,loja,toy_store;association_or_organization;store;point_of_interest;establishment,5,10,OPERATIONAL,2025-12-30,inconclusivo,https://www.kairosludo.com.br/,,+55 31 99948-5861,https://maps.google.com/?cid=13453292689257609088&g_mp=CiVnb29nbGUubWFwcy5wbGFjZXMudjEuUGxhY2VzLkdldFBsYWNlEAIYBCAA,2026-09-01,,,,,
ChIJM0tqs8-ZpgARGlhNEPVUppw,Kinde Brinquedos | Mangabeiras,"Av. dos Bandeirantes, 506 - Mangabeiras, Belo Horizonte - MG, 30315-382, Brazil",Belo Horizonte,busca_automatica,nome,loja,toy_store;store;point_of_interest;establishment,5,590,OPERATIONAL,2025-12-19,inconclusivo,http://www.kinde.com.br/,,+55 31 2510-0037,https://maps.google.com/?cid=11287802927567951898&g_mp=CiVnb29nbGUubWFwcy5wbGFjZXMudjEuUGxhY2VzLkdldFBsYWNlEAIYBCAA,2026-09-01,,,,,
ChIJS8UKmRubpgARAQYQ48_VuI8,Ludo 3D,"R. Herval, 481 - Serra, Belo Horizonte - MG, 30240-010, Brazil",Belo Horizonte,busca_automatica,nome,outro,point_of_interest;service;establishment,5,6,OPERATIONAL,2021-11-11,inconclusivo,http://www.ludo3d.com.br/,,+55 31 99885-4183,https://maps.google.com/?cid=10356262431982880257&g_mp=CiVnb29nbGUubWFwcy5wbGFjZXMudjEuUGxhY2VzLkdldFBsYWNlEAIYBCAA,2026-09-01,,,,,
ChIJW3LzC-OZpgARnd4gdGxlzeA,MK Games BH,"R. da Bahia, 1032 - Sl 606 - Centro, Belo Horizonte - MG, 30160-010, Brazil",Belo Horizonte,busca_automatica,nome,loja,point_of_interest;store;establishment,4.9,3473,OPERATIONAL,,inconclusivo,http://www.mkgamesbh.com.br/,,+55 31 2527-0858,https://maps.google.com/?cid=16198714951200726685&g_mp=CiVnb29nbGUubWFwcy5wbGFjZXMudjEuUGxhY2VzLkdldFBsYWNlEAIYBCAA,2026-09-16,,,,,
ChIJBWgPzv6ZpgAR6hEFczprqRk,MUNDO DOS GAMES,"Avenida Oiapoque, 156 Portaria 2, box pi34/35 - Mundo dos Games - Centro, Belo Horizonte - MG, 30111-070, Brazil",Belo Horizonte,busca_automatica,nome,loja,store;point_of_interest;establishment,3.8,48,OPERATIONAL,,inconclusivo,http://wa.me/5531995479872,,+55 31 99547-9872,https://maps.google.com/?cid=1849127020794286570&g_mp=CiVnb29nbGUubWFwcy5wbGFjZXMudjEuUGxhY2VzLkdldFBsYWNlEAIYBCAA,2026-09-16,,,,,
ChIJodgIpnqXpgARiTbkZYfHB9o,Mesa de jogos de tabuleiro,"Rua Dr. Juvenal dos Santos, 149 - Luxemburgo, Belo Horizonte - MG, 30380-530, Brazil",Belo Horizonte,busca_automatica,nome,outro,park;point_of_interest;establishment,5,1,OPERATIONAL,2026-02-15,inconclusivo,,,,https://maps.google.com/?cid=15710745209449232009&g_mp=CiVnb29nbGUubWFwcy5wbGFjZXMudjEuUGxhY2VzLkdldFBsYWNlEAIYBCAA,2026-09-01,,,,,
ChIJHRqnsI2ZpgARvAr4gsrTa94,RPG VENDA ATACADISTA,"R. Sebastião Froes, 36 - Copacabana, Belo Horizonte - MG, 31550-570, Brazil",Belo Horizonte,busca_automatica,nome,loja,electronics_store;store;service;point_of_interest;establishment,4.1,16,OPERATIONAL,,inconclusivo,,,+55 31 3021-8965,https://maps.google.com/?cid=16027136565662190268&g_mp=CiVnb29nbGUubWFwcy5wbGFjZXMudjEuUGxhY2VzLkdldFBsYWNlEAIYBCAA,2026-09-16,,,,,
ChIJd3ynKDCbpgARrK9b9Ya4nG8,Rooftop Games,"Centro, Belo Horizonte - Minas Gerais, 30110-002, Brazil",Belo Horizonte,busca_automatica,nome,outro,point_of_interest;association_or_organization;establishment,,0,OPERATIONAL,,inconclusivo,,,+55 31 98425-4179,https://maps.google.com/?cid=8042505924358418348&g_mp=CiVnb29nbGUubWFwcy5wbGFjZXMudjEuUGxhY2VzLkdldFBsYWNlEAIYBCAA,2026-09-01,,,,,
ChIJUxnUuJ-WpgAROa_q4X_wM9w,SMILE RECREAÇÔES | Locação de brinquedos e Recreação infantil BH,"R. Dorvalina de Carvalho Rezende, 130 - São João Batista, Belo Horizonte - MG, 31510-510, Brazil",Belo Horizonte,busca_automatica,nome,outro,service;point_of_interest;establishment,4.5,159,OPERATIONAL,2026-06-30,sim,http://www.smilerecreacoes.com.br/,,+55 31 98445-2069,https://maps.google.com/?cid=15867290344198156089&g_mp=CiVnb29nbGUubWFwcy5wbGFjZXMudjEuUGxhY2VzLkdldFBsYWNlEAIYBCAA,2026-09-01,,,,,
ChIJwaTDkNuZpgARtBvCnEZjrUY,Savassi Games,"Rua Antônio de Albuquerque, 606 - sala 203 - Praça da Savassi, Edifício Fraternia, mesmo prédio da Melissa Calçados - 2º andar - Savassi, Belo Horizonte - MG, 30112-010, Brazil",Belo Horizonte,busca_automatica,nome,loja,store;point_of_interest;establishment,4.8,1357,OPERATIONAL,2024-09-30,inconclusivo,https://savassigames.com.br/,,+55 31 99378-0001,https://maps.google.com/?cid=5092835908554726324&g_mp=CiVnb29nbGUubWFwcy5wbGFjZXMudjEuUGxhY2VzLkdldFBsYWNlEAIYBCAA,2026-09-01,,,,,
ChIJieP16UCZpgAR8zqQEUSe5oM,Stone Games,"Antônio Braga - Av. Afonso Pena, 578 - Sala 302 Ed - Centro, Belo Horizonte - MG, 30130-002, Brazil",Belo Horizonte,busca_automatica,nome,loja,store;point_of_interest;establishment,5,1318,OPERATIONAL,,inconclusivo,https://stonegamesloja.com.br/,,,https://maps.google.com/?cid=9504458078801640179&g_mp=CiVnb29nbGUubWFwcy5wbGFjZXMudjEuUGxhY2VzLkdldFBsYWNlEAIYBCAA,2026-09-16,,,,,
ChIJ-TwfHyaapgARy0qIc8g0r28,Taberna Santê,"R. Salinas, 2113 - Santa Tereza, Belo Horizonte - MG, 31015-115, Brazil",Belo Horizonte,busca_automatica,avaliacao,alimentos_bebidas,pub;brewery;bar;service;point_of_interest;manufacturer;food;establishment,4.6,1145,OPERATIONAL,2019-05-23,inconclusivo,http://www.instagram.com/tabernasante,tabernasante,+55 31 99140-9211,https://maps.google.com/?cid=8047709094670781131&g_mp=CiVnb29nbGUubWFwcy5wbGFjZXMudjEuUGxhY2VzLkdldFBsYWNlEAIYBCAA,2026-09-01,,,,,
ChIJIcauleSZpgARDghXUEZX9gI,Taberna dos Games,"Av. Mem de Sá, 521 - Santa Efigênia, Belo Horizonte - MG, 30260-270, Brazil",Belo Horizonte,busca_automatica,nome,loja,toy_store;store;point_of_interest;establishment,4.5,378,OPERATIONAL,2021-10-13,inconclusivo,http://www.tabernadosgames.com.br/,,+55 31 3566-4705,https://maps.google.com/?cid=213453991853885454&g_mp=CiVnb29nbGUubWFwcy5wbGFjZXMudjEuUGxhY2VzLkdldFBsYWNlEAIYBCAA,2026-09-01,,,,,
ChIJz539XYObpgARV5NhbSNRRHM,Totus Ludus,"R. Quaquarema, 31 - Fernão Dias, Belo Horizonte - MG, 31170-535, Brazil",Belo Horizonte,busca_automatica,avaliacao,outro,point_of_interest;association_or_organization;establishment,5,7,OPERATIONAL,2026-08-22,sim,https://totusludus.com.br/,,+55 31 99544-9559,https://maps.google.com/?cid=8305852825378853719&g_mp=CiVnb29nbGUubWFwcy5wbGFjZXMudjEuUGxhY2VzLkdldFBsYWNlEAIYBCAA,2026-09-01,,,,,
ChIJKURw7A2apgARheRIbSu9Pgo,UGCardShop,"R. dos Pampas, 17 - Prado, Belo Horizonte - MG, 30411-073, Brazil",Belo Horizonte,busca_automatica,nome+avaliacao,loja,toy_store;store;point_of_interest;establishment,4.6,1030,OPERATIONAL,2024-07-04,inconclusivo,http://www.ugcardshop.com.br/,,+55 31 3654-9237,https://maps.google.com/?cid=738235383150077061&g_mp=CiVnb29nbGUubWFwcy5wbGFjZXMudjEuUGxhY2VzLkdldFBsYWNlEAIYBCAA,2026-09-01,,,,,
ChIJrRfqRPSRpgARWfVpA_8eK7E,VAULT of cards,"Av. Augusto de Lima, 527 - Centro, Belo Horizonte - MG, 30190-000, Brazil",Belo Horizonte,busca_automatica,nome,loja,toy_store;store;point_of_interest;establishment,4.9,260,OPERATIONAL,,inconclusivo,https://www.vaultofcards.com.br/,,+55 31 3144-0311,https://maps.google.com/?cid=12766331649334572377&g_mp=CiVnb29nbGUubWFwcy5wbGFjZXMudjEuUGxhY2VzLkdldFBsYWNlEAIYBCAA,2026-09-16,,,,,
ChIJM71EkmeXpgAR-81Om8EYtkE,Vespa TCG Card Store,"Av. Raja Gabáglia, 3950 - Lj 13B/14B - Estoril, Belo Horizonte - MG, 30494-310, Brazil",Belo Horizonte,busca_automatica,nome,loja,toy_store;point_of_interest;store;establishment,5,35,OPERATIONAL,,inconclusivo,http://www.vespatcg.com.br/,,+55 31 99975-5189,https://maps.google.com/?cid=4734999278040043003&g_mp=CiVnb29nbGUubWFwcy5wbGFjZXMudjEuUGxhY2VzLkdldFBsYWNlEAIYBCAA,2026-09-16,,,,,
ChIJtwr4B2uapgARmoNuWVdPSUY,ZEUS GAMES BH,"Av. Cristiano Machado, 1682 - Lj 12 - Cidade Nova, Belo Horizonte - MG, 31170-024, Brazil",Belo Horizonte,busca_automatica,nome,loja,store;point_of_interest;establishment,4.9,2301,OPERATIONAL,,inconclusivo,http://www.zeusgames.com.br/,,+55 31 2527-5080,https://maps.google.com/?cid=5064666492535997338&g_mp=CiVnb29nbGUubWFwcy5wbGFjZXMudjEuUGxhY2VzLkdldFBsYWNlEAIYBCAA,2026-09-16,,,,,
ChIJRwi-IMcEFgcR2QL8OciGdQ0,PlayGround Game Store,"Shopping Boulevard das Orquídeas - Av. Paulo VI, 1535 - Lj 101 - Pituba, Salvador - BA, 41810-000, Brazil",Belo Horizonte;Belém;Boa Vista;Brasília;Campo Grande;Florianópolis;Fortaleza;Goiânia;João Pessoa;Porto Alegre;Porto Velho;Recife;Rio Branco;Rio de Janeiro;Salvador;São Luís;São Paulo;Vitória,busca_automatica,nome+avaliacao,loja,toy_store;store;point_of_interest;establishment,4.6,358,OPERATIONAL,2023-07-06,inconclusivo,http://www.playgroundgames.com.br/,,+55 71 99988-8871,https://maps.google.com/?cid=969829489292608217&g_mp=CiVnb29nbGUubWFwcy5wbGFjZXMudjEuUGxhY2VzLkdldFBsYWNlEAIYBCAA,2026-09-01,,,,,
ChIJK-IiTfuVpgARx8rVtqv8c3g,Massula Nerd House,"R. Manoel João Diniz Camargos, 524 - Alvorada, Contagem - MG, 32042-220, Brazil",Belo Horizonte;Belém;Goiânia,busca_automatica,nome+avaliacao,alimentos_bebidas,pub;bar;point_of_interest;establishment,5,94,OPERATIONAL,2026-05-11,sim,https://www.massulanerdhouse.com.br/,,+55 31 99993-0950,https://maps.google.com/?cid=8679558721310149319&g_mp=CiVnb29nbGUubWFwcy5wbGFjZXMudjEuUGxhY2VzLkdldFBsYWNlEAIYBCAA,2026-09-01,,,,,
ChIJVVWJxOaZpgARwOi0SIWndOw,Brechó Lúdico,"Av. Brasil, 1843 - Lourdes, Belo Horizonte - MG, 30140-008, Brazil",Belo Horizonte;Cuiabá;João Pessoa,busca_automatica,avaliacao,loja,toy_store;point_of_interest;association_or_organization;store;establishment,4.9,122,OPERATIONAL,2026-08-02,sim,https://brecholudico.com.br/,,+55 31 99386-8689,https://maps.google.com/?cid=17038427481141733568&g_mp=CiVnb29nbGUubWFwcy5wbGFjZXMudjEuUGxhY2VzLkdldFBsYWNlEAIYBCAA,2026-09-01,,,,,
ChIJ6ZLMZw-XpgAR_OR6SwY5xKo,Shelf Bar e Jogos,"Av. do Contorno, 7287 - Lourdes, Belo Horizonte - MG, 30110-047, Brazil",Belo Horizonte;Palmas,busca_automatica,nome,alimentos_bebidas,cocktail_bar;bar;point_of_interest;establishment,4.6,1505,OPERATIONAL,2026-06-08,sim,http://shelfbar.com.br/,,+55 31 98255-3780,https://maps.google.com/?cid=12305022781081969916&g_mp=CiVnb29nbGUubWFwcy5wbGFjZXMudjEuUGxhY2VzLkdldFBsYWNlEAIYBCAA,2026-09-01,,,,,
ChIJx5jr3zGXpgARQGx9eX7TDmY,LudoCafé,"R. Antônio Dias, 201 - Santo Antônio, Belo Horizonte - MG, 30350-150, Brazil",Belo Horizonte;Recife,busca_automatica,nome+avaliacao,alimentos_bebidas,cocktail_bar;bar;coffee_shop;food_store;cafe;store;restaurant;food;point_of_interest;establishment,4.6,585,OPERATIONAL,2026-07-07,sim,http://www.ludocafe.com.br/,,+55 31 3646-6046,https://maps.google.com/?cid=7354047781700201536&g_mp=CiVnb29nbGUubWFwcy5wbGFjZXMudjEuUGxhY2VzLkdldFBsYWNlEAIYBCAA,2026-09-01,,,,,
ChIJiY9zEsyNpJIR_mfO_JdbZqY,EXP CARD STORE,"R. Bernal do Couto, 1296 - Umarizal, Belém - PA, 66055-080, Brazil",Belém,busca_automatica,nome+avaliacao,loja,toy_store;store;point_of_interest;establishment,4.6,54,OPERATIONAL,2026-05-02,sim,https://www.expcardstore.com/,,+55 11 99347-0004,https://maps.google.com/?cid=11990371766260099070&g_mp=CiVnb29nbGUubWFwcy5wbGFjZXMudjEuUGxhY2VzLkdldFBsYWNlEAIYBCAA,2026-09-01,,,,,
ChIJW6B6GACPpJIRB--XoYN1boE,Exp Card Store,"R. Bernal do Couto, 1296 - Umarizal, Belém - PA, 66055-080, Brazil",Belém,busca_automatica,nome,loja,store;point_of_interest;establishment,,0,OPERATIONAL,,inconclusivo,,,,https://maps.google.com/?cid=9326521086543130375&g_mp=CiVnb29nbGUubWFwcy5wbGFjZXMudjEuUGxhY2VzLkdldFBsYWNlEAIYBCAA,2026-09-16,,,,,
ChIJ_1Yngo-LpJIRj6otOv7kRn8,FANTASY GAMES - Assistência Técnica Especializada,"Passagem Jarbas Passarinho, 120 A - Atalaia, Ananindeua - PA, 66645-410, Brazil",Belém,busca_automatica,nome,loja,store;point_of_interest;establishment,4.9,287,OPERATIONAL,,inconclusivo,,,+55 91 98170-6961,https://maps.google.com/?cid=9171269471735491215&g_mp=CiVnb29nbGUubWFwcy5wbGFjZXMudjEuUGxhY2VzLkdldFBsYWNlEAIYBCAA,2026-09-16,,,,,
ChIJxxdXpZCPpJIRXqtxBwCGhgY,GAME HOUSE BELÉM,"Rua dos Quarenta e Oito Center 47 - Batista Campos, Belém - PA, 66025-230, Brazil",Belém,busca_automatica,nome,loja,electronics_store;store;point_of_interest;establishment,5,64,OPERATIONAL,2020-03-14,inconclusivo,https://instagram.com/freefirebelem?igshid=rhbl27mrwq23,freefirebelem,+55 91 98315-0025,https://maps.google.com/?cid=470210545789807454&g_mp=CiVnb29nbGUubWFwcy5wbGFjZXMudjEuUGxhY2VzLkdldFBsYWNlEAIYBCAA,2026-09-01,,,,,
ChIJFfONwXGLpJIRBoRsNv3aQfI,Hey! Hero Geek Store,"Tv. Mauriti - Pedreira, Belém - PA, 66087-680, Brazil",Belém,busca_automatica,nome,alimentos_bebidas,coffee_shop;cafe;food_store;store;food;point_of_interest;establishment,4.8,33,OPERATIONAL,,inconclusivo,https://instagram.com/heyherogeekstore?igshid=YmMyMTA2M2Y=,heyherogeekstore,+55 91 98125-5449,https://maps.google.com/?cid=17456474411739415558&g_mp=CiVnb29nbGUubWFwcy5wbGFjZXMudjEuUGxhY2VzLkdldFBsYWNlEAIYBCAA,2026-09-16,,,,,
ChIJyW-C2YuOpJIRrMyg3yhcl5E,J M Games,"Galeria Center 48 - R. dos 48, 42 - Lj 8 - Batista Campos, Belém - PA, 66015-200, Brazil",Belém,busca_automatica,nome,loja,store;point_of_interest;establishment,2.6,7,OPERATIONAL,,inconclusivo,,,,https://maps.google.com/?cid=10490955187603164332&g_mp=CiVnb29nbGUubWFwcy5wbGFjZXMudjEuUGxhY2VzLkdldFBsYWNlEAIYBCAA,2026-09-16,,,,,
ChIJ6dpuPeiLpJIR8PJ20jZ5U-k,Loja de Brinquedos da Alice,"Próximo ao Shopping Grão Pará, Conjunto Catalina - Tv. Dois, 232 - Mangueirão, Belém - PA, 66640-270, Brazil",Belém,busca_automatica,nome,loja,toy_store;corporate_office;point_of_interest;store;establishment,4.9,21,OPERATIONAL,,inconclusivo,,,+55 91 98933-0055,https://maps.google.com/?cid=16812915110270399216&g_mp=CiVnb29nbGUubWFwcy5wbGFjZXMudjEuUGxhY2VzLkdldFBsYWNlEAIYBCAA,2026-09-16,,,,,
ChIJJVS7kJGJpJIRg5mWMBLgzr4,Lontra Oriental Card Games TCG,"R. Doze, N° 01 - Box C - Maracangalha, Belém - PA, 66110-053, Brazil",Belém,busca_automatica,nome,loja,toy_store;store;point_of_interest;establishment,4.8,17,OPERATIONAL,,inconclusivo,,,+55 91 98296-9986,https://maps.google.com/?cid=13749173081137912195&g_mp=CiVnb29nbGUubWFwcy5wbGFjZXMudjEuUGxhY2VzLkdldFBsYWNlEAIYBCAA,2026-09-16,,,,,
ChIJy4yXvUOLpJIRoATvyfXMr5o,Ludamigos - Jogos de tabuleiro,"Av. Marquês de Herval, 1776 - Pedreira, Belém - PA, 66085-313, Brazil",Belém,busca_automatica,nome,loja,store;point_of_interest;establishment,5,5,OPERATIONAL,2026-07-08,sim,https://ludamigos.lends.com.br/,,+55 91 92003-0552,https://maps.google.com/?cid=11146352958792205472&g_mp=CiVnb29nbGUubWFwcy5wbGFjZXMudjEuUGxhY2VzLkdldFBsYWNlEAIYBCAA,2026-09-01,,,,,
ChIJVRustamNpJIRE4QX47Z1-vw,Ludorim Boardgames - Jogos de Tabuleiro,"Tv. Timbó, 1269 - Pedreira, Belém - PA, 66083-049, Brazil",Belém,busca_automatica,nome+avaliacao,loja,store;point_of_interest;establishment,5,16,OPERATIONAL,2026-07-14,sim,https://ludorim.lends.com.br/,,+55 91 98885-4419,https://maps.google.com/?cid=18229011870089970707&g_mp=CiVnb29nbGUubWFwcy5wbGFjZXMudjEuUGxhY2VzLkdldFBsYWNlEAIYBCAA,2026-09-01,,,,,
ChIJ-97tiEeNpJIRb_eV7a-sxBs,Ludoteca Sidequest,"Av. Visc. de Souza Franco, 1313 - Umarizal, Belém - PA, 66053-000, Brazil",Belém,busca_automatica,nome+avaliacao,alimentos_bebidas,snack_bar;hamburger_restaurant;coffee_shop;cafe;meal_takeaway;food_store;american_restaurant;restaurant;food;store;point_of_interest;establishment,4.8,327,OPERATIONAL,2026-05-31,sim,https://ludotecasidequest.com.br/,,+55 91 98561-3484,https://maps.google.com/?cid=2000914006064625519&g_mp=CiVnb29nbGUubWFwcy5wbGFjZXMudjEuUGxhY2VzLkdldFBsYWNlEAIYBCAA,2026-09-01,,,,,
ChIJVe4Y9ziPpJIR4LDvs8gUPlc,Martins Loja de Variedades O Rei dos Brinquedos,"R. Treze de Maio, N° 462 - Campina, Belém - PA, 66019-020, Brazil",Belém,busca_automatica,nome,loja,toy_store;store;point_of_interest;establishment,4.5,23,OPERATIONAL,,inconclusivo,https://www.facebook.com/Martins-Loja-de-Variedades-O-Rei-dos-Brinquedos-103951078023751,,+55 91 98563-3992,https://maps.google.com/?cid=6286484982100635872&g_mp=CiVnb29nbGUubWFwcy5wbGFjZXMudjEuUGxhY2VzLkdldFBsYWNlEAIYBCAA,2026-09-16,,,,,
ChIJeVxl1I5hpJIRPDXL-aFbMFw,Mestre Dos Games E Tecnologia,"Passagem Primeiro de Julho, 32 - Benguí, Belém - PA, 66630-735, Brazil",Belém,busca_automatica,nome,loja,store;point_of_interest;establishment,5,65,OPERATIONAL,,inconclusivo,https://www.facebook.com/profile.php?id=100083318455015&mibextid=ZbWKwL,,,https://maps.google.com/?cid=6642910201610188092&g_mp=CiVnb29nbGUubWFwcy5wbGFjZXMudjEuUGxhY2VzLkdldFBsYWNlEAIYBCAA,2026-09-16,,,,,
ChIJ9arjXI5-L4kRvQ_arqNVNG0,Nerdices | A sua loja geek em Belém,"R. dos Mundurucus, 3284 - Cremação, Belém - PA, 66040-033, Brazil",Belém,busca_automatica,nome,loja,womens_clothing_store;toy_store;clothing_store;store;point_of_interest;establishment,5,23,OPERATIONAL,,inconclusivo,https://www.instagram.com/nerdices.online/,nerdices.online,+55 91 98035-4053,https://maps.google.com/?cid=7869008610424655805&g_mp=CiVnb29nbGUubWFwcy5wbGFjZXMudjEuUGxhY2VzLkdldFBsYWNlEAIYBCAA,2026-09-16,,,,,
ChIJv3fk2nqOpJIRhyuz_OgElJg,Oriental Video e Game,"R. dos Timbiras, 1354 - Batista Campos, Belém - PA, 66033-331, Brazil",Belém,busca_automatica,nome,loja,store;point_of_interest;establishment,4.4,622,OPERATIONAL,,inconclusivo,http://www.orientalgames.com.br/,,+55 91 3272-7670,https://maps.google.com/?cid=10994417989036747655&g_mp=CiVnb29nbGUubWFwcy5wbGFjZXMudjEuUGxhY2VzLkdldFBsYWNlEAIYBCAA,2026-09-16,,,,,
ChIJ6S1J8O2JpJIRCNzqFrfvwfE,PIXXELS Gamer Club®︎,"Av. Sen. Lemos, 3153 - Sacramenta, Belém - PA, 66120-000, Brazil",Belém,busca_automatica,nome+avaliacao,outro,internet_cafe;point_of_interest;service;establishment,5,21,OPERATIONAL,2026-07-07,sim,http://pixxelsgamerclub.com/,,+55 91 98473-8751,https://maps.google.com/?cid=17420468403288333320&g_mp=CiVnb29nbGUubWFwcy5wbGFjZXMudjEuUGxhY2VzLkdldFBsYWNlEAIYBCAA,2026-09-01,,,,,
ChIJQ-IrKgmLpJIRuWxTFSFu_hk,Play Action Games - Loja de games em belém,"R. Padre Eutíquio - B.Campos - Belém, PA, 68530-000, Brazil",Belém,busca_automatica,nome,loja,electronics_store;store;point_of_interest;establishment,4.4,9,OPERATIONAL,,inconclusivo,https://www.instagram.com/playactionbelem/,playactionbelem,+55 91 98253-0373,https://maps.google.com/?cid=1873055583403470009&g_mp=CiVnb29nbGUubWFwcy5wbGFjZXMudjEuUGxhY2VzLkdldFBsYWNlEAIYBCAA,2026-09-16,,,,,
ChIJ-ZF-kTuKpJIRNW1TcmIqv1w,Play Games,"Av. Centenário, 1052 - Val-de-Cans, Belém - PA, 66617-418, Brazil",Belém,busca_automatica,nome,outro,amusement_park;amusement_center;point_of_interest;establishment,4.3,583,OPERATIONAL,2024-06-28,inconclusivo,,,+55 91 3199-3518,https://maps.google.com/?cid=6683106974354337077&g_mp=CiVnb29nbGUubWFwcy5wbGFjZXMudjEuUGxhY2VzLkdldFBsYWNlEAIYBCAA,2026-09-01,,,,,
ChIJFQHtdQ6LpJIR2TFPBl5fXys,Smart Geek Brasil,"Edifício Lomas Center - Tv. Lomas Valentinas, 2625 - Sl 01 - Sacramenta, Belém - PA, 66093-677, Brazil",Belém,busca_automatica,nome,loja,store;point_of_interest;establishment,3.7,3,OPERATIONAL,2023-08-19,inconclusivo,,,+55 91 98589-1989,https://maps.google.com/?cid=3125321523855831513&g_mp=CiVnb29nbGUubWFwcy5wbGFjZXMudjEuUGxhY2VzLkdldFBsYWNlEAIYBCAA,2026-09-01,,,,,
ChIJB3QNOfeLpJIRXZnnxwGI70M,Supra Cards,"38A - Marambaia, Belém - PA, 66620-760, Brazil",Belém,busca_automatica,nome,loja,toy_store;store;point_of_interest;establishment,5,27,OPERATIONAL,,inconclusivo,http://www.supracards.net/,,+55 91 2121-8752,https://maps.google.com/?cid=4895280861205207389&g_mp=CiVnb29nbGUubWFwcy5wbGFjZXMudjEuUGxhY2VzLkdldFBsYWNlEAIYBCAA,2026-09-16,,,,,
ChIJxxbPw4uOpJIRWWSrQJ2cQiU,Tsunami Games,"Galeria Portuense, Loja 30 - Tv. Padre Eutíquio, 1055 - Batista Campos, Belém - PA, 66023-710, Brazil",Belém,busca_automatica,nome,loja,point_of_interest;store;establishment,4,18,OPERATIONAL,,inconclusivo,https://tsunami-games-dados-loja.netlify.app/,,+55 91 98220-2423,https://maps.google.com/?cid=2684880527075009625&g_mp=CiVnb29nbGUubWFwcy5wbGFjZXMudjEuUGxhY2VzLkdldFBsYWNlEAIYBCAA,2026-09-16,,,,,
ChIJxdjX24uOpJIR8qZK9s7LF4s,Tsunami Games & Computers,"Galeria Center 48 - R. dos 48, 42 - Lj 4 - Batista Campos, Belém - PA, 66015-200, Brazil",Belém,busca_automatica,nome,loja,store;point_of_interest;establishment,4.2,250,OPERATIONAL,,inconclusivo,https://tsunami-games-dados-loja.netlify.app/,,,https://maps.google.com/?cid=10022703585492117234&g_mp=CiVnb29nbGUubWFwcy5wbGFjZXMudjEuUGxhY2VzLkdldFBsYWNlEAIYBCAA,2026-09-16,,,,,
ChIJfTUN-duJpJIRgfzVfddwDHY,Universo Geek Store,"Conjunto Providência Avenida norte entre Rua 12 e - Al. Providência - Val-de-Cans, Belém - PA, 66110-053, Brazil",Belém,busca_automatica,nome,loja,store;point_of_interest;establishment,5,9,OPERATIONAL,,inconclusivo,,,+55 91 98817-7490,https://maps.google.com/?cid=8506297867027479681&g_mp=CiVnb29nbGUubWFwcy5wbGFjZXMudjEuUGxhY2VzLkdldFBsYWNlEAIYBCAA,2026-09-16,,,,,
ChIJudT16IuOpJIRfxPVGu_j4a4,Via Bella Games Informática,"Galeria Portuense - Tv. Padre Eutíquio, 1055 - Campina, Belém - PA, 66013-090, Brazil",Belém,busca_automatica,nome,loja,store;service;point_of_interest;establishment,4.8,460,OPERATIONAL,,inconclusivo,https://loja.viabellagamesecelulares.com.br/,,+55 91 99346-5197,https://maps.google.com/?cid=12601603848446219135&g_mp=CiVnb29nbGUubWFwcy5wbGFjZXMudjEuUGxhY2VzLkdldFBsYWNlEAIYBCAA,2026-09-16,,,,,
ChIJcRvp0r15GZURj1bFNF3n5jw,HEX Board Game Café,"R. Riachuelo, 1339 - Sala 1003 ( Cobertura - Centro Histórico, Porto Alegre - RS, 90010-270, Brazil",Belém;Boa Vista;Brasília;Campo Grande;Cuiabá;Florianópolis;Fortaleza;Goiânia;Macapá;Maceió;Manaus;Natal;Porto Alegre;Rio Branco;Rio de Janeiro;São Luís;São Paulo;Teresina;Vitória,busca_automatica,nome+avaliacao,alimentos_bebidas,cafe;association_or_organization;point_of_interest;food;establishment,5,84,OPERATIONAL,2025-08-06,inconclusivo,http://www.hex.poa.br/,,+55 51 99805-2122,https://maps.google.com/?cid=4388449274422449807&g_mp=CiVnb29nbGUubWFwcy5wbGFjZXMudjEuUGxhY2VzLkdldFBsYWNlEAIYBCAA,2026-09-01,,,,,
ChIJTaG5ALpZzpQRUDErQ-RkfTs,Ludus Luderia,"R. Treze de Maio, 972 - Bela Vista, São Paulo - SP, 01327-000, Brazil",Belém;Boa Vista;Campo Grande;Cuiabá;Macapá;Maceió;Manaus;Natal;Palmas;Porto Velho;Rio de Janeiro;São Luís;São Paulo;Teresina;Vitória,busca_automatica,nome+avaliacao,alimentos_bebidas,bar;sports_bar;association_or_organization;restaurant;food;point_of_interest;establishment,4.6,5137,OPERATIONAL,2026-05-12,sim,http://ludusluderia.com.br/,,+55 11 99241-2211,https://maps.google.com/?cid=4286693351868805456&g_mp=CiVnb29nbGUubWFwcy5wbGFjZXMudjEuUGxhY2VzLkdldFBsYWNlEAIYBCAA,2026-09-01,,,,,
ChIJZz29dnVXzpQRvRh7_YKyUN4,Encounter | Jogos de Tabuleiro | Board Games,"Av. dos Eucaliptos, 204 - Moema, São Paulo - SP, 04517-050, Brazil",Belém;Campo Grande;João Pessoa;Maceió;Recife;São Paulo,busca_automatica,nome+avaliacao,alimentos_bebidas,association_or_organization;restaurant;food;point_of_interest;establishment,4.8,1123,OPERATIONAL,2026-06-29,sim,https://www.instagram.com/encounter.bg/,encounter.bg,+55 11 97225-4090,https://maps.google.com/?cid=16019500150225049789&g_mp=CiVnb29nbGUubWFwcy5wbGFjZXMudjEuUGxhY2VzLkdldFBsYWNlEAIYBCAA,2026-09-01,,,,,
ChIJMYNbjXyOpJIRWBmqMSlEcBQ,Mago Jogos,"Condomínio do Edifício Francisca Julia - Av. Serzedelo Corrêa, 1157 - Batista Campos, Belém - PA, 66033-770, Brazil",Belém;Manaus,busca_automatica,nome+avaliacao,outro,point_of_interest;association_or_organization;establishment,4.8,19,OPERATIONAL,2023-10-26,inconclusivo,http://magojogos.com.br/,,+55 91 98534-9090,https://maps.google.com/?cid=1472752021867731288&g_mp=CiVnb29nbGUubWFwcy5wbGFjZXMudjEuUGxhY2VzLkdldFBsYWNlEAIYBCAA,2026-09-01,,,,,
ChIJyTGQlRoFk40Rdizfin314QI,1001 brinquedos e papelaria,"Avenidas - Av. Carlos Pereira de Melo, 473 - sala 7 - Jardim Floresta, Boa Vista - RR, 69312-005, Brazil",Boa Vista,busca_automatica,nome,loja,toy_store;store;point_of_interest;establishment,4.9,31,OPERATIONAL,,inconclusivo,https://site5.com.br/207/#services,,+55 95 99110-6815,https://maps.google.com/?cid=207716977385352310&g_mp=CiVnb29nbGUubWFwcy5wbGFjZXMudjEuUGxhY2VzLkdldFBsYWNlEAIYBCAA,2026-09-16,,,,,
ChIJB_zo5UAFk40RKz8bUNhtO2Q,Elenda Games,"R. Nilo Brandão, 368 - Calunga, Boa Vista - RR, 69303-240, Brazil",Boa Vista,busca_automatica,nome,loja,store;point_of_interest;establishment,5,3,OPERATIONAL,,inconclusivo,https://instagram.com/elendagames,elendagames,+55 95 99172-1658,https://maps.google.com/?cid=7222487203243048747&g_mp=CiVnb29nbGUubWFwcy5wbGFjZXMudjEuUGxhY2VzLkdldFBsYWNlEAIYBCAA,2026-09-16,,,,,
ChIJy9pOFzAFk40RXZ1DcdoCKV0,Elenda Games Alvorada - Filial,"R. Z-3, 1132 - Alvorada, Boa Vista - RR, 69317-192, Brazil",Boa Vista,busca_automatica,nome,loja,point_of_interest;store;establishment,5,6,OPERATIONAL,,inconclusivo,http://instagram.com/elendagames,elendagames,+55 95 99172-1658,https://maps.google.com/?cid=6712899856798817629&g_mp=CiVnb29nbGUubWFwcy5wbGFjZXMudjEuUGxhY2VzLkdldFBsYWNlEAIYBCAA,2026-09-16,,,,,
ChIJay9eGwAPk40RPwVNydQC4tM,Ensino e Afeto Brinquedos,"R. Iuguslavia, 105 - Cauamé, Boa Vista - RR, 69311-087, Brazil",Boa Vista,busca_automatica,nome,loja,toy_store;point_of_interest;store;establishment,5,1,OPERATIONAL,,inconclusivo,http://www.ensinoeafeto.com.br/,,+55 95 99168-8148,https://maps.google.com/?cid=15267768799672993087&g_mp=CiVnb29nbGUubWFwcy5wbGFjZXMudjEuUGxhY2VzLkdldFBsYWNlEAIYBCAA,2026-09-16,,,,,
ChIJuX7PULsFk40RW3zyoKu8ng4,Mania Games Technology,"AV: Mario homem de melo, 5662 - Tancredo Neves, Boa Vista - RR, 69313-522, Brazil",Boa Vista,busca_automatica,nome,loja,store;point_of_interest;establishment,4.4,29,OPERATIONAL,,inconclusivo,,,+55 95 99123-5127,https://maps.google.com/?cid=1053486808176950363&g_mp=CiVnb29nbGUubWFwcy5wbGFjZXMudjEuUGxhY2VzLkdldFBsYWNlEAIYBCAA,2026-09-16,,,,,
ChIJnQ5RFfsFk40RBiwSV0NJNQk,Mimosa Geek,"Av. Maj. Williams, 1009 - Centro, Boa Vista - RR, 69305-085, Brazil",Boa Vista,busca_automatica,nome,loja,store;point_of_interest;establishment,5,2,OPERATIONAL,,inconclusivo,,,+55 95 99169-3360,https://maps.google.com/?cid=663517073679461382&g_mp=CiVnb29nbGUubWFwcy5wbGFjZXMudjEuUGxhY2VzLkdldFBsYWNlEAIYBCAA,2026-09-16,,,,,
ChIJ8VbDMiwEk40RzQJ0VIHWlKE,Seven Games RR,"R. Peixe Boi, 38 - Santa Tereza, Boa Vista - RR, 69314-074, Brazil",Boa Vista,busca_automatica,nome,outro,corporate_office;point_of_interest;establishment,4.7,117,OPERATIONAL,,inconclusivo,,,+55 95 99144-9737,https://maps.google.com/?cid=11643166787615589069&g_mp=CiVnb29nbGUubWFwcy5wbGFjZXMudjEuUGxhY2VzLkdldFBsYWNlEAIYBCAA,2026-09-16,,,,,
ChIJW4Rfhh4Hk40Rn9xq1cgWVus,Style Geek Centro,"Av. Silvio Botelho - Centro, Boa Vista - RR, 69301-330, Brazil",Boa Vista,busca_automatica,nome,loja,store;point_of_interest;establishment,5,1,OPERATIONAL,,inconclusivo,,,+55 95 99142-9328,https://maps.google.com/?cid=16957766498740001951&g_mp=CiVnb29nbGUubWFwcy5wbGFjZXMudjEuUGxhY2VzLkdldFBsYWNlEAIYBCAA,2026-09-16,,,,,
ChIJ-ze0ZB4Gk40Rl-E6SQT03Ps,Sukatinha Brinquedos,"Av. Ville Roy, 5196 - Centro, Boa Vista - RR, 69301-000, Brazil",Boa Vista,busca_automatica,nome,loja,toy_store;store;point_of_interest;establishment,4.5,445,OPERATIONAL,,inconclusivo,,,+55 95 3624-2554,https://maps.google.com/?cid=18148648897641898391&g_mp=CiVnb29nbGUubWFwcy5wbGFjZXMudjEuUGxhY2VzLkdldFBsYWNlEAIYBCAA,2026-09-16,,,,,
ChIJsV5jFFoHk40RhlJyuhqYhfc,TidiPlay Jogos e Games,"R. Mte. Diogo, 157/2 - Trinta e Um de Março, Boa Vista - RR, 69305-410, Brazil",Boa Vista,busca_automatica,nome+avaliacao,loja,toy_store;point_of_interest;store;establishment,4.9,12,OPERATIONAL,2026-04-02,sim,,,+55 95 98110-2279,https://maps.google.com/?cid=17835829139835343494&g_mp=CiVnb29nbGUubWFwcy5wbGFjZXMudjEuUGxhY2VzLkdldFBsYWNlEAIYBCAA,2026-09-01,,,,,
ChIJx7e4SEkHk40R6zBFjMi-fi0,Zeca Formiga - Brinquedos,"Centro Comercial Lucena - Av. Ville Roy, 4430 - Sl 06 - Aparecida, Boa Vista - RR, 69306-405, Brazil",Boa Vista,busca_automatica,nome,loja,toy_store;store;point_of_interest;establishment,5,53,OPERATIONAL,,inconclusivo,,,+55 95 98115-0238,https://maps.google.com/?cid=3278267347328381163&g_mp=CiVnb29nbGUubWFwcy5wbGFjZXMudjEuUGxhY2VzLkdldFBsYWNlEAIYBCAA,2026-09-16,,,,,
ChIJoTlvBfMbFgcRHvuCKHBQrXQ,São Jogue - Bela Vista,"Alameda Euvaldo Luz, 92 - Pernambués, Salvador - BA, 41098-020, Brazil",Boa Vista;Brasília;João Pessoa;Natal;Salvador,busca_automatica,nome+avaliacao,alimentos_bebidas,snack_bar;meal_takeaway;restaurant;food;store;point_of_interest;establishment,4.8,787,OPERATIONAL,2019-12-09,inconclusivo,https://saojogue.com.br/,,+55 71 99298-5046,https://maps.google.com/?cid=8407464522016815902&g_mp=CiVnb29nbGUubWFwcy5wbGFjZXMudjEuUGxhY2VzLkdldFBsYWNlEAIYBCAA,2026-09-01,,,,,
ChIJLczTCwDnhpQRBxX3z2r6ni4,Caverna Board Games,"R. Sen. Queirós, 370 - Jardim Leblon, Campo Grande - MS, 79092-265, Brazil",Boa Vista;Campo Grande,busca_automatica,nome+avaliacao,loja,store;point_of_interest;association_or_organization;establishment,5,44,OPERATIONAL,2026-05-17,sim,https://www.cavernaboardgames.com.br/,,+55 67 99107-5200,https://maps.google.com/?cid=3359397708727522567&g_mp=CiVnb29nbGUubWFwcy5wbGFjZXMudjEuUGxhY2VzLkdldFBsYWNlEAIYBCAA,2026-09-01,,,,,
ChIJDWxbmU7phpQRJ12eAtIDuLQ,Multiverso Tabuleiros - Aluguel de Jogos de Tabuleiro em Campo Grande,"R. Sebastião Lima, 1388 - Jardim Sao Bento, Campo Grande - MS, 79004-600, Brazil",Boa Vista;Campo Grande;Maceió;Rio Branco,busca_automatica,nome+avaliacao,loja,toy_store;association_or_organization;store;point_of_interest;establishment,5,78,OPERATIONAL,2026-05-02,sim,https://multiversotabuleiros.acervodejogos.com.br/,,+55 67 99953-7474,https://maps.google.com/?cid=13022162523063737639&g_mp=CiVnb29nbGUubWFwcy5wbGFjZXMudjEuUGxhY2VzLkdldFBsYWNlEAIYBCAA,2026-09-01,,,,,
ChIJ73mEeqQdzpQRKti9DbyjiWM,House Rules Ludobar,"Av. São Paulo, 614 - Boqueirão, Praia Grande - SP, 11701-380, Brazil",Boa Vista;Campo Grande;Natal;São Paulo,busca_automatica,nome+avaliacao,alimentos_bebidas,restaurant;food;point_of_interest;establishment,5,91,OPERATIONAL,2026-07-10,sim,https://www.instagram.com/houserules.ludobar/,houserules.ludobar,+55 13 98840-3386,https://maps.google.com/?cid=7172443909643950122&g_mp=CiVnb29nbGUubWFwcy5wbGFjZXMudjEuUGxhY2VzLkdldFBsYWNlEAIYBCAA,2026-09-01,,,,,
ChIJu1yUroF_mQAR7qxqAfxKSw4,Game Of Boards,"Rua da Passagem, 142 - Botafogo, Rio de Janeiro - RJ, 22290-031, Brazil",Boa Vista;Campo Grande;Recife;Rio de Janeiro,ambas,nome+avaliacao,loja,store;point_of_interest;establishment,4.7,1077,OPERATIONAL,2026-03-06,inconclusivo,http://www.gameofboards.com.br/,,+55 21 2557-7277,https://maps.google.com/?cid=1029999386000272622&g_mp=CiVnb29nbGUubWFwcy5wbGFjZXMudjEuUGxhY2VzLkdldFBsYWNlEAIYBCAA,2026-09-01,,,,,
ChIJ-2rcJH4bFgcRPkW3X_tPP4Q,"Boar Games - Aluguel, Venda e Eventos de Jogos de Tabuleiro","Rua Tenente Fernando Tuy, 219 - Pituba, Salvador - BA, 41830-498, Brazil",Boa Vista;Campo Grande;Salvador,busca_automatica,nome,loja,store;point_of_interest;establishment,4.5,8,OPERATIONAL,2022-12-07,inconclusivo,http://www.boargames.com.br/,,+55 71 98428-8849,https://maps.google.com/?cid=9529423277600490814&g_mp=CiVnb29nbGUubWFwcy5wbGFjZXMudjEuUGxhY2VzLkdldFBsYWNlEAIYBCAA,2026-09-01,,,,,
ChIJOczn8z7l3JQRNBEL_ZJ3iQo,Joyjoy Café,"Av. Presidente Affonso Camargo, 1939 - Lj 02 - Cristo Rei, Curitiba - PR, 80050-370, Brazil",Boa Vista;Curitiba,busca_automatica,avaliacao,alimentos_bebidas,coffee_shop;cafe;association_or_organization;food_store;store;point_of_interest;food;establishment,4.8,690,OPERATIONAL,2026-06-06,sim,http://www.joyjoycafe.com.br/,,+55 41 99176-9659,https://maps.google.com/?cid=759269485382930740&g_mp=CiVnb29nbGUubWFwcy5wbGFjZXMudjEuUGxhY2VzLkdldFBsYWNlEAIYBCAA,2026-09-01,,,,,
ChIJ1wjBJD7k3JQRQi7trfp_0aQ,Vila Celta Hobby Store - Jogos e Café,"Av. Pres. Getúlio Vargas, 659 - Rebouças, Curitiba - PR, 80240-040, Brazil",Boa Vista;Curitiba,busca_automatica,nome,loja,toy_store;association_or_organization;store;point_of_interest;establishment,4.8,751,OPERATIONAL,2026-07-14,sim,https://reidascartinhas.com.br/,,+55 41 99228-5798,https://maps.google.com/?cid=11876414406989262402&g_mp=CiVnb29nbGUubWFwcy5wbGFjZXMudjEuUGxhY2VzLkdldFBsYWNlEAIYBCAA,2026-09-01,,,,,
ChIJo-6lZMlezpQRmgUpUPfmRIs,Pitta's Board Games,"R. Paraupava, 80 - Belenzinho, São Paulo - SP, 03171-060, Brazil",Boa Vista;Curitiba;João Pessoa;Porto Alegre;Recife;São Paulo,busca_automatica,nome+avaliacao,loja,toy_store;store;point_of_interest;association_or_organization;establishment,4.9,663,OPERATIONAL,2026-02-08,inconclusivo,http://www.pittasstore.com.br/,,+55 11 94784-2874,https://maps.google.com/?cid=10035399819564483994&g_mp=CiVnb29nbGUubWFwcy5wbGFjZXMudjEuUGxhY2VzLkdldFBsYWNlEAIYBCAA,2026-09-01,,,,,
ChIJbd5rjOCx3pQRXkBpFSLvsOk,Grãomestre Boards & Brew,"R. Gothard Kaesemodel, 928 - Sala 2 - Anita Garibaldi, Joinville - SC, 89203-522, Brazil",Boa Vista;Florianópolis,busca_automatica,nome,outro,association_or_organization;point_of_interest;establishment,4.5,35,OPERATIONAL,2026-05-03,sim,http://www.graomestreclub.com.br/,,+55 47 99128-1654,https://maps.google.com/?cid=16839221936405430366&g_mp=CiVnb29nbGUubWFwcy5wbGFjZXMudjEuUGxhY2VzLkdldFBsYWNlEAIYBCAA,2026-09-01,,,,,
ChIJ0yXbI35IxwcR0_jLi-uINUU,Balboa's Hobby Games,"R. Maria Tomásia, 208 - Aldeota, Fortaleza - CE, 60150-170, Brazil",Boa Vista;Fortaleza;João Pessoa;Manaus,busca_automatica,nome+avaliacao,alimentos_bebidas,snack_bar;toy_store;meal_takeaway;store;restaurant;food;point_of_interest;establishment,4.8,881,OPERATIONAL,2022-10-18,inconclusivo,https://www.balboas.com.br/,,+55 85 98223-9922,https://maps.google.com/?cid=4987042707626784979&g_mp=CiVnb29nbGUubWFwcy5wbGFjZXMudjEuUGxhY2VzLkdldFBsYWNlEAIYBCAA,2026-09-01,,,,,
ChIJKeHwNv5ZzpQRlmzx9rCTWdM,Bodogami Restaurante e Cafeteria,"Av. da Liberdade, 456 - Liberdade, São Paulo - SP, 01502-001, Brazil",Boa Vista;Goiânia;Rio de Janeiro;São Paulo,busca_automatica,nome+avaliacao,alimentos_bebidas,restaurant;coffee_shop;bar;food_store;cafe;food;point_of_interest;store;establishment,4.6,3386,OPERATIONAL,2026-08-07,sim,https://www.bodogami.com.br/,,+55 11 97702-8516,https://maps.google.com/?cid=15229366003196587158&g_mp=CiVnb29nbGUubWFwcy5wbGFjZXMudjEuUGxhY2VzLkdldFBsYWNlEAIYBCAA,2026-09-01,,,,,
ChIJfbpAYqzLyZQRNv5blbdB9Kk,Bardos Game Store,"R. Cel. Ernesto de Oliveira, 440 - Centro, São João da Boa Vista - SP, 13870-249, Brazil",Boa Vista;João Pessoa,busca_automatica,nome+avaliacao,loja,store;point_of_interest;establishment,5,79,OPERATIONAL,2026-07-18,sim,http://bardosgamestore.com.br/,,+55 19 99568-4747,https://maps.google.com/?cid=12246485543467875894&g_mp=CiVnb29nbGUubWFwcy5wbGFjZXMudjEuUGxhY2VzLkdldFBsYWNlEAIYBCAA,2026-09-01,,,,,
ChIJRUjwU66WoGgRzc9yJU7jkwM,Nala Land - Bar de Jogos de Tabuleiro em Recife,"R. Raul Pompéia, 271 - Arruda, Recife - PE, 52120-150, Brazil",Boa Vista;Recife,busca_automatica,nome+avaliacao,alimentos_bebidas,hamburger_restaurant;snack_bar;meal_takeaway;american_restaurant;restaurant;food;point_of_interest;association_or_organization;establishment,4.9,206,OPERATIONAL,2026-04-05,sim,https://nala.lends.com.br/,,+55 81 99626-1703,https://maps.google.com/?cid=257799528465485773&g_mp=CiVnb29nbGUubWFwcy5wbGFjZXMudjEuUGxhY2VzLkdldFBsYWNlEAIYBCAA,2026-09-01,,,,,
ChIJOcVssmeDmQARZZrnWu2mnwA,TabuClub,"R. Newton Prado, 29 - Santa Rosa, Niterói - RJ, 24240-004, Brazil",Boa Vista;Rio de Janeiro,busca_automatica,avaliacao,alimentos_bebidas,cocktail_bar;bar;point_of_interest;association_or_organization;establishment,4.7,100,OPERATIONAL,2026-07-17,sim,https://tabuclub.acervodejogos.com.br/,,+55 21 98027-0536,https://maps.google.com/?cid=44938059659582053&g_mp=CiVnb29nbGUubWFwcy5wbGFjZXMudjEuUGxhY2VzLkdldFBsYWNlEAIYBCAA,2026-09-01,,,,,
ChIJd3SdTfYFFgcRo-JG2l_0Rzo,Invasion BG,"Av. Sete de Setembro, 624 Edf. Totônia - Sl 308 - Dois de Julho, Salvador - BA, 40060-001, Brazil",Boa Vista;Salvador;São Paulo,busca_automatica,avaliacao,loja,store;point_of_interest;establishment,5,45,OPERATIONAL,2020-07-30,inconclusivo,,,+55 71 3018-2123,https://maps.google.com/?cid=4199593870067425955&g_mp=CiVnb29nbGUubWFwcy5wbGFjZXMudjEuUGxhY2VzLkdldFBsYWNlEAIYBCAA,2026-09-01,,,,,
ChIJ12nmpudbzpQR2nKy8UViS0Q,Caffè Boardgames - Jogos e Tabuleiros 🎲 ☕️,"R. Tiquatira, 604 - Bosque da Saúde, São Paulo - SP, 04137-111, Brazil",Boa Vista;São Paulo,busca_automatica,nome,loja,toy_store;store;point_of_interest;establishment,,0,OPERATIONAL,,inconclusivo,http://www.cafebg.com.br/,,,https://maps.google.com/?cid=4921135070379668186&g_mp=CiVnb29nbGUubWFwcy5wbGFjZXMudjEuUGxhY2VzLkdldFBsYWNlEAIYBCAA,2026-09-01,,,,,
ChIJq92vt8sxpJQR-lNNTdp0RLQ,TABLE GAMES (Burgers),"Av. Cel. Belchior de Godói, 1330 - Santa Terezinha, Araguari - MG, 38447-218, Brazil",Boa Vista;Teresina,busca_automatica,nome+avaliacao,alimentos_bebidas,hamburger_restaurant;courier_service;shipping_service;meal_delivery;food_delivery;american_restaurant;restaurant;food;store;point_of_interest;service;establishment,4.9,364,OPERATIONAL,2023-06-10,inconclusivo,https://tablegames.com.br/,,+55 34 3512-8899,https://maps.google.com/?cid=12989635706191959034&g_mp=CiVnb29nbGUubWFwcy5wbGFjZXMudjEuUGxhY2VzLkdldFBsYWNlEAIYBCAA,2026-09-01,,,,,
ChIJfyav9YI9uAARjwbBqcRm2_k,Café Geek Cafeteria e Ludoteca,"R. São Marcos, 127 - Santa Inês, Vila Velha - ES, 29108-050, Brazil",Boa Vista;Vitória,busca_automatica,nome,alimentos_bebidas,coffee_shop;cafe;food_store;food;store;point_of_interest;establishment,5,148,OPERATIONAL,2026-03-06,inconclusivo,,,+55 27 99283-8020,https://maps.google.com/?cid=18004096930191312527&g_mp=CiVnb29nbGUubWFwcy5wbGFjZXMudjEuUGxhY2VzLkdldFBsYWNlEAIYBCAA,2026-09-01,,,,,
ChIJufQc34syWpMRI_AHegkG710,60 Minutos Escape Game - Píer 21,"St. de Clubes Esportivos Sul Trecho 2 - Asa Sul, Brasília - DF, 70200-002, Brazil",Brasília,busca_automatica,nome,outro,amusement_center;point_of_interest;establishment,4.8,724,OPERATIONAL,,inconclusivo,https://www.60minutosescape.com/?utm_source=google&utm_medium=wix_google_business_profile&utm_campaign=7970120473757230341,,+55 61 98135-4911,https://maps.google.com/?cid=6768635402732957731&g_mp=CiVnb29nbGUubWFwcy5wbGFjZXMudjEuUGxhY2VzLkdldFBsYWNlEAIYBCAA,2026-09-16,,,,,
ChIJK47VO3wzWpMRn9vTU1jaads,"BEM ALUGUÉIS - Video Games, Boardgames e eletrônicos","R. 20 Norte, 4 - Águas Claras, Brasília - DF, 71915-750, Brazil",Brasília,busca_automatica,nome,loja,store;point_of_interest;establishment,5,48,OPERATIONAL,2026-07-20,sim,https://www.bemdf.com/,,+55 61 98515-4143,https://maps.google.com/?cid=15810408039759207327&g_mp=CiVnb29nbGUubWFwcy5wbGFjZXMudjEuUGxhY2VzLkdldFBsYWNlEAIYBCAA,2026-09-01,,,,,
ChIJyXjE650xWpMRJL-J6QbGkt4,FORTALÚDICA - BURGERS & JOGOS,"Guará II QE 26 BLOCO B Lj 31 - Guará, Brasília - DF, 71060-621, Brazil",Brasília,busca_automatica,nome+avaliacao,alimentos_bebidas,hamburger_restaurant;toy_store;american_restaurant;restaurant;food;store;point_of_interest;association_or_organization;establishment,4.8,105,OPERATIONAL,2026-07-04,sim,http://www.fortaludica.com.br/,,+55 61 98260-2566,https://maps.google.com/?cid=16038098956009979684&g_mp=CiVnb29nbGUubWFwcy5wbGFjZXMudjEuUGxhY2VzLkdldFBsYWNlEAIYBCAA,2026-09-01,,,,,
ChIJAX_vMigzWpMReKd3r4qK7nk,Game on Board,"Max Mall - Av 07 Norte - Águas Claras, Brasília - DF, 71908-180, Brazil",Brasília,busca_automatica,nome+avaliacao,outro,point_of_interest;establishment,4.7,13,OPERATIONAL,2019-07-23,inconclusivo,,,,https://maps.google.com/?cid=8786112251300390776&g_mp=CiVnb29nbGUubWFwcy5wbGFjZXMudjEuUGxhY2VzLkdldFBsYWNlEAIYBCAA,2026-09-01,,,,,
ChIJm4MGYtgxWpMRnX8U36Dff8A,Games,"Quadra - SHCES Q.1207 B.B, A - Cruzeiro Novo, Brasília - DF, 70658-271, Brazil",Brasília,busca_automatica,nome,outro,association_or_organization;point_of_interest;establishment,,0,OPERATIONAL,,inconclusivo,,,,https://maps.google.com/?cid=13871051259354840989&g_mp=CiVnb29nbGUubWFwcy5wbGFjZXMudjEuUGxhY2VzLkdldFBsYWNlEAIYBCAA,2026-09-16,,,,,
ChIJ172cu2U7WpMR-GxnGmUHCkc,Gruta BSB,"SHCN CLN 406 Bloco E Lj 16/22 subsolo - Asa Norte, Brasília - DF, 70847-550, Brazil",Brasília,busca_automatica,avaliacao,loja,book_store;toy_store;store;point_of_interest;establishment,4.9,112,OPERATIONAL,2026-06-14,sim,http://www.grutabsb.com.br/,,+55 61 99880-9522,https://maps.google.com/?cid=5118912057276067064&g_mp=CiVnb29nbGUubWFwcy5wbGFjZXMudjEuUGxhY2VzLkdldFBsYWNlEAIYBCAA,2026-09-01,,,,,
ChIJdUv4La46WpMRnBvNknmOqWo,Inside Games,"SHCS CRS 513 BL B Loja 07 - Asa Sul, Brasília - DF, 70380-520, Brazil",Brasília,busca_automatica,nome+avaliacao,loja,toy_store;store;point_of_interest;establishment,4.6,640,OPERATIONAL,2026-03-22,sim,https://www.insidegamestore.com.br/,,+55 61 3551-0266,https://maps.google.com/?cid=7685830891889564572&g_mp=CiVnb29nbGUubWFwcy5wbGFjZXMudjEuUGxhY2VzLkdldFBsYWNlEAIYBCAA,2026-09-01,,,,,
ChIJvV5UnYQzWpMRnrmkZtF6lB4,Javali jogos,"Rua das Paineira LT06 - shopping one park mall - Lj 31 - Águas Claras, Brasília - DF, 71918-000, Brazil",Brasília,busca_automatica,nome,outro,point_of_interest;association_or_organization;establishment,4.7,15,OPERATIONAL,2026-07-21,sim,https://www.javalijogos.com.br/,,+55 61 97402-1666,https://maps.google.com/?cid=2203521157479840158&g_mp=CiVnb29nbGUubWFwcy5wbGFjZXMudjEuUGxhY2VzLkdldFBsYWNlEAIYBCAA,2026-09-01,,,,,
ChIJzdFNP3AyWpMRH2P6HEuhE-I,Loja de Jogos - Asgard,"Rua 25 Sul, Lote 30 Bloco A loja 1 - Águas Claras, Brasília - DF, 71928-720, Brazil",Brasília,busca_automatica,nome+avaliacao,alimentos_bebidas,toy_store;bar;store;point_of_interest;establishment,4.7,754,OPERATIONAL,2022-10-25,inconclusivo,https://www.asgardstore.com.br/,,+55 61 3052-5345,https://maps.google.com/?cid=16290541621110006559&g_mp=CiVnb29nbGUubWFwcy5wbGFjZXMudjEuUGxhY2VzLkdldFBsYWNlEAIYBCAA,2026-09-01,,,,,
ChIJU6yV-SgxWpMRFNG15fHv0H0,Loja de Jogos - Fortaleza Jogos,"QE 36 BLOCO A LOJA 11 - Guará II QE 36 - Guará, Brasília - DF, 71065-613, Brazil",Brasília,busca_automatica,nome+avaliacao,loja,toy_store;store;point_of_interest;establishment,4.8,73,OPERATIONAL,2023-10-26,inconclusivo,https://www.fortalezajogos.com.br/,,+55 61 98260-2566,https://maps.google.com/?cid=9066009872116863252&g_mp=CiVnb29nbGUubWFwcy5wbGFjZXMudjEuUGxhY2VzLkdldFBsYWNlEAIYBCAA,2026-09-01,,,,,
ChIJB4pD0AEzWpMRFwENrAJmWwQ,Loop Gamelab,"R. 30 Sul - Águas Claras, Brasília - DF, 71929-360, Brazil",Brasília,busca_automatica,nome,outro,association_or_organization;point_of_interest;establishment,,0,OPERATIONAL,,inconclusivo,,,,https://maps.google.com/?cid=313956760694882583&g_mp=CiVnb29nbGUubWFwcy5wbGFjZXMudjEuUGxhY2VzLkdldFBsYWNlEAIYBCAA,2026-09-16,,,,,
ChIJjx1cbu_NW5MRoO9MdnYOVOs,Luderion Jogos,"02 - Taguatinga Norte QNJ 5 - Taguatinga, Brasília - DF, 72140-050, Brazil",Brasília,busca_automatica,nome,outro,association_or_organization;point_of_interest;establishment,5,2,OPERATIONAL,2026-07-20,sim,,,+55 61 99371-6328,https://maps.google.com/?cid=16957194398910443424&g_mp=CiVnb29nbGUubWFwcy5wbGFjZXMudjEuUGxhY2VzLkdldFBsYWNlEAIYBCAA,2026-09-01,,,,,
ChIJRcG14YMlWpMR9go04dPbNic,Ludocando,"SHCS SQS 412 BL N - Plano Piloto, Brasília - DF, 70278-140, Brazil",Brasília,busca_automatica,nome+avaliacao,outro,association_or_organization;point_of_interest;establishment,5,1,OPERATIONAL,2026-05-29,sim,https://ludocando.com.br/,,+55 61 98197-4408,https://maps.google.com/?cid=2825687519284431606&g_mp=CiVnb29nbGUubWFwcy5wbGFjZXMudjEuUGxhY2VzLkdldFBsYWNlEAIYBCAA,2026-09-01,,,,,
ChIJgZzxubI7WpMRXg4ZeAainQc,Quadrado ao Cubo,"SEPN 509, Bloco D - Edifício Isis - Sobreloja 45 - Asa Norte, Brasília - DF, 70750-500, Brazil",Brasília,busca_automatica,avaliacao,loja,store;point_of_interest;establishment,5,25,OPERATIONAL,2026-07-20,sim,https://www.quadradoaocubo.com.br/,,+55 61 99617-0197,https://maps.google.com/?cid=548772878277480030&g_mp=CiVnb29nbGUubWFwcy5wbGFjZXMudjEuUGxhY2VzLkdldFBsYWNlEAIYBCAA,2026-09-01,,,,,
ChIJq2VyFsQzWpMRUAhbckp2F98,Refúgio Lúdico,"QS 1 - Rua 212 19 - Sala, 532 - 21 e 23 - Águas Claras, Brasília - DF, 71950-550, Brazil",Brasília,busca_automatica,avaliacao,loja,toy_store;association_or_organization;store;point_of_interest;establishment,5,15,OPERATIONAL,2026-07-26,sim,https://www.refugioludico.com.br/?utm_source=google&utm_medium=wix_google_business_profile&utm_campaign=3687029221556446695,,+55 61 99165-8475,https://maps.google.com/?cid=16075447457040500816&g_mp=CiVnb29nbGUubWFwcy5wbGFjZXMudjEuUGxhY2VzLkdldFBsYWNlEAIYBCAA,2026-09-01,,,,,
ChIJbY1Qc90zWpMRLdrHxi9QMko,República Ludovico,"Max Mall - R. 7 Norte, Lotes 3/5/7 Quiosque 02 - Águas Claras, Brasília - DF, 71908-180, Brazil",Brasília,busca_automatica,nome+avaliacao,alimentos_bebidas,cafe;point_of_interest;food;establishment,5,79,OPERATIONAL,2026-07-26,sim,https://republicaludovico.lends.com.br/,,+55 61 99654-7711,https://maps.google.com/?cid=5346423873770871341&g_mp=CiVnb29nbGUubWFwcy5wbGFjZXMudjEuUGxhY2VzLkdldFBsYWNlEAIYBCAA,2026-09-01,,,,,
ChIJ85OcFlgwWpMRk4N7_rQjh5A,TAVERNA DOS GAMES - Loja de Video Game,"Feira dos Importados - Sia Trecho 7, 438 - Bloco C - SIA, Brasília - DF, 71208-900, Brazil",Brasília,busca_automatica,nome,loja,store;point_of_interest;establishment,4.7,394,OPERATIONAL,2026-05-13,sim,https://meucomercio.com.br/tavernadosgames,,+55 61 99117-1963,https://maps.google.com/?cid=10414331923588154259&g_mp=CiVnb29nbGUubWFwcy5wbGFjZXMudjEuUGxhY2VzLkdldFBsYWNlEAIYBCAA,2026-09-01,,,,,
ChIJa0CP91MzWpMRz6oEQwlR2TA,Tem Mesa - Pizza & Luderia,"R. das Paineiras, 06 - Lj 25, térreo - Norte, Brasília - DF, 71918-000, Brazil",Brasília,busca_automatica,nome+avaliacao,alimentos_bebidas,pizza_restaurant;restaurant;food;point_of_interest;establishment,5,66,OPERATIONAL,2026-05-03,sim,https://www.temmesaclube.com.br/,,+55 61 99640-1640,https://maps.google.com/?cid=3519933683987688143&g_mp=CiVnb29nbGUubWFwcy5wbGFjZXMudjEuUGxhY2VzLkdldFBsYWNlEAIYBCAA,2026-09-01,,,,,
ChIJN8BZeb85WpMRgVKT05caxB4,Utopia Games & Food,"SHCN CL QD 116 CLN 116 BLOCO I Lojas 31 e 35 subsolo - Asa Norte, Brasília - DF, 70773-590, Brazil",Brasília,busca_automatica,nome,alimentos_bebidas,pizza_restaurant;pizza_delivery;meal_delivery;toy_store;food_delivery;store;restaurant;food;point_of_interest;establishment,4.8,159,OPERATIONAL,2026-08-08,sim,https://utopiagames.com.br/,,+55 61 99966-9987,https://maps.google.com/?cid=2216926155965158017&g_mp=CiVnb29nbGUubWFwcy5wbGFjZXMudjEuUGxhY2VzLkdldFBsYWNlEAIYBCAA,2026-09-01,,,,,
ChIJOUXU1akzWpMRC7rrq4o9GZc,game food,"SHA conjunto 5 chácara 109 lote 09 loja 3 - buteco do val - Arniqueira, Brasília - DF, 71995-450, Brazil",Brasília,busca_automatica,nome,alimentos_bebidas,hamburger_restaurant;american_restaurant;restaurant;food;point_of_interest;establishment,4.4,64,OPERATIONAL,2022-06-16,inconclusivo,,,,https://maps.google.com/?cid=10887801239944018443&g_mp=CiVnb29nbGUubWFwcy5wbGFjZXMudjEuUGxhY2VzLkdldFBsYWNlEAIYBCAA,2026-09-01,,,,,
ChIJ15nLgwAwWpMRY1whwD29ZSo,Ludoteca BGC,"BLOCO C - LOJA 02 - Asa Sul, Brasília - DF, 70254-530, Brazil",Brasília;Campo Grande,busca_automatica,nome,loja,store;point_of_interest;establishment,4.7,1379,OPERATIONAL,2023-06-07,inconclusivo,http://www.ludoteca.com.br/,,+55 61 99662-7448,https://maps.google.com/?cid=3055055995154816099&g_mp=CiVnb29nbGUubWFwcy5wbGFjZXMudjEuUGxhY2VzLkdldFBsYWNlEAIYBCAA,2026-09-01,,,,,
ChIJye7AnK07WpMRC94S9hM95Y4,Orgutal Casa de Jogos,"CLN 205, bloco B, loja 11, 2º andar - Asa Norte, Brasília - DF, 70843-520, Brazil",Brasília;Campo Grande,busca_automatica,nome,alimentos_bebidas,sports_bar;amusement_center;toy_store;bar;store;point_of_interest;establishment,4.7,466,OPERATIONAL,2019-12-21,inconclusivo,https://www.orgutal.com.br/,,+55 61 99699-5999,https://maps.google.com/?cid=10296703278994611723&g_mp=CiVnb29nbGUubWFwcy5wbGFjZXMudjEuUGxhY2VzLkdldFBsYWNlEAIYBCAA,2026-09-01,,,,,
ChIJk7PCx-07WpMRpKWoFqgjTgs,Toca do Tabuleiro,"SHCGN SCRN 708/709 subindo do Pão de Açúcar para o CEUB, Bloco G Loja 10 - Asa Norte, Brasília - DF, 70741-670, Brazil",Brasília;Palmas;Rio Branco;São Paulo,busca_automatica,nome,loja,toy_store;store;point_of_interest;establishment,4.9,634,OPERATIONAL,2026-07-06,sim,http://www.tocadotabuleiro.com/,,+55 61 92001-5615,https://maps.google.com/?cid=814627787442267556&g_mp=CiVnb29nbGUubWFwcy5wbGFjZXMudjEuUGxhY2VzLkdldFBsYWNlEAIYBCAA,2026-09-01,,,,,
ChIJxe7p5Eo7WpMRd0sHLko77kU,Mercado RPG,"SCLRN 714 B. F, 34 - Asa Norte, Brasília - DF, 70760-556, Brazil",Brasília;São Paulo,busca_automatica,nome+avaliacao,loja,store;point_of_interest;establishment,4.9,277,OPERATIONAL,2026-08-03,sim,https://www.mercadorpg.com.br/,,+55 61 98137-4858,https://maps.google.com/?cid=5039030222860012407&g_mp=CiVnb29nbGUubWFwcy5wbGFjZXMudjEuUGxhY2VzLkdldFBsYWNlEAIYBCAA,2026-09-01,,,,,
ChIJdzGM0NrnhpQR60PoBjLfnGQ,103 Games & Eletrônicos,"Av. Noroeste, 5089 - Centro, Campo Grande - MS, 79002-011, Brazil",Campo Grande,busca_automatica,nome,loja,point_of_interest;store;establishment,4.3,16,OPERATIONAL,,inconclusivo,https://meucomercio.com.br/103games,,,https://maps.google.com/?cid=7249914906116899819&g_mp=CiVnb29nbGUubWFwcy5wbGFjZXMudjEuUGxhY2VzLkdldFBsYWNlEAIYBCAA,2026-09-16,,,,,
ChIJKdXhPGvvhpQRufmyrVkb4RU,Aldryon RPG,"R. Cel. Bento - Vila Vilas Boas, Campo Grande - MS, 79051-110, Brazil",Campo Grande,busca_automatica,nome,loja,point_of_interest;store;establishment,,0,OPERATIONAL,,inconclusivo,,,+55 67 99256-2709,https://maps.google.com/?cid=1576571416536611257&g_mp=CiVnb29nbGUubWFwcy5wbGFjZXMudjEuUGxhY2VzLkdldFBsYWNlEAIYBCAA,2026-09-16,,,,,
ChIJHa61aLjlhpQR0BqpEeLowC0,Anubis Games,"Av. Ezequiel Ferreira Lima, 1478 - Guanandi II, Campo Grande - MS, 79082-161, Brazil",Campo Grande,busca_automatica,nome,loja,electronics_store;store;point_of_interest;establishment,4.8,1311,OPERATIONAL,,inconclusivo,https://bio.site/Anubisgames,,+55 67 99600-3898,https://maps.google.com/?cid=3296890984891751120&g_mp=CiVnb29nbGUubWFwcy5wbGFjZXMudjEuUGxhY2VzLkdldFBsYWNlEAIYBCAA,2026-09-16,,,,,
ChIJAZZH7afphpQR6juwbzUq9ic,Boards em Casa - Locação de Jogos de Tabuleiro,"R. Barão de Melgaço, 177 - Centro, Campo Grande - MS, 79002-090, Brazil",Campo Grande,busca_automatica,nome,loja,store;point_of_interest;establishment,5,1,OPERATIONAL,2023-12-29,inconclusivo,,,+55 67 99928-3063,https://maps.google.com/?cid=2879535420745464810&g_mp=CiVnb29nbGUubWFwcy5wbGFjZXMudjEuUGxhY2VzLkdldFBsYWNlEAIYBCAA,2026-09-01,,,,,
ChIJ845mvEXnhpQRxfrSOd6O8Lo,Brinquedoteca Joy Kids,"Esquina com a Tamoio - R. Sen. Queirós, 315 - Jardim Leblon, Campo Grande - MS, 79092-265, Brazil",Campo Grande,busca_automatica,nome,outro,point_of_interest;establishment,4.5,41,OPERATIONAL,2026-02-22,inconclusivo,,,+55 67 99212-3314,https://maps.google.com/?cid=13470423570569165509&g_mp=CiVnb29nbGUubWFwcy5wbGFjZXMudjEuUGxhY2VzLkdldFBsYWNlEAIYBCAA,2026-09-01,,,,,
ChIJs67sKkrphpQR_6KUaGwypy0,Casa Lúdica Campo Grande - Loja de Brinquedos Educativos,"R. Eduardo Santos Pereira, 1330 - Sl 3 - São Francisco, Campo Grande - MS, 79010-030, Brazil",Campo Grande,busca_automatica,nome,loja,toy_store;point_of_interest;store;establishment,5,46,OPERATIONAL,2025-07-02,inconclusivo,https://casaludica.com.br/,,+55 67 99944-4451,https://maps.google.com/?cid=3289653494009864959&g_mp=CiVnb29nbGUubWFwcy5wbGFjZXMudjEuUGxhY2VzLkdldFBsYWNlEAIYBCAA,2026-09-01,,,,,
ChIJR7TrDNHphpQRQBMeDVgKQRU,Casa da Tia Paula - Brinquedoteca,"Av. Cônsul Assaf Trad - Shopping Bosque dos Ipês, Campo Grande - MS, 79035-490, Brazil",Campo Grande,busca_automatica,nome,outro,point_of_interest;establishment,4.6,29,OPERATIONAL,2025-10-12,inconclusivo,https://instagram.com/casadatiapaulacg?igshid=YmMyMTA2M2Y=,casadatiapaulacg,+55 67 99322-6843,https://maps.google.com/?cid=1531516721576153920&g_mp=CiVnb29nbGUubWFwcy5wbGFjZXMudjEuUGxhY2VzLkdldFBsYWNlEAIYBCAA,2026-09-01,,,,,
ChIJDQJ_J5zphpQRo01JmsrUHGQ,Deck Lab Game Store,"R. 13 de Junho, 85 - Centro, Campo Grande - MS, 79002-420, Brazil",Campo Grande,busca_automatica,nome+avaliacao,loja,toy_store;store;point_of_interest;establishment,5,42,OPERATIONAL,2026-06-25,sim,https://www.decklabgamestore.com.br/,,,https://maps.google.com/?cid=7213874669777669539&g_mp=CiVnb29nbGUubWFwcy5wbGFjZXMudjEuUGxhY2VzLkdldFBsYWNlEAIYBCAA,2026-09-01,,,,,
ChIJmWEV9JrvhpQRH_gs4CW-RiY,Deck Store,"R. Epitácio Pessoa, 740 - Sl 5 - Vila Vilas Boas, Campo Grande - MS, 79051-090, Brazil",Campo Grande,busca_automatica,avaliacao,loja,store;point_of_interest;establishment,4.7,53,OPERATIONAL,2026-04-26,sim,https://www.instagram.com/deckstorecg/,deckstorecg,+55 67 98114-8759,https://maps.google.com/?cid=2758100891695118367&g_mp=CiVnb29nbGUubWFwcy5wbGFjZXMudjEuUGxhY2VzLkdldFBsYWNlEAIYBCAA,2026-09-01,,,,,
ChIJ616D9cvvhpQRbPPZ580dXG4,Diverkids Presentes | Loja de Brinquedos | Campo Grande MS,"R. Pontalina, 280 - Universitário, Campo Grande - MS, 79060-540, Brazil",Campo Grande,busca_automatica,nome,loja,toy_store;store;point_of_interest;establishment,5,41,OPERATIONAL,,inconclusivo,https://www.instagram.com/diverkidspresentes/,diverkidspresentes,+55 67 99309-6406,https://maps.google.com/?cid=7952263812224775020&g_mp=CiVnb29nbGUubWFwcy5wbGFjZXMudjEuUGxhY2VzLkdldFBsYWNlEAIYBCAA,2026-09-16,,,,,
ChIJkS8my4LohpQRpMYWK5scvPg,"DuoFisio Pilates, RPG e Fisioterapia Pelvica.","R. Abrão Júlio Rahe, 611 - Centro, Campo Grande - MS, 79010-010, Brazil",Campo Grande,busca_automatica,nome,outro,gym;physiotherapist;medical_clinic;sports_complex;sports_school;sports_activity_location;health;point_of_interest;establishment,5,75,OPERATIONAL,,inconclusivo,https://wa.me/5567992186533,,+55 67 99218-6533,https://maps.google.com/?cid=17923232069796152996&g_mp=CiVnb29nbGUubWFwcy5wbGFjZXMudjEuUGxhY2VzLkdldFBsYWNlEAIYBCAA,2026-09-16,,,,,
ChIJBXKfy4jnhpQRTfctOG9Vlmk,Falcão Games,"R. Rui Barbosa, 1710 - Vila Gloria, Campo Grande - MS, 79004-441, Brazil",Campo Grande,busca_automatica,nome,loja,point_of_interest;store;establishment,3.7,141,OPERATIONAL,,inconclusivo,https://falcaogames.com.br/,,+55 67 3025-6670,https://maps.google.com/?cid=7608362556661299021&g_mp=CiVnb29nbGUubWFwcy5wbGFjZXMudjEuUGxhY2VzLkdldFBsYWNlEAIYBCAA,2026-09-16,,,,,
ChIJte_rSADphpQR4KnxdCZwpcY,Grid Game Center - Campo Grande MS,"R. Joaquim Murtinho, 1679 - Itanhangá Park, Campo Grande - MS, 79003-020, Brazil",Campo Grande,busca_automatica,nome,loja,store;point_of_interest;establishment,4,41,OPERATIONAL,,inconclusivo,,,,https://maps.google.com/?cid=14313970301140052448&g_mp=CiVnb29nbGUubWFwcy5wbGFjZXMudjEuUGxhY2VzLkdldFBsYWNlEAIYBCAA,2026-09-16,,,,,
ChIJb-fwV4XohpQRBvhhFEcIjcE,Happy Kids Brinquedoteca,"R. das Garças, 1600 - Centro, Campo Grande - MS, 79020-180, Brazil",Campo Grande,busca_automatica,nome,outro,amusement_center;point_of_interest;establishment,4.7,52,OPERATIONAL,2023-02-03,inconclusivo,,,+55 67 3028-2772,https://maps.google.com/?cid=13946812722413959174&g_mp=CiVnb29nbGUubWFwcy5wbGFjZXMudjEuUGxhY2VzLkdldFBsYWNlEAIYBCAA,2026-09-01,,,,,
ChIJFXw-sPbohpQR5eMb1gcDtNs,Joga Burger,"Av. Nelly Martins, 76 - Portal Itayara, Campo Grande - MS, 79032-295, Brazil",Campo Grande,busca_automatica,avaliacao,alimentos_bebidas,hamburger_restaurant;cocktail_bar;fast_food_restaurant;ice_cream_shop;dessert_shop;bar;confectionery;food_store;american_restaurant;restaurant;food;store;point_of_interest;association_or_organization;establishment,4.5,1895,OPERATIONAL,2025-08-01,inconclusivo,http://www.jogaburger.com.br/,,+55 67 3201-8724,https://maps.google.com/?cid=15831281922305942501&g_mp=CiVnb29nbGUubWFwcy5wbGFjZXMudjEuUGxhY2VzLkdldFBsYWNlEAIYBCAA,2026-09-01,,,,,
ChIJ-VrxLhvnhpQR2mKesaDPzqk,Jogos Aurora,"Av. Afonso Pena, segundo piso, sala 109 - Centro, Campo Grande - MS, 79118-737, Brazil",Campo Grande,busca_automatica,nome,loja,store;point_of_interest;establishment,5,1,OPERATIONAL,2020-01-14,inconclusivo,,,+55 67 3029-4777,https://maps.google.com/?cid=12235945526693880538&g_mp=CiVnb29nbGUubWFwcy5wbGFjZXMudjEuUGxhY2VzLkdldFBsYWNlEAIYBCAA,2026-09-01,,,,,
ChIJAR0X1w3mhpQRNkcz7rqI-_s,MAGIC GAMES,"R. Quitanda - Jardim Joquei Club, Campo Grande - MS, 79080-105, Brazil",Campo Grande,busca_automatica,nome,outro,amusement_center;point_of_interest;establishment,2.9,28,OPERATIONAL,2026-03-28,sim,,,,https://maps.google.com/?cid=18157256659115919158&g_mp=CiVnb29nbGUubWFwcy5wbGFjZXMudjEuUGxhY2VzLkdldFBsYWNlEAIYBCAA,2026-09-01,,,,,
ChIJleY4oWfphpQRvVHngIcsHdk,Meninus Games,"R. Marquês de Lavradio, 626 - Sl 04 - Jardim Sao Lourenco, Campo Grande - MS, 79041-340, Brazil",Campo Grande,busca_automatica,nome+avaliacao,loja,store;point_of_interest;establishment,4.8,24,OPERATIONAL,2026-04-06,sim,https://www.instagram.com/meninusgames/,meninusgames,+55 67 99878-4368,https://maps.google.com/?cid=15644709641049821629&g_mp=CiVnb29nbGUubWFwcy5wbGFjZXMudjEuUGxhY2VzLkdldFBsYWNlEAIYBCAA,2026-09-01,,,,,
ChIJn0T8FpvnhpQR19Mlnj2G2rQ,Mundo CJ - Aluguel de Jogos de Tabuleiro,"R. Barão de Mauá, 300 - Santo Antonio, Campo Grande - MS, 79100-630, Brazil",Campo Grande,busca_automatica,nome,loja,point_of_interest;store;establishment,,0,OPERATIONAL,,inconclusivo,https://www.mundocj.com.br/,,+55 67 99681-9053,https://maps.google.com/?cid=13031876070954357719&g_mp=CiVnb29nbGUubWFwcy5wbGFjZXMudjEuUGxhY2VzLkdldFBsYWNlEAIYBCAA,2026-09-01,,,,,
ChIJud1petjphpQRP-zWwQwiPgo,Mundo encantado brinquedos,"R. Júlio Prestes, 1269 - Nova Lima, Campo Grande - MS, 79017-024, Brazil",Campo Grande,busca_automatica,nome,outro,point_of_interest;establishment,,0,OPERATIONAL,,inconclusivo,https://www.instagram.com/mundo_encantado_abc_?igsh=MW9ndjFhZW1veDRhcA==&utm_source=qr,mundo_encantado_abc_,+55 67 99870-7381,https://maps.google.com/?cid=738064827122379839&g_mp=CiVnb29nbGUubWFwcy5wbGFjZXMudjEuUGxhY2VzLkdldFBsYWNlEAIYBCAA,2026-09-01,,,,,
ChIJkb-xXLTohpQRV2uA3ZMrc-M,Mystical Space - Seu jogo começa aqui,"Av. Três Barras, 17 - Vila Vilas Boas, Campo Grande - MS, 79051-290, Brazil",Campo Grande,busca_automatica,nome+avaliacao,loja,toy_store;association_or_organization;store;point_of_interest;establishment,4.9,162,OPERATIONAL,2026-07-05,sim,http://www.mysticalspace.com.br/,,+55 67 99226-1653,https://maps.google.com/?cid=16389491383007734615&g_mp=CiVnb29nbGUubWFwcy5wbGFjZXMudjEuUGxhY2VzLkdldFBsYWNlEAIYBCAA,2026-09-01,,,,,
ChIJt_x38pHohpQReRSrHC2YOgo,Pirlimpimpim Brinquedos,"Av. Ceará, 1768 - Santa Fe, Campo Grande - MS, 79021-000, Brazil",Campo Grande,busca_automatica,nome,loja,toy_store;store;point_of_interest;establishment,4.5,507,OPERATIONAL,,inconclusivo,https://www.pirlimpimpimbrinquedos.com.br/,,+55 67 99684-6279,https://maps.google.com/?cid=737068808550421625&g_mp=CiVnb29nbGUubWFwcy5wbGFjZXMudjEuUGxhY2VzLkdldFBsYWNlEAIYBCAA,2026-09-16,,,,,
ChIJaX9ow6PvhpQRs_j2-_dt4y4,Play Games,"R. Sizuo Nakazato, 1429 - Jardim Itamaraca, Campo Grande - MS, 79062-140, Brazil",Campo Grande,busca_automatica,nome,loja,point_of_interest;store;establishment,4.3,6,OPERATIONAL,,inconclusivo,https://loja.infinitepay.io/playgames12,,+55 67 99664-3585,https://maps.google.com/?cid=3378665057309620403&g_mp=CiVnb29nbGUubWFwcy5wbGFjZXMudjEuUGxhY2VzLkdldFBsYWNlEAIYBCAA,2026-09-16,,,,,
ChIJqQR_cdHphpQRKRAe24390ow,Play Games / Campo Grande-MS,"Avenida Cônsul Assaf - Tradicional Shopping - Bosque dos Ipês, N° 4796 - Loja 216 - Coronel Antonino, Campo Grande - MS, 79013-545, Brazil",Campo Grande,busca_automatica,nome,loja,banquet_hall;bowling_alley;sports_complex;event_venue;sports_activity_location;point_of_interest;store;establishment,4.3,253,OPERATIONAL,2026-08-05,sim,https://www.instagram.com/playgamescampogrande/,playgamescampogrande,+55 67 3354-8184,https://maps.google.com/?cid=10147451696127545385&g_mp=CiVnb29nbGUubWFwcy5wbGFjZXMudjEuUGxhY2VzLkdldFBsYWNlEAIYBCAA,2026-09-01,,,,,
ChIJg5kpMQ_vhpQRPBmmZMk2ff8,PokeDez Cards e Acessórios,"R. Barão de Melgaço, 571 - Sl 1 e 2 Terreo - Centro, Campo Grande - MS, 79002-080, Brazil",Campo Grande,busca_automatica,nome,loja,store;point_of_interest;establishment,4.8,74,OPERATIONAL,,inconclusivo,http://www.pokedez.com.br/,,+55 67 98102-2132,https://maps.google.com/?cid=18409931090365389116&g_mp=CiVnb29nbGUubWFwcy5wbGFjZXMudjEuUGxhY2VzLkdldFBsYWNlEAIYBCAA,2026-09-16,,,,,
ChIJ8VQodY3ohpQRjYawVc0O-7Y,Retro Gamers: Vídeo Games Concept,"R. Antônio Maria Coelho, 4919 - Santa Fe, Campo Grande - MS, 79021-170, Brazil",Campo Grande,busca_automatica,nome,loja,store;point_of_interest;establishment,4.5,139,OPERATIONAL,,inconclusivo,http://www.instagram.com/retrogamersbr,retrogamersbr,,https://maps.google.com/?cid=13185148609125975693&g_mp=CiVnb29nbGUubWFwcy5wbGFjZXMudjEuUGxhY2VzLkdldFBsYWNlEAIYBCAA,2026-09-16,,,,,
ChIJcaEgFGTvhpQRFFP1penRu8Y,Sparta Games,"R. Frederico Fellini, 31 - Res. Betaville, Campo Grande - MS, 79060-332, Brazil",Campo Grande,busca_automatica,nome,loja,store;point_of_interest;establishment,5,272,OPERATIONAL,,inconclusivo,https://instagram.com/spartagames.ms,spartagames.ms,+55 67 99126-4162,https://maps.google.com/?cid=14320270241596527380&g_mp=CiVnb29nbGUubWFwcy5wbGFjZXMudjEuUGxhY2VzLkdldFBsYWNlEAIYBCAA,2026-09-16,,,,,
ChIJ-_ohMrTohpQR1luFD81Hkno,TR8 Jogos e Acessórios,"Av. Eduardo Elias Zahran, 2757 - Vila Antonio Vendas, Campo Grande - MS, 79003-000, Brazil",Campo Grande,busca_automatica,nome,loja,sporting_goods_store;store;point_of_interest;establishment,4.8,113,OPERATIONAL,,inconclusivo,https://mechameaqui.com.br/tr8-jogos-e-acessorios-loja-de-artigos-para-brilhar-campo-grande-ms/,,+55 67 3204-2296,https://maps.google.com/?cid=8832200765281229782&g_mp=CiVnb29nbGUubWFwcy5wbGFjZXMudjEuUGxhY2VzLkdldFBsYWNlEAIYBCAA,2026-09-16,,,,,
ChIJVRF6tXXnhpQRZIYV0HvJFfU,V2 Imports Camelôdromo Box 106 games e Eletrônicos,"Av. Noroeste, 5199 - BOX 106 - Centro, Campo Grande - MS, 79002-011, Brazil",Campo Grande,busca_automatica,nome,loja,store;point_of_interest;establishment,5,2,OPERATIONAL,,inconclusivo,https://www.instagram.com/v2importscg,v2importscg,+55 67 99981-5761,https://maps.google.com/?cid=17660243047412500068&g_mp=CiVnb29nbGUubWFwcy5wbGFjZXMudjEuUGxhY2VzLkdldFBsYWNlEAIYBCAA,2026-09-16,,,,,
ChIJN40KG6z645QR2XQSR2syQMY,Loja Happy Nerd,"R. Frei Edgar, 89 - Sl 05 - Centro, Joaçaba - SC, 89600-000, Brazil",Campo Grande;Cuiabá,busca_automatica,nome+avaliacao,loja,store;point_of_interest;establishment,4.8,27,OPERATIONAL,2024-08-19,inconclusivo,http://happynerd.com.br/,,+55 49 99936-7087,https://maps.google.com/?cid=14285473454354494681&g_mp=CiVnb29nbGUubWFwcy5wbGFjZXMudjEuUGxhY2VzLkdldFBsYWNlEAIYBCAA,2026-09-01,,,,,
ChIJld4etAH_3JQRw27WmOOZBgE,PsZ3D,"R. Goiabeira, 75 - Sobreloja - Eucaliptos, Fazenda Rio Grande - PR, 83820-527, Brazil",Campo Grande;Curitiba,triagem_manual,,loja,store;association_or_organization;point_of_interest;establishment,5,72,OPERATIONAL,,inconclusivo,http://www.psz3d.com.br/,,+55 41 99947-1690,https://maps.google.com/?cid=73915646699007683&g_mp=CiVnb29nbGUubWFwcy5wbGFjZXMudjEuUGxhY2VzLkdldFBsYWNlEAIYBCAA,2026-09-16,sim,,,,
ChIJc66HomXk3JQRNl28jz_VsPc,Taverna Game House,"R. Alferes Poli, 589 - Centro, Curitiba - PR, 80220-050, Brazil",Campo Grande;Curitiba,busca_automatica,nome+avaliacao,loja,toy_store;point_of_interest;store;establishment,4.8,625,OPERATIONAL,2026-08-23,sim,https://www.tavernagamehouse.com.br/,,+55 41 99827-1180,https://maps.google.com/?cid=17847999792240418102&g_mp=CiVnb29nbGUubWFwcy5wbGFjZXMudjEuUGxhY2VzLkdldFBsYWNlEAIYBCAA,2026-09-01,,,,,
ChIJqUbogQucEZURHO-GUHAfDs4,Stop Games,"R. Dom Bosco, 484 - Cidade Nova, Rio Grande - RS, 96211-090, Brazil",Campo Grande;Rio Branco,busca_automatica,nome,loja,store;point_of_interest;establishment,4.8,91,OPERATIONAL,,inconclusivo,http://www.stopgamesrs.com.br/,,+55 53 98124-7262,https://maps.google.com/?cid=14847839588734922524&g_mp=CiVnb29nbGUubWFwcy5wbGFjZXMudjEuUGxhY2VzLkdldFBsYWNlEAIYBCAA,2026-09-16,,,,,
ChIJv0v--orjmwARkmEpYSeGHyQ,Tiratela Ludus | Aluguel de jogos de tabuleiro,"R. Afonso Portugal - Campo Grande, Rio de Janeiro - RJ, 23073-090, Brazil",Campo Grande;Rio de Janeiro,busca_automatica,nome,outro,association_or_organization;point_of_interest;establishment,,0,OPERATIONAL,,inconclusivo,https://tiratelaludus.com.br/,,+55 21 99996-1508,https://maps.google.com/?cid=2602946613335384466&g_mp=CiVnb29nbGUubWFwcy5wbGFjZXMudjEuUGxhY2VzLkdldFBsYWNlEAIYBCAA,2026-09-01,,,,,
ChIJA9zBb5D3zpQRrh4mcYWHBRI,Loca Tabuleiro,"R. Reims, 120 - Jardim das Laranjeiras, São Paulo - SP, 02517-010, Brazil",Campo Grande;São Paulo,busca_automatica,nome,outro,point_of_interest;association_or_organization;establishment,5,5,OPERATIONAL,2026-08-12,sim,https://www.locatabuleiro.com.br/,,+55 11 94035-7205,https://maps.google.com/?cid=1298593074764979886&g_mp=CiVnb29nbGUubWFwcy5wbGFjZXMudjEuUGxhY2VzLkdldFBsYWNlEAIYBCAA,2026-09-01,,,,,
ChIJPYMeL3OxnZMRm-iPrOiCLD0,Bear Brothers Cards And Games,"Rua Desembargador Trigo de Loureiro, 694 - Consil, Cuiabá - MT, 78048-455, Brazil",Cuiabá,busca_automatica,nome,loja,toy_store;store;point_of_interest;establishment,5,1,OPERATIONAL,,inconclusivo,,,+55 65 99958-1609,https://maps.google.com/?cid=4408042071128008859&g_mp=CiVnb29nbGUubWFwcy5wbGFjZXMudjEuUGxhY2VzLkdldFBsYWNlEAIYBCAA,2026-09-16,,,,,
ChIJvaDwqtaxnZMRUQ9d7__9NQU,GGC - Grid Game Center - Shopping Estação Cuiabá MT,"COND SHOP ESTACAO CUIABA - Av. Miguel Sutil, 9300 - Lj SECG002B - Jardim das Américas, Cuiabá - MT, 78040-365, Brazil",Cuiabá,busca_automatica,nome,loja,internet_cafe;amusement_park;electronics_store;service;store;point_of_interest;establishment,4.4,171,OPERATIONAL,2026-02-28,inconclusivo,https://acesse.inf.br/ggc_shoppingestacao,,+55 65 99952-6751,https://maps.google.com/?cid=375485419629645649&g_mp=CiVnb29nbGUubWFwcy5wbGFjZXMudjEuUGxhY2VzLkdldFBsYWNlEAIYBCAA,2026-09-01,,,,,
ChIJkZq7FRaznZMR-qHvmCV-kIs,Ludoria Cuiabana,"Av. Jose Monteiro de Figueiredo, 500 - Duque de Caxias, Cuiabá - MT, 78043-300, Brazil",Cuiabá,busca_automatica,nome,outro,association_or_organization;point_of_interest;establishment,4.4,7,OPERATIONAL,2026-06-29,sim,https://ludoriacuiabana.estoquenow.site/,,+55 65 99286-6116,https://maps.google.com/?cid=10056676667863048698&g_mp=CiVnb29nbGUubWFwcy5wbGFjZXMudjEuUGxhY2VzLkdldFBsYWNlEAIYBCAA,2026-09-01,,,,,
ChIJaUVdt1CxnZMRdiQQYXjQgYs,MT Figurinhas & Cards,"R. A, Quadra 03 - Lote 24 - Primeiro de Março, Cuiabá - MT, 78058-602, Brazil",Cuiabá,busca_automatica,nome,loja,toy_store;store;point_of_interest;establishment,5,1,OPERATIONAL,,inconclusivo,https://mtfigurinhas.com.br/,,+55 65 99659-5426,https://maps.google.com/?cid=10052545058710758518&g_mp=CiVnb29nbGUubWFwcy5wbGFjZXMudjEuUGxhY2VzLkdldFBsYWNlEAIYBCAA,2026-09-16,,,,,
ChIJ2c96mKaznZMRwPkjJRz8nIU,Mario Rosa - Quiropraxia e RPG,"R. das Violetas, 303 - Jardim Cuiaba, Cuiabá - MT, 78043-142, Brazil",Cuiabá,busca_automatica,nome,outro,medical_clinic;health;point_of_interest;establishment,5,15,OPERATIONAL,,inconclusivo,,,+55 65 99265-1219,https://maps.google.com/?cid=9627847301223676352&g_mp=CiVnb29nbGUubWFwcy5wbGFjZXMudjEuUGxhY2VzLkdldFBsYWNlEAIYBCAA,2026-09-16,,,,,
ChIJV-ILP3axnZMRXR-ujzUSeoM,Mister Game Drinks,"R. canario da terra, 15 - Morada da Serra, Cuiabá - MT, 78058-208, Brazil",Cuiabá,busca_automatica,nome,alimentos_bebidas,bar;point_of_interest;establishment,4.4,7,OPERATIONAL,2026-01-06,inconclusivo,http://www.misterdrinks.com.br/,,+55 65 99999-7217,https://maps.google.com/?cid=9473904787380379485&g_mp=CiVnb29nbGUubWFwcy5wbGFjZXMudjEuUGxhY2VzLkdldFBsYWNlEAIYBCAA,2026-09-01,,,,,
ChIJTYuVzPGvnZMRw44sFdDZiJs,Mordrade Card Shop | Card Games,"Av. Gen. Mello, 2410 - Primeiro Andar - Campo Velho, Cuiabá - MT, 78065-290, Brazil",Cuiabá,busca_automatica,nome,loja,toy_store;store;point_of_interest;establishment,5,7,OPERATIONAL,,inconclusivo,https://www.instagram.com/mordradecardshop/,mordradecardshop,+55 65 99226-1968,https://maps.google.com/?cid=11207447160443145923&g_mp=CiVnb29nbGUubWFwcy5wbGFjZXMudjEuUGxhY2VzLkdldFBsYWNlEAIYBCAA,2026-09-16,,,,,
ChIJ5R9cFzaxnZMR_6N3XtvjafU,NEW GAMES CELL,"shopping popular - Av. Tenente Coronel Duarte, Box 222, 274, 275, 384, 445 - Dom Aquino, Cuiabá - MT, 78015-500, Brazil",Cuiabá,busca_automatica,nome,loja,cell_phone_store;store;service;point_of_interest;establishment,3.7,24,OPERATIONAL,,inconclusivo,https://beacons.ai/newgamescell?utm_source=ig&utm_medium=social&utm_content=link_in_bio,,+55 65 99942-7934,https://maps.google.com/?cid=17683915943169205247&g_mp=CiVnb29nbGUubWFwcy5wbGFjZXMudjEuUGxhY2VzLkdldFBsYWNlEAIYBCAA,2026-09-16,,,,,
ChIJOYrvIR-ynZMRvSyEqdAeNJY,"POSTURA SEM DOR - Pilates, Fisioterapia, RPG Souchard, Treinamento Funcional","Av. Sen. Filinto Müller, 263 - Popular, Cuiabá - MT, 78040-030, Brazil",Cuiabá,busca_automatica,nome,outro,medical_clinic;health;point_of_interest;establishment,5,3,OPERATIONAL,,inconclusivo,,,+55 65 99678-0242,https://maps.google.com/?cid=10823309686024187069&g_mp=CiVnb29nbGUubWFwcy5wbGFjZXMudjEuUGxhY2VzLkdldFBsYWNlEAIYBCAA,2026-09-16,,,,,
ChIJGblFlCeynZMRF_hZvjwxFHw,Pilates & RPG Fisioterapeuta: Izabella Amaral de Assis,"Rua Dos Girassóis, 39 Jardim Cuiabá - Goiabeiras, Cuiabá - MT, 78043-132, Brazil",Cuiabá,busca_automatica,nome,outro,physiotherapist;point_of_interest;health;establishment,,0,OPERATIONAL,,inconclusivo,,,+55 65 99288-4584,https://maps.google.com/?cid=8940825297198643223&g_mp=CiVnb29nbGUubWFwcy5wbGFjZXMudjEuUGxhY2VzLkdldFBsYWNlEAIYBCAA,2026-09-16,,,,,
ChIJARvKn9ixnZMR-qHHZX56vO4,"Poltrona Nerd - Bar, Games & Burger","R. Managua, 132 - Jardim das Américas, Cuiabá - MT, 78060-604, Brazil",Cuiabá,busca_automatica,nome,alimentos_bebidas,hamburger_restaurant;cocktail_bar;bar;association_or_organization;american_restaurant;restaurant;food;point_of_interest;establishment,4.7,2005,OPERATIONAL,2024-11-03,inconclusivo,https://poltronanerd.com.br/links,,+55 65 98107-3366,https://maps.google.com/?cid=17202759359940502010&g_mp=CiVnb29nbGUubWFwcy5wbGFjZXMudjEuUGxhY2VzLkdldFBsYWNlEAIYBCAA,2026-09-01,,,,,
ChIJ0zqPqgaxnZMR7MKDk0M5WuA,Popular Geek - Colecionáveis | Nerd | Games | Funko,"Shopping Popular - Av. Manoel José de Arruda, 207 - Box C17 - Dom Aquino, Cuiabá - MT, 78005-500, Brazil",Cuiabá,busca_automatica,nome,loja,toy_store;store;point_of_interest;establishment,5,23,OPERATIONAL,,inconclusivo,,,+55 65 98110-5050,https://maps.google.com/?cid=16166296774800294636&g_mp=CiVnb29nbGUubWFwcy5wbGFjZXMudjEuUGxhY2VzLkdldFBsYWNlEAIYBCAA,2026-09-16,,,,,
ChIJcT699EaxnZMRtogopeEELcM,Primula - Pilates & RPG,"R. Topázio, 170 - Bosque da Saude, Cuiabá - MT, 78060-594, Brazil",Cuiabá,busca_automatica,nome,outro,physiotherapist;health;point_of_interest;establishment,5,4,OPERATIONAL,,inconclusivo,,,+55 65 99905-4692,https://maps.google.com/?cid=14063902578532976822&g_mp=CiVnb29nbGUubWFwcy5wbGFjZXMudjEuUGxhY2VzLkdldFBsYWNlEAIYBCAA,2026-09-16,,,,,
ChIJ_7It53SxnZMR5jQGel6QYpA,R4GAMES - Loja de Vídeo Game,"Shopping Feirão dos Importados - Loja e Assistência Técnica no - Av. XV de Novembro, 851 - Box 49 - Subsolo - Porto, Cuiabá - MT, 78025-032, Brazil",Cuiabá,busca_automatica,nome,loja,electronics_store;service;point_of_interest;store;establishment,4.7,179,OPERATIONAL,,inconclusivo,,,+55 65 99800-8774,https://maps.google.com/?cid=10404036824627819750&g_mp=CiVnb29nbGUubWFwcy5wbGFjZXMudjEuUGxhY2VzLkdldFBsYWNlEAIYBCAA,2026-09-16,,,,,
ChIJAduIQlexnZMRYetFcvIlvUg,RG Games,"Av. Historiador Rubens de Mendonça, 10 - 208 - Morada da Serra, Cuiabá - MT, 78057-620, Brazil",Cuiabá,busca_automatica,nome,loja,store;point_of_interest;establishment,,0,OPERATIONAL,,inconclusivo,https://www.instagram.com/rgamesmt,rgamesmt,+55 65 98103-4600,https://maps.google.com/?cid=5241387264558623585&g_mp=CiVnb29nbGUubWFwcy5wbGFjZXMudjEuUGxhY2VzLkdldFBsYWNlEAIYBCAA,2026-09-16,,,,,
ChIJP68pS8SxnZMRlpyXWcPOU3E,Real Brinquedos Av. Fernando Corrêa,"Av. Fernando Corrêa da Costa, 629 - Areão, Cuiabá - MT, 78010-400, Brazil",Cuiabá,busca_automatica,nome,loja,toy_store;store;point_of_interest;establishment,4.4,452,OPERATIONAL,,inconclusivo,https://www.realbrinquedos.com.br/,,+55 65 3052-3880,https://maps.google.com/?cid=8166097887769894038&g_mp=CiVnb29nbGUubWFwcy5wbGFjZXMudjEuUGxhY2VzLkdldFBsYWNlEAIYBCAA,2026-09-16,,,,,
ChIJCxwjcNOznZMRWI5dfGfXE5E,Rejane Caldas Pilates e RPG,"R. Itália, 100 - Santa Rosa, Cuiabá - MT, 78040-240, Brazil",Cuiabá,busca_automatica,nome,outro,sports_school;sports_complex;gym;sports_activity_location;health;point_of_interest;establishment,5,4,OPERATIONAL,,inconclusivo,,,+55 65 99918-3332,https://maps.google.com/?cid=10453935999525162584&g_mp=CiVnb29nbGUubWFwcy5wbGFjZXMudjEuUGxhY2VzLkdldFBsYWNlEAIYBCAA,2026-09-16,,,,,
ChIJA5QM9SmznZMR4oyqem28VEI,Saloon Geek,"ao lado da Lupo, Goiabeiras Shopping - Av. Jose Monteiro de Figueiredo, 500 - 1° piso - Duque de Caxias, Cuiabá - MT, 78043-300, Brazil",Cuiabá,busca_automatica,nome,loja,point_of_interest;store;establishment,5,2,OPERATIONAL,,inconclusivo,https://instagram.com/saloongeek?igshid=YmMyMTA2M2Y=,saloongeek,+55 65 99647-4417,https://maps.google.com/?cid=4779652282942393570&g_mp=CiVnb29nbGUubWFwcy5wbGFjZXMudjEuUGxhY2VzLkdldFBsYWNlEAIYBCAA,2026-09-16,,,,,
ChIJ8SI6Ur-xnZMROgZTG7dv0hY,Stop Game MT,"Shopping popular - Terceiro, Cuiabá - MT, 78015-900, Brazil",Cuiabá,busca_automatica,nome,loja,store;point_of_interest;establishment,4.6,33,OPERATIONAL,,inconclusivo,,,+55 65 98441-3051,https://maps.google.com/?cid=1644499646171776570&g_mp=CiVnb29nbGUubWFwcy5wbGFjZXMudjEuUGxhY2VzLkdldFBsYWNlEAIYBCAA,2026-09-16,,,,,
ChIJQz1rdNKxnZMRK3eFsf0zTU8,Street Games,"Rua - Shopping Popular - Av. Manoel José de Arruda, 207 - Dom Aquino, Cuiabá - MT, 78015-000, Brazil",Cuiabá,busca_automatica,nome,loja,store;point_of_interest;establishment,2.5,13,OPERATIONAL,,inconclusivo,,,+55 65 98402-1500,https://maps.google.com/?cid=5714280666901083947&g_mp=CiVnb29nbGUubWFwcy5wbGFjZXMudjEuUGxhY2VzLkdldFBsYWNlEAIYBCAA,2026-09-16,,,,,
ChIJCRYPCyaynZMRVzgrFLpODyg,Studio Leve - RPG e Pilates,"Rua: das Orquídeas, 74 - Jardim Cuiaba, Cuiabá - MT, 78043-148, Brazil",Cuiabá,busca_automatica,nome,outro,sports_school;sports_complex;gym;sports_activity_location;doctor;health;point_of_interest;establishment,4.9,21,OPERATIONAL,,inconclusivo,,,+55 65 99919-8085,https://maps.google.com/?cid=2886612447277037655&g_mp=CiVnb29nbGUubWFwcy5wbGFjZXMudjEuUGxhY2VzLkdldFBsYWNlEAIYBCAA,2026-09-16,,,,,
ChIJmzi9dZ2lnZMRrNnpun3IhRk,Super Games store,"Av. Espigão, 425 - Tijucal, Cuiabá - MT, 78088-000, Brazil",Cuiabá,busca_automatica,nome,loja,store;point_of_interest;establishment,5,2,OPERATIONAL,,inconclusivo,,,+55 65 99673-9808,https://maps.google.com/?cid=1839096465183070636&g_mp=CiVnb29nbGUubWFwcy5wbGFjZXMudjEuUGxhY2VzLkdldFBsYWNlEAIYBCAA,2026-09-16,,,,,
ChIJ8wtxLMSvnZMRyoW2i__eYGA,Tatehira Card Games & Cyber Café,"Av. Fernando Corrêa da Costa, 4620-A - Jardim Alencastro, Cuiabá - MT, 78085-000, Brazil",Cuiabá,busca_automatica,nome,loja,internet_cafe;toy_store;store;point_of_interest;service;establishment,4.8,190,OPERATIONAL,2026-07-14,sim,https://www.tatehira.com.br/,,+55 65 3661-4828,https://maps.google.com/?cid=6944795814547326410&g_mp=CiVnb29nbGUubWFwcy5wbGFjZXMudjEuUGxhY2VzLkdldFBsYWNlEAIYBCAA,2026-09-01,,,,,
ChIJV5xi80_l3JQRyRgvZvdRi8I,Alba - Café e jogos de tabuleiro,"R. Nilo Peçanha, 16 - São Francisco, Curitiba - PR, 80520-000, Brazil",Cuiabá;Curitiba,busca_automatica,nome+avaliacao,alimentos_bebidas,coffee_shop;cafe;food_store;food;store;point_of_interest;association_or_organization;establishment,5,71,OPERATIONAL,2026-06-06,sim,https://albajogos.com.br/,,+55 41 99112-2557,https://maps.google.com/?cid=14018388388133935305&g_mp=CiVnb29nbGUubWFwcy5wbGFjZXMudjEuUGxhY2VzLkdldFBsYWNlEAIYBCAA,2026-09-01,,,,,
ChIJtUtmZB3l3JQRYb3sZEFlMXI,AC Games,"Av. Nossa Sra. de Lourdes, 63 - Lj 3C - Jardim das Américas, Curitiba - PR, 81530-020, Brazil",Curitiba,busca_automatica,nome,loja,electronics_store;store;point_of_interest;establishment,4.8,104,OPERATIONAL,,inconclusivo,http://www.acgamescuritiba.com.br/,,+55 41 98822-6161,https://maps.google.com/?cid=8228469325723123041&g_mp=CiVnb29nbGUubWFwcy5wbGFjZXMudjEuUGxhY2VzLkdldFBsYWNlEAIYBCAA,2026-09-16,,,,,
ChIJ3ekLtDjl3JQRHwtNgmINgLo,Alçapão Jogos,"R. Mal. Hermes, 104 - Centro Cívico, Curitiba - PR, 80530-230, Brazil",Curitiba,busca_automatica,nome+avaliacao,loja,store;point_of_interest;establishment,5,219,OPERATIONAL,2026-06-08,sim,http://www.alcapaojogos.com.br/,,+55 41 99807-8863,https://maps.google.com/?cid=13438756004817603359&g_mp=CiVnb29nbGUubWFwcy5wbGFjZXMudjEuUGxhY2VzLkdldFBsYWNlEAIYBCAA,2026-09-01,,,,,
ChIJ0Q_qUPzl3JQRGum2ROsTfJk,Arena Cajuru,"R. Filipinas, 130 - Cajuru, Curitiba - PR, 82960-180, Brazil",Curitiba,busca_automatica,avaliacao,loja,store;point_of_interest;establishment,5,87,OPERATIONAL,2026-08-05,sim,,,+55 41 99888-0922,https://maps.google.com/?cid=11059736686106175770&g_mp=CiVnb29nbGUubWFwcy5wbGFjZXMudjEuUGxhY2VzLkdldFBsYWNlEAIYBCAA,2026-09-01,,,,,
ChIJcT2Umb7j3JQR7939BdNxnFE,Borba Games | Venda e Aluguel de Jogos de Tabuleiros,"R. Icaraima - Fazendinha, Curitiba - PR, 81320-060, Brazil",Curitiba,busca_automatica,nome,loja,toy_store;store;point_of_interest;service;establishment,5,8,OPERATIONAL,2026-08-28,sim,http://www.borbagames.com.br/,,+55 41 98418-5856,https://maps.google.com/?cid=5880700364591586799&g_mp=CiVnb29nbGUubWFwcy5wbGFjZXMudjEuUGxhY2VzLkdldFBsYWNlEAIYBCAA,2026-09-01,,,,,
ChIJLVw9dV3j3JQRrIogSaHoM-c,Brasil Games,"Av. Pres. Kennedy, 4121 - L3 - Portão, Curitiba - PR, 80610-905, Brazil",Curitiba,busca_automatica,nome,loja,store;point_of_interest;establishment,4.3,617,OPERATIONAL,,inconclusivo,https://www.brasilgamescuritiba.com.br/,,+55 41 3212-3791,https://maps.google.com/?cid=16659915225987844780&g_mp=CiVnb29nbGUubWFwcy5wbGFjZXMudjEuUGxhY2VzLkdldFBsYWNlEAIYBCAA,2026-09-16,,,,,
ChIJlaSMln_j3JQRaMmW9Ztt91c,Casa Meeple - Aluguel de Jogos de Tabuleiro,"R. Herculano Carlos Franco de Souza, 459 - Água Verde, Curitiba - PR, 80240-290, Brazil",Curitiba,busca_automatica,nome,outro,point_of_interest;association_or_organization;establishment,,0,OPERATIONAL,,inconclusivo,https://casameeple.lends.com.br/,,+55 41 99885-5843,https://maps.google.com/?cid=6338655517154920808&g_mp=CiVnb29nbGUubWFwcy5wbGFjZXMudjEuUGxhY2VzLkdldFBsYWNlEAIYBCAA,2026-09-01,,,,,
ChIJZaTDQ_7n3JQRkEOI_veMDEM,Cidadela Card Games,"Av. Anita Garibaldi, 2480 - Lj 06 - Boa Vista, Curitiba - PR, 82200-550, Brazil",Curitiba,busca_automatica,nome,loja,toy_store;store;point_of_interest;establishment,4.9,50,OPERATIONAL,,inconclusivo,http://www.cidadelacardgames.com.br/,,+55 41 3256-5434,https://maps.google.com/?cid=4831391497016853392&g_mp=CiVnb29nbGUubWFwcy5wbGFjZXMudjEuUGxhY2VzLkdldFBsYWNlEAIYBCAA,2026-09-16,,,,,
ChIJ9dvEFhDl3JQRG18RpIu6HwM,Color Geek TCG ( Loja e escritório),"R. Riachuelo, 20 - Centro, Curitiba - PR, 80020-250, Brazil",Curitiba,busca_automatica,nome,loja,toy_store;store;association_or_organization;point_of_interest;establishment,4.9,58,OPERATIONAL,,inconclusivo,https://www.colorgeekcwb.com/,,+55 41 99247-4684,https://maps.google.com/?cid=225103615307636507&g_mp=CiVnb29nbGUubWFwcy5wbGFjZXMudjEuUGxhY2VzLkdldFBsYWNlEAIYBCAA,2026-09-16,,,,,
ChIJR86F0NDl3JQR7VY64mnQmro,Dexter Boardgames e TCG - Loja Virtual,"Av. Sete de Setembro, 3293 - Sala 107 - Centro, Curitiba - PR, 80230-085, Brazil",Curitiba,busca_automatica,nome,loja,association_or_organization;toy_store;store;point_of_interest;establishment,5,22,OPERATIONAL,2026-03-15,inconclusivo,https://dexterbgtcg.acervodejogos.com.br/,,+55 21 99534-6669,https://maps.google.com/?cid=13446288790653654765&g_mp=CiVnb29nbGUubWFwcy5wbGFjZXMudjEuUGxhY2VzLkdldFBsYWNlEAIYBCAA,2026-09-01,,,,,
ChIJU1Fzv23k3JQRcTMPX2STXfs,Donkey Kong Games,"R. Pedro Ivo, 43 - Box 22 - Centro, Curitiba - PR, 80010-020, Brazil",Curitiba,busca_automatica,nome,loja,store;point_of_interest;establishment,1,1,OPERATIONAL,,inconclusivo,http://www.showdasfabricas.com.br/,,+55 41 3233-0172,https://maps.google.com/?cid=18112795335654847345&g_mp=CiVnb29nbGUubWFwcy5wbGFjZXMudjEuUGxhY2VzLkdldFBsYWNlEAIYBCAA,2026-09-16,,,,,
ChIJz3_DIkjl3JQRt5LRvGkn6T0,Eleucards - Hobby Store,"Rua 24 de Maio, 593 - Centro, Curitiba - PR, 80220-060, Brazil",Curitiba,busca_automatica,nome+avaliacao,loja,toy_store;store;point_of_interest;establishment,5,23,OPERATIONAL,2026-07-30,sim,,,+55 41 99937-6038,https://maps.google.com/?cid=4461140240980087479&g_mp=CiVnb29nbGUubWFwcy5wbGFjZXMudjEuUGxhY2VzLkdldFBsYWNlEAIYBCAA,2026-09-01,,,,,
ChIJeZDmeBzj3JQRpoWPbG-p7ek,Espião Games,"R. Prof. Pedro Viriato Parigot de Souza, 600 - Lj 2031 - Mossunguê, Curitiba - PR, 81200-100, Brazil",Curitiba,busca_automatica,nome,loja,electronics_store;store;point_of_interest;establishment,5,308,OPERATIONAL,,inconclusivo,https://www.espiaogames.com.br/,,+55 41 3019-2957,https://maps.google.com/?cid=16856315276345443750&g_mp=CiVnb29nbGUubWFwcy5wbGFjZXMudjEuUGxhY2VzLkdldFBsYWNlEAIYBCAA,2026-09-16,,,,,
ChIJocsYG1Tl3JQR9Vyr3FONktI,Estação Games Curitiba,"Centro de Curitiba, Shopping Estação - Rebouças, Curitiba - PR, 80230-010, Brazil",Curitiba,busca_automatica,nome,loja,store;point_of_interest;establishment,4.9,2303,OPERATIONAL,,inconclusivo,http://www.estacaogamescuritiba.com.br/,,+55 41 99157-1758,https://maps.google.com/?cid=15173345485888642293&g_mp=CiVnb29nbGUubWFwcy5wbGFjZXMudjEuUGxhY2VzLkdldFBsYWNlEAIYBCAA,2026-09-16,,,,,
ChIJHaOH0obj3JQRjGKYgAfmeWo,Fora da Caixa - Biblioteca de Jogos de Mesa,"R. Profa. Maria José Godoy, 274 - Bom Retiro, Curitiba - PR, 80520-220, Brazil",Curitiba,busca_automatica,nome+avaliacao,loja,association_or_organization;store;point_of_interest;establishment,4.8,80,OPERATIONAL,2024-11-10,inconclusivo,http://tr.ee/opafdc,,+55 41 99882-3456,https://maps.google.com/?cid=7672416360098980492&g_mp=CiVnb29nbGUubWFwcy5wbGFjZXMudjEuUGxhY2VzLkdldFBsYWNlEAIYBCAA,2026-09-01,,,,,
ChIJ0ftSGFzw3JQRtoakn1mqyOs,Geek Burguer,"Alameda Dr. Carlos de Carvalho, 805 - Centro, Curitiba - PR, 80410-180, Brazil",Curitiba,busca_automatica,nome+avaliacao,alimentos_bebidas,hamburger_restaurant;american_restaurant;restaurant;point_of_interest;food;establishment,4.4,2141,OPERATIONAL,2025-04-20,inconclusivo,https://instagram.com/geekburguer?utm_medium=copy_link,geekburguer,,https://maps.google.com/?cid=16990016896162367158&g_mp=CiVnb29nbGUubWFwcy5wbGFjZXMudjEuUGxhY2VzLkdldFBsYWNlEAIYBCAA,2026-09-01,,,,,
ChIJrcZiZzfx3JQRojjx3qhX5xc,Modo Avião Board Games,"R. Anneliese Gellert Krigsner, 3202 - Iná, São José dos Pinhais - PR, 83065-470, Brazil",Curitiba,busca_automatica,nome,outro,point_of_interest;association_or_organization;establishment,5,6,OPERATIONAL,,inconclusivo,https://www.modoaviaobg.com.br/,,+55 41 99234-0003,https://maps.google.com/?cid=1722441765298976930&g_mp=CiVnb29nbGUubWFwcy5wbGFjZXMudjEuUGxhY2VzLkdldFBsYWNlEAIYBCAA,2026-09-16,,,,,
ChIJLwJRHfP93JQRwsN6fIcfeNg,O Gatão Jogos,"R. Izaac Ferreira da Cruz, 1787 - Pinheirinho, Curitiba - PR, 81870-000, Brazil",Curitiba,busca_automatica,nome+avaliacao,outro,point_of_interest;association_or_organization;establishment,5,19,OPERATIONAL,2026-07-17,sim,https://www.ogataojogos.com.br/,,+55 41 99101-9447,https://maps.google.com/?cid=15598251976167179202&g_mp=CiVnb29nbGUubWFwcy5wbGFjZXMudjEuUGxhY2VzLkdldFBsYWNlEAIYBCAA,2026-09-01,,,,,
ChIJK5Dhtunj3JQRniPWHB3haDU,Paladino Hobbies,"R. Padre Anchieta, 2454 - Lj 24 - Bigorrilho, Curitiba - PR, 80730-000, Brazil",Curitiba,busca_automatica,avaliacao,loja,store;point_of_interest;establishment,4.8,188,OPERATIONAL,2025-03-08,inconclusivo,http://www.paladinohobbies.com.br/,,+55 41 3082-9520,https://maps.google.com/?cid=3848573396742185886&g_mp=CiVnb29nbGUubWFwcy5wbGFjZXMudjEuUGxhY2VzLkdldFBsYWNlEAIYBCAA,2026-09-01,,,,,
ChIJTdymzWTm3JQRSjlSLQyY1ts,Planeta Games,"anexo merc. atacadao - Av. Paraná, 3220 - Lj 21 - Boa Vista, Curitiba - PR, 82510-000, Brazil",Curitiba,busca_automatica,nome,loja,store;service;point_of_interest;establishment,4.9,700,OPERATIONAL,,inconclusivo,https://www.youtube.com/planetagamestv,,+55 41 3024-3013,https://maps.google.com/?cid=15841015917389691210&g_mp=CiVnb29nbGUubWFwcy5wbGFjZXMudjEuUGxhY2VzLkdldFBsYWNlEAIYBCAA,2026-09-16,,,,,
ChIJvdKeBx7n3JQRxBzRBy23XWM,RaXaKuKa Jogos & Desafios Cognitivos,"R. Dr. Bezerra de Menezes, 68 - Lj 04 - Ahú, Curitiba - PR, 80540-190, Brazil",Curitiba,busca_automatica,nome,loja,toy_store;book_store;store;point_of_interest;establishment,4.9,32,OPERATIONAL,2026-02-26,inconclusivo,http://www.raxakuka.com.br/,,+55 41 99287-2742,https://maps.google.com/?cid=7160080386621512900&g_mp=CiVnb29nbGUubWFwcy5wbGFjZXMudjEuUGxhY2VzLkdldFBsYWNlEAIYBCAA,2026-09-01,,,,,
ChIJ_S4eaAzx3JQRmGn0sZGSqts,SJPlay Board Games (Aluguel de Jogos de Tabuleiro em São José dos Pinhais),"Rua: Profª Lourdes Grutter Bonin, 1182 - Parque da Fonte, São José dos Pinhais - PR, 83050-140, Brazil",Curitiba,busca_automatica,nome+avaliacao,outro,point_of_interest;association_or_organization;establishment,5,27,OPERATIONAL,2026-07-31,sim,https://www.sjplay.com.br/,,+55 41 98474-7929,https://maps.google.com/?cid=15828624994800527768&g_mp=CiVnb29nbGUubWFwcy5wbGFjZXMudjEuUGxhY2VzLkdldFBsYWNlEAIYBCAA,2026-09-01,,,,,
ChIJv_pNE3Pl3JQRCVM-2vFQX6s,Start Games Sales and Service,"Av. Nossa Sra. de Lourdes, 63 - Centro, Curitiba - PR, 80230-010, Brazil",Curitiba,busca_automatica,nome,loja,point_of_interest;store;establishment,4.6,726,OPERATIONAL,,inconclusivo,http://www.videogamescuritiba.com.br/,,+55 41 99162-7044,https://maps.google.com/?cid=12348677702952047369&g_mp=CiVnb29nbGUubWFwcy5wbGFjZXMudjEuUGxhY2VzLkdldFBsYWNlEAIYBCAA,2026-09-16,,,,,
ChIJ4UTOWgrj3JQRsm3e18EhfHA,Toka Brinquedos e Colecionáveis,"R. João Alencar Guimarães, 1219 - Santa Quiteria, Curitiba - PR, 80310-420, Brazil",Curitiba,busca_automatica,nome,loja,store;point_of_interest;establishment,4.7,195,OPERATIONAL,2026-07-04,sim,https://www.instagram.com/tokabrinquedos/,tokabrinquedos,+55 41 99931-8796,https://maps.google.com/?cid=8105390545794133426&g_mp=CiVnb29nbGUubWFwcy5wbGFjZXMudjEuUGxhY2VzLkdldFBsYWNlEAIYBCAA,2026-09-01,,,,,
ChIJE-mLUmDk3JQR7SwYcySFa70,Tropas Polares - Associação de Tabletop Games & Miniaturismo,"R. Mal. Deodoro, 2413 - sobreloja - Alto da XV, Curitiba - PR, 80045-235, Brazil",Curitiba,busca_automatica,nome,outro,association_or_organization;point_of_interest;establishment,5,29,OPERATIONAL,,inconclusivo,https://www.instagram.com/tropaspolares/,tropaspolares,,https://maps.google.com/?cid=13649149487272701165&g_mp=CiVnb29nbGUubWFwcy5wbGFjZXMudjEuUGxhY2VzLkdldFBsYWNlEAIYBCAA,2026-09-16,,,,,
ChIJa3nvk47j3JQR2yMtZEUhr6I,Vila Vilô Brinquedoteca,"Shopping Pátio Batel - Av. do Batel, 1868 - Batel, Curitiba - PR, 80420-090, Brazil",Curitiba,busca_automatica,nome,outro,point_of_interest;establishment,4.1,44,OPERATIONAL,2025-10-16,inconclusivo,http://vilavilo.com.br/,,+55 41 99113-5055,https://maps.google.com/?cid=11722624936985830363&g_mp=CiVnb29nbGUubWFwcy5wbGFjZXMudjEuUGxhY2VzLkdldFBsYWNlEAIYBCAA,2026-09-01,,,,,
ChIJpyf58vL93JQRzjPTFDFE4xg,WeCaos RPG Hobby Store,"R. Des. Ernâni Guaritá Cartaxo, 1 - Lj Térreo - Capão Raso, Curitiba - PR, 81130-120, Brazil",Curitiba,busca_automatica,nome+avaliacao,loja,association_or_organization;toy_store;store;point_of_interest;establishment,5,36,OPERATIONAL,2026-06-21,sim,https://www.cneutralrpg.com/,,+55 41 99569-1186,https://maps.google.com/?cid=1793352054217061326&g_mp=CiVnb29nbGUubWFwcy5wbGFjZXMudjEuUGxhY2VzLkdldFBsYWNlEAIYBCAA,2026-09-01,,,,,
ChIJm6MFYxXk3JQRdlRAZV1Dtt4,XPlace Games,"R. Fernando de Noronha, 1069 - Boa Vista, Curitiba - PR, 82650-145, Brazil",Curitiba,busca_automatica,nome,loja,toy_store;store;service;point_of_interest;establishment,4.4,1161,OPERATIONAL,,inconclusivo,https://www.xplacegames.com.br/,,+55 41 3029-4900,https://maps.google.com/?cid=16048088390591075446&g_mp=CiVnb29nbGUubWFwcy5wbGFjZXMudjEuUGxhY2VzLkdldFBsYWNlEAIYBCAA,2026-09-16,,,,,
ChIJc6LYVAd5GZURtPeFIuwNdAg,Nerdz,"R. Sarmento Leite, 627 - Centro Histórico, Porto Alegre - RS, 90050-170, Brazil",Curitiba;Porto Alegre;Rio de Janeiro;São Paulo,busca_automatica,nome+avaliacao,loja,toy_store;book_store;association_or_organization;store;point_of_interest;establishment,4.8,2180,OPERATIONAL,2022-12-12,inconclusivo,https://lojanerdz.com.br/,,+55 51 3028-1426,https://maps.google.com/?cid=609127157444507572&g_mp=CiVnb29nbGUubWFwcy5wbGFjZXMudjEuUGxhY2VzLkdldFBsYWNlEAIYBCAA,2026-09-01,,,,,
ChIJpdHXvOJBJ5UR0psgDWi1jJc,Atelier Alfredo Larre Jogos de Tabuleiro,"Manoel - Servidão Manoel Amaro Nunes Pinheiro, 727 - Ratones, Florianópolis - SC, 88052-250, Brazil",Florianópolis,busca_automatica,nome,loja,manufacturer;store;point_of_interest;association_or_organization;establishment,4.9,13,OPERATIONAL,2023-02-23,inconclusivo,https://www.mancalajogos.com.br/,,+55 48 99122-6876,https://maps.google.com/?cid=10920302654968077266&g_mp=CiVnb29nbGUubWFwcy5wbGFjZXMudjEuUGxhY2VzLkdldFBsYWNlEAIYBCAA,2026-09-01,,,,,
ChIJZyPjxFc3J5URCNnFhJDfz20,BRINCADICA BRINQUEDOTECA e CONTRATURNO,"R. Victor Meirelles, 600 - Sl 12 - TÉRREO, São José - SC, 88101-170, Brazil",Florianópolis,busca_automatica,nome,outro,playground;amusement_center;point_of_interest;establishment,5,43,OPERATIONAL,2025-10-21,inconclusivo,https://www.instagram.com/brincadica/,brincadica,+55 48 99903-9980,https://maps.google.com/?cid=7912788882109094152&g_mp=CiVnb29nbGUubWFwcy5wbGFjZXMudjEuUGxhY2VzLkdldFBsYWNlEAIYBCAA,2026-09-01,,,,,
ChIJWZCzZhA5J5URlScOX13XlWs,Berçário Mágico Florianópolis,"SC-401 - Saco Grande, Florianópolis - SC, 88032-005, Brazil",Florianópolis,busca_automatica,nome,loja,toy_store;store;point_of_interest;establishment,4.6,9,OPERATIONAL,,inconclusivo,,,,https://maps.google.com/?cid=7752339129614870421&g_mp=CiVnb29nbGUubWFwcy5wbGFjZXMudjEuUGxhY2VzLkdldFBsYWNlEAIYBCAA,2026-09-16,,,,,
ChIJ-4RQ4kk5J5URdwADbX8za7M,Box 117 - BRINQUEDOS,"camelódromo municipal de Florianópolis - R. Francisco Tolentino, 315 - Centro, Florianópolis - SC, 88010-913, Brazil",Florianópolis,busca_automatica,nome,outro,point_of_interest;establishment,5,1,OPERATIONAL,2026-01-22,inconclusivo,,,+55 48 98424-0466,https://maps.google.com/?cid=12928483777679917175&g_mp=CiVnb29nbGUubWFwcy5wbGFjZXMudjEuUGxhY2VzLkdldFBsYWNlEAIYBCAA,2026-09-01,,,,,
ChIJQ40ebT1JJ5URTdocEku1P0I,Brinkidiss,"R. Cel. Pedro Demoro, 1955 - Estreito, Florianópolis - SC, 88075-300, Brazil",Florianópolis,busca_automatica,avaliacao,loja,toy_store;store;point_of_interest;establishment,5,7,OPERATIONAL,2026-06-12,sim,,,+55 48 99602-8573,https://maps.google.com/?cid=4773733464067070541&g_mp=CiVnb29nbGUubWFwcy5wbGFjZXMudjEuUGxhY2VzLkdldFBsYWNlEAIYBCAA,2026-09-01,,,,,
ChIJUyXE3OBDJ5UR-QHJbZzz4K0,Brinquedoteca Mamãe Ursa,"Servidão - R. Antenor de Souza Conceição, 818 - São João do Rio Vermelho, Florianópolis - SC, 88060-220, Brazil",Florianópolis,busca_automatica,nome,outro,amusement_park;point_of_interest;establishment,4.8,80,OPERATIONAL,2026-07-22,sim,,,+55 48 98451-1509,https://maps.google.com/?cid=12529282016527057401&g_mp=CiVnb29nbGUubWFwcy5wbGFjZXMudjEuUGxhY2VzLkdldFBsYWNlEAIYBCAA,2026-09-01,,,,,
ChIJawIVeV0JM0oR5BtnD_poQeA,CCG Floripa,"R. Lauro Linhares, 245 - Trindade, Florianópolis - SC, 88036-000, Brazil",Florianópolis,busca_automatica,avaliacao,loja,toy_store;store;point_of_interest;establishment,4.8,194,OPERATIONAL,2025-10-03,inconclusivo,http://www.grupoccg.com.br/,,,https://maps.google.com/?cid=16159312361191578596&g_mp=CiVnb29nbGUubWFwcy5wbGFjZXMudjEuUGxhY2VzLkdldFBsYWNlEAIYBCAA,2026-09-01,,,,,
ChIJ5y2CaytJJ5UR84Op92X8Xgg,CNeutral RPG e Hobbies,"R. Felipe Schmidt, 249 - Sl 308 - Centro, Florianópolis - SC, 88010-000, Brazil",Florianópolis,busca_automatica,nome,loja,store;point_of_interest;establishment,5,2,OPERATIONAL,,inconclusivo,https://www.cneutralrpg.com/,,+55 41 99569-1186,https://maps.google.com/?cid=603196914991203315&g_mp=CiVnb29nbGUubWFwcy5wbGFjZXMudjEuUGxhY2VzLkdldFBsYWNlEAIYBCAA,2026-09-16,,,,,
ChIJc3F7ka83J5URQZ1XTl-_iak,Chef on Play,"Rua kk - atrás do bem bolado bar - Praça Atílio ferreira, 07 - Trindade, Florianópolis - SC, 88080-701, Brazil",Florianópolis,busca_automatica,avaliacao,alimentos_bebidas,restaurant;sandwich_shop;food;point_of_interest;establishment,4.6,1204,OPERATIONAL,2026-04-19,sim,,,+55 48 3025-2433,https://maps.google.com/?cid=12216505880276344129&g_mp=CiVnb29nbGUubWFwcy5wbGFjZXMudjEuUGxhY2VzLkdldFBsYWNlEAIYBCAA,2026-09-01,,,,,
ChIJJz8-gcY3J5URYdZrEXdHaAk,Cineplay- Restaurante e Jogos,"R. Getúlio Vargas, 362 - Centro, São José - SC, 88103-400, Brazil",Florianópolis,busca_automatica,nome,alimentos_bebidas,restaurant;bar;food;point_of_interest;establishment,4.5,1154,OPERATIONAL,2026-02-22,inconclusivo,,,+55 48 99178-9013,https://maps.google.com/?cid=677870320638219873&g_mp=CiVnb29nbGUubWFwcy5wbGFjZXMudjEuUGxhY2VzLkdldFBsYWNlEAIYBCAA,2026-09-01,,,,,
ChIJ186St8s5J5URi82koubWJyU,De Casa Boardgames,"R. Pedro Gregório, 157 - Barreiros, São José - SC, 88117-335, Brazil",Florianópolis,busca_automatica,nome,loja,store;point_of_interest;establishment,4.8,4,OPERATIONAL,2025-03-21,inconclusivo,https://linktr.ee/decasabgames,,+55 48 99969-4416,https://maps.google.com/?cid=2677344789554580875&g_mp=CiVnb29nbGUubWFwcy5wbGFjZXMudjEuUGxhY2VzLkdldFBsYWNlEAIYBCAA,2026-09-01,,,,,
ChIJ7ZioVfU3J5URMq3PGrI4mFw,Dragon's House Hobby Store,"R. Conselheiro Mafra, 246 - sobreloja - Centro, Florianópolis - SC, 88010-100, Brazil",Florianópolis,busca_automatica,avaliacao,loja,toy_store;point_of_interest;store;establishment,4.7,478,OPERATIONAL,2023-10-23,inconclusivo,https://www.dragonshouse.com.br/,,+55 48 3222-9793,https://maps.google.com/?cid=6672145185554541874&g_mp=CiVnb29nbGUubWFwcy5wbGFjZXMudjEuUGxhY2VzLkdldFBsYWNlEAIYBCAA,2026-09-01,,,,,
ChIJ_Qdle005J5URXK4SqE4NiOY,Elemental Geek,"Edifício Joana de Gusmão - Calçadão João Pinto, 30 - Lj 11 - Centro, Florianópolis - SC, 88010-420, Brazil",Florianópolis,busca_automatica,nome+avaliacao,loja,store;point_of_interest;establishment,5,11,OPERATIONAL,2025-09-20,inconclusivo,https://www.mercadolivre.com.br/pagina/ge20240829161803,,+55 48 3364-5668,https://maps.google.com/?cid=16611541857034481244&g_mp=CiVnb29nbGUubWFwcy5wbGFjZXMudjEuUGxhY2VzLkdldFBsYWNlEAIYBCAA,2026-09-01,,,,,
ChIJ5cVikgzL2JQRfcOg3KSl_DA,Game Mania,"Av. Gov. Ivo Silveira, 2445 - Sl 03 - Capoeiras, Florianópolis - SC, 88085-001, Brazil",Florianópolis,busca_automatica,nome,loja,point_of_interest;store;establishment,5,85,OPERATIONAL,,inconclusivo,http://www.lojasgamemania.com.br/,,+55 48 98834-3876,https://maps.google.com/?cid=3529878335446369149&g_mp=CiVnb29nbGUubWFwcy5wbGFjZXMudjEuUGxhY2VzLkdldFBsYWNlEAIYBCAA,2026-09-16,,,,,
ChIJ62cIJ6A4J5URgMYeNA2aqJY,Game Mania,"Rod. Virgílio Várzea, 587 - Lj 2 - Saco Grande, Florianópolis - SC, 88032-005, Brazil",Florianópolis,busca_automatica,nome,loja,store;point_of_interest;establishment,4.7,400,OPERATIONAL,,inconclusivo,http://www.gamemania.com.br/,,+55 48 99692-0505,https://maps.google.com/?cid=10856096283276265088&g_mp=CiVnb29nbGUubWFwcy5wbGFjZXMudjEuUGxhY2VzLkdldFBsYWNlEAIYBCAA,2026-09-16,,,,,
ChIJk3dvafk4J5URzKOq9gwfq40,Game Mania,"Av. Me. Benvenuta, 687 - Lj 123 - Trindade, Florianópolis - SC, 88035-000, Brazil",Florianópolis,busca_automatica,nome,loja,store;point_of_interest;establishment,4.8,398,OPERATIONAL,,inconclusivo,http://www.gamemania.com.br/,,+55 48 99948-0176,https://maps.google.com/?cid=10208287120903807948&g_mp=CiVnb29nbGUubWFwcy5wbGFjZXMudjEuUGxhY2VzLkdldFBsYWNlEAIYBCAA,2026-09-16,,,,,
ChIJY6jHpII7J5URz-TdE62Igr4,Honeys Board Games - Aluguel de Jogos de Tabuleiro,"R. Recanto do Beija-Flor, 123 - Campeche, Florianópolis - SC, 88063-710, Brazil",Florianópolis,busca_automatica,nome+avaliacao,loja,store;point_of_interest;establishment,5,10,OPERATIONAL,2026-04-27,sim,https://www.honeysbg.com.br/,,+55 48 98835-5521,https://maps.google.com/?cid=13727684891122721999&g_mp=CiVnb29nbGUubWFwcy5wbGFjZXMudjEuUGxhY2VzLkdldFBsYWNlEAIYBCAA,2026-09-01,,,,,
ChIJNVQ5QaVDJ5URKr7f3iismtY,Jogoteka,"local de coleta e devolução dos jogos - R. Clorinda Ventimiglia, 541 - Cachoeira do Bom Jesus, Florianópolis - SC, 88056-020, Brazil",Florianópolis,busca_automatica,nome,loja,store;association_or_organization;service;point_of_interest;establishment,5,69,OPERATIONAL,2026-06-05,sim,http://www.jogoteka.com.br/,,+55 48 98807-2721,https://maps.google.com/?cid=15463861562067893802&g_mp=CiVnb29nbGUubWFwcy5wbGFjZXMudjEuUGxhY2VzLkdldFBsYWNlEAIYBCAA,2026-09-01,,,,,
ChIJK8OwZi82J5UR5WnZNxqg1zQ,Loja Game e Cia - Informática,"R. Wanderlei Júnior, 256 - Shopping Camelão - Loja 167 - Campinas, São José - SC, 88101-010, Brazil",Florianópolis,busca_automatica,nome,loja,electronics_store;store;point_of_interest;establishment,4.7,379,OPERATIONAL,,inconclusivo,https://www.lojagameecia.com.br/,,+55 48 3241-3535,https://maps.google.com/?cid=3807688044431632869&g_mp=CiVnb29nbGUubWFwcy5wbGFjZXMudjEuUGxhY2VzLkdldFBsYWNlEAIYBCAA,2026-09-16,,,,,
ChIJlcd23aQ5J5URTLDMAG1QSa8,Ludique Brinquedoteca,"R. São João Batista, 218 - Agronômica, Florianópolis - SC, 88010-400, Brazil",Florianópolis,busca_automatica,nome,outro,playground;point_of_interest;establishment,5,8,OPERATIONAL,2026-04-14,sim,,,+55 48 99672-4894,https://maps.google.com/?cid=12630715059032338508&g_mp=CiVnb29nbGUubWFwcy5wbGFjZXMudjEuUGxhY2VzLkdldFBsYWNlEAIYBCAA,2026-09-01,,,,,
ChIJn2Kr8VhDJ5URitVmcmBml7U,Maré de Jogos,"R. Abel Álvares Cabral Júnior, 646 - Ingleses do Rio Vermelho, Florianópolis - SC, 88058-580, Brazil",Florianópolis,busca_automatica,nome,outro,association_or_organization;point_of_interest;establishment,5,14,OPERATIONAL,2026-06-05,sim,https://maredejogos.com.br/,,+55 48 99163-2650,https://maps.google.com/?cid=13085039806770501002&g_mp=CiVnb29nbGUubWFwcy5wbGFjZXMudjEuUGxhY2VzLkdldFBsYWNlEAIYBCAA,2026-09-01,,,,,
ChIJm5mbNH45J5UREKQRJ27HXdM,Nerdz Cards Floripa,"R. Felipe Schmidt, 752 - Lj 10 - Centro, Florianópolis - SC, 88010-001, Brazil",Florianópolis,busca_automatica,nome,loja,toy_store;store;point_of_interest;establishment,4.9,35,OPERATIONAL,,inconclusivo,http://www.nerdzcardsfloripa.com.br/,,+55 48 99692-4478,https://maps.google.com/?cid=15230548790752683024&g_mp=CiVnb29nbGUubWFwcy5wbGFjZXMudjEuUGxhY2VzLkdldFBsYWNlEAIYBCAA,2026-09-16,,,,,
ChIJOV7SZY9JJ5URac0ZlEu2HYo,Offline Club - Aluguel de Jogos,"R. Ver. Mário Coelho Pires, 736 - Campinas, São José - SC, 88101-280, Brazil",Florianópolis,busca_automatica,nome+avaliacao,loja,toy_store;store;association_or_organization;point_of_interest;establishment,5,9,OPERATIONAL,2024-11-25,inconclusivo,https://offlineclub.acervodejogos.com.br/,,+55 48 99627-9401,https://maps.google.com/?cid=9952311187282185577&g_mp=CiVnb29nbGUubWFwcy5wbGFjZXMudjEuUGxhY2VzLkdldFBsYWNlEAIYBCAA,2026-09-01,,,,,
ChIJK3WLgIJJJ5UR0l6znL1hD4w,Play Up Kids - Contraturno e Brinquedoteca,"R. Dom Pedro II, nº494 - Campinas, São José - SC, 88101-320, Brazil",Florianópolis,busca_automatica,nome,outro,amusement_center;sports_activity_location;event_venue;association_or_organization;point_of_interest;establishment,5,40,OPERATIONAL,2026-07-11,sim,https://linktr.ee/playupkids24,,+55 48 99104-8900,https://maps.google.com/?cid=10092392756966285010&g_mp=CiVnb29nbGUubWFwcy5wbGFjZXMudjEuUGxhY2VzLkdldFBsYWNlEAIYBCAA,2026-09-01,,,,,
ChIJISNOxQxJJ5UR1zgCl3TFoYM,Prime Games Shopping Itaguaçu,"R. Gerôncio Thives, 1079 - Barreiros, São José - SC, 88117-292, Brazil",Florianópolis,busca_automatica,nome,loja,store;point_of_interest;establishment,4.7,130,OPERATIONAL,,inconclusivo,,,+55 48 98828-4409,https://maps.google.com/?cid=9485079394759358679&g_mp=CiVnb29nbGUubWFwcy5wbGFjZXMudjEuUGxhY2VzLkdldFBsYWNlEAIYBCAA,2026-09-16,,,,,
ChIJ4b2SSrM3J5URkj_5Y-whCXQ,Refúgio Floripa,"Av. Santa Catarina, 1481 - Lj 1 - Canto, Florianópolis - SC, 88075-500, Brazil",Florianópolis,busca_automatica,avaliacao,loja,store;point_of_interest;establishment,5,53,OPERATIONAL,2026-06-24,sim,https://refugio.floripa.br/,,+55 48 99171-0210,https://maps.google.com/?cid=8361251482363314066&g_mp=CiVnb29nbGUubWFwcy5wbGFjZXMudjEuUGxhY2VzLkdldFBsYWNlEAIYBCAA,2026-09-01,,,,,
ChIJnT4SINE3J5UR9ZzTUW8OnwM,Storm Card Games,"R. Ver. Arthur Manoel Mariano, 362 - Lj 01 - Forquilhinhas, São José - SC, 88106-500, Brazil",Florianópolis,busca_automatica,nome+avaliacao,loja,store;point_of_interest;establishment,4.9,70,OPERATIONAL,2026-08-02,sim,https://stormcardgames.com.br/,,+55 48 99170-5559,https://maps.google.com/?cid=260943174687759605&g_mp=CiVnb29nbGUubWFwcy5wbGFjZXMudjEuUGxhY2VzLkdldFBsYWNlEAIYBCAA,2026-09-01,,,,,
ChIJYaaRQxY3J5URP4z5l1MMX6c,Taberna dos Heróis,"R. Francisco Silveira Matos, 62 - Flor de Nápolis, São José - SC, 88106-505, Brazil",Florianópolis,busca_automatica,avaliacao,loja,association_or_organization;store;point_of_interest;establishment,4.9,30,OPERATIONAL,2026-05-05,sim,https://tabernaherois.blogspot.com/,,+55 48 99679-2154,https://maps.google.com/?cid=12060371880293010495&g_mp=CiVnb29nbGUubWFwcy5wbGFjZXMudjEuUGxhY2VzLkdldFBsYWNlEAIYBCAA,2026-09-01,,,,,
ChIJhej1ia83J5URA3lrBNoiQGs,Tabuleiro Viajante,"Tv. das Crianças - Capoeiras, Florianópolis - SC, 88085-020, Brazil",Florianópolis,busca_automatica,nome,outro,association_or_organization;point_of_interest;establishment,,0,OPERATIONAL,,inconclusivo,http://tabuleiroviajante.com.br/,,+55 48 99109-6404,https://maps.google.com/?cid=7728215280340138243&g_mp=CiVnb29nbGUubWFwcy5wbGFjZXMudjEuUGxhY2VzLkdldFBsYWNlEAIYBCAA,2026-09-16,,,,,
ChIJSRvZCyQ4J5URqYmD8UBSHUg,World Games,"lado esquerdo - R. Jerônimo Coelho, 95 - 1º andar - Centro, Florianópolis - SC, 88010-030, Brazil",Florianópolis,busca_automatica,nome,loja,cell_phone_store;toy_store;store;point_of_interest;establishment,4.3,341,OPERATIONAL,,inconclusivo,http://www.floripagames.com.br/,,+55 48 98439-9999,https://maps.google.com/?cid=5196399983938734505&g_mp=CiVnb29nbGUubWFwcy5wbGFjZXMudjEuUGxhY2VzLkdldFBsYWNlEAIYBCAA,2026-09-16,,,,,
ChIJhfCGPXFHxwcRF-NFOui-kNI,Boliche Game Station Riomar Fortaleza,"R. Des. Lauro Nogueira, 1500 - Papicu, Fortaleza - CE, 60175-055, Brazil",Fortaleza,busca_automatica,nome,outro,video_arcade;sports_club;association_or_organization;sports_activity_location;point_of_interest;establishment,2.4,45,OPERATIONAL,2026-07-21,sim,https://gamestation.com.br/,,+55 85 99675-0256,https://maps.google.com/?cid=15172837049230549783&g_mp=CiVnb29nbGUubWFwcy5wbGFjZXMudjEuUGxhY2VzLkdldFBsYWNlEAIYBCAA,2026-09-01,,,,,
ChIJ5ZEd4ydJxwcR1kf_zfHv9RQ,"Casa Lúdica Fortaleza | Brinquedos Educativos, Inteligentes e Mobiliário Infantil","Av. Des. Moreira, 177 - Meireles, Fortaleza - CE, 60170-000, Brazil",Fortaleza,busca_automatica,nome,loja,toy_store;furniture_store;home_improvement_store;home_goods_store;store;service;point_of_interest;establishment,5,30,OPERATIONAL,2026-02-28,inconclusivo,https://loja.casaludica.com.br/,,+55 85 99189-6314,https://maps.google.com/?cid=1510377071874885590&g_mp=CiVnb29nbGUubWFwcy5wbGFjZXMudjEuUGxhY2VzLkdldFBsYWNlEAIYBCAA,2026-09-01,,,,,
ChIJW-6v5ntJxwcRHtk7AWID5E8,"Casa de Brinquedos: Brinquedos, Jogos e Diversão para Crianças em Fortaleza.","Av. Dom Luís, 251 - Aldeota, Fortaleza - CE, 60160-230, Brazil",Fortaleza,busca_automatica,nome,loja,toy_store;event_venue;store;point_of_interest;establishment,4.3,56,OPERATIONAL,,inconclusivo,https://linktr.ee/casadebrinquedosoficial,,+55 85 3491-0778,https://maps.google.com/?cid=5756729943148714270&g_mp=CiVnb29nbGUubWFwcy5wbGFjZXMudjEuUGxhY2VzLkdldFBsYWNlEAIYBCAA,2026-09-16,,,,,
ChIJHTxWLOtOxwcRjzMfL9ObZog,City Game Locadora,"Tv. Iturama, 40 - Serrinha, Fortaleza - CE, 60741-540, Brazil",Fortaleza,busca_automatica,nome,loja,store;point_of_interest;establishment,4.6,34,OPERATIONAL,2025-05-10,inconclusivo,,,+55 85 98511-1755,https://maps.google.com/?cid=9828714568113664911&g_mp=CiVnb29nbGUubWFwcy5wbGFjZXMudjEuUGxhY2VzLkdldFBsYWNlEAIYBCAA,2026-09-01,,,,,
ChIJQURqeMZJxwcR95O-XLbS2mk,Dominaria Cards & Games,"R. Juvenal Galeno, 512 - Benfica, Fortaleza - CE, 60015-340, Brazil",Fortaleza,busca_automatica,nome+avaliacao,loja,store;point_of_interest;establishment,4.7,305,OPERATIONAL,2026-07-13,sim,http://www.dominariacg.com.br/,,+55 85 99814-8747,https://maps.google.com/?cid=7627640599587230711&g_mp=CiVnb29nbGUubWFwcy5wbGFjZXMudjEuUGxhY2VzLkdldFBsYWNlEAIYBCAA,2026-09-01,,,,,
ChIJ8w4EBYlIxwcRygbgrjihtr0,Eu Quero Saber Brinquedos Inteligentes,"R. Tibúrcio Cavalcante, 1919 B - Aldeota, Fortaleza - CE, 60125-045, Brazil",Fortaleza,busca_automatica,nome,loja,toy_store;store;point_of_interest;establishment,4.8,99,OPERATIONAL,,inconclusivo,http://www.euquerosaberbrinquedos.com.br/,,+55 85 3039-8126,https://maps.google.com/?cid=13670290983753877194&g_mp=CiVnb29nbGUubWFwcy5wbGFjZXMudjEuUGxhY2VzLkdldFBsYWNlEAIYBCAA,2026-09-16,,,,,
ChIJa8c6S8ZIxwcRVlVKn1apExA,Fada Madrinha Locação de Brinquedos,"R. José Justa, 4153 A - Tauape, Fortaleza - CE, 60120-290, Brazil",Fortaleza,busca_automatica,nome,outro,service;point_of_interest;establishment,4.8,42,OPERATIONAL,2025-10-06,inconclusivo,https://linktr.ee/fadamadrinhabrinquedos,,+55 85 99618-7921,https://maps.google.com/?cid=1158455718669079894&g_mp=CiVnb29nbGUubWFwcy5wbGFjZXMudjEuUGxhY2VzLkdldFBsYWNlEAIYBCAA,2026-09-01,,,,,
ChIJ3dFu-KtJxwcR_qIwvUJ2cIE,"Fort Tudo | Artigos de Decoração, Brinquedos, Utilidades, Bebê, Caça e Pesca em Fortaleza","R. Gen. Sampaio, 1300 - Centro, Fortaleza - CE, 60020-031, Brazil",Fortaleza,busca_automatica,nome,loja,department_store;pet_store;toy_store;home_goods_store;store;point_of_interest;service;establishment,4.5,4835,OPERATIONAL,,inconclusivo,http://forttudo.com.br/,,+55 85 3474-8901,https://maps.google.com/?cid=9327084857298297598&g_mp=CiVnb29nbGUubWFwcy5wbGFjZXMudjEuUGxhY2VzLkdldFBsYWNlEAIYBCAA,2026-09-16,,,,,
ChIJa6y5bxtLxwcRdE7i7-Gk8lo,Game & Steak,"R. Rui Monte, 1070 - Dom Lustosa, Fortaleza - CE, 60360-640, Brazil",Fortaleza,busca_automatica,nome,loja,store;point_of_interest;establishment,5,30,OPERATIONAL,2026-01-30,inconclusivo,https://www.olx.com.br/perfil/george-80f9371b,,+55 85 98744-0676,https://maps.google.com/?cid=6553481698076675700&g_mp=CiVnb29nbGUubWFwcy5wbGFjZXMudjEuUGxhY2VzLkdldFBsYWNlEAIYBCAA,2026-09-01,,,,,
ChIJu_Xu7PpLxwcRc40wGJaXD_0,Game House SK,"R. Lindomar Castilho - Parque Soledade, Caucaia - CE, 61690, Brazil",Fortaleza,busca_automatica,nome,outro,point_of_interest;association_or_organization;establishment,5,2,OPERATIONAL,2025-07-18,inconclusivo,,,+55 11 91647-5580,https://maps.google.com/?cid=18234960087153151347&g_mp=CiVnb29nbGUubWFwcy5wbGFjZXMudjEuUGxhY2VzLkdldFBsYWNlEAIYBCAA,2026-09-01,,,,,
ChIJqYAh1TNGxwcRmyIPj0gMwpE,Game Station | Shopping RioMar Fortaleza,"R. Des. Lauro Nogueira, 1500 - Papicu, Fortaleza - CE, 60176-065, Brazil",Fortaleza,busca_automatica,nome,outro,amusement_park;shopping_mall;point_of_interest;establishment,4.4,2164,OPERATIONAL,2026-07-03,sim,https://www.gamestation.com.br/riomar-fortaleza.php,,+55 85 3234-7835,https://maps.google.com/?cid=10502970786758730395&g_mp=CiVnb29nbGUubWFwcy5wbGFjZXMudjEuUGxhY2VzLkdldFBsYWNlEAIYBCAA,2026-09-01,,,,,
ChIJf7M23upJxwcR2zCGv181EBs,Game mania,"Shopping Center Um - Av. Santos Dumont, 3130 - Lj 236 - Aldeota, Fortaleza - CE, 60150-162, Brazil",Fortaleza,busca_automatica,nome,loja,point_of_interest;store;establishment,4.4,64,OPERATIONAL,,inconclusivo,https://vempragamemania.blog/index.php,,+55 85 99234-2933,https://maps.google.com/?cid=1950117324002832603&g_mp=CiVnb29nbGUubWFwcy5wbGFjZXMudjEuUGxhY2VzLkdldFBsYWNlEAIYBCAA,2026-09-16,,,,,
ChIJsTy8gUxLxwcRCKRfkhIP8zM,Games bar,"R. Coelho Neto, 1767 - Barra do Ceará, Fortaleza - CE, 60336-210, Brazil",Fortaleza,busca_automatica,nome,alimentos_bebidas,bar;point_of_interest;establishment,5,4,OPERATIONAL,2022-04-12,inconclusivo,,,+55 85 98881-5849,https://maps.google.com/?cid=3743352287714583560&g_mp=CiVnb29nbGUubWFwcy5wbGFjZXMudjEuUGxhY2VzLkdldFBsYWNlEAIYBCAA,2026-09-01,,,,,
ChIJ9QktIwBLxwcRxh5o-yafmc4,Geek Barra,"Av. Mozart Pinheiro de Lucena, 1460 - de Pinheiro, Fortaleza - CE, 60347-452, Brazil",Fortaleza,busca_automatica,nome,alimentos_bebidas,hamburger_restaurant;american_restaurant;restaurant;food;point_of_interest;establishment,4.9,134,OPERATIONAL,2026-08-04,sim,,,,https://maps.google.com/?cid=14887105033025363654&g_mp=CiVnb29nbGUubWFwcy5wbGFjZXMudjEuUGxhY2VzLkdldFBsYWNlEAIYBCAA,2026-09-01,,,,,
ChIJIXxKE9ZJxwcRJJN63tNslYg,Geek Bunker Burger (Parquelândia),"Av. Jovita Feitosa, 2802 - Parquelândia, Fortaleza - CE, 60455-410, Brazil",Fortaleza,busca_automatica,nome,alimentos_bebidas,hamburger_restaurant;american_restaurant;restaurant;food;point_of_interest;establishment,4.8,3224,OPERATIONAL,2026-07-22,sim,,,+55 85 99437-6332,https://maps.google.com/?cid=9841892217914561316&g_mp=CiVnb29nbGUubWFwcy5wbGFjZXMudjEuUGxhY2VzLkdldFBsYWNlEAIYBCAA,2026-09-01,,,,,
ChIJtVrjGWdNxwcRpE1jKUW2pyw,Hack Cards&Games,"Praça Loteamento Mãe Rainha Pacatuba - Monguba, Pacatuba - CE, 61814-901, Brazil",Fortaleza,busca_automatica,nome,loja,store;point_of_interest;establishment,4.4,10,OPERATIONAL,,inconclusivo,,,+55 85 98788-8508,https://maps.google.com/?cid=3217740866942881188&g_mp=CiVnb29nbGUubWFwcy5wbGFjZXMudjEuUGxhY2VzLkdldFBsYWNlEAIYBCAA,2026-09-16,,,,,
ChIJrwA8RSpMxwcRgAAzTLpu0fo,Impacto Game Store,"Av. Benjamim Brasil, 1685 - Sl 34 - Maraponga, Fortaleza - CE, 60711-442, Brazil",Fortaleza,busca_automatica,nome,loja,store;point_of_interest;establishment,5,284,OPERATIONAL,,inconclusivo,,,+55 85 98538-5834,https://maps.google.com/?cid=18073348526035894400&g_mp=CiVnb29nbGUubWFwcy5wbGFjZXMudjEuUGxhY2VzLkdldFBsYWNlEAIYBCAA,2026-09-16,,,,,
ChIJm9__7XBNxwcRKXldb7eugVw,"InfoRed distribuidora de produtos de informática, atacadista de produtos gamer e fornecedor de eletrônicos","R. Dom Aureliano, 1290 - Siqueira, Fortaleza - CE, 60732-200, Brazil",Fortaleza,busca_automatica,nome,loja,electronics_store;wholesaler;store;point_of_interest;service;establishment,4.7,300,OPERATIONAL,,inconclusivo,http://inforedinformatica.com.br/,,+55 85 98210-2727,https://maps.google.com/?cid=6665801026355689769&g_mp=CiVnb29nbGUubWFwcy5wbGFjZXMudjEuUGxhY2VzLkdldFBsYWNlEAIYBCAA,2026-09-16,,,,,
ChIJpd6kO-xIxwcRDV3Ucwnw_oc,JRGAMES,"Iguatemi - Aldeota, Fortaleza - CE, 60811-341, Brazil",Fortaleza,busca_automatica,nome,loja,store;point_of_interest;establishment,4.4,180,OPERATIONAL,,inconclusivo,http://www.jrgames.com.br/,,+55 85 3047-8283,https://maps.google.com/?cid=9799533762593447181&g_mp=CiVnb29nbGUubWFwcy5wbGFjZXMudjEuUGxhY2VzLkdldFBsYWNlEAIYBCAA,2026-09-16,,,,,
ChIJlTAVLhZJxwcRCuaHGtXrDcs,Kingmaker Boardgames,"R. Sen. Pompeu, 2920 - Benfica, Fortaleza - CE, 60025-002, Brazil",Fortaleza,busca_automatica,nome,outro,point_of_interest;association_or_organization;establishment,,0,OPERATIONAL,,inconclusivo,,,+55 85 99809-5826,https://maps.google.com/?cid=14631610064902284810&g_mp=CiVnb29nbGUubWFwcy5wbGFjZXMudjEuUGxhY2VzLkdldFBsYWNlEAIYBCAA,2026-09-01,,,,,
ChIJ4ZrqWABNxwcRZpkHkF2e_tE,Loc Fest - Locação de brinquedos,"Rua Ribeiro Júnior, 229 - Jóquei Clube, Fortaleza - CE, 60520-020, Brazil",Fortaleza,busca_automatica,nome,outro,point_of_interest;establishment,5,22,OPERATIONAL,2025-09-30,inconclusivo,https://www.instagram.com/locfestlocacaodebrinquedos?igsh=aWN3a3Vycnpxbm9q,locfestlocacaodebrinquedos,+55 85 98762-5345,https://maps.google.com/?cid=15131705922697009510&g_mp=CiVnb29nbGUubWFwcy5wbGFjZXMudjEuUGxhY2VzLkdldFBsYWNlEAIYBCAA,2026-09-01,,,,,
ChIJ__-_Hu1PxwcRP9BFqxzYghQ,"Loucos por Games - Messejana - PS4, PS5, Xbox, Nintendo, PC Gamer, Assistência Técnica Videogames e Pc Gamer.","Av. Frei Cirilo, 3840 - Loja 38 - Messejana, Fortaleza - CE, 60840-285, Brazil",Fortaleza,busca_automatica,nome,loja,point_of_interest;store;establishment,4.6,339,OPERATIONAL,,inconclusivo,https://wa.me/5585999320133,,+55 85 99932-0133,https://maps.google.com/?cid=1477981245375107135&g_mp=CiVnb29nbGUubWFwcy5wbGFjZXMudjEuUGxhY2VzLkdldFBsYWNlEAIYBCAA,2026-09-16,,,,,
ChIJZaPxBvRJxwcRZDfjrzdCKc8,"Loucos por Games - North Shopping Bezerra - PS4, PS5, Xbox, Nintendo, PC Gamer, Assistência Técnica Videogames e Pc Gamer.","Av. Bezerra de Menezes, 450 - Lj 245 - São Gerardo, Fortaleza - CE, 60325-902, Brazil",Fortaleza,busca_automatica,nome,loja,point_of_interest;store;establishment,4.9,298,OPERATIONAL,,inconclusivo,https://wa.me/5585997875707,,+55 85 99787-5707,https://maps.google.com/?cid=14927535246837757796&g_mp=CiVnb29nbGUubWFwcy5wbGFjZXMudjEuUGxhY2VzLkdldFBsYWNlEAIYBCAA,2026-09-16,,,,,
ChIJhz6MIwtNxwcRmCh0D8IgkVM,"Loucos por Games - North Shopping Joquei - PS4, PS5, Xbox, Nintendo, PC Gamer, Assistência Técnica Videogames e Pc Gamer.","Av. Lineu Machado, 419 - Lj 2078 - Jóquei, Fortaleza - CE, 60520-102, Brazil",Fortaleza,busca_automatica,nome,loja,electronics_store;store;point_of_interest;establishment,4.7,348,OPERATIONAL,,inconclusivo,https://wa.me/5585987621965,,+55 85 98762-1965,https://maps.google.com/?cid=6021630194626078872&g_mp=CiVnb29nbGUubWFwcy5wbGFjZXMudjEuUGxhY2VzLkdldFBsYWNlEAIYBCAA,2026-09-16,,,,,
ChIJ0y9ONzVJxwcRuceoosBZVJE,"Loucos por Games - Riomar Kennedy - PS4, PS5, Xbox, Nintendo, PC Gamer, Assistência Técnica Videogames e Pc Gamer.","2º Piso - Av. Srg. Hermínio Sampaio, 3100 - Lj 2113B - Presidente Kennedy, Fortaleza - CE, 60355-512, Brazil",Fortaleza,busca_automatica,nome,loja,electronics_store;point_of_interest;store;establishment,4.9,435,OPERATIONAL,,inconclusivo,https://wa.me/5585999423207,,+55 85 99942-3207,https://maps.google.com/?cid=10472093717440808889&g_mp=CiVnb29nbGUubWFwcy5wbGFjZXMudjEuUGxhY2VzLkdldFBsYWNlEAIYBCAA,2026-09-16,,,,,
ChIJf8ySSKpHxwcR0Vki78LwTtM,"Loucos por Games - Via Sul Shopping -PS4, PS5, Xbox, Nintendo, PC Gamer, Assistência Técnica Videogames e Pc Gamer.","Av. Washington Soares, 335 - Lj 313 - Sapiranga-Coité, Fortaleza - CE, 60833-005, Brazil",Fortaleza,busca_automatica,nome,loja,store;point_of_interest;establishment,4.8,98,OPERATIONAL,,inconclusivo,https://wa.me/5585988936336,,+55 85 98893-6336,https://maps.google.com/?cid=15226372110212553169&g_mp=CiVnb29nbGUubWFwcy5wbGFjZXMudjEuUGxhY2VzLkdldFBsYWNlEAIYBCAA,2026-09-16,,,,,
ChIJs03GzbBPxwcRoVDXbnq6vJs,Nerds a Bordo,"Maraponga, Fortaleza - Ceará, 60712-165, Brazil",Fortaleza,busca_automatica,nome,loja,store;point_of_interest;establishment,5,6,OPERATIONAL,2024-03-02,inconclusivo,https://nerdsabordo.acervodejogos.com.br/,,,https://maps.google.com/?cid=11222049406508814497&g_mp=CiVnb29nbGUubWFwcy5wbGFjZXMudjEuUGxhY2VzLkdldFBsYWNlEAIYBCAA,2026-09-01,,,,,
ChIJN1CQUH5JxwcR5RJbouX65_Y,Poppe Games | Loja de Videogames e Artigos de Jogos,"Av. Bezerra de Menezes, 2510 - Lj 10 - São Gerardo, Fortaleza - CE, 60325-902, Brazil",Fortaleza,busca_automatica,nome,loja,toy_store;store;point_of_interest;establishment,4.1,178,OPERATIONAL,,inconclusivo,https://www.northshoppingfortaleza.com.br/,,+55 85 98719-5642,https://maps.google.com/?cid=17791464717128766181&g_mp=CiVnb29nbGUubWFwcy5wbGFjZXMudjEuUGxhY2VzLkdldFBsYWNlEAIYBCAA,2026-09-16,,,,,
ChIJQ16a-_RFxwcRHvNLAXXnKHo,Power Games FILIAL - W.Soares,"Av. Washington Soares, 3000 - Loja 41 - Engenheiro Luciano Cavalcante, Fortaleza - CE, 60811-341, Brazil",Fortaleza,busca_automatica,nome,loja,store;point_of_interest;establishment,5,905,OPERATIONAL,,inconclusivo,,,+55 85 3273-6828,https://maps.google.com/?cid=8802539961414578974&g_mp=CiVnb29nbGUubWFwcy5wbGFjZXMudjEuUGxhY2VzLkdldFBsYWNlEAIYBCAA,2026-09-16,,,,,
ChIJvw-FWIlFxwcRSDuLMm65KxI,Power Games Matriz,"R. Dr. Gilberto Studart, 155 - Lj 26 - Cocó, Fortaleza - CE, 60190-750, Brazil",Fortaleza,busca_automatica,nome,loja,point_of_interest;store;establishment,4.9,999,OPERATIONAL,,inconclusivo,,,+55 85 98858-9832,https://maps.google.com/?cid=1309343999626787656&g_mp=CiVnb29nbGUubWFwcy5wbGFjZXMudjEuUGxhY2VzLkdldFBsYWNlEAIYBCAA,2026-09-16,,,,,
ChIJy9s6rA1JxwcR2ZFE4y9mcpU,R.v brinquedos,"R. Carlos Câmara, 1739 - Jardim América, Fortaleza - CE, 60040-531, Brazil",Fortaleza,busca_automatica,nome,outro,point_of_interest;establishment,,0,OPERATIONAL,,inconclusivo,,,,https://maps.google.com/?cid=10768782014858695129&g_mp=CiVnb29nbGUubWFwcy5wbGFjZXMudjEuUGxhY2VzLkdldFBsYWNlEAIYBCAA,2026-09-01,,,,,
ChIJTwniujxHxwcR5sSBECd-9dU,RPG A Queda de Agatha,"Lugaar Nenhum - De Lourdes, Fortaleza - CE, 60177-240, Brazil",Fortaleza,busca_automatica,nome,loja,store;point_of_interest;establishment,5,2,OPERATIONAL,,inconclusivo,,,+55 88 98139-3182,https://maps.google.com/?cid=15417367605618525414&g_mp=CiVnb29nbGUubWFwcy5wbGFjZXMudjEuUGxhY2VzLkdldFBsYWNlEAIYBCAA,2026-09-16,,,,,
ChIJg8nBQmtJxwcRNmLMketFjys,Redzone Cards e Games,"Av. Edilson Brasil Soares, 770 - Segundo piso, Sala 3 - Edson Queiroz, Fortaleza - CE, 60821-775, Brazil",Fortaleza,busca_automatica,nome+avaliacao,loja,toy_store;store;point_of_interest;establishment,4.6,145,OPERATIONAL,2021-08-15,inconclusivo,,,+55 85 3085-2577,https://maps.google.com/?cid=3138804343366246966&g_mp=CiVnb29nbGUubWFwcy5wbGFjZXMudjEuUGxhY2VzLkdldFBsYWNlEAIYBCAA,2026-09-01,,,,,
ChIJs8NH6jtPxwcRYsvQ8e4vGiI,Sentinela Boardgames,"Rua das Gaivotas, 180 - Jardim das Oliveiras, Fortaleza - CE, 60821-160, Brazil",Fortaleza,busca_automatica,nome,outro,association_or_organization;point_of_interest;establishment,,0,OPERATIONAL,,inconclusivo,,,+55 85 98959-0197,https://maps.google.com/?cid=2457329249989741410&g_mp=CiVnb29nbGUubWFwcy5wbGFjZXMudjEuUGxhY2VzLkdldFBsYWNlEAIYBCAA,2026-09-01,,,,,
ChIJnxsnImNIxwcRr4T3wONrZIA,Shark Games,"Quiosque 11 - Shopping Aldeota - - Avenida Dom Luís, 500 - Aldeota, Fortaleza - CE, 60160-230, Brazil",Fortaleza,busca_automatica,nome,loja,store;point_of_interest;establishment,3.8,33,OPERATIONAL,,inconclusivo,,,+55 85 99997-4641,https://maps.google.com/?cid=9251638160465036463&g_mp=CiVnb29nbGUubWFwcy5wbGFjZXMudjEuUGxhY2VzLkdldFBsYWNlEAIYBCAA,2026-09-16,,,,,
ChIJvSrPaZ5JxwcRKAsZMUurQhA,Shark Games,"R. Padre Anchieta, 1295 - Monte Castelo, Fortaleza - CE, 60325-520, Brazil",Fortaleza,busca_automatica,nome,loja,toy_store;store;service;point_of_interest;establishment,4.5,226,OPERATIONAL,,inconclusivo,,,+55 85 3281-1405,https://maps.google.com/?cid=1171687192504372008&g_mp=CiVnb29nbGUubWFwcy5wbGFjZXMudjEuUGxhY2VzLkdldFBsYWNlEAIYBCAA,2026-09-16,,,,,
ChIJDzdBh7JJxwcRrLtzKCo6J4Y,Smart Games,"R. Sen. Pompeu, 1099 - Centro, Fortaleza - CE, 60025-000, Brazil",Fortaleza,busca_automatica,nome,loja,store;point_of_interest;establishment,4.9,3821,OPERATIONAL,2026-02-10,inconclusivo,https://www.lojasmartgames.com.br/,,+55 85 98543-3076,https://maps.google.com/?cid=9666759077915769772&g_mp=CiVnb29nbGUubWFwcy5wbGFjZXMudjEuUGxhY2VzLkdldFBsYWNlEAIYBCAA,2026-09-01,,,,,
ChIJ224aM91JxwcRE9nLHao0irc,SpellCard,"Av. João Pessoa, 5834 - Lj 14 - Couto Fernandes, Fortaleza - CE, 60442-057, Brazil",Fortaleza,busca_automatica,nome,loja,store;point_of_interest;establishment,4.7,21,OPERATIONAL,,inconclusivo,https://www.spellcard.com.br/,,,https://maps.google.com/?cid=13225441160975866131&g_mp=CiVnb29nbGUubWFwcy5wbGFjZXMudjEuUGxhY2VzLkdldFBsYWNlEAIYBCAA,2026-09-16,,,,,
ChIJs9icn11JxwcR2ZrJkI7U5NY,Studio Games,"Av. Washington Soares, 85 - Edson Queiroz, Fortaleza - CE, 60811-341, Brazil",Fortaleza,busca_automatica,nome,loja,event_venue;electronics_store;sports_club;association_or_organization;point_of_interest;store;establishment,4.5,833,OPERATIONAL,,inconclusivo,https://studiogames.net.br/,,+55 85 99691-7942,https://maps.google.com/?cid=15484735127586183897&g_mp=CiVnb29nbGUubWFwcy5wbGFjZXMudjEuUGxhY2VzLkdldFBsYWNlEAIYBCAA,2026-09-16,,,,,
ChIJ541nyd1JxwcRNzn2zaGyLWI,Up Serviços E Games,"Av. Padre José Holanda do Vale, 1590 - Piratininga, Maracanaú - CE, 61905-292, Brazil",Fortaleza,busca_automatica,nome,loja,store;point_of_interest;establishment,3.7,46,OPERATIONAL,2025-12-30,inconclusivo,https://www.instagram.com/up_servicos_games?igsh=M2hibndlcDR6cjMz,up_servicos_games,+55 85 99828-9893,https://maps.google.com/?cid=7074506997683861815&g_mp=CiVnb29nbGUubWFwcy5wbGFjZXMudjEuUGxhY2VzLkdldFBsYWNlEAIYBCAA,2026-09-01,,,,,
ChIJnaxY_-VJxwcRIFqOxIx5a74,jogo iracema,"2828 - jj, Fortaleza - CE, 60025-060, Brazil",Fortaleza,busca_automatica,nome,outro,point_of_interest;association_or_organization;establishment,,0,OPERATIONAL,,inconclusivo,,,+55 85 98149-6531,https://maps.google.com/?cid=13721194335214393888&g_mp=CiVnb29nbGUubWFwcy5wbGFjZXMudjEuUGxhY2VzLkdldFBsYWNlEAIYBCAA,2026-09-01,,,,,
ChIJTauec15bxwcRgonUqiXj7JE,Jogai tabuleiria - Jogos de tabuleiro,"R. Ceará - Lot. Recanto do Eusébio, Eusébio - CE, 61777-288, Brazil",Fortaleza;João Pessoa,busca_automatica,nome+avaliacao,loja,store;point_of_interest;establishment,5,1,OPERATIONAL,2024-04-01,inconclusivo,https://www.instagram.com/jogaitabuleiria/,jogaitabuleiria,+55 85 99643-5583,https://maps.google.com/?cid=10515028980922616194&g_mp=CiVnb29nbGUubWFwcy5wbGFjZXMudjEuUGxhY2VzLkdldFBsYWNlEAIYBCAA,2026-09-01,,,,,
ChIJLR49WfHxXpMRrSDkf1ExRR4,Bacon Arcano,"R. 84, 604 - Mezanino 1 - St. Sul, Goiânia - GO, 74080-410, Brazil",Goiânia,busca_automatica,avaliacao,outro,point_of_interest;association_or_organization;establishment,5,25,OPERATIONAL,2026-07-31,sim,https://www.baconarcano.com/,,+55 62 99116-8530,https://maps.google.com/?cid=2181203820638642349&g_mp=CiVnb29nbGUubWFwcy5wbGFjZXMudjEuUGxhY2VzLkdldFBsYWNlEAIYBCAA,2026-09-01,,,,,
ChIJvT1MC_L2XpMRCR2DAPE81YM,Bilhar Cidade,"R. Dinamarca, 701 - Qd 97 Lt 32 - Jardim Europa, Goiânia - GO, 74330-050, Brazil",Goiânia,busca_automatica,avaliacao,loja,sports_complex;event_venue;sporting_goods_store;sports_activity_location;point_of_interest;store;establishment,4.4,109,OPERATIONAL,2022-01-21,inconclusivo,https://www.bilharcidade.com.br/,,+55 62 3287-5588,https://maps.google.com/?cid=9499565994801306889&g_mp=CiVnb29nbGUubWFwcy5wbGFjZXMudjEuUGxhY2VzLkdldFBsYWNlEAIYBCAA,2026-09-01,,,,,
ChIJzfCiDjLxXpMR1ssGD0_sMw4,Board Game Barato - Jogos de Tabuleiro,"Edif. Lourenço Office - Av. T-7, º 371 - sala 1102 - Goiânia, GO, 74140-110, Brazil",Goiânia,busca_automatica,nome,loja,point_of_interest;store;establishment,4.3,6,OPERATIONAL,2026-07-21,sim,https://www.boardgamebarato.com.br/,,+55 62 98115-2157,https://maps.google.com/?cid=1023421364641909718&g_mp=CiVnb29nbGUubWFwcy5wbGFjZXMudjEuUGxhY2VzLkdldFBsYWNlEAIYBCAA,2026-09-01,,,,,
ChIJr6qqsmnxXpMRferkB7-_NP8,Cine Games,"Cine Games - R. 18, 155 - St. Oeste, Goiânia - GO, 74120-080, Brazil",Goiânia,busca_automatica,nome,loja,point_of_interest;store;establishment,3.9,96,OPERATIONAL,,inconclusivo,,,+55 62 3215-5615,https://maps.google.com/?cid=18389534005652679293&g_mp=CiVnb29nbGUubWFwcy5wbGFjZXMudjEuUGxhY2VzLkdldFBsYWNlEAIYBCAA,2026-09-16,,,,,
ChIJ-fG3ziHxXpMR2l4W06mI1Vk,Cirandê Club - Brinquedoteca e Festas Infantis - Piso G1 Goiânia Shopping,"Av. T-10, 1300 Piso G1, Cirandê Club - Shopping, Goiânia - GO, 74223-060, Brazil",Goiânia,busca_automatica,nome,loja,home_goods_store;store;point_of_interest;service;establishment,4.9,161,OPERATIONAL,2026-06-15,sim,https://club.cirande.com.br/festas,,+55 62 99578-2301,https://maps.google.com/?cid=6473230302387265242&g_mp=CiVnb29nbGUubWFwcy5wbGFjZXMudjEuUGxhY2VzLkdldFBsYWNlEAIYBCAA,2026-09-01,,,,,
ChIJDTeCBpPzXpMRVZqZdNeockg,Domus Board Games - Aluguel de jogos de tabuleiro,"Rua L11, Residencial alegria, 100 - Feliz, Goiânia - GO, 74703-110, Brazil",Goiânia,busca_automatica,nome,outro,association_or_organization;point_of_interest;establishment,5,13,OPERATIONAL,2026-07-01,sim,http://www.domusbg.com.br/,,+55 62 99337-4413,https://maps.google.com/?cid=5220420561403484757&g_mp=CiVnb29nbGUubWFwcy5wbGFjZXMudjEuUGxhY2VzLkdldFBsYWNlEAIYBCAA,2026-09-01,,,,,
ChIJHSp7iEfxXpMRVtA99lT7tUk,Eduque Brinquedos,"R. 83, 55 - St. Sul, Goiânia - GO, 74083-195, Brazil",Goiânia,busca_automatica,nome+avaliacao,loja,toy_store;store;point_of_interest;establishment,5,100,OPERATIONAL,2025-02-07,inconclusivo,,,+55 62 3212-3802,https://maps.google.com/?cid=5311427677880438870&g_mp=CiVnb29nbGUubWFwcy5wbGFjZXMudjEuUGxhY2VzLkdldFBsYWNlEAIYBCAA,2026-09-01,,,,,
ChIJzy5cbGL1XpMRFoZpuRA5QII,Faturando com rpg,"R. Cláudio da Costa - Goiânia, GO, 74423-420, Brazil",Goiânia,busca_automatica,nome,loja,store;point_of_interest;establishment,,0,OPERATIONAL,,inconclusivo,,,+55 62 99547-5774,https://maps.google.com/?cid=9385564367433074198&g_mp=CiVnb29nbGUubWFwcy5wbGFjZXMudjEuUGxhY2VzLkdldFBsYWNlEAIYBCAA,2026-09-16,,,,,
ChIJ28YWgrb1XpMRMv6SpzX6y9s,Fire games,"Mega lojas Stand E1034/C1033 - Av. Anhanguera, quadra 83A - Campinas, Goiânia - GO, 74503-100, Brazil",Goiânia,busca_automatica,nome,loja,store;point_of_interest;establishment,4.9,314,OPERATIONAL,,inconclusivo,https://instagram.com/fiiregames?igshid=MzRlODBiNWFlZA==,fiiregames,+55 62 98319-5760,https://maps.google.com/?cid=15838027622930120242&g_mp=CiVnb29nbGUubWFwcy5wbGFjZXMudjEuUGxhY2VzLkdldFBsYWNlEAIYBCAA,2026-09-16,,,,,
ChIJVa4pFt7zXpMRsc2v1w_5XYc,GamerSurvivall,"Rua Colonia, Qd. 240A, Lt. 7, S/N - Novo Mundo, Goiânia - GO, 74713-200, Brazil",Goiânia,busca_automatica,nome,outro,association_or_organization;point_of_interest;establishment,,0,OPERATIONAL,,inconclusivo,https://sites.google.com/view/gs-gamersurvivall/gamersurvivall,,+55 62 98232-1255,https://maps.google.com/?cid=9754226214392810929&g_mp=CiVnb29nbGUubWFwcy5wbGFjZXMudjEuUGxhY2VzLkdldFBsYWNlEAIYBCAA,2026-09-16,,,,,
ChIJQa_8W7f3XpMR16MqXb3u21Q,Garagem Board Game,"Av. da Liberdade - St. Garavelo B, Goiânia - GO, 74354-060, Brazil",Goiânia,busca_automatica,nome,outro,point_of_interest;association_or_organization;establishment,,0,OPERATIONAL,,inconclusivo,https://garagemboardgame.com.br/,,+55 62 99126-1128,https://maps.google.com/?cid=6114743416164885463&g_mp=CiVnb29nbGUubWFwcy5wbGFjZXMudjEuUGxhY2VzLkdldFBsYWNlEAIYBCAA,2026-09-16,,,,,
ChIJq6rqcQf0XpMRvbIPAPinCfU,Guerra Games,"Av Anhanguera 8044, 74523-605 camelódromo de campinas 1 , Stand 128 e 129 - Coimbra, Goiânia - GO, 74523-605, Brazil",Goiânia,busca_automatica,nome,loja,store;point_of_interest;establishment,4.7,215,OPERATIONAL,,inconclusivo,https://links.guerragames.com.br/,,+55 62 99315-6585,https://maps.google.com/?cid=17656828497677497021&g_mp=CiVnb29nbGUubWFwcy5wbGFjZXMudjEuUGxhY2VzLkdldFBsYWNlEAIYBCAA,2026-09-16,,,,,
ChIJ3_UG5sHxXpMRSp0s6aJUNZs,Guilda Dos Jogos - Jogos de Tabuleiro,"Av. T-7, 302 - St. Oeste, Goiânia - GO, 74140-110, Brazil",Goiânia,busca_automatica,nome+avaliacao,loja,point_of_interest;store;establishment,4.9,51,OPERATIONAL,2026-05-24,sim,https://www.guildadosjogos.com.br/,,+55 62 99905-8100,https://maps.google.com/?cid=11183938308317945162&g_mp=CiVnb29nbGUubWFwcy5wbGFjZXMudjEuUGxhY2VzLkdldFBsYWNlEAIYBCAA,2026-09-01,,,,,
ChIJz8V7Ga3zXpMRP5m_dQimpZY,Loja Life Games,"R. 24, 802 - St. Central, Goiânia - GO, 74030-060, Brazil",Goiânia,busca_automatica,nome,loja,store;point_of_interest;establishment,4.9,815,OPERATIONAL,,inconclusivo,https://www.instagram.com/lojalifegames/,lojalifegames,+55 62 93594-8691,https://maps.google.com/?cid=10855265032111888703&g_mp=CiVnb29nbGUubWFwcy5wbGFjZXMudjEuUGxhY2VzLkdldFBsYWNlEAIYBCAA,2026-09-16,,,,,
ChIJj9-M-7L1XpMR7EXrwZ8hQoY,LudoNorte - Jogos de Tabuleiro,"Condomínio Alto da Boa Vista - Ac. 5 - St. Vila João Vaz, Goiânia - GO, 74445-500, Brazil",Goiânia,busca_automatica,nome+avaliacao,loja,association_or_organization;store;point_of_interest;establishment,5,36,OPERATIONAL,2025-01-16,inconclusivo,https://www.ludonorte.com.br/,,+55 62 99964-3283,https://maps.google.com/?cid=9674331919582184940&g_mp=CiVnb29nbGUubWFwcy5wbGFjZXMudjEuUGxhY2VzLkdldFBsYWNlEAIYBCAA,2026-09-01,,,,,
ChIJoYv18631XpMRRuQ1YPAdNho,Ludoteca Club,"Av. Maria Pestana, Qd 1 - Lt 13 - Goiânia, GO, 74595-331, Brazil",Goiânia,busca_automatica,nome,loja,association_or_organization;store;point_of_interest;establishment,,0,OPERATIONAL,,inconclusivo,https://ludotecaclub.lends.com.br/,,+55 62 99308-7264,https://maps.google.com/?cid=1888730011972002886&g_mp=CiVnb29nbGUubWFwcy5wbGFjZXMudjEuUGxhY2VzLkdldFBsYWNlEAIYBCAA,2026-09-01,,,,,
ChIJXXKw4GLxXpMRKvxFi_qgAFw,MARIO GAMES,"Av. Assis Chateaubriand, 365 - St. Oeste, Goiânia - GO, 74130-010, Brazil",Goiânia,busca_automatica,nome,loja,toy_store;store;point_of_interest;establishment,4.9,1605,OPERATIONAL,,inconclusivo,,,+55 62 99263-4710,https://maps.google.com/?cid=6629475649428257834&g_mp=CiVnb29nbGUubWFwcy5wbGFjZXMudjEuUGxhY2VzLkdldFBsYWNlEAIYBCAA,2026-09-16,,,,,
ChIJiddkAN_zXpMRamo8ROrdmZw,Mais Uma Mesa RPG,"Rua Fn-27 - Av. Fonte Nova - Vila Finsocial, Goiânia - GO, 74594-023, Brazil",Goiânia,busca_automatica,nome,loja,point_of_interest;store;establishment,4.8,6,OPERATIONAL,,inconclusivo,https://www.instagram.com/maisumamesarpg/,maisumamesarpg,+55 62 98176-5052,https://maps.google.com/?cid=11284294339590384234&g_mp=CiVnb29nbGUubWFwcy5wbGFjZXMudjEuUGxhY2VzLkdldFBsYWNlEAIYBCAA,2026-09-16,,,,,
ChIJk7mYt4TxXpMRbJ00zDYXB5E,Melhor Quintal - Brinquedoteca e Espaço Infantil,"Rua 1141, qd 246 - Lt 46 - St. Marista, Goiânia - GO, 74180-081, Brazil",Goiânia,busca_automatica,nome,outro,point_of_interest;establishment,4.7,51,OPERATIONAL,2026-07-03,sim,https://melhorquintal.com.br/,,+55 62 99917-1515,https://maps.google.com/?cid=10450346984458198380&g_mp=CiVnb29nbGUubWFwcy5wbGFjZXMudjEuUGxhY2VzLkdldFBsYWNlEAIYBCAA,2026-09-01,,,,,
ChIJXVVVLTnxXpMRByNuMFiFypM,Mundo Girafa Brinquedos,"Av. Castelo Branco, 633 - R26 - St. Bueno, Goiânia - GO, 74210-185, Brazil",Goiânia,busca_automatica,nome,loja,toy_store;indoor_playground;playground;point_of_interest;store;manufacturer;establishment,4.5,39,OPERATIONAL,2026-01-29,inconclusivo,https://www.mundogirafa.com.br/,,+55 62 99983-7015,https://maps.google.com/?cid=10649470882687099655&g_mp=CiVnb29nbGUubWFwcy5wbGFjZXMudjEuUGxhY2VzLkdldFBsYWNlEAIYBCAA,2026-09-01,,,,,
ChIJp_9nKvvwXpMRHgJXGPtBPIo,Nitroxx Games,"Alameda João Elías da Silva Caldas, 474 - quadra 88a, lote 16 - St. Pedro Ludovico, Goiânia - GO, 74825-060, Brazil",Goiânia,busca_automatica,nome,alimentos_bebidas,hamburger_restaurant;banquet_hall;internet_cafe;electronics_store;event_venue;american_restaurant;restaurant;food;store;point_of_interest;service;establishment,4.8,525,OPERATIONAL,,inconclusivo,https://nitroxxgames.com.br/,,+55 62 3954-8168,https://maps.google.com/?cid=9960909022537646622&g_mp=CiVnb29nbGUubWFwcy5wbGFjZXMudjEuUGxhY2VzLkdldFBsYWNlEAIYBCAA,2026-09-16,,,,,
ChIJIWtBxwf0XpMRr8gIsppriLg,Planet games,"Av. São Paulo, 867 - St. Campinas, Goiânia - GO, 74510-030, Brazil",Goiânia,busca_automatica,nome,loja,cell_phone_store;electronics_store;store;point_of_interest;establishment,5,4096,OPERATIONAL,,inconclusivo,https://lojaplanetgames.com/,,+55 62 98644-4542,https://maps.google.com/?cid=13296996211967445167&g_mp=CiVnb29nbGUubWFwcy5wbGFjZXMudjEuUGxhY2VzLkdldFBsYWNlEAIYBCAA,2026-09-16,,,,,
ChIJaeJg_T3xXpMRocZQEDZSdK8,Play Jogos & Brinquedos - Sinuca em Goiânia - Bilhar em Goiânia - Taco - Pinpolim - Xadrez,"Av. 85, 2064 - St. Marista, Goiânia - GO, 74160-010, Brazil",Goiânia,busca_automatica,nome,loja,store;point_of_interest;establishment,4.4,35,OPERATIONAL,2026-05-14,sim,https://bit.ly/PlayJogos,,+55 62 3223-5028,https://maps.google.com/?cid=12642820446091265697&g_mp=CiVnb29nbGUubWFwcy5wbGFjZXMudjEuUGxhY2VzLkdldFBsYWNlEAIYBCAA,2026-09-01,,,,,
ChIJRVvvBMX2XpMRiSJiRcjnVL4,Playn'joy Toyteca Brinquedos,"Av. Milão, 1808 - QD CP17 - LT 16 Loja 01 - Eldorado, Goiânia - GO, 74373-270, Brazil",Goiânia,busca_automatica,nome+avaliacao,loja,toy_store;store;point_of_interest;establishment,4.4,48,OPERATIONAL,2025-03-07,inconclusivo,,,+55 62 98115-6117,https://maps.google.com/?cid=13714841612593537673&g_mp=CiVnb29nbGUubWFwcy5wbGFjZXMudjEuUGxhY2VzLkdldFBsYWNlEAIYBCAA,2026-09-01,,,,,
ChIJ3Z1tm_j1XpMRtMNMJofeUaA,Primo Games,"Av Anhanguera 8044 - Camelódromo de Campinas, 1 - stand 221 a 223 - St. Campinas, Goiânia - GO, 74523-605, Brazil",Goiânia,busca_automatica,nome,loja,store;point_of_interest;establishment,4.7,476,OPERATIONAL,,inconclusivo,http://www.lojaprimogames.com.br/,,+55 62 3291-3560,https://maps.google.com/?cid=11552259191226549172&g_mp=CiVnb29nbGUubWFwcy5wbGFjZXMudjEuUGxhY2VzLkdldFBsYWNlEAIYBCAA,2026-09-16,,,,,
ChIJGbkGXUL3XpMRfX0hiruyMDQ,RPG Alforts,"R. Doná Gercina Borges Teixeira, qd 27 - lt 21 - Bairro Ilda, Aparecida de Goiânia - GO, 74935-610, Brazil",Goiânia,busca_automatica,nome,outro,association_or_organization;point_of_interest;establishment,,0,OPERATIONAL,,inconclusivo,,,,https://maps.google.com/?cid=3760702207400443261&g_mp=CiVnb29nbGUubWFwcy5wbGFjZXMudjEuUGxhY2VzLkdldFBsYWNlEAIYBCAA,2026-09-16,,,,,
ChIJr9taRxP3XpMRMWejEKnwePQ,Rock And Axe Geek Store,"Av. Itália, 1510 - QD 49 LT06 - Jardim Europa, Goiânia - GO, 74325-110, Brazil",Goiânia,busca_automatica,nome,loja,store;point_of_interest;establishment,5,61,OPERATIONAL,,inconclusivo,https://rockandaxegeekstore.com.br/,,+55 62 99160-5151,https://maps.google.com/?cid=17616094551378978609&g_mp=CiVnb29nbGUubWFwcy5wbGFjZXMudjEuUGxhY2VzLkdldFBsYWNlEAIYBCAA,2026-09-16,,,,,
ChIJsT8pxUPxXpMReGQSBqX-LSI,Solo Sacred Cards,"R. H-34, Qd 172 - Lt 2A - Conj. Estrela do Sul, Aparecida de Goiânia - GO, 74936-020, Brazil",Goiânia,busca_automatica,nome+avaliacao,loja,toy_store;store;point_of_interest;establishment,4.5,269,OPERATIONAL,2026-07-17,sim,https://solosagrado.com.br/,,+55 62 99688-2658,https://maps.google.com/?cid=2462904555966456952&g_mp=CiVnb29nbGUubWFwcy5wbGFjZXMudjEuUGxhY2VzLkdldFBsYWNlEAIYBCAA,2026-09-01,,,,,
ChIJveqgLrLzXpMRCdIw_IiqVBA,Storm Acessórios,"R. Quatro, 1565 - Setor Aeroporto, Goiânia - GO, 74075-050, Brazil",Goiânia,busca_automatica,avaliacao,loja,toy_store;store;point_of_interest;establishment,4.9,165,OPERATIONAL,2026-07-24,sim,http://stormacessoriosbrasil.com.br/mini-bio-instagram,,+55 62 99282-6879,https://maps.google.com/?cid=1176752907973874185&g_mp=CiVnb29nbGUubWFwcy5wbGFjZXMudjEuUGxhY2VzLkdldFBsYWNlEAIYBCAA,2026-09-01,,,,,
ChIJJ3wfdDyLXpMRmWw2LP3gJC8,Talismã Board Games,"rua 05 - Jardim Maria Helena, Goiânia - GO, 74769-778, Brazil",Goiânia,busca_automatica,nome,outro,association_or_organization;point_of_interest;establishment,,0,OPERATIONAL,,inconclusivo,https://talismabg.com.br/,,+55 62 99186-0647,https://maps.google.com/?cid=3397087396917308569&g_mp=CiVnb29nbGUubWFwcy5wbGFjZXMudjEuUGxhY2VzLkdldFBsYWNlEAIYBCAA,2026-09-01,,,,,
ChIJAUSDHR3xXpMRlqsVb58UP_4,Turno 42,"Av. 85, 1445 - St. Marista, Goiânia - GO, 74160-010, Brazil",Goiânia,busca_automatica,avaliacao,loja,point_of_interest;association_or_organization;store;establishment,4.7,9,OPERATIONAL,2024-03-12,inconclusivo,https://diggy.menu/6537d7e391f83ba9d87b5d99,,+55 64 99952-9301,https://maps.google.com/?cid=18320384484162513814&g_mp=CiVnb29nbGUubWFwcy5wbGFjZXMudjEuUGxhY2VzLkdldFBsYWNlEAIYBCAA,2026-09-01,,,,,
ChIJL4AmPTr7XpMRKeZpbdZE0QU,Xerife Board Games - Aluguel de Jogos de Tabuleiro,"R. 506 - Jardim Mont Serrat, Aparecida de Goiânia - GO, 74917-350, Brazil",Goiânia,busca_automatica,nome+avaliacao,loja,store;point_of_interest;establishment,5,7,OPERATIONAL,2025-08-31,inconclusivo,https://xerifebg.com.br/,,+55 62 99949-3485,https://maps.google.com/?cid=419191928071513641&g_mp=CiVnb29nbGUubWFwcy5wbGFjZXMudjEuUGxhY2VzLkdldFBsYWNlEAIYBCAA,2026-09-01,,,,,
ChIJ89uEICDxXpMRdaEvN0XiWK0,Paladins Game Store,"Galeria Free Shop - R. S-1, 54 - St. Bueno, Goiânia - GO, 74230-020, Brazil",Goiânia;Natal;Palmas;Recife,busca_automatica,nome+avaliacao,loja,association_or_organization;store;point_of_interest;establishment,4.7,906,OPERATIONAL,2024-09-07,inconclusivo,http://www.paladinsgames.com.br/,,+55 62 98318-5020,https://maps.google.com/?cid=12490982353418559861&g_mp=CiVnb29nbGUubWFwcy5wbGFjZXMudjEuUGxhY2VzLkdldFBsYWNlEAIYBCAA,2026-09-01,,,,,
ChIJhe2rxenDrAcRUShNxuX6jqI,3R Games,"R. Orlando Falcone de Oliveira, 1789 - Portal do Sol, João Pessoa - PB, 58046-528, Brazil",João Pessoa,busca_automatica,nome,loja,store;point_of_interest;establishment,5,1,OPERATIONAL,,inconclusivo,https://www.instagram.com/3rgamespb?igsh=amN2amFuMTIzZndl,3rgamespb,+55 83 99655-7069,https://maps.google.com/?cid=11713575545618638929&g_mp=CiVnb29nbGUubWFwcy5wbGFjZXMudjEuUGxhY2VzLkdldFBsYWNlEAIYBCAA,2026-09-16,,,,,
ChIJDQ9TzKjDrAcRRG562PfeoZM,Arena Gamer PB,"R. Etelvina Macedo de Mendonça - Torre, João Pessoa - PB, 58033-455, Brazil",João Pessoa,busca_automatica,nome,outro,point_of_interest;establishment,5,1,OPERATIONAL,2021-02-12,inconclusivo,https://arenagamerpb.ueniweb.com/?utm_campaign=gmb,,,https://maps.google.com/?cid=10638028950896012868&g_mp=CiVnb29nbGUubWFwcy5wbGFjZXMudjEuUGxhY2VzLkdldFBsYWNlEAIYBCAA,2026-09-01,,,,,
ChIJUTd2BQDprAcRRn2cH33kv2A,Atendimento 24h Vídeos e Jogos,"R. Morise de Miranda Gusmão, 980 - Cristo Redentor, João Pessoa - PB, 58070-540, Brazil",João Pessoa,busca_automatica,nome,outro,point_of_interest;association_or_organization;establishment,,0,OPERATIONAL,,inconclusivo,,,,https://maps.google.com/?cid=6971541974245211462&g_mp=CiVnb29nbGUubWFwcy5wbGFjZXMudjEuUGxhY2VzLkdldFBsYWNlEAIYBCAA,2026-09-01,,,,,
ChIJUar1aVHdrAcRxAgXQs_cG0Q,Brinquedos e Presentes - Estados,"Av. Maranhão, 109 - Estados, João Pessoa - PB, 58030-261, Brazil",João Pessoa,busca_automatica,nome,loja,toy_store;point_of_interest;store;establishment,4.3,122,OPERATIONAL,,inconclusivo,,,+55 83 3034-5050,https://maps.google.com/?cid=4907759001675434180&g_mp=CiVnb29nbGUubWFwcy5wbGFjZXMudjEuUGxhY2VzLkdldFBsYWNlEAIYBCAA,2026-09-16,,,,,
ChIJH1m6ryXdrAcRBgt4C40dxNM,Brinquedos e Presentes Tambaú,"Av. Profa. Maria Sales, 554 - Tambaú, João Pessoa - PB, 58039-130, Brazil",João Pessoa,busca_automatica,nome,loja,toy_store;store;point_of_interest;establishment,4.4,79,OPERATIONAL,,inconclusivo,,,+55 83 3034-5262,https://maps.google.com/?cid=15259353929058093830&g_mp=CiVnb29nbGUubWFwcy5wbGFjZXMudjEuUGxhY2VzLkdldFBsYWNlEAIYBCAA,2026-09-16,,,,,
ChIJvdcJ_uPdrAcRXZ6O1gwC2qM,Brinquedos e Travessuras,"R. Bacharel José de Oliveira Curchatuz, 850 - Jardim Oceania, João Pessoa - PB, 58037-432, Brazil",João Pessoa,busca_automatica,nome,loja,toy_store;point_of_interest;store;establishment,4.9,32,OPERATIONAL,2024-05-14,inconclusivo,https://meucarrinho.delivery/?fbclid=PAT01DUANZIUZleHRuA2FlbQIxMAABpyey1y2veJzAqhMlKtEFzkEy5Z2Wbwg6p8L-UMOO3-kSAGDVW337WdiDvJkO_aem_2c8gMWCbKoqASFLE-SAFHw,,+55 83 98141-4243,https://maps.google.com/?cid=11806751627267710557&g_mp=CiVnb29nbGUubWFwcy5wbGFjZXMudjEuUGxhY2VzLkdldFBsYWNlEAIYBCAA,2026-09-01,,,,,
ChIJX7Xzo1zdrAcRINbR27-sD8Q,Cayuca Brinquedos - Miramar,"Empresarial Oliver Cruz - R. Pref. José Leite, 474 - Lj 5 - Miramar, João Pessoa - PB, 58032-101, Brazil",João Pessoa,busca_automatica,nome,loja,toy_store;point_of_interest;store;establishment,5,77,OPERATIONAL,2025-02-12,inconclusivo,https://www.cayucabrinquedos.com.br/index.html,,+55 83 99665-6066,https://maps.google.com/?cid=14127700496111228448&g_mp=CiVnb29nbGUubWFwcy5wbGFjZXMudjEuUGxhY2VzLkdldFBsYWNlEAIYBCAA,2026-09-01,,,,,
ChIJYyAqHcDdrAcRkDDFCTn9gXY,Covil do Calango,"Av. Júlia Freire, 1129 - Torre, João Pessoa - PB, 58040-040, Brazil",João Pessoa,busca_automatica,avaliacao,loja,toy_store;store;point_of_interest;association_or_organization;establishment,4.6,62,OPERATIONAL,2026-06-20,sim,http://covildocalango.com.br/,,+55 83 98109-3426,https://maps.google.com/?cid=8539384789890052240&g_mp=CiVnb29nbGUubWFwcy5wbGFjZXMudjEuUGxhY2VzLkdldFBsYWNlEAIYBCAA,2026-09-01,,,,,
ChIJDYRjwm3drAcRjcIBqg6cWZM,Game Station - Shopping Manaira,"Av. Gov. Flávio Ribeiro Coutinho, 805 - Manaíra, João Pessoa - PB, 58037-900, Brazil",João Pessoa,busca_automatica,nome,loja,point_of_interest;store;establishment,4.2,901,OPERATIONAL,,inconclusivo,https://www.gamestation.com.br/index.php,,+55 83 99127-9615,https://maps.google.com/?cid=10617689183298372237&g_mp=CiVnb29nbGUubWFwcy5wbGFjZXMudjEuUGxhY2VzLkdldFBsYWNlEAIYBCAA,2026-09-16,,,,,
ChIJX_VJwpvnrAcR2CqmSSJJbdE,Gamers Electronic Shop,"Av. Beaurepaire Rohan, 66-100 - Centro, João Pessoa - PB, 58010-080, Brazil",João Pessoa,busca_automatica,nome,loja,electronics_store;store;point_of_interest;establishment,4.8,39,OPERATIONAL,,inconclusivo,http://www.instagram.com/gamerselectronicshop,gamerselectronicshop,+55 83 98782-4791,https://maps.google.com/?cid=15090798338001742552&g_mp=CiVnb29nbGUubWFwcy5wbGFjZXMudjEuUGxhY2VzLkdldFBsYWNlEAIYBCAA,2026-09-16,,,,,
ChIJB1qBHwndrAcRMAIBxvMl3aI,Garden Maker - Brinquedoteca Educativa,"Mezanino Superior Externo - no TechneMall - R. Cassimiro de Abreu, 56 - Sala 16A - Brisamar, João Pessoa - PB, 58033-330, Brazil",João Pessoa,busca_automatica,nome,outro,point_of_interest;establishment,5,7,OPERATIONAL,2026-08-13,sim,https://l.gardenmaker.com.br/gmn,,+55 83 99861-6245,https://maps.google.com/?cid=11735577932926616112&g_mp=CiVnb29nbGUubWFwcy5wbGFjZXMudjEuUGxhY2VzLkdldFBsYWNlEAIYBCAA,2026-09-01,,,,,
ChIJb0TXDUndrAcRi0y4ut782Hw,Grão-Mestre Luderia,"R. Antônio Gama, 669 - Expedicionários, João Pessoa - PB, 58041-110, Brazil",João Pessoa,busca_automatica,nome,alimentos_bebidas,association_or_organization;store;restaurant;food;point_of_interest;establishment,4.7,569,OPERATIONAL,2026-07-19,sim,http://www.instagram.com/graomestreluderia,graomestreluderia,+55 83 99301-6996,https://maps.google.com/?cid=8996218289218145419&g_mp=CiVnb29nbGUubWFwcy5wbGFjZXMudjEuUGxhY2VzLkdldFBsYWNlEAIYBCAA,2026-09-01,,,,,
ChIJewOopODnrAcRG7UA-VNlOx8,"Loja de Presentes, Brinquedos e Utilidades do Lar | Top Brasil Presentes","R. Duque de Caxias, 275 - Centro, João Pessoa - PB, 58010-820, Brazil",João Pessoa,busca_automatica,nome,loja,toy_store;furniture_store;home_improvement_store;home_goods_store;service;point_of_interest;store;establishment,4.5,1643,OPERATIONAL,,inconclusivo,https://topbrasil.meucatalogodigital.com/,,+55 83 3242-3615,https://maps.google.com/?cid=2250503850135958811&g_mp=CiVnb29nbGUubWFwcy5wbGFjZXMudjEuUGxhY2VzLkdldFBsYWNlEAIYBCAA,2026-09-16,,,,,
ChIJMwO7YgDdrAcRiYUURL8xCls,Mokuzai café e jogos,"R. Funcionário Odon Almeida, 271 - Mangabeira, João Pessoa - PB, 58058-520, Brazil",João Pessoa,busca_automatica,nome,alimentos_bebidas,coffee_shop;hamburger_restaurant;cafe;american_restaurant;restaurant;point_of_interest;association_or_organization;food_store;store;food;establishment,4.2,49,OPERATIONAL,2026-05-10,sim,https://www.instagram.com/cafe.mokuzai?igsh=MWh5cm9tMnk5OG5odw==,cafe.mokuzai,+55 83 99620-3082,https://maps.google.com/?cid=6560110504769258889&g_mp=CiVnb29nbGUubWFwcy5wbGFjZXMudjEuUGxhY2VzLkdldFBsYWNlEAIYBCAA,2026-09-01,,,,,
ChIJ6Z1Gd2zdrAcRfu8-ixl29zs,"Mundo Nerd - Cards Pokémon, Universo Geek - Loja Geek","R. Severino Nicolau de Melo, 302 - Jardim Oceania, João Pessoa - PB, 58037-700, Brazil",João Pessoa,busca_automatica,nome,loja,store;point_of_interest;establishment,4.7,42,OPERATIONAL,,inconclusivo,https://instagram.com/mundonerdjp?igshid=YmMyMTA2M2Y=,mundonerdjp,+55 83 98756-1234,https://maps.google.com/?cid=4321052219567697790&g_mp=CiVnb29nbGUubWFwcy5wbGFjZXMudjEuUGxhY2VzLkdldFBsYWNlEAIYBCAA,2026-09-16,,,,,
ChIJ85vQQj7CrAcR5VnMKrj0Vo0,Mundo da diversão Locações de Brinquedos,"Osorio Muniz Brito Brasil - Mangabeira, João Pessoa - PB, 58056-100, Brazil",João Pessoa,busca_automatica,nome,outro,point_of_interest;service;establishment,4.6,19,OPERATIONAL,2026-06-07,sim,,,+55 83 98746-2090,https://maps.google.com/?cid=10184596679174150629&g_mp=CiVnb29nbGUubWFwcy5wbGFjZXMudjEuUGxhY2VzLkdldFBsYWNlEAIYBCAA,2026-09-01,,,,,
ChIJ3aUXP2rdrAcRamOHbgvNi1U,Psi Com Jogos | Loja de Jogos Educativos,"Av. Pres. Epitácio Pessoa, 2400 - sala 1 - Estados, João Pessoa - PB, 58042-006, Brazil",João Pessoa,busca_automatica,nome,loja,store;point_of_interest;establishment,5,66,OPERATIONAL,2026-01-21,inconclusivo,https://psicomjogos.com.br/,,+55 83 99383-5425,https://maps.google.com/?cid=6164245963969356650&g_mp=CiVnb29nbGUubWFwcy5wbGFjZXMudjEuUGxhY2VzLkdldFBsYWNlEAIYBCAA,2026-09-01,,,,,
ChIJSQ7pMgDorAcR2tW4krOfXOI,Serviços Games,"604-686 - Av. Carneiro da Cunha - Torre, João Pessoa - PB, 58040-243, Brazil",João Pessoa,busca_automatica,nome,loja,electronics_store;store;point_of_interest;establishment,4.8,26,OPERATIONAL,,inconclusivo,,,+55 83 98778-3831,https://maps.google.com/?cid=16311087544038643162&g_mp=CiVnb29nbGUubWFwcy5wbGFjZXMudjEuUGxhY2VzLkdldFBsYWNlEAIYBCAA,2026-09-16,,,,,
ChIJGX48aCPdrAcRGKdjxcowZII,Super Games,"Condomínio Empresarial Kairos - Av. Sen. Ruy Carneiro, 525 - Tambaú, João Pessoa - PB, 58039-181, Brazil",João Pessoa,busca_automatica,nome,loja,store;point_of_interest;establishment,4.9,1657,OPERATIONAL,,inconclusivo,,,+55 83 98784-2556,https://maps.google.com/?cid=9395688370054866712&g_mp=CiVnb29nbGUubWFwcy5wbGFjZXMudjEuUGxhY2VzLkdldFBsYWNlEAIYBCAA,2026-09-16,,,,,
ChIJ60hdgwzdrAcR2pQumgexCZo,Super Games Pirâmide Shopping,"Av. Antônio Lira, 300 - Térreo, Loja 1 e 2 - Tambaú, João Pessoa - PB, 58039-050, Brazil",João Pessoa,busca_automatica,nome,loja,store;point_of_interest;establishment,5,267,OPERATIONAL,,inconclusivo,,,+55 83 99813-5288,https://maps.google.com/?cid=11099597402840929498&g_mp=CiVnb29nbGUubWFwcy5wbGFjZXMudjEuUGxhY2VzLkdldFBsYWNlEAIYBCAA,2026-09-16,,,,,
ChIJOUFiKVTprAcRKmexVNh5B1Q,TABERNA GAMES,"R. Clóvis Santana do Rosário - Lot. Jardim Itabaiana, João Pessoa - PB, 58071-686, Brazil",João Pessoa,busca_automatica,nome,loja,store;point_of_interest;establishment,4.9,9,OPERATIONAL,,inconclusivo,,,,https://maps.google.com/?cid=6054942194063730474&g_mp=CiVnb29nbGUubWFwcy5wbGFjZXMudjEuUGxhY2VzLkdldFBsYWNlEAIYBCAA,2026-09-16,,,,,
ChIJqQGLHGfnrAcR7cbxZrSPynE,Taverna Mestre Ogro,"R. Alfredo José Athaíde, 189 - ap106 - Alto do Céu, João Pessoa - PB, 58027-740, Brazil",João Pessoa,busca_automatica,avaliacao,alimentos_bebidas,meal_delivery;food_delivery;association_or_organization;food;point_of_interest;establishment,5,3,OPERATIONAL,2026-08-07,sim,,,+55 83 98748-8335,https://maps.google.com/?cid=8199524076565415661&g_mp=CiVnb29nbGUubWFwcy5wbGFjZXMudjEuUGxhY2VzLkdldFBsYWNlEAIYBCAA,2026-09-01,,,,,
ChIJoVvy7ALnrAcRk0TFojnHe3o,Teck Games,"R. Des. Souto Maior, 288 - Centro, João Pessoa - PB, 58013-190, Brazil",João Pessoa,busca_automatica,nome,loja,store;point_of_interest;establishment,3.8,39,OPERATIONAL,,inconclusivo,https://instagram.com/teckgames,teckgames,+55 83 98638-0471,https://maps.google.com/?cid=8825866945120519315&g_mp=CiVnb29nbGUubWFwcy5wbGFjZXMudjEuUGxhY2VzLkdldFBsYWNlEAIYBCAA,2026-09-16,,,,,
ChIJi7nmsuDnrAcRL7YqefCGlzk,Thiago & Arione Games & Assistencia Técnica,"Av. Dom Pedro II, 292 - Centro, João Pessoa - PB, 58013-420, Brazil",João Pessoa,busca_automatica,nome,loja,electronics_store;store;point_of_interest;establishment,4,142,OPERATIONAL,,inconclusivo,http://facebook.com/ThiagoArioneGames,,+55 83 3222-0487,https://maps.google.com/?cid=4149933949028316719&g_mp=CiVnb29nbGUubWFwcy5wbGFjZXMudjEuUGxhY2VzLkdldFBsYWNlEAIYBCAA,2026-09-16,,,,,
ChIJdfQn3dHdrAcREWGvHlJbjkU,Tiffy Toys - Cabo Branco - Loja de Brinquedos em João Pessoa,"Loja 2: - Av. Cairu, 222 - Loja nº 103, Akrópolis - Cabo Branco, João Pessoa - PB, 58045-100, Brazil",João Pessoa,busca_automatica,nome,loja,toy_store;store;point_of_interest;establishment,5,37,OPERATIONAL,,inconclusivo,https://www.tiffytoys.com.br/,,+55 83 98180-1036,https://maps.google.com/?cid=5012043843570196753&g_mp=CiVnb29nbGUubWFwcy5wbGFjZXMudjEuUGxhY2VzLkdldFBsYWNlEAIYBCAA,2026-09-16,,,,,
ChIJYfcfaFjCrAcRJyDjj-zjdYg,Toinho games,"R. Administrador Manoel Ângelo de Oliveira, 1 - Mangabeira VII, João Pessoa - PB, 58058-200, Brazil",João Pessoa,busca_automatica,nome,loja,store;point_of_interest;establishment,4.2,85,OPERATIONAL,,inconclusivo,,,+55 83 98773-5154,https://maps.google.com/?cid=9833015966599159847&g_mp=CiVnb29nbGUubWFwcy5wbGFjZXMudjEuUGxhY2VzLkdldFBsYWNlEAIYBCAA,2026-09-16,,,,,
ChIJvRi2jWzdrAcRjX2hXYewzPM,Turma do Jardim Brinquedoteca,"Mag Shopping - Av. Gov. Flávio Ribeiro Coutinho, 115 - Lot. Oceania II, João Pessoa - PB, 58037-000, Brazil",João Pessoa,busca_automatica,nome,outro,point_of_interest;establishment,4.7,33,OPERATIONAL,2025-09-20,inconclusivo,http://www.instagram.com/turmadojardim,turmadojardim,+55 83 3578-9970,https://maps.google.com/?cid=17567610341903400333&g_mp=CiVnb29nbGUubWFwcy5wbGFjZXMudjEuUGxhY2VzLkdldFBsYWNlEAIYBCAA,2026-09-01,,,,,
ChIJqfgNxtPCrAcROvivIK8e9DM,Vida Toys Brinquedos - Unidade Shopping Pátio Altiplano,"Shopping Altiplano - R. Poe. Targino Teixeira, 251 - Loja 51 - Piso L1 - Térreo - Altiplano Cabo Branco, João Pessoa - PB, 58046-090, Brazil",João Pessoa,busca_automatica,nome,loja,toy_store;event_venue;point_of_interest;association_or_organization;store;establishment,5,198,OPERATIONAL,2026-06-05,sim,https://www.vidatoys.com.br/,,+55 83 99113-3939,https://maps.google.com/?cid=3743650927768238138&g_mp=CiVnb29nbGUubWFwcy5wbGFjZXMudjEuUGxhY2VzLkdldFBsYWNlEAIYBCAA,2026-09-01,,,,,
ChIJg7vckuDnrAcRvUcVzd2PRLw,Vip Games,"R. Duque de Caxias, 312 - Centro, João Pessoa - PB, 58010-820, Brazil",João Pessoa,busca_automatica,nome,loja,store;point_of_interest;establishment,4,301,OPERATIONAL,,inconclusivo,,,+55 83 3221-4042,https://maps.google.com/?cid=13566126160338044861&g_mp=CiVnb29nbGUubWFwcy5wbGFjZXMudjEuUGxhY2VzLkdldFBsYWNlEAIYBCAA,2026-09-16,,,,,
ChIJb5S1-l_J9QkR2Vc6LTSknZo,Visga Jogos Aluguel de Jogos de Tabuleiro,"Praça Dom Francisco de Sousa, 126 - 154A - Santo Amaro, São Paulo - SP, 04745-050, Brazil",João Pessoa;Recife;São Paulo,busca_automatica,nome,outro,association_or_organization;point_of_interest;establishment,5,15,OPERATIONAL,2026-01-09,inconclusivo,https://www.visgajogos.com.br/,,+55 11 93123-6075,https://maps.google.com/?cid=11141241597188528089&g_mp=CiVnb29nbGUubWFwcy5wbGFjZXMudjEuUGxhY2VzLkdldFBsYWNlEAIYBCAA,2026-09-01,,,,,
ChIJnyqy8QHhYY0RIHJp_Ofb4v8,4 Fun Geek Store,"Acelino de Leão, 1503 - Buritizal, Macapá - AP, 68901-092, Brazil",Macapá,busca_automatica,nome+avaliacao,alimentos_bebidas,bar;store;point_of_interest;establishment,4.5,146,OPERATIONAL,2026-03-07,inconclusivo,https://www.meucomercio.com.br/4funstoreap,,+55 96 98117-6892,https://maps.google.com/?cid=18438541613826929184&g_mp=CiVnb29nbGUubWFwcy5wbGFjZXMudjEuUGxhY2VzLkdldFBsYWNlEAIYBCAA,2026-09-01,,,,,
ChIJR0RVu7PhYY0RHoVScsHyiNU,Arena Underground Games,"R. Gen. Rondon, 1467 - Centro, Macapá - AP, 68900-082, Brazil",Macapá,busca_automatica,nome,loja,store;point_of_interest;establishment,5,3,OPERATIONAL,2026-06-14,sim,https://arenaunderground.com.br/,,+55 96 99121-7979,https://maps.google.com/?cid=15386815039571920158&g_mp=CiVnb29nbGUubWFwcy5wbGFjZXMudjEuUGxhY2VzLkdldFBsYWNlEAIYBCAA,2026-09-01,,,,,
ChIJbSfwVQDhYY0Rx5aY3a7TZzQ,Board House - Jogos de Tabuleiro,"Av. Desidério Antônio Coelho, 1189 - Trem, Macapá - AP, 68901-080, Brazil",Macapá,busca_automatica,nome,alimentos_bebidas,hamburger_restaurant;american_restaurant;restaurant;food;point_of_interest;establishment,4.6,32,OPERATIONAL,2026-04-15,sim,,,,https://maps.google.com/?cid=3776219560568985287&g_mp=CiVnb29nbGUubWFwcy5wbGFjZXMudjEuUGxhY2VzLkdldFBsYWNlEAIYBCAA,2026-09-01,,,,,
ChIJB_gogvfhYY0Rakpj0BQUbTI,Brinquedoteca Brincar e aprender,"R. José Luís Barata, 332 - Jardim Marco Zero, Macapá - AP, 68903-364, Brazil",Macapá,busca_automatica,nome,outro,point_of_interest;establishment,4.8,45,OPERATIONAL,2024-06-29,inconclusivo,https://www.instagram.com/brinquedotecabrincareaprender/,brinquedotecabrincareaprender,+55 96 98134-1143,https://maps.google.com/?cid=3633582553985927786&g_mp=CiVnb29nbGUubWFwcy5wbGFjZXMudjEuUGxhY2VzLkdldFBsYWNlEAIYBCAA,2026-09-01,,,,,
ChIJtQemUefnYY0RBM5_s0hukys,C.A Play Games,"Av. Álvaro Carvalho Barbosa - Novo Horizonte, Macapá - AP, 68909-812, Brazil",Macapá,busca_automatica,nome,loja,store;point_of_interest;establishment,,0,OPERATIONAL,,inconclusivo,,,+55 96 99119-3994,https://maps.google.com/?cid=3139974623735565828&g_mp=CiVnb29nbGUubWFwcy5wbGFjZXMudjEuUGxhY2VzLkdldFBsYWNlEAIYBCAA,2026-09-01,,,,,
ChIJk-w24F0fnpIRQE5x0l1Uy0c,Espaço Criança Brinquedoteca & Play Park,"Rodovia Juscelino Kubitschek, 2141 - Jardim Equatorial, Macapá - AP, 68903-419, Brazil",Macapá,busca_automatica,nome,outro,amusement_park;event_venue;point_of_interest;establishment,4.2,9,OPERATIONAL,2026-05-03,sim,,,+55 96 98143-3531,https://maps.google.com/?cid=5173321358904479296&g_mp=CiVnb29nbGUubWFwcy5wbGFjZXMudjEuUGxhY2VzLkdldFBsYWNlEAIYBCAA,2026-09-01,,,,,
ChIJu8UNtRvhYY0R8iv23rNIXZg,Inforgame Produtos Eletrônicos,"Av. Profa. Cora de Carvalho, 1439 - Central, Macapá - AP, 68900-040, Brazil",Macapá,busca_automatica,nome,loja,electronics_store;store;point_of_interest;establishment,4.6,73,OPERATIONAL,,inconclusivo,http://www.inforgames.com.br/,,+55 96 99140-0292,https://maps.google.com/?cid=10979011403976158194&g_mp=CiVnb29nbGUubWFwcy5wbGFjZXMudjEuUGxhY2VzLkdldFBsYWNlEAIYBCAA,2026-09-16,,,,,
ChIJu0RxYZbhYY0RQjos4linbLY,Leo Games,"R. Tiradentes, 755 - Sl 2 - Central, Macapá - AP, 68900-098, Brazil",Macapá,busca_automatica,nome,loja,point_of_interest;store;establishment,4.5,36,OPERATIONAL,2026-08-06,sim,,,+55 96 99121-0014,https://maps.google.com/?cid=13145065412581145154&g_mp=CiVnb29nbGUubWFwcy5wbGFjZXMudjEuUGxhY2VzLkdldFBsYWNlEAIYBCAA,2026-09-01,,,,,
ChIJWQOhHWvhYY0RPdlAV_VRTKc,Pro Game,"R. Tiradentes, 795 - Centro, Macapá - AP, 68900-098, Brazil",Macapá,busca_automatica,nome,loja,point_of_interest;store;establishment,4.5,16,OPERATIONAL,,inconclusivo,https://www.instagram.com/progame.mcp/,progame.mcp,+55 96 99208-0300,https://maps.google.com/?cid=12055100416736680253&g_mp=CiVnb29nbGUubWFwcy5wbGFjZXMudjEuUGxhY2VzLkdldFBsYWNlEAIYBCAA,2026-09-16,,,,,
ChIJv_K76-LgYY0RtrLQsaziXTs,"Saint Collection - Cartas de Pokémon, Cards Colecionáveis, Figurinha Copa e TCG em Macapá","Av. Pres. Vargas, 341 - Central, Macapá - AP, 68900-070, Brazil",Macapá,busca_automatica,nome+avaliacao,loja,toy_store;book_store;store;point_of_interest;establishment,4.8,86,OPERATIONAL,2024-11-03,inconclusivo,https://www.instagram.com/saintcollectionstore/,saintcollectionstore,+55 96 99151-7550,https://maps.google.com/?cid=4277824452417335990&g_mp=CiVnb29nbGUubWFwcy5wbGFjZXMudjEuUGxhY2VzLkdldFBsYWNlEAIYBCAA,2026-09-01,,,,,
ChIJv0yHrjfnYY0Ray_j0S-ur7A,Servinorte games,"R. Tiradentes, 752 - Centro, Macapá - AP, 68900-098, Brazil",Macapá,busca_automatica,nome,outro,service;point_of_interest;establishment,4.9,134,OPERATIONAL,,inconclusivo,,,+55 96 98111-3370,https://maps.google.com/?cid=12731586192007704427&g_mp=CiVnb29nbGUubWFwcy5wbGFjZXMudjEuUGxhY2VzLkdldFBsYWNlEAIYBCAA,2026-09-16,,,,,
ChIJhUqpPe3nYY0RoXzwAvFh7HU,Tabuleiroca,"Rua Vila dos Oliveiras, 471 E - Pedrinhas, Macapá - AP, 68903-121, Brazil",Macapá,busca_automatica,nome+avaliacao,outro,association_or_organization;point_of_interest;establishment,5,21,OPERATIONAL,2022-10-13,inconclusivo,http://instagram.com/tabuleiroca,tabuleiroca,,https://maps.google.com/?cid=8497274284705610913&g_mp=CiVnb29nbGUubWFwcy5wbGFjZXMudjEuUGxhY2VzLkdldFBsYWNlEAIYBCAA,2026-09-01,,,,,
ChIJU6yWSf3gYY0RsPQhZgRzVmA,Top Game Games,"R. Tiradentes, 795 - Central, Macapá - AP, 68900-098, Brazil",Macapá,busca_automatica,nome,loja,point_of_interest;store;establishment,4.3,229,OPERATIONAL,2026-02-13,inconclusivo,,,+55 96 99166-6269,https://maps.google.com/?cid=6941862338368763056&g_mp=CiVnb29nbGUubWFwcy5wbGFjZXMudjEuUGxhY2VzLkdldFBsYWNlEAIYBCAA,2026-09-01,,,,,
ChIJ8Sm3w0FJAQcRBgwyl8PaDn8,AL RPG CLUB,"R. Alm. Tamandaré, 59 - Prado, Maceió - AL, 57010-030, Brazil",Maceió,busca_automatica,nome+avaliacao,outro,sports_club;association_or_organization;point_of_interest;establishment,4.6,10,OPERATIONAL,2025-01-18,inconclusivo,,,+55 82 99960-5414,https://maps.google.com/?cid=9155495626080914438&g_mp=CiVnb29nbGUubWFwcy5wbGFjZXMudjEuUGxhY2VzLkdldFBsYWNlEAIYBCAA,2026-09-01,,,,,
ChIJPxbr071FAQcROLAjKHLWfFs,Blue Games & Informática,"R. José Cabral Acioli, n° 475 - Lj 06 - Jatiúca, Maceió - AL, 57035-677, Brazil",Maceió,busca_automatica,nome,loja,electronics_store;store;service;point_of_interest;establishment,4.5,328,OPERATIONAL,2026-05-21,sim,http://www.bluegames.com.br/,,+55 82 3231-2820,https://maps.google.com/?cid=6592379740351606840&g_mp=CiVnb29nbGUubWFwcy5wbGFjZXMudjEuUGxhY2VzLkdldFBsYWNlEAIYBCAA,2026-09-01,,,,,
ChIJEfaZjehHAQcR2k1ZOn1NkyM,Brincadeira de criança - Aluguel de brinquedos,"R. Olavo Bilac - São Jorge, Maceió - AL, 57025-650, Brazil",Maceió,busca_automatica,nome,outro,amusement_park;point_of_interest;establishment,5,1,OPERATIONAL,2023-11-23,inconclusivo,,,+55 82 98830-7540,https://maps.google.com/?cid=2563477813149126106&g_mp=CiVnb29nbGUubWFwcy5wbGFjZXMudjEuUGxhY2VzLkdldFBsYWNlEAIYBCAA,2026-09-01,,,,,
ChIJG9OXnepFAQcRrkVLt1ivtFE,Brinquedolandia,"Av. Silvio Carlos Viana, 634 - Ponta Verde, Maceió - AL, 57035-160, Brazil",Maceió,busca_automatica,nome,outro,point_of_interest;establishment,5,1,OPERATIONAL,2022-05-08,inconclusivo,,,,https://maps.google.com/?cid=5887523408447227310&g_mp=CiVnb29nbGUubWFwcy5wbGFjZXMudjEuUGxhY2VzLkdldFBsYWNlEAIYBCAA,2026-09-01,,,,,
ChIJzy7aZ3pFAQcRPpJiEcMgEGM,Casa Kids Brinquedoteca,"Rua Paulina Maria de Mendonça, nº 303 - Mangabeiras, Maceió - AL, 57035-557, Brazil",Maceió,busca_automatica,nome,outro,sports_activity_location;point_of_interest;establishment,4.8,9,OPERATIONAL,2024-01-12,inconclusivo,,,+55 82 98117-6046,https://maps.google.com/?cid=7138241431564620350&g_mp=CiVnb29nbGUubWFwcy5wbGFjZXMudjEuUGxhY2VzLkdldFBsYWNlEAIYBCAA,2026-09-01,,,,,
ChIJzf0e5GdFAQcRfkS0E5O8q2A,Casa da cultura Nerd,"R. Santos Pacheco, 28A - Centro, Maceió - AL, 57020-290, Brazil",Maceió,busca_automatica,nome,outro,association_or_organization;point_of_interest;establishment,5,2,OPERATIONAL,2024-10-25,inconclusivo,,,,https://maps.google.com/?cid=6965868588535399550&g_mp=CiVnb29nbGUubWFwcy5wbGFjZXMudjEuUGxhY2VzLkdldFBsYWNlEAIYBCAA,2026-09-01,,,,,
ChIJ_12HTYdPAQcRHgk1LSYJNy4,Daniel Games,"Rua do Livramento, 180 - Centro, Maceió - AL, 57020-030, Brazil",Maceió,busca_automatica,nome,loja,electronics_store;store;point_of_interest;establishment,1,5,OPERATIONAL,,inconclusivo,,,+55 82 99427-4536,https://maps.google.com/?cid=3330140509035628830&g_mp=CiVnb29nbGUubWFwcy5wbGFjZXMudjEuUGxhY2VzLkdldFBsYWNlEAIYBCAA,2026-09-16,,,,,
ChIJe0EtdLFFAQcRuWhZCvcN_kk,Fantástica Fábrica de Diversão - Salão de Festa e Brinquedoteca,"Lot. Pratagy - Av. Empresário Carlos da Silva Nogueira, 648 A - quadra d 16 - Jatiúca, Maceió - AL, 57036-540, Brazil",Maceió,busca_automatica,nome,outro,banquet_hall;childrens_camp;playground;amusement_park;event_venue;point_of_interest;establishment,4.9,30,OPERATIONAL,2025-12-13,inconclusivo,https://instagram.com/fantasticafd?igshid=YmMyMTA2M2Y=,fantasticafd,+55 82 3436-5763,https://maps.google.com/?cid=5331714363534960825&g_mp=CiVnb29nbGUubWFwcy5wbGFjZXMudjEuUGxhY2VzLkdldFBsYWNlEAIYBCAA,2026-09-01,,,,,
ChIJ25Hb_fNIAQcR3B7zZiGGEi8,Feirinha do Tabuleiro,"84 - Av. Maceió, 50 - Tabuleiro do Martins, Maceió - AL, 57061-110, Brazil",Maceió,busca_automatica,nome,outro,wholesaler;point_of_interest;service;establishment,4,604,OPERATIONAL,2026-05-06,sim,,,,https://maps.google.com/?cid=3391920947382656732&g_mp=CiVnb29nbGUubWFwcy5wbGFjZXMudjEuUGxhY2VzLkdldFBsYWNlEAIYBCAA,2026-09-01,,,,,
ChIJfSQNreJJAQcR6NgXUUHgDnM,Fênix Games,"Feirinha do - Tabuleiro do Martins, Maceió - AL, 57061-110, Brazil",Maceió,busca_automatica,nome,outro,service;point_of_interest;establishment,5,35,OPERATIONAL,2024-12-24,inconclusivo,,,+55 82 98860-3610,https://maps.google.com/?cid=8290810535173675240&g_mp=CiVnb29nbGUubWFwcy5wbGFjZXMudjEuUGxhY2VzLkdldFBsYWNlEAIYBCAA,2026-09-01,,,,,
ChIJA7N9Wc5FAQcRVkg5NfmQvwE,Game Station - Maceió Shopping,"Shopping Maceió - Av. Comendador Gustavo Paiva, 2990 - 2º Piso, Loja 277 - Mangabeiras, Maceió - AL, 57031-530, Brazil",Maceió,busca_automatica,nome,loja,video_arcade;store;point_of_interest;establishment,4.3,1787,OPERATIONAL,2023-08-12,inconclusivo,http://www.gamestation.com.br/,,+55 82 3357-1386,https://maps.google.com/?cid=125978714603866198&g_mp=CiVnb29nbGUubWFwcy5wbGFjZXMudjEuUGxhY2VzLkdldFBsYWNlEAIYBCAA,2026-09-01,,,,,
ChIJqUF-J7FFAQcRkGihIryuA2o,Game Store,"R. Sen. Firmino de Vasconcelos, 784 - Ponta da Terra, Maceió - AL, 57030-680, Brazil",Maceió,busca_automatica,nome,loja,electronics_store;service;point_of_interest;store;establishment,4.8,534,OPERATIONAL,,inconclusivo,,,+55 82 98804-0633,https://maps.google.com/?cid=7639141516008581264&g_mp=CiVnb29nbGUubWFwcy5wbGFjZXMudjEuUGxhY2VzLkdldFBsYWNlEAIYBCAA,2026-09-16,,,,,
ChIJgZEe0LZJAQcRLT0lGFQ0NtE,Geeks Mcz,"Av. Ver. Dário Marsíglia, 159 b - Tabuleiro do Martins, Maceió - AL, 57081-015, Brazil",Maceió,busca_automatica,nome,loja,toy_store;clothing_store;store;association_or_organization;point_of_interest;establishment,4.4,7,OPERATIONAL,,inconclusivo,,,+55 82 99159-4843,https://maps.google.com/?cid=15075294338456304941&g_mp=CiVnb29nbGUubWFwcy5wbGFjZXMudjEuUGxhY2VzLkdldFBsYWNlEAIYBCAA,2026-09-16,,,,,
ChIJ6Yn7M71FAQcRM-u_TrNWSkQ,HomeVR,"Av. Dr. Júlio Marques Luz, 1599 - Jatiúca, Maceió - AL, 57035-700, Brazil",Maceió,busca_automatica,avaliacao,loja,store;point_of_interest;association_or_organization;establishment,4.8,268,OPERATIONAL,2025-04-22,inconclusivo,http://www.homevr.com.br/,,+55 82 98209-8414,https://maps.google.com/?cid=4920840870976023347&g_mp=CiVnb29nbGUubWFwcy5wbGFjZXMudjEuUGxhY2VzLkdldFBsYWNlEAIYBCAA,2026-09-01,,,,,
ChIJ6eF2ec1FAQcRFbBMOaeT_zQ,Loja Online RPG Taverna de Ferro,"R. Rio Largo, 92 - Cruz das Almas, Maceió - AL, 57038-470, Brazil",Maceió,busca_automatica,nome,outro,corporate_office;point_of_interest;establishment,4,2,OPERATIONAL,,inconclusivo,,,,https://maps.google.com/?cid=3818933355463618581&g_mp=CiVnb29nbGUubWFwcy5wbGFjZXMudjEuUGxhY2VzLkdldFBsYWNlEAIYBCAA,2026-09-16,,,,,
ChIJq5XJzgk3AQcR3Aumtapg7C8,Ludoteco,"Av. Frei Damião de Bozano, 310 - Cidade Universitária, Maceió - AL, 57073-610, Brazil",Maceió,busca_automatica,nome,outro,point_of_interest;association_or_organization;establishment,5,2,OPERATIONAL,2026-05-26,sim,,,,https://maps.google.com/?cid=3453241300594592732&g_mp=CiVnb29nbGUubWFwcy5wbGFjZXMudjEuUGxhY2VzLkdldFBsYWNlEAIYBCAA,2026-09-01,,,,,
ChIJnXkS431FAQcROUxKASeZrKk,Matrix Games,"Rua do Livramento, 245 - Sl 10 - Centro, Maceió - AL, 57020-030, Brazil",Maceió,busca_automatica,nome,loja,store;point_of_interest;establishment,4.2,146,OPERATIONAL,2026-02-26,inconclusivo,http://www.facebook.com/matrixgame,,+55 82 3032-2465,https://maps.google.com/?cid=12226315481208474681&g_mp=CiVnb29nbGUubWFwcy5wbGFjZXMudjEuUGxhY2VzLkdldFBsYWNlEAIYBCAA,2026-09-01,,,,,
ChIJT7cPKnxFAQcRg2W4bSnQKLE,Matriz Game,"Rua do Livramento, 2 - Centro, Maceió - AL, 57020-030, Brazil",Maceió,busca_automatica,nome,loja,toy_store;store;point_of_interest;establishment,3,2,OPERATIONAL,,inconclusivo,,,+55 82 3034-5482,https://maps.google.com/?cid=12765682020134708611&g_mp=CiVnb29nbGUubWFwcy5wbGFjZXMudjEuUGxhY2VzLkdldFBsYWNlEAIYBCAA,2026-09-16,,,,,
ChIJfbK0zIpFAQcRcHb7WtfE01E,Mininice Brinquedos,"Av. Dr. Antônio Gomes de Barros, 546 - Jatiúca, Maceió - AL, 57035-700, Brazil",Maceió,busca_automatica,nome,loja,toy_store;point_of_interest;store;establishment,5,6,OPERATIONAL,,inconclusivo,,,+55 82 99188-1940,https://maps.google.com/?cid=5896272766381553264&g_mp=CiVnb29nbGUubWFwcy5wbGFjZXMudjEuUGxhY2VzLkdldFBsYWNlEAIYBCAA,2026-09-16,,,,,
ChIJFwbfbrdFAQcRpl7Uf70zEK8,Multibrinque Maceió - Aluguel de Brinquedos e Acessórios para o dia a dia,"R. Antônia Alves Carvalho Leite, 1118 A - Jatiúca, Maceió - AL, 57036-040, Brazil",Maceió,busca_automatica,nome,loja,toy_store;store;point_of_interest;establishment,5,546,OPERATIONAL,2026-08-03,sim,https://multibrinque.com.br/maceio/,,+55 82 99421-1041,https://maps.google.com/?cid=12614639445251219110&g_mp=CiVnb29nbGUubWFwcy5wbGFjZXMudjEuUGxhY2VzLkdldFBsYWNlEAIYBCAA,2026-09-01,,,,,
ChIJPzFX2EVFAQcRERBfWGSTHis,Mundo kids aluguel de brinquedos,"R. São Jorge, 63 - Barro Duro, Maceió - AL, 57045-620, Brazil",Maceió,busca_automatica,nome,loja,toy_store;point_of_interest;store;establishment,4.6,10,OPERATIONAL,2025-06-03,inconclusivo,http://www.mundokidsbrinquedos.com.br/,,+55 82 99955-5417,https://maps.google.com/?cid=3107082852120858641&g_mp=CiVnb29nbGUubWFwcy5wbGFjZXMudjEuUGxhY2VzLkdldFBsYWNlEAIYBCAA,2026-09-01,,,,,
ChIJ-5chtYBPAQcRN4Sg3nCqlZg,Paulo Games,"Shopping Popular Nossa Senhora de Fátima, Box 209, Próximo ao Teatro Deodoro - R. Barão de Maceió, S/N - Centro, Maceió - AL, 57020-360, Brazil",Maceió,busca_automatica,nome,loja,point_of_interest;store;establishment,4,3,OPERATIONAL,,inconclusivo,,,,https://maps.google.com/?cid=10994881467043054647&g_mp=CiVnb29nbGUubWFwcy5wbGFjZXMudjEuUGxhY2VzLkdldFBsYWNlEAIYBCAA,2026-09-16,,,,,
ChIJe0C4Xy5HAQcRytrRQJpZuEg,Play Games / Maceió-AL,"Av. Comendador Gustavo Paiva, 5945 - Loja 3031 - Cruz das Almas, Maceió - AL, 57038-000, Brazil",Maceió,busca_automatica,nome,loja,banquet_hall;event_venue;store;point_of_interest;establishment,4.6,75,OPERATIONAL,2026-07-16,sim,https://www.instagram.com/playgamesmaceio/,playgamesmaceio,+55 82 99384-9229,https://maps.google.com/?cid=5240036685492902602&g_mp=CiVnb29nbGUubWFwcy5wbGFjZXMudjEuUGxhY2VzLkdldFBsYWNlEAIYBCAA,2026-09-01,,,,,
ChIJm3gtAgtFAQcR0tE5OIh7HnA,Psicojogos,"Av. Dr. Antônio Gomes de Barros, 1560 - Lj 2 - Jatiúca, Maceió - AL, 57036-000, Brazil",Maceió,busca_automatica,nome,loja,toy_store;store;point_of_interest;establishment,4.9,47,OPERATIONAL,,inconclusivo,,,+55 82 3025-4909,https://maps.google.com/?cid=8079030606538330578&g_mp=CiVnb29nbGUubWFwcy5wbGFjZXMudjEuUGxhY2VzLkdldFBsYWNlEAIYBCAA,2026-09-16,,,,,
ChIJ3SukOn9PAQcRb_Lb03rPwwY,RPG de Mesa Paga - TD Santos,"R. Dr. Virgílio Guedes, 1142B - Ponta Grossa, Maceió - AL, 57014-002, Brazil",Maceió,busca_automatica,nome,outro,point_of_interest;association_or_organization;establishment,,0,OPERATIONAL,,inconclusivo,http://tdsantos.td/,,+55 82 98719-7464,https://maps.google.com/?cid=487461311133512303&g_mp=CiVnb29nbGUubWFwcy5wbGFjZXMudjEuUGxhY2VzLkdldFBsYWNlEAIYBCAA,2026-09-01,,,,,
ChIJa2IS9T5JAQcRhLCVnkXC7aw,Sonic games,"Av. Maceió - Tabuleiro do Martins, Maceió - AL, 57061-060, Brazil",Maceió,busca_automatica,nome,loja,store;point_of_interest;establishment,4.8,13,OPERATIONAL,2026-04-16,sim,https://instagram.com/sonicgames2023?utm_source=qr&igshid=MzNlNGNkZWQ4Mg==,sonicgames2023,+55 82 98813-5756,https://maps.google.com/?cid=12460829348273172612&g_mp=CiVnb29nbGUubWFwcy5wbGFjZXMudjEuUGxhY2VzLkdldFBsYWNlEAIYBCAA,2026-09-01,,,,,
ChIJpZbpu_zVBQcRuPFD4K5R8Co,Taverna: Game & Café,"R. Srg. Benevides Montes, 214 - Primavera, Arapiraca - AL, 57300-230, Brazil",Maceió,busca_automatica,nome,alimentos_bebidas,coffee_shop;fast_food_restaurant;snack_bar;meal_takeaway;food_store;cafe;association_or_organization;store;restaurant;food;point_of_interest;establishment,4.9,577,OPERATIONAL,2026-06-06,sim,https://tavernagamecafe.nucomercio.com/,,+55 82 99836-2064,https://maps.google.com/?cid=3094062755532239288&g_mp=CiVnb29nbGUubWFwcy5wbGFjZXMudjEuUGxhY2VzLkdldFBsYWNlEAIYBCAA,2026-09-01,,,,,
ChIJL48M4dNFAQcRst9EFDPtboU,Terra Média Geek Store,"R. Clementino do Monte, 58 - Farol, Maceió - AL, 57055-612, Brazil",Maceió,busca_automatica,nome+avaliacao,loja,toy_store;point_of_interest;store;establishment,4.9,10,OPERATIONAL,2026-08-14,sim,,,,https://maps.google.com/?cid=9614883058121760690&g_mp=CiVnb29nbGUubWFwcy5wbGFjZXMudjEuUGxhY2VzLkdldFBsYWNlEAIYBCAA,2026-09-01,,,,,
ChIJx0dAuxQbbJIRxH8szrAawXE,ALEXANDRE GAMES & MANUTENÇÃO,"Rua j 24 São jose 3 - São José Operário, Manaus - AM, 69086-390, Brazil",Manaus,busca_automatica,nome,loja,store;point_of_interest;establishment,4.8,41,OPERATIONAL,,inconclusivo,,,,https://maps.google.com/?cid=8196862143466602436&g_mp=CiVnb29nbGUubWFwcy5wbGFjZXMudjEuUGxhY2VzLkdldFBsYWNlEAIYBCAA,2026-09-16,,,,,
ChIJvXuPLAAFbJIRncOH-f4lasQ,Acerola: A Casa do Acy,"Av. Maués, 700 - Cachoeirinha, Manaus - AM, 69065-070, Brazil",Manaus,busca_automatica,avaliacao,alimentos_bebidas,bar;point_of_interest;establishment,4.8,17,OPERATIONAL,2024-10-04,inconclusivo,,,+55 92 98601-9920,https://maps.google.com/?cid=14153166556003550109&g_mp=CiVnb29nbGUubWFwcy5wbGFjZXMudjEuUGxhY2VzLkdldFBsYWNlEAIYBCAA,2026-09-01,,,,,
ChIJAao-fLQFbJIRV1arL20t6eQ,Aventura Cards by Mao TCG,"R. Saldanha Marinho, 745 - Centro, Manaus - AM, 69010-040, Brazil",Manaus,busca_automatica,nome,loja,toy_store;store;point_of_interest;establishment,,0,OPERATIONAL,,inconclusivo,,,,https://maps.google.com/?cid=16494765057195595351&g_mp=CiVnb29nbGUubWFwcy5wbGFjZXMudjEuUGxhY2VzLkdldFBsYWNlEAIYBCAA,2026-09-16,,,,,
ChIJryYmaX0FbJIRY1Msjnb-rVE,Beco Mágico Manaus,"R. Rio Purús, 629 - Nossa Sra. das Gracas, Manaus - AM, 69053-050, Brazil",Manaus,busca_automatica,nome,alimentos_bebidas,hamburger_restaurant;american_restaurant;restaurant;point_of_interest;food;establishment,4.9,1241,OPERATIONAL,2026-06-01,sim,https://becomagico.com.br/manaus/?utm_source=ig&utm_medium=social&utm_content=link_in_bio&fbclid=PAdGRleAQm1xFleHRuA2FlbQIxMQBzcnRjBmFwcF9pZA8xMjQwMjQ1NzQyODc0MTQAAaePqm5i5QCY0b0YEBsRtyDqFwL3WJf9kC4TCpUvZ-TvJPujzocBmmlORpzMAg_aem_RlyMgypZdVZ8z6bkoynZ1Q,,+55 92 98129-8347,https://maps.google.com/?cid=5885640073187971939&g_mp=CiVnb29nbGUubWFwcy5wbGFjZXMudjEuUGxhY2VzLkdldFBsYWNlEAIYBCAA,2026-09-01,,,,,
ChIJ-RJZFQAbbJIRIU-dCP-2r_o,Café Cartoon Animation,"R. Francisco Filho, 841 - Parque Dez de Novembro, Manaus - AM, 69055-400, Brazil",Manaus,busca_automatica,avaliacao,outro,coworking_space;cultural_center;point_of_interest;association_or_organization;establishment,5,28,OPERATIONAL,2026-05-20,sim,https://cafecartoon.com/,,+55 92 98134-8098,https://maps.google.com/?cid=18063857836883791649&g_mp=CiVnb29nbGUubWFwcy5wbGFjZXMudjEuUGxhY2VzLkdldFBsYWNlEAIYBCAA,2026-09-01,,,,,
ChIJh8R0pn8FbJIRrG0Lag8Cp2s,Game Center,"R. Marcílio Dias, 256 - Centro, Manaus - AM, 69005-270, Brazil",Manaus,busca_automatica,nome,loja,store;point_of_interest;establishment,4.3,97,OPERATIONAL,,inconclusivo,,,+55 92 99244-3131,https://maps.google.com/?cid=7757171148395867564&g_mp=CiVnb29nbGUubWFwcy5wbGFjZXMudjEuUGxhY2VzLkdldFBsYWNlEAIYBCAA,2026-09-16,,,,,
ChIJXcXD0JAFbJIRQmdQjmspPjQ,JG GAMES,"R. 13 de Maio, 381 - Colônia Oliveira Machado, Manaus - AM, 69070-770, Brazil",Manaus,busca_automatica,nome,loja,store;point_of_interest;establishment,4.9,18,OPERATIONAL,,inconclusivo,,,+55 92 98265-4134,https://maps.google.com/?cid=3764491880454186818&g_mp=CiVnb29nbGUubWFwcy5wbGFjZXMudjEuUGxhY2VzLkdldFBsYWNlEAIYBCAA,2026-09-16,,,,,
ChIJpwS271sbbJIRDzSHeBJFQbg,KAZUMA GAMES,"R. Des. Filismino Soares, 50 B - Colônia Oliveira Machado, Manaus - AM, 69070-620, Brazil",Manaus,busca_automatica,nome,loja,electronics_store;store;point_of_interest;establishment,4.7,211,OPERATIONAL,,inconclusivo,,,+55 92 99240-0175,https://maps.google.com/?cid=13276969122098787343&g_mp=CiVnb29nbGUubWFwcy5wbGFjZXMudjEuUGxhY2VzLkdldFBsYWNlEAIYBCAA,2026-09-16,,,,,
ChIJ105u2bcZbJIRW2QgRQzW4uk,Lago Nerd Luderia - Jogos de Tabuleiro,"Cond Reserva da Cidade, 381 - Cidade Nova, Manaus - AM, 69090-299, Brazil",Manaus,busca_automatica,nome+avaliacao,loja,store;point_of_interest;establishment,5,5,OPERATIONAL,2024-02-12,inconclusivo,http://www.lagonerd.xyz/,,+55 92 99498-9109,https://maps.google.com/?cid=16853268103761519707&g_mp=CiVnb29nbGUubWFwcy5wbGFjZXMudjEuUGxhY2VzLkdldFBsYWNlEAIYBCAA,2026-09-01,,,,,
ChIJ5XUdKqYabJIRR6AMN_zwMQA,Livraria Leitura Amazonas,"Amazonas Shopping LOJA 420 PQR 2 PISO 482 - Av. Djalma Batista - Parque Dez de Novembro, Manaus - AM, 69055-038, Brazil",Manaus,busca_automatica,avaliacao,loja,book_store;point_of_interest;store;establishment,4.7,5271,OPERATIONAL,2025-02-09,inconclusivo,https://www.leitura.com.br/,,+55 92 3236-4901,https://maps.google.com/?cid=14057239904821319&g_mp=CiVnb29nbGUubWFwcy5wbGFjZXMudjEuUGxhY2VzLkdldFBsYWNlEAIYBCAA,2026-09-01,,,,,
ChIJM0kf_VMFbJIR3npiNtCefVE,Locomotiva Brinquedos - João Valério - Nossa Senhora Das Graças,"Av. João Valério, 885 - Nossa Sra. das Graças, Manaus - AM, 69053-140, Brazil",Manaus,busca_automatica,nome,loja,toy_store;store;point_of_interest;establishment,4.6,1087,OPERATIONAL,,inconclusivo,https://www.facebook.com/locomotivamanaus/,,+55 92 98270-6387,https://maps.google.com/?cid=5872024106263804638&g_mp=CiVnb29nbGUubWFwcy5wbGFjZXMudjEuUGxhY2VzLkdldFBsYWNlEAIYBCAA,2026-09-16,,,,,
ChIJE1I36GEFbJIRMxvlDnsif8U,Loja Calabouço,"R. 7 Cj. Shangrila IV, 21 - Quadra 7 - Parque 10 de Novembro, Manaus - AM, 69054-738, Brazil",Manaus,busca_automatica,avaliacao,loja,toy_store;store;point_of_interest;establishment,4.7,284,OPERATIONAL,2025-12-11,inconclusivo,https://www.lojacalabouco.com.br/,,+55 92 3029-8300,https://maps.google.com/?cid=14231131259440274227&g_mp=CiVnb29nbGUubWFwcy5wbGFjZXMudjEuUGxhY2VzLkdldFBsYWNlEAIYBCAA,2026-09-01,,,,,
ChIJMZANeqQabJIRWOafgRjXIMM,Loja Daisuki Card Game Shop,"R. Wilson de Castro, 42 - Conjunto Eldorado, Manaus - AM, 69050-160, Brazil",Manaus,busca_automatica,nome+avaliacao,loja,toy_store;point_of_interest;store;establishment,4.7,106,OPERATIONAL,2025-12-05,inconclusivo,https://www.lojadaisuki.com.br/,,+55 92 99982-1251,https://maps.google.com/?cid=14060474536904615512&g_mp=CiVnb29nbGUubWFwcy5wbGFjZXMudjEuUGxhY2VzLkdldFBsYWNlEAIYBCAA,2026-09-01,,,,,
ChIJwSmuT9cFbJIR5I53d9m7HgE,Mercadia Game Store,"R. Rio Jutaí, 90 - Vieiralves - Nossa Sra. das Gracas, Manaus - AM, 69053-020, Brazil",Manaus,busca_automatica,nome+avaliacao,loja,toy_store;point_of_interest;store;establishment,4.9,43,OPERATIONAL,2026-06-07,sim,https://www.mercadiastore.com.br/,,+55 92 98431-3996,https://maps.google.com/?cid=80708386025869028&g_mp=CiVnb29nbGUubWFwcy5wbGFjZXMudjEuUGxhY2VzLkdldFBsYWNlEAIYBCAA,2026-09-01,,,,,
ChIJpaSYMAAbbJIR8NzZUEQKuhE,Mimiso Arena Games,"Beco São Pedro, 162 - Parque 10 de Novembro, Manaus - AM, 69055-151, Brazil",Manaus,busca_automatica,nome,loja,toy_store;store;point_of_interest;establishment,4.9,51,OPERATIONAL,,inconclusivo,http://www.instagram.com/mimisoarenatcg,mimisoarenatcg,+55 92 98151-2345,https://maps.google.com/?cid=1277344732843465968&g_mp=CiVnb29nbGUubWFwcy5wbGFjZXMudjEuUGxhY2VzLkdldFBsYWNlEAIYBCAA,2026-09-16,,,,,
ChIJpxg9QwAFbJIRi3UNe7DkwH4,Oráculo Tabletop Games Store - Aluísio Brasil - Japiim,"R. Aluísio Brasil, 8b - Japiim, Manaus - AM, 69078-562, Brazil",Manaus,busca_automatica,nome+avaliacao,loja,toy_store;store;point_of_interest;establishment,4.8,22,OPERATIONAL,2026-06-11,sim,https://www.instagram.com/oraculojogos?igsh=bjkxejQzcXRjd2l1,oraculojogos,+55 92 98547-0815,https://maps.google.com/?cid=9133551490937222539&g_mp=CiVnb29nbGUubWFwcy5wbGFjZXMudjEuUGxhY2VzLkdldFBsYWNlEAIYBCAA,2026-09-01,,,,,
ChIJf1eUzsUbbJIROHClUemcirk,Player Food,"R. Lapis Lazuli, 6 - Nossa Sra. das Graças, Manaus - AM, 69053-600, Brazil",Manaus,busca_automatica,avaliacao,alimentos_bebidas,restaurant;point_of_interest;food;establishment,4.6,67,OPERATIONAL,2026-06-22,sim,https://www.instagram.com/playerfoodmanaus?utm_source=ig_web_button_share_sheet&igsh=ZDNlZDc0MzIxNw==,playerfoodmanaus,+55 92 99106-0564,https://maps.google.com/?cid=13369670969713848376&g_mp=CiVnb29nbGUubWFwcy5wbGFjZXMudjEuUGxhY2VzLkdldFBsYWNlEAIYBCAA,2026-09-01,,,,,
ChIJcwXuqGQFbJIRGz1gIKriRCA,Player Games,"Av. Getúlio Vargas, 219 - Centro, Manaus - AM, 69020-010, Brazil",Manaus,busca_automatica,nome,loja,internet_cafe;electronics_store;store;service;point_of_interest;establishment,4.9,361,OPERATIONAL,,inconclusivo,https://www.playergames.com.br/,,+55 800 245 0060,https://maps.google.com/?cid=2325232527945514267&g_mp=CiVnb29nbGUubWFwcy5wbGFjZXMudjEuUGxhY2VzLkdldFBsYWNlEAIYBCAA,2026-09-16,,,,,
ChIJg0IM1HgbbJIRlRhtjzrsm0M,Player Games,"Av. Djalma Batista, 1929 - Lj 10 - Chapada, Manaus - AM, 69050-010, Brazil",Manaus,busca_automatica,nome,loja,internet_cafe;electronics_store;service;point_of_interest;store;establishment,4.8,174,OPERATIONAL,,inconclusivo,http://www.playergames.com.br/,,+55 800 245 0060,https://maps.google.com/?cid=4871747158189873301&g_mp=CiVnb29nbGUubWFwcy5wbGFjZXMudjEuUGxhY2VzLkdldFBsYWNlEAIYBCAA,2026-09-16,,,,,
ChIJJemnGQ0bbJIROuFyAZnZ_aA,Putiringa - Jogos de Tabuleiro,"R. Padre Monteiro de Noronha, 575 - Flores, Manaus - AM, 69028-140, Brazil",Manaus,busca_automatica,nome,outro,association_or_organization;point_of_interest;establishment,5,17,OPERATIONAL,2026-07-22,sim,https://putiringa.lends.com.br/,,+55 92 98471-5818,https://maps.google.com/?cid=11600667466353795386&g_mp=CiVnb29nbGUubWFwcy5wbGFjZXMudjEuUGxhY2VzLkdldFBsYWNlEAIYBCAA,2026-09-01,,,,,
ChIJ134HVggZbJIRql9MOMgzwxw,"Sr.Araújo Games AM, MUNDO DIGITAL 2º","Av. Margarita, 1930 - Nova Cidade, Manaus - AM, 69097-305, Brazil",Manaus,busca_automatica,nome,loja,store;point_of_interest;establishment,5,16,OPERATIONAL,,inconclusivo,http://www.facebook.com/SrAra%C3%BAjo-Games-AM-1022154064654000/quality,,+55 92 99374-2507,https://maps.google.com/?cid=2072557188551565226&g_mp=CiVnb29nbGUubWFwcy5wbGFjZXMudjEuUGxhY2VzLkdldFBsYWNlEAIYBCAA,2026-09-16,,,,,
ChIJa7KqNmwFbJIRGaN10LCd-1I,Taverna Nerd Comic Shop,"R. Y 1, 7 - Flores, Manaus - AM, Brazil",Manaus,busca_automatica,nome+avaliacao,loja,store;point_of_interest;establishment,4.6,61,OPERATIONAL,2026-06-28,sim,,,,https://maps.google.com/?cid=5979546313001640729&g_mp=CiVnb29nbGUubWFwcy5wbGFjZXMudjEuUGxhY2VzLkdldFBsYWNlEAIYBCAA,2026-09-01,,,,,
ChIJweOclBAQbJIRztG7ZblPNSk,Tetris Game Burger,"Av. Djalma Batista, 31 - Chapada, Manaus - AM, 69053-000, Brazil",Manaus,busca_automatica,nome,alimentos_bebidas,hamburger_restaurant;fast_food_restaurant;american_restaurant;restaurant;food;point_of_interest;establishment,4.4,821,OPERATIONAL,2023-03-12,inconclusivo,https://abre.ai/ifoodpedidosdelivery,,+55 92 99277-6544,https://maps.google.com/?cid=2969367187015061966&g_mp=CiVnb29nbGUubWFwcy5wbGFjZXMudjEuUGxhY2VzLkdldFBsYWNlEAIYBCAA,2026-09-01,,,,,
ChIJQag-ogcRbJIRfG_9p8YDiC4,Traveller Cards e Board Games,"R. Washington Luís, 315 - 2° Andar - Sala 3 - Dom Pedro, Manaus - AM, 69040-210, Brazil",Manaus,busca_automatica,nome,loja,toy_store;store;point_of_interest;establishment,5,7,OPERATIONAL,,inconclusivo,,,+55 92 98645-9173,https://maps.google.com/?cid=3352934074334146428&g_mp=CiVnb29nbGUubWFwcy5wbGFjZXMudjEuUGxhY2VzLkdldFBsYWNlEAIYBCAA,2026-09-16,,,,,
ChIJDw-EeSsRbJIRkGQnagFlKoY,Ubaú Brinquedos Criativos,"Av. Jacira Reis, 5051 - Lj 04 - São Jorge, Manaus - AM, 69033-008, Brazil",Manaus,busca_automatica,nome,loja,toy_store;store;point_of_interest;establishment,5,161,OPERATIONAL,,inconclusivo,http://ubau.com.br/,,+55 92 99307-9653,https://maps.google.com/?cid=9667650606854530192&g_mp=CiVnb29nbGUubWFwcy5wbGFjZXMudjEuUGxhY2VzLkdldFBsYWNlEAIYBCAA,2026-09-16,,,,,
ChIJd5jnFQAFbJIRyaRaoNBV_hg,Vezzo - Doces e Jogos,"Av. Visc. de Porto Alegre, 721 - Praça 14 de Janeiro, Manaus - AM, 69020-130, Brazil",Manaus,busca_automatica,nome+avaliacao,alimentos_bebidas,candy_store;confectionery;food_store;store;food;point_of_interest;establishment,5,11,OPERATIONAL,2025-08-26,inconclusivo,,,+55 92 99400-0456,https://maps.google.com/?cid=1800971255526630601&g_mp=CiVnb29nbGUubWFwcy5wbGFjZXMudjEuUGxhY2VzLkdldFBsYWNlEAIYBCAA,2026-09-01,,,,,
ChIJHSDPTgF5GZURKmSqKITyoGM,Arcadea Gaming Pub,"R. Gen. Neto, 440 - Moinhos de Vento, Porto Alegre - RS, 90560-020, Brazil",Manaus;Porto Alegre,busca_automatica,avaliacao,alimentos_bebidas,bar;point_of_interest;establishment,4.2,1087,OPERATIONAL,2026-02-07,inconclusivo,https://arcadeapub.com.br/,,+55 51 99652-4436,https://maps.google.com/?cid=7179004455460430890&g_mp=CiVnb29nbGUubWFwcy5wbGFjZXMudjEuUGxhY2VzLkdldFBsYWNlEAIYBCAA,2026-09-01,,,,,
ChIJKXmhK9CrswcRlsPXQsZ82yI,AJ Games e Brinquedos,"Av. Três Américas, 830 - Lagoa Azul, Natal - RN, 59129-690, Brazil",Natal,busca_automatica,nome,loja,toy_store;store;point_of_interest;establishment,5,6,OPERATIONAL,,inconclusivo,https://www.facebook.com/Campeonatornfifadefuteboldigitalps4/,,+55 84 98744-2975,https://maps.google.com/?cid=2511738408155988886&g_mp=CiVnb29nbGUubWFwcy5wbGFjZXMudjEuUGxhY2VzLkdldFBsYWNlEAIYBCAA,2026-09-16,,,,,
ChIJbdArbQCrswcRlphOen982KA,Arte de Brincar - Locação de Brinquedos,"Rua Santo Inácio de Loyola, 46 - Igapó, Natal - RN, 59104-250, Brazil",Natal,busca_automatica,nome,outro,point_of_interest;establishment,,0,OPERATIONAL,,inconclusivo,,,+55 84 98899-3324,https://maps.google.com/?cid=11590150527992633494&g_mp=CiVnb29nbGUubWFwcy5wbGFjZXMudjEuUGxhY2VzLkdldFBsYWNlEAIYBCAA,2026-09-01,,,,,
ChIJ9cHTelJVsgcRMIpoeRTXYFE,Beco Mágico Natal,"Av. Miguel Castro, 751 - Lagoa Nova, Natal - RN, 59075-740, Brazil",Natal,busca_automatica,nome,alimentos_bebidas,hamburger_restaurant;american_restaurant;restaurant;food;point_of_interest;establishment,4.4,371,OPERATIONAL,2026-08-30,sim,https://plugguest.com.br/beco-magico-natal/,,+55 84 99108-9353,https://maps.google.com/?cid=5863923197772597808&g_mp=CiVnb29nbGUubWFwcy5wbGFjZXMudjEuUGxhY2VzLkdldFBsYWNlEAIYBCAA,2026-09-01,,,,,
ChIJzcQ9t_ND65QRqkeUm-aANaE,BoardGame in Box,"R. Raja Gabaglia, 326 - Quebec, Londrina - PR, 86060-190, Brazil",Natal,busca_automatica,nome,loja,toy_store;store;point_of_interest;establishment,5,113,OPERATIONAL,,inconclusivo,https://ludopedia.com.br/loja/boardgameinbox,,+55 43 3344-6023,https://maps.google.com/?cid=11616332541813082026&g_mp=CiVnb29nbGUubWFwcy5wbGFjZXMudjEuUGxhY2VzLkdldFBsYWNlEAIYBCAA,2026-09-16,,,,,
ChIJdXLIl_OpswcRwcKolyjNjLM,Brinquedoteca Popular Itinerante,"R. Santa Vitória - Pajuçara, Natal - RN, 59129-495, Brazil",Natal,busca_automatica,nome,outro,playground;point_of_interest;establishment,4.4,17,OPERATIONAL,2026-04-08,sim,,,,https://maps.google.com/?cid=12937941403755397825&g_mp=CiVnb29nbGUubWFwcy5wbGFjZXMudjEuUGxhY2VzLkdldFBsYWNlEAIYBCAA,2026-09-01,,,,,
ChIJEYzN_pqpswcRO9nRwhg35Zg,Brinquedotecar com Arte,"Rua: Roseiral, 87 - Pajuçara, Natal - RN, 59131-750, Brazil",Natal,busca_automatica,nome,outro,amusement_center;point_of_interest;establishment,5,1,OPERATIONAL,2019-02-19,inconclusivo,,,+55 84 98821-4661,https://maps.google.com/?cid=11017272642919061819&g_mp=CiVnb29nbGUubWFwcy5wbGFjZXMudjEuUGxhY2VzLkdldFBsYWNlEAIYBCAA,2026-09-01,,,,,
ChIJnXpytm35sgcR4Va4hKRdd_Y,Diversão na Mesa - Aluguel de Jogos de Tabuleiro,"Av. Abel Cabral - Nova Parnamirim, Parnamirim - RN, 59151-250, Brazil",Natal,busca_automatica,nome+avaliacao,loja,point_of_interest;association_or_organization;store;establishment,4.9,40,OPERATIONAL,2026-01-16,inconclusivo,https://www.diversaonamesa.com.br/,,+55 84 99471-9342,https://maps.google.com/?cid=17759766616741533409&g_mp=CiVnb29nbGUubWFwcy5wbGFjZXMudjEuUGxhY2VzLkdldFBsYWNlEAIYBCAA,2026-09-01,,,,,
ChIJm9KV1Tj_sgcRBPgfLvT1u-k,Fábula Brinquedos Educativos,"Avenida Odilon Gomes de Lima, 1908, Loja 3 - 59078-400 - Capim Macio, Natal - RN, 59078-400, Brazil",Natal,busca_automatica,nome,loja,toy_store;book_store;clothing_store;store;point_of_interest;establishment,4.9,181,OPERATIONAL,2026-07-28,sim,https://fabulabrinquedos.com.br/,,+55 84 99984-2370,https://maps.google.com/?cid=16842325660576774148&g_mp=CiVnb29nbGUubWFwcy5wbGFjZXMudjEuUGxhY2VzLkdldFBsYWNlEAIYBCAA,2026-09-01,,,,,
ChIJ1XMv0xYAswcReTglE_i75DE,Game Extreme,"Av. Hermes da Fonseca, 1596 - Lj 10 - Tirol, Natal - RN, 59014-555, Brazil",Natal,busca_automatica,nome,loja,store;point_of_interest;establishment,4.2,142,OPERATIONAL,,inconclusivo,,,+55 84 3222-5395,https://maps.google.com/?cid=3595205076695988345&g_mp=CiVnb29nbGUubWFwcy5wbGFjZXMudjEuUGxhY2VzLkdldFBsYWNlEAIYBCAA,2026-09-16,,,,,
ChIJe8aF0DP_sgcRRkGOX2jHvMk,Game Station Natal Shopping,"Avenida Senador Salgado Filho, 2234 - Av. das Brancas Dunas, 47 - Candelária, Natal - RN, 59064-900, Brazil",Natal,busca_automatica,nome,outro,video_arcade;amusement_park;point_of_interest;establishment,4.1,21,OPERATIONAL,2026-05-06,sim,https://gamestation.com.br/onde-estamos/,,+55 84 99162-4086,https://maps.google.com/?cid=14536712948338803014&g_mp=CiVnb29nbGUubWFwcy5wbGFjZXMudjEuUGxhY2VzLkdldFBsYWNlEAIYBCAA,2026-09-01,,,,,
ChIJ9bnWpaH4sgcRwZlibnpIPSI,Império Gamer - Natal/RN,"R. Camilo de Paula, 306 A - Tirol, Natal - RN, 59015-340, Brazil",Natal,busca_automatica,nome,loja,point_of_interest;store;establishment,4.8,157,OPERATIONAL,2026-01-10,inconclusivo,http://www.imperiogamer.com.br/,,+55 84 99898-5822,https://maps.google.com/?cid=2467207861544065473&g_mp=CiVnb29nbGUubWFwcy5wbGFjZXMudjEuUGxhY2VzLkdldFBsYWNlEAIYBCAA,2026-09-01,,,,,
ChIJ4QcE28WrswcRWIASXglKYXk,Jplay Game house - Loja ¹ - Zona Norte,"Avenida dos Expedicionários, 15a NOSSA SENHORA DA APRESENTAÇÃO - LOJA 02 - EM LAGOA NOVA, Natal - RN, 59114-400, Brazil",Natal,busca_automatica,nome,loja,service;point_of_interest;store;establishment,4.9,174,OPERATIONAL,,inconclusivo,http://jplaygamehouse.com/,,+55 84 2130-2026,https://maps.google.com/?cid=8746353355423645784&g_mp=CiVnb29nbGUubWFwcy5wbGFjZXMudjEuUGxhY2VzLkdldFBsYWNlEAIYBCAA,2026-09-16,,,,,
ChIJ2_9lOAkAswcRQungTOiq-AU,Magic Games,"Av. Roberto Freire, 340, Shopping Cidade Jardim - Capim Macio, Natal - RN, 59080-900, Brazil",Natal,busca_automatica,nome,loja,toy_store;store;service;point_of_interest;establishment,4.4,425,OPERATIONAL,2025-10-10,inconclusivo,https://www.instagram.com/magicgamesnatal/,magicgamesnatal,+55 84 2020-1009,https://maps.google.com/?cid=430281679112825154&g_mp=CiVnb29nbGUubWFwcy5wbGFjZXMudjEuUGxhY2VzLkdldFBsYWNlEAIYBCAA,2026-09-01,,,,,
ChIJy89b82__sgcRbKh3ONEMeE8,Multiverse Geek,"Av. Engenheiro Roberto Freire, 481 - Bl 4 - Lj 11 - Capim Macio, Natal - RN, 59082-400, Brazil",Natal,busca_automatica,nome,loja,store;point_of_interest;establishment,4.6,47,OPERATIONAL,,inconclusivo,https://www.facebook.com/MultiverseGeekStore,,+55 84 3322-1701,https://maps.google.com/?cid=5726341018936649836&g_mp=CiVnb29nbGUubWFwcy5wbGFjZXMudjEuUGxhY2VzLkdldFBsYWNlEAIYBCAA,2026-09-16,,,,,
ChIJ6dOi7ZxVsgcRhpGaocWcu3o,On Play Brinquedos,"Av. Nevaldo Rocha, 1839 - B - Alecrim, Natal - RN, 59032-445, Brazil",Natal,busca_automatica,nome,loja,toy_store;point_of_interest;store;establishment,5,72,OPERATIONAL,,inconclusivo,http://www.onplaybrinquedos.com.br/,,+55 84 92000-2631,https://maps.google.com/?cid=8843834665905852806&g_mp=CiVnb29nbGUubWFwcy5wbGFjZXMudjEuUGxhY2VzLkdldFBsYWNlEAIYBCAA,2026-09-16,,,,,
ChIJRwPtsnMAswcR1B4ALHVdF5c,"Plínio Games - Vendas e Assistência Técnica em Playstation, Xbox, Nintendo e Controles","Harmony Medical Center - Rua Coronel Joaquim Manoel, 615 - Sétimo andar, sala 703 - Petrópolis, Natal - RN, 59012-330, Brazil",Natal,busca_automatica,nome,loja,toy_store;store;point_of_interest;establishment,4.8,1136,OPERATIONAL,,inconclusivo,http://www.pliniogames.com.br/,,+55 84 98898-0628,https://maps.google.com/?cid=10887273382022225620&g_mp=CiVnb29nbGUubWFwcy5wbGFjZXMudjEuUGxhY2VzLkdldFBsYWNlEAIYBCAA,2026-09-16,,,,,
ChIJkaqD3eT_sgcR_MysgZPZmB0,Qi+4 Jogos Inteligentes,"Prédio do NIT, 1º - Av. Sen. Salgado Filho, 1559 - Andar, Sala 01 - Tirol, Natal - RN, 59015-000, Brazil",Natal,busca_automatica,nome,loja,store;point_of_interest;establishment,,0,OPERATIONAL,,inconclusivo,,,+55 84 98845-8448,https://maps.google.com/?cid=2132693651118935292&g_mp=CiVnb29nbGUubWFwcy5wbGFjZXMudjEuUGxhY2VzLkdldFBsYWNlEAIYBCAA,2026-09-01,,,,,
ChIJXTiQvaurswcR6-9knn2nySU,Ribeiro Games & Acessórios,"Conj. Panatis 1 A - Av. Paulistana, 2195 - Potengi, Natal - RN, 59108-120, Brazil",Natal,busca_automatica,nome,loja,store;point_of_interest;establishment,4.4,108,OPERATIONAL,,inconclusivo,,,+55 84 3214-2445,https://maps.google.com/?cid=2722891607692341227&g_mp=CiVnb29nbGUubWFwcy5wbGFjZXMudjEuUGxhY2VzLkdldFBsYWNlEAIYBCAA,2026-09-16,,,,,
ChIJ4RK-sA5VsgcRPuipY3twpbM,Tech Shop Games - Loja de Games e Informática,"R. Dr. Manoel Miranda, 1510 - Primeiro andar - Alecrim, Natal - RN, 59035-250, Brazil",Natal,busca_automatica,nome,loja,store;point_of_interest;establishment,4.9,67,OPERATIONAL,,inconclusivo,https://techshopgames.com/,,+55 84 99438-8510,https://maps.google.com/?cid=12944876379201726526&g_mp=CiVnb29nbGUubWFwcy5wbGFjZXMudjEuUGxhY2VzLkdldFBsYWNlEAIYBCAA,2026-09-16,,,,,
ChIJ3XfHkjH5sgcRl222urfYAjY,"Torre do Papel - Geek, Cards e RPGs","Largo Interventor Ubaldo Bezerra., 1956 - Candelária, Natal - RN, 59064-620, Brazil",Natal,busca_automatica,nome,loja,toy_store;event_venue;store;point_of_interest;establishment,4.9,25,OPERATIONAL,2026-03-10,inconclusivo,https://www.torredopapel.com/,,+55 84 99146-5548,https://maps.google.com/?cid=3891911311624662423&g_mp=CiVnb29nbGUubWFwcy5wbGFjZXMudjEuUGxhY2VzLkdldFBsYWNlEAIYBCAA,2026-09-01,,,,,
ChIJTXNbNLb_sgcR9gkUZh880X4,Turno Extra Jogos de Mesa,"Praia Shopping - Av. Engenheiro Roberto Freire, 3132 - Capim Macio, Natal - RN, 59082-400, Brazil",Natal,busca_automatica,nome+avaliacao,outro,association_or_organization;point_of_interest;establishment,4.6,142,OPERATIONAL,2026-06-16,sim,https://www.ranking.turnoextrajogos.com.br/,,+55 84 99632-9016,https://maps.google.com/?cid=9138151224465689078&g_mp=CiVnb29nbGUubWFwcy5wbGFjZXMudjEuUGxhY2VzLkdldFBsYWNlEAIYBCAA,2026-09-01,,,,,
ChIJZbiRJbNVsgcRc9e4RRxErmM,Ultra Loot Cards e Games,"Av. Prudente de Morais, 6526 - Lj 02 - Candelária, Natal - RN, 59065-500, Brazil",Natal,busca_automatica,nome,loja,toy_store;store;point_of_interest;establishment,5,16,OPERATIONAL,,inconclusivo,,,+55 84 99408-9523,https://maps.google.com/?cid=7182753343922034547&g_mp=CiVnb29nbGUubWFwcy5wbGFjZXMudjEuUGxhY2VzLkdldFBsYWNlEAIYBCAA,2026-09-16,,,,,
ChIJ1S2JbVz_sgcRhJDPIt6lg5c,Vem pra Mesa Game Center,"Shopping Via Direta - Av. Sen. Salgado Filho, 2233 - Loja 624 - Lagoa Nova, Natal - RN, 59076-000, Brazil",Natal,busca_automatica,nome+avaliacao,alimentos_bebidas,sports_activity_location;restaurant;food;point_of_interest;sports_club;association_or_organization;store;establishment,4.6,276,OPERATIONAL,2026-07-17,sim,https://vempramesagamecenter.com.br/,,+55 84 2226-3141,https://maps.google.com/?cid=10917752295161565316&g_mp=CiVnb29nbGUubWFwcy5wbGFjZXMudjEuUGxhY2VzLkdldFBsYWNlEAIYBCAA,2026-09-01,,,,,
ChIJoY6NAYL_sgcRlUz02gBueJQ,Virtual Games,"R. Aeroporto dos Guararapes, 85 - Neópolis, Natal - RN, 59080-510, Brazil",Natal,busca_automatica,nome,loja,store;point_of_interest;establishment,4.5,626,OPERATIONAL,,inconclusivo,https://wa.me/558488757864,,+55 84 98875-7864,https://maps.google.com/?cid=10698421864771112085&g_mp=CiVnb29nbGUubWFwcy5wbGFjZXMudjEuUGxhY2VzLkdldFBsYWNlEAIYBCAA,2026-09-16,,,,,
ChIJwxy21gBRzpQR_H0EEtBoaqw,LudoStation,"R. Joaquim Nabuco, 66 - Lj 02 - Brooklin, São Paulo - SP, 04621-000, Brazil",Natal;Rio Branco;São Luís;São Paulo,busca_automatica,nome+avaliacao,loja,toy_store;association_or_organization;store;point_of_interest;establishment,5,79,OPERATIONAL,2026-07-13,sim,https://ludostation.com.br/,,+55 11 91530-8609,https://maps.google.com/?cid=12423857764919705084&g_mp=CiVnb29nbGUubWFwcy5wbGFjZXMudjEuUGxhY2VzLkdldFBsYWNlEAIYBCAA,2026-09-01,,,,,
ChIJWaZ0iVobFgcRHQqoOsbwU7A,LR Games - Especialista em Desbloqueio de Switch,"Centro Empresarial Imbui - R. Padre Casemiro Quiroga, 236 - BOX 1 - Imbuí, Salvador - BA, 41720-400, Brazil",Natal;Salvador;São Luís,busca_automatica,nome,loja,store;point_of_interest;establishment,5,2124,OPERATIONAL,,inconclusivo,https://www.lrgames.com.br/ba,,+55 11 99258-2556,https://maps.google.com/?cid=12705763707920583197&g_mp=CiVnb29nbGUubWFwcy5wbGFjZXMudjEuUGxhY2VzLkdldFBsYWNlEAIYBCAA,2026-09-16,,,,,
ChIJk_sxWACN9gcROBc9azPk-dA,Nexus Card Games,"R. Duque Bacelar, 3 - Recanto dos Nobres, São Luís - MA, 65074-261, Brazil",Natal;São Luís,busca_automatica,nome+avaliacao,loja,toy_store;point_of_interest;store;establishment,5,25,OPERATIONAL,2026-05-28,sim,https://www.nexusofcards.com.br/,,+55 98 98716-8972,https://maps.google.com/?cid=15058317738583594808&g_mp=CiVnb29nbGUubWFwcy5wbGFjZXMudjEuUGxhY2VzLkdldFBsYWNlEAIYBCAA,2026-09-01,,,,,
ChIJl4G_d5g5O5MRjiApWZOPO4k,Adoleta Brinquedos PMW,"206 Sul - Av. LO 5 - Plano Diretor Sul, Palmas - TO, 77020-504, Brazil",Palmas,busca_automatica,nome,loja,toy_store;store;point_of_interest;establishment,,0,OPERATIONAL,,inconclusivo,,,+55 63 99958-2527,https://maps.google.com/?cid=9888655269840887950&g_mp=CiVnb29nbGUubWFwcy5wbGFjZXMudjEuUGxhY2VzLkdldFBsYWNlEAIYBCAA,2026-09-01,,,,,
ChIJseC8FHA0O5MRAQt7RmIvfDo,BRINQUEDOTECA E RECREAÇÃO CORUJINHA,"Q. 1004 Sul Alameda 6, 29 - Arse, Palmas - TO, 77023-516, Brazil",Palmas,busca_automatica,nome,outro,educational_institution;point_of_interest;establishment,5,2,OPERATIONAL,2026-05-21,sim,,,,https://maps.google.com/?cid=4214295450447710977&g_mp=CiVnb29nbGUubWFwcy5wbGFjZXMudjEuUGxhY2VzLkdldFBsYWNlEAIYBCAA,2026-09-01,,,,,
ChIJnXhD0zzNJJMRcEbo3WWxVZ4,Baroi Info Games,"Q. 108 Sul Alameda 5, 5 - Arse, Palmas - TO, 77020-103, Brazil",Palmas,busca_automatica,nome,loja,store;point_of_interest;establishment,5,12,OPERATIONAL,2025-08-03,inconclusivo,https://www.instagram.com/baroi.info?igsh=eGg4M2ozcHl1cDk5&utm_source=qr,baroi.info,+55 63 3212-1941,https://maps.google.com/?cid=11409220282085820016&g_mp=CiVnb29nbGUubWFwcy5wbGFjZXMudjEuUGxhY2VzLkdldFBsYWNlEAIYBCAA,2026-09-01,,,,,
ChIJk_qnxNQ1O5MRRFSZ5WKAAh8,Brinquedoteca e Recreação Corujinha,"Q. 806 Sul Alameda 17, Lote 02 - Plano Diretor Sul, Palmas - TO, 77023-048, Brazil",Palmas,busca_automatica,nome,outro,sports_activity_location;child_care_agency;service;point_of_interest;establishment,3.7,6,OPERATIONAL,2026-04-23,sim,https://instagram.com/brinquedoteca_corujinha?igshid=1ejokvtjfy1mf,brinquedoteca_corujinha,+55 63 98451-2384,https://maps.google.com/?cid=2234489527376368708&g_mp=CiVnb29nbGUubWFwcy5wbGFjZXMudjEuUGxhY2VzLkdldFBsYWNlEAIYBCAA,2026-09-01,,,,,
ChIJC1fsQUPLJJMR68KUjtzhr7o,Brinquelândia - Brinquedos | Festa | Fantasia | Artigos de época,"Quadra 104 Sul Rua SE 1 (Acse 1 16 - conj 01 - Plano Diretor Sul, Palmas - TO, 77020-014, Brazil",Palmas,busca_automatica,nome,loja,toy_store;clothing_store;home_goods_store;manufacturer;store;point_of_interest;service;establishment,4.3,210,OPERATIONAL,2026-07-08,sim,http://www.instagram.com/brinquelandia_palmas,brinquelandia_palmas,+55 63 3225-3070,https://maps.google.com/?cid=13452218949380129515&g_mp=CiVnb29nbGUubWFwcy5wbGFjZXMudjEuUGxhY2VzLkdldFBsYWNlEAIYBCAA,2026-09-01,,,,,
ChIJee9o10TLJJMRvcb5aYDSXKg,Bruna Games,"Quadra 104 sul rua se 03 se 03 - Plano Diretor Sul, Palmas - TO, 77020-016, Brazil",Palmas,busca_automatica,nome,loja,store;point_of_interest;establishment,2.4,24,OPERATIONAL,,inconclusivo,,,+55 63 98429-6595,https://maps.google.com/?cid=12131802945204897469&g_mp=CiVnb29nbGUubWFwcy5wbGFjZXMudjEuUGxhY2VzLkdldFBsYWNlEAIYBCAA,2026-09-16,,,,,
ChIJTZ09lhs1O5MR-dGh24Q8ih0,CVI - Centro Vertebral Integrado - Fisioterapia - Quiropraxia - Escoliose - RPG,"Edificio Luman Center Quadra 110 Sul - Av. Juscelino Kubitscheck, 20 G - 1º Andar, Sala 106 - Plano Diretor Sul, Palmas - TO, 77020-124, Brazil",Palmas,busca_automatica,nome,outro,chiropractor;medical_clinic;health;point_of_interest;establishment,5,55,OPERATIONAL,,inconclusivo,,,+55 63 99233-1728,https://maps.google.com/?cid=2128580315204145657&g_mp=CiVnb29nbGUubWFwcy5wbGFjZXMudjEuUGxhY2VzLkdldFBsYWNlEAIYBCAA,2026-09-16,,,,,
ChIJQyYl2J01O5MR0S-vZGvIEcg,Clínica de Fisioterapia RPG e Reabilitação Pulmonar e Cardíaca - Clínica FISIOCARE em Palmas - Tocantins,"Alameda 26 - ARSO 42, Lote 18-A, Sala 08 - Plano Diretor Sul, Palmas - TO, 77015-620, Brazil",Palmas,busca_automatica,nome,outro,physiotherapist;sports_school;sports_complex;gym;medical_clinic;sports_activity_location;health;service;point_of_interest;establishment,5,57,OPERATIONAL,,inconclusivo,https://www.instagram.com/fisiocarepalmas/,fisiocarepalmas,+55 63 98403-0230,https://maps.google.com/?cid=14416524245765926865&g_mp=CiVnb29nbGUubWFwcy5wbGFjZXMudjEuUGxhY2VzLkdldFBsYWNlEAIYBCAA,2026-09-16,,,,,
ChIJddmkG_o1O5MRDw_0GIGLZQ8,Dr. Leonardo Passidonia - Fisioterapia RPG e Quiropraxia,"704 Sul - Av. Palmas Brasil Sul, 09 - Palmas, TO, 77022-322, Brazil",Palmas,busca_automatica,nome,outro,physiotherapist;chiropractor;health;point_of_interest;establishment,5,25,OPERATIONAL,,inconclusivo,,,+55 63 98406-3681,https://maps.google.com/?cid=1109446269802385167&g_mp=CiVnb29nbGUubWFwcy5wbGFjZXMudjEuUGxhY2VzLkdldFBsYWNlEAIYBCAA,2026-09-16,,,,,
ChIJtxbh6bXLJJMRaxIJK5RoT7g,Enfant Brinquedoteca,"Quadra 206 Sul, LO 05, Lote 07, Sala 01-A - Palmas, TO, 77020-504, Brazil",Palmas,busca_automatica,nome,outro,point_of_interest;establishment,5,5,OPERATIONAL,2026-05-08,sim,https://www.instagram.com/enfantbrinquedoteca/,enfantbrinquedoteca,+55 63 99290-2905,https://maps.google.com/?cid=13280948811725345387&g_mp=CiVnb29nbGUubWFwcy5wbGFjZXMudjEuUGxhY2VzLkdldFBsYWNlEAIYBCAA,2026-09-01,,,,,
ChIJGYrMRPs1O5MRhgEWc8zRMbM,Jadymon Card Games,"Q. 104 Norte Rua NE 5, 104 - Norte, Palmas - TO, 77006-020, Brazil",Palmas,busca_automatica,nome,loja,toy_store;store;point_of_interest;establishment,5,60,OPERATIONAL,,inconclusivo,https://www.ligapokemon.com.br/?view=ecom/home&id=557951,,+55 63 99123-8698,https://maps.google.com/?cid=12912332282682278278&g_mp=CiVnb29nbGUubWFwcy5wbGFjZXMudjEuUGxhY2VzLkdldFBsYWNlEAIYBCAA,2026-09-16,,,,,
ChIJP4wgt2Y1O5MRN_WZZepJM0U,Ka Games,"Q. 108 Sul Alameda 5, 5 - Arse - Plano Diretor Sul, Palmas - TO, 77020-103, Brazil",Palmas,busca_automatica,nome,loja,store;service;point_of_interest;establishment,5,207,OPERATIONAL,,inconclusivo,https://linktr.ee/kagamesoficial,,+55 63 99942-0464,https://maps.google.com/?cid=4986410483505034551&g_mp=CiVnb29nbGUubWFwcy5wbGFjZXMudjEuUGxhY2VzLkdldFBsYWNlEAIYBCAA,2026-09-16,,,,,
ChIJ37eo5lrLJJMRyOFtRDNz0vQ,Kasa Do Vídeo Game,"Q. 104 Sul Rua Se 4, 24 - Sala 09 - Plano Diretor Sul, Palmas - TO, 77020-036, Brazil",Palmas,busca_automatica,nome,loja,store;point_of_interest;establishment,3.4,171,OPERATIONAL,2026-05-28,sim,https://www.facebook.com/Kasa.do.Video.Game,,+55 63 3225-0255,https://maps.google.com/?cid=17641289354392232392&g_mp=CiVnb29nbGUubWFwcy5wbGFjZXMudjEuUGxhY2VzLkdldFBsYWNlEAIYBCAA,2026-09-01,,,,,
ChIJOQ-7ohbNJJMRKTCOnXaPoGE,Leo Brinquedoteca,"106 Norte - Av. Juscelino Kubitscheck, 08 - Sala 02 - Plano Diretor Norte, Palmas - TO, 77006-044, Brazil",Palmas,busca_automatica,nome,outro,point_of_interest;establishment,5,4,OPERATIONAL,2026-05-29,sim,https://www.instagram.com/leobrinquedoteca,leobrinquedoteca,+55 63 99214-4963,https://maps.google.com/?cid=7034780357564969001&g_mp=CiVnb29nbGUubWFwcy5wbGFjZXMudjEuUGxhY2VzLkdldFBsYWNlEAIYBCAA,2026-09-01,,,,,
ChIJCdEZv21PpJQRg6vLc_9tIcc,Mestre dos Jogos LudoBar,"R. João Balbino, 537 - Santa Mônica, Uberlândia - MG, 38408-265, Brazil",Palmas,busca_automatica,nome+avaliacao,alimentos_bebidas,pub;bar;association_or_organization;point_of_interest;establishment,4.7,133,OPERATIONAL,2026-05-19,sim,http://www.mestredosjogos.app/,,+55 34 99167-2554,https://maps.google.com/?cid=14348870831705926531&g_mp=CiVnb29nbGUubWFwcy5wbGFjZXMudjEuUGxhY2VzLkdldFBsYWNlEAIYBCAA,2026-09-01,,,,,
ChIJQbrqaADNJJMROFw2nI7hmSs,MiniHub - Espaço Infantil - Brinquedoteca,"Quadra 110N - Av. Juscelino Kubitscheck, LT 21 - Plano Diretor Norte, Palmas - TO, 77006-130, Brazil",Palmas,busca_automatica,nome,outro,amusement_center;point_of_interest;establishment,5,1,OPERATIONAL,2025-11-24,inconclusivo,,,+55 63 99200-7133,https://maps.google.com/?cid=3141790217690045496&g_mp=CiVnb29nbGUubWFwcy5wbGFjZXMudjEuUGxhY2VzLkdldFBsYWNlEAIYBCAA,2026-09-01,,,,,
ChIJXXRBLkTNJJMRv6wTla5OgIg,Na Toca Brinquedos,"110 N AV.JK, 0 LT 21 - 110 NORTE, PALMAS - CEP 77006-130 - Plano Diretor Norte, Palmas - TO, 77006-130, Brazil",Palmas,busca_automatica,nome,loja,toy_store;store;point_of_interest;establishment,4.7,62,OPERATIONAL,2025-12-18,inconclusivo,https://www.instagram.com/natocabrinquedos?igsh=MXUxZGMzeTlwY2dycw==,natocabrinquedos,+55 63 99965-4479,https://maps.google.com/?cid=9835948097909533887&g_mp=CiVnb29nbGUubWFwcy5wbGFjZXMudjEuUGxhY2VzLkdldFBsYWNlEAIYBCAA,2026-09-01,,,,,
ChIJuT0U5ZXLJJMROy7IrE_1ooc,NaToca Brinquedos - Aldeia Mall,"Aldeia Mall - AV. NS 01, 02 - Quadra 203 Sul - Plano Diretor Norte, Palmas - TO, 77015-216, Brazil",Palmas,busca_automatica,nome,loja,toy_store;store;point_of_interest;establishment,5,21,OPERATIONAL,2026-06-05,sim,https://www.instagram.com/natocabrinquedos?igsh=MXUxZGMzeTlwY2dycw==,natocabrinquedos,+55 63 99948-4478,https://maps.google.com/?cid=9773643863897419323&g_mp=CiVnb29nbGUubWFwcy5wbGFjZXMudjEuUGxhY2VzLkdldFBsYWNlEAIYBCAA,2026-09-01,,,,,
ChIJXcCmIRsxO5MRkPK_yPPXJOY,Palmas Games,"R. T 20, quadra 35 - lote 11 - Taquaralto, Palmas - TO, 77064-050, Brazil",Palmas,busca_automatica,nome,loja,store;point_of_interest;establishment,4.8,136,OPERATIONAL,2025-12-23,inconclusivo,,,+55 63 98119-0972,https://maps.google.com/?cid=16583617169930056336&g_mp=CiVnb29nbGUubWFwcy5wbGFjZXMudjEuUGxhY2VzLkdldFBsYWNlEAIYBCAA,2026-09-01,,,,,
ChIJ--PB7yDLJJMRXM-qVTiMOmU,Tindolelê Brinquedoteca,"Q. 104 Sul Avenida LO 1 - Plano Diretor Sul, Palmas - TO, 77020-020, Brazil",Palmas,busca_automatica,nome,outro,point_of_interest;establishment,,0,OPERATIONAL,,inconclusivo,,,+55 63 98158-6923,https://maps.google.com/?cid=7294296720063254364&g_mp=CiVnb29nbGUubWFwcy5wbGFjZXMudjEuUGxhY2VzLkdldFBsYWNlEAIYBCAA,2026-09-01,,,,,
ChIJY0GN60bLJJMR4NHLWa5X6XM,Vitoria Geek,"Q. 104 Sul Avenida Ns 4, 158 - Arse - centro, Palmas - TO, 77020-032, Brazil",Palmas,busca_automatica,nome,loja,book_store;store;point_of_interest;establishment,4.6,341,OPERATIONAL,,inconclusivo,https://www.instagram.com/vitoria_geek?igsh=bXkwaHptenB4MnF5,vitoria_geek,+55 63 3322-1388,https://maps.google.com/?cid=8352303390277751264&g_mp=CiVnb29nbGUubWFwcy5wbGFjZXMudjEuUGxhY2VzLkdldFBsYWNlEAIYBCAA,2026-09-16,,,,,
ChIJMyZxrKuDGZURY4QmuB42th4,B&B Games,"R. Cel. Aparício Borges, 250 - Teresópolis, Porto Alegre - RS, 90680-570, Brazil",Porto Alegre,busca_automatica,nome,loja,electronics_store;point_of_interest;store;establishment,4.6,341,OPERATIONAL,,inconclusivo,http://instagram.com/bebgamesteresopolis,bebgamesteresopolis,+55 51 99650-0829,https://maps.google.com/?cid=2213015772465628259&g_mp=CiVnb29nbGUubWFwcy5wbGFjZXMudjEuUGxhY2VzLkdldFBsYWNlEAIYBCAA,2026-09-16,,,,,
ChIJ4d68w215GZURtJ7UClWQ4o4,BeB Games Shop,"Av. Diário de Notícias, 300 - Cristal, Porto Alegre - RS, 90810-080, Brazil",Porto Alegre,busca_automatica,nome,loja,cell_phone_store;electronics_store;service;point_of_interest;store;establishment,4.8,305,OPERATIONAL,,inconclusivo,http://www.bebshop.com.br/,,+55 51 3276-4476,https://maps.google.com/?cid=10295950393050701492&g_mp=CiVnb29nbGUubWFwcy5wbGFjZXMudjEuUGxhY2VzLkdldFBsYWNlEAIYBCAA,2026-09-16,,,,,
ChIJ4TDIw5iDGZURIJBiOafxUPw,Casa Lúdica | Loja de Brinquedos Educativos em Porto Alegre - Zona Sul,"Av. Wenceslau Escobar, 1437 - Vila Assunção, Porto Alegre - RS, 91900-605, Brazil",Porto Alegre,busca_automatica,nome,loja,toy_store;store;point_of_interest;establishment,4.9,65,OPERATIONAL,2026-08-06,sim,https://www.casaludica.com.br/,,+55 51 99193-2455,https://maps.google.com/?cid=18181297396219285536&g_mp=CiVnb29nbGUubWFwcy5wbGFjZXMudjEuUGxhY2VzLkdldFBsYWNlEAIYBCAA,2026-09-01,,,,,
ChIJN76CzJ53GZURfenXtnLLbOw,Checkpoint Games,"Bourbon Shopping Country - Av. Túlio de Rose, 80 - 77 - Passo d'Areia, Porto Alegre - RS, 91340-080, Brazil",Porto Alegre,busca_automatica,nome,loja,store;point_of_interest;establishment,4.5,298,OPERATIONAL,,inconclusivo,,,+55 51 3311-0109,https://maps.google.com/?cid=17036215183990057341&g_mp=CiVnb29nbGUubWFwcy5wbGFjZXMudjEuUGxhY2VzLkdldFBsYWNlEAIYBCAA,2026-09-16,,,,,
ChIJi1Cdehp5GZUR6TD0jnD1iq8,Checkpoint Games Total,"Av. Cristóvão Colombo, 545 - Lj 1106 - Floresta, Porto Alegre - RS, 90035-153, Brazil",Porto Alegre,busca_automatica,nome,loja,store;point_of_interest;establishment,4.7,12,OPERATIONAL,,inconclusivo,,,+55 51 3018-7248,https://maps.google.com/?cid=12649192367206969577&g_mp=CiVnb29nbGUubWFwcy5wbGFjZXMudjEuUGxhY2VzLkdldFBsYWNlEAIYBCAA,2026-09-16,,,,,
ChIJMaUOsUCCGZUR5eX8QrUL7Io,DM Games,"Rua Victor Silva, 229 - Lj 05 - Camaquã, Porto Alegre - RS, 91920-530, Brazil",Porto Alegre,busca_automatica,nome,loja,store;point_of_interest;establishment,4.8,160,OPERATIONAL,,inconclusivo,,,+55 51 99161-2686,https://maps.google.com/?cid=10010388944878626277&g_mp=CiVnb29nbGUubWFwcy5wbGFjZXMudjEuUGxhY2VzLkdldFBsYWNlEAIYBCAA,2026-09-16,,,,,
ChIJZeaWMGaCGZURbQaAIwBfxus,FM games,"Av. da Cavalhada, 2360 - Lj 105 - Cavalhada, Porto Alegre - RS, 91740-000, Brazil",Porto Alegre,busca_automatica,nome,loja,store;point_of_interest;establishment,4.8,319,OPERATIONAL,,inconclusivo,https://instagram.com/_fmgames?igshid=MzNlNGNkZWQ4Mg==,_fmgames,+55 51 99963-9229,https://maps.google.com/?cid=16989371098502006381&g_mp=CiVnb29nbGUubWFwcy5wbGFjZXMudjEuUGxhY2VzLkdldFBsYWNlEAIYBCAA,2026-09-16,,,,,
ChIJSTDJiAV5GZURG0iVNFCTGGM,Horda Nerd,"R. Riachuelo, 1320 - Centro Histórico, Porto Alegre - RS, 90010-273, Brazil",Porto Alegre,busca_automatica,nome,loja,store;point_of_interest;establishment,4.6,50,OPERATIONAL,,inconclusivo,http://www.hordanerd.com.br/,,+55 51 99692-9977,https://maps.google.com/?cid=7140619181884786715&g_mp=CiVnb29nbGUubWFwcy5wbGFjZXMudjEuUGxhY2VzLkdldFBsYWNlEAIYBCAA,2026-09-16,,,,,
ChIJV8oXhgV5GZURziXuQ4QUGCg,Ilusões Industriais,"R. Riachuelo, 1334 - Lj 6 - Centro Histórico, Porto Alegre - RS, 90010-273, Brazil",Porto Alegre,busca_automatica,avaliacao,loja,store;point_of_interest;establishment,4.5,434,OPERATIONAL,2026-07-28,sim,https://www.lojailusoes.com.br/,,+55 51 3212-7657,https://maps.google.com/?cid=2889081719266092494&g_mp=CiVnb29nbGUubWFwcy5wbGFjZXMudjEuUGxhY2VzLkdldFBsYWNlEAIYBCAA,2026-09-01,,,,,
ChIJE1UxnhN3GZURqblAoNB7yfo,Ilusões Industriais Bourbon Country,"Av. Túlio de Rose, 80 No 2o andar próximo as esdadas rolante - Passo d'Areia, Porto Alegre - RS, 91340-110, Brazil",Porto Alegre,busca_automatica,avaliacao,loja,store;toy_store;association_or_organization;point_of_interest;establishment,4.8,51,OPERATIONAL,2026-04-14,sim,,,+55 51 98623-0299,https://maps.google.com/?cid=18071111115772836265&g_mp=CiVnb29nbGUubWFwcy5wbGFjZXMudjEuUGxhY2VzLkdldFBsYWNlEAIYBCAA,2026-09-01,,,,,
ChIJW5h5saN4GZURamqMy4PvK1U,Jogos Boole,"Av. Capivari, 165 - Cristal, Porto Alegre - RS, 90810-070, Brazil",Porto Alegre,busca_automatica,nome,loja,store;point_of_interest;establishment,4.1,7,OPERATIONAL,2026-08-09,sim,http://jogosboole.com.br,,+55 51 99121-8804,https://maps.google.com/?cid=6137262266557164138&g_mp=CiVnb29nbGUubWFwcy5wbGFjZXMudjEuUGxhY2VzLkdldFBsYWNlEAIYBCAA,2026-09-01,,,,,
ChIJmyUFzQt5GZURq_vc-kMrlGI,Jogos Fantásticos e Onde Habitam - Aluguel de Jogos de Tabuleiro em Porto Alegre,"Av. Praia de Belas, 733 - Praia de Belas, Porto Alegre - RS, 90110-001, Brazil",Porto Alegre,busca_automatica,nome,outro,association_or_organization;point_of_interest;establishment,5,6,OPERATIONAL,2026-08-04,sim,https://jogosfantasticos.com.br/,,+55 51 98659-5458,https://maps.google.com/?cid=7103350083241704363&g_mp=CiVnb29nbGUubWFwcy5wbGFjZXMudjEuUGxhY2VzLkdldFBsYWNlEAIYBCAA,2026-09-01,,,,,
ChIJi8IQud95GZURGnZXARGazCw,LS Gamestore,"R. Riachuelo, 1038 - Sl 705 - Centro Histórico, Porto Alegre - RS, 90010-272, Brazil",Porto Alegre,busca_automatica,nome,loja,electronics_store;cell_phone_store;toy_store;store;point_of_interest;establishment,4.9,149,OPERATIONAL,,inconclusivo,,,+55 51 99167-6603,https://maps.google.com/?cid=3228124430745433626&g_mp=CiVnb29nbGUubWFwcy5wbGFjZXMudjEuUGxhY2VzLkdldFBsYWNlEAIYBCAA,2026-09-16,,,,,
ChIJeQSBxIB5GZURF_5nVdRIpoA,Ludoteca Básica,"R. Dr. Júlio Bocaccio, 64 - Santo Antônio, Porto Alegre - RS, 90640-020, Brazil",Porto Alegre,busca_automatica,nome+avaliacao,outro,point_of_interest;association_or_organization;establishment,5,5,OPERATIONAL,2025-03-12,inconclusivo,https://ludotecabasica.acervodejogos.com.br/,,+55 51 99978-0088,https://maps.google.com/?cid=9270176959791889943&g_mp=CiVnb29nbGUubWFwcy5wbGFjZXMudjEuUGxhY2VzLkdldFBsYWNlEAIYBCAA,2026-09-01,,,,,
ChIJc5Ngqb93GZURsXxqn5PFaUQ,MTG Magic Combo,"R. Umbú, 99 - Passo d'Areia, Porto Alegre - RS, 91350-100, Brazil",Porto Alegre,busca_automatica,nome,outro,association_or_organization;point_of_interest;establishment,,0,OPERATIONAL,,inconclusivo,,,,https://maps.google.com/?cid=4929688504959138993&g_mp=CiVnb29nbGUubWFwcy5wbGFjZXMudjEuUGxhY2VzLkdldFBsYWNlEAIYBCAA,2026-09-16,,,,,
ChIJRcoj20fVG5URBISzTJ70bH0,Masmorra Board Games,"Av. Brasilia, 258 - Coronel Nassuca, Guaíba - RS, 92701-710, Brazil",Porto Alegre,busca_automatica,nome+avaliacao,loja,store;point_of_interest;establishment,4.9,87,OPERATIONAL,2025-12-16,inconclusivo,https://www.masmorra.com.br/,,+55 51 2929-0151,https://maps.google.com/?cid=9037867512954586116&g_mp=CiVnb29nbGUubWFwcy5wbGFjZXMudjEuUGxhY2VzLkdldFBsYWNlEAIYBCAA,2026-09-01,,,,,
ChIJkbDJNsB5GZURMq9njXiOzvg,Mint & Hood Card Games,"Rua Tenente Coronel Fabricio Pillar, 681 - 2° andar - Mont'Serrat, Porto Alegre - RS, 90450-040, Brazil",Porto Alegre,busca_automatica,nome,loja,store;point_of_interest;establishment,4.8,50,OPERATIONAL,,inconclusivo,https://www.minthood.com.br/,,+55 51 99525-4209,https://maps.google.com/?cid=17928423815028125490&g_mp=CiVnb29nbGUubWFwcy5wbGFjZXMudjEuUGxhY2VzLkdldFBsYWNlEAIYBCAA,2026-09-16,,,,,
ChIJlXnY2-95GZUR4OAvG0UtQnU,Multiverso Cultura Geek,"Shopping Total - Av. Cristóvão Colombo, 545 - Lj 2213 segundo andar - Independência, Porto Alegre - RS, 90560-003, Brazil",Porto Alegre,busca_automatica,nome,loja,store;point_of_interest;establishment,5,90,OPERATIONAL,,inconclusivo,https://www.instagram.com/_multiversopoa/?utm_source=ig_web_button_share_sheet&igshid=OGQ5ZDc2ODk2ZA==,_multiversopoa,+55 51 3018-7575,https://maps.google.com/?cid=8449365625732587744&g_mp=CiVnb29nbGUubWFwcy5wbGFjZXMudjEuUGxhY2VzLkdldFBsYWNlEAIYBCAA,2026-09-16,,,,,
ChIJ5zKpvKN5GZUR6AxgANEs1ak,Nerdz Cards,"R. Sarmento Leite, 641 - Centro Histórico, Porto Alegre - RS, 90050-170, Brazil",Porto Alegre,busca_automatica,nome,loja,toy_store;point_of_interest;store;establishment,4.5,83,OPERATIONAL,2026-08-08,sim,https://www.nerdzcards.com.br/,,+55 51 99109-3873,https://maps.google.com/?cid=12237736838615272680&g_mp=CiVnb29nbGUubWFwcy5wbGFjZXMudjEuUGxhY2VzLkdldFBsYWNlEAIYBCAA,2026-09-01,,,,,
ChIJTXQ20_mDGZURZvGm6v61Yhg,Paladino Geek,"R. São Francisco, 30 - Santana, Porto Alegre - RS, 90620-070, Brazil",Porto Alegre,busca_automatica,nome,loja,store;point_of_interest;establishment,5,50,OPERATIONAL,,inconclusivo,http://www.paladinocards.com.br/,,+55 51 99589-1890,https://maps.google.com/?cid=1757166911091044710&g_mp=CiVnb29nbGUubWFwcy5wbGFjZXMudjEuUGxhY2VzLkdldFBsYWNlEAIYBCAA,2026-09-16,,,,,
ChIJNUqwIxR5GZUR0IdZDZeBNuc,Pimponeta Brinquedoteca,"R. Silveiro, 263 - Menino Deus, Porto Alegre - RS, 90850-000, Brazil",Porto Alegre,busca_automatica,nome,outro,point_of_interest;establishment,4.9,47,OPERATIONAL,2026-05-24,sim,https://www.instagram.com/pimponetapoa/,pimponetapoa,+55 51 3085-0320,https://maps.google.com/?cid=16660646357267744720&g_mp=CiVnb29nbGUubWFwcy5wbGFjZXMudjEuUGxhY2VzLkdldFBsYWNlEAIYBCAA,2026-09-01,,,,,
ChIJsQAebvp4GZURq9U8W7FqO1c,Ri Happy Toys,"Av. Borges de Medeiros, 1181 - Piso 1 - Praia de Belas, Porto Alegre - RS, 90110-001, Brazil",Porto Alegre,busca_automatica,avaliacao,loja,toy_store;store;point_of_interest;establishment,4.4,1308,OPERATIONAL,2023-08-08,inconclusivo,http://rihappy.com.br/,,+55 51 3084-5499,https://maps.google.com/?cid=6285735014898128299&g_mp=CiVnb29nbGUubWFwcy5wbGFjZXMudjEuUGxhY2VzLkdldFBsYWNlEAIYBCAA,2026-09-01,,,,,
ChIJvfck8qB4GZURXlox7bJj4PA,Superlegal Brinquedos,"Cristal, Porto Alegre - RS, 90810-080, Brazil",Porto Alegre,busca_automatica,nome+avaliacao,loja,toy_store;store;point_of_interest;establishment,4.4,309,OPERATIONAL,2026-04-08,sim,https://www.superlegalbrinquedos.com.br/,,+55 51 98028-8807,https://maps.google.com/?cid=17356982584020654686&g_mp=CiVnb29nbGUubWFwcy5wbGFjZXMudjEuUGxhY2VzLkdldFBsYWNlEAIYBCAA,2026-09-01,,,,,
ChIJd0pkf695GZURLtfDyRQIo14,Superlegal Brinquedos Shopping Total,"Av. Cristóvão Colombo, 545 - Lj 2140 - Independência, Porto Alegre - RS, 90560-003, Brazil",Porto Alegre,busca_automatica,nome,loja,toy_store;store;point_of_interest;establishment,4.5,255,OPERATIONAL,,inconclusivo,https://www.superlegalbrinquedos.com.br/,,+55 51 3105-6036,https://maps.google.com/?cid=6819303146146486062&g_mp=CiVnb29nbGUubWFwcy5wbGFjZXMudjEuUGxhY2VzLkdldFBsYWNlEAIYBCAA,2026-09-16,,,,,
ChIJgdgE5CRzGZURnSZMmKHgiJ8,Tartaleiro Board Games,"R. Esperança, 235 - Barnabé, Gravataí - RS, 94150-050, Brazil",Porto Alegre,busca_automatica,nome,outro,association_or_organization;point_of_interest;establishment,5,2,OPERATIONAL,,inconclusivo,https://tartaleiro.lends.com.br/,,+55 51 99790-9857,https://maps.google.com/?cid=11495685033512674973&g_mp=CiVnb29nbGUubWFwcy5wbGFjZXMudjEuUGxhY2VzLkdldFBsYWNlEAIYBCAA,2026-09-16,,,,,
ChIJMxLojXp3GZURO6vAFudn0Xk,Tondin Games,"Av. Assis Brasil, 3535 - Sl 1215 - Jardim Lindóia, Porto Alegre - RS, 91010-007, Brazil",Porto Alegre,busca_automatica,nome,loja,store;point_of_interest;establishment,4.9,455,OPERATIONAL,,inconclusivo,http://www.tondingames.com.br/,,+55 51 98596-2603,https://maps.google.com/?cid=8777911390938639163&g_mp=CiVnb29nbGUubWFwcy5wbGFjZXMudjEuUGxhY2VzLkdldFBsYWNlEAIYBCAA,2026-09-16,,,,,
ChIJ0wN_xE15GZUR6XmCUCQxtnU,Twin Games,"Rua Jaime Telles, 62 - Sl 101 - Petrópolis, Porto Alegre - RS, 90460-030, Brazil",Porto Alegre,busca_automatica,nome,outro,point_of_interest;association_or_organization;establishment,5,1,OPERATIONAL,2026-06-28,sim,https://twingames.com.br/,,,https://maps.google.com/?cid=8482020980238219753&g_mp=CiVnb29nbGUubWFwcy5wbGFjZXMudjEuUGxhY2VzLkdldFBsYWNlEAIYBCAA,2026-09-01,,,,,
ChIJEbwbSLR5GZURBPqQavE4h3U,ViraLua Essência dos Brinquedos,"Av. Cristóvão Colombo, 1336 - Floresta, Porto Alegre - RS, 90560-001, Brazil",Porto Alegre,busca_automatica,nome,loja,toy_store;book_store;child_care_agency;bicycle_store;sporting_goods_store;store;point_of_interest;service;establishment,5,82,OPERATIONAL,2026-05-03,sim,http://www.viralua.com.br/,,+55 51 99261-2460,https://maps.google.com/?cid=8468800233819666948&g_mp=CiVnb29nbGUubWFwcy5wbGFjZXMudjEuUGxhY2VzLkdldFBsYWNlEAIYBCAA,2026-09-01,,,,,
ChIJQZTAXgh5GZUREobgHwJtGJ4,Vídeo Game Porto Alegre,"Av. Alberto Bins, 308 - Sl 12 - Centro Histórico, Porto Alegre - RS, 90030-140, Brazil",Porto Alegre,busca_automatica,nome,loja,store;point_of_interest;establishment,4.5,156,OPERATIONAL,,inconclusivo,https://www.videogameportoalegre.com.br/,,+55 51 98299-2876,https://maps.google.com/?cid=11391975113325839890&g_mp=CiVnb29nbGUubWFwcy5wbGFjZXMudjEuUGxhY2VzLkdldFBsYWNlEAIYBCAA,2026-09-16,,,,,
ChIJPX9w-9BcMpIRGuHLC2Bokno,Forfun Club Store - Porto Velho,"Av. Calama, 4920 - Flodoaldo Pontes Pinto, Porto Velho - RO, 76820-442, Brazil",Porto Velho,busca_automatica,avaliacao,loja,toy_store;book_store;point_of_interest;association_or_organization;store;establishment,4.9,27,OPERATIONAL,2025-11-21,inconclusivo,http://www.forfunclubstore.com/,,+55 69 99307-6479,https://maps.google.com/?cid=8832236580951023898&g_mp=CiVnb29nbGUubWFwcy5wbGFjZXMudjEuUGxhY2VzLkdldFBsYWNlEAIYBCAA,2026-09-01,,,,,
ChIJCaCJQjJdMpIRs9oyk55sC_o,HOG CYBER CAFE- House Of Gamers,"Av. Calama, 1789 - São João Bosco, Porto Velho - RO, 76803-745, Brazil",Porto Velho,busca_automatica,nome,outro,internet_cafe;service;point_of_interest;establishment,4.8,17,OPERATIONAL,2026-04-05,sim,http://instagram.com/maidcafehog,maidcafehog,,https://maps.google.com/?cid=18017614162556017331&g_mp=CiVnb29nbGUubWFwcy5wbGFjZXMudjEuUGxhY2VzLkdldFBsYWNlEAIYBCAA,2026-09-01,,,,,
ChIJizeSopZbMpIR7amBZH6GBDI,LHPC Games,"R. Ivone Chakian - Juscelino Kubitschek, Porto Velho - RO, 76829-354, Brazil",Porto Velho,busca_automatica,nome,loja,store;point_of_interest;establishment,3,2,OPERATIONAL,,inconclusivo,https://locacao-de-jogos-de-ps4.ueniweb.com/?utm_campaign=gmb,,+55 69 99214-8304,https://maps.google.com/?cid=3604153479213459949&g_mp=CiVnb29nbGUubWFwcy5wbGFjZXMudjEuUGxhY2VzLkdldFBsYWNlEAIYBCAA,2026-09-16,,,,,
ChIJdcnTAtldMpIR3EL-fla78Og,Lanna Brinquedos,"R: José Bonifácio, n° 108 - no camelô - Centro, Porto Velho - RO, 76801-074, Brazil",Porto Velho,busca_automatica,nome,loja,toy_store;point_of_interest;store;establishment,4.8,12,OPERATIONAL,,inconclusivo,https://www.instagram.com/lannabrinquedos/,lannabrinquedos,+55 69 99290-4142,https://maps.google.com/?cid=16785121791382012636&g_mp=CiVnb29nbGUubWFwcy5wbGFjZXMudjEuUGxhY2VzLkdldFBsYWNlEAIYBCAA,2026-09-16,,,,,
ChIJCaVRkapEMpIRjzPq0gKV8eg,POWER GAMES INFORMATICA - VENDAS E ASSISTENCIA TECNICA,"Av. Mamoré, 2309 - Três Marias, Porto Velho - RO, 76812-741, Brazil",Porto Velho,busca_automatica,nome,loja,cell_phone_store;electronics_store;store;point_of_interest;service;establishment,4.5,32,OPERATIONAL,,inconclusivo,https://powergamesinformatica.lovable.app/,,+55 69 99359-6225,https://maps.google.com/?cid=16785361125547586447&g_mp=CiVnb29nbGUubWFwcy5wbGFjZXMudjEuUGxhY2VzLkdldFBsYWNlEAIYBCAA,2026-09-16,,,,,
ChIJb4vvqcddMpIRA2Kkkv7eTGg,SPACE GAMER & ESCOLA MEGAMENTE - LOJA E ESPAÇO GAMER,"Av. Rio Madeira, 3288 - (Shopping - Flodoaldo Pontes Pinto, Porto Velho - RO, 76820-408, Brazil",Porto Velho,busca_automatica,nome,loja,educational_institution;service;store;point_of_interest;establishment,4.4,27,OPERATIONAL,2026-04-09,sim,,,+55 69 99320-5745,https://maps.google.com/?cid=7515627063137821187&g_mp=CiVnb29nbGUubWFwcy5wbGFjZXMudjEuUGxhY2VzLkdldFBsYWNlEAIYBCAA,2026-09-01,,,,,
ChIJiYZ3WWZcMpIRgKNI1baLPD4,Só Games Cell Parts,"R. Tancredo Neves, 3373 - Caladinho, Porto Velho - RO, 76808-118, Brazil",Porto Velho,busca_automatica,nome,loja,electronics_store;service;point_of_interest;store;establishment,4.5,495,OPERATIONAL,,inconclusivo,http://www.sogamescellparts.com/,,+55 69 99373-3581,https://maps.google.com/?cid=4484612946332787584&g_mp=CiVnb29nbGUubWFwcy5wbGFjZXMudjEuUGxhY2VzLkdldFBsYWNlEAIYBCAA,2026-09-16,,,,,
ChIJAZ75nhbXxW8RjjpbdPYT_Z4,Ukai - Aluguel de Brinquedos para o dia a dia,"R. Jardins, 112 - Bairro Novo, Porto Velho - RO, 76817-001, Brazil",Porto Velho,busca_automatica,nome,loja,toy_store;store;point_of_interest;establishment,5,20,OPERATIONAL,2023-02-11,inconclusivo,https://wa.me/c/556993125325,,+55 69 99312-5325,https://maps.google.com/?cid=11456334976335428238&g_mp=CiVnb29nbGUubWFwcy5wbGFjZXMudjEuUGxhY2VzLkdldFBsYWNlEAIYBCAA,2026-09-01,,,,,
ChIJAQBJWMZcMpIR9ESAtZQwxFo,card ideal,"R. Dom Pedro II, 2195 - São Cristóvão, Porto Velho - RO, 76804-033, Brazil",Porto Velho,busca_automatica,nome,loja,toy_store;point_of_interest;store;establishment,5,1,OPERATIONAL,,inconclusivo,,,+55 4003-3017,https://maps.google.com/?cid=6540405974107178228&g_mp=CiVnb29nbGUubWFwcy5wbGFjZXMudjEuUGxhY2VzLkdldFBsYWNlEAIYBCAA,2026-09-16,,,,,
ChIJBWiCAwBfzpQR3y8JZajZyuI,Lendario Card Games,"Av. Celso Garcia, 4367 - Tatuapé, São Paulo - SP, 03063-000, Brazil",Porto Velho;Rio Branco;São Paulo,busca_automatica,nome,loja,point_of_interest;store;establishment,4.9,70,OPERATIONAL,,inconclusivo,http://lendariocardgames.com.br/,,,https://maps.google.com/?cid=16342113515140100063&g_mp=CiVnb29nbGUubWFwcy5wbGFjZXMudjEuUGxhY2VzLkdldFBsYWNlEAIYBCAA,2026-09-16,,,,,
ChIJN6oPbgAZqwcRaaXGaDZXc8Y,Brinquedoteca do Pedro,"R. do Espinheiro, 533 - Espinheiro, Recife - PE, 52020-025, Brazil",Recife,busca_automatica,nome,outro,playground;point_of_interest;establishment,3.8,152,OPERATIONAL,2026-07-24,sim,https://viniciusvurth.my.canva.site/brinquedoteca-do-pedroo?fbclid=PAAabeJvujFazS8h0AOGq0jlgMg_urb-Zs_cs38CrneN8xCFttW44VE4lKNJI_aem_Abhm__j_DhXv3IwZ1HUXfYBoC7FhfKuVh9-JnI_JzIpca4mAaCnPHjquNj1sd2FFPOg,,+55 81 98573-3013,https://maps.google.com/?cid=14299869133029156201&g_mp=CiVnb29nbGUubWFwcy5wbGFjZXMudjEuUGxhY2VzLkdldFBsYWNlEAIYBCAA,2026-09-01,,,,,
ChIJU7q_hVEfqwcRxNkeHJ-woKI,Caverna do Dragão Card Shop,"Av. Conselheiro Aguiar, 4880 - loja 35 - térreo - Boa Viagem, Recife - PE, 51021-020, Brazil",Recife,busca_automatica,nome,loja,toy_store;point_of_interest;store;establishment,4.9,96,OPERATIONAL,,inconclusivo,https://www.cavernadodragaocardshop.com.br/,,+55 81 98977-5504,https://maps.google.com/?cid=11718560427836103108&g_mp=CiVnb29nbGUubWFwcy5wbGFjZXMudjEuUGxhY2VzLkdldFBsYWNlEAIYBCAA,2026-09-16,,,,,
ChIJ_WS-gXIZqwcRJEm1exfeYNw,Criativa - Loja de Brinquedos em Recife,"Av. Conde da Boa Vista, 610, Loja 213C, 2 Andar Shopping Boa Vista - Soledade, Recife - PE, 50060-001, Brazil",Recife,busca_automatica,nome,loja,toy_store;point_of_interest;store;establishment,4.9,950,OPERATIONAL,,inconclusivo,https://www.instagram.com/criativabrinquedosepresentes/,criativabrinquedosepresentes,+55 83 98899-9609,https://maps.google.com/?cid=15879936478549461284&g_mp=CiVnb29nbGUubWFwcy5wbGFjZXMudjEuUGxhY2VzLkdldFBsYWNlEAIYBCAA,2026-09-16,,,,,
ChIJrU2D9bkYqwcRMw5QIH_W93Y,Doutor Game,"R. Ijuí, 293 - Torrões, Recife - PE, 50640-070, Brazil",Recife,busca_automatica,nome,loja,electronics_store;store;service;point_of_interest;establishment,4.8,1369,OPERATIONAL,,inconclusivo,http://www.doutorgame.com.br/,,+55 81 98676-3169,https://maps.google.com/?cid=8572556257214336563&g_mp=CiVnb29nbGUubWFwcy5wbGFjZXMudjEuUGxhY2VzLkdldFBsYWNlEAIYBCAA,2026-09-16,,,,,
ChIJP0M935EZqwcRWkubiD8IYU8,GAMER PRO Info - Informática e Assistência Técnica,"R. Gen. Polidoro, 718 - Lj C - Várzea, Recife - PE, 50740-050, Brazil",Recife,busca_automatica,nome,loja,electronics_store;store;point_of_interest;service;establishment,4.8,325,OPERATIONAL,,inconclusivo,,,+55 81 99239-9639,https://maps.google.com/?cid=5719862070705081178&g_mp=CiVnb29nbGUubWFwcy5wbGFjZXMudjEuUGxhY2VzLkdldFBsYWNlEAIYBCAA,2026-09-16,,,,,
ChIJk41d7DsfqwcR5-mZtALjDGI,Game Station - RioMar Shopping,"Av. República do Líbano, 251 - Pina, Recife - PE, 51110-160, Brazil",Recife,busca_automatica,nome,loja,video_arcade;bowling_alley;department_store;amusement_park;park;sports_complex;amusement_center;store;sports_activity_location;point_of_interest;establishment,4.4,3301,OPERATIONAL,2022-08-19,inconclusivo,http://gamestation.com.br/bowling.php,,+55 81 3032-3981,https://maps.google.com/?cid=7065271516196891111&g_mp=CiVnb29nbGUubWFwcy5wbGFjZXMudjEuUGxhY2VzLkdldFBsYWNlEAIYBCAA,2026-09-01,,,,,
ChIJNeYc0h4fqwcR4F0JqfKlFeI,Game Station - Shopping Recife,"R. Padre Carapuceiro, 777 - Boa Viagem, Recife - PE, 51020-900, Brazil",Recife,busca_automatica,nome,outro,shopping_mall;amusement_center;point_of_interest;establishment,4.4,2505,OPERATIONAL,2024-12-01,inconclusivo,http://www.shoppingrecife.com.br/,,+55 81 3326-8420,https://maps.google.com/?cid=16291109688719269344&g_mp=CiVnb29nbGUubWFwcy5wbGFjZXMudjEuUGxhY2VzLkdldFBsYWNlEAIYBCAA,2026-09-01,,,,,
ChIJ_a-TajsfqwcRYx_m7yVBtUg,GameBox - RioMar Recife,"Av. República Árabe Unida, 251 - Pina, Recife - PE, 51110-160, Brazil",Recife,busca_automatica,nome,outro,point_of_interest;service;establishment,4.5,52,OPERATIONAL,2026-06-15,sim,https://www.gamestation.com.br/index.php,,,https://maps.google.com/?cid=5239165372709871459&g_mp=CiVnb29nbGUubWFwcy5wbGFjZXMudjEuUGxhY2VzLkdldFBsYWNlEAIYBCAA,2026-09-01,,,,,
ChIJNZezaecZqwcRheMGrY5Eh20,Geek Shop Brasil,"Rua Conselheiro Portela, 655 - Sl 108 - Aflitos, Recife - PE, 52020-512, Brazil",Recife,busca_automatica,nome,loja,store;point_of_interest;establishment,5,23,OPERATIONAL,,inconclusivo,http://mypcards.com/geek,,+55 81 99667-3749,https://maps.google.com/?cid=7892352251569038213&g_mp=CiVnb29nbGUubWFwcy5wbGFjZXMudjEuUGxhY2VzLkdldFBsYWNlEAIYBCAA,2026-09-16,,,,,
ChIJXTlPZ08aqwcRxSWVMwAP0ug,Império dos Games,"Av. Dr. Belminio Correia, 924 - Bairro Novo do Carmelo, Camaragibe - PE, 54762-303, Brazil",Recife,busca_automatica,nome,loja,store;point_of_interest;establishment,4.3,211,OPERATIONAL,,inconclusivo,,,+55 81 3456-1291,https://maps.google.com/?cid=16776488055448348101&g_mp=CiVnb29nbGUubWFwcy5wbGFjZXMudjEuUGxhY2VzLkdldFBsYWNlEAIYBCAA,2026-09-16,,,,,
ChIJ3aOySD8fqwcRM5jPRigh9jk,L.B GAMES,"R. Padre Carapuceiro, 800 - Boa Viagem, Recife - PE, 51020-000, Brazil",Recife,busca_automatica,nome,loja,store;point_of_interest;establishment,4.5,112,OPERATIONAL,,inconclusivo,https://www.instagram.com/l_b_games?igsh=MXRyZnp6a3Vza3pteg==,l_b_games,+55 81 99926-2692,https://maps.google.com/?cid=4176562161303132211&g_mp=CiVnb29nbGUubWFwcy5wbGFjZXMudjEuUGxhY2VzLkdldFBsYWNlEAIYBCAA,2026-09-16,,,,,
ChIJO2IblLgZqwcRLC2EATBjs64,Loja UltraCombo Games,"Av. Dantas Barreto, 897 - São José, Recife - PE, 50020-000, Brazil",Recife,busca_automatica,nome,loja,video_arcade;store;point_of_interest;establishment,4.7,29,OPERATIONAL,,inconclusivo,http://www.instagram.com/ultracombogames,ultracombogames,+55 81 98400-3741,https://maps.google.com/?cid=12588514441265687852&g_mp=CiVnb29nbGUubWFwcy5wbGFjZXMudjEuUGxhY2VzLkdldFBsYWNlEAIYBCAA,2026-09-16,,,,,
ChIJATzw3kMVqwcRdQoRnaNMsVE,Loja dos games,"R. MANOEL DE BARROS, 1215 - Planalto, Abreu e Lima - PE, 53550-725, Brazil",Recife,busca_automatica,nome,outro,association_or_organization;point_of_interest;establishment,,0,OPERATIONAL,,inconclusivo,,,,https://maps.google.com/?cid=5886570453548468853&g_mp=CiVnb29nbGUubWFwcy5wbGFjZXMudjEuUGxhY2VzLkdldFBsYWNlEAIYBCAA,2026-09-16,,,,,
ChIJeSyfsJEYqwcR69zU77zoFkE,Magic Center Recife,"Condomínio do Edificio Pessoa de Melo - Av. Conde da Boa Vista, 50 - Sl 105 - Boa Vista, Recife - PE, 50060-004, Brazil",Recife,busca_automatica,nome,loja,movie_rental;book_store;toy_store;clothing_store;service;point_of_interest;store;establishment,4.1,415,OPERATIONAL,,inconclusivo,https://www.instagram.com/magiccenterrecife/,magiccenterrecife,+55 81 98470-3176,https://maps.google.com/?cid=4690191960128150763&g_mp=CiVnb29nbGUubWFwcy5wbGFjZXMudjEuUGxhY2VzLkdldFBsYWNlEAIYBCAA,2026-09-16,,,,,
ChIJV6LiHPcYqwcRlz0JRjCWbnE,Mano's Games,"frente ao china 48 delivery - Rua Conselheiro Portela, 665 - Lj 05 De - Espinheiro, Recife - PE, 52020-020, Brazil",Recife,busca_automatica,nome,loja,store;point_of_interest;establishment,4.7,66,OPERATIONAL,2026-08-07,sim,,,+55 81 3427-2326,https://maps.google.com/?cid=8173635507801636247&g_mp=CiVnb29nbGUubWFwcy5wbGFjZXMudjEuUGxhY2VzLkdldFBsYWNlEAIYBCAA,2026-09-01,,,,,
ChIJoc8aVEcZqwcRMQnI0iA1_XY,Mesa RPG,"R. Hermílio Gomes, 189 - casa B - Campo Grande, Recife - PE, 52031-020, Brazil",Recife,busca_automatica,nome,outro,association_or_organization;point_of_interest;establishment,,0,OPERATIONAL,,inconclusivo,http://www.mesarpg.com.br/,,+55 81 99728-1949,https://maps.google.com/?cid=8574067680674842929&g_mp=CiVnb29nbGUubWFwcy5wbGFjZXMudjEuUGxhY2VzLkdldFBsYWNlEAIYBCAA,2026-09-16,,,,,
ChIJJ216gWsbqwcRgjCwj5wYp-0,Mochila Geek,"Av. Dr. Belmino Correia, 2318 - Timbi, Camaragibe - PE, 54762-303, Brazil",Recife,busca_automatica,nome,loja,toy_store;store;point_of_interest;establishment,4.9,147,OPERATIONAL,2026-05-19,sim,http://www.mochilageek.com.br/,,+55 81 99798-2885,https://maps.google.com/?cid=17124683168804253826&g_mp=CiVnb29nbGUubWFwcy5wbGFjZXMudjEuUGxhY2VzLkdldFBsYWNlEAIYBCAA,2026-09-01,,,,,
ChIJ-duHVp-ExIsR5QYbFeGBcLU,Pyro Geek Store - Loja Geek,"Av. Dezessete de Agosto, 1161 - Lj 03 - Casa Forte, Recife - PE, 52061-080, Brazil",Recife,busca_automatica,nome,loja,store;point_of_interest;establishment,5,5,OPERATIONAL,,inconclusivo,http://instagram.com/pyrogeekstore,pyrogeekstore,+55 81 99987-6076,https://maps.google.com/?cid=13074092521978267365&g_mp=CiVnb29nbGUubWFwcy5wbGFjZXMudjEuUGxhY2VzLkdldFBsYWNlEAIYBCAA,2026-09-16,,,,,
ChIJa3u7y6YZqwcRNXudThA0wVc,QBGEEK,"R. da Hora, 345 - Lj 14 - Espinheiro, Recife - PE, 52020-010, Brazil",Recife,busca_automatica,nome,outro,shopping_mall;point_of_interest;establishment,5,48,OPERATIONAL,,inconclusivo,,,+55 81 98263-7882,https://maps.google.com/?cid=6323392596447951669&g_mp=CiVnb29nbGUubWFwcy5wbGFjZXMudjEuUGxhY2VzLkdldFBsYWNlEAIYBCAA,2026-09-16,,,,,
ChIJT2cQ8WwfqwcRt0YgYzfsFlY,RPG & Coffee,"Av. Conselheiro Aguiar, 4880 - sala 22 - Boa Viagem, Recife - PE, 51021-020, Brazil",Recife,busca_automatica,nome,alimentos_bebidas,coffee_shop;food_store;cafe;store;food;point_of_interest;establishment,5,73,OPERATIONAL,2026-05-24,sim,http://rpgecoffee.com.br/,,+55 81 99541-8897,https://maps.google.com/?cid=6203405259379852983&g_mp=CiVnb29nbGUubWFwcy5wbGFjZXMudjEuUGxhY2VzLkdldFBsYWNlEAIYBCAA,2026-09-01,,,,,
ChIJeUSEjrkYqwcRl3gXQXsmECQ,Top Games,"R. Camboa do Carmo, 43 - Santo Antônio, Recife - PE, 50010-390, Brazil",Recife,busca_automatica,nome,loja,store;service;point_of_interest;establishment,4.1,141,OPERATIONAL,,inconclusivo,,,+55 81 3037-0224,https://maps.google.com/?cid=2598619295807666327&g_mp=CiVnb29nbGUubWFwcy5wbGFjZXMudjEuUGxhY2VzLkdldFBsYWNlEAIYBCAA,2026-09-16,,,,,
ChIJhea7H1MZqwcRqVxPaqvCs1k,Top Games - Shopping Plaza Casa Forte,"R. Dr. João Santos Filho - Parnamirim, Recife - PE, 52060-615, Brazil",Recife,busca_automatica,nome,loja,store;point_of_interest;establishment,4.3,29,OPERATIONAL,,inconclusivo,,,+55 81 3299-4139,https://maps.google.com/?cid=6463723931685575849&g_mp=CiVnb29nbGUubWFwcy5wbGFjZXMudjEuUGxhY2VzLkdldFBsYWNlEAIYBCAA,2026-09-16,,,,,
ChIJhWa9WcY9qwcRWkOkmgNvWfM,Torres do Dragão,"R. Sessenta e Quatro, 156 - Maranguape I, Paulista - PE, 53441-240, Brazil",Recife,busca_automatica,avaliacao,loja,store;point_of_interest;establishment,4.2,5,OPERATIONAL,2026-08-30,sim,,,+55 81 99763-3141,https://maps.google.com/?cid=17535168685413778266&g_mp=CiVnb29nbGUubWFwcy5wbGFjZXMudjEuUGxhY2VzLkdldFBsYWNlEAIYBCAA,2026-09-01,,,,,
ChIJt8GjZMcYqwcRUtE5E44Yhwg,Trade Games,"R. Imperatriz Teresa Cristina, 254 - Boa Vista, Recife - PE, 50060-120, Brazil",Recife,busca_automatica,nome,loja,store;point_of_interest;establishment,4.9,37,OPERATIONAL,,inconclusivo,,,+55 81 98706-2227,https://maps.google.com/?cid=614486872646340946&g_mp=CiVnb29nbGUubWFwcy5wbGFjZXMudjEuUGxhY2VzLkdldFBsYWNlEAIYBCAA,2026-09-16,,,,,
ChIJSTIV-KIfqwcROAjEHdlnidY,UNIGAMES,"R. Padre Carapuceiro, 777 - Lj PC159 - Boa Viagem, Recife - PE, 51020-280, Brazil",Recife,busca_automatica,nome,loja,electronics_store;store;point_of_interest;establishment,4.6,376,OPERATIONAL,,inconclusivo,https://lojasunigames.com.br/lojas-fisicas/,,+55 81 98891-2358,https://maps.google.com/?cid=15459001378130888760&g_mp=CiVnb29nbGUubWFwcy5wbGFjZXMudjEuUGxhY2VzLkdldFBsYWNlEAIYBCAA,2026-09-16,,,,,
ChIJ-wTWYac9qwcRyXowXrwQI8U,UNIGAMES PATTEO,"R. Carmelita Muniz de Araújo, 225 - Lj 1085 - Casa Caiada, Olinda - PE, 53130-645, Brazil",Recife,busca_automatica,nome,loja,cell_phone_store;electronics_store;store;point_of_interest;service;establishment,4.4,243,OPERATIONAL,,inconclusivo,https://lojasunigames.com.br/,,+55 81 3431-1481,https://maps.google.com/?cid=14205216050876807881&g_mp=CiVnb29nbGUubWFwcy5wbGFjZXMudjEuUGxhY2VzLkdldFBsYWNlEAIYBCAA,2026-09-16,,,,,
ChIJlcJzpK0ZqwcRsxKaaA1uaek,UNIGAMES TACARUNA,"Av. Gov. Agamenon Magalhães, 153 - Lj 346A - Santo Amaro, Recife - PE, 50110-000, Brazil",Recife,busca_automatica,nome,loja,store;point_of_interest;establishment,4.6,354,OPERATIONAL,,inconclusivo,http://instagram.com/unigames_lojas/,unigames_lojas,+55 81 3221-0255,https://maps.google.com/?cid=16819095287260385971&g_mp=CiVnb29nbGUubWFwcy5wbGFjZXMudjEuUGxhY2VzLkdldFBsYWNlEAIYBCAA,2026-09-16,,,,,
ChIJUy7C57UYqwcRp40EuKppzF8,Uniao Dos Games,"R. Josefa Paes de Carvalho, N° 40 - Santo Antônio, Recife - PE, 50010-370, Brazil",Recife,busca_automatica,nome,loja,store;point_of_interest;establishment,4.6,85,OPERATIONAL,,inconclusivo,https://www.instagram.com/uniaodosgames?igsh=OWcweGxiZHczajc3,uniaodosgames,+55 81 98523-3871,https://maps.google.com/?cid=6903008510804790695&g_mp=CiVnb29nbGUubWFwcy5wbGFjZXMudjEuUGxhY2VzLkdldFBsYWNlEAIYBCAA,2026-09-16,,,,,
ChIJq6qRzLnhqgcRSK28MQl1DPU,Unigames Guararapes,"Av. Barreto de Menezes, 800 - 240 - Piedade, Jaboatão dos Guararapes - PE, 54410-100, Brazil",Recife,busca_automatica,nome,loja,store;point_of_interest;establishment,4.5,213,OPERATIONAL,,inconclusivo,http://lojasunigames.com.br/,,+55 81 3080-2343,https://maps.google.com/?cid=17657616921362476360&g_mp=CiVnb29nbGUubWFwcy5wbGFjZXMudjEuUGxhY2VzLkdldFBsYWNlEAIYBCAA,2026-09-16,,,,,
ChIJDSBqInUfqwcRe0yieFgjJdk,Zastras Brinquedos Recife,"Shopping Recife - R. Padre Carapuceiro, 777 - 5 Etapa, 2 andar - Boa Viagem, Recife - PE, 51020-280, Brazil",Recife,busca_automatica,nome,loja,toy_store;store;point_of_interest;establishment,5,20,OPERATIONAL,,inconclusivo,https://www.instagram.com/zastras_recife?igsh=anJhaTk2ZzZzbDd1&utm_source=qr,zastras_recife,+55 81 99831-3939,https://maps.google.com/?cid=15646951343256652923&g_mp=CiVnb29nbGUubWFwcy5wbGFjZXMudjEuUGxhY2VzLkdldFBsYWNlEAIYBCAA,2026-09-16,,,,,
ChIJl1RpPPAYqwcRUGyGuluwiOg,Zepelim Brinquedos Educativos | Atendimento Online e Presencial,"R. da Hora, 345 - Espinheiro, Recife - PE, 52020-015, Brazil",Recife,busca_automatica,nome,loja,toy_store;store;point_of_interest;establishment,4.9,63,OPERATIONAL,,inconclusivo,https://zepelimbrinquedos.com.br/,,+55 81 99807-3161,https://maps.google.com/?cid=16755836321649814608&g_mp=CiVnb29nbGUubWFwcy5wbGFjZXMudjEuUGxhY2VzLkdldFBsYWNlEAIYBCAA,2026-09-16,,,,,
ChIJteQewk18mQARfLqshn97qxQ,Geek Shop Loja de Pokémon TCG,"Av. Nuta James, 65 - Lj B - Barra da Tijuca, Rio de Janeiro - RJ, 22640-030, Brazil",Recife;Rio de Janeiro;São Paulo,busca_automatica,nome,loja,toy_store;store;point_of_interest;establishment,4.9,94,OPERATIONAL,2026-08-08,sim,http://www.geekshopoficial.com.br/,,+55 21 99611-6183,https://maps.google.com/?cid=1489419889426610812&g_mp=CiVnb29nbGUubWFwcy5wbGFjZXMudjEuUGxhY2VzLkdldFBsYWNlEAIYBCAA,2026-09-01,,,,,
ChIJT1ogVfKNf5ERX_7DdpLnx8o,Actions Geek,"R. Cedro, 117 - Novo Horizonte, Rio Branco - AC, 69921-120, Brazil",Rio Branco,busca_automatica,nome,loja,store;point_of_interest;establishment,5,28,OPERATIONAL,,inconclusivo,,,,https://maps.google.com/?cid=14611902132270661215&g_mp=CiVnb29nbGUubWFwcy5wbGFjZXMudjEuUGxhY2VzLkdldFBsYWNlEAIYBCAA,2026-09-16,,,,,
ChIJaWBHOg21lwARHT8gg8Y7xEg,Armazém dos Jogos,"R. Niterói, 580 - Jardim Mariléa, Rio das Ostras - RJ, 28895-547, Brazil",Rio Branco,busca_automatica,nome,loja,store;point_of_interest;establishment,5,72,OPERATIONAL,,inconclusivo,https://armazemdosjogos.acervodejogos.com.br/,,+55 22 99989-4137,https://maps.google.com/?cid=5243381589955591965&g_mp=CiVnb29nbGUubWFwcy5wbGFjZXMudjEuUGxhY2VzLkdldFBsYWNlEAIYBCAA,2026-09-16,,,,,
ChIJlx060F6Mf5ERsHd3kI2Kz50,Casa de Brinquedo,"Av. Nações Unidas, 357 - José Augusto, Rio Branco - AC, 69900-721, Brazil",Rio Branco,busca_automatica,nome,loja,toy_store;store;point_of_interest;establishment,4.4,50,OPERATIONAL,,inconclusivo,http://casadebrinquedoacre.com/,,+55 68 3223-6955,https://maps.google.com/?cid=11371459924752562096&g_mp=CiVnb29nbGUubWFwcy5wbGFjZXMudjEuUGxhY2VzLkdldFBsYWNlEAIYBCAA,2026-09-16,,,,,
ChIJ_fuVrJCNf5ER5VwqwmDWOQ0,Emporium Nerd,"R. Seis de Agosto, 931 - 6 de Agosto, Rio Branco - AC, 69905-684, Brazil",Rio Branco,busca_automatica,nome,loja,toy_store;clothing_store;store;point_of_interest;establishment,4.9,41,OPERATIONAL,,inconclusivo,http://www.enerdac.com.br/,,+55 68 99281-2333,https://maps.google.com/?cid=953028507228331237&g_mp=CiVnb29nbGUubWFwcy5wbGFjZXMudjEuUGxhY2VzLkdldFBsYWNlEAIYBCAA,2026-09-16,,,,,
ChIJr7mTWeSNf5ER7u2wlBtUMq8,Fox Games - Via Verde Shopping - Floresta Sul,"Estr. da Floresta, 2320 - Pi 1 - Floresta Sul, Rio Branco - AC, 69912-443, Brazil",Rio Branco,busca_automatica,nome,loja,toy_store;store;point_of_interest;establishment,2,1,OPERATIONAL,,inconclusivo,,,+55 68 3242-1138,https://maps.google.com/?cid=12624245182908394990&g_mp=CiVnb29nbGUubWFwcy5wbGFjZXMudjEuUGxhY2VzLkdldFBsYWNlEAIYBCAA,2026-09-16,,,,,
ChIJVS7xJ3aNf5ERC-4KJwU5WyQ,Geek_store.a,"Rua Amazonas, 51 - Aviário, Rio Branco - AC, 69905-074, Brazil",Rio Branco,busca_automatica,nome,loja,store;point_of_interest;establishment,5,1,OPERATIONAL,,inconclusivo,,,+55 68 98119-4873,https://maps.google.com/?cid=2619750302538722827&g_mp=CiVnb29nbGUubWFwcy5wbGFjZXMudjEuUGxhY2VzLkdldFBsYWNlEAIYBCAA,2026-09-16,,,,,
ChIJdxw4r3sdPoERpY-NVje3vx4,Hora da Diversão Brinquedos,"R. Sapolândia, 60 - Santa Quitéria, Rio Branco - AC, 69918-802, Brazil",Rio Branco,busca_automatica,nome,outro,point_of_interest;establishment,,0,OPERATIONAL,,inconclusivo,,,+55 68 99949-7519,https://maps.google.com/?cid=2215690989992775589&g_mp=CiVnb29nbGUubWFwcy5wbGFjZXMudjEuUGxhY2VzLkdldFBsYWNlEAIYBCAA,2026-09-01,,,,,
ChIJ4fA6DUuNf5ER_yWsCSvWV2M,Jogos offline,"R. Dama da Noite, 908 - Jardim Tropical, Rio Branco - AC, 69901-248, Brazil",Rio Branco,busca_automatica,nome+avaliacao,outro,point_of_interest;association_or_organization;establishment,5,13,OPERATIONAL,2026-06-29,sim,,,+55 68 99216-3596,https://maps.google.com/?cid=7158425613062907391&g_mp=CiVnb29nbGUubWFwcy5wbGFjZXMudjEuUGxhY2VzLkdldFBsYWNlEAIYBCAA,2026-09-01,,,,,
ChIJAST9A1qMf5ERea7KiThIpxo,Junior Games,"Posto Parati - R. Isaura Parente, 434 - sala"" 2 - Bosque, Rio Branco - AC, 69900-900, Brazil",Rio Branco,busca_automatica,nome,loja,store;point_of_interest;establishment,4.3,109,OPERATIONAL,2025-03-12,inconclusivo,https://www.instagram.com/invites/contact/?i=m9a7t188cpq8&utm_content=fo3pgrj,invites,+55 68 99225-0462,https://maps.google.com/?cid=1920583173763935865&g_mp=CiVnb29nbGUubWFwcy5wbGFjZXMudjEuUGxhY2VzLkdldFBsYWNlEAIYBCAA,2026-09-01,,,,,
ChIJlR3mn93bYZMRP6xg5L4vg_M,Loja Fantasma Card Game Center,"Av. Jk, 140 - Q.02 L.35 SALA 2 - Res. Tocantins, Rio Verde - GO, 75909-456, Brazil",Rio Branco,busca_automatica,nome,loja,toy_store;store;point_of_interest;establishment,4.6,17,OPERATIONAL,,inconclusivo,http://www.lojafantasma.com.br/,,+55 64 98432-1581,https://maps.google.com/?cid=17546921070087416895&g_mp=CiVnb29nbGUubWFwcy5wbGFjZXMudjEuUGxhY2VzLkdldFBsYWNlEAIYBCAA,2026-09-16,,,,,
ChIJZXKvt7ONf5ERFYb60yHYl6s,Luddu Us Play,"R. São Marcos, 54 - Casa 2 - Isaura Parente, Rio Branco - AC, 69918-274, Brazil",Rio Branco,busca_automatica,avaliacao,outro,point_of_interest;association_or_organization;establishment,4.6,5,OPERATIONAL,2026-03-21,sim,https://linktr.ee/ludduusplay,,+55 68 99918-1350,https://maps.google.com/?cid=12364588941770917397&g_mp=CiVnb29nbGUubWFwcy5wbGFjZXMudjEuUGxhY2VzLkdldFBsYWNlEAIYBCAA,2026-09-01,,,,,
ChIJ5xTjWy-zvZQRuKHrl2Evgl4,PlayCards,"R. Independência, 3861 - Vila Santo Antonio, São José do Rio Preto - SP, 15014-400, Brazil",Rio Branco,busca_automatica,nome,loja,toy_store;store;point_of_interest;establishment,4.9,18,OPERATIONAL,,inconclusivo,https://www.playcards.com.br/,,+55 17 99269-0355,https://maps.google.com/?cid=6810057682744746424&g_mp=CiVnb29nbGUubWFwcy5wbGFjZXMudjEuUGxhY2VzLkdldFBsYWNlEAIYBCAA,2026-09-16,,,,,
ChIJlYRHP5aNf5ERekyVRHNgmV0,"Plebeu Games e Informática - Rua Isaura Parente, Rio Branco - AC","R. Isaura Parente, 409 - Bosque, Rio Branco - AC, 69900-490, Brazil",Rio Branco,busca_automatica,nome,loja,electronics_store;point_of_interest;store;establishment,4.4,234,OPERATIONAL,2026-07-10,sim,http://www.plebeugames.com/,,+55 68 99211-6920,https://maps.google.com/?cid=6744527965152169082&g_mp=CiVnb29nbGUubWFwcy5wbGFjZXMudjEuUGxhY2VzLkdldFBsYWNlEAIYBCAA,2026-09-01,,,,,
ChIJK8ljwOWNf5ERjBqIzYMZ6_4,Tenpo Mokuzai,"Aquiri Shopping - loja 3100 - Centro, Rio Branco - AC, 69900-076, Brazil",Rio Branco,busca_automatica,avaliacao,loja,toy_store;store;point_of_interest;establishment,4.7,43,CLOSED_TEMPORARILY,2026-04-22,sim,https://www.tenpomokuzai.com.br/,,+55 68 99244-0832,https://maps.google.com/?cid=18368803559040359052&g_mp=CiVnb29nbGUubWFwcy5wbGFjZXMudjEuUGxhY2VzLkdldFBsYWNlEAIYBCAA,2026-09-01,,,,,
ChIJC2aGJPwQFgcRvo_o38trvU0,Cc Games e Informática,"via castelo branco segunda etapa - Castelo Branco, Salvador - BA, 41321-522, Brazil",Rio Branco;Salvador,busca_automatica,nome,loja,electronics_store;store;point_of_interest;establishment,4.5,49,OPERATIONAL,,inconclusivo,,,+55 71 3042-4871,https://maps.google.com/?cid=5601752034897858494&g_mp=CiVnb29nbGUubWFwcy5wbGFjZXMudjEuUGxhY2VzLkdldFBsYWNlEAIYBCAA,2026-09-16,,,,,
ChIJvW6OLYR_mQARfQmlE90hmt0,ANCIENT GAMES,"STAND 3 & 4 - Av. Rio Branco, 156 - 2° ANDAR LOJA 221 - Centro, Rio de Janeiro - RJ, 20040-003, Brazil",Rio de Janeiro,busca_automatica,nome,loja,electronics_store;point_of_interest;store;establishment,5,225,OPERATIONAL,,inconclusivo,,,+55 21 97721-4286,https://maps.google.com/?cid=15968112662196586877&g_mp=CiVnb29nbGUubWFwcy5wbGFjZXMudjEuUGxhY2VzLkdldFBsYWNlEAIYBCAA,2026-09-16,,,,,
ChIJ47rkJ0XVmwARcl-kg5FuLUI,Alegria de Brincar Brinquedos Educativos,"Av. Nossa Sra. de Copacabana, 680 - Lj H - Copacabana, Rio de Janeiro - RJ, 22050-001, Brazil",Rio de Janeiro,busca_automatica,nome,loja,toy_store;point_of_interest;store;establishment,4.8,59,OPERATIONAL,2026-04-24,sim,https://alegriadebrincar321.com.br/,,+55 21 98573-3478,https://maps.google.com/?cid=4768589151713124210&g_mp=CiVnb29nbGUubWFwcy5wbGFjZXMudjEuUGxhY2VzLkdldFBsYWNlEAIYBCAA,2026-09-01,,,,,
ChIJAWisXifZmwARK6etc2ICR9Y,Arcadia Games,"Estr. do Gabinal, 313 - Lj 170 - Freguesia (Jacarepaguá), Rio de Janeiro - RJ, 22760-151, Brazil",Rio de Janeiro,busca_automatica,nome,loja,store;point_of_interest;establishment,5,11,OPERATIONAL,,inconclusivo,http://www.arcadiagames.com.br/,,+55 21 96604-6403,https://maps.google.com/?cid=15440312469333845803&g_mp=CiVnb29nbGUubWFwcy5wbGFjZXMudjEuUGxhY2VzLkdldFBsYWNlEAIYBCAA,2026-09-16,,,,,
ChIJbUJ2AoF_mQARMJs1lDL2CjU,Arte de Brincar Brinquedos Educativos,"R. do Catete, 228 - sobreloja 220 - Catete, Rio de Janeiro - RJ, 22220-001, Brazil",Rio de Janeiro,busca_automatica,nome,loja,toy_store;store;point_of_interest;establishment,4.7,65,OPERATIONAL,2026-04-23,sim,http://www.artedebrincar228.com.br/,,+55 21 98778-4151,https://maps.google.com/?cid=3822137930872625968&g_mp=CiVnb29nbGUubWFwcy5wbGFjZXMudjEuUGxhY2VzLkdldFBsYWNlEAIYBCAA,2026-09-01,,,,,
ChIJ7UwihgtwmQARd_GtVTEV5Zw,Bar Do K.B. Ludo,"R. Lêda - Jardim Leal, Duque de Caxias - RJ, 25035-550, Brazil",Rio de Janeiro,busca_automatica,nome+avaliacao,alimentos_bebidas,bar;point_of_interest;establishment,5,17,OPERATIONAL,2023-10-13,inconclusivo,,,,https://maps.google.com/?cid=11305465741218541943&g_mp=CiVnb29nbGUubWFwcy5wbGFjZXMudjEuUGxhY2VzLkdldFBsYWNlEAIYBCAA,2026-09-01,,,,,
ChIJA7jlA899mQARAEFLCN4b2oI,Bolsa do Infinito,"Rua Conde de Bonfim, 685 - Lj D Galeria - Tijuca, Rio de Janeiro - RJ, 20520-052, Brazil",Rio de Janeiro,lista_manual,,loja,store;point_of_interest;establishment,4.8,221,OPERATIONAL,2026-03-22,sim,http://www.bolsadoinfinito.com.br/,,+55 21 3082-5091,https://maps.google.com/?cid=9428879410289393920&g_mp=CiVnb29nbGUubWFwcy5wbGFjZXMudjEuUGxhY2VzLkdldFBsYWNlEAIYBCAA,2026-09-01,,,,,
ChIJGTvSWgCDmQARyu8hVg-kaSw,Bubble Planet - Lanchonete e Cardgames,"Av. Roberto Silveira, 349 - loja 103 - Icaraí, Niterói - RJ, 24230-152, Brazil",Rio de Janeiro,busca_automatica,nome,alimentos_bebidas,snack_bar;meal_takeaway;toy_store;store;restaurant;food;point_of_interest;establishment,4.6,28,OPERATIONAL,2026-08-03,sim,https://www.instagram.com/bubbleplanetofficial,bubbleplanetofficial,+55 21 97404-4276,https://maps.google.com/?cid=3200269395999977418&g_mp=CiVnb29nbGUubWFwcy5wbGFjZXMudjEuUGxhY2VzLkdldFBsYWNlEAIYBCAA,2026-09-01,,,,,
ChIJP3B-ZrJkmQARg8kuYENy-5c,CARDS OF PARADISE,"Av. Meriti, 908 - Vila da Penha, Rio de Janeiro - RJ, 21211-006, Brazil",Rio de Janeiro,busca_automatica,nome,loja,toy_store;store;point_of_interest;establishment,4.7,507,OPERATIONAL,2025-04-01,inconclusivo,https://www.cardsofparadise.com.br/,,+55 21 99985-8001,https://maps.google.com/?cid=10951472552583547267&g_mp=CiVnb29nbGUubWFwcy5wbGFjZXMudjEuUGxhY2VzLkdldFBsYWNlEAIYBCAA,2026-09-01,,,,,
ChIJ87vEIV9_mQARJytOMifw8z8,Dadomaniacos - Loja Online de Aluguel de Jogos de Tabuleiro,"R. Silva Teles - Andaraí, Rio de Janeiro - RJ, 20541-110, Brazil",Rio de Janeiro,busca_automatica,nome,outro,association_or_organization;point_of_interest;establishment,5,30,OPERATIONAL,2026-08-04,sim,https://dadomaniacos.lends.com.br/,,+55 21 97686-8789,https://maps.google.com/?cid=4608290894868523815&g_mp=CiVnb29nbGUubWFwcy5wbGFjZXMudjEuUGxhY2VzLkdldFBsYWNlEAIYBCAA,2026-09-01,,,,,
ChIJZU59azp9mQAR8Eb3G_GlySg,Dom Luderia,"Rua Tompson Flores, 148 - Méier, Rio de Janeiro - RJ, 20710-090, Brazil",Rio de Janeiro,busca_automatica,nome,loja,store;point_of_interest;establishment,,0,OPERATIONAL,,inconclusivo,https://dom-luderia-elxy1.lojaintegrada.com.br/,,+55 21 2147-0827,https://maps.google.com/?cid=2939062686810851056&g_mp=CiVnb29nbGUubWFwcy5wbGFjZXMudjEuUGxhY2VzLkdldFBsYWNlEAIYBCAA,2026-09-01,,,,,
ChIJk4ZqIH1_mQARrByPymrpe7E,Donna Gastrobar,"R. Dezenove de Fevereiro, 165 - Botafogo, Rio de Janeiro - RJ, 22280-030, Brazil",Rio de Janeiro,busca_automatica,avaliacao,alimentos_bebidas,gastropub;bar;restaurant;point_of_interest;food;establishment,4.5,99,OPERATIONAL,2026-07-25,sim,http://www.donnagastrobar.com/,,+55 21 98384-8831,https://maps.google.com/?cid=12789072211722837164&g_mp=CiVnb29nbGUubWFwcy5wbGFjZXMudjEuUGxhY2VzLkdldFBsYWNlEAIYBCAA,2026-09-01,,,,,
ChIJhQ1Ksl1_mQARKDcGcKyiysE,Fan Games,"Av: presidente Vargas, 633 - sala 1002 - Centro, Rio de Janeiro - RJ, 20071-004, Brazil",Rio de Janeiro,busca_automatica,nome,loja,store;point_of_interest;establishment,4.7,44,OPERATIONAL,,inconclusivo,https://www.fangamesrj.com.br/,,,https://maps.google.com/?cid=13964152456113174312&g_mp=CiVnb29nbGUubWFwcy5wbGFjZXMudjEuUGxhY2VzLkdldFBsYWNlEAIYBCAA,2026-09-16,,,,,
ChIJNZEzHZfhmwARJ9z8yFGQ9TY,GOOD GAMË,"Estr. do Mendanha, 646 - Lj B - Campo Grande, Rio de Janeiro - RJ, 23087-285, Brazil",Rio de Janeiro,busca_automatica,nome,loja,store;point_of_interest;establishment,4.3,28,OPERATIONAL,,inconclusivo,http://www.ggtcg.com.br/,,+55 21 3268-7959,https://maps.google.com/?cid=3960230128280984615&g_mp=CiVnb29nbGUubWFwcy5wbGFjZXMudjEuUGxhY2VzLkdldFBsYWNlEAIYBCAA,2026-09-16,,,,,
ChIJ-Ycyz4V_mQARA1w6hmRwoYs,Gamelândia,"Laranjeiras Mall - R. das Laranjeiras, 29 - 109 - Laranjeiras, Rio de Janeiro - RJ, 22240-000, Brazil",Rio de Janeiro,busca_automatica,nome,loja,toy_store;store;point_of_interest;establishment,3.3,135,OPERATIONAL,,inconclusivo,,,+55 21 2225-5909,https://maps.google.com/?cid=10061446619573410819&g_mp=CiVnb29nbGUubWFwcy5wbGFjZXMudjEuUGxhY2VzLkdldFBsYWNlEAIYBCAA,2026-09-16,,,,,
ChIJB8cDIEV_mQARrPUJZvnve2I,Gamelândia,"Rua Lauro Müller, 116 - Piso 3, C49 - Botafogo, Rio de Janeiro - RJ, 22290-160, Brazil",Rio de Janeiro,busca_automatica,nome,loja,toy_store;store;point_of_interest;establishment,2.7,23,OPERATIONAL,,inconclusivo,https://www.instagram.com/gamelandiabrinquedos/?hl=en,gamelandiabrinquedos,+55 21 98299-2743,https://maps.google.com/?cid=7096529492290172332&g_mp=CiVnb29nbGUubWFwcy5wbGFjZXMudjEuUGxhY2VzLkdldFBsYWNlEAIYBCAA,2026-09-16,,,,,
ChIJdxW77h3ZmwARRryMjduYQU0,Games Xbox vendas,"Av. das Lagoas, Apto 303 - Gardênia Azul, Rio de Janeiro - RJ, 22765-451, Brazil",Rio de Janeiro,busca_automatica,nome,outro,association_or_organization;point_of_interest;establishment,5,1,OPERATIONAL,,inconclusivo,,,+55 21 96821-4000,https://maps.google.com/?cid=5566898683146714182&g_mp=CiVnb29nbGUubWFwcy5wbGFjZXMudjEuUGxhY2VzLkdldFBsYWNlEAIYBCAA,2026-09-16,,,,,
ChIJ-Zxhm_N_mQARzLleIr1gixE,Geek Beer Commerce,"R. Barão de Itapagipe - Rio Comprido, Rio de Janeiro - RJ, 20261-005, Brazil",Rio de Janeiro,busca_automatica,nome,loja,store;point_of_interest;establishment,4.9,17,OPERATIONAL,,inconclusivo,,,+55 21 99116-5101,https://maps.google.com/?cid=1264210485849274828&g_mp=CiVnb29nbGUubWFwcy5wbGFjZXMudjEuUGxhY2VzLkdldFBsYWNlEAIYBCAA,2026-09-16,,,,,
ChIJ_20ww0LZmwARHjZmY0uwR9I,Goblin Hero Store,"Estr. do Gabinal, 313 - Lj 176 A - Freguesia (Jacarepaguá), Rio de Janeiro - RJ, 22760-151, Brazil",Rio de Janeiro,ambas,avaliacao,loja,store;point_of_interest;establishment,5,59,OPERATIONAL,2026-07-04,sim,https://www.goblinherostore.com.br/,,+55 21 99331-0182,https://maps.google.com/?cid=15152273309148001822&g_mp=CiVnb29nbGUubWFwcy5wbGFjZXMudjEuUGxhY2VzLkdldFBsYWNlEAIYBCAA,2026-09-01,,,,,
ChIJU1AIvR3ZmwARX3zXn0JdzWg,In Bar Ludus Garage,"Estr. dos Três Rios, 506 - Freguesia (Jacarepaguá), Rio de Janeiro - RJ, 22745-005, Brazil",Rio de Janeiro,busca_automatica,avaliacao,loja,store;point_of_interest;establishment,5,8,OPERATIONAL,2026-04-13,sim,,,+55 21 99309-4473,https://maps.google.com/?cid=7551794690901113951&g_mp=CiVnb29nbGUubWFwcy5wbGFjZXMudjEuUGxhY2VzLkdldFBsYWNlEAIYBCAA,2026-09-01,,,,,
ChIJacpesF1_mQARYkxnwkecPwQ,Jiraya Games - Animes & Colecionáveis,"Mercado Popular Uruguaiana - R. Uruguaiana, S/N - Quadra B, BOX-103 - Centro, Rio de Janeiro - RJ, 20050-094, Brazil",Rio de Janeiro,busca_automatica,nome,loja,toy_store;store;point_of_interest;establishment,4.8,101,OPERATIONAL,,inconclusivo,https://www.instagram.com/jiraya_games/,jiraya_games,+55 21 98524-5207,https://maps.google.com/?cid=306135131702643810&g_mp=CiVnb29nbGUubWFwcy5wbGFjZXMudjEuUGxhY2VzLkdldFBsYWNlEAIYBCAA,2026-09-16,,,,,
ChIJ90Gs_9rVmwAReA7MnIyPLTE,Luderia Carioca,"R. do Catete, 62 - Catete, Rio de Janeiro - RJ, 22220-000, Brazil",Rio de Janeiro,busca_automatica,nome,loja,point_of_interest;store;establishment,4.7,212,OPERATIONAL,2026-07-19,sim,http://www.luderiacarioca.com/,,+55 21 97354-8602,https://maps.google.com/?cid=3543646315899260536&g_mp=CiVnb29nbGUubWFwcy5wbGFjZXMudjEuUGxhY2VzLkdldFBsYWNlEAIYBCAA,2026-09-01,,,,,
ChIJKxJKAE9_mQARtFODs33OfmA,Luderia Carioca,"R. do Catete, 62 - Catete, Rio de Janeiro - RJ, 22220-000, Brazil",Rio de Janeiro,busca_automatica,nome,loja,store;point_of_interest;establishment,4,1,OPERATIONAL,2026-07-23,sim,http://luderiacarioca.acervodejogos.com.br/,,+55 21 98388-3621,https://maps.google.com/?cid=6953221913984586676&g_mp=CiVnb29nbGUubWFwcy5wbGFjZXMudjEuUGxhY2VzLkdldFBsYWNlEAIYBCAA,2026-09-01,,,,,
ChIJ4a_799PVmwARYNOCwgXazhE,Ludonexo - Aluguel de Jogos de Tabuleiro | On-line,"Av. Nossa Sra. de Copacabana, 534 - Copacabana, Rio de Janeiro - RJ, 22020-001, Brazil",Rio de Janeiro,busca_automatica,nome+avaliacao,loja,association_or_organization;store;point_of_interest;establishment,5,109,OPERATIONAL,2026-07-30,sim,http://ludonexo.com.br/,,+55 21 99754-8107,https://maps.google.com/?cid=1283202662120215392&g_mp=CiVnb29nbGUubWFwcy5wbGFjZXMudjEuUGxhY2VzLkdldFBsYWNlEAIYBCAA,2026-09-01,,,,,
ChIJYzHxUhR-mQARpqVtYD9th0c,Magic Store Brazil,"R. Teodoro da Silva, 240 - Vila Isabel, Rio de Janeiro - RJ, 20520-051, Brazil",Rio de Janeiro,busca_automatica,nome,loja,book_store;toy_store;point_of_interest;store;establishment,4.7,465,OPERATIONAL,,inconclusivo,http://www.magicstorebrasil.com.br/,,+55 21 3570-0076,https://maps.google.com/?cid=5154208417516987814&g_mp=CiVnb29nbGUubWFwcy5wbGFjZXMudjEuUGxhY2VzLkdldFBsYWNlEAIYBCAA,2026-09-16,,,,,
ChIJfQ_RV2CDmQARVhMDnz-4tkk,Mana Tap Jogos,"Av. Ernani do Amaral Peixoto, 370/110 - Centro, Niterói - RJ, 24020-076, Brazil",Rio de Janeiro,busca_automatica,nome,loja,store;point_of_interest;establishment,4.5,54,OPERATIONAL,,inconclusivo,https://www.manatap.com.br/?view=ecom/home,,+55 21 99502-2240,https://maps.google.com/?cid=5311635393920308054&g_mp=CiVnb29nbGUubWFwcy5wbGFjZXMudjEuUGxhY2VzLkdldFBsYWNlEAIYBCAA,2026-09-16,,,,,
ChIJGYdpMY-BmQARDlBzJxdvyv0,Mundo Mágico Store,"Praça Sen. Salgado Filho, s/n - Centro, Rio de Janeiro - RJ, 20021-340, Brazil",Rio de Janeiro,busca_automatica,nome,loja,toy_store;store;point_of_interest;establishment,4.3,12,OPERATIONAL,,inconclusivo,,,+55 21 99769-4112,https://maps.google.com/?cid=18287551382128119822&g_mp=CiVnb29nbGUubWFwcy5wbGFjZXMudjEuUGxhY2VzLkdldFBsYWNlEAIYBCAA,2026-09-16,,,,,
ChIJ-ZRKtFiDmQARX4W1txy7eik,Nikiti Jogos,"Alameda João Batista, 30 - Icaraí, Niterói - RJ, 24230-330, Brazil",Rio de Janeiro,busca_automatica,nome+avaliacao,loja,store;point_of_interest;establishment,4.9,31,OPERATIONAL,2026-04-18,sim,http://nikitijogos.com/,,+55 21 98108-5882,https://maps.google.com/?cid=2988907034729350495&g_mp=CiVnb29nbGUubWFwcy5wbGFjZXMudjEuUGxhY2VzLkdldFBsYWNlEAIYBCAA,2026-09-01,,,,,
ChIJmVSogGB_mQARDPgisDzxnhw,Planeta dos Games,"Av. Rio Branco 156 - Loja 224 Stand 03 - Centro, Rio de Janeiro - RJ, 20040-003, Brazil",Rio de Janeiro,busca_automatica,nome,loja,cell_phone_store;electronics_store;point_of_interest;store;establishment,5,4,OPERATIONAL,,inconclusivo,https://www.boadica.com.br/planetagames,,+55 21 96580-2450,https://maps.google.com/?cid=2062350922337679372&g_mp=CiVnb29nbGUubWFwcy5wbGFjZXMudjEuUGxhY2VzLkdldFBsYWNlEAIYBCAA,2026-09-16,,,,,
ChIJTf-5Vgt_mQAR7vMwKeg0jFA,Play Games 156,"Av. Rio Branco, 156 - Lj 214 - stand 09 - Centro, Rio de Janeiro - RJ, 20040-003, Brazil",Rio de Janeiro,busca_automatica,nome,loja,electronics_store;store;point_of_interest;establishment,4.7,23,OPERATIONAL,,inconclusivo,,,+55 21 99514-7406,https://maps.google.com/?cid=5804072191501857774&g_mp=CiVnb29nbGUubWFwcy5wbGFjZXMudjEuUGxhY2VzLkdldFBsYWNlEAIYBCAA,2026-09-16,,,,,
ChIJvXtOFNqDmQARo9nf7HpT6Z4,Player 2 - Jogos de Tabuleiro e Videogame Retrô,"R. Dr. Paulo César, 333 - Sl 301 - Santa Rosa, Niterói - RJ, 24240-000, Brazil",Rio de Janeiro,ambas,nome,outro,point_of_interest;association_or_organization;establishment,5,13,OPERATIONAL,2026-08-08,sim,https://www.player2niteroi.com/,,+55 21 99884-2182,https://maps.google.com/?cid=11450775314991405475&g_mp=CiVnb29nbGUubWFwcy5wbGFjZXMudjEuUGxhY2VzLkdldFBsYWNlEAIYBCAA,2026-09-01,,,,,
ChIJR027YxB-mQARNQF8yHujAtI,Point HQ,"Rua Conde de Bonfim, 685 - Sl 214 - Tijuca, Rio de Janeiro - RJ, 20520-052, Brazil",Rio de Janeiro,busca_automatica,avaliacao,loja,book_store;store;point_of_interest;establishment,4.5,203,OPERATIONAL,2026-03-17,sim,,,+55 21 99437-0280,https://maps.google.com/?cid=15132837449958162741&g_mp=CiVnb29nbGUubWFwcy5wbGFjZXMudjEuUGxhY2VzLkdldFBsYWNlEAIYBCAA,2026-09-01,,,,,
ChIJmbgFPD55mQAR-cPX8PTm0y4,Quintal de Casa Brinquedoteca e Recreação,"Ilha do Governador - R. Gáspar Magalhães, 373 - Jardim Guanabara, Rio de Janeiro - RJ, 21940-120, Brazil",Rio de Janeiro,busca_automatica,nome,outro,sports_activity_location;point_of_interest;establishment,4.8,24,OPERATIONAL,2025-05-08,inconclusivo,,,+55 21 97273-8774,https://maps.google.com/?cid=3374294485517714425&g_mp=CiVnb29nbGUubWFwcy5wbGFjZXMudjEuUGxhY2VzLkdldFBsYWNlEAIYBCAA,2026-09-01,,,,,
ChIJ1SAzAGF_mQARQgP-yrPBxbQ,RED jogos,"Av. Treze de Maio, 23 - sala 533 - Centro, Rio de Janeiro - RJ, 20031-902, Brazil",Rio de Janeiro,ambas,nome+avaliacao,loja,point_of_interest;association_or_organization;store;establishment,4.7,800,OPERATIONAL,2025-10-01,inconclusivo,http://www.redjogos.com.br/,,+55 21 3174-2222,https://maps.google.com/?cid=13026030475187979074&g_mp=CiVnb29nbGUubWFwcy5wbGFjZXMudjEuUGxhY2VzLkdldFBsYWNlEAIYBCAA,2026-09-01,,,,,
ChIJVVXxbmF_mQARw6gi7RmipBk,Rio Games,"R. Sen. Dantas, 71 - Sl 1205 - Centro, Rio de Janeiro - RJ, 20031-202, Brazil",Rio de Janeiro,busca_automatica,nome,loja,store;point_of_interest;establishment,,0,OPERATIONAL,,inconclusivo,,,+55 13 2398-6202,https://maps.google.com/?cid=1847779979365099715&g_mp=CiVnb29nbGUubWFwcy5wbGFjZXMudjEuUGxhY2VzLkdldFBsYWNlEAIYBCAA,2026-09-16,,,,,
ChIJ-bqxGV5_mQARoXiwMmZvhz4,Soninha Brinquedos - Aluguel de Brinquedos no Rio de Janeiro,"R. Haddock Lobo - Tijuca, Rio de Janeiro - RJ, 20260-141, Brazil",Rio de Janeiro,busca_automatica,nome,outro,point_of_interest;establishment,5,18,OPERATIONAL,2026-07-25,sim,http://instagram.com/soninhabrinquedos,soninhabrinquedos,+55 21 99726-0026,https://maps.google.com/?cid=4505692436935243937&g_mp=CiVnb29nbGUubWFwcy5wbGFjZXMudjEuUGxhY2VzLkdldFBsYWNlEAIYBCAA,2026-09-01,,,,,
ChIJl4L7Lg2DmQAR4gBZHrupFC4,TabuLoja,"R. Newton Prado, 29 - Santa Rosa, Niterói - RJ, 24240-004, Brazil",Rio de Janeiro,triagem_manual,,outro,point_of_interest;association_or_organization;establishment,5,12,OPERATIONAL,,inconclusivo,https://www.tabuloja.com/,,+55 21 98027-0536,https://maps.google.com/?cid=3320465446412026082&g_mp=CiVnb29nbGUubWFwcy5wbGFjZXMudjEuUGxhY2VzLkdldFBsYWNlEAIYBCAA,2026-09-16,sim,,,,
ChIJwfCNegCPmQARqfRes6rIOB4,Taverna de Avalon Geek Store,"Av. Carlos Mariguella - Inoã, Maricá - RJ, 24942-395, Brazil",Rio de Janeiro,busca_automatica,nome,loja,toy_store;store;point_of_interest;establishment,5,53,OPERATIONAL,,inconclusivo,https://tavernadeavalon.com.br/,,+55 21 96981-5030,https://maps.google.com/?cid=2177711055312975017&g_mp=CiVnb29nbGUubWFwcy5wbGFjZXMudjEuUGxhY2VzLkdldFBsYWNlEAIYBCAA,2026-09-16,,,,,
ChIJUwuKe0TRmwARHR_JRwG9Nwk,Universal Card Shop - Downtown Barra,"Av. das Américas, 500 - Bloco 20, Loja 125 - Barra da Tijuca, Rio de Janeiro - RJ, 22640-100, Brazil",Rio de Janeiro,busca_automatica,nome,loja,toy_store;store;point_of_interest;establishment,4.5,41,OPERATIONAL,,inconclusivo,https://www.universalcardshop.com.br/,,+55 21 97665-7147,https://maps.google.com/?cid=664207283257417501&g_mp=CiVnb29nbGUubWFwcy5wbGFjZXMudjEuUGxhY2VzLkdldFBsYWNlEAIYBCAA,2026-09-16,,,,,
ChIJ_cv0FwB_mQARkbW8bdLx99w,Vinoteca do Visconde Restaurante,"R. Visc. de Caravelas, 121 - Botafogo, Rio de Janeiro - RJ, 22271-041, Brazil",Rio de Janeiro,busca_automatica,avaliacao,alimentos_bebidas,restaurant;food;point_of_interest;establishment,4.9,546,OPERATIONAL,2026-08-08,sim,http://www.vinotecadovisconde.com.br/,,+55 21 97447-4565,https://maps.google.com/?cid=15922460893678187921&g_mp=CiVnb29nbGUubWFwcy5wbGFjZXMudjEuUGxhY2VzLkdldFBsYWNlEAIYBCAA,2026-09-01,,,,,
ChIJn-IBfmB_mQAR9tVYCLZRsaM,XT Gold Informática e Games,"Av. Rio Branco, 156 - Loja 319 - 3º Andar - Centro, Rio de Janeiro - RJ, 20040-003, Brazil",Rio de Janeiro,busca_automatica,nome,loja,electronics_store;store;point_of_interest;establishment,5,582,OPERATIONAL,,inconclusivo,http://www.mercadolivre.com.br/pagina/xtgold_info,,+55 21 2544-5478,https://maps.google.com/?cid=11795298741325977078&g_mp=CiVnb29nbGUubWFwcy5wbGFjZXMudjEuUGxhY2VzLkdldFBsYWNlEAIYBCAA,2026-09-16,,,,,
ChIJcSAAO0nhmwARkq55-ID_q2I,Xadrez Botticelli / Jaehrig / Chess King,"R. Mirtes Gomes, 14 - Senador Camará, Rio de Janeiro - RJ, 23010-050, Brazil",Rio de Janeiro,busca_automatica,avaliacao,loja,store;point_of_interest;establishment,4.8,22,OPERATIONAL,2024-03-13,inconclusivo,http://www.chessking.com.br/,,+55 21 99043-4130,https://maps.google.com/?cid=7110057366124080786&g_mp=CiVnb29nbGUubWFwcy5wbGFjZXMudjEuUGxhY2VzLkdldFBsYWNlEAIYBCAA,2026-09-01,,,,,
ChIJsRiZZzJnmQARnGdvsJXmUNA,Ápice Lúdico - Aluguel de Jogos de Tabuleiro em Mesquita,"R. Carlos Pinto, 172 - Cosmorama, Mesquita - RJ, 26582-420, Brazil",Rio de Janeiro,busca_automatica,nome+avaliacao,outro,association_or_organization;point_of_interest;establishment,5,34,OPERATIONAL,2025-08-25,inconclusivo,https://www.apiceludico.com.br/?utm_source=google&utm_medium=wix_google_business_profile&utm_campaign=6994981585504688944,,+55 21 98246-8926,https://maps.google.com/?cid=15010751088610469788&g_mp=CiVnb29nbGUubWFwcy5wbGFjZXMudjEuUGxhY2VzLkdldFBsYWNlEAIYBCAA,2026-09-01,,,,,
ChIJF8PN3FjRek0RgesDgPMwU7s,Aluguel de Brinquedos Salvador - Magic Day Kids,"R. Nossa Sra. de Guadalupe, 27 - Acupe, Salvador - BA, 40290-250, Brazil",Salvador,busca_automatica,nome,outro,service;point_of_interest;establishment,5,36,OPERATIONAL,2024-01-16,inconclusivo,http://www.magicdaykids.com/,,+55 71 98764-8829,https://maps.google.com/?cid=13498186330542435201&g_mp=CiVnb29nbGUubWFwcy5wbGFjZXMudjEuUGxhY2VzLkdldFBsYWNlEAIYBCAA,2026-09-01,,,,,
ChIJI4Fkbz0bFgcRokxrQ1W40FI,Bahia Games,"Av. Tancredo Neves, 274 - Bloco A Sala 209 - Caminho das Árvores, Salvador - BA, 41820-020, Brazil",Salvador,busca_automatica,nome,loja,store;service;point_of_interest;establishment,4.5,1068,OPERATIONAL,,inconclusivo,http://bahiagames.com.br/,,+55 71 98270-7021,https://maps.google.com/?cid=5967472182608743586&g_mp=CiVnb29nbGUubWFwcy5wbGFjZXMudjEuUGxhY2VzLkdldFBsYWNlEAIYBCAA,2026-09-16,,,,,
ChIJf9lODBL_BqARVSCAIS0qsl8,Biduí Brincar I Aluguel de Brinquedos Lúdicos e Educativos para Eventos em Salvador,"Alameda Bosque Imperial, 45 - Apto 602 - São Rafael, Salvador - BA, 41250-580, Brazil",Salvador,busca_automatica,nome,loja,toy_store;service;store;point_of_interest;establishment,5,2,OPERATIONAL,2024-11-21,inconclusivo,https://wa.me/71992639359,,+55 71 99263-9359,https://maps.google.com/?cid=6895620352781590613&g_mp=CiVnb29nbGUubWFwcy5wbGFjZXMudjEuUGxhY2VzLkdldFBsYWNlEAIYBCAA,2026-09-01,,,,,
ChIJo4eHYEoRFgcRhg4vtzfqNwA,Brinquedoteca Casinha Feliz,"Rua Mauricio Grabois 02, 3 Etapa Tv. M - | 3ª Etapa - |, 02 - Castelo Branco, Salvador - BA, 41321-550, Brazil",Salvador,busca_automatica,nome,outro,point_of_interest;establishment,5,1,OPERATIONAL,2022-05-14,inconclusivo,,,+55 71 98799-2492,https://maps.google.com/?cid=15738648736501382&g_mp=CiVnb29nbGUubWFwcy5wbGFjZXMudjEuUGxhY2VzLkdldFBsYWNlEAIYBCAA,2026-09-01,,,,,
ChIJe7ryVAARFgcRr8Fu5J7At7Q,Brinquedoteca e Playland Aprende e Diverte,"R. Albino Fernandes, 27 - Novo Horizonte, Salvador - BA, 41215-770, Brazil",Salvador,busca_automatica,nome,outro,amusement_park;amusement_center;sports_activity_location;child_care_agency;school;educational_institution;event_venue;service;point_of_interest;establishment,4.8,14,OPERATIONAL,2026-06-01,sim,,,+55 71 99172-6945,https://maps.google.com/?cid=13022088636234908079&g_mp=CiVnb29nbGUubWFwcy5wbGFjZXMudjEuUGxhY2VzLkdldFBsYWNlEAIYBCAA,2026-09-01,,,,,
ChIJoWVGf8AFFgcRPhADBEAJkKQ,Brothers Games Informática,"R. Demóstenes Paranhos, 159 - Lj 06 - Vila Ruy Barbosa, Salvador - BA, 40310-110, Brazil",Salvador,busca_automatica,nome,loja,store;point_of_interest;establishment,4.9,59,OPERATIONAL,,inconclusivo,,,+55 71 3238-4493,https://maps.google.com/?cid=11857987989416382526&g_mp=CiVnb29nbGUubWFwcy5wbGFjZXMudjEuUGxhY2VzLkdldFBsYWNlEAIYBCAA,2026-09-16,,,,,
ChIJiUmqX5wbFgcRXN1MqVacj28,CasadoGamer,"iguatemi Shopping da Gente no téreo loja128 - Av. Antônio Carlos Magalhães, 4591 - Brotas, Salvador - BA, 40280-901, Brazil",Salvador,busca_automatica,nome,loja,electronics_store;store;point_of_interest;establishment,5,53,OPERATIONAL,,inconclusivo,https://www.instagram.com/casa_dogamer_/,casa_dogamer_,+55 71 99377-4551,https://maps.google.com/?cid=8038815755901132124&g_mp=CiVnb29nbGUubWFwcy5wbGFjZXMudjEuUGxhY2VzLkdldFBsYWNlEAIYBCAA,2026-09-16,,,,,
ChIJ1wYyoJwbFgcRGp5ymEMevGw,FIRE - Games e Festa Gamer,"Shopping da Bahia - Av. Tancredo Neves, 148 - 4º Piso - Caminho das Árvores, Salvador - BA, 41820-020, Brazil",Salvador,busca_automatica,nome,loja,banquet_hall;event_venue;association_or_organization;store;service;point_of_interest;establishment,4.5,99,OPERATIONAL,,inconclusivo,https://www.instagram.com/fire.salvador/,fire.salvador,+55 71 99962-0180,https://maps.google.com/?cid=7835170727387110938&g_mp=CiVnb29nbGUubWFwcy5wbGFjZXMudjEuUGxhY2VzLkdldFBsYWNlEAIYBCAA,2026-09-16,,,,,
ChIJwSZdhRwbFgcRLKgYBABeJEQ,Game Station,"Av. Tancredo Neves, 3133 - Loja 3001, Piso L3 - Caminho das Árvores, Salvador - BA, 41820-021, Brazil",Salvador,busca_automatica,nome,outro,amusement_park;point_of_interest;establishment,4.2,1219,OPERATIONAL,,inconclusivo,https://www.gamestation.com.br/,,+55 71 3342-7691,https://maps.google.com/?cid=4910152847902418988&g_mp=CiVnb29nbGUubWFwcy5wbGFjZXMudjEuUGxhY2VzLkdldFBsYWNlEAIYBCAA,2026-09-16,,,,,
ChIJ_YOROK8QFgcR4-vk3gUcjaw,Gamepólitan,"Av. Luís Viana Filho, 1590 - Itapuã, Salvador - BA, 41730-101, Brazil",Salvador,busca_automatica,nome,outro,event_venue;hotel;lodging;point_of_interest;establishment,4.2,222,OPERATIONAL,2018-12-27,inconclusivo,http://gamepolitan.com.br/,,+55 71 98815-8997,https://maps.google.com/?cid=12433624957779766243&g_mp=CiVnb29nbGUubWFwcy5wbGFjZXMudjEuUGxhY2VzLkdldFBsYWNlEAIYBCAA,2026-09-01,,,,,
ChIJL7lZWgAFFgcR318v2vNFS5c,Little Club Park - Aluguel de Brinquedos,"Blvd. Suíço, 211 - Nazaré, Salvador - BA, 40050-330, Brazil",Salvador,busca_automatica,nome,loja,home_goods_store;store;point_of_interest;service;establishment,5,43,OPERATIONAL,2025-01-28,inconclusivo,http://littleclubpark.com.br/,,+55 71 98122-5454,https://maps.google.com/?cid=10901884236620324831&g_mp=CiVnb29nbGUubWFwcy5wbGFjZXMudjEuUGxhY2VzLkdldFBsYWNlEAIYBCAA,2026-09-01,,,,,
ChIJnaSy0Z0bFgcREAL6m7PrajA,Marcos Brito Game Designer,"R. Eugênio Ribeiro - Doron, Salvador - BA, 41194-120, Brazil",Salvador,busca_automatica,nome,outro,association_or_organization;point_of_interest;establishment,,0,OPERATIONAL,,inconclusivo,,,+55 71 99163-0951,https://maps.google.com/?cid=3488860018000396816&g_mp=CiVnb29nbGUubWFwcy5wbGFjZXMudjEuUGxhY2VzLkdldFBsYWNlEAIYBCAA,2026-09-01,,,,,
ChIJw-9MRWYbFgcR-HRrfEVbZEY,Mundo Colorê - Aluguel de Brinquedos,"R. Elesbão do Carmo, 112 - Jardim Armação, Salvador - BA, 41750-260, Brazil",Salvador,busca_automatica,nome,outro,amusement_center;point_of_interest;service;establishment,5,1,OPERATIONAL,2025-09-22,inconclusivo,,,,https://maps.google.com/?cid=5072279434324309240&g_mp=CiVnb29nbGUubWFwcy5wbGFjZXMudjEuUGxhY2VzLkdldFBsYWNlEAIYBCAA,2026-09-01,,,,,
ChIJ1U_4x5oRFgcRNXdAsLSoQ9I,Mundo Gira Brinquedos,"R. Cecília Meireles, 13 - Castelo Branco, Salvador - BA, 41320-675, Brazil",Salvador,busca_automatica,nome,outro,amusement_center;point_of_interest;service;establishment,5,587,OPERATIONAL,2026-07-19,sim,https://mundogirabrinquedos.com.br/,,+55 71 99100-2086,https://maps.google.com/?cid=15151139065409074997&g_mp=CiVnb29nbGUubWFwcy5wbGFjZXMudjEuUGxhY2VzLkdldFBsYWNlEAIYBCAA,2026-09-01,,,,,
ChIJf1BUo98bFgcRDe7TudKllvs,Pinus Jogos e Brinquedos de Madeira,"Pituaçu, Salvador - Bahia, 41741-170, Brazil",Salvador,busca_automatica,nome,outro,event_venue;point_of_interest;establishment,5,42,OPERATIONAL,2026-07-21,sim,https://www.instagram.com/invites/contact/?utm_source=ig_contact_invite&utm_medium=copy_link&utm_content=uuimpof,invites,+55 71 98466-9471,https://maps.google.com/?cid=18128859674505899533&g_mp=CiVnb29nbGUubWFwcy5wbGFjZXMudjEuUGxhY2VzLkdldFBsYWNlEAIYBCAA,2026-09-01,,,,,
ChIJb9OniUUbFgcRAPVDD2gHRIo,Quintal dos Brinquedos,"R. Bicuíba, 1390 - Patamares, Salvador - BA, 41680-050, Brazil",Salvador,busca_automatica,nome,outro,point_of_interest;establishment,5,1,OPERATIONAL,2022-06-30,inconclusivo,https://www.instagram.com/quintaldosbrinquedos_/,quintaldosbrinquedos_,+55 71 99950-4757,https://maps.google.com/?cid=9963096419164484864&g_mp=CiVnb29nbGUubWFwcy5wbGFjZXMudjEuUGxhY2VzLkdldFBsYWNlEAIYBCAA,2026-09-01,,,,,
ChIJMWXllGcbFgcR-wtedrpqLCg,Salvador Brinquedos - Aluguel de brinquedos infláveis,"R. Dr. Hosannah de Oliveira, 112 - Itaigara, Salvador - BA, 41815-215, Brazil",Salvador,busca_automatica,nome,loja,banquet_hall;toy_store;event_venue;store;point_of_interest;establishment,5,99,OPERATIONAL,2026-05-11,sim,,,+55 71 99274-9668,https://maps.google.com/?cid=2894806009574722555&g_mp=CiVnb29nbGUubWFwcy5wbGFjZXMudjEuUGxhY2VzLkdldFBsYWNlEAIYBCAA,2026-09-01,,,,,
ChIJV1s3wNMaFgcRYPQGS1HoO9Y,Soft & Games,"R. Marquês de Maricá - Pau Miúdo, Salvador - BA, 40310-000, Brazil",Salvador,busca_automatica,nome,loja,store;point_of_interest;establishment,4.7,247,OPERATIONAL,,inconclusivo,https://www.instagram.com/softgamesba/,softgamesba,+55 71 99201-5686,https://maps.google.com/?cid=15437187583591248992&g_mp=CiVnb29nbGUubWFwcy5wbGFjZXMudjEuUGxhY2VzLkdldFBsYWNlEAIYBCAA,2026-09-16,,,,,
ChIJ-UmVDcEXFgcRnbCBRUGrDVs,São Jogue - Paralela,"Av. Luís Viana Filho, 8544 - Alphaville, Salvador - BA, 41730-101, Brazil",Salvador,busca_automatica,nome,alimentos_bebidas,snack_bar;meal_takeaway;restaurant;food;point_of_interest;establishment,4.8,16,OPERATIONAL,2026-04-05,sim,,,+55 71 99298-5046,https://maps.google.com/?cid=6561088528976031901&g_mp=CiVnb29nbGUubWFwcy5wbGFjZXMudjEuUGxhY2VzLkdldFBsYWNlEAIYBCAA,2026-09-01,,,,,
ChIJ91iE_UsbFgcRIoJGpNT8QNg,Vix Games Toys Rental,"Condomínio Edifício Jardim Versailes - Alameda dos Jasmins, 176 - Candeal, Salvador - BA, 40296-200, Brazil",Salvador,busca_automatica,nome,loja,toy_store;store;point_of_interest;establishment,4.4,9,OPERATIONAL,,inconclusivo,https://vixgames.com.br/,,+55 71 3351-4267,https://maps.google.com/?cid=15582732700921266722&g_mp=CiVnb29nbGUubWFwcy5wbGFjZXMudjEuUGxhY2VzLkdldFBsYWNlEAIYBCAA,2026-09-16,,,,,
ChIJOTGZVvyQ9gcRDNXzjH9fHls,Action Games,"Rua Trinta e Um jardim aracagy 3 - Cohatrac, São José de Ribamar - MA, 65120-755, Brazil",São Luís,busca_automatica,nome,loja,internet_cafe;video_arcade;store;service;point_of_interest;establishment,4.4,172,OPERATIONAL,,inconclusivo,,,+55 98 98880-6266,https://maps.google.com/?cid=6565790308183037196&g_mp=CiVnb29nbGUubWFwcy5wbGFjZXMudjEuUGxhY2VzLkdldFBsYWNlEAIYBCAA,2026-09-16,,,,,
ChIJm5LrB16N9gcRO48yrpu77wA,Adoleta Brinquedoteca SLZ,"R. Gerânios, 2 - Ponta D'areia, São Luís - MA, 65077-550, Brazil",São Luís,busca_automatica,nome,outro,playground;point_of_interest;establishment,5,4,OPERATIONAL,2021-08-28,inconclusivo,,,+55 98 98533-0437,https://maps.google.com/?cid=67478796750720827&g_mp=CiVnb29nbGUubWFwcy5wbGFjZXMudjEuUGxhY2VzLkdldFBsYWNlEAIYBCAA,2026-09-01,,,,,
ChIJq-7Nul6P9gcRyp8U7LIxkIs,Alpha Arena Games,"Av. Gov. Luís Rocha, 1939 - Monte Castelo, São Luís - MA, 65037-270, Brazil",São Luís,busca_automatica,nome,loja,store;point_of_interest;establishment,4.8,53,OPERATIONAL,,inconclusivo,http://alpharenaslz.com/?utm_source=gmb&utm_medium=referral,,+55 98 99228-5166,https://maps.google.com/?cid=10056592612453031882&g_mp=CiVnb29nbGUubWFwcy5wbGFjZXMudjEuUGxhY2VzLkdldFBsYWNlEAIYBCAA,2026-09-16,,,,,
ChIJPYCdggeN9gcR52LY52X6eZc,BeToys Brinquedos,"Golden - Av. dos Holandeses, 200 - Calhau, São Luís - MA, 65071-380, Brazil",São Luís,busca_automatica,nome,loja,toy_store;book_store;hospital;store;health;service;point_of_interest;establishment,4.9,37,OPERATIONAL,,inconclusivo,https://api.whatsapp.com/send?phone=5598984024373&text=Oi,,+55 98 98402-4373,https://maps.google.com/?cid=10915030487497466599&g_mp=CiVnb29nbGUubWFwcy5wbGFjZXMudjEuUGxhY2VzLkdldFBsYWNlEAIYBCAA,2026-09-16,,,,,
ChIJaQ8vDSCP9gcRXwhYo9WJkQk,Benjamin Brinquedoskids,"R. Nossa Sra. Aparecida - Areinha, São Luís - MA, 65032-540, Brazil",São Luís,busca_automatica,nome,outro,point_of_interest;establishment,,0,OPERATIONAL,,inconclusivo,,,+55 98 98112-3987,https://maps.google.com/?cid=689483768625891423&g_mp=CiVnb29nbGUubWFwcy5wbGFjZXMudjEuUGxhY2VzLkdldFBsYWNlEAIYBCAA,2026-09-01,,,,,
ChIJ5dgqcIKT9gcRe-38gcAPJ3s,Casa de Brinquedo,"Ed. Comercial Bandeiras Plazza - Av. dos Holandeses, Lj 21 - Olho D'agua, São Luís - MA, 65065-180, Brazil",São Luís,busca_automatica,nome,outro,point_of_interest;establishment,,0,OPERATIONAL,,inconclusivo,,,+55 98 98131-8558,https://maps.google.com/?cid=8874078910245825915&g_mp=CiVnb29nbGUubWFwcy5wbGFjZXMudjEuUGxhY2VzLkdldFBsYWNlEAIYBCAA,2026-09-01,,,,,
ChIJoflM9MqR9gcRXi8dyXkeQdw,Claudio Games(EM BREVE 2024 ) NOVA LOJA SINCE 2003,"R. das Mangueiras, 279 - Centro, São Luís - MA, 65010-360, Brazil",São Luís,busca_automatica,nome,loja,point_of_interest;store;establishment,4.6,7,OPERATIONAL,,inconclusivo,,,+55 98 98128-1372,https://maps.google.com/?cid=15871000070244347742&g_mp=CiVnb29nbGUubWFwcy5wbGFjZXMudjEuUGxhY2VzLkdldFBsYWNlEAIYBCAA,2026-09-16,,,,,
ChIJ0bOqWOmP9gcRXRizku0ZiN0,Coyote Games,"R. das Flôres - Centro, São Luís - MA, 65010-230, Brazil",São Luís,busca_automatica,nome,loja,store;service;point_of_interest;establishment,5,542,OPERATIONAL,,inconclusivo,https://www.instagram.com/coyotegameslz?igsh=Yjl2bmMyeDZoOHV5,coyotegameslz,+55 98 98705-6422,https://maps.google.com/?cid=15963037387373877341&g_mp=CiVnb29nbGUubWFwcy5wbGFjZXMudjEuUGxhY2VzLkdldFBsYWNlEAIYBCAA,2026-09-16,,,,,
ChIJCRE2G5eO9gcRql4E24nqkpQ,"FISIOFIT - Fisioterapia, Rpg, Pilates, Osteopatia","Rua das Paparaubas casa 25 quadra 05 loja 03 - atrás da panificadora - Jardim Sao Francisco, São Luís - MA, 65076-000, Brazil",São Luís,busca_automatica,nome,outro,physiotherapist;sports_school;sports_complex;gym;medical_clinic;sports_activity_location;health;point_of_interest;establishment,5,13,OPERATIONAL,,inconclusivo,https://www.instagram.com/fisiofitslz/,fisiofitslz,+55 98 3235-6431,https://maps.google.com/?cid=10705877142019006122&g_mp=CiVnb29nbGUubWFwcy5wbGFjZXMudjEuUGxhY2VzLkdldFBsYWNlEAIYBCAA,2026-09-16,,,,,
ChIJuxDnf2OP9gcR1wYWWsfyTs4,ILHA GAMES STUDIO,"Rua Isaac Martins Barrocas, 132 - Centro, São Luís - MA, 65010-590, Brazil",São Luís,busca_automatica,nome,outro,service;point_of_interest;establishment,4.8,4,OPERATIONAL,2026-07-23,sim,https://www.ilhagamesstudio.com.br/,,+55 98 98857-7701,https://maps.google.com/?cid=14866086358020392663&g_mp=CiVnb29nbGUubWFwcy5wbGFjZXMudjEuUGxhY2VzLkdldFBsYWNlEAIYBCAA,2026-09-01,,,,,
ChIJG0-06TuS9gcRIgBefwZqdLY,JR Games e Informática,"Rua Dezenove, N° 30A, Habitacional Turu - Turu, São Luís - MA, 65065-830, Brazil",São Luís,busca_automatica,nome,loja,service;point_of_interest;store;establishment,4.9,368,OPERATIONAL,,inconclusivo,,,+55 98 98808-4147,https://maps.google.com/?cid=13147249788340535330&g_mp=CiVnb29nbGUubWFwcy5wbGFjZXMudjEuUGxhY2VzLkdldFBsYWNlEAIYBCAA,2026-09-16,,,,,
ChIJw2djmViP9gcR6Mbidwwftik,Jogos Play,"R. Alm. Tamandaré - Vila Palmeira, São Luís - MA, 65045-040, Brazil",São Luís,busca_automatica,nome,loja,point_of_interest;store;establishment,3,2,OPERATIONAL,2023-11-14,inconclusivo,https://jogos-play.ueniweb.com/?utm_campaign=gmb,,,https://maps.google.com/?cid=3005623939727804136&g_mp=CiVnb29nbGUubWFwcy5wbGFjZXMudjEuUGxhY2VzLkdldFBsYWNlEAIYBCAA,2026-09-01,,,,,
ChIJZ4VIP1CT9gcRLQRZJbjIE8Q,K.O Cardstore,"R. V Onze, 5 - Olho D'agua, São Luís - MA, 65073-030, Brazil",São Luís,busca_automatica,nome,loja,toy_store;store;point_of_interest;establishment,5,6,OPERATIONAL,,inconclusivo,,,+55 98 98328-0172,https://maps.google.com/?cid=14128857149217506349&g_mp=CiVnb29nbGUubWFwcy5wbGFjZXMudjEuUGxhY2VzLkdldFBsYWNlEAIYBCAA,2026-09-16,,,,,
ChIJoyaZBI6R9gcRJmATrDpHvHY,Leon Games,"R. Retiro Natal - Monte Castelo, São Luís - MA, 65031-540, Brazil",São Luís,busca_automatica,nome,loja,point_of_interest;store;establishment,3,2,OPERATIONAL,2023-12-29,inconclusivo,https://www.instagram.com/leon.gamesx?igsh=ODA1NTc5OTg5Nw%3D%3D&utm_source=qr,leon.gamesx,+55 98 99112-4609,https://maps.google.com/?cid=8555791709417725990&g_mp=CiVnb29nbGUubWFwcy5wbGFjZXMudjEuUGxhY2VzLkdldFBsYWNlEAIYBCAA,2026-09-01,,,,,
ChIJnbTgfgeS9gcRP8n5nhD7iWs,Ludorama,"R. dos Bicudos, 8 - Jardim Renascença, São Luís - MA, 65075-090, Brazil",São Luís,busca_automatica,nome,alimentos_bebidas,hamburger_restaurant;cocktail_bar;liquor_store;toy_store;bar;american_restaurant;restaurant;food;store;point_of_interest;establishment,4.7,814,OPERATIONAL,2021-12-04,inconclusivo,,,+55 98 98457-0621,https://maps.google.com/?cid=7749000682672867647&g_mp=CiVnb29nbGUubWFwcy5wbGFjZXMudjEuUGxhY2VzLkdldFBsYWNlEAIYBCAA,2026-09-01,,,,,
ChIJkYFzpAWT9gcR4ZHFa9MyV4U,Ludotime - aluguel de jogos de tabuleiro,"R. 11, 15 - Araçagy, São Luís - MA, 65000-000, Brazil",São Luís,busca_automatica,nome,loja,store;point_of_interest;establishment,,0,OPERATIONAL,,inconclusivo,https://ludotimeslz.acervodejogos.com.br/,,+55 98 98419-0381,https://maps.google.com/?cid=9608204213645840865&g_mp=CiVnb29nbGUubWFwcy5wbGFjZXMudjEuUGxhY2VzLkdldFBsYWNlEAIYBCAA,2026-09-01,,,,,
ChIJC6AAbZ2P9gcRoAIUU5hi-Qk,MAXIMUS GAMES,"Travessa da Rua 9, 35L - São Francisco, São Luís - MA, 65076-690, Brazil",São Luís,busca_automatica,nome,loja,store;point_of_interest;establishment,4.8,8,OPERATIONAL,,inconclusivo,,,+55 98 99906-8512,https://maps.google.com/?cid=718714021910676128&g_mp=CiVnb29nbGUubWFwcy5wbGFjZXMudjEuUGxhY2VzLkdldFBsYWNlEAIYBCAA,2026-09-16,,,,,
ChIJ7yzA_VCQ9gcRdhiVsB8Om60,Momentos Felizes_Buffet Infantil e Brinquedos,"R. Dez, 19C - Cohab Anil I, São Luís - MA, 65053-060, Brazil",São Luís,busca_automatica,nome,outro,corporate_office;point_of_interest;establishment,4,2,OPERATIONAL,2021-12-01,inconclusivo,,,+55 98 98801-1722,https://maps.google.com/?cid=12509607919221020790&g_mp=CiVnb29nbGUubWFwcy5wbGFjZXMudjEuUGxhY2VzLkdldFBsYWNlEAIYBCAA,2026-09-01,,,,,
ChIJE91FzOyR9gcRLHn_-Fy1kaM,O Mundo Divertido - Brinquedoteca,"Av. Contorno Sul, 50 b - Cohatrac V, São José de Ribamar - MA, 65110-000, Brazil",São Luís,busca_automatica,nome,outro,point_of_interest;establishment,5,5,OPERATIONAL,2026-02-08,inconclusivo,,,+55 98 98151-7220,https://maps.google.com/?cid=11786401110724409644&g_mp=CiVnb29nbGUubWFwcy5wbGFjZXMudjEuUGxhY2VzLkdldFBsYWNlEAIYBCAA,2026-09-01,,,,,
ChIJEcs_ECON9gcRmeIjXxkbzuU,PV Toys Locadora de Brinquedo,"Avenida Colares Moreira, Centro Comercial Atlanta Center - Loja 18 - Jardim Renascença, São Luís - MA, 65075-441, Brazil",São Luís,busca_automatica,nome,outro,point_of_interest;establishment,,0,OPERATIONAL,,inconclusivo,https://instagram.com/pv.toys_slz,pv.toys_slz,+55 98 99972-1010,https://maps.google.com/?cid=16559202675672212121&g_mp=CiVnb29nbGUubWFwcy5wbGFjZXMudjEuUGxhY2VzLkdldFBsYWNlEAIYBCAA,2026-09-01,,,,,
ChIJT4QZkwCX9gcRN9NWrbAr7Gc,Pule & Brinque - Aluguel de brinquedos infantis para festas,"Av. Dois, quadra 11, 23 - Conj. Hab. Turu, São Luís - MA, 65066-710, Brazil",São Luís,busca_automatica,nome,outro,service;point_of_interest;establishment,4.9,56,OPERATIONAL,2026-04-20,sim,"https://api.whatsapp.com/send?phone=5598988926730&text=Ol%C3%A1%20vim%20pelo%20google%20,%20gostaria%20de%20mais%20informa%C3%A7%C3%B5es.",,+55 98 98892-6730,https://maps.google.com/?cid=7488408318232679223&g_mp=CiVnb29nbGUubWFwcy5wbGFjZXMudjEuUGxhY2VzLkdldFBsYWNlEAIYBCAA,2026-09-01,,,,,
ChIJPU76dW-a9gcRIUjMZw-9yL0,Steniogames,"praça do viva - Unidade 205 - R. 205 NE, casa 59 - Cidade Operária, São Luís - MA, 65058-135, Brazil",São Luís,busca_automatica,nome,loja,store;electronics_store;point_of_interest;establishment,4.8,43,OPERATIONAL,,inconclusivo,,,+55 98 98301-0337,https://maps.google.com/?cid=13675388142374111265&g_mp=CiVnb29nbGUubWFwcy5wbGFjZXMudjEuUGxhY2VzLkdldFBsYWNlEAIYBCAA,2026-09-16,,,,,
ChIJ-59d74eP9gcRwtjlwK_FRmI,Studio Games São Luis,"Av. Daniel de La Touche, 987 - Cohama, São Luís - MA, 65074-115, Brazil",São Luís,busca_automatica,nome,loja,sports_club;event_venue;association_or_organization;service;store;point_of_interest;establishment,2.9,27,OPERATIONAL,2026-03-25,sim,,,+55 98 98811-4957,https://maps.google.com/?cid=7081564822732921026&g_mp=CiVnb29nbGUubWFwcy5wbGFjZXMudjEuUGxhY2VzLkdldFBsYWNlEAIYBCAA,2026-09-01,,,,,
ChIJqcMfbJSR9gcRZdmEolmRSUw,Ultra Games Park - Aluguel de Brinquedos em São Luís,"Av. Um - Alto do Turu, São Luís - MA, 65110-000, Brazil",São Luís,busca_automatica,nome,outro,indoor_playground;amusement_park;playground;sports_activity_location;service;point_of_interest;establishment,4.6,97,OPERATIONAL,2025-12-28,inconclusivo,https://ultragamespark.com.br/,,+55 98 98801-5505,https://maps.google.com/?cid=5497084634347133285&g_mp=CiVnb29nbGUubWFwcy5wbGFjZXMudjEuUGxhY2VzLkdldFBsYWNlEAIYBCAA,2026-09-01,,,,,
ChIJyXqDuUiP9gcRE1ctmlE0_-g,Unidade D Gamer,"Av. dos Expedicionários - Apeadouro, São Luís - MA, 65040-120, Brazil",São Luís,busca_automatica,nome,loja,store;service;point_of_interest;establishment,4.2,5,OPERATIONAL,,inconclusivo,https://unidadedgamer.com.br/,,+55 98 98478-8591,https://maps.google.com/?cid=16789195460944156435&g_mp=CiVnb29nbGUubWFwcy5wbGFjZXMudjEuUGxhY2VzLkdldFBsYWNlEAIYBCAA,2026-09-16,,,,,
ChIJYTweKpBZzpQR1MoMaynUGOY,"ALUGUEL DE BRINQUEDOS PARA FESTAS, MESAS E CADEIRAS","R. José Bento, 293 - Cambuci, São Paulo - SP, 01523-030, Brazil",São Paulo,busca_automatica,nome,loja,banquet_hall;toy_store;event_venue;store;point_of_interest;establishment,5,9,OPERATIONAL,2022-12-23,inconclusivo,,,+55 11 98221-1960,https://maps.google.com/?cid=16580235302519229140&g_mp=CiVnb29nbGUubWFwcy5wbGFjZXMudjEuUGxhY2VzLkdldFBsYWNlEAIYBCAA,2026-09-01,,,,,
ChIJyzOdkZBnzpQRgrkQrV8p52s,Arcade 80 - Game Lounge,"R. Fontoura Xavier, 1314 - Itaquera, São Paulo - SP, 08295-300, Brazil",São Paulo,busca_automatica,nome,alimentos_bebidas,video_arcade;snack_bar;meal_takeaway;association_or_organization;restaurant;point_of_interest;food;establishment,5,60,OPERATIONAL,2026-08-02,sim,http://www.arcade80.com.br/,,+55 11 92472-7575,https://maps.google.com/?cid=7775228772580637058&g_mp=CiVnb29nbGUubWFwcy5wbGFjZXMudjEuUGxhY2VzLkdldFBsYWNlEAIYBCAA,2026-09-01,,,,,
ChIJoXwLEp1fzpQR4DU1dGki6VQ,Arcade Haus - Tatuapé,"R. Euclides Pacheco, 483 - Vila Gomes Cardim, São Paulo - SP, 03321-000, Brazil",São Paulo,busca_automatica,avaliacao,outro,amusement_park;amusement_center;point_of_interest;establishment,4.9,88,OPERATIONAL,2026-07-23,sim,,,+55 11 5641-1720,https://maps.google.com/?cid=6118459405076084192&g_mp=CiVnb29nbGUubWFwcy5wbGFjZXMudjEuUGxhY2VzLkdldFBsYWNlEAIYBCAA,2026-09-01,,,,,
ChIJYTHwWgBbzpQRFenbJdM5cxU,Arena BG | Jogos de Tabuleiro | Hamburgueria,"R. Lino Coutinho, 1791 - Ipiranga, São Paulo - SP, 04207-002, Brazil",São Paulo,busca_automatica,nome+avaliacao,alimentos_bebidas,hamburger_restaurant;cocktail_bar;bar;american_restaurant;restaurant;point_of_interest;association_or_organization;store;food;establishment,4.8,145,OPERATIONAL,2026-08-08,sim,https://arenabg.com.br/,,+55 11 91504-1212,https://maps.google.com/?cid=1545642676154263829&g_mp=CiVnb29nbGUubWFwcy5wbGFjZXMudjEuUGxhY2VzLkdldFBsYWNlEAIYBCAA,2026-09-01,,,,,
ChIJP8bhwsRZzpQRO4LP-se7Y6k,Barba Games,"Av. Paulista, 726 - Sl 1202 - Bela Vista, São Paulo - SP, 01310-910, Brazil",São Paulo,busca_automatica,nome,loja,point_of_interest;store;establishment,4.9,831,OPERATIONAL,,inconclusivo,https://barbagames.com/,,+55 53 99924-2158,https://maps.google.com/?cid=12205805882684965435&g_mp=CiVnb29nbGUubWFwcy5wbGFjZXMudjEuUGxhY2VzLkdldFBsYWNlEAIYBCAA,2026-09-16,,,,,
ChIJq3IYM2VZzpQRi5svNs0EGg0,Berserkrjogos,"R. Cel. Frias, 304 - Vila Monumento, São Paulo - SP, 01552-010, Brazil",São Paulo,busca_automatica,nome,loja,point_of_interest;store;establishment,4.5,11,OPERATIONAL,,inconclusivo,https://www.berserkrjogos.com/,,+55 11 94844-9585,https://maps.google.com/?cid=944072351311436683&g_mp=CiVnb29nbGUubWFwcy5wbGFjZXMudjEuUGxhY2VzLkdldFBsYWNlEAIYBCAA,2026-09-16,,,,,
ChIJgQ8cOR-gVyYR79Nr8ppdhEw,Cabo de Guerra Jogos,"R. Miraguai, 521 - Granja Carolina, Cotia - SP, 06700-190, Brazil",São Paulo,busca_automatica,nome,outro,association_or_organization;point_of_interest;establishment,5,12,OPERATIONAL,,inconclusivo,https://www.cabodeguerrajogos.com.br/,,+55 11 91512-9730,https://maps.google.com/?cid=5513634763881829359&g_mp=CiVnb29nbGUubWFwcy5wbGFjZXMudjEuUGxhY2VzLkdldFBsYWNlEAIYBCAA,2026-09-16,,,,,
ChIJrT_EWwBZzpQRGAZzptZbtsY,Cartola Luderia Bar,"R. Dr. Siqueira Campos, 42 - Liberdade, São Paulo - SP, 01153-000, Brazil",São Paulo,busca_automatica,nome+avaliacao,alimentos_bebidas,bar;point_of_interest;establishment,4.7,242,OPERATIONAL,2026-08-04,sim,,,+55 11 98818-6051,https://maps.google.com/?cid=14318733042744755736&g_mp=CiVnb29nbGUubWFwcy5wbGFjZXMudjEuUGxhY2VzLkdldFBsYWNlEAIYBCAA,2026-09-01,,,,,
ChIJ3f1Q4k5XzpQRxXbCl46NthA,Clube do Jacaré Itaim - Brinquedos Educativos e Brinquedoteca,"R. Pedroso Alvarenga, 387 - Itaim Bibi, São Paulo - SP, 04531-000, Brazil",São Paulo,busca_automatica,nome,loja,toy_store;playground;sports_activity_location;store;point_of_interest;establishment,4.7,39,OPERATIONAL,2023-12-09,inconclusivo,http://www.clubedojacare.com.br/,,+55 11 3078-5485,https://maps.google.com/?cid=1204305593939162821&g_mp=CiVnb29nbGUubWFwcy5wbGFjZXMudjEuUGxhY2VzLkdldFBsYWNlEAIYBCAA,2026-09-01,,,,,
ChIJ5Y6lk2tZzpQR4cX6YPqm-_Y,Clube do Jacaré Jardins - Brinquedos Educativos e Brinquedoteca,"Alameda Lorena, 889 - Jardim Paulista, São Paulo - SP, 01424-005, Brazil",São Paulo,busca_automatica,nome,loja,toy_store;store;point_of_interest;establishment,4.8,19,OPERATIONAL,2024-04-08,inconclusivo,http://www.clubedojacare.com.br/,,+55 11 3078-5885,https://maps.google.com/?cid=17797001946783729121&g_mp=CiVnb29nbGUubWFwcy5wbGFjZXMudjEuUGxhY2VzLkdldFBsYWNlEAIYBCAA,2026-09-01,,,,,
ChIJ50EwkwD3zpQRzbm57--WeqE,"Clube do Jacaré Santana - Brinquedos Educativos, Jogos, Livros e Brinquedoteca","R. Ana Benvinda de Andrade, 79 - Santana, São Paulo - SP, 02403-030, Brazil",São Paulo,busca_automatica,nome,loja,toy_store;playground;sports_activity_location;store;point_of_interest;establishment,5,15,OPERATIONAL,2026-07-17,sim,http://www.clubedojacare.com.br/,,+55 11 2365-0709,https://maps.google.com/?cid=11635778544528374221&g_mp=CiVnb29nbGUubWFwcy5wbGFjZXMudjEuUGxhY2VzLkdldFBsYWNlEAIYBCAA,2026-09-01,,,,,
ChIJ-emmf1YDzpQRC8b--AztRFM,Coala Games Locadora de Jogos de Tabuleiro,"Av. Mal. Deodoro, 73 - Gonzaga, Santos - SP, 11060-401, Brazil",São Paulo,busca_automatica,nome,outro,point_of_interest;association_or_organization;establishment,5,19,OPERATIONAL,,inconclusivo,https://www.coalagames.com.br/,,+55 13 99612-3746,https://maps.google.com/?cid=6000181243537180171&g_mp=CiVnb29nbGUubWFwcy5wbGFjZXMudjEuUGxhY2VzLkdldFBsYWNlEAIYBCAA,2026-09-16,,,,,
ChIJF9j3OCRbzpQRkk74_QtOk_0,Coletivo Geek,"Alameda dos Nhambiquaras, 2013 - Moema, São Paulo - SP, 04090-013, Brazil",São Paulo,busca_automatica,nome+avaliacao,alimentos_bebidas,business_center;hamburger_restaurant;cocktail_bar;coffee_shop;cafe;bar;food_store;american_restaurant;restaurant;food;store;point_of_interest;service;establishment,4.7,477,OPERATIONAL,2024-11-30,inconclusivo,https://linktr.ee/coletivogeekbr,,+55 11 91332-5962,https://maps.google.com/?cid=18272033926584749714&g_mp=CiVnb29nbGUubWFwcy5wbGFjZXMudjEuUGxhY2VzLkdldFBsYWNlEAIYBCAA,2026-09-01,,,,,
ChIJ7_DDAlH1zpQRJVJ0UHnItH8,Covil Game Bar,"Rua do Saboó, 12 - Jardim Barbosa, Guarulhos - SP, 07111-030, Brazil",São Paulo,busca_automatica,nome,alimentos_bebidas,bar;point_of_interest;establishment,4.6,1714,OPERATIONAL,2024-07-15,inconclusivo,https://www.facebook.com/covilgb/,,+55 11 95021-1461,https://maps.google.com/?cid=9202200361991164453&g_mp=CiVnb29nbGUubWFwcy5wbGFjZXMudjEuUGxhY2VzLkdldFBsYWNlEAIYBCAA,2026-09-01,,,,,
ChIJ3SSHFIVZzpQROFCQyQ174H0,Domain Games,"R. Domingos de Morais, 1837 - Vila Mariana, São Paulo - SP, 04009-003, Brazil",São Paulo,busca_automatica,nome+avaliacao,loja,toy_store;store;point_of_interest;establishment,4.4,2052,OPERATIONAL,2022-10-03,inconclusivo,http://www.magicdomain.com.br/,,+55 11 5084-9864,https://maps.google.com/?cid=9070384948670648376&g_mp=CiVnb29nbGUubWFwcy5wbGFjZXMudjEuUGxhY2VzLkdldFBsYWNlEAIYBCAA,2026-09-01,,,,,
ChIJ5fezD7BZzpQRrccO-Yml3V0,Dominaria Cards & Games,"R. Dr. Siqueira Campos, 307 - Liberdade, São Paulo - SP, 01509-020, Brazil",São Paulo,busca_automatica,nome,loja,store;point_of_interest;establishment,4.7,68,OPERATIONAL,,inconclusivo,https://www.dominariacgsp.com.br/,,+55 11 3208-4004,https://maps.google.com/?cid=6763744227387951021&g_mp=CiVnb29nbGUubWFwcy5wbGFjZXMudjEuUGxhY2VzLkdldFBsYWNlEAIYBCAA,2026-09-16,,,,,
ChIJ9SkRAaNZzpQRvKN5crM-sQk,Duel Shop Games,"R. Castro Alves, 31 - Loja14 - Liberdade, São Paulo - SP, 01532-000, Brazil",São Paulo,busca_automatica,nome,loja,toy_store;store;point_of_interest;establishment,4.4,605,OPERATIONAL,,inconclusivo,http://duelshop.com.br/,,+55 11 2495-8207,https://maps.google.com/?cid=698408357659780028&g_mp=CiVnb29nbGUubWFwcy5wbGFjZXMudjEuUGxhY2VzLkdldFBsYWNlEAIYBCAA,2026-09-16,,,,,
ChIJiZJ_DnIDz5QRaVafFCXGkUE,Dungeon Games Store,"R. Duque de Caxias, 317 - Loja 4, 2º Subsolo - Centro, Barueri - SP, 06401-010, Brazil",São Paulo,busca_automatica,nome,alimentos_bebidas,hamburger_restaurant;toy_store;coffee_shop;cafe;food_store;american_restaurant;restaurant;food;store;point_of_interest;association_or_organization;establishment,4.9,217,OPERATIONAL,,inconclusivo,https://www.dungeongamesstore.com.br/,,+55 11 97062-0040,https://maps.google.com/?cid=4724775346650437225&g_mp=CiVnb29nbGUubWFwcy5wbGFjZXMudjEuUGxhY2VzLkdldFBsYWNlEAIYBCAA,2026-09-16,,,,,
ChIJN3xqoKlZzpQR-64Cv9fqOdo,Epic Game,"R. da Glória, 117 - Liberdade, São Paulo - SP, 01510-001, Brazil",São Paulo,busca_automatica,nome+avaliacao,loja,toy_store;store;association_or_organization;point_of_interest;establishment,4.5,3460,OPERATIONAL,2026-01-18,inconclusivo,http://www.epicgame.com.br/,,+55 11 3101-5259,https://maps.google.com/?cid=15724857786284289787&g_mp=CiVnb29nbGUubWFwcy5wbGFjZXMudjEuUGxhY2VzLkdldFBsYWNlEAIYBCAA,2026-09-01,,,,,
ChIJXbP37X1RzpQRZPCh6OsX9IM,"Expresso Board Games | Jogos de Tabuleiro - Board Games, Card Games & Acessórios","Rua Euclides Stoffel de Lima, 56 - Vila Cruzeiro, São Paulo - SP, 04726-050, Brazil",São Paulo,busca_automatica,nome,loja,association_or_organization;store;point_of_interest;establishment,5,208,OPERATIONAL,2024-11-22,inconclusivo,https://www.expressoboardgames.com.br/,,+55 11 99293-0446,https://maps.google.com/?cid=9508251015273640036&g_mp=CiVnb29nbGUubWFwcy5wbGFjZXMudjEuUGxhY2VzLkdldFBsYWNlEAIYBCAA,2026-09-01,,,,,
ChIJ_aN4OAxXzpQR0UH63sAeVCA,Fan Hour Games and Burgers,"R. Artur de Azevedo, 898 - Pinheiros, São Paulo - SP, 05404-002, Brazil",São Paulo,busca_automatica,nome,alimentos_bebidas,hamburger_restaurant;american_restaurant;restaurant;food;point_of_interest;establishment,4.5,2363,OPERATIONAL,2026-02-27,inconclusivo,http://www.fanhour.com.br/,,+55 11 3063-2070,https://maps.google.com/?cid=2329520720980885969&g_mp=CiVnb29nbGUubWFwcy5wbGFjZXMudjEuUGxhY2VzLkdldFBsYWNlEAIYBCAA,2026-09-01,,,,,
ChIJa3UsDhRczpQRPPSuDl6acO8,"Flow Games - Burgers, Cards & Comunidade","Rua Dona Genoveva D'Ascoli, 17 - Vila Prudente, São Paulo - SP, 03132-070, Brazil",São Paulo,busca_automatica,nome+avaliacao,alimentos_bebidas,hamburger_restaurant;american_restaurant;toy_store;restaurant;point_of_interest;association_or_organization;store;food;establishment,4.6,503,OPERATIONAL,2024-03-20,inconclusivo,https://www.flowstore.com.br/,,+55 11 91475-3637,https://maps.google.com/?cid=17253459901220320316&g_mp=CiVnb29nbGUubWFwcy5wbGFjZXMudjEuUGxhY2VzLkdldFBsYWNlEAIYBCAA,2026-09-01,,,,,
ChIJU4gvvaJXzpQR1SPX6E4t1jQ,Good Game E-Sports Bar,"R. Mourato Coelho, 992 - Pinheiros, São Paulo - SP, 05417-001, Brazil",São Paulo,busca_automatica,nome,alimentos_bebidas,sports_bar;juice_shop;hookah_bar;hamburger_restaurant;car_repair;american_restaurant;bar;restaurant;service;store;point_of_interest;food;establishment,4.2,1104,OPERATIONAL,2023-09-01,inconclusivo,http://www.ggesportsbar.com.br/,,+55 11 99933-2828,https://maps.google.com/?cid=3807280351925445589&g_mp=CiVnb29nbGUubWFwcy5wbGFjZXMudjEuUGxhY2VzLkdldFBsYWNlEAIYBCAA,2026-09-01,,,,,
ChIJYWaY5qhZzpQRmmO3L2JjaoE,Hotyugioh Cards & Toys,"R. Galvão Bueno, 40/44 - Lj 220 - Liberdade, São Paulo - SP, 01506-000, Brazil",São Paulo,busca_automatica,nome,loja,toy_store;store;point_of_interest;establishment,4.3,206,OPERATIONAL,,inconclusivo,https://www.instagram.com/lojahotyugioh?igsh=aTkyeWxscGt1eWoy,lojahotyugioh,+55 11 98352-0667,https://maps.google.com/?cid=9325375251782525850&g_mp=CiVnb29nbGUubWFwcy5wbGFjZXMudjEuUGxhY2VzLkdldFBsYWNlEAIYBCAA,2026-09-16,,,,,
ChIJw81FIxpdzpQRPUHcMmebUY0,Itabuleiros,"Av. Dr. Eduardo Cotching, 1495 - Vila Formosa, São Paulo - SP, 03356-001, Brazil",São Paulo,busca_automatica,nome+avaliacao,loja,point_of_interest;store;establishment,5,82,OPERATIONAL,2026-05-24,sim,http://www.itabuleiros.com.br/,,+55 11 99356-2991,https://maps.google.com/?cid=10183091099998634301&g_mp=CiVnb29nbGUubWFwcy5wbGFjZXMudjEuUGxhY2VzLkdldFBsYWNlEAIYBCAA,2026-09-01,,,,,
ChIJn7uU0RNbzpQRI4GI9KHOo_s,Jogasampa,"Alameda dos Anapurus, 1664 - Moema, São Paulo - SP, 04087-006, Brazil",São Paulo,busca_automatica,avaliacao,loja,store;point_of_interest;establishment,4.7,402,OPERATIONAL,2026-07-20,sim,https://www.jogasampa.com.br/,,+55 11 5096-6548,https://maps.google.com/?cid=18132563719711392035&g_mp=CiVnb29nbGUubWFwcy5wbGFjZXMudjEuUGxhY2VzLkdldFBsYWNlEAIYBCAA,2026-09-01,,,,,
ChIJdfJPFaVRzpQRy3NieWEkGLo,Jogos Bonitos,"Av. Rouxinol, 431 - Moema, São Paulo - SP, 04516-000, Brazil",São Paulo,busca_automatica,nome,loja,store;point_of_interest;establishment,5,51,OPERATIONAL,,inconclusivo,https://jogosbonitos.acervodejogos.com.br/,,+55 11 91310-7659,https://maps.google.com/?cid=13409507891562574795&g_mp=CiVnb29nbGUubWFwcy5wbGFjZXMudjEuUGxhY2VzLkdldFBsYWNlEAIYBCAA,2026-09-16,,,,,
ChIJO8W2hThfzpQRjeWplqhAyKQ,Lendário Game Bar,"No mesmo prédio da Lendário Card Games - Av. Celso Garcia, 4367 - Tatuapé, São Paulo - SP, 03063-000, Brazil",São Paulo,busca_automatica,nome+avaliacao,alimentos_bebidas,hamburger_restaurant;american_restaurant;restaurant;food;point_of_interest;establishment,5,88,OPERATIONAL,2026-08-23,sim,,,,https://maps.google.com/?cid=11873811510388712845&g_mp=CiVnb29nbGUubWFwcy5wbGFjZXMudjEuUGxhY2VzLkdldFBsYWNlEAIYBCAA,2026-09-01,,,,,
ChIJ5a8Oem5XzpQRsTG-a8fQi0I,Ludoverso,"Praça Professora Emília Barbosa Lima, 32 - Vila Madalena, São Paulo - SP, 05448-070, Brazil",São Paulo,busca_automatica,nome+avaliacao,outro,association_or_organization;point_of_interest;establishment,4.9,36,OPERATIONAL,2025-01-18,inconclusivo,https://www.ludoverso.com.br/,,+55 11 91050-1337,https://maps.google.com/?cid=4795155783190720945&g_mp=CiVnb29nbGUubWFwcy5wbGFjZXMudjEuUGxhY2VzLkdldFBsYWNlEAIYBCAA,2026-09-01,,,,,
ChIJEbaEK_X1zpQR5zMLUPhrkUE,Légola Board Games,"Rua Thomaz Cyro Pozzi, pozzy, 564 - Vila Nova Carolina, São Paulo - SP, 02263-030, Brazil",São Paulo,busca_automatica,nome+avaliacao,outro,association_or_organization;point_of_interest;establishment,5,16,OPERATIONAL,2026-06-29,sim,http://legola.lends.com.br/,,+55 11 99690-4942,https://maps.google.com/?cid=4724676198327333863&g_mp=CiVnb29nbGUubWFwcy5wbGFjZXMudjEuUGxhY2VzLkdldFBsYWNlEAIYBCAA,2026-09-01,,,,,
ChIJAfog1rL5zpQRrkw6_F9zX3k,MTG Cards Games,"R. Valentim de Barros, 142 - Freguesia do Ó, São Paulo - SP, 02733-070, Brazil",São Paulo,busca_automatica,nome,loja,toy_store;store;point_of_interest;establishment,4.6,138,OPERATIONAL,,inconclusivo,https://www.mtgcardsgames.com.br/,,+55 11 2614-4238,https://maps.google.com/?cid=8745835857467559086&g_mp=CiVnb29nbGUubWFwcy5wbGFjZXMudjEuUGxhY2VzLkdldFBsYWNlEAIYBCAA,2026-09-16,,,,,
ChIJH_2Y3hhZzpQRugQWaocGzpU,MainDeck Card Games e Acessórios,"R. Galvão Bueno, 714 - 2º Andar - Liberdade, São Paulo - SP, 01506-000, Brazil",São Paulo,busca_automatica,nome,loja,toy_store;store;point_of_interest;establishment,4.7,137,OPERATIONAL,,inconclusivo,http://www.maindeck.com.br/,,+55 11 3796-6913,https://maps.google.com/?cid=10794572535523837114&g_mp=CiVnb29nbGUubWFwcy5wbGFjZXMudjEuUGxhY2VzLkdldFBsYWNlEAIYBCAA,2026-09-16,,,,,
ChIJyY3PwpX7zpQRxfkKlHJ59Jk,Nerdev - Jogos de Tabuleiro,"Rua Antônio Nápoli, 564 - Parada, São Paulo - SP, 02987-030, Brazil",São Paulo,busca_automatica,nome+avaliacao,loja,store;point_of_interest;establishment,5,2,OPERATIONAL,2026-03-03,inconclusivo,https://nerdev.com.br/,,+55 11 98975-2492,https://maps.google.com/?cid=11093625315137354181&g_mp=CiVnb29nbGUubWFwcy5wbGFjZXMudjEuUGxhY2VzLkdldFBsYWNlEAIYBCAA,2026-09-01,,,,,
ChIJST8r-n9bzpQRA5qbMN8HZ1w,Nerdforge,"R. Cuminapanema, 26 - Vila da Saúde, São Paulo - SP, 04145-060, Brazil",São Paulo,busca_automatica,nome,outro,association_or_organization;point_of_interest;establishment,5,22,OPERATIONAL,,inconclusivo,https://nerdforge.com.br/,,+55 11 99959-6193,https://maps.google.com/?cid=6658299229265172995&g_mp=CiVnb29nbGUubWFwcy5wbGFjZXMudjEuUGxhY2VzLkdldFBsYWNlEAIYBCAA,2026-09-16,,,,,
ChIJE43rt29ZzpQRnvADt6pXfto,OMNIVERSE,"Rua Comendador Eduardo Saccab, 180 - Brooklin, São Paulo - SP, 04601-070, Brazil",São Paulo,busca_automatica,avaliacao,loja,book_store;store;point_of_interest;establishment,4.8,1145,OPERATIONAL,2026-01-30,inconclusivo,https://www.omniverse.com.br/,,+55 11 93028-2784,https://maps.google.com/?cid=15744117738060378270&g_mp=CiVnb29nbGUubWFwcy5wbGFjZXMudjEuUGxhY2VzLkdldFBsYWNlEAIYBCAA,2026-09-01,,,,,
ChIJrVmMsgNbzpQR1TR-vMoDB2s,Pac-Deck | Loja de Card Games e acessórios (TCG),"Av. Miguel Estefno, 413 - Vila da Saúde, São Paulo - SP, 04341-010, Brazil",São Paulo,busca_automatica,nome,loja,toy_store;store;point_of_interest;establishment,4.9,72,OPERATIONAL,,inconclusivo,https://www.pacdeck.com.br/,,+55 11 99993-3090,https://maps.google.com/?cid=7712137056175928533&g_mp=CiVnb29nbGUubWFwcy5wbGFjZXMudjEuUGxhY2VzLkdldFBsYWNlEAIYBCAA,2026-09-16,,,,,
ChIJkWsGmd1czpQRGLydxc29vbw,Place Games,"R. Martim Francisco, 554 - Santa Paula, São Caetano do Sul - SP, 09541-330, Brazil",São Paulo,busca_automatica,nome+avaliacao,alimentos_bebidas,hamburger_restaurant;barbecue_restaurant;american_restaurant;restaurant;point_of_interest;association_or_organization;store;food;establishment,4.8,572,OPERATIONAL,2026-07-17,sim,http://www.placegames.com.br/,,+55 11 2311-2231,https://maps.google.com/?cid=13600235141210160152&g_mp=CiVnb29nbGUubWFwcy5wbGFjZXMudjEuUGxhY2VzLkdldFBsYWNlEAIYBCAA,2026-09-01,,,,,
ChIJO7xc2qZbzpQRfyZR6yK538I,Polar Jogos,"Alameda dos Nhambiquaras, 2013 - Moema, São Paulo - SP, 04090-013, Brazil",São Paulo,busca_automatica,nome+avaliacao,loja,toy_store;event_venue;service;store;point_of_interest;establishment,4.8,189,OPERATIONAL,2026-04-17,sim,http://polarjogos.com.br/,,+55 11 97677-7824,https://maps.google.com/?cid=14042145722792486527&g_mp=CiVnb29nbGUubWFwcy5wbGFjZXMudjEuUGxhY2VzLkdldFBsYWNlEAIYBCAA,2026-09-01,,,,,
ChIJZeLd3Nn3zpQRUACWDZ_zURE,Polvo Ludoteca,"R. Pedro Doll, 71 - Santana, São Paulo - SP, 02404-000, Brazil",São Paulo,busca_automatica,nome+avaliacao,outro,association_or_organization;point_of_interest;establishment,5,8,OPERATIONAL,2026-03-13,inconclusivo,https://www.polvoludoteca.com.br/,,+55 11 92018-3736,https://maps.google.com/?cid=1248046436211621968&g_mp=CiVnb29nbGUubWFwcy5wbGFjZXMudjEuUGxhY2VzLkdldFBsYWNlEAIYBCAA,2026-09-01,,,,,
ChIJxdfaXGNZzpQRhb1uhFqtZGU,Quiz Eventos,"R. Caiacanga, 168 - Mirandópolis, São Paulo - SP, 04051-040, Brazil",São Paulo,busca_automatica,nome+avaliacao,outro,point_of_interest;service;establishment,4.8,16,OPERATIONAL,2026-06-30,sim,http://www.quizeventos.com.br/,,+55 11 94035-3742,https://maps.google.com/?cid=7306155099782299013&g_mp=CiVnb29nbGUubWFwcy5wbGFjZXMudjEuUGxhY2VzLkdldFBsYWNlEAIYBCAA,2026-09-01,,,,,
ChIJQSTYYLVVzpQRYvXUW9v8NhU,Thutti Jogos,"R. Alfredo Xavier de Andrade, 152 - Jardim Esmeralda, São Paulo - SP, 05596-030, Brazil",São Paulo,busca_automatica,nome,outro,association_or_organization;point_of_interest;establishment,5,62,OPERATIONAL,,inconclusivo,http://www.thuttijogos.com.br/,,+55 11 91977-4500,https://maps.google.com/?cid=1528687142607582562&g_mp=CiVnb29nbGUubWFwcy5wbGFjZXMudjEuUGxhY2VzLkdldFBsYWNlEAIYBCAA,2026-09-16,,,,,
ChIJsU5BAwBRzpQRAgLVvqg68os,Tubaleria - Clube de Jogos de Tabuleiro e Hamburgueria,"R. Paul Valery, 76 - Chácara Santo Antônio (Zona Sul), São Paulo - SP, 04719-050, Brazil",São Paulo,busca_automatica,nome+avaliacao,alimentos_bebidas,hamburger_restaurant;coffee_shop;cafe;american_restaurant;food_store;association_or_organization;toy_store;store;restaurant;food;point_of_interest;establishment,5,99,OPERATIONAL,2026-08-08,sim,https://tubaleria.store/,,+55 11 93900-1667,https://maps.google.com/?cid=10084187012066509314&g_mp=CiVnb29nbGUubWFwcy5wbGFjZXMudjEuUGxhY2VzLkdldFBsYWNlEAIYBCAA,2026-09-01,,,,,
ChIJCx56LglXzpQRjsVd_C36FN4,UZ Games,"Av. Rebouças, 3970 - Pinheiros, São Paulo - SP, 05402-600, Brazil",São Paulo,busca_automatica,nome,loja,store;point_of_interest;establishment,4.1,251,OPERATIONAL,,inconclusivo,,,+55 11 3031-2721,https://maps.google.com/?cid=16002690451368691086&g_mp=CiVnb29nbGUubWFwcy5wbGFjZXMudjEuUGxhY2VzLkdldFBsYWNlEAIYBCAA,2026-09-16,,,,,
ChIJlStZGcJVzpQRxJQ6eTrWC84,Vaca Voadora Jogos,"Estr. Velha de Sorocaba, 763 - Cs 105 - Granja Viana, Cotia - SP, 06709-320, Brazil",São Paulo,busca_automatica,nome,outro,association_or_organization;point_of_interest;establishment,5,11,OPERATIONAL,,inconclusivo,https://vacavoadora.com.br/,,+55 11 92138-7045,https://maps.google.com/?cid=14847196143187301572&g_mp=CiVnb29nbGUubWFwcy5wbGFjZXMudjEuUGxhY2VzLkdldFBsYWNlEAIYBCAA,2026-09-16,,,,,
ChIJlQWSbbYHz5QRnKXlq0UOMGk,Vidabgames,"R. Ver. Nelson Joaquim da Silva, 204 - Lajeado, Cotia - SP, 06702-675, Brazil",São Paulo,busca_automatica,nome,outro,association_or_organization;point_of_interest;establishment,5,17,OPERATIONAL,,inconclusivo,http://vidabgames.lends.com.br/,,+55 11 94778-3456,https://maps.google.com/?cid=7579573865264031132&g_mp=CiVnb29nbGUubWFwcy5wbGFjZXMudjEuUGxhY2VzLkdldFBsYWNlEAIYBCAA,2026-09-16,,,,,
ChIJi5zbZadgzpQRIYeuK_eqQio,XPlace,"R. Jordânia, 32 - Vila Guilhermina, São Paulo - SP, 03543-000, Brazil",São Paulo,triagem_manual,,loja,toy_store;store;point_of_interest;establishment,4.7,795,OPERATIONAL,,inconclusivo,http://www.xplace.com.br/,,+55 11 3798-0230,https://maps.google.com/?cid=3045184276622378785&g_mp=CiVnb29nbGUubWFwcy5wbGFjZXMudjEuUGxhY2VzLkdldFBsYWNlEAIYBCAA,2026-09-16,sim,,,,
ChIJEX85Lvg5jgcRQRphIoy9Q-k,AN GAMES,"R. Tersandro Paz, 2129 - Sl 103 - Centro (Sul), Teresina - PI, 64015-015, Brazil",Teresina,busca_automatica,nome,loja,store;service;point_of_interest;establishment,4.9,348,OPERATIONAL,,inconclusivo,https://instagram.com/angames?igshid=1cl9ptgg7hhc3,angames,+55 86 99958-4900,https://maps.google.com/?cid=16808486643846683201&g_mp=CiVnb29nbGUubWFwcy5wbGFjZXMudjEuUGxhY2VzLkdldFBsYWNlEAIYBCAA,2026-09-16,,,,,
ChIJlcgJwIA5jgcRrsd52w8J7TY,Alberto Games,"R. Areolino de Abreu, 1392 - Lj 02 - Centro (Sul), Teresina - PI, 64000-180, Brazil",Teresina,busca_automatica,nome,loja,store;point_of_interest;establishment,4.5,30,OPERATIONAL,,inconclusivo,,,+55 86 98816-6951,https://maps.google.com/?cid=3957829611239884718&g_mp=CiVnb29nbGUubWFwcy5wbGFjZXMudjEuUGxhY2VzLkdldFBsYWNlEAIYBCAA,2026-09-16,,,,,
ChIJQ1Cor745jgcRTrDBkoMKhb0,Arena Game Shop,"R. Otávio Falcão, 2042 - Primavera, Teresina - PI, 64002-590, Brazil",Teresina,busca_automatica,nome+avaliacao,loja,toy_store;store;point_of_interest;establishment,4.4,56,OPERATIONAL,2022-04-22,inconclusivo,,,+55 86 99538-3601,https://maps.google.com/?cid=13656333005290057806&g_mp=CiVnb29nbGUubWFwcy5wbGFjZXMudjEuUGxhY2VzLkdldFBsYWNlEAIYBCAA,2026-09-01,,,,,
ChIJYS2aTSQ5jgcRx_62zgl8w6k,Casa Lúdica | Loja de Brinquedos Educativos em Teresina,"Av. Nossa Sra. de Fátima, 1050 - Fátima, Teresina - PI, 64049-290, Brazil",Teresina,busca_automatica,nome,loja,toy_store;store;point_of_interest;establishment,5,18,OPERATIONAL,2026-06-20,sim,,,+55 86 99521-2516,https://maps.google.com/?cid=12232757394433048263&g_mp=CiVnb29nbGUubWFwcy5wbGFjZXMudjEuUGxhY2VzLkdldFBsYWNlEAIYBCAA,2026-09-01,,,,,
ChIJBY98DHw3jgcRtH5iqYsnDLQ,Cassio Games,"Shopping da Cidade - R. Areolino de Abreu, 300 - Box 59 - Centro (Sul), Teresina - PI, 64000-180, Brazil",Teresina,busca_automatica,nome,loja,store;point_of_interest;establishment,4.6,27,OPERATIONAL,,inconclusivo,,,+55 86 98862-2676,https://maps.google.com/?cid=12973788107343298228&g_mp=CiVnb29nbGUubWFwcy5wbGFjZXMudjEuUGxhY2VzLkdldFBsYWNlEAIYBCAA,2026-09-16,,,,,
ChIJGU_tMPA5jgcRNTMCDQiIXaU,Castelo da Alegria | Loja de Brinquedos,"Av. Nossa Sra. de Fátima, 1287 - Fátima, Teresina - PI, 64049-528, Brazil",Teresina,busca_automatica,nome,loja,toy_store;store;point_of_interest;establishment,4.6,36,OPERATIONAL,2025-10-10,inconclusivo,http://www.castelodaalegria.com/,,+55 86 2222-1800,https://maps.google.com/?cid=11915829757251564341&g_mp=CiVnb29nbGUubWFwcy5wbGFjZXMudjEuUGxhY2VzLkdldFBsYWNlEAIYBCAA,2026-09-01,,,,,
ChIJO23CtJA5jgcRB1ZMVm4R8Ak,Espaco Caramelles,"R. João Emílio Falcão, 338 - Fátima, Teresina - PI, 64049-480, Brazil",Teresina,busca_automatica,avaliacao,alimentos_bebidas,restaurant;food;point_of_interest;establishment,4.4,98,OPERATIONAL,2026-05-28,sim,https://www.instagram.com/espacocaramelles/,espacocaramelles,+55 86 99442-3810,https://maps.google.com/?cid=716091506343826951&g_mp=CiVnb29nbGUubWFwcy5wbGFjZXMudjEuUGxhY2VzLkdldFBsYWNlEAIYBCAA,2026-09-01,,,,,
ChIJu8jE2P05jgcRrxeCQiJI-rM,Fábrica de Sonhos Teresina | Loja de brinquedos em Teresina,"Rua Aviador Irapuã Rocha 677 - Galeria Irapua 2 - Jockey, Teresina - PI, 64048-323, Brazil",Teresina,busca_automatica,nome,loja,toy_store;event_venue;store;point_of_interest;establishment,4.5,6,OPERATIONAL,2026-07-15,sim,https://www.instagram.com/fabricadesonhosteresina/,fabricadesonhosteresina,+55 89 99975-4061,https://maps.google.com/?cid=12968757388948674479&g_mp=CiVnb29nbGUubWFwcy5wbGFjZXMudjEuUGxhY2VzLkdldFBsYWNlEAIYBCAA,2026-09-01,,,,,
ChIJn-wDAKQ7jgcREAU2aZNvXfQ,Homo Ludicus,"Av. Gov. Gayoso e Almendra, 443 - São João, Teresina - PI, 64046-455, Brazil",Teresina,busca_automatica,avaliacao,loja,store;point_of_interest;establishment,4.9,74,OPERATIONAL,2026-05-29,sim,http://www.homoludicus.com.br/,,+55 86 99998-4371,https://maps.google.com/?cid=17608352797004530960&g_mp=CiVnb29nbGUubWFwcy5wbGFjZXMudjEuUGxhY2VzLkdldFBsYWNlEAIYBCAA,2026-09-01,,,,,
ChIJAbAwCQw5jgcRWJtm-FEp-Yc,Hora de Brincar - Locações de Brinquedos,"Alameda Parnaíba - Marquês de Paranaguá, Teresina - PI, 64002-475, Brazil",Teresina,busca_automatica,nome,outro,point_of_interest;establishment,5,22,OPERATIONAL,2025-10-28,inconclusivo,,,+55 86 99918-8186,https://maps.google.com/?cid=9797907896357788504&g_mp=CiVnb29nbGUubWFwcy5wbGFjZXMudjEuUGxhY2VzLkdldFBsYWNlEAIYBCAA,2026-09-01,,,,,
ChIJlcpHapU9jgcRH8yYLpAWYPM,João Filho - GAMES,"R. São João Batista, 1640 - Tabajaras, Teresina - PI, 64067-530, Brazil",Teresina,busca_automatica,nome,outro,association_or_organization;point_of_interest;establishment,,0,OPERATIONAL,,inconclusivo,,,+55 86 99919-0491,https://maps.google.com/?cid=17537041757493578783&g_mp=CiVnb29nbGUubWFwcy5wbGFjZXMudjEuUGxhY2VzLkdldFBsYWNlEAIYBCAA,2026-09-01,,,,,
ChIJdTX4RXw3jgcRoOZ7vOYBZtA,Paulo Games,"R. Areolino de Abreu, 1392 - Centro (Sul), Teresina - PI, 64000-180, Brazil",Teresina,busca_automatica,nome,loja,store;point_of_interest;establishment,4.2,123,OPERATIONAL,,inconclusivo,,,+55 86 98816-6951,https://maps.google.com/?cid=15016692098029840032&g_mp=CiVnb29nbGUubWFwcy5wbGFjZXMudjEuUGxhY2VzLkdldFBsYWNlEAIYBCAA,2026-09-16,,,,,
ChIJawS-Cnw3jgcRjWBtxc8ykc4,Revolution Games,"Shop. da Cidade, Av Maranhão, 300 - Térreo - Box 42,43 - Centro (Norte), Teresina - PI, 64000-010, Brazil",Teresina,busca_automatica,nome,loja,store;service;point_of_interest;establishment,3.9,43,OPERATIONAL,,inconclusivo,,,,https://maps.google.com/?cid=14884734111388098701&g_mp=CiVnb29nbGUubWFwcy5wbGFjZXMudjEuUGxhY2VzLkdldFBsYWNlEAIYBCAA,2026-09-16,,,,,
ChIJu8ytMKM5jgcRYag1mOLKqXc,SMART&GAMES,"AV. MARECHAL CASTELO BRANCO Nº911 LOJA 413-C 4 PAVIMENTO SHOPPING RIO POTY - Porenquanto, Teresina - PI, 64003-087, Brazil",Teresina,busca_automatica,nome,loja,store;point_of_interest;establishment,4,42,OPERATIONAL,,inconclusivo,https://www.instagram.com/smartgames.teresina/?hl=pt-br,smartgames.teresina,+55 86 99594-6000,https://maps.google.com/?cid=8622646036142598241&g_mp=CiVnb29nbGUubWFwcy5wbGFjZXMudjEuUGxhY2VzLkdldFBsYWNlEAIYBCAA,2026-09-16,,,,,
ChIJWePpXgA3jgcRZG7Uw_oeB74,Sword Luderia,"Av. Joaquim Ribeiro, 1188 - Centro (Sul), Teresina - PI, 64001-480, Brazil",Teresina,busca_automatica,nome+avaliacao,loja,store;point_of_interest;establishment,5,15,OPERATIONAL,2026-04-23,sim,https://www.swordluderia.com.br/,,,https://maps.google.com/?cid=13692947254419418724&g_mp=CiVnb29nbGUubWFwcy5wbGFjZXMudjEuUGxhY2VzLkdldFBsYWNlEAIYBCAA,2026-09-01,,,,,
ChIJXQreloA5jgcRIkUUeNJG8Lw,"SÓ CONTROLES E GAMES - Loja de jogos, Videogames e acessórios para videogames em Teresina PI","R. Areolino de Abreu, 1484 - Centro (Sul), Teresina - PI, 64000-180, Brazil",Teresina,busca_automatica,nome,loja,store;point_of_interest;establishment,4.9,45,OPERATIONAL,,inconclusivo,https://instagram.com/socontroles1484?igshid=YmMyMTA2M2Y=,socontroles1484,+55 86 98838-8618,https://maps.google.com/?cid=13614459543312680226&g_mp=CiVnb29nbGUubWFwcy5wbGFjZXMudjEuUGxhY2VzLkdldFBsYWNlEAIYBCAA,2026-09-16,,,,,
ChIJsR1HqFcxjgcRxQAlU9mCmf4,Tio Dos Brinquedos,"Redonda, Teresina - Piauí, 64080-010, Brazil",Teresina,busca_automatica,nome,outro,point_of_interest;establishment,5,2,OPERATIONAL,2021-03-20,inconclusivo,,,+55 86 99983-8307,https://maps.google.com/?cid=18345838426984874181&g_mp=CiVnb29nbGUubWFwcy5wbGFjZXMudjEuUGxhY2VzLkdldFBsYWNlEAIYBCAA,2026-09-01,,,,,
ChIJe9maHv03jgcRj0oKnQYXJfA,Urim & Tumim - Aluguel de Jogos de Tabuleiro,"R. Ercínio Fortes, 6228 - Bela Vista, Teresina - PI, 64023-265, Brazil",Teresina,busca_automatica,nome,loja,toy_store;association_or_organization;store;point_of_interest;establishment,,0,OPERATIONAL,,inconclusivo,https://www.urimetumimjogos.com.br/,,+55 86 98907-2456,https://maps.google.com/?cid=17304262460412938895&g_mp=CiVnb29nbGUubWFwcy5wbGFjZXMudjEuUGxhY2VzLkdldFBsYWNlEAIYBCAA,2026-09-01,,,,,
ChIJqUA_IaE5jgcRjnu2CBE7yTM,Xeque Mate: Restaurante e Jogos de Tabuleiro,"Av. Sen. Area Leão, 4041 - Morada do Sol, Teresina - PI, 64049-110, Brazil",Teresina,busca_automatica,nome+avaliacao,alimentos_bebidas,restaurant;cocktail_bar;shipping_service;bar;association_or_organization;service;point_of_interest;food;establishment,4.7,825,OPERATIONAL,2025-01-06,inconclusivo,http://linktr.ee/XequeMate.the,,+55 86 98112-0077,https://maps.google.com/?cid=3731578710599826318&g_mp=CiVnb29nbGUubWFwcy5wbGFjZXMudjEuUGxhY2VzLkdldFBsYWNlEAIYBCAA,2026-09-01,,,,,
ChIJg2Z3ZckxjgcRLTDHwxksHnA,outtime - loja nerd e geek,"dirceu - Av. José Francisco de Almeida Neto, 158 - Casa 09-5 - Itararé, Teresina - PI, 64077-175, Brazil",Teresina,busca_automatica,nome,loja,store;point_of_interest;establishment,4.8,15,OPERATIONAL,,inconclusivo,https://instagram.com/outtime_oficial?igshid=YmMyMTA2M2Y=,outtime_oficial,+55 86 99969-1143,https://maps.google.com/?cid=8078943270719664173&g_mp=CiVnb29nbGUubWFwcy5wbGFjZXMudjEuUGxhY2VzLkdldFBsYWNlEAIYBCAA,2026-09-16,,,,,
ChIJ7XGi3xIXuAARiTdzjnTSM8Q,A Rainha dos Dados,"R. Antônio Ataíde, 323 - Centro de Vila Velha, Vila Velha - ES, 29100-295, Brazil",Vitória,busca_automatica,avaliacao,alimentos_bebidas,association_or_organization;restaurant;food;point_of_interest;establishment,5,28,OPERATIONAL,2026-06-10,sim,https://www.instagram.com/arainhadosdados/,arainhadosdados,+55 27 99205-7387,https://maps.google.com/?cid=14137875053294073737&g_mp=CiVnb29nbGUubWFwcy5wbGFjZXMudjEuUGxhY2VzLkdldFBsYWNlEAIYBCAA,2026-09-01,,,,,
ChIJOxz30nqrOQcRX7Hke7sTIqQ,Brinquedoteca Sonho de Criança,"R. Pernambuco, 314 - Jardim Vitoria, Itabuna - BA, 45605-510, Brazil",Vitória,busca_automatica,nome,outro,point_of_interest;establishment,5,3,OPERATIONAL,2026-07-07,sim,,,+55 73 98834-8536,https://maps.google.com/?cid=11827037267386741087&g_mp=CiVnb29nbGUubWFwcy5wbGFjZXMudjEuUGxhY2VzLkdldFBsYWNlEAIYBCAA,2026-09-01,,,,,
ChIJJSXMmvYXuAAR1_m2nqHu9zw,Cafezinho Lúdico - Board Games (somente jogos de tabuleiro),"R. Gelu Vervloet dos Santos, 280 - Jardim Camburi, Vitória - ES, 29090-100, Brazil",Vitória,busca_automatica,nome,loja,store;point_of_interest;establishment,,0,OPERATIONAL,,inconclusivo,,,,https://maps.google.com/?cid=4393242339443145175&g_mp=CiVnb29nbGUubWFwcy5wbGFjZXMudjEuUGxhY2VzLkdldFBsYWNlEAIYBCAA,2026-09-01,,,,,
ChIJb-fajK4ZuAARk8mlcefRJo8,Casa Lúdica | Loja de Brinquedos Educativos em Vitória,"EDIF IVARDE PEREIRA GOMES - R. Comissário Octávio Queiroz, 881 - Lj 02 - Jardim da Penha, Vitória - ES, 29060-270, Brazil",Vitória,busca_automatica,nome,loja,toy_store;store;point_of_interest;establishment,4.9,15,OPERATIONAL,2025-07-10,inconclusivo,https://loja.casaludica.com.br/,,+55 27 99254-4770,https://maps.google.com/?cid=10315162788513040787&g_mp=CiVnb29nbGUubWFwcy5wbGFjZXMudjEuUGxhY2VzLkdldFBsYWNlEAIYBCAA,2026-09-01,,,,,
ChIJ8UAbVQAXuAAR0qU-Q5RO4OU,Game Point - Shopping Vitória,"Av. Américo Buaiz, 200 - Enseada do Suá, Vitória - ES, 29050-420, Brazil",Vitória,busca_automatica,nome,outro,playground;point_of_interest;establishment,2,4,OPERATIONAL,2025-11-12,inconclusivo,https://www.instagram.com/gpplayvitoria?igsh=MXI2b3dqbjR2eDJmaA==,gpplayvitoria,,https://maps.google.com/?cid=16564325828158989778&g_mp=CiVnb29nbGUubWFwcy5wbGFjZXMudjEuUGxhY2VzLkdldFBsYWNlEAIYBCAA,2026-09-01,,,,,
ChIJBfbHGBAXuAARabgxg4BssgQ,Jardim dos Brinquedos,"R. Elesbão Linhares, 15 - lojas 20 e 21 - Praia do Canto, Vitória - ES, 29055-340, Brazil",Vitória,busca_automatica,nome,loja,toy_store;store;point_of_interest;establishment,5,3,OPERATIONAL,,inconclusivo,,,+55 27 99275-3467,https://maps.google.com/?cid=338452221218895977&g_mp=CiVnb29nbGUubWFwcy5wbGFjZXMudjEuUGxhY2VzLkdldFBsYWNlEAIYBCAA,2026-09-16,,,,,
ChIJGwVljPkXuAARP7bicxRAsY0,Jardim dos Brinquedos,"R. Maria Eleonora Pereira, 520 - Lj 03 - Jardim da Penha, Vitória - ES, 29060-180, Brazil",Vitória,busca_automatica,nome,loja,toy_store;store;point_of_interest;establishment,4.8,52,OPERATIONAL,,inconclusivo,http://www.jardimdosbrinquedos.com.br/,,+55 27 3094-7460,https://maps.google.com/?cid=10210012286813386303&g_mp=CiVnb29nbGUubWFwcy5wbGFjZXMudjEuUGxhY2VzLkdldFBsYWNlEAIYBCAA,2026-09-16,,,,,
ChIJm7OxcRAXuAAREcnuTC-9PtQ,Level 1 Games,"Masterplace mall - Av. Nossa Sra. da Penha, 2150 - Lj 57 C - Barro Vermelho, Vitória - ES, 29057-565, Brazil",Vitória,busca_automatica,nome,loja,point_of_interest;store;establishment,5,49,OPERATIONAL,,inconclusivo,https://www.level1games.com.br/,,+55 27 2142-2840,https://maps.google.com/?cid=15293869395448613137&g_mp=CiVnb29nbGUubWFwcy5wbGFjZXMudjEuUGxhY2VzLkdldFBsYWNlEAIYBCAA,2026-09-16,,,,,
ChIJEfNOc4UZuAARnwoxzE7NVto,"Lê Fiesta Brinquedos , Inflaveis e Recreaçao","Av. Dr. Herwan Modenese Wanderley - Jardim Camburi, Vitória - ES, 29090-640, Brazil",Vitória,busca_automatica,nome,loja,event_venue;store;point_of_interest;service;establishment,5,1,OPERATIONAL,2026-03-07,inconclusivo,,,+55 27 99834-6630,https://maps.google.com/?cid=15732988086582315679&g_mp=CiVnb29nbGUubWFwcy5wbGFjZXMudjEuUGxhY2VzLkdldFBsYWNlEAIYBCAA,2026-09-01,,,,,
ChIJ9_R9fMQXuAAROpd9sDcyE9k,MR Games Technical Assistance,"Avenida Nossa Senhora da Penha, 356 - Loja 11 - Piso 1 - Praia do Canto, Vitória - ES, 29055-131, Brazil",Vitória,busca_automatica,nome,loja,store;point_of_interest;service;establishment,4.6,296,OPERATIONAL,,inconclusivo,http://wa.me/5527988483506,,+55 27 3019-6299,https://maps.google.com/?cid=15641901145553475386&g_mp=CiVnb29nbGUubWFwcy5wbGFjZXMudjEuUGxhY2VzLkdldFBsYWNlEAIYBCAA,2026-09-16,,,,,
ChIJ7_r9xnMZuAARN1VAw1KnCcI,Machado Games,"Ed. Tropical Center, Torre B - Av. Des. Dermeval Lyrio, 640 - Sala 210 - Mata da Praia, Vitória - ES, 29065-340, Brazil",Vitória,busca_automatica,nome,loja,toy_store;electronics_store;store;point_of_interest;establishment,5,497,OPERATIONAL,,inconclusivo,http://www.machadogames.com.br/,,+55 27 98158-1200,https://maps.google.com/?cid=13981890492053345591&g_mp=CiVnb29nbGUubWFwcy5wbGFjZXMudjEuUGxhY2VzLkdldFBsYWNlEAIYBCAA,2026-09-16,,,,,
ChIJ9_R9fMQXuAARxW6KKJ-e1AU,Mario Games e Celulares,"Shopping Boulevard da Praia - Av. Nossa Sra. da Penha, 356 - Lj 35 Terreo - Praia do Canto, Vitória - ES, 29055-131, Brazil",Vitória,busca_automatica,nome,loja,electronics_store;store;point_of_interest;establishment,4.4,234,OPERATIONAL,,inconclusivo,http://www.olx.com.br/perfil/mario-games-blvd-7bbf3fb6,,+55 27 99271-9386,https://maps.google.com/?cid=420135071669448389&g_mp=CiVnb29nbGUubWFwcy5wbGFjZXMudjEuUGxhY2VzLkdldFBsYWNlEAIYBCAA,2026-09-16,,,,,
ChIJjXHndTsXuAARJ4EYkNCPOD8,Megamente Jogos e Brinquedos Educativos,"Shopping Triangulo - R. João da Cruz, 200 - Quiosque 2 - Praia do Canto, Vitória - ES, 29055-620, Brazil",Vitória,busca_automatica,nome,loja,toy_store;store;point_of_interest;establishment,5,15,OPERATIONAL,,inconclusivo,http://www.megamentekids.com.br/,,+55 27 99311-5243,https://maps.google.com/?cid=4555549149018751271&g_mp=CiVnb29nbGUubWFwcy5wbGFjZXMudjEuUGxhY2VzLkdldFBsYWNlEAIYBCAA,2026-09-16,,,,,
ChIJCQjbhkDWASUR619JgvbzdFs,Mesa & Dados RPG,"R. Basílio da Gama, 430 - Jardim Limoeiro, Serra - ES, 29164-355, Brazil",Vitória,busca_automatica,nome+avaliacao,outro,association_or_organization;point_of_interest;establishment,5,15,OPERATIONAL,2026-03-21,sim,https://www.instagram.com/mesaedados/,mesaedados,+55 27 99753-3183,https://maps.google.com/?cid=6590160394823229419&g_mp=CiVnb29nbGUubWFwcy5wbGFjZXMudjEuUGxhY2VzLkdldFBsYWNlEAIYBCAA,2026-09-01,,,,,
ChIJI00DNeIXuAAR6zsaUxQnV5s,Mito Games LTDA,"Condomínio do Edifício Nacap - Alameda Mari Ubirajara, 40 - sala 208 - Santa Lucia, Vitória - ES, 29056-030, Brazil",Vitória,busca_automatica,nome,outro,point_of_interest;service;establishment,4.8,19,OPERATIONAL,2018-08-26,inconclusivo,http://www.mitogames.com.br/,,+55 27 3025-1504,https://maps.google.com/?cid=11193458367099714539&g_mp=CiVnb29nbGUubWFwcy5wbGFjZXMudjEuUGxhY2VzLkdldFBsYWNlEAIYBCAA,2026-09-01,,,,,
ChIJr_hM6WQXuAARt-tsDdE1B7U,Mundo Geek Vitoria,"Shopping Vitória Shopping Vitória, 200 - Enseada do Suá, Vitória - ES, 29050-902, Brazil",Vitória,busca_automatica,nome,loja,point_of_interest;association_or_organization;service;store;establishment,4.8,13,OPERATIONAL,2026-04-11,sim,,,+55 27 99652-8158,https://maps.google.com/?cid=13044454017691610039&g_mp=CiVnb29nbGUubWFwcy5wbGFjZXMudjEuUGxhY2VzLkdldFBsYWNlEAIYBCAA,2026-09-01,,,,,
ChIJd50u8ZcXuAAR8XOv3fVgCr8,Palácio dos Brinquedos,"Av. Rio Branco, 1357 - Lj 2 - Praia do Canto, Vitória - ES, 29056-255, Brazil",Vitória,busca_automatica,nome,loja,toy_store;point_of_interest;store;establishment,4.5,13,OPERATIONAL,,inconclusivo,http://www.palaciodosbrinquedos.com.br/,,+55 27 3207-4144,https://maps.google.com/?cid=13765921820113859569&g_mp=CiVnb29nbGUubWFwcy5wbGFjZXMudjEuUGxhY2VzLkdldFBsYWNlEAIYBCAA,2026-09-16,,,,,
ChIJwdTqoR8YuAARAAa5RuP5_dM,Power Games Ltd.,"R. Cândido Ramos, 30 - Lj 03 - Jardim da Penha, Vitória - ES, 29060-090, Brazil",Vitória,busca_automatica,nome,loja,store;point_of_interest;establishment,4.3,167,OPERATIONAL,,inconclusivo,https://www.instagram.com/powershakeclub/,powershakeclub,+55 27 98822-6181,https://maps.google.com/?cid=15275640265650013696&g_mp=CiVnb29nbGUubWFwcy5wbGFjZXMudjEuUGxhY2VzLkdldFBsYWNlEAIYBCAA,2026-09-16,,,,,
ChIJRW0tKfAXuAARxELYUzaZNSg,Pra Brincar Brinquedoteca,"Poseidon Plaza - R. da Grécia, 320 - Lj 04 - Santa Luíza, Vitória - ES, 29045-225, Brazil",Vitória,busca_automatica,nome,loja,toy_store;child_care_agency;school;educational_institution;store;point_of_interest;service;establishment,5,2,OPERATIONAL,2016-07-07,inconclusivo,,,+55 27 3315-9090,https://maps.google.com/?cid=2897390393896747716&g_mp=CiVnb29nbGUubWFwcy5wbGFjZXMudjEuUGxhY2VzLkdldFBsYWNlEAIYBCAA,2026-09-01,,,,,
ChIJu1ycbBwYuAAR4VoapgwGSBY,Quero Quero Brinquedos,"Av. Hugo Viola, 1001 - Lj 6 A - Mata da Praia, Vitória - ES, 29065-475, Brazil",Vitória,busca_automatica,nome,loja,toy_store;store;point_of_interest;establishment,4.8,120,OPERATIONAL,,inconclusivo,,,+55 27 3026-3929,https://maps.google.com/?cid=1605539918553701089&g_mp=CiVnb29nbGUubWFwcy5wbGFjZXMudjEuUGxhY2VzLkdldFBsYWNlEAIYBCAA,2026-09-16,,,,,
ChIJu0jcwX09uAARPf5TuhkqM-4,Sonho de Brincar - Brinquedoteca,"Av. Joubert de Barros, 685 - Bento Ferreira, Vitória - ES, 29050-720, Brazil",Vitória,busca_automatica,nome,outro,point_of_interest;establishment,4.9,30,OPERATIONAL,2025-10-31,inconclusivo,,,+55 27 99977-6897,https://maps.google.com/?cid=17164108894827707965&g_mp=CiVnb29nbGUubWFwcy5wbGFjZXMudjEuUGxhY2VzLkdldFBsYWNlEAIYBCAA,2026-09-01,,,,,
ChIJf2QubrgXuAARQgoocE_Vf-c,Superkids Brinquedos,"Shopping Vitória - Av. Américo Buaiz, 200 - Lj 208 - Enseada do Suá, Vitória - ES, 29050-902, Brazil",Vitória,busca_automatica,nome,loja,toy_store;store;point_of_interest;establishment,4.2,206,OPERATIONAL,,inconclusivo,http://www.instagram.com/superkidsonline,superkidsonline,+55 27 3345-1007,https://maps.google.com/?cid=16681286081964411458&g_mp=CiVnb29nbGUubWFwcy5wbGFjZXMudjEuUGxhY2VzLkdldFBsYWNlEAIYBCAA,2026-09-16,,,,,
ChIJP-rZBxoYuAARoABHZZgnnY8,"Taberna Geek – Card Games, TCG e Eventos em Vitória","Av. Adalberto Simão Nader, 425 - Lj 5 - Mata da Praia, Vitória - ES, 29066-310, Brazil",Vitória,busca_automatica,nome+avaliacao,loja,toy_store;event_venue;store;point_of_interest;establishment,4.8,322,OPERATIONAL,2026-07-12,sim,http://www.tabernageek.com.br/,,+55 27 99744-2313,https://maps.google.com/?cid=10348471054254932128&g_mp=CiVnb29nbGUubWFwcy5wbGFjZXMudjEuUGxhY2VzLkdldFBsYWNlEAIYBCAA,2026-09-01,,,,,
ChIJKUt41jAltgARthoxe_e-_pY,Toca do Lobo - Locadora de Jogos Lúdicos,"R. Carlos Almeida Neto, nº 14 - quadra 15 - Juparanã, Linhares - ES, 29900-600, Brazil",Vitória,busca_automatica,nome,outro,association_or_organization;point_of_interest;establishment,5,1,OPERATIONAL,,inconclusivo,https://tocadolobo.acervodejogos.com.br/,,+55 27 99977-7255,https://maps.google.com/?cid=10880343719906712246&g_mp=CiVnb29nbGUubWFwcy5wbGFjZXMudjEuUGxhY2VzLkdldFBsYWNlEAIYBCAA,2026-09-16,,,,,
ChIJffwleigXuAAR-LDVO9VgcnY,Vem Brincar Brinquedoteca,"Poseidon Plaza - R. da Grécia, 320A - Santa Luíza, Vitória - ES, 29045-225, Brazil",Vitória,busca_automatica,nome,outro,point_of_interest;establishment,,0,OPERATIONAL,,inconclusivo,,,+55 27 3225-6226,https://maps.google.com/?cid=8534990712768671992&g_mp=CiVnb29nbGUubWFwcy5wbGFjZXMudjEuUGxhY2VzLkdldFBsYWNlEAIYBCAA,2026-09-01,,,,,
ChIJqZUpBqMVuAAR6sqHOUcnhvM,Vila Geek,"Av. Saturnino Rangel Mauro, 1955 - Lj 4 - Praia de Itaparica, Vila Velha - ES, 29102-037, Brazil",Vitória,busca_automatica,nome,loja,toy_store;point_of_interest;store;establishment,4.8,72,OPERATIONAL,,inconclusivo,https://www.vilageekgames.com.br/,,+55 27 99713-2492,https://maps.google.com/?cid=17547756184957078250&g_mp=CiVnb29nbGUubWFwcy5wbGFjZXMudjEuUGxhY2VzLkdldFBsYWNlEAIYBCAA,2026-09-16,,,,,
ChIJbbYt8cwZuAAR2YTmcGXhsRw,Vila Geek Vitória,"R. Milton Ramalho Simões, 130 - Jardim Camburi, Vitória - ES, 29090-770, Brazil",Vitória,busca_automatica,nome,loja,point_of_interest;store;establishment,5,1,OPERATIONAL,,inconclusivo,http://www.vilageekvix.com.br/,,+55 27 99590-4572,https://maps.google.com/?cid=2067681529741870297&g_mp=CiVnb29nbGUubWFwcy5wbGFjZXMudjEuUGxhY2VzLkdldFBsYWNlEAIYBCAA,2026-09-16,,,,,
ChIJ2Rw1_KI9uAARzFm94YVkElk,Vitória Games,"Av. Jerônimo Monteiro, 793 - Centro, Vitória - ES, 29010-004, Brazil",Vitória,busca_automatica,nome,loja,store;point_of_interest;establishment,3.8,174,OPERATIONAL,,inconclusivo,https://vitoriagames.com.br/,,+55 27 3025-2146,https://maps.google.com/?cid=6418302945137088972&g_mp=CiVnb29nbGUubWFwcy5wbGFjZXMudjEuUGxhY2VzLkdldFBsYWNlEAIYBCAA,2026-09-16,,,,,
