place_id,nome,endereco,capital_endereco,origem,match_tipo,grupo_categoria,categorias_google,avaliacao_media,volume_avaliacoes,status_google,ultima_avaliacao_data,ativo_6m,site_ou_rede_social,instagram_usuario,telefone,link_google_maps,data_coleta,evidencia_espaco_jogo,relevante,politica_precificacao,modelo_alimentacao_bebidas,acervo_declarado
ChIJ__9TTnxCzpQRwVSzrOijkRY,Bravo Jogos,"Rua Coronel Alfredo Flaquer, 411 - Centro, Santo André - SP, 09020-030, Brazil",São Paulo,busca_automatica,nome,loja,toy_store;store;point_of_interest;establishment,4.9,1719,OPERATIONAL,2025-09-07,inconclusivo,https://bravojogos.com.br/,,+55 11 4427-1724,https://maps.google.com/?cid=1626261160182633665&g_mp=CiVnb29nbGUubWFwcy5wbGFjZXMudjEuUGxhY2VzLkdldFBsYWNlEAIYBCAA,2026-09-01,,,,,
ChIJY_lqHVLl3JQRvDHacOMDKuc,BoardZ Game Pub,"R. Chile, 2077 - Rebouças, Curitiba - PR, 80220-181, Brazil",Curitiba,busca_automatica,nome+avaliacao,alimentos_bebidas,hamburger_restaurant;american_restaurant;restaurant;food;point_of_interest;establishment,4.8,776,OPERATIONAL,2024-11-09,inconclusivo,https://boardzgamepub.com.br/,,+55 41 3078-9343,https://maps.google.com/?cid=16657130447169008060&g_mp=CiVnb29nbGUubWFwcy5wbGFjZXMudjEuUGxhY2VzLkdldFBsYWNlEAIYBCAA,2026-09-01,,,,,
ChIJhSTdlebzXpMRf01LEaFa--8,Ludris Casa de Boardgames,"R. 6-A, 830 - Qd 58 Lt 12 - St. Aeroporto, Goiânia - GO, 74070-070, Brazil",Goiânia,busca_automatica,nome+avaliacao,loja,store;point_of_interest;establishment,4.9,82,OPERATIONAL,2026-08-07,sim,https://www.instagram.com/ludrisboardgames/,ludrisboardgames,+55 62 98644-7637,https://maps.google.com/?cid=17292514842045533567&g_mp=CiVnb29nbGUubWFwcy5wbGFjZXMudjEuUGxhY2VzLkdldFBsYWNlEAIYBCAA,2026-09-01,,,,,
ChIJNcHw7jNYzpQRKRHPOrb4jEw,Play Easy,"R. Pedro Taques, 47 - Cerqueira César, São Paulo - SP, 01415-010, Brazil",São Paulo,busca_automatica,avaliacao,loja,association_or_organization;toy_store;store;point_of_interest;establishment,4.7,1002,OPERATIONAL,2026-05-01,sim,https://playeasy.com.br/,,+55 11 2594-9933,https://maps.google.com/?cid=5516057105176400169&g_mp=CiVnb29nbGUubWFwcy5wbGFjZXMudjEuUGxhY2VzLkdldFBsYWNlEAIYBCAA,2026-09-01,,,,,
ChIJmeoX-RpZzpQR4joLam_WngM,Akagami Card Games e Colecionáveis,"R. Antônio Carlos, 686 - Cerqueira César, São Paulo - SP, 01309-010, Brazil",São Paulo,busca_automatica,nome,loja,toy_store;store;point_of_interest;establishment,4.7,59,OPERATIONAL,,inconclusivo,https://akagami.com.br/,,+55 11 98409-3995,https://maps.google.com/?cid=260881602442902242&g_mp=CiVnb29nbGUubWFwcy5wbGFjZXMudjEuUGxhY2VzLkdldFBsYWNlEAIYBCAA,2026-09-16,,,,,
ChIJbZRHQPRfzpQRz97-ZOg0yXA,Castelos Bar & Boardgames,"R. Serra de Botucatu, 995 - Vila Gomes Cardim, São Paulo - SP, 03317-000, Brazil",São Paulo,busca_automatica,nome+avaliacao,alimentos_bebidas,bar;association_or_organization;point_of_interest;establishment,4.6,617,OPERATIONAL,2024-08-15,inconclusivo,http://www.castelosbar.com.br/,,+55 11 3564-0577,https://maps.google.com/?cid=8127085175298252495&g_mp=CiVnb29nbGUubWFwcy5wbGFjZXMudjEuUGxhY2VzLkdldFBsYWNlEAIYBCAA,2026-09-01,,,,,
ChIJEXWGxDD5zpQRc6mmlhKeyuI,Meca dos Jogos - Loja de Boardgames!,"R. Jesuíno Antônio Batista, 417 - Jardim Guarani, São Paulo - SP, 02851-080, Brazil",São Paulo,busca_automatica,nome,loja,store;point_of_interest;association_or_organization;establishment,4.8,47,OPERATIONAL,,inconclusivo,https://www.mecadosjogos.com.br/,,+55 11 94932-6543,https://maps.google.com/?cid=16342048000541370739&g_mp=CiVnb29nbGUubWFwcy5wbGFjZXMudjEuUGxhY2VzLkdldFBsYWNlEAIYBCAA,2026-09-16,,,,,
ChIJ2eMCGACRpgARoWEjX5VaIkI,Arcade Save Point,"Av. Sebastião de Brito, 287 - Sl 3 - Dona Clara, Belo Horizonte - MG, 31260-000, Brazil",Belo Horizonte,triagem_manual,,outro,video_arcade;association_or_organization;point_of_interest;establishment,4.6,14,OPERATIONAL,,inconclusivo,,,+55 31 99901-3047,https://maps.google.com/?cid=4765470953304187297&g_mp=CiVnb29nbGUubWFwcy5wbGFjZXMudjEuUGxhY2VzLkdldFBsYWNlEAIYBCAA,2026-09-16,sim,,,,
ChIJDTIXkfuZpgAR4Wd-CrQu2Ik,BH Games,"R. Curvelo, 32 - Lj 15 - Floresta, Belo Horizonte - MG, 31015-172, Brazil",Belo Horizonte,busca_automatica,nome,loja,toy_store;point_of_interest;store;establishment,4.5,585,OPERATIONAL,,inconclusivo,http://www.bhgames.com.br/,,+55 31 2526-6990,https://maps.google.com/?cid=9932740328970676193&g_mp=CiVnb29nbGUubWFwcy5wbGFjZXMudjEuUGxhY2VzLkdldFBsYWNlEAIYBCAA,2026-09-16,,,,,
ChIJQ-UyX32bpgARJcyelgu6UGk,"Clube Mineiro de Wargames: Warhammer, Age of Sigmar, One Page Rules, Senhor dos Anéis, FrostGrave e muito mais.","R. Padre Júlio Maria, 93 - Vera Cruz, Belo Horizonte - MG, 30285-360, Brazil",Belo Horizonte,busca_automatica,nome,outro,point_of_interest;association_or_organization;establishment,,0,OPERATIONAL,,inconclusivo,https://www.instagram.com/cm.wargame/,cm.wargame,+55 31 3452-5920,https://maps.google.com/?cid=7588769931053681701&g_mp=CiVnb29nbGUubWFwcy5wbGFjZXMudjEuUGxhY2VzLkdldFBsYWNlEAIYBCAA,2026-09-16,,,,,
ChIJpzB8zc2XpgARoJTUu90J6Pw,Comdado Bar e Jogos,"Av. Amazonas, 2310 - Santo Agostinho, Belo Horizonte - MG, 30180-012, Brazil",Belo Horizonte,busca_automatica,nome+avaliacao,alimentos_bebidas,cocktail_bar;bar;restaurant;food;store;point_of_interest;association_or_organization;establishment,4.4,158,OPERATIONAL,2025-12-07,inconclusivo,http://www.comdado.bar/?utm_source=google&utm_medium=wix_google_business_profile&utm_campaign=2515633343614986524,,+55 31 99935-2525,https://maps.google.com/?cid=18223826740098405536&g_mp=CiVnb29nbGUubWFwcy5wbGFjZXMudjEuUGxhY2VzLkdldFBsYWNlEAIYBCAA,2026-09-01,,,,,
ChIJbUrly6CZpgARus1v7UATQH8,DayTrade Magic,"Av. Prudente de Morais, 621 - Lj 10 - Santo Antônio, Belo Horizonte - MG, 30350-143, Brazil",Belo Horizonte,busca_automatica,nome,loja,store;point_of_interest;establishment,5,36,OPERATIONAL,,inconclusivo,http://www.daytrademagic.com.br/,,+55 31 99512-4584,https://maps.google.com/?cid=9169350010908691898&g_mp=CiVnb29nbGUubWFwcy5wbGFjZXMudjEuUGxhY2VzLkdldFBsYWNlEAIYBCAA,2026-09-16,,,,,
ChIJccry2YO9pgARysaQPaSV1JI,Dimensão Alternativa,"R. Aurora, 11 - Miramar (Barreiro), Belo Horizonte - MG, 30644-080, Brazil",Belo Horizonte,busca_automatica,avaliacao,loja,toy_store;store;point_of_interest;establishment,4.9,44,OPERATIONAL,2026-06-26,sim,https://www.dimensaoalternativa.com.br/,,+55 31 97501-6060,https://maps.google.com/?cid=10580245957240211146&g_mp=CiVnb29nbGUubWFwcy5wbGFjZXMudjEuUGxhY2VzLkdldFBsYWNlEAIYBCAA,2026-09-01,,,,,
ChIJAVe-obmWpgARQx8-GQoKutU,Elite Games BH,"Xingu Mall - Av. Abílio Machado, 1664 - Box 97/98 - Alípio de Melo, Belo Horizonte - MG, 30830-000, Brazil",Belo Horizonte,busca_automatica,nome,loja,electronics_store;store;point_of_interest;establishment,4.5,652,OPERATIONAL,,inconclusivo,http://www.elitegamesbh.com/,,+55 31 99131-0191,https://maps.google.com/?cid=15400632914236284739&g_mp=CiVnb29nbGUubWFwcy5wbGFjZXMudjEuUGxhY2VzLkdldFBsYWNlEAIYBCAA,2026-09-16,,,,,
ChIJw_XYxmaZpgARvqB0k8rFBs8,Game X,"Av. Augusto de Lima, 479 - Sl 1511 - Centro, Belo Horizonte - MG, 30190-000, Brazil",Belo Horizonte,busca_automatica,nome,loja,store;point_of_interest;establishment,4.9,968,OPERATIONAL,,inconclusivo,http://www.gamexbh.com.br/,,+55 31 3646-3810,https://maps.google.com/?cid=14917828289559306430&g_mp=CiVnb29nbGUubWFwcy5wbGFjZXMudjEuUGxhY2VzLkdldFBsYWNlEAIYBCAA,2026-09-16,,,,,
ChIJsUAT-dObpgARCT2C5QpnVKU,Garagem do Nerd,"R. Padre Júlio Maria, 93 - Vera Cruz, Belo Horizonte - MG, 30285-360, Brazil",Belo Horizonte,busca_automatica,nome+avaliacao,outro,sports_club;association_or_organization;point_of_interest;establishment,4.9,244,OPERATIONAL,2024-12-04,inconclusivo,https://garagemdonerd.com.br/,,+55 31 3452-5920,https://maps.google.com/?cid=11913260210799656201&g_mp=CiVnb29nbGUubWFwcy5wbGFjZXMudjEuUGxhY2VzLkdldFBsYWNlEAIYBCAA,2026-09-01,,,,,
ChIJT0SWTE6RpgARR_MPTjPyxTk,Hango jogos,"R. Cerqueira Leite, 18 - Universitário, Belo Horizonte - MG, 31255-440, Brazil",Belo Horizonte,busca_automatica,nome,outro,point_of_interest;association_or_organization;establishment,,0,OPERATIONAL,,inconclusivo,,,+55 31 97557-0099,https://maps.google.com/?cid=4162999732740813639&g_mp=CiVnb29nbGUubWFwcy5wbGFjZXMudjEuUGxhY2VzLkdldFBsYWNlEAIYBCAA,2026-09-01,,,,,
ChIJ03bxSvSXpgARB1Fujm1ryEA,JogArtClub • Comes & Jogas,"R. Nadir, 450 - Caiçara-Adelaide, Belo Horizonte - MG, 30770-420, Brazil",Belo Horizonte,busca_automatica,avaliacao,alimentos_bebidas,restaurant;point_of_interest;food;establishment,5,49,OPERATIONAL,2026-05-25,sim,https://www.jogartclub.com.br/,,+55 31 99760-9671,https://maps.google.com/?cid=4668099132054720775&g_mp=CiVnb29nbGUubWFwcy5wbGFjZXMudjEuUGxhY2VzLkdldFBsYWNlEAIYBCAA,2026-09-01,,,,,
ChIJS8UKmRubpgARAQYQ48_VuI8,Ludo 3D,"R. Herval, 481 - Serra, Belo Horizonte - MG, 30240-010, Brazil",Belo Horizonte,busca_automatica,nome,outro,point_of_interest;service;establishment,5,6,OPERATIONAL,2021-11-11,inconclusivo,http://www.ludo3d.com.br/,,+55 31 99885-4183,https://maps.google.com/?cid=10356262431982880257&g_mp=CiVnb29nbGUubWFwcy5wbGFjZXMudjEuUGxhY2VzLkdldFBsYWNlEAIYBCAA,2026-09-01,,,,,
ChIJW3LzC-OZpgARnd4gdGxlzeA,MK Games BH,"R. da Bahia, 1032 - Sl 606 - Centro, Belo Horizonte - MG, 30160-010, Brazil",Belo Horizonte,busca_automatica,nome,loja,point_of_interest;store;establishment,4.9,3473,OPERATIONAL,,inconclusivo,http://www.mkgamesbh.com.br/,,+55 31 2527-0858,https://maps.google.com/?cid=16198714951200726685&g_mp=CiVnb29nbGUubWFwcy5wbGFjZXMudjEuUGxhY2VzLkdldFBsYWNlEAIYBCAA,2026-09-16,,,,,
ChIJBWgPzv6ZpgAR6hEFczprqRk,MUNDO DOS GAMES,"Avenida Oiapoque, 156 Portaria 2, box pi34/35 - Mundo dos Games - Centro, Belo Horizonte - MG, 30111-070, Brazil",Belo Horizonte,busca_automatica,nome,loja,store;point_of_interest;establishment,3.8,48,OPERATIONAL,,inconclusivo,http://wa.me/5531995479872,,+55 31 99547-9872,https://maps.google.com/?cid=1849127020794286570&g_mp=CiVnb29nbGUubWFwcy5wbGFjZXMudjEuUGxhY2VzLkdldFBsYWNlEAIYBCAA,2026-09-16,,,,,
ChIJodgIpnqXpgARiTbkZYfHB9o,Mesa de jogos de tabuleiro,"Rua Dr. Juvenal dos Santos, 149 - Luxemburgo, Belo Horizonte - MG, 30380-530, Brazil",Belo Horizonte,busca_automatica,nome,outro,park;point_of_interest;establishment,5,1,OPERATIONAL,2026-02-15,inconclusivo,,,,https://maps.google.com/?cid=15710745209449232009&g_mp=CiVnb29nbGUubWFwcy5wbGFjZXMudjEuUGxhY2VzLkdldFBsYWNlEAIYBCAA,2026-09-01,,,,,
ChIJd3ynKDCbpgARrK9b9Ya4nG8,Rooftop Games,"Centro, Belo Horizonte - Minas Gerais, 30110-002, Brazil",Belo Horizonte,busca_automatica,nome,outro,point_of_interest;association_or_organization;establishment,,0,OPERATIONAL,,inconclusivo,,,+55 31 98425-4179,https://maps.google.com/?cid=8042505924358418348&g_mp=CiVnb29nbGUubWFwcy5wbGFjZXMudjEuUGxhY2VzLkdldFBsYWNlEAIYBCAA,2026-09-01,,,,,
ChIJwaTDkNuZpgARtBvCnEZjrUY,Savassi Games,"Rua Antônio de Albuquerque, 606 - sala 203 - Praça da Savassi, Edifício Fraternia, mesmo prédio da Melissa Calçados - 2º andar - Savassi, Belo Horizonte - MG, 30112-010, Brazil",Belo Horizonte,busca_automatica,nome,loja,store;point_of_interest;establishment,4.8,1357,OPERATIONAL,2024-09-30,inconclusivo,https://savassigames.com.br/,,+55 31 99378-0001,https://maps.google.com/?cid=5092835908554726324&g_mp=CiVnb29nbGUubWFwcy5wbGFjZXMudjEuUGxhY2VzLkdldFBsYWNlEAIYBCAA,2026-09-01,,,,,
ChIJieP16UCZpgAR8zqQEUSe5oM,Stone Games,"Antônio Braga - Av. Afonso Pena, 578 - Sala 302 Ed - Centro, Belo Horizonte - MG, 30130-002, Brazil",Belo Horizonte,busca_automatica,nome,loja,store;point_of_interest;establishment,5,1318,OPERATIONAL,,inconclusivo,https://stonegamesloja.com.br/,,,https://maps.google.com/?cid=9504458078801640179&g_mp=CiVnb29nbGUubWFwcy5wbGFjZXMudjEuUGxhY2VzLkdldFBsYWNlEAIYBCAA,2026-09-16,,,,,
ChIJ-TwfHyaapgARy0qIc8g0r28,Taberna Santê,"R. Salinas, 2113 - Santa Tereza, Belo Horizonte - MG, 31015-115, Brazil",Belo Horizonte,busca_automatica,avaliacao,alimentos_bebidas,pub;brewery;bar;service;point_of_interest;manufacturer;food;establishment,4.6,1145,OPERATIONAL,2019-05-23,inconclusivo,http://www.instagram.com/tabernasante,tabernasante,+55 31 99140-9211,https://maps.google.com/?cid=8047709094670781131&g_mp=CiVnb29nbGUubWFwcy5wbGFjZXMudjEuUGxhY2VzLkdldFBsYWNlEAIYBCAA,2026-09-01,,,,,
ChIJIcauleSZpgARDghXUEZX9gI,Taberna dos Games,"Av. Mem de Sá, 521 - Santa Efigênia, Belo Horizonte - MG, 30260-270, Brazil",Belo Horizonte,busca_automatica,nome,loja,toy_store;store;point_of_interest;establishment,4.5,378,OPERATIONAL,2021-10-13,inconclusivo,http://www.tabernadosgames.com.br/,,+55 31 3566-4705,https://maps.google.com/?cid=213453991853885454&g_mp=CiVnb29nbGUubWFwcy5wbGFjZXMudjEuUGxhY2VzLkdldFBsYWNlEAIYBCAA,2026-09-01,,,,,
ChIJz539XYObpgARV5NhbSNRRHM,Totus Ludus,"R. Quaquarema, 31 - Fernão Dias, Belo Horizonte - MG, 31170-535, Brazil",Belo Horizonte,busca_automatica,avaliacao,outro,point_of_interest;association_or_organization;establishment,5,7,OPERATIONAL,2026-08-22,sim,https://totusludus.com.br/,,+55 31 99544-9559,https://maps.google.com/?cid=8305852825378853719&g_mp=CiVnb29nbGUubWFwcy5wbGFjZXMudjEuUGxhY2VzLkdldFBsYWNlEAIYBCAA,2026-09-01,,,,,
ChIJKURw7A2apgARheRIbSu9Pgo,UGCardShop,"R. dos Pampas, 17 - Prado, Belo Horizonte - MG, 30411-073, Brazil",Belo Horizonte,busca_automatica,nome+avaliacao,loja,toy_store;store;point_of_interest;establishment,4.6,1030,OPERATIONAL,2024-07-04,inconclusivo,http://www.ugcardshop.com.br/,,+55 31 3654-9237,https://maps.google.com/?cid=738235383150077061&g_mp=CiVnb29nbGUubWFwcy5wbGFjZXMudjEuUGxhY2VzLkdldFBsYWNlEAIYBCAA,2026-09-01,,,,,
ChIJrRfqRPSRpgARWfVpA_8eK7E,VAULT of cards,"Av. Augusto de Lima, 527 - Centro, Belo Horizonte - MG, 30190-000, Brazil",Belo Horizonte,busca_automatica,nome,loja,toy_store;store;point_of_interest;establishment,4.9,260,OPERATIONAL,,inconclusivo,https://www.vaultofcards.com.br/,,+55 31 3144-0311,https://maps.google.com/?cid=12766331649334572377&g_mp=CiVnb29nbGUubWFwcy5wbGFjZXMudjEuUGxhY2VzLkdldFBsYWNlEAIYBCAA,2026-09-16,,,,,
ChIJtwr4B2uapgARmoNuWVdPSUY,ZEUS GAMES BH,"Av. Cristiano Machado, 1682 - Lj 12 - Cidade Nova, Belo Horizonte - MG, 31170-024, Brazil",Belo Horizonte,busca_automatica,nome,loja,store;point_of_interest;establishment,4.9,2301,OPERATIONAL,,inconclusivo,http://www.zeusgames.com.br/,,+55 31 2527-5080,https://maps.google.com/?cid=5064666492535997338&g_mp=CiVnb29nbGUubWFwcy5wbGFjZXMudjEuUGxhY2VzLkdldFBsYWNlEAIYBCAA,2026-09-16,,,,,
ChIJRwi-IMcEFgcR2QL8OciGdQ0,PlayGround Game Store,"Shopping Boulevard das Orquídeas - Av. Paulo VI, 1535 - Lj 101 - Pituba, Salvador - BA, 41810-000, Brazil",Salvador,busca_automatica,nome+avaliacao,loja,toy_store;store;point_of_interest;establishment,4.6,358,OPERATIONAL,2023-07-06,inconclusivo,http://www.playgroundgames.com.br/,,+55 71 99988-8871,https://maps.google.com/?cid=969829489292608217&g_mp=CiVnb29nbGUubWFwcy5wbGFjZXMudjEuUGxhY2VzLkdldFBsYWNlEAIYBCAA,2026-09-01,,,,,
ChIJK-IiTfuVpgARx8rVtqv8c3g,Massula Nerd House,"R. Manoel João Diniz Camargos, 524 - Alvorada, Contagem - MG, 32042-220, Brazil",Belo Horizonte,busca_automatica,nome+avaliacao,alimentos_bebidas,pub;bar;point_of_interest;establishment,5,94,OPERATIONAL,2026-05-11,sim,https://www.massulanerdhouse.com.br/,,+55 31 99993-0950,https://maps.google.com/?cid=8679558721310149319&g_mp=CiVnb29nbGUubWFwcy5wbGFjZXMudjEuUGxhY2VzLkdldFBsYWNlEAIYBCAA,2026-09-01,,,,,
ChIJVVWJxOaZpgARwOi0SIWndOw,Brechó Lúdico,"Av. Brasil, 1843 - Lourdes, Belo Horizonte - MG, 30140-008, Brazil",Belo Horizonte,busca_automatica,avaliacao,loja,toy_store;point_of_interest;association_or_organization;store;establishment,4.9,122,OPERATIONAL,2026-08-02,sim,https://brecholudico.com.br/,,+55 31 99386-8689,https://maps.google.com/?cid=17038427481141733568&g_mp=CiVnb29nbGUubWFwcy5wbGFjZXMudjEuUGxhY2VzLkdldFBsYWNlEAIYBCAA,2026-09-01,,,,,
ChIJ6ZLMZw-XpgAR_OR6SwY5xKo,Shelf Bar e Jogos,"Av. do Contorno, 7287 - Lourdes, Belo Horizonte - MG, 30110-047, Brazil",Belo Horizonte,busca_automatica,nome,alimentos_bebidas,cocktail_bar;bar;point_of_interest;establishment,4.6,1505,OPERATIONAL,2026-06-08,sim,http://shelfbar.com.br/,,+55 31 98255-3780,https://maps.google.com/?cid=12305022781081969916&g_mp=CiVnb29nbGUubWFwcy5wbGFjZXMudjEuUGxhY2VzLkdldFBsYWNlEAIYBCAA,2026-09-01,,,,,
ChIJx5jr3zGXpgARQGx9eX7TDmY,LudoCafé,"R. Antônio Dias, 201 - Santo Antônio, Belo Horizonte - MG, 30350-150, Brazil",Belo Horizonte,busca_automatica,nome+avaliacao,alimentos_bebidas,cocktail_bar;bar;coffee_shop;food_store;cafe;store;restaurant;food;point_of_interest;establishment,4.6,585,OPERATIONAL,2026-07-07,sim,http://www.ludocafe.com.br/,,+55 31 3646-6046,https://maps.google.com/?cid=7354047781700201536&g_mp=CiVnb29nbGUubWFwcy5wbGFjZXMudjEuUGxhY2VzLkdldFBsYWNlEAIYBCAA,2026-09-01,,,,,
ChIJiY9zEsyNpJIR_mfO_JdbZqY,EXP CARD STORE,"R. Bernal do Couto, 1296 - Umarizal, Belém - PA, 66055-080, Brazil",Belém,busca_automatica,nome+avaliacao,loja,toy_store;store;point_of_interest;establishment,4.6,54,OPERATIONAL,2026-05-02,sim,https://www.expcardstore.com/,,+55 11 99347-0004,https://maps.google.com/?cid=11990371766260099070&g_mp=CiVnb29nbGUubWFwcy5wbGFjZXMudjEuUGxhY2VzLkdldFBsYWNlEAIYBCAA,2026-09-01,,,,,
ChIJW6B6GACPpJIRB--XoYN1boE,Exp Card Store,"R. Bernal do Couto, 1296 - Umarizal, Belém - PA, 66055-080, Brazil",Belém,busca_automatica,nome,loja,store;point_of_interest;establishment,,0,OPERATIONAL,,inconclusivo,,,,https://maps.google.com/?cid=9326521086543130375&g_mp=CiVnb29nbGUubWFwcy5wbGFjZXMudjEuUGxhY2VzLkdldFBsYWNlEAIYBCAA,2026-09-16,,,,,
ChIJxxdXpZCPpJIRXqtxBwCGhgY,GAME HOUSE BELÉM,"Rua dos Quarenta e Oito Center 47 - Batista Campos, Belém - PA, 66025-230, Brazil",Belém,busca_automatica,nome,loja,electronics_store;store;point_of_interest;establishment,5,64,OPERATIONAL,2020-03-14,inconclusivo,https://instagram.com/freefirebelem?igshid=rhbl27mrwq23,freefirebelem,+55 91 98315-0025,https://maps.google.com/?cid=470210545789807454&g_mp=CiVnb29nbGUubWFwcy5wbGFjZXMudjEuUGxhY2VzLkdldFBsYWNlEAIYBCAA,2026-09-01,,,,,
ChIJFfONwXGLpJIRBoRsNv3aQfI,Hey! Hero Geek Store,"Tv. Mauriti - Pedreira, Belém - PA, 66087-680, Brazil",Belém,busca_automatica,nome,alimentos_bebidas,coffee_shop;cafe;food_store;store;food;point_of_interest;establishment,4.8,33,OPERATIONAL,,inconclusivo,https://instagram.com/heyherogeekstore?igshid=YmMyMTA2M2Y=,heyherogeekstore,+55 91 98125-5449,https://maps.google.com/?cid=17456474411739415558&g_mp=CiVnb29nbGUubWFwcy5wbGFjZXMudjEuUGxhY2VzLkdldFBsYWNlEAIYBCAA,2026-09-16,,,,,
ChIJyW-C2YuOpJIRrMyg3yhcl5E,J M Games,"Galeria Center 48 - R. dos 48, 42 - Lj 8 - Batista Campos, Belém - PA, 66015-200, Brazil",Belém,busca_automatica,nome,loja,store;point_of_interest;establishment,2.6,7,OPERATIONAL,,inconclusivo,,,,https://maps.google.com/?cid=10490955187603164332&g_mp=CiVnb29nbGUubWFwcy5wbGFjZXMudjEuUGxhY2VzLkdldFBsYWNlEAIYBCAA,2026-09-16,,,,,
ChIJy4yXvUOLpJIRoATvyfXMr5o,Ludamigos - Jogos de tabuleiro,"Av. Marquês de Herval, 1776 - Pedreira, Belém - PA, 66085-313, Brazil",Belém,busca_automatica,nome,loja,store;point_of_interest;establishment,5,5,OPERATIONAL,2026-07-08,sim,https://ludamigos.lends.com.br/,,+55 91 92003-0552,https://maps.google.com/?cid=11146352958792205472&g_mp=CiVnb29nbGUubWFwcy5wbGFjZXMudjEuUGxhY2VzLkdldFBsYWNlEAIYBCAA,2026-09-01,,,,,
ChIJVRustamNpJIRE4QX47Z1-vw,Ludorim Boardgames - Jogos de Tabuleiro,"Tv. Timbó, 1269 - Pedreira, Belém - PA, 66083-049, Brazil",Belém,busca_automatica,nome+avaliacao,loja,store;point_of_interest;establishment,5,16,OPERATIONAL,2026-07-14,sim,https://ludorim.lends.com.br/,,+55 91 98885-4419,https://maps.google.com/?cid=18229011870089970707&g_mp=CiVnb29nbGUubWFwcy5wbGFjZXMudjEuUGxhY2VzLkdldFBsYWNlEAIYBCAA,2026-09-01,,,,,
ChIJ-97tiEeNpJIRb_eV7a-sxBs,Ludoteca Sidequest,"Av. Visc. de Souza Franco, 1313 - Umarizal, Belém - PA, 66053-000, Brazil",Belém,busca_automatica,nome+avaliacao,alimentos_bebidas,snack_bar;hamburger_restaurant;coffee_shop;cafe;meal_takeaway;food_store;american_restaurant;restaurant;food;store;point_of_interest;establishment,4.8,327,OPERATIONAL,2026-05-31,sim,https://ludotecasidequest.com.br/,,+55 91 98561-3484,https://maps.google.com/?cid=2000914006064625519&g_mp=CiVnb29nbGUubWFwcy5wbGFjZXMudjEuUGxhY2VzLkdldFBsYWNlEAIYBCAA,2026-09-01,,,,,
ChIJeVxl1I5hpJIRPDXL-aFbMFw,Mestre Dos Games E Tecnologia,"Passagem Primeiro de Julho, 32 - Benguí, Belém - PA, 66630-735, Brazil",Belém,busca_automatica,nome,loja,store;point_of_interest;establishment,5,65,OPERATIONAL,,inconclusivo,https://www.facebook.com/profile.php?id=100083318455015&mibextid=ZbWKwL,,,https://maps.google.com/?cid=6642910201610188092&g_mp=CiVnb29nbGUubWFwcy5wbGFjZXMudjEuUGxhY2VzLkdldFBsYWNlEAIYBCAA,2026-09-16,,,,,
ChIJ9arjXI5-L4kRvQ_arqNVNG0,Nerdices | A sua loja geek em Belém,"R. dos Mundurucus, 3284 - Cremação, Belém - PA, 66040-033, Brazil",Belém,busca_automatica,nome,loja,womens_clothing_store;toy_store;clothing_store;store;point_of_interest;establishment,5,23,OPERATIONAL,,inconclusivo,https://www.instagram.com/nerdices.online/,nerdices.online,+55 91 98035-4053,https://maps.google.com/?cid=7869008610424655805&g_mp=CiVnb29nbGUubWFwcy5wbGFjZXMudjEuUGxhY2VzLkdldFBsYWNlEAIYBCAA,2026-09-16,,,,,
ChIJv3fk2nqOpJIRhyuz_OgElJg,Oriental Video e Game,"R. dos Timbiras, 1354 - Batista Campos, Belém - PA, 66033-331, Brazil",Belém,busca_automatica,nome,loja,store;point_of_interest;establishment,4.4,622,OPERATIONAL,,inconclusivo,http://www.orientalgames.com.br/,,+55 91 3272-7670,https://maps.google.com/?cid=10994417989036747655&g_mp=CiVnb29nbGUubWFwcy5wbGFjZXMudjEuUGxhY2VzLkdldFBsYWNlEAIYBCAA,2026-09-16,,,,,
ChIJ6S1J8O2JpJIRCNzqFrfvwfE,PIXXELS Gamer Club®︎,"Av. Sen. Lemos, 3153 - Sacramenta, Belém - PA, 66120-000, Brazil",Belém,busca_automatica,nome+avaliacao,outro,internet_cafe;point_of_interest;service;establishment,5,21,OPERATIONAL,2026-07-07,sim,http://pixxelsgamerclub.com/,,+55 91 98473-8751,https://maps.google.com/?cid=17420468403288333320&g_mp=CiVnb29nbGUubWFwcy5wbGFjZXMudjEuUGxhY2VzLkdldFBsYWNlEAIYBCAA,2026-09-01,,,,,
ChIJQ-IrKgmLpJIRuWxTFSFu_hk,Play Action Games - Loja de games em belém,"R. Padre Eutíquio - B.Campos - Belém, PA, 68530-000, Brazil",Belém,busca_automatica,nome,loja,electronics_store;store;point_of_interest;establishment,4.4,9,OPERATIONAL,,inconclusivo,https://www.instagram.com/playactionbelem/,playactionbelem,+55 91 98253-0373,https://maps.google.com/?cid=1873055583403470009&g_mp=CiVnb29nbGUubWFwcy5wbGFjZXMudjEuUGxhY2VzLkdldFBsYWNlEAIYBCAA,2026-09-16,,,,,
ChIJ-ZF-kTuKpJIRNW1TcmIqv1w,Play Games,"Av. Centenário, 1052 - Val-de-Cans, Belém - PA, 66617-418, Brazil",Belém,busca_automatica,nome,outro,amusement_park;amusement_center;point_of_interest;establishment,4.3,583,OPERATIONAL,2024-06-28,inconclusivo,,,+55 91 3199-3518,https://maps.google.com/?cid=6683106974354337077&g_mp=CiVnb29nbGUubWFwcy5wbGFjZXMudjEuUGxhY2VzLkdldFBsYWNlEAIYBCAA,2026-09-01,,,,,
ChIJFQHtdQ6LpJIR2TFPBl5fXys,Smart Geek Brasil,"Edifício Lomas Center - Tv. Lomas Valentinas, 2625 - Sl 01 - Sacramenta, Belém - PA, 66093-677, Brazil",Belém,busca_automatica,nome,loja,store;point_of_interest;establishment,3.7,3,OPERATIONAL,2023-08-19,inconclusivo,,,+55 91 98589-1989,https://maps.google.com/?cid=3125321523855831513&g_mp=CiVnb29nbGUubWFwcy5wbGFjZXMudjEuUGxhY2VzLkdldFBsYWNlEAIYBCAA,2026-09-01,,,,,
ChIJB3QNOfeLpJIRXZnnxwGI70M,Supra Cards,"38A - Marambaia, Belém - PA, 66620-760, Brazil",Belém,busca_automatica,nome,loja,toy_store;store;point_of_interest;establishment,5,27,OPERATIONAL,,inconclusivo,http://www.supracards.net/,,+55 91 2121-8752,https://maps.google.com/?cid=4895280861205207389&g_mp=CiVnb29nbGUubWFwcy5wbGFjZXMudjEuUGxhY2VzLkdldFBsYWNlEAIYBCAA,2026-09-16,,,,,
ChIJxxbPw4uOpJIRWWSrQJ2cQiU,Tsunami Games,"Galeria Portuense, Loja 30 - Tv. Padre Eutíquio, 1055 - Batista Campos, Belém - PA, 66023-710, Brazil",Belém,busca_automatica,nome,loja,point_of_interest;store;establishment,4,18,OPERATIONAL,,inconclusivo,https://tsunami-games-dados-loja.netlify.app/,,+55 91 98220-2423,https://maps.google.com/?cid=2684880527075009625&g_mp=CiVnb29nbGUubWFwcy5wbGFjZXMudjEuUGxhY2VzLkdldFBsYWNlEAIYBCAA,2026-09-16,,,,,
ChIJxdjX24uOpJIR8qZK9s7LF4s,Tsunami Games & Computers,"Galeria Center 48 - R. dos 48, 42 - Lj 4 - Batista Campos, Belém - PA, 66015-200, Brazil",Belém,busca_automatica,nome,loja,store;point_of_interest;establishment,4.2,250,OPERATIONAL,,inconclusivo,https://tsunami-games-dados-loja.netlify.app/,,,https://maps.google.com/?cid=10022703585492117234&g_mp=CiVnb29nbGUubWFwcy5wbGFjZXMudjEuUGxhY2VzLkdldFBsYWNlEAIYBCAA,2026-09-16,,,,,
ChIJfTUN-duJpJIRgfzVfddwDHY,Universo Geek Store,"Conjunto Providência Avenida norte entre Rua 12 e - Al. Providência - Val-de-Cans, Belém - PA, 66110-053, Brazil",Belém,busca_automatica,nome,loja,store;point_of_interest;establishment,5,9,OPERATIONAL,,inconclusivo,,,+55 91 98817-7490,https://maps.google.com/?cid=8506297867027479681&g_mp=CiVnb29nbGUubWFwcy5wbGFjZXMudjEuUGxhY2VzLkdldFBsYWNlEAIYBCAA,2026-09-16,,,,,
ChIJcRvp0r15GZURj1bFNF3n5jw,HEX Board Game Café,"R. Riachuelo, 1339 - Sala 1003 ( Cobertura - Centro Histórico, Porto Alegre - RS, 90010-270, Brazil",Porto Alegre,busca_automatica,nome+avaliacao,alimentos_bebidas,cafe;association_or_organization;point_of_interest;food;establishment,5,84,OPERATIONAL,2025-08-06,inconclusivo,http://www.hex.poa.br/,,+55 51 99805-2122,https://maps.google.com/?cid=4388449274422449807&g_mp=CiVnb29nbGUubWFwcy5wbGFjZXMudjEuUGxhY2VzLkdldFBsYWNlEAIYBCAA,2026-09-01,,,,,
ChIJTaG5ALpZzpQRUDErQ-RkfTs,Ludus Luderia,"R. Treze de Maio, 972 - Bela Vista, São Paulo - SP, 01327-000, Brazil",São Paulo,busca_automatica,nome+avaliacao,alimentos_bebidas,bar;sports_bar;association_or_organization;restaurant;food;point_of_interest;establishment,4.6,5137,OPERATIONAL,2026-05-12,sim,http://ludusluderia.com.br/,,+55 11 99241-2211,https://maps.google.com/?cid=4286693351868805456&g_mp=CiVnb29nbGUubWFwcy5wbGFjZXMudjEuUGxhY2VzLkdldFBsYWNlEAIYBCAA,2026-09-01,,,,,
ChIJZz29dnVXzpQRvRh7_YKyUN4,Encounter | Jogos de Tabuleiro | Board Games,"Av. dos Eucaliptos, 204 - Moema, São Paulo - SP, 04517-050, Brazil",São Paulo,busca_automatica,nome+avaliacao,alimentos_bebidas,association_or_organization;restaurant;food;point_of_interest;establishment,4.8,1123,OPERATIONAL,2026-06-29,sim,https://www.instagram.com/encounter.bg/,encounter.bg,+55 11 97225-4090,https://maps.google.com/?cid=16019500150225049789&g_mp=CiVnb29nbGUubWFwcy5wbGFjZXMudjEuUGxhY2VzLkdldFBsYWNlEAIYBCAA,2026-09-01,,,,,
ChIJMYNbjXyOpJIRWBmqMSlEcBQ,Mago Jogos,"Condomínio do Edifício Francisca Julia - Av. Serzedelo Corrêa, 1157 - Batista Campos, Belém - PA, 66033-770, Brazil",Belém,busca_automatica,nome+avaliacao,outro,point_of_interest;association_or_organization;establishment,4.8,19,OPERATIONAL,2023-10-26,inconclusivo,http://magojogos.com.br/,,+55 91 98534-9090,https://maps.google.com/?cid=1472752021867731288&g_mp=CiVnb29nbGUubWFwcy5wbGFjZXMudjEuUGxhY2VzLkdldFBsYWNlEAIYBCAA,2026-09-01,,,,,
ChIJoTlvBfMbFgcRHvuCKHBQrXQ,São Jogue - Bela Vista,"Alameda Euvaldo Luz, 92 - Pernambués, Salvador - BA, 41098-020, Brazil",Salvador,busca_automatica,nome+avaliacao,alimentos_bebidas,snack_bar;meal_takeaway;restaurant;food;store;point_of_interest;establishment,4.8,787,OPERATIONAL,2019-12-09,inconclusivo,https://saojogue.com.br/,,+55 71 99298-5046,https://maps.google.com/?cid=8407464522016815902&g_mp=CiVnb29nbGUubWFwcy5wbGFjZXMudjEuUGxhY2VzLkdldFBsYWNlEAIYBCAA,2026-09-01,,,,,
ChIJu1yUroF_mQAR7qxqAfxKSw4,Game Of Boards,"Rua da Passagem, 142 - Botafogo, Rio de Janeiro - RJ, 22290-031, Brazil",Rio de Janeiro,ambas,nome+avaliacao,loja,store;point_of_interest;establishment,4.7,1077,OPERATIONAL,2026-03-06,inconclusivo,http://www.gameofboards.com.br/,,+55 21 2557-7277,https://maps.google.com/?cid=1029999386000272622&g_mp=CiVnb29nbGUubWFwcy5wbGFjZXMudjEuUGxhY2VzLkdldFBsYWNlEAIYBCAA,2026-09-01,,,,,
ChIJOczn8z7l3JQRNBEL_ZJ3iQo,Joyjoy Café,"Av. Presidente Affonso Camargo, 1939 - Lj 02 - Cristo Rei, Curitiba - PR, 80050-370, Brazil",Curitiba,busca_automatica,avaliacao,alimentos_bebidas,coffee_shop;cafe;association_or_organization;food_store;store;point_of_interest;food;establishment,4.8,690,OPERATIONAL,2026-06-06,sim,http://www.joyjoycafe.com.br/,,+55 41 99176-9659,https://maps.google.com/?cid=759269485382930740&g_mp=CiVnb29nbGUubWFwcy5wbGFjZXMudjEuUGxhY2VzLkdldFBsYWNlEAIYBCAA,2026-09-01,,,,,
ChIJ1wjBJD7k3JQRQi7trfp_0aQ,Vila Celta Hobby Store - Jogos e Café,"Av. Pres. Getúlio Vargas, 659 - Rebouças, Curitiba - PR, 80240-040, Brazil",Curitiba,busca_automatica,nome,loja,toy_store;association_or_organization;store;point_of_interest;establishment,4.8,751,OPERATIONAL,2026-07-14,sim,https://reidascartinhas.com.br/,,+55 41 99228-5798,https://maps.google.com/?cid=11876414406989262402&g_mp=CiVnb29nbGUubWFwcy5wbGFjZXMudjEuUGxhY2VzLkdldFBsYWNlEAIYBCAA,2026-09-01,,,,,
ChIJo-6lZMlezpQRmgUpUPfmRIs,Pitta's Board Games,"R. Paraupava, 80 - Belenzinho, São Paulo - SP, 03171-060, Brazil",São Paulo,busca_automatica,nome+avaliacao,loja,toy_store;store;point_of_interest;association_or_organization;establishment,4.9,663,OPERATIONAL,2026-02-08,inconclusivo,http://www.pittasstore.com.br/,,+55 11 94784-2874,https://maps.google.com/?cid=10035399819564483994&g_mp=CiVnb29nbGUubWFwcy5wbGFjZXMudjEuUGxhY2VzLkdldFBsYWNlEAIYBCAA,2026-09-01,,,,,
ChIJ0yXbI35IxwcR0_jLi-uINUU,Balboa's Hobby Games,"R. Maria Tomásia, 208 - Aldeota, Fortaleza - CE, 60150-170, Brazil",Fortaleza,busca_automatica,nome+avaliacao,alimentos_bebidas,snack_bar;toy_store;meal_takeaway;store;restaurant;food;point_of_interest;establishment,4.8,881,OPERATIONAL,2022-10-18,inconclusivo,https://www.balboas.com.br/,,+55 85 98223-9922,https://maps.google.com/?cid=4987042707626784979&g_mp=CiVnb29nbGUubWFwcy5wbGFjZXMudjEuUGxhY2VzLkdldFBsYWNlEAIYBCAA,2026-09-01,,,,,
ChIJKeHwNv5ZzpQRlmzx9rCTWdM,Bodogami Restaurante e Cafeteria,"Av. da Liberdade, 456 - Liberdade, São Paulo - SP, 01502-001, Brazil",São Paulo,busca_automatica,nome+avaliacao,alimentos_bebidas,restaurant;coffee_shop;bar;food_store;cafe;food;point_of_interest;store;establishment,4.6,3386,OPERATIONAL,2026-08-07,sim,https://www.bodogami.com.br/,,+55 11 97702-8516,https://maps.google.com/?cid=15229366003196587158&g_mp=CiVnb29nbGUubWFwcy5wbGFjZXMudjEuUGxhY2VzLkdldFBsYWNlEAIYBCAA,2026-09-01,,,,,
ChIJRUjwU66WoGgRzc9yJU7jkwM,Nala Land - Bar de Jogos de Tabuleiro em Recife,"R. Raul Pompéia, 271 - Arruda, Recife - PE, 52120-150, Brazil",Recife,busca_automatica,nome+avaliacao,alimentos_bebidas,hamburger_restaurant;snack_bar;meal_takeaway;american_restaurant;restaurant;food;point_of_interest;association_or_organization;establishment,4.9,206,OPERATIONAL,2026-04-05,sim,https://nala.lends.com.br/,,+55 81 99626-1703,https://maps.google.com/?cid=257799528465485773&g_mp=CiVnb29nbGUubWFwcy5wbGFjZXMudjEuUGxhY2VzLkdldFBsYWNlEAIYBCAA,2026-09-01,,,,,
ChIJOcVssmeDmQARZZrnWu2mnwA,TabuClub,"R. Newton Prado, 29 - Santa Rosa, Niterói - RJ, 24240-004, Brazil",Rio de Janeiro,busca_automatica,avaliacao,alimentos_bebidas,cocktail_bar;bar;point_of_interest;association_or_organization;establishment,4.7,100,OPERATIONAL,2026-07-17,sim,https://tabuclub.acervodejogos.com.br/,,+55 21 98027-0536,https://maps.google.com/?cid=44938059659582053&g_mp=CiVnb29nbGUubWFwcy5wbGFjZXMudjEuUGxhY2VzLkdldFBsYWNlEAIYBCAA,2026-09-01,,,,,
ChIJd3SdTfYFFgcRo-JG2l_0Rzo,Invasion BG,"Av. Sete de Setembro, 624 Edf. Totônia - Sl 308 - Dois de Julho, Salvador - BA, 40060-001, Brazil",Salvador,busca_automatica,avaliacao,loja,store;point_of_interest;establishment,5,45,OPERATIONAL,2020-07-30,inconclusivo,,,+55 71 3018-2123,https://maps.google.com/?cid=4199593870067425955&g_mp=CiVnb29nbGUubWFwcy5wbGFjZXMudjEuUGxhY2VzLkdldFBsYWNlEAIYBCAA,2026-09-01,,,,,
ChIJ12nmpudbzpQR2nKy8UViS0Q,Caffè Boardgames - Jogos e Tabuleiros 🎲 ☕️,"R. Tiquatira, 604 - Bosque da Saúde, São Paulo - SP, 04137-111, Brazil",São Paulo,busca_automatica,nome,loja,toy_store;store;point_of_interest;establishment,,0,OPERATIONAL,,inconclusivo,http://www.cafebg.com.br/,,,https://maps.google.com/?cid=4921135070379668186&g_mp=CiVnb29nbGUubWFwcy5wbGFjZXMudjEuUGxhY2VzLkdldFBsYWNlEAIYBCAA,2026-09-01,,,,,
ChIJfyav9YI9uAARjwbBqcRm2_k,Café Geek Cafeteria e Ludoteca,"R. São Marcos, 127 - Santa Inês, Vila Velha - ES, 29108-050, Brazil",Vitória,busca_automatica,nome,alimentos_bebidas,coffee_shop;cafe;food_store;food;store;point_of_interest;establishment,5,148,OPERATIONAL,2026-03-06,inconclusivo,,,+55 27 99283-8020,https://maps.google.com/?cid=18004096930191312527&g_mp=CiVnb29nbGUubWFwcy5wbGFjZXMudjEuUGxhY2VzLkdldFBsYWNlEAIYBCAA,2026-09-01,,,,,
ChIJufQc34syWpMRI_AHegkG710,60 Minutos Escape Game - Píer 21,"St. de Clubes Esportivos Sul Trecho 2 - Asa Sul, Brasília - DF, 70200-002, Brazil",Brasília,busca_automatica,nome,outro,amusement_center;point_of_interest;establishment,4.8,724,OPERATIONAL,,inconclusivo,https://www.60minutosescape.com/?utm_source=google&utm_medium=wix_google_business_profile&utm_campaign=7970120473757230341,,+55 61 98135-4911,https://maps.google.com/?cid=6768635402732957731&g_mp=CiVnb29nbGUubWFwcy5wbGFjZXMudjEuUGxhY2VzLkdldFBsYWNlEAIYBCAA,2026-09-16,,,,,
ChIJyXjE650xWpMRJL-J6QbGkt4,FORTALÚDICA - BURGERS & JOGOS,"Guará II QE 26 BLOCO B Lj 31 - Guará, Brasília - DF, 71060-621, Brazil",Brasília,busca_automatica,nome+avaliacao,alimentos_bebidas,hamburger_restaurant;toy_store;american_restaurant;restaurant;food;store;point_of_interest;association_or_organization;establishment,4.8,105,OPERATIONAL,2026-07-04,sim,http://www.fortaludica.com.br/,,+55 61 98260-2566,https://maps.google.com/?cid=16038098956009979684&g_mp=CiVnb29nbGUubWFwcy5wbGFjZXMudjEuUGxhY2VzLkdldFBsYWNlEAIYBCAA,2026-09-01,,,,,
ChIJAX_vMigzWpMReKd3r4qK7nk,Game on Board,"Max Mall - Av 07 Norte - Águas Claras, Brasília - DF, 71908-180, Brazil",Brasília,busca_automatica,nome+avaliacao,outro,point_of_interest;establishment,4.7,13,OPERATIONAL,2019-07-23,inconclusivo,,,,https://maps.google.com/?cid=8786112251300390776&g_mp=CiVnb29nbGUubWFwcy5wbGFjZXMudjEuUGxhY2VzLkdldFBsYWNlEAIYBCAA,2026-09-01,,,,,
ChIJm4MGYtgxWpMRnX8U36Dff8A,Games,"Quadra - SHCES Q.1207 B.B, A - Cruzeiro Novo, Brasília - DF, 70658-271, Brazil",Brasília,busca_automatica,nome,outro,association_or_organization;point_of_interest;establishment,,0,OPERATIONAL,,inconclusivo,,,,https://maps.google.com/?cid=13871051259354840989&g_mp=CiVnb29nbGUubWFwcy5wbGFjZXMudjEuUGxhY2VzLkdldFBsYWNlEAIYBCAA,2026-09-16,,,,,
ChIJ172cu2U7WpMR-GxnGmUHCkc,Gruta BSB,"SHCN CLN 406 Bloco E Lj 16/22 subsolo - Asa Norte, Brasília - DF, 70847-550, Brazil",Brasília,busca_automatica,avaliacao,loja,book_store;toy_store;store;point_of_interest;establishment,4.9,112,OPERATIONAL,2026-06-14,sim,http://www.grutabsb.com.br/,,+55 61 99880-9522,https://maps.google.com/?cid=5118912057276067064&g_mp=CiVnb29nbGUubWFwcy5wbGFjZXMudjEuUGxhY2VzLkdldFBsYWNlEAIYBCAA,2026-09-01,,,,,
ChIJdUv4La46WpMRnBvNknmOqWo,Inside Games,"SHCS CRS 513 BL B Loja 07 - Asa Sul, Brasília - DF, 70380-520, Brazil",Brasília,busca_automatica,nome+avaliacao,loja,toy_store;store;point_of_interest;establishment,4.6,640,OPERATIONAL,2026-03-22,sim,https://www.insidegamestore.com.br/,,+55 61 3551-0266,https://maps.google.com/?cid=7685830891889564572&g_mp=CiVnb29nbGUubWFwcy5wbGFjZXMudjEuUGxhY2VzLkdldFBsYWNlEAIYBCAA,2026-09-01,,,,,
ChIJvV5UnYQzWpMRnrmkZtF6lB4,Javali jogos,"Rua das Paineira LT06 - shopping one park mall - Lj 31 - Águas Claras, Brasília - DF, 71918-000, Brazil",Brasília,busca_automatica,nome,outro,point_of_interest;association_or_organization;establishment,4.7,15,OPERATIONAL,2026-07-21,sim,https://www.javalijogos.com.br/,,+55 61 97402-1666,https://maps.google.com/?cid=2203521157479840158&g_mp=CiVnb29nbGUubWFwcy5wbGFjZXMudjEuUGxhY2VzLkdldFBsYWNlEAIYBCAA,2026-09-01,,,,,
ChIJzdFNP3AyWpMRH2P6HEuhE-I,Loja de Jogos - Asgard,"Rua 25 Sul, Lote 30 Bloco A loja 1 - Águas Claras, Brasília - DF, 71928-720, Brazil",Brasília,busca_automatica,nome+avaliacao,alimentos_bebidas,toy_store;bar;store;point_of_interest;establishment,4.7,754,OPERATIONAL,2022-10-25,inconclusivo,https://www.asgardstore.com.br/,,+55 61 3052-5345,https://maps.google.com/?cid=16290541621110006559&g_mp=CiVnb29nbGUubWFwcy5wbGFjZXMudjEuUGxhY2VzLkdldFBsYWNlEAIYBCAA,2026-09-01,,,,,
ChIJU6yV-SgxWpMRFNG15fHv0H0,Loja de Jogos - Fortaleza Jogos,"QE 36 BLOCO A LOJA 11 - Guará II QE 36 - Guará, Brasília - DF, 71065-613, Brazil",Brasília,busca_automatica,nome+avaliacao,loja,toy_store;store;point_of_interest;establishment,4.8,73,OPERATIONAL,2023-10-26,inconclusivo,https://www.fortalezajogos.com.br/,,+55 61 98260-2566,https://maps.google.com/?cid=9066009872116863252&g_mp=CiVnb29nbGUubWFwcy5wbGFjZXMudjEuUGxhY2VzLkdldFBsYWNlEAIYBCAA,2026-09-01,,,,,
ChIJB4pD0AEzWpMRFwENrAJmWwQ,Loop Gamelab,"R. 30 Sul - Águas Claras, Brasília - DF, 71929-360, Brazil",Brasília,busca_automatica,nome,outro,association_or_organization;point_of_interest;establishment,,0,OPERATIONAL,,inconclusivo,,,,https://maps.google.com/?cid=313956760694882583&g_mp=CiVnb29nbGUubWFwcy5wbGFjZXMudjEuUGxhY2VzLkdldFBsYWNlEAIYBCAA,2026-09-16,,,,,
ChIJjx1cbu_NW5MRoO9MdnYOVOs,Luderion Jogos,"02 - Taguatinga Norte QNJ 5 - Taguatinga, Brasília - DF, 72140-050, Brazil",Brasília,busca_automatica,nome,outro,association_or_organization;point_of_interest;establishment,5,2,OPERATIONAL,2026-07-20,sim,,,+55 61 99371-6328,https://maps.google.com/?cid=16957194398910443424&g_mp=CiVnb29nbGUubWFwcy5wbGFjZXMudjEuUGxhY2VzLkdldFBsYWNlEAIYBCAA,2026-09-01,,,,,
ChIJRcG14YMlWpMR9go04dPbNic,Ludocando,"SHCS SQS 412 BL N - Plano Piloto, Brasília - DF, 70278-140, Brazil",Brasília,busca_automatica,nome+avaliacao,outro,association_or_organization;point_of_interest;establishment,5,1,OPERATIONAL,2026-05-29,sim,https://ludocando.com.br/,,+55 61 98197-4408,https://maps.google.com/?cid=2825687519284431606&g_mp=CiVnb29nbGUubWFwcy5wbGFjZXMudjEuUGxhY2VzLkdldFBsYWNlEAIYBCAA,2026-09-01,,,,,
ChIJgZzxubI7WpMRXg4ZeAainQc,Quadrado ao Cubo,"SEPN 509, Bloco D - Edifício Isis - Sobreloja 45 - Asa Norte, Brasília - DF, 70750-500, Brazil",Brasília,busca_automatica,avaliacao,loja,store;point_of_interest;establishment,5,25,OPERATIONAL,2026-07-20,sim,https://www.quadradoaocubo.com.br/,,+55 61 99617-0197,https://maps.google.com/?cid=548772878277480030&g_mp=CiVnb29nbGUubWFwcy5wbGFjZXMudjEuUGxhY2VzLkdldFBsYWNlEAIYBCAA,2026-09-01,,,,,
ChIJq2VyFsQzWpMRUAhbckp2F98,Refúgio Lúdico,"QS 1 - Rua 212 19 - Sala, 532 - 21 e 23 - Águas Claras, Brasília - DF, 71950-550, Brazil",Brasília,busca_automatica,avaliacao,loja,toy_store;association_or_organization;store;point_of_interest;establishment,5,15,OPERATIONAL,2026-07-26,sim,https://www.refugioludico.com.br/?utm_source=google&utm_medium=wix_google_business_profile&utm_campaign=3687029221556446695,,+55 61 99165-8475,https://maps.google.com/?cid=16075447457040500816&g_mp=CiVnb29nbGUubWFwcy5wbGFjZXMudjEuUGxhY2VzLkdldFBsYWNlEAIYBCAA,2026-09-01,,,,,
ChIJbY1Qc90zWpMRLdrHxi9QMko,República Ludovico,"Max Mall - R. 7 Norte, Lotes 3/5/7 Quiosque 02 - Águas Claras, Brasília - DF, 71908-180, Brazil",Brasília,busca_automatica,nome+avaliacao,alimentos_bebidas,cafe;point_of_interest;food;establishment,5,79,OPERATIONAL,2026-07-26,sim,https://republicaludovico.lends.com.br/,,+55 61 99654-7711,https://maps.google.com/?cid=5346423873770871341&g_mp=CiVnb29nbGUubWFwcy5wbGFjZXMudjEuUGxhY2VzLkdldFBsYWNlEAIYBCAA,2026-09-01,,,,,
ChIJ85OcFlgwWpMRk4N7_rQjh5A,TAVERNA DOS GAMES - Loja de Video Game,"Feira dos Importados - Sia Trecho 7, 438 - Bloco C - SIA, Brasília - DF, 71208-900, Brazil",Brasília,busca_automatica,nome,loja,store;point_of_interest;establishment,4.7,394,OPERATIONAL,2026-05-13,sim,https://meucomercio.com.br/tavernadosgames,,+55 61 99117-1963,https://maps.google.com/?cid=10414331923588154259&g_mp=CiVnb29nbGUubWFwcy5wbGFjZXMudjEuUGxhY2VzLkdldFBsYWNlEAIYBCAA,2026-09-01,,,,,
ChIJa0CP91MzWpMRz6oEQwlR2TA,Tem Mesa - Pizza & Luderia,"R. das Paineiras, 06 - Lj 25, térreo - Norte, Brasília - DF, 71918-000, Brazil",Brasília,busca_automatica,nome+avaliacao,alimentos_bebidas,pizza_restaurant;restaurant;food;point_of_interest;establishment,5,66,OPERATIONAL,2026-05-03,sim,https://www.temmesaclube.com.br/,,+55 61 99640-1640,https://maps.google.com/?cid=3519933683987688143&g_mp=CiVnb29nbGUubWFwcy5wbGFjZXMudjEuUGxhY2VzLkdldFBsYWNlEAIYBCAA,2026-09-01,,,,,
ChIJN8BZeb85WpMRgVKT05caxB4,Utopia Games & Food,"SHCN CL QD 116 CLN 116 BLOCO I Lojas 31 e 35 subsolo - Asa Norte, Brasília - DF, 70773-590, Brazil",Brasília,busca_automatica,nome,alimentos_bebidas,pizza_restaurant;pizza_delivery;meal_delivery;toy_store;food_delivery;store;restaurant;food;point_of_interest;establishment,4.8,159,OPERATIONAL,2026-08-08,sim,https://utopiagames.com.br/,,+55 61 99966-9987,https://maps.google.com/?cid=2216926155965158017&g_mp=CiVnb29nbGUubWFwcy5wbGFjZXMudjEuUGxhY2VzLkdldFBsYWNlEAIYBCAA,2026-09-01,,,,,
ChIJOUXU1akzWpMRC7rrq4o9GZc,game food,"SHA conjunto 5 chácara 109 lote 09 loja 3 - buteco do val - Arniqueira, Brasília - DF, 71995-450, Brazil",Brasília,busca_automatica,nome,alimentos_bebidas,hamburger_restaurant;american_restaurant;restaurant;food;point_of_interest;establishment,4.4,64,OPERATIONAL,2022-06-16,inconclusivo,,,,https://maps.google.com/?cid=10887801239944018443&g_mp=CiVnb29nbGUubWFwcy5wbGFjZXMudjEuUGxhY2VzLkdldFBsYWNlEAIYBCAA,2026-09-01,,,,,
ChIJ15nLgwAwWpMRY1whwD29ZSo,Ludoteca BGC,"BLOCO C - LOJA 02 - Asa Sul, Brasília - DF, 70254-530, Brazil",Brasília,busca_automatica,nome,loja,store;point_of_interest;establishment,4.7,1379,OPERATIONAL,2023-06-07,inconclusivo,http://www.ludoteca.com.br/,,+55 61 99662-7448,https://maps.google.com/?cid=3055055995154816099&g_mp=CiVnb29nbGUubWFwcy5wbGFjZXMudjEuUGxhY2VzLkdldFBsYWNlEAIYBCAA,2026-09-01,,,,,
ChIJye7AnK07WpMRC94S9hM95Y4,Orgutal Casa de Jogos,"CLN 205, bloco B, loja 11, 2º andar - Asa Norte, Brasília - DF, 70843-520, Brazil",Brasília,busca_automatica,nome,alimentos_bebidas,sports_bar;amusement_center;toy_store;bar;store;point_of_interest;establishment,4.7,466,OPERATIONAL,2019-12-21,inconclusivo,https://www.orgutal.com.br/,,+55 61 99699-5999,https://maps.google.com/?cid=10296703278994611723&g_mp=CiVnb29nbGUubWFwcy5wbGFjZXMudjEuUGxhY2VzLkdldFBsYWNlEAIYBCAA,2026-09-01,,,,,
ChIJk7PCx-07WpMRpKWoFqgjTgs,Toca do Tabuleiro,"SHCGN SCRN 708/709 subindo do Pão de Açúcar para o CEUB, Bloco G Loja 10 - Asa Norte, Brasília - DF, 70741-670, Brazil",Brasília,busca_automatica,nome,loja,toy_store;store;point_of_interest;establishment,4.9,634,OPERATIONAL,2026-07-06,sim,http://www.tocadotabuleiro.com/,,+55 61 92001-5615,https://maps.google.com/?cid=814627787442267556&g_mp=CiVnb29nbGUubWFwcy5wbGFjZXMudjEuUGxhY2VzLkdldFBsYWNlEAIYBCAA,2026-09-01,,,,,
ChIJxe7p5Eo7WpMRd0sHLko77kU,Mercado RPG,"SCLRN 714 B. F, 34 - Asa Norte, Brasília - DF, 70760-556, Brazil",Brasília,busca_automatica,nome+avaliacao,loja,store;point_of_interest;establishment,4.9,277,OPERATIONAL,2026-08-03,sim,https://www.mercadorpg.com.br/,,+55 61 98137-4858,https://maps.google.com/?cid=5039030222860012407&g_mp=CiVnb29nbGUubWFwcy5wbGFjZXMudjEuUGxhY2VzLkdldFBsYWNlEAIYBCAA,2026-09-01,,,,,
ChIJld4etAH_3JQRw27WmOOZBgE,PsZ3D,"R. Goiabeira, 75 - Sobreloja - Eucaliptos, Fazenda Rio Grande - PR, 83820-527, Brazil",Curitiba,triagem_manual,,loja,store;association_or_organization;point_of_interest;establishment,5,72,OPERATIONAL,,inconclusivo,http://www.psz3d.com.br/,,+55 41 99947-1690,https://maps.google.com/?cid=73915646699007683&g_mp=CiVnb29nbGUubWFwcy5wbGFjZXMudjEuUGxhY2VzLkdldFBsYWNlEAIYBCAA,2026-09-16,sim,,,,
ChIJc66HomXk3JQRNl28jz_VsPc,Taverna Game House,"R. Alferes Poli, 589 - Centro, Curitiba - PR, 80220-050, Brazil",Curitiba,busca_automatica,nome+avaliacao,loja,toy_store;point_of_interest;store;establishment,4.8,625,OPERATIONAL,2026-08-23,sim,https://www.tavernagamehouse.com.br/,,+55 41 99827-1180,https://maps.google.com/?cid=17847999792240418102&g_mp=CiVnb29nbGUubWFwcy5wbGFjZXMudjEuUGxhY2VzLkdldFBsYWNlEAIYBCAA,2026-09-01,,,,,
ChIJA9zBb5D3zpQRrh4mcYWHBRI,Loca Tabuleiro,"R. Reims, 120 - Jardim das Laranjeiras, São Paulo - SP, 02517-010, Brazil",São Paulo,busca_automatica,nome,outro,point_of_interest;association_or_organization;establishment,5,5,OPERATIONAL,2026-08-12,sim,https://www.locatabuleiro.com.br/,,+55 11 94035-7205,https://maps.google.com/?cid=1298593074764979886&g_mp=CiVnb29nbGUubWFwcy5wbGFjZXMudjEuUGxhY2VzLkdldFBsYWNlEAIYBCAA,2026-09-01,,,,,
ChIJV5xi80_l3JQRyRgvZvdRi8I,Alba - Café e jogos de tabuleiro,"R. Nilo Peçanha, 16 - São Francisco, Curitiba - PR, 80520-000, Brazil",Curitiba,busca_automatica,nome+avaliacao,alimentos_bebidas,coffee_shop;cafe;food_store;food;store;point_of_interest;association_or_organization;establishment,5,71,OPERATIONAL,2026-06-06,sim,https://albajogos.com.br/,,+55 41 99112-2557,https://maps.google.com/?cid=14018388388133935305&g_mp=CiVnb29nbGUubWFwcy5wbGFjZXMudjEuUGxhY2VzLkdldFBsYWNlEAIYBCAA,2026-09-01,,,,,
ChIJtUtmZB3l3JQRYb3sZEFlMXI,AC Games,"Av. Nossa Sra. de Lourdes, 63 - Lj 3C - Jardim das Américas, Curitiba - PR, 81530-020, Brazil",Curitiba,busca_automatica,nome,loja,electronics_store;store;point_of_interest;establishment,4.8,104,OPERATIONAL,,inconclusivo,http://www.acgamescuritiba.com.br/,,+55 41 98822-6161,https://maps.google.com/?cid=8228469325723123041&g_mp=CiVnb29nbGUubWFwcy5wbGFjZXMudjEuUGxhY2VzLkdldFBsYWNlEAIYBCAA,2026-09-16,,,,,
ChIJ3ekLtDjl3JQRHwtNgmINgLo,Alçapão Jogos,"R. Mal. Hermes, 104 - Centro Cívico, Curitiba - PR, 80530-230, Brazil",Curitiba,busca_automatica,nome+avaliacao,loja,store;point_of_interest;establishment,5,219,OPERATIONAL,2026-06-08,sim,http://www.alcapaojogos.com.br/,,+55 41 99807-8863,https://maps.google.com/?cid=13438756004817603359&g_mp=CiVnb29nbGUubWFwcy5wbGFjZXMudjEuUGxhY2VzLkdldFBsYWNlEAIYBCAA,2026-09-01,,,,,
ChIJ0Q_qUPzl3JQRGum2ROsTfJk,Arena Cajuru,"R. Filipinas, 130 - Cajuru, Curitiba - PR, 82960-180, Brazil",Curitiba,busca_automatica,avaliacao,loja,store;point_of_interest;establishment,5,87,OPERATIONAL,2026-08-05,sim,,,+55 41 99888-0922,https://maps.google.com/?cid=11059736686106175770&g_mp=CiVnb29nbGUubWFwcy5wbGFjZXMudjEuUGxhY2VzLkdldFBsYWNlEAIYBCAA,2026-09-01,,,,,
ChIJLVw9dV3j3JQRrIogSaHoM-c,Brasil Games,"Av. Pres. Kennedy, 4121 - L3 - Portão, Curitiba - PR, 80610-905, Brazil",Curitiba,busca_automatica,nome,loja,store;point_of_interest;establishment,4.3,617,OPERATIONAL,,inconclusivo,https://www.brasilgamescuritiba.com.br/,,+55 41 3212-3791,https://maps.google.com/?cid=16659915225987844780&g_mp=CiVnb29nbGUubWFwcy5wbGFjZXMudjEuUGxhY2VzLkdldFBsYWNlEAIYBCAA,2026-09-16,,,,,
ChIJZaTDQ_7n3JQRkEOI_veMDEM,Cidadela Card Games,"Av. Anita Garibaldi, 2480 - Lj 06 - Boa Vista, Curitiba - PR, 82200-550, Brazil",Curitiba,busca_automatica,nome,loja,toy_store;store;point_of_interest;establishment,4.9,50,OPERATIONAL,,inconclusivo,http://www.cidadelacardgames.com.br/,,+55 41 3256-5434,https://maps.google.com/?cid=4831391497016853392&g_mp=CiVnb29nbGUubWFwcy5wbGFjZXMudjEuUGxhY2VzLkdldFBsYWNlEAIYBCAA,2026-09-16,,,,,
ChIJU1Fzv23k3JQRcTMPX2STXfs,Donkey Kong Games,"R. Pedro Ivo, 43 - Box 22 - Centro, Curitiba - PR, 80010-020, Brazil",Curitiba,busca_automatica,nome,loja,store;point_of_interest;establishment,1,1,OPERATIONAL,,inconclusivo,http://www.showdasfabricas.com.br/,,+55 41 3233-0172,https://maps.google.com/?cid=18112795335654847345&g_mp=CiVnb29nbGUubWFwcy5wbGFjZXMudjEuUGxhY2VzLkdldFBsYWNlEAIYBCAA,2026-09-16,,,,,
ChIJz3_DIkjl3JQRt5LRvGkn6T0,Eleucards - Hobby Store,"Rua 24 de Maio, 593 - Centro, Curitiba - PR, 80220-060, Brazil",Curitiba,busca_automatica,nome+avaliacao,loja,toy_store;store;point_of_interest;establishment,5,23,OPERATIONAL,2026-07-30,sim,,,+55 41 99937-6038,https://maps.google.com/?cid=4461140240980087479&g_mp=CiVnb29nbGUubWFwcy5wbGFjZXMudjEuUGxhY2VzLkdldFBsYWNlEAIYBCAA,2026-09-01,,,,,
ChIJeZDmeBzj3JQRpoWPbG-p7ek,Espião Games,"R. Prof. Pedro Viriato Parigot de Souza, 600 - Lj 2031 - Mossunguê, Curitiba - PR, 81200-100, Brazil",Curitiba,busca_automatica,nome,loja,electronics_store;store;point_of_interest;establishment,5,308,OPERATIONAL,,inconclusivo,https://www.espiaogames.com.br/,,+55 41 3019-2957,https://maps.google.com/?cid=16856315276345443750&g_mp=CiVnb29nbGUubWFwcy5wbGFjZXMudjEuUGxhY2VzLkdldFBsYWNlEAIYBCAA,2026-09-16,,,,,
ChIJocsYG1Tl3JQR9Vyr3FONktI,Estação Games Curitiba,"Centro de Curitiba, Shopping Estação - Rebouças, Curitiba - PR, 80230-010, Brazil",Curitiba,busca_automatica,nome,loja,store;point_of_interest;establishment,4.9,2303,OPERATIONAL,,inconclusivo,http://www.estacaogamescuritiba.com.br/,,+55 41 99157-1758,https://maps.google.com/?cid=15173345485888642293&g_mp=CiVnb29nbGUubWFwcy5wbGFjZXMudjEuUGxhY2VzLkdldFBsYWNlEAIYBCAA,2026-09-16,,,,,
ChIJHaOH0obj3JQRjGKYgAfmeWo,Fora da Caixa - Biblioteca de Jogos de Mesa,"R. Profa. Maria José Godoy, 274 - Bom Retiro, Curitiba - PR, 80520-220, Brazil",Curitiba,busca_automatica,nome+avaliacao,loja,association_or_organization;store;point_of_interest;establishment,4.8,80,OPERATIONAL,2024-11-10,inconclusivo,http://tr.ee/opafdc,,+55 41 99882-3456,https://maps.google.com/?cid=7672416360098980492&g_mp=CiVnb29nbGUubWFwcy5wbGFjZXMudjEuUGxhY2VzLkdldFBsYWNlEAIYBCAA,2026-09-01,,,,,
ChIJ0ftSGFzw3JQRtoakn1mqyOs,Geek Burguer,"Alameda Dr. Carlos de Carvalho, 805 - Centro, Curitiba - PR, 80410-180, Brazil",Curitiba,busca_automatica,nome+avaliacao,alimentos_bebidas,hamburger_restaurant;american_restaurant;restaurant;point_of_interest;food;establishment,4.4,2141,OPERATIONAL,2025-04-20,inconclusivo,https://instagram.com/geekburguer?utm_medium=copy_link,geekburguer,,https://maps.google.com/?cid=16990016896162367158&g_mp=CiVnb29nbGUubWFwcy5wbGFjZXMudjEuUGxhY2VzLkdldFBsYWNlEAIYBCAA,2026-09-01,,,,,
ChIJrcZiZzfx3JQRojjx3qhX5xc,Modo Avião Board Games,"R. Anneliese Gellert Krigsner, 3202 - Iná, São José dos Pinhais - PR, 83065-470, Brazil",Curitiba,busca_automatica,nome,outro,point_of_interest;association_or_organization;establishment,5,6,OPERATIONAL,,inconclusivo,https://www.modoaviaobg.com.br/,,+55 41 99234-0003,https://maps.google.com/?cid=1722441765298976930&g_mp=CiVnb29nbGUubWFwcy5wbGFjZXMudjEuUGxhY2VzLkdldFBsYWNlEAIYBCAA,2026-09-16,,,,,
ChIJLwJRHfP93JQRwsN6fIcfeNg,O Gatão Jogos,"R. Izaac Ferreira da Cruz, 1787 - Pinheirinho, Curitiba - PR, 81870-000, Brazil",Curitiba,busca_automatica,nome+avaliacao,outro,point_of_interest;association_or_organization;establishment,5,19,OPERATIONAL,2026-07-17,sim,https://www.ogataojogos.com.br/,,+55 41 99101-9447,https://maps.google.com/?cid=15598251976167179202&g_mp=CiVnb29nbGUubWFwcy5wbGFjZXMudjEuUGxhY2VzLkdldFBsYWNlEAIYBCAA,2026-09-01,,,,,
ChIJK5Dhtunj3JQRniPWHB3haDU,Paladino Hobbies,"R. Padre Anchieta, 2454 - Lj 24 - Bigorrilho, Curitiba - PR, 80730-000, Brazil",Curitiba,busca_automatica,avaliacao,loja,store;point_of_interest;establishment,4.8,188,OPERATIONAL,2025-03-08,inconclusivo,http://www.paladinohobbies.com.br/,,+55 41 3082-9520,https://maps.google.com/?cid=3848573396742185886&g_mp=CiVnb29nbGUubWFwcy5wbGFjZXMudjEuUGxhY2VzLkdldFBsYWNlEAIYBCAA,2026-09-01,,,,,
ChIJTdymzWTm3JQRSjlSLQyY1ts,Planeta Games,"anexo merc. atacadao - Av. Paraná, 3220 - Lj 21 - Boa Vista, Curitiba - PR, 82510-000, Brazil",Curitiba,busca_automatica,nome,loja,store;service;point_of_interest;establishment,4.9,700,OPERATIONAL,,inconclusivo,https://www.youtube.com/planetagamestv,,+55 41 3024-3013,https://maps.google.com/?cid=15841015917389691210&g_mp=CiVnb29nbGUubWFwcy5wbGFjZXMudjEuUGxhY2VzLkdldFBsYWNlEAIYBCAA,2026-09-16,,,,,
ChIJvdKeBx7n3JQRxBzRBy23XWM,RaXaKuKa Jogos & Desafios Cognitivos,"R. Dr. Bezerra de Menezes, 68 - Lj 04 - Ahú, Curitiba - PR, 80540-190, Brazil",Curitiba,busca_automatica,nome,loja,toy_store;book_store;store;point_of_interest;establishment,4.9,32,OPERATIONAL,2026-02-26,inconclusivo,http://www.raxakuka.com.br/,,+55 41 99287-2742,https://maps.google.com/?cid=7160080386621512900&g_mp=CiVnb29nbGUubWFwcy5wbGFjZXMudjEuUGxhY2VzLkdldFBsYWNlEAIYBCAA,2026-09-01,,,,,
ChIJv_pNE3Pl3JQRCVM-2vFQX6s,Start Games Sales and Service,"Av. Nossa Sra. de Lourdes, 63 - Centro, Curitiba - PR, 80230-010, Brazil",Curitiba,busca_automatica,nome,loja,point_of_interest;store;establishment,4.6,726,OPERATIONAL,,inconclusivo,http://www.videogamescuritiba.com.br/,,+55 41 99162-7044,https://maps.google.com/?cid=12348677702952047369&g_mp=CiVnb29nbGUubWFwcy5wbGFjZXMudjEuUGxhY2VzLkdldFBsYWNlEAIYBCAA,2026-09-16,,,,,
ChIJE-mLUmDk3JQR7SwYcySFa70,Tropas Polares - Associação de Tabletop Games & Miniaturismo,"R. Mal. Deodoro, 2413 - sobreloja - Alto da XV, Curitiba - PR, 80045-235, Brazil",Curitiba,busca_automatica,nome,outro,association_or_organization;point_of_interest;establishment,5,29,OPERATIONAL,,inconclusivo,https://www.instagram.com/tropaspolares/,tropaspolares,,https://maps.google.com/?cid=13649149487272701165&g_mp=CiVnb29nbGUubWFwcy5wbGFjZXMudjEuUGxhY2VzLkdldFBsYWNlEAIYBCAA,2026-09-16,,,,,
ChIJpyf58vL93JQRzjPTFDFE4xg,WeCaos RPG Hobby Store,"R. Des. Ernâni Guaritá Cartaxo, 1 - Lj Térreo - Capão Raso, Curitiba - PR, 81130-120, Brazil",Curitiba,busca_automatica,nome+avaliacao,loja,association_or_organization;toy_store;store;point_of_interest;establishment,5,36,OPERATIONAL,2026-06-21,sim,https://www.cneutralrpg.com/,,+55 41 99569-1186,https://maps.google.com/?cid=1793352054217061326&g_mp=CiVnb29nbGUubWFwcy5wbGFjZXMudjEuUGxhY2VzLkdldFBsYWNlEAIYBCAA,2026-09-01,,,,,
ChIJm6MFYxXk3JQRdlRAZV1Dtt4,XPlace Games,"R. Fernando de Noronha, 1069 - Boa Vista, Curitiba - PR, 82650-145, Brazil",Curitiba,busca_automatica,nome,loja,toy_store;store;service;point_of_interest;establishment,4.4,1161,OPERATIONAL,,inconclusivo,https://www.xplacegames.com.br/,,+55 41 3029-4900,https://maps.google.com/?cid=16048088390591075446&g_mp=CiVnb29nbGUubWFwcy5wbGFjZXMudjEuUGxhY2VzLkdldFBsYWNlEAIYBCAA,2026-09-16,,,,,
ChIJc6LYVAd5GZURtPeFIuwNdAg,Nerdz,"R. Sarmento Leite, 627 - Centro Histórico, Porto Alegre - RS, 90050-170, Brazil",Porto Alegre,busca_automatica,nome+avaliacao,loja,toy_store;book_store;association_or_organization;store;point_of_interest;establishment,4.8,2180,OPERATIONAL,2022-12-12,inconclusivo,https://lojanerdz.com.br/,,+55 51 3028-1426,https://maps.google.com/?cid=609127157444507572&g_mp=CiVnb29nbGUubWFwcy5wbGFjZXMudjEuUGxhY2VzLkdldFBsYWNlEAIYBCAA,2026-09-01,,,,,
ChIJpdHXvOJBJ5UR0psgDWi1jJc,Atelier Alfredo Larre Jogos de Tabuleiro,"Manoel - Servidão Manoel Amaro Nunes Pinheiro, 727 - Ratones, Florianópolis - SC, 88052-250, Brazil",Florianópolis,busca_automatica,nome,loja,manufacturer;store;point_of_interest;association_or_organization;establishment,4.9,13,OPERATIONAL,2023-02-23,inconclusivo,https://www.mancalajogos.com.br/,,+55 48 99122-6876,https://maps.google.com/?cid=10920302654968077266&g_mp=CiVnb29nbGUubWFwcy5wbGFjZXMudjEuUGxhY2VzLkdldFBsYWNlEAIYBCAA,2026-09-01,,,,,
ChIJWZCzZhA5J5URlScOX13XlWs,Berçário Mágico Florianópolis,"SC-401 - Saco Grande, Florianópolis - SC, 88032-005, Brazil",Florianópolis,busca_automatica,nome,loja,toy_store;store;point_of_interest;establishment,4.6,9,OPERATIONAL,,inconclusivo,,,,https://maps.google.com/?cid=7752339129614870421&g_mp=CiVnb29nbGUubWFwcy5wbGFjZXMudjEuUGxhY2VzLkdldFBsYWNlEAIYBCAA,2026-09-16,,,,,
ChIJQ40ebT1JJ5URTdocEku1P0I,Brinkidiss,"R. Cel. Pedro Demoro, 1955 - Estreito, Florianópolis - SC, 88075-300, Brazil",Florianópolis,busca_automatica,avaliacao,loja,toy_store;store;point_of_interest;establishment,5,7,OPERATIONAL,2026-06-12,sim,,,+55 48 99602-8573,https://maps.google.com/?cid=4773733464067070541&g_mp=CiVnb29nbGUubWFwcy5wbGFjZXMudjEuUGxhY2VzLkdldFBsYWNlEAIYBCAA,2026-09-01,,,,,
ChIJawIVeV0JM0oR5BtnD_poQeA,CCG Floripa,"R. Lauro Linhares, 245 - Trindade, Florianópolis - SC, 88036-000, Brazil",Florianópolis,busca_automatica,avaliacao,loja,toy_store;store;point_of_interest;establishment,4.8,194,OPERATIONAL,2025-10-03,inconclusivo,http://www.grupoccg.com.br/,,,https://maps.google.com/?cid=16159312361191578596&g_mp=CiVnb29nbGUubWFwcy5wbGFjZXMudjEuUGxhY2VzLkdldFBsYWNlEAIYBCAA,2026-09-01,,,,,
ChIJ5y2CaytJJ5UR84Op92X8Xgg,CNeutral RPG e Hobbies,"R. Felipe Schmidt, 249 - Sl 308 - Centro, Florianópolis - SC, 88010-000, Brazil",Florianópolis,busca_automatica,nome,loja,store;point_of_interest;establishment,5,2,OPERATIONAL,,inconclusivo,https://www.cneutralrpg.com/,,+55 41 99569-1186,https://maps.google.com/?cid=603196914991203315&g_mp=CiVnb29nbGUubWFwcy5wbGFjZXMudjEuUGxhY2VzLkdldFBsYWNlEAIYBCAA,2026-09-16,,,,,
ChIJc3F7ka83J5URQZ1XTl-_iak,Chef on Play,"Rua kk - atrás do bem bolado bar - Praça Atílio ferreira, 07 - Trindade, Florianópolis - SC, 88080-701, Brazil",Florianópolis,busca_automatica,avaliacao,alimentos_bebidas,restaurant;sandwich_shop;food;point_of_interest;establishment,4.6,1204,OPERATIONAL,2026-04-19,sim,,,+55 48 3025-2433,https://maps.google.com/?cid=12216505880276344129&g_mp=CiVnb29nbGUubWFwcy5wbGFjZXMudjEuUGxhY2VzLkdldFBsYWNlEAIYBCAA,2026-09-01,,,,,
ChIJJz8-gcY3J5URYdZrEXdHaAk,Cineplay- Restaurante e Jogos,"R. Getúlio Vargas, 362 - Centro, São José - SC, 88103-400, Brazil",Florianópolis,busca_automatica,nome,alimentos_bebidas,restaurant;bar;food;point_of_interest;establishment,4.5,1154,OPERATIONAL,2026-02-22,inconclusivo,,,+55 48 99178-9013,https://maps.google.com/?cid=677870320638219873&g_mp=CiVnb29nbGUubWFwcy5wbGFjZXMudjEuUGxhY2VzLkdldFBsYWNlEAIYBCAA,2026-09-01,,,,,
ChIJ186St8s5J5URi82koubWJyU,De Casa Boardgames,"R. Pedro Gregório, 157 - Barreiros, São José - SC, 88117-335, Brazil",Florianópolis,busca_automatica,nome,loja,store;point_of_interest;establishment,4.8,4,OPERATIONAL,2025-03-21,inconclusivo,https://linktr.ee/decasabgames,,+55 48 99969-4416,https://maps.google.com/?cid=2677344789554580875&g_mp=CiVnb29nbGUubWFwcy5wbGFjZXMudjEuUGxhY2VzLkdldFBsYWNlEAIYBCAA,2026-09-01,,,,,
ChIJ7ZioVfU3J5URMq3PGrI4mFw,Dragon's House Hobby Store,"R. Conselheiro Mafra, 246 - sobreloja - Centro, Florianópolis - SC, 88010-100, Brazil",Florianópolis,busca_automatica,avaliacao,loja,toy_store;point_of_interest;store;establishment,4.7,478,OPERATIONAL,2023-10-23,inconclusivo,https://www.dragonshouse.com.br/,,+55 48 3222-9793,https://maps.google.com/?cid=6672145185554541874&g_mp=CiVnb29nbGUubWFwcy5wbGFjZXMudjEuUGxhY2VzLkdldFBsYWNlEAIYBCAA,2026-09-01,,,,,
ChIJ_Qdle005J5URXK4SqE4NiOY,Elemental Geek,"Edifício Joana de Gusmão - Calçadão João Pinto, 30 - Lj 11 - Centro, Florianópolis - SC, 88010-420, Brazil",Florianópolis,busca_automatica,nome+avaliacao,loja,store;point_of_interest;establishment,5,11,OPERATIONAL,2025-09-20,inconclusivo,https://www.mercadolivre.com.br/pagina/ge20240829161803,,+55 48 3364-5668,https://maps.google.com/?cid=16611541857034481244&g_mp=CiVnb29nbGUubWFwcy5wbGFjZXMudjEuUGxhY2VzLkdldFBsYWNlEAIYBCAA,2026-09-01,,,,,
ChIJ5cVikgzL2JQRfcOg3KSl_DA,Game Mania,"Av. Gov. Ivo Silveira, 2445 - Sl 03 - Capoeiras, Florianópolis - SC, 88085-001, Brazil",Florianópolis,busca_automatica,nome,loja,point_of_interest;store;establishment,5,85,OPERATIONAL,,inconclusivo,http://www.lojasgamemania.com.br/,,+55 48 98834-3876,https://maps.google.com/?cid=3529878335446369149&g_mp=CiVnb29nbGUubWFwcy5wbGFjZXMudjEuUGxhY2VzLkdldFBsYWNlEAIYBCAA,2026-09-16,,,,,
ChIJ62cIJ6A4J5URgMYeNA2aqJY,Game Mania,"Rod. Virgílio Várzea, 587 - Lj 2 - Saco Grande, Florianópolis - SC, 88032-005, Brazil",Florianópolis,busca_automatica,nome,loja,store;point_of_interest;establishment,4.7,400,OPERATIONAL,,inconclusivo,http://www.gamemania.com.br/,,+55 48 99692-0505,https://maps.google.com/?cid=10856096283276265088&g_mp=CiVnb29nbGUubWFwcy5wbGFjZXMudjEuUGxhY2VzLkdldFBsYWNlEAIYBCAA,2026-09-16,,,,,
ChIJk3dvafk4J5URzKOq9gwfq40,Game Mania,"Av. Me. Benvenuta, 687 - Lj 123 - Trindade, Florianópolis - SC, 88035-000, Brazil",Florianópolis,busca_automatica,nome,loja,store;point_of_interest;establishment,4.8,398,OPERATIONAL,,inconclusivo,http://www.gamemania.com.br/,,+55 48 99948-0176,https://maps.google.com/?cid=10208287120903807948&g_mp=CiVnb29nbGUubWFwcy5wbGFjZXMudjEuUGxhY2VzLkdldFBsYWNlEAIYBCAA,2026-09-16,,,,,
ChIJNVQ5QaVDJ5URKr7f3iismtY,Jogoteka,"local de coleta e devolução dos jogos - R. Clorinda Ventimiglia, 541 - Cachoeira do Bom Jesus, Florianópolis - SC, 88056-020, Brazil",Florianópolis,busca_automatica,nome,loja,store;association_or_organization;service;point_of_interest;establishment,5,69,OPERATIONAL,2026-06-05,sim,http://www.jogoteka.com.br/,,+55 48 98807-2721,https://maps.google.com/?cid=15463861562067893802&g_mp=CiVnb29nbGUubWFwcy5wbGFjZXMudjEuUGxhY2VzLkdldFBsYWNlEAIYBCAA,2026-09-01,,,,,
ChIJn2Kr8VhDJ5URitVmcmBml7U,Maré de Jogos,"R. Abel Álvares Cabral Júnior, 646 - Ingleses do Rio Vermelho, Florianópolis - SC, 88058-580, Brazil",Florianópolis,busca_automatica,nome,outro,association_or_organization;point_of_interest;establishment,5,14,OPERATIONAL,2026-06-05,sim,https://maredejogos.com.br/,,+55 48 99163-2650,https://maps.google.com/?cid=13085039806770501002&g_mp=CiVnb29nbGUubWFwcy5wbGFjZXMudjEuUGxhY2VzLkdldFBsYWNlEAIYBCAA,2026-09-01,,,,,
ChIJm5mbNH45J5UREKQRJ27HXdM,Nerdz Cards Floripa,"R. Felipe Schmidt, 752 - Lj 10 - Centro, Florianópolis - SC, 88010-001, Brazil",Florianópolis,busca_automatica,nome,loja,toy_store;store;point_of_interest;establishment,4.9,35,OPERATIONAL,,inconclusivo,http://www.nerdzcardsfloripa.com.br/,,+55 48 99692-4478,https://maps.google.com/?cid=15230548790752683024&g_mp=CiVnb29nbGUubWFwcy5wbGFjZXMudjEuUGxhY2VzLkdldFBsYWNlEAIYBCAA,2026-09-16,,,,,
ChIJISNOxQxJJ5UR1zgCl3TFoYM,Prime Games Shopping Itaguaçu,"R. Gerôncio Thives, 1079 - Barreiros, São José - SC, 88117-292, Brazil",Florianópolis,busca_automatica,nome,loja,store;point_of_interest;establishment,4.7,130,OPERATIONAL,,inconclusivo,,,+55 48 98828-4409,https://maps.google.com/?cid=9485079394759358679&g_mp=CiVnb29nbGUubWFwcy5wbGFjZXMudjEuUGxhY2VzLkdldFBsYWNlEAIYBCAA,2026-09-16,,,,,
ChIJ4b2SSrM3J5URkj_5Y-whCXQ,Refúgio Floripa,"Av. Santa Catarina, 1481 - Lj 1 - Canto, Florianópolis - SC, 88075-500, Brazil",Florianópolis,busca_automatica,avaliacao,loja,store;point_of_interest;establishment,5,53,OPERATIONAL,2026-06-24,sim,https://refugio.floripa.br/,,+55 48 99171-0210,https://maps.google.com/?cid=8361251482363314066&g_mp=CiVnb29nbGUubWFwcy5wbGFjZXMudjEuUGxhY2VzLkdldFBsYWNlEAIYBCAA,2026-09-01,,,,,
ChIJnT4SINE3J5UR9ZzTUW8OnwM,Storm Card Games,"R. Ver. Arthur Manoel Mariano, 362 - Lj 01 - Forquilhinhas, São José - SC, 88106-500, Brazil",Florianópolis,busca_automatica,nome+avaliacao,loja,store;point_of_interest;establishment,4.9,70,OPERATIONAL,2026-08-02,sim,https://stormcardgames.com.br/,,+55 48 99170-5559,https://maps.google.com/?cid=260943174687759605&g_mp=CiVnb29nbGUubWFwcy5wbGFjZXMudjEuUGxhY2VzLkdldFBsYWNlEAIYBCAA,2026-09-01,,,,,
ChIJYaaRQxY3J5URP4z5l1MMX6c,Taberna dos Heróis,"R. Francisco Silveira Matos, 62 - Flor de Nápolis, São José - SC, 88106-505, Brazil",Florianópolis,busca_automatica,avaliacao,loja,association_or_organization;store;point_of_interest;establishment,4.9,30,OPERATIONAL,2026-05-05,sim,https://tabernaherois.blogspot.com/,,+55 48 99679-2154,https://maps.google.com/?cid=12060371880293010495&g_mp=CiVnb29nbGUubWFwcy5wbGFjZXMudjEuUGxhY2VzLkdldFBsYWNlEAIYBCAA,2026-09-01,,,,,
ChIJhej1ia83J5URA3lrBNoiQGs,Tabuleiro Viajante,"Tv. das Crianças - Capoeiras, Florianópolis - SC, 88085-020, Brazil",Florianópolis,busca_automatica,nome,outro,association_or_organization;point_of_interest;establishment,,0,OPERATIONAL,,inconclusivo,http://tabuleiroviajante.com.br/,,+55 48 99109-6404,https://maps.google.com/?cid=7728215280340138243&g_mp=CiVnb29nbGUubWFwcy5wbGFjZXMudjEuUGxhY2VzLkdldFBsYWNlEAIYBCAA,2026-09-16,,,,,
ChIJSRvZCyQ4J5URqYmD8UBSHUg,World Games,"lado esquerdo - R. Jerônimo Coelho, 95 - 1º andar - Centro, Florianópolis - SC, 88010-030, Brazil",Florianópolis,busca_automatica,nome,loja,cell_phone_store;toy_store;store;point_of_interest;establishment,4.3,341,OPERATIONAL,,inconclusivo,http://www.floripagames.com.br/,,+55 48 98439-9999,https://maps.google.com/?cid=5196399983938734505&g_mp=CiVnb29nbGUubWFwcy5wbGFjZXMudjEuUGxhY2VzLkdldFBsYWNlEAIYBCAA,2026-09-16,,,,,
ChIJhfCGPXFHxwcRF-NFOui-kNI,Boliche Game Station Riomar Fortaleza,"R. Des. Lauro Nogueira, 1500 - Papicu, Fortaleza - CE, 60175-055, Brazil",Fortaleza,busca_automatica,nome,outro,video_arcade;sports_club;association_or_organization;sports_activity_location;point_of_interest;establishment,2.4,45,OPERATIONAL,2026-07-21,sim,https://gamestation.com.br/,,+55 85 99675-0256,https://maps.google.com/?cid=15172837049230549783&g_mp=CiVnb29nbGUubWFwcy5wbGFjZXMudjEuUGxhY2VzLkdldFBsYWNlEAIYBCAA,2026-09-01,,,,,
ChIJHTxWLOtOxwcRjzMfL9ObZog,City Game Locadora,"Tv. Iturama, 40 - Serrinha, Fortaleza - CE, 60741-540, Brazil",Fortaleza,busca_automatica,nome,loja,store;point_of_interest;establishment,4.6,34,OPERATIONAL,2025-05-10,inconclusivo,,,+55 85 98511-1755,https://maps.google.com/?cid=9828714568113664911&g_mp=CiVnb29nbGUubWFwcy5wbGFjZXMudjEuUGxhY2VzLkdldFBsYWNlEAIYBCAA,2026-09-01,,,,,
ChIJQURqeMZJxwcR95O-XLbS2mk,Dominaria Cards & Games,"R. Juvenal Galeno, 512 - Benfica, Fortaleza - CE, 60015-340, Brazil",Fortaleza,busca_automatica,nome+avaliacao,loja,store;point_of_interest;establishment,4.7,305,OPERATIONAL,2026-07-13,sim,http://www.dominariacg.com.br/,,+55 85 99814-8747,https://maps.google.com/?cid=7627640599587230711&g_mp=CiVnb29nbGUubWFwcy5wbGFjZXMudjEuUGxhY2VzLkdldFBsYWNlEAIYBCAA,2026-09-01,,,,,
ChIJa6y5bxtLxwcRdE7i7-Gk8lo,Game & Steak,"R. Rui Monte, 1070 - Dom Lustosa, Fortaleza - CE, 60360-640, Brazil",Fortaleza,busca_automatica,nome,loja,store;point_of_interest;establishment,5,30,OPERATIONAL,2026-01-30,inconclusivo,https://www.olx.com.br/perfil/george-80f9371b,,+55 85 98744-0676,https://maps.google.com/?cid=6553481698076675700&g_mp=CiVnb29nbGUubWFwcy5wbGFjZXMudjEuUGxhY2VzLkdldFBsYWNlEAIYBCAA,2026-09-01,,,,,
ChIJu_Xu7PpLxwcRc40wGJaXD_0,Game House SK,"R. Lindomar Castilho - Parque Soledade, Caucaia - CE, 61690, Brazil",Fortaleza,busca_automatica,nome,outro,point_of_interest;association_or_organization;establishment,5,2,OPERATIONAL,2025-07-18,inconclusivo,,,+55 11 91647-5580,https://maps.google.com/?cid=18234960087153151347&g_mp=CiVnb29nbGUubWFwcy5wbGFjZXMudjEuUGxhY2VzLkdldFBsYWNlEAIYBCAA,2026-09-01,,,,,
ChIJqYAh1TNGxwcRmyIPj0gMwpE,Game Station | Shopping RioMar Fortaleza,"R. Des. Lauro Nogueira, 1500 - Papicu, Fortaleza - CE, 60176-065, Brazil",Fortaleza,busca_automatica,nome,outro,amusement_park;shopping_mall;point_of_interest;establishment,4.4,2164,OPERATIONAL,2026-07-03,sim,https://www.gamestation.com.br/riomar-fortaleza.php,,+55 85 3234-7835,https://maps.google.com/?cid=10502970786758730395&g_mp=CiVnb29nbGUubWFwcy5wbGFjZXMudjEuUGxhY2VzLkdldFBsYWNlEAIYBCAA,2026-09-01,,,,,
ChIJf7M23upJxwcR2zCGv181EBs,Game mania,"Shopping Center Um - Av. Santos Dumont, 3130 - Lj 236 - Aldeota, Fortaleza - CE, 60150-162, Brazil",Fortaleza,busca_automatica,nome,loja,point_of_interest;store;establishment,4.4,64,OPERATIONAL,,inconclusivo,https://vempragamemania.blog/index.php,,+55 85 99234-2933,https://maps.google.com/?cid=1950117324002832603&g_mp=CiVnb29nbGUubWFwcy5wbGFjZXMudjEuUGxhY2VzLkdldFBsYWNlEAIYBCAA,2026-09-16,,,,,
ChIJsTy8gUxLxwcRCKRfkhIP8zM,Games bar,"R. Coelho Neto, 1767 - Barra do Ceará, Fortaleza - CE, 60336-210, Brazil",Fortaleza,busca_automatica,nome,alimentos_bebidas,bar;point_of_interest;establishment,5,4,OPERATIONAL,2022-04-12,inconclusivo,,,+55 85 98881-5849,https://maps.google.com/?cid=3743352287714583560&g_mp=CiVnb29nbGUubWFwcy5wbGFjZXMudjEuUGxhY2VzLkdldFBsYWNlEAIYBCAA,2026-09-01,,,,,
ChIJ9QktIwBLxwcRxh5o-yafmc4,Geek Barra,"Av. Mozart Pinheiro de Lucena, 1460 - de Pinheiro, Fortaleza - CE, 60347-452, Brazil",Fortaleza,busca_automatica,nome,alimentos_bebidas,hamburger_restaurant;american_restaurant;restaurant;food;point_of_interest;establishment,4.9,134,OPERATIONAL,2026-08-04,sim,,,,https://maps.google.com/?cid=14887105033025363654&g_mp=CiVnb29nbGUubWFwcy5wbGFjZXMudjEuUGxhY2VzLkdldFBsYWNlEAIYBCAA,2026-09-01,,,,,
ChIJIXxKE9ZJxwcRJJN63tNslYg,Geek Bunker Burger (Parquelândia),"Av. Jovita Feitosa, 2802 - Parquelândia, Fortaleza - CE, 60455-410, Brazil",Fortaleza,busca_automatica,nome,alimentos_bebidas,hamburger_restaurant;american_restaurant;restaurant;food;point_of_interest;establishment,4.8,3224,OPERATIONAL,2026-07-22,sim,,,+55 85 99437-6332,https://maps.google.com/?cid=9841892217914561316&g_mp=CiVnb29nbGUubWFwcy5wbGFjZXMudjEuUGxhY2VzLkdldFBsYWNlEAIYBCAA,2026-09-01,,,,,
ChIJtVrjGWdNxwcRpE1jKUW2pyw,Hack Cards&Games,"Praça Loteamento Mãe Rainha Pacatuba - Monguba, Pacatuba - CE, 61814-901, Brazil",Fortaleza,busca_automatica,nome,loja,store;point_of_interest;establishment,4.4,10,OPERATIONAL,,inconclusivo,,,+55 85 98788-8508,https://maps.google.com/?cid=3217740866942881188&g_mp=CiVnb29nbGUubWFwcy5wbGFjZXMudjEuUGxhY2VzLkdldFBsYWNlEAIYBCAA,2026-09-16,,,,,
ChIJrwA8RSpMxwcRgAAzTLpu0fo,Impacto Game Store,"Av. Benjamim Brasil, 1685 - Sl 34 - Maraponga, Fortaleza - CE, 60711-442, Brazil",Fortaleza,busca_automatica,nome,loja,store;point_of_interest;establishment,5,284,OPERATIONAL,,inconclusivo,,,+55 85 98538-5834,https://maps.google.com/?cid=18073348526035894400&g_mp=CiVnb29nbGUubWFwcy5wbGFjZXMudjEuUGxhY2VzLkdldFBsYWNlEAIYBCAA,2026-09-16,,,,,
ChIJpd6kO-xIxwcRDV3Ucwnw_oc,JRGAMES,"Iguatemi - Aldeota, Fortaleza - CE, 60811-341, Brazil",Fortaleza,busca_automatica,nome,loja,store;point_of_interest;establishment,4.4,180,OPERATIONAL,,inconclusivo,http://www.jrgames.com.br/,,+55 85 3047-8283,https://maps.google.com/?cid=9799533762593447181&g_mp=CiVnb29nbGUubWFwcy5wbGFjZXMudjEuUGxhY2VzLkdldFBsYWNlEAIYBCAA,2026-09-16,,,,,
ChIJlTAVLhZJxwcRCuaHGtXrDcs,Kingmaker Boardgames,"R. Sen. Pompeu, 2920 - Benfica, Fortaleza - CE, 60025-002, Brazil",Fortaleza,busca_automatica,nome,outro,point_of_interest;association_or_organization;establishment,,0,OPERATIONAL,,inconclusivo,,,+55 85 99809-5826,https://maps.google.com/?cid=14631610064902284810&g_mp=CiVnb29nbGUubWFwcy5wbGFjZXMudjEuUGxhY2VzLkdldFBsYWNlEAIYBCAA,2026-09-01,,,,,
ChIJs03GzbBPxwcRoVDXbnq6vJs,Nerds a Bordo,"Maraponga, Fortaleza - Ceará, 60712-165, Brazil",Fortaleza,busca_automatica,nome,loja,store;point_of_interest;establishment,5,6,OPERATIONAL,2024-03-02,inconclusivo,https://nerdsabordo.acervodejogos.com.br/,,,https://maps.google.com/?cid=11222049406508814497&g_mp=CiVnb29nbGUubWFwcy5wbGFjZXMudjEuUGxhY2VzLkdldFBsYWNlEAIYBCAA,2026-09-01,,,,,
ChIJN1CQUH5JxwcR5RJbouX65_Y,Poppe Games | Loja de Videogames e Artigos de Jogos,"Av. Bezerra de Menezes, 2510 - Lj 10 - São Gerardo, Fortaleza - CE, 60325-902, Brazil",Fortaleza,busca_automatica,nome,loja,toy_store;store;point_of_interest;establishment,4.1,178,OPERATIONAL,,inconclusivo,https://www.northshoppingfortaleza.com.br/,,+55 85 98719-5642,https://maps.google.com/?cid=17791464717128766181&g_mp=CiVnb29nbGUubWFwcy5wbGFjZXMudjEuUGxhY2VzLkdldFBsYWNlEAIYBCAA,2026-09-16,,,,,
ChIJQ16a-_RFxwcRHvNLAXXnKHo,Power Games FILIAL - W.Soares,"Av. Washington Soares, 3000 - Loja 41 - Engenheiro Luciano Cavalcante, Fortaleza - CE, 60811-341, Brazil",Fortaleza,busca_automatica,nome,loja,store;point_of_interest;establishment,5,905,OPERATIONAL,,inconclusivo,,,+55 85 3273-6828,https://maps.google.com/?cid=8802539961414578974&g_mp=CiVnb29nbGUubWFwcy5wbGFjZXMudjEuUGxhY2VzLkdldFBsYWNlEAIYBCAA,2026-09-16,,,,,
ChIJvw-FWIlFxwcRSDuLMm65KxI,Power Games Matriz,"R. Dr. Gilberto Studart, 155 - Lj 26 - Cocó, Fortaleza - CE, 60190-750, Brazil",Fortaleza,busca_automatica,nome,loja,point_of_interest;store;establishment,4.9,999,OPERATIONAL,,inconclusivo,,,+55 85 98858-9832,https://maps.google.com/?cid=1309343999626787656&g_mp=CiVnb29nbGUubWFwcy5wbGFjZXMudjEuUGxhY2VzLkdldFBsYWNlEAIYBCAA,2026-09-16,,,,,
ChIJTwniujxHxwcR5sSBECd-9dU,RPG A Queda de Agatha,"Lugaar Nenhum - De Lourdes, Fortaleza - CE, 60177-240, Brazil",Fortaleza,busca_automatica,nome,loja,store;point_of_interest;establishment,5,2,OPERATIONAL,,inconclusivo,,,+55 88 98139-3182,https://maps.google.com/?cid=15417367605618525414&g_mp=CiVnb29nbGUubWFwcy5wbGFjZXMudjEuUGxhY2VzLkdldFBsYWNlEAIYBCAA,2026-09-16,,,,,
ChIJg8nBQmtJxwcRNmLMketFjys,Redzone Cards e Games,"Av. Edilson Brasil Soares, 770 - Segundo piso, Sala 3 - Edson Queiroz, Fortaleza - CE, 60821-775, Brazil",Fortaleza,busca_automatica,nome+avaliacao,loja,toy_store;store;point_of_interest;establishment,4.6,145,OPERATIONAL,2021-08-15,inconclusivo,,,+55 85 3085-2577,https://maps.google.com/?cid=3138804343366246966&g_mp=CiVnb29nbGUubWFwcy5wbGFjZXMudjEuUGxhY2VzLkdldFBsYWNlEAIYBCAA,2026-09-01,,,,,
ChIJs8NH6jtPxwcRYsvQ8e4vGiI,Sentinela Boardgames,"Rua das Gaivotas, 180 - Jardim das Oliveiras, Fortaleza - CE, 60821-160, Brazil",Fortaleza,busca_automatica,nome,outro,association_or_organization;point_of_interest;establishment,,0,OPERATIONAL,,inconclusivo,,,+55 85 98959-0197,https://maps.google.com/?cid=2457329249989741410&g_mp=CiVnb29nbGUubWFwcy5wbGFjZXMudjEuUGxhY2VzLkdldFBsYWNlEAIYBCAA,2026-09-01,,,,,
ChIJnxsnImNIxwcRr4T3wONrZIA,Shark Games,"Quiosque 11 - Shopping Aldeota - - Avenida Dom Luís, 500 - Aldeota, Fortaleza - CE, 60160-230, Brazil",Fortaleza,busca_automatica,nome,loja,store;point_of_interest;establishment,3.8,33,OPERATIONAL,,inconclusivo,,,+55 85 99997-4641,https://maps.google.com/?cid=9251638160465036463&g_mp=CiVnb29nbGUubWFwcy5wbGFjZXMudjEuUGxhY2VzLkdldFBsYWNlEAIYBCAA,2026-09-16,,,,,
ChIJvSrPaZ5JxwcRKAsZMUurQhA,Shark Games,"R. Padre Anchieta, 1295 - Monte Castelo, Fortaleza - CE, 60325-520, Brazil",Fortaleza,busca_automatica,nome,loja,toy_store;store;service;point_of_interest;establishment,4.5,226,OPERATIONAL,,inconclusivo,,,+55 85 3281-1405,https://maps.google.com/?cid=1171687192504372008&g_mp=CiVnb29nbGUubWFwcy5wbGFjZXMudjEuUGxhY2VzLkdldFBsYWNlEAIYBCAA,2026-09-16,,,,,
ChIJDzdBh7JJxwcRrLtzKCo6J4Y,Smart Games,"R. Sen. Pompeu, 1099 - Centro, Fortaleza - CE, 60025-000, Brazil",Fortaleza,busca_automatica,nome,loja,store;point_of_interest;establishment,4.9,3821,OPERATIONAL,2026-02-10,inconclusivo,https://www.lojasmartgames.com.br/,,+55 85 98543-3076,https://maps.google.com/?cid=9666759077915769772&g_mp=CiVnb29nbGUubWFwcy5wbGFjZXMudjEuUGxhY2VzLkdldFBsYWNlEAIYBCAA,2026-09-01,,,,,
ChIJ224aM91JxwcRE9nLHao0irc,SpellCard,"Av. João Pessoa, 5834 - Lj 14 - Couto Fernandes, Fortaleza - CE, 60442-057, Brazil",Fortaleza,busca_automatica,nome,loja,store;point_of_interest;establishment,4.7,21,OPERATIONAL,,inconclusivo,https://www.spellcard.com.br/,,,https://maps.google.com/?cid=13225441160975866131&g_mp=CiVnb29nbGUubWFwcy5wbGFjZXMudjEuUGxhY2VzLkdldFBsYWNlEAIYBCAA,2026-09-16,,,,,
ChIJs9icn11JxwcR2ZrJkI7U5NY,Studio Games,"Av. Washington Soares, 85 - Edson Queiroz, Fortaleza - CE, 60811-341, Brazil",Fortaleza,busca_automatica,nome,loja,event_venue;electronics_store;sports_club;association_or_organization;point_of_interest;store;establishment,4.5,833,OPERATIONAL,,inconclusivo,https://studiogames.net.br/,,+55 85 99691-7942,https://maps.google.com/?cid=15484735127586183897&g_mp=CiVnb29nbGUubWFwcy5wbGFjZXMudjEuUGxhY2VzLkdldFBsYWNlEAIYBCAA,2026-09-16,,,,,
ChIJ541nyd1JxwcRNzn2zaGyLWI,Up Serviços E Games,"Av. Padre José Holanda do Vale, 1590 - Piratininga, Maracanaú - CE, 61905-292, Brazil",Fortaleza,busca_automatica,nome,loja,store;point_of_interest;establishment,3.7,46,OPERATIONAL,2025-12-30,inconclusivo,https://www.instagram.com/up_servicos_games?igsh=M2hibndlcDR6cjMz,up_servicos_games,+55 85 99828-9893,https://maps.google.com/?cid=7074506997683861815&g_mp=CiVnb29nbGUubWFwcy5wbGFjZXMudjEuUGxhY2VzLkdldFBsYWNlEAIYBCAA,2026-09-01,,,,,
ChIJnaxY_-VJxwcRIFqOxIx5a74,jogo iracema,"2828 - jj, Fortaleza - CE, 60025-060, Brazil",Fortaleza,busca_automatica,nome,outro,point_of_interest;association_or_organization;establishment,,0,OPERATIONAL,,inconclusivo,,,+55 85 98149-6531,https://maps.google.com/?cid=13721194335214393888&g_mp=CiVnb29nbGUubWFwcy5wbGFjZXMudjEuUGxhY2VzLkdldFBsYWNlEAIYBCAA,2026-09-01,,,,,
ChIJTauec15bxwcRgonUqiXj7JE,Jogai tabuleiria - Jogos de tabuleiro,"R. Ceará - Lot. Recanto do Eusébio, Eusébio - CE, 61777-288, Brazil",Fortaleza,busca_automatica,nome+avaliacao,loja,store;point_of_interest;establishment,5,1,OPERATIONAL,2024-04-01,inconclusivo,https://www.instagram.com/jogaitabuleiria/,jogaitabuleiria,+55 85 99643-5583,https://maps.google.com/?cid=10515028980922616194&g_mp=CiVnb29nbGUubWFwcy5wbGFjZXMudjEuUGxhY2VzLkdldFBsYWNlEAIYBCAA,2026-09-01,,,,,
ChIJLR49WfHxXpMRrSDkf1ExRR4,Bacon Arcano,"R. 84, 604 - Mezanino 1 - St. Sul, Goiânia - GO, 74080-410, Brazil",Goiânia,busca_automatica,avaliacao,outro,point_of_interest;association_or_organization;establishment,5,25,OPERATIONAL,2026-07-31,sim,https://www.baconarcano.com/,,+55 62 99116-8530,https://maps.google.com/?cid=2181203820638642349&g_mp=CiVnb29nbGUubWFwcy5wbGFjZXMudjEuUGxhY2VzLkdldFBsYWNlEAIYBCAA,2026-09-01,,,,,
ChIJvT1MC_L2XpMRCR2DAPE81YM,Bilhar Cidade,"R. Dinamarca, 701 - Qd 97 Lt 32 - Jardim Europa, Goiânia - GO, 74330-050, Brazil",Goiânia,busca_automatica,avaliacao,loja,sports_complex;event_venue;sporting_goods_store;sports_activity_location;point_of_interest;store;establishment,4.4,109,OPERATIONAL,2022-01-21,inconclusivo,https://www.bilharcidade.com.br/,,+55 62 3287-5588,https://maps.google.com/?cid=9499565994801306889&g_mp=CiVnb29nbGUubWFwcy5wbGFjZXMudjEuUGxhY2VzLkdldFBsYWNlEAIYBCAA,2026-09-01,,,,,
ChIJzfCiDjLxXpMR1ssGD0_sMw4,Board Game Barato - Jogos de Tabuleiro,"Edif. Lourenço Office - Av. T-7, º 371 - sala 1102 - Goiânia, GO, 74140-110, Brazil",Goiânia,busca_automatica,nome,loja,point_of_interest;store;establishment,4.3,6,OPERATIONAL,2026-07-21,sim,https://www.boardgamebarato.com.br/,,+55 62 98115-2157,https://maps.google.com/?cid=1023421364641909718&g_mp=CiVnb29nbGUubWFwcy5wbGFjZXMudjEuUGxhY2VzLkdldFBsYWNlEAIYBCAA,2026-09-01,,,,,
ChIJr6qqsmnxXpMRferkB7-_NP8,Cine Games,"Cine Games - R. 18, 155 - St. Oeste, Goiânia - GO, 74120-080, Brazil",Goiânia,busca_automatica,nome,loja,point_of_interest;store;establishment,3.9,96,OPERATIONAL,,inconclusivo,,,+55 62 3215-5615,https://maps.google.com/?cid=18389534005652679293&g_mp=CiVnb29nbGUubWFwcy5wbGFjZXMudjEuUGxhY2VzLkdldFBsYWNlEAIYBCAA,2026-09-16,,,,,
ChIJzy5cbGL1XpMRFoZpuRA5QII,Faturando com rpg,"R. Cláudio da Costa - Goiânia, GO, 74423-420, Brazil",Goiânia,busca_automatica,nome,loja,store;point_of_interest;establishment,,0,OPERATIONAL,,inconclusivo,,,+55 62 99547-5774,https://maps.google.com/?cid=9385564367433074198&g_mp=CiVnb29nbGUubWFwcy5wbGFjZXMudjEuUGxhY2VzLkdldFBsYWNlEAIYBCAA,2026-09-16,,,,,
ChIJ28YWgrb1XpMRMv6SpzX6y9s,Fire games,"Mega lojas Stand E1034/C1033 - Av. Anhanguera, quadra 83A - Campinas, Goiânia - GO, 74503-100, Brazil",Goiânia,busca_automatica,nome,loja,store;point_of_interest;establishment,4.9,314,OPERATIONAL,,inconclusivo,https://instagram.com/fiiregames?igshid=MzRlODBiNWFlZA==,fiiregames,+55 62 98319-5760,https://maps.google.com/?cid=15838027622930120242&g_mp=CiVnb29nbGUubWFwcy5wbGFjZXMudjEuUGxhY2VzLkdldFBsYWNlEAIYBCAA,2026-09-16,,,,,
ChIJVa4pFt7zXpMRsc2v1w_5XYc,GamerSurvivall,"Rua Colonia, Qd. 240A, Lt. 7, S/N - Novo Mundo, Goiânia - GO, 74713-200, Brazil",Goiânia,busca_automatica,nome,outro,association_or_organization;point_of_interest;establishment,,0,OPERATIONAL,,inconclusivo,https://sites.google.com/view/gs-gamersurvivall/gamersurvivall,,+55 62 98232-1255,https://maps.google.com/?cid=9754226214392810929&g_mp=CiVnb29nbGUubWFwcy5wbGFjZXMudjEuUGxhY2VzLkdldFBsYWNlEAIYBCAA,2026-09-16,,,,,
ChIJQa_8W7f3XpMR16MqXb3u21Q,Garagem Board Game,"Av. da Liberdade - St. Garavelo B, Goiânia - GO, 74354-060, Brazil",Goiânia,busca_automatica,nome,outro,point_of_interest;association_or_organization;establishment,,0,OPERATIONAL,,inconclusivo,https://garagemboardgame.com.br/,,+55 62 99126-1128,https://maps.google.com/?cid=6114743416164885463&g_mp=CiVnb29nbGUubWFwcy5wbGFjZXMudjEuUGxhY2VzLkdldFBsYWNlEAIYBCAA,2026-09-16,,,,,
ChIJq6rqcQf0XpMRvbIPAPinCfU,Guerra Games,"Av Anhanguera 8044, 74523-605 camelódromo de campinas 1 , Stand 128 e 129 - Coimbra, Goiânia - GO, 74523-605, Brazil",Goiânia,busca_automatica,nome,loja,store;point_of_interest;establishment,4.7,215,OPERATIONAL,,inconclusivo,https://links.guerragames.com.br/,,+55 62 99315-6585,https://maps.google.com/?cid=17656828497677497021&g_mp=CiVnb29nbGUubWFwcy5wbGFjZXMudjEuUGxhY2VzLkdldFBsYWNlEAIYBCAA,2026-09-16,,,,,
ChIJ3_UG5sHxXpMRSp0s6aJUNZs,Guilda Dos Jogos - Jogos de Tabuleiro,"Av. T-7, 302 - St. Oeste, Goiânia - GO, 74140-110, Brazil",Goiânia,busca_automatica,nome+avaliacao,loja,point_of_interest;store;establishment,4.9,51,OPERATIONAL,2026-05-24,sim,https://www.guildadosjogos.com.br/,,+55 62 99905-8100,https://maps.google.com/?cid=11183938308317945162&g_mp=CiVnb29nbGUubWFwcy5wbGFjZXMudjEuUGxhY2VzLkdldFBsYWNlEAIYBCAA,2026-09-01,,,,,
ChIJz8V7Ga3zXpMRP5m_dQimpZY,Loja Life Games,"R. 24, 802 - St. Central, Goiânia - GO, 74030-060, Brazil",Goiânia,busca_automatica,nome,loja,store;point_of_interest;establishment,4.9,815,OPERATIONAL,,inconclusivo,https://www.instagram.com/lojalifegames/,lojalifegames,+55 62 93594-8691,https://maps.google.com/?cid=10855265032111888703&g_mp=CiVnb29nbGUubWFwcy5wbGFjZXMudjEuUGxhY2VzLkdldFBsYWNlEAIYBCAA,2026-09-16,,,,,
ChIJj9-M-7L1XpMR7EXrwZ8hQoY,LudoNorte - Jogos de Tabuleiro,"Condomínio Alto da Boa Vista - Ac. 5 - St. Vila João Vaz, Goiânia - GO, 74445-500, Brazil",Goiânia,busca_automatica,nome+avaliacao,loja,association_or_organization;store;point_of_interest;establishment,5,36,OPERATIONAL,2025-01-16,inconclusivo,https://www.ludonorte.com.br/,,+55 62 99964-3283,https://maps.google.com/?cid=9674331919582184940&g_mp=CiVnb29nbGUubWFwcy5wbGFjZXMudjEuUGxhY2VzLkdldFBsYWNlEAIYBCAA,2026-09-01,,,,,
ChIJoYv18631XpMRRuQ1YPAdNho,Ludoteca Club,"Av. Maria Pestana, Qd 1 - Lt 13 - Goiânia, GO, 74595-331, Brazil",Goiânia,busca_automatica,nome,loja,association_or_organization;store;point_of_interest;establishment,,0,OPERATIONAL,,inconclusivo,https://ludotecaclub.lends.com.br/,,+55 62 99308-7264,https://maps.google.com/?cid=1888730011972002886&g_mp=CiVnb29nbGUubWFwcy5wbGFjZXMudjEuUGxhY2VzLkdldFBsYWNlEAIYBCAA,2026-09-01,,,,,
ChIJXXKw4GLxXpMRKvxFi_qgAFw,MARIO GAMES,"Av. Assis Chateaubriand, 365 - St. Oeste, Goiânia - GO, 74130-010, Brazil",Goiânia,busca_automatica,nome,loja,toy_store;store;point_of_interest;establishment,4.9,1605,OPERATIONAL,,inconclusivo,,,+55 62 99263-4710,https://maps.google.com/?cid=6629475649428257834&g_mp=CiVnb29nbGUubWFwcy5wbGFjZXMudjEuUGxhY2VzLkdldFBsYWNlEAIYBCAA,2026-09-16,,,,,
ChIJiddkAN_zXpMRamo8ROrdmZw,Mais Uma Mesa RPG,"Rua Fn-27 - Av. Fonte Nova - Vila Finsocial, Goiânia - GO, 74594-023, Brazil",Goiânia,busca_automatica,nome,loja,point_of_interest;store;establishment,4.8,6,OPERATIONAL,,inconclusivo,https://www.instagram.com/maisumamesarpg/,maisumamesarpg,+55 62 98176-5052,https://maps.google.com/?cid=11284294339590384234&g_mp=CiVnb29nbGUubWFwcy5wbGFjZXMudjEuUGxhY2VzLkdldFBsYWNlEAIYBCAA,2026-09-16,,,,,
ChIJp_9nKvvwXpMRHgJXGPtBPIo,Nitroxx Games,"Alameda João Elías da Silva Caldas, 474 - quadra 88a, lote 16 - St. Pedro Ludovico, Goiânia - GO, 74825-060, Brazil",Goiânia,busca_automatica,nome,alimentos_bebidas,hamburger_restaurant;banquet_hall;internet_cafe;electronics_store;event_venue;american_restaurant;restaurant;food;store;point_of_interest;service;establishment,4.8,525,OPERATIONAL,,inconclusivo,https://nitroxxgames.com.br/,,+55 62 3954-8168,https://maps.google.com/?cid=9960909022537646622&g_mp=CiVnb29nbGUubWFwcy5wbGFjZXMudjEuUGxhY2VzLkdldFBsYWNlEAIYBCAA,2026-09-16,,,,,
ChIJIWtBxwf0XpMRr8gIsppriLg,Planet games,"Av. São Paulo, 867 - St. Campinas, Goiânia - GO, 74510-030, Brazil",Goiânia,busca_automatica,nome,loja,cell_phone_store;electronics_store;store;point_of_interest;establishment,5,4096,OPERATIONAL,,inconclusivo,https://lojaplanetgames.com/,,+55 62 98644-4542,https://maps.google.com/?cid=13296996211967445167&g_mp=CiVnb29nbGUubWFwcy5wbGFjZXMudjEuUGxhY2VzLkdldFBsYWNlEAIYBCAA,2026-09-16,,,,,
ChIJ3Z1tm_j1XpMRtMNMJofeUaA,Primo Games,"Av Anhanguera 8044 - Camelódromo de Campinas, 1 - stand 221 a 223 - St. Campinas, Goiânia - GO, 74523-605, Brazil",Goiânia,busca_automatica,nome,loja,store;point_of_interest;establishment,4.7,476,OPERATIONAL,,inconclusivo,http://www.lojaprimogames.com.br/,,+55 62 3291-3560,https://maps.google.com/?cid=11552259191226549172&g_mp=CiVnb29nbGUubWFwcy5wbGFjZXMudjEuUGxhY2VzLkdldFBsYWNlEAIYBCAA,2026-09-16,,,,,
ChIJGbkGXUL3XpMRfX0hiruyMDQ,RPG Alforts,"R. Doná Gercina Borges Teixeira, qd 27 - lt 21 - Bairro Ilda, Aparecida de Goiânia - GO, 74935-610, Brazil",Goiânia,busca_automatica,nome,outro,association_or_organization;point_of_interest;establishment,,0,OPERATIONAL,,inconclusivo,,,,https://maps.google.com/?cid=3760702207400443261&g_mp=CiVnb29nbGUubWFwcy5wbGFjZXMudjEuUGxhY2VzLkdldFBsYWNlEAIYBCAA,2026-09-16,,,,,
ChIJr9taRxP3XpMRMWejEKnwePQ,Rock And Axe Geek Store,"Av. Itália, 1510 - QD 49 LT06 - Jardim Europa, Goiânia - GO, 74325-110, Brazil",Goiânia,busca_automatica,nome,loja,store;point_of_interest;establishment,5,61,OPERATIONAL,,inconclusivo,https://rockandaxegeekstore.com.br/,,+55 62 99160-5151,https://maps.google.com/?cid=17616094551378978609&g_mp=CiVnb29nbGUubWFwcy5wbGFjZXMudjEuUGxhY2VzLkdldFBsYWNlEAIYBCAA,2026-09-16,,,,,
ChIJsT8pxUPxXpMReGQSBqX-LSI,Solo Sacred Cards,"R. H-34, Qd 172 - Lt 2A - Conj. Estrela do Sul, Aparecida de Goiânia - GO, 74936-020, Brazil",Goiânia,busca_automatica,nome+avaliacao,loja,toy_store;store;point_of_interest;establishment,4.5,269,OPERATIONAL,2026-07-17,sim,https://solosagrado.com.br/,,+55 62 99688-2658,https://maps.google.com/?cid=2462904555966456952&g_mp=CiVnb29nbGUubWFwcy5wbGFjZXMudjEuUGxhY2VzLkdldFBsYWNlEAIYBCAA,2026-09-01,,,,,
ChIJveqgLrLzXpMRCdIw_IiqVBA,Storm Acessórios,"R. Quatro, 1565 - Setor Aeroporto, Goiânia - GO, 74075-050, Brazil",Goiânia,busca_automatica,avaliacao,loja,toy_store;store;point_of_interest;establishment,4.9,165,OPERATIONAL,2026-07-24,sim,http://stormacessoriosbrasil.com.br/mini-bio-instagram,,+55 62 99282-6879,https://maps.google.com/?cid=1176752907973874185&g_mp=CiVnb29nbGUubWFwcy5wbGFjZXMudjEuUGxhY2VzLkdldFBsYWNlEAIYBCAA,2026-09-01,,,,,
ChIJJ3wfdDyLXpMRmWw2LP3gJC8,Talismã Board Games,"rua 05 - Jardim Maria Helena, Goiânia - GO, 74769-778, Brazil",Goiânia,busca_automatica,nome,outro,association_or_organization;point_of_interest;establishment,,0,OPERATIONAL,,inconclusivo,https://talismabg.com.br/,,+55 62 99186-0647,https://maps.google.com/?cid=3397087396917308569&g_mp=CiVnb29nbGUubWFwcy5wbGFjZXMudjEuUGxhY2VzLkdldFBsYWNlEAIYBCAA,2026-09-01,,,,,
ChIJAUSDHR3xXpMRlqsVb58UP_4,Turno 42,"Av. 85, 1445 - St. Marista, Goiânia - GO, 74160-010, Brazil",Goiânia,busca_automatica,avaliacao,loja,point_of_interest;association_or_organization;store;establishment,4.7,9,OPERATIONAL,2024-03-12,inconclusivo,https://diggy.menu/6537d7e391f83ba9d87b5d99,,+55 64 99952-9301,https://maps.google.com/?cid=18320384484162513814&g_mp=CiVnb29nbGUubWFwcy5wbGFjZXMudjEuUGxhY2VzLkdldFBsYWNlEAIYBCAA,2026-09-01,,,,,
ChIJ89uEICDxXpMRdaEvN0XiWK0,Paladins Game Store,"Galeria Free Shop - R. S-1, 54 - St. Bueno, Goiânia - GO, 74230-020, Brazil",Goiânia,busca_automatica,nome+avaliacao,loja,association_or_organization;store;point_of_interest;establishment,4.7,906,OPERATIONAL,2024-09-07,inconclusivo,http://www.paladinsgames.com.br/,,+55 62 98318-5020,https://maps.google.com/?cid=12490982353418559861&g_mp=CiVnb29nbGUubWFwcy5wbGFjZXMudjEuUGxhY2VzLkdldFBsYWNlEAIYBCAA,2026-09-01,,,,,
ChIJx0dAuxQbbJIRxH8szrAawXE,ALEXANDRE GAMES & MANUTENÇÃO,"Rua j 24 São jose 3 - São José Operário, Manaus - AM, 69086-390, Brazil",Manaus,busca_automatica,nome,loja,store;point_of_interest;establishment,4.8,41,OPERATIONAL,,inconclusivo,,,,https://maps.google.com/?cid=8196862143466602436&g_mp=CiVnb29nbGUubWFwcy5wbGFjZXMudjEuUGxhY2VzLkdldFBsYWNlEAIYBCAA,2026-09-16,,,,,
ChIJvXuPLAAFbJIRncOH-f4lasQ,Acerola: A Casa do Acy,"Av. Maués, 700 - Cachoeirinha, Manaus - AM, 69065-070, Brazil",Manaus,busca_automatica,avaliacao,alimentos_bebidas,bar;point_of_interest;establishment,4.8,17,OPERATIONAL,2024-10-04,inconclusivo,,,+55 92 98601-9920,https://maps.google.com/?cid=14153166556003550109&g_mp=CiVnb29nbGUubWFwcy5wbGFjZXMudjEuUGxhY2VzLkdldFBsYWNlEAIYBCAA,2026-09-01,,,,,
ChIJryYmaX0FbJIRY1Msjnb-rVE,Beco Mágico Manaus,"R. Rio Purús, 629 - Nossa Sra. das Gracas, Manaus - AM, 69053-050, Brazil",Manaus,busca_automatica,nome,alimentos_bebidas,hamburger_restaurant;american_restaurant;restaurant;point_of_interest;food;establishment,4.9,1241,OPERATIONAL,2026-06-01,sim,https://becomagico.com.br/manaus/?utm_source=ig&utm_medium=social&utm_content=link_in_bio&fbclid=PAdGRleAQm1xFleHRuA2FlbQIxMQBzcnRjBmFwcF9pZA8xMjQwMjQ1NzQyODc0MTQAAaePqm5i5QCY0b0YEBsRtyDqFwL3WJf9kC4TCpUvZ-TvJPujzocBmmlORpzMAg_aem_RlyMgypZdVZ8z6bkoynZ1Q,,+55 92 98129-8347,https://maps.google.com/?cid=5885640073187971939&g_mp=CiVnb29nbGUubWFwcy5wbGFjZXMudjEuUGxhY2VzLkdldFBsYWNlEAIYBCAA,2026-09-01,,,,,
ChIJ-RJZFQAbbJIRIU-dCP-2r_o,Café Cartoon Animation,"R. Francisco Filho, 841 - Parque Dez de Novembro, Manaus - AM, 69055-400, Brazil",Manaus,busca_automatica,avaliacao,outro,coworking_space;cultural_center;point_of_interest;association_or_organization;establishment,5,28,OPERATIONAL,2026-05-20,sim,https://cafecartoon.com/,,+55 92 98134-8098,https://maps.google.com/?cid=18063857836883791649&g_mp=CiVnb29nbGUubWFwcy5wbGFjZXMudjEuUGxhY2VzLkdldFBsYWNlEAIYBCAA,2026-09-01,,,,,
ChIJh8R0pn8FbJIRrG0Lag8Cp2s,Game Center,"R. Marcílio Dias, 256 - Centro, Manaus - AM, 69005-270, Brazil",Manaus,busca_automatica,nome,loja,store;point_of_interest;establishment,4.3,97,OPERATIONAL,,inconclusivo,,,+55 92 99244-3131,https://maps.google.com/?cid=7757171148395867564&g_mp=CiVnb29nbGUubWFwcy5wbGFjZXMudjEuUGxhY2VzLkdldFBsYWNlEAIYBCAA,2026-09-16,,,,,
ChIJXcXD0JAFbJIRQmdQjmspPjQ,JG GAMES,"R. 13 de Maio, 381 - Colônia Oliveira Machado, Manaus - AM, 69070-770, Brazil",Manaus,busca_automatica,nome,loja,store;point_of_interest;establishment,4.9,18,OPERATIONAL,,inconclusivo,,,+55 92 98265-4134,https://maps.google.com/?cid=3764491880454186818&g_mp=CiVnb29nbGUubWFwcy5wbGFjZXMudjEuUGxhY2VzLkdldFBsYWNlEAIYBCAA,2026-09-16,,,,,
ChIJpwS271sbbJIRDzSHeBJFQbg,KAZUMA GAMES,"R. Des. Filismino Soares, 50 B - Colônia Oliveira Machado, Manaus - AM, 69070-620, Brazil",Manaus,busca_automatica,nome,loja,electronics_store;store;point_of_interest;establishment,4.7,211,OPERATIONAL,,inconclusivo,,,+55 92 99240-0175,https://maps.google.com/?cid=13276969122098787343&g_mp=CiVnb29nbGUubWFwcy5wbGFjZXMudjEuUGxhY2VzLkdldFBsYWNlEAIYBCAA,2026-09-16,,,,,
ChIJ105u2bcZbJIRW2QgRQzW4uk,Lago Nerd Luderia - Jogos de Tabuleiro,"Cond Reserva da Cidade, 381 - Cidade Nova, Manaus - AM, 69090-299, Brazil",Manaus,busca_automatica,nome+avaliacao,loja,store;point_of_interest;establishment,5,5,OPERATIONAL,2024-02-12,inconclusivo,http://www.lagonerd.xyz/,,+55 92 99498-9109,https://maps.google.com/?cid=16853268103761519707&g_mp=CiVnb29nbGUubWFwcy5wbGFjZXMudjEuUGxhY2VzLkdldFBsYWNlEAIYBCAA,2026-09-01,,,,,
ChIJ5XUdKqYabJIRR6AMN_zwMQA,Livraria Leitura Amazonas,"Amazonas Shopping LOJA 420 PQR 2 PISO 482 - Av. Djalma Batista - Parque Dez de Novembro, Manaus - AM, 69055-038, Brazil",Manaus,busca_automatica,avaliacao,loja,book_store;point_of_interest;store;establishment,4.7,5271,OPERATIONAL,2025-02-09,inconclusivo,https://www.leitura.com.br/,,+55 92 3236-4901,https://maps.google.com/?cid=14057239904821319&g_mp=CiVnb29nbGUubWFwcy5wbGFjZXMudjEuUGxhY2VzLkdldFBsYWNlEAIYBCAA,2026-09-01,,,,,
ChIJE1I36GEFbJIRMxvlDnsif8U,Loja Calabouço,"R. 7 Cj. Shangrila IV, 21 - Quadra 7 - Parque 10 de Novembro, Manaus - AM, 69054-738, Brazil",Manaus,busca_automatica,avaliacao,loja,toy_store;store;point_of_interest;establishment,4.7,284,OPERATIONAL,2025-12-11,inconclusivo,https://www.lojacalabouco.com.br/,,+55 92 3029-8300,https://maps.google.com/?cid=14231131259440274227&g_mp=CiVnb29nbGUubWFwcy5wbGFjZXMudjEuUGxhY2VzLkdldFBsYWNlEAIYBCAA,2026-09-01,,,,,
ChIJMZANeqQabJIRWOafgRjXIMM,Loja Daisuki Card Game Shop,"R. Wilson de Castro, 42 - Conjunto Eldorado, Manaus - AM, 69050-160, Brazil",Manaus,busca_automatica,nome+avaliacao,loja,toy_store;point_of_interest;store;establishment,4.7,106,OPERATIONAL,2025-12-05,inconclusivo,https://www.lojadaisuki.com.br/,,+55 92 99982-1251,https://maps.google.com/?cid=14060474536904615512&g_mp=CiVnb29nbGUubWFwcy5wbGFjZXMudjEuUGxhY2VzLkdldFBsYWNlEAIYBCAA,2026-09-01,,,,,
ChIJwSmuT9cFbJIR5I53d9m7HgE,Mercadia Game Store,"R. Rio Jutaí, 90 - Vieiralves - Nossa Sra. das Gracas, Manaus - AM, 69053-020, Brazil",Manaus,busca_automatica,nome+avaliacao,loja,toy_store;point_of_interest;store;establishment,4.9,43,OPERATIONAL,2026-06-07,sim,https://www.mercadiastore.com.br/,,+55 92 98431-3996,https://maps.google.com/?cid=80708386025869028&g_mp=CiVnb29nbGUubWFwcy5wbGFjZXMudjEuUGxhY2VzLkdldFBsYWNlEAIYBCAA,2026-09-01,,,,,
ChIJpaSYMAAbbJIR8NzZUEQKuhE,Mimiso Arena Games,"Beco São Pedro, 162 - Parque 10 de Novembro, Manaus - AM, 69055-151, Brazil",Manaus,busca_automatica,nome,loja,toy_store;store;point_of_interest;establishment,4.9,51,OPERATIONAL,,inconclusivo,http://www.instagram.com/mimisoarenatcg,mimisoarenatcg,+55 92 98151-2345,https://maps.google.com/?cid=1277344732843465968&g_mp=CiVnb29nbGUubWFwcy5wbGFjZXMudjEuUGxhY2VzLkdldFBsYWNlEAIYBCAA,2026-09-16,,,,,
ChIJpxg9QwAFbJIRi3UNe7DkwH4,Oráculo Tabletop Games Store - Aluísio Brasil - Japiim,"R. Aluísio Brasil, 8b - Japiim, Manaus - AM, 69078-562, Brazil",Manaus,busca_automatica,nome+avaliacao,loja,toy_store;store;point_of_interest;establishment,4.8,22,OPERATIONAL,2026-06-11,sim,https://www.instagram.com/oraculojogos?igsh=bjkxejQzcXRjd2l1,oraculojogos,+55 92 98547-0815,https://maps.google.com/?cid=9133551490937222539&g_mp=CiVnb29nbGUubWFwcy5wbGFjZXMudjEuUGxhY2VzLkdldFBsYWNlEAIYBCAA,2026-09-01,,,,,
ChIJf1eUzsUbbJIROHClUemcirk,Player Food,"R. Lapis Lazuli, 6 - Nossa Sra. das Graças, Manaus - AM, 69053-600, Brazil",Manaus,busca_automatica,avaliacao,alimentos_bebidas,restaurant;point_of_interest;food;establishment,4.6,67,OPERATIONAL,2026-06-22,sim,https://www.instagram.com/playerfoodmanaus?utm_source=ig_web_button_share_sheet&igsh=ZDNlZDc0MzIxNw==,playerfoodmanaus,+55 92 99106-0564,https://maps.google.com/?cid=13369670969713848376&g_mp=CiVnb29nbGUubWFwcy5wbGFjZXMudjEuUGxhY2VzLkdldFBsYWNlEAIYBCAA,2026-09-01,,,,,
ChIJcwXuqGQFbJIRGz1gIKriRCA,Player Games,"Av. Getúlio Vargas, 219 - Centro, Manaus - AM, 69020-010, Brazil",Manaus,busca_automatica,nome,loja,internet_cafe;electronics_store;store;service;point_of_interest;establishment,4.9,361,OPERATIONAL,,inconclusivo,https://www.playergames.com.br/,,+55 800 245 0060,https://maps.google.com/?cid=2325232527945514267&g_mp=CiVnb29nbGUubWFwcy5wbGFjZXMudjEuUGxhY2VzLkdldFBsYWNlEAIYBCAA,2026-09-16,,,,,
ChIJg0IM1HgbbJIRlRhtjzrsm0M,Player Games,"Av. Djalma Batista, 1929 - Lj 10 - Chapada, Manaus - AM, 69050-010, Brazil",Manaus,busca_automatica,nome,loja,internet_cafe;electronics_store;service;point_of_interest;store;establishment,4.8,174,OPERATIONAL,,inconclusivo,http://www.playergames.com.br/,,+55 800 245 0060,https://maps.google.com/?cid=4871747158189873301&g_mp=CiVnb29nbGUubWFwcy5wbGFjZXMudjEuUGxhY2VzLkdldFBsYWNlEAIYBCAA,2026-09-16,,,,,
ChIJJemnGQ0bbJIROuFyAZnZ_aA,Putiringa - Jogos de Tabuleiro,"R. Padre Monteiro de Noronha, 575 - Flores, Manaus - AM, 69028-140, Brazil",Manaus,busca_automatica,nome,outro,association_or_organization;point_of_interest;establishment,5,17,OPERATIONAL,2026-07-22,sim,https://putiringa.lends.com.br/,,+55 92 98471-5818,https://maps.google.com/?cid=11600667466353795386&g_mp=CiVnb29nbGUubWFwcy5wbGFjZXMudjEuUGxhY2VzLkdldFBsYWNlEAIYBCAA,2026-09-01,,,,,
ChIJ134HVggZbJIRql9MOMgzwxw,"Sr.Araújo Games AM, MUNDO DIGITAL 2º","Av. Margarita, 1930 - Nova Cidade, Manaus - AM, 69097-305, Brazil",Manaus,busca_automatica,nome,loja,store;point_of_interest;establishment,5,16,OPERATIONAL,,inconclusivo,http://www.facebook.com/SrAra%C3%BAjo-Games-AM-1022154064654000/quality,,+55 92 99374-2507,https://maps.google.com/?cid=2072557188551565226&g_mp=CiVnb29nbGUubWFwcy5wbGFjZXMudjEuUGxhY2VzLkdldFBsYWNlEAIYBCAA,2026-09-16,,,,,
ChIJa7KqNmwFbJIRGaN10LCd-1I,Taverna Nerd Comic Shop,"R. Y 1, 7 - Flores, Manaus - AM, Brazil",Manaus,busca_automatica,nome+avaliacao,loja,store;point_of_interest;establishment,4.6,61,OPERATIONAL,2026-06-28,sim,,,,https://maps.google.com/?cid=5979546313001640729&g_mp=CiVnb29nbGUubWFwcy5wbGFjZXMudjEuUGxhY2VzLkdldFBsYWNlEAIYBCAA,2026-09-01,,,,,
ChIJweOclBAQbJIRztG7ZblPNSk,Tetris Game Burger,"Av. Djalma Batista, 31 - Chapada, Manaus - AM, 69053-000, Brazil",Manaus,busca_automatica,nome,alimentos_bebidas,hamburger_restaurant;fast_food_restaurant;american_restaurant;restaurant;food;point_of_interest;establishment,4.4,821,OPERATIONAL,2023-03-12,inconclusivo,https://abre.ai/ifoodpedidosdelivery,,+55 92 99277-6544,https://maps.google.com/?cid=2969367187015061966&g_mp=CiVnb29nbGUubWFwcy5wbGFjZXMudjEuUGxhY2VzLkdldFBsYWNlEAIYBCAA,2026-09-01,,,,,
ChIJQag-ogcRbJIRfG_9p8YDiC4,Traveller Cards e Board Games,"R. Washington Luís, 315 - 2° Andar - Sala 3 - Dom Pedro, Manaus - AM, 69040-210, Brazil",Manaus,busca_automatica,nome,loja,toy_store;store;point_of_interest;establishment,5,7,OPERATIONAL,,inconclusivo,,,+55 92 98645-9173,https://maps.google.com/?cid=3352934074334146428&g_mp=CiVnb29nbGUubWFwcy5wbGFjZXMudjEuUGxhY2VzLkdldFBsYWNlEAIYBCAA,2026-09-16,,,,,
ChIJd5jnFQAFbJIRyaRaoNBV_hg,Vezzo - Doces e Jogos,"Av. Visc. de Porto Alegre, 721 - Praça 14 de Janeiro, Manaus - AM, 69020-130, Brazil",Manaus,busca_automatica,nome+avaliacao,alimentos_bebidas,candy_store;confectionery;food_store;store;food;point_of_interest;establishment,5,11,OPERATIONAL,2025-08-26,inconclusivo,,,+55 92 99400-0456,https://maps.google.com/?cid=1800971255526630601&g_mp=CiVnb29nbGUubWFwcy5wbGFjZXMudjEuUGxhY2VzLkdldFBsYWNlEAIYBCAA,2026-09-01,,,,,
ChIJHSDPTgF5GZURKmSqKITyoGM,Arcadea Gaming Pub,"R. Gen. Neto, 440 - Moinhos de Vento, Porto Alegre - RS, 90560-020, Brazil",Porto Alegre,busca_automatica,avaliacao,alimentos_bebidas,bar;point_of_interest;establishment,4.2,1087,OPERATIONAL,2026-02-07,inconclusivo,https://arcadeapub.com.br/,,+55 51 99652-4436,https://maps.google.com/?cid=7179004455460430890&g_mp=CiVnb29nbGUubWFwcy5wbGFjZXMudjEuUGxhY2VzLkdldFBsYWNlEAIYBCAA,2026-09-01,,,,,
ChIJwxy21gBRzpQR_H0EEtBoaqw,LudoStation,"R. Joaquim Nabuco, 66 - Lj 02 - Brooklin, São Paulo - SP, 04621-000, Brazil",São Paulo,busca_automatica,nome+avaliacao,loja,toy_store;association_or_organization;store;point_of_interest;establishment,5,79,OPERATIONAL,2026-07-13,sim,https://ludostation.com.br/,,+55 11 91530-8609,https://maps.google.com/?cid=12423857764919705084&g_mp=CiVnb29nbGUubWFwcy5wbGFjZXMudjEuUGxhY2VzLkdldFBsYWNlEAIYBCAA,2026-09-01,,,,,
ChIJWaZ0iVobFgcRHQqoOsbwU7A,LR Games - Especialista em Desbloqueio de Switch,"Centro Empresarial Imbui - R. Padre Casemiro Quiroga, 236 - BOX 1 - Imbuí, Salvador - BA, 41720-400, Brazil",Salvador,busca_automatica,nome,loja,store;point_of_interest;establishment,5,2124,OPERATIONAL,,inconclusivo,https://www.lrgames.com.br/ba,,+55 11 99258-2556,https://maps.google.com/?cid=12705763707920583197&g_mp=CiVnb29nbGUubWFwcy5wbGFjZXMudjEuUGxhY2VzLkdldFBsYWNlEAIYBCAA,2026-09-16,,,,,
ChIJMyZxrKuDGZURY4QmuB42th4,B&B Games,"R. Cel. Aparício Borges, 250 - Teresópolis, Porto Alegre - RS, 90680-570, Brazil",Porto Alegre,busca_automatica,nome,loja,electronics_store;point_of_interest;store;establishment,4.6,341,OPERATIONAL,,inconclusivo,http://instagram.com/bebgamesteresopolis,bebgamesteresopolis,+55 51 99650-0829,https://maps.google.com/?cid=2213015772465628259&g_mp=CiVnb29nbGUubWFwcy5wbGFjZXMudjEuUGxhY2VzLkdldFBsYWNlEAIYBCAA,2026-09-16,,,,,
ChIJ4d68w215GZURtJ7UClWQ4o4,BeB Games Shop,"Av. Diário de Notícias, 300 - Cristal, Porto Alegre - RS, 90810-080, Brazil",Porto Alegre,busca_automatica,nome,loja,cell_phone_store;electronics_store;service;point_of_interest;store;establishment,4.8,305,OPERATIONAL,,inconclusivo,http://www.bebshop.com.br/,,+55 51 3276-4476,https://maps.google.com/?cid=10295950393050701492&g_mp=CiVnb29nbGUubWFwcy5wbGFjZXMudjEuUGxhY2VzLkdldFBsYWNlEAIYBCAA,2026-09-16,,,,,
ChIJN76CzJ53GZURfenXtnLLbOw,Checkpoint Games,"Bourbon Shopping Country - Av. Túlio de Rose, 80 - 77 - Passo d'Areia, Porto Alegre - RS, 91340-080, Brazil",Porto Alegre,busca_automatica,nome,loja,store;point_of_interest;establishment,4.5,298,OPERATIONAL,,inconclusivo,,,+55 51 3311-0109,https://maps.google.com/?cid=17036215183990057341&g_mp=CiVnb29nbGUubWFwcy5wbGFjZXMudjEuUGxhY2VzLkdldFBsYWNlEAIYBCAA,2026-09-16,,,,,
ChIJi1Cdehp5GZUR6TD0jnD1iq8,Checkpoint Games Total,"Av. Cristóvão Colombo, 545 - Lj 1106 - Floresta, Porto Alegre - RS, 90035-153, Brazil",Porto Alegre,busca_automatica,nome,loja,store;point_of_interest;establishment,4.7,12,OPERATIONAL,,inconclusivo,,,+55 51 3018-7248,https://maps.google.com/?cid=12649192367206969577&g_mp=CiVnb29nbGUubWFwcy5wbGFjZXMudjEuUGxhY2VzLkdldFBsYWNlEAIYBCAA,2026-09-16,,,,,
ChIJMaUOsUCCGZUR5eX8QrUL7Io,DM Games,"Rua Victor Silva, 229 - Lj 05 - Camaquã, Porto Alegre - RS, 91920-530, Brazil",Porto Alegre,busca_automatica,nome,loja,store;point_of_interest;establishment,4.8,160,OPERATIONAL,,inconclusivo,,,+55 51 99161-2686,https://maps.google.com/?cid=10010388944878626277&g_mp=CiVnb29nbGUubWFwcy5wbGFjZXMudjEuUGxhY2VzLkdldFBsYWNlEAIYBCAA,2026-09-16,,,,,
ChIJZeaWMGaCGZURbQaAIwBfxus,FM games,"Av. da Cavalhada, 2360 - Lj 105 - Cavalhada, Porto Alegre - RS, 91740-000, Brazil",Porto Alegre,busca_automatica,nome,loja,store;point_of_interest;establishment,4.8,319,OPERATIONAL,,inconclusivo,https://instagram.com/_fmgames?igshid=MzNlNGNkZWQ4Mg==,_fmgames,+55 51 99963-9229,https://maps.google.com/?cid=16989371098502006381&g_mp=CiVnb29nbGUubWFwcy5wbGFjZXMudjEuUGxhY2VzLkdldFBsYWNlEAIYBCAA,2026-09-16,,,,,
ChIJSTDJiAV5GZURG0iVNFCTGGM,Horda Nerd,"R. Riachuelo, 1320 - Centro Histórico, Porto Alegre - RS, 90010-273, Brazil",Porto Alegre,busca_automatica,nome,loja,store;point_of_interest;establishment,4.6,50,OPERATIONAL,,inconclusivo,http://www.hordanerd.com.br/,,+55 51 99692-9977,https://maps.google.com/?cid=7140619181884786715&g_mp=CiVnb29nbGUubWFwcy5wbGFjZXMudjEuUGxhY2VzLkdldFBsYWNlEAIYBCAA,2026-09-16,,,,,
ChIJV8oXhgV5GZURziXuQ4QUGCg,Ilusões Industriais,"R. Riachuelo, 1334 - Lj 6 - Centro Histórico, Porto Alegre - RS, 90010-273, Brazil",Porto Alegre,busca_automatica,avaliacao,loja,store;point_of_interest;establishment,4.5,434,OPERATIONAL,2026-07-28,sim,https://www.lojailusoes.com.br/,,+55 51 3212-7657,https://maps.google.com/?cid=2889081719266092494&g_mp=CiVnb29nbGUubWFwcy5wbGFjZXMudjEuUGxhY2VzLkdldFBsYWNlEAIYBCAA,2026-09-01,,,,,
ChIJE1UxnhN3GZURqblAoNB7yfo,Ilusões Industriais Bourbon Country,"Av. Túlio de Rose, 80 No 2o andar próximo as esdadas rolante - Passo d'Areia, Porto Alegre - RS, 91340-110, Brazil",Porto Alegre,busca_automatica,avaliacao,loja,store;toy_store;association_or_organization;point_of_interest;establishment,4.8,51,OPERATIONAL,2026-04-14,sim,,,+55 51 98623-0299,https://maps.google.com/?cid=18071111115772836265&g_mp=CiVnb29nbGUubWFwcy5wbGFjZXMudjEuUGxhY2VzLkdldFBsYWNlEAIYBCAA,2026-09-01,,,,,
ChIJW5h5saN4GZURamqMy4PvK1U,Jogos Boole,"Av. Capivari, 165 - Cristal, Porto Alegre - RS, 90810-070, Brazil",Porto Alegre,busca_automatica,nome,loja,store;point_of_interest;establishment,4.1,7,OPERATIONAL,2026-08-09,sim,http://jogosboole.com.br,,+55 51 99121-8804,https://maps.google.com/?cid=6137262266557164138&g_mp=CiVnb29nbGUubWFwcy5wbGFjZXMudjEuUGxhY2VzLkdldFBsYWNlEAIYBCAA,2026-09-01,,,,,
ChIJi8IQud95GZURGnZXARGazCw,LS Gamestore,"R. Riachuelo, 1038 - Sl 705 - Centro Histórico, Porto Alegre - RS, 90010-272, Brazil",Porto Alegre,busca_automatica,nome,loja,electronics_store;cell_phone_store;toy_store;store;point_of_interest;establishment,4.9,149,OPERATIONAL,,inconclusivo,,,+55 51 99167-6603,https://maps.google.com/?cid=3228124430745433626&g_mp=CiVnb29nbGUubWFwcy5wbGFjZXMudjEuUGxhY2VzLkdldFBsYWNlEAIYBCAA,2026-09-16,,,,,
ChIJeQSBxIB5GZURF_5nVdRIpoA,Ludoteca Básica,"R. Dr. Júlio Bocaccio, 64 - Santo Antônio, Porto Alegre - RS, 90640-020, Brazil",Porto Alegre,busca_automatica,nome+avaliacao,outro,point_of_interest;association_or_organization;establishment,5,5,OPERATIONAL,2025-03-12,inconclusivo,https://ludotecabasica.acervodejogos.com.br/,,+55 51 99978-0088,https://maps.google.com/?cid=9270176959791889943&g_mp=CiVnb29nbGUubWFwcy5wbGFjZXMudjEuUGxhY2VzLkdldFBsYWNlEAIYBCAA,2026-09-01,,,,,
ChIJc5Ngqb93GZURsXxqn5PFaUQ,MTG Magic Combo,"R. Umbú, 99 - Passo d'Areia, Porto Alegre - RS, 91350-100, Brazil",Porto Alegre,busca_automatica,nome,outro,association_or_organization;point_of_interest;establishment,,0,OPERATIONAL,,inconclusivo,,,,https://maps.google.com/?cid=4929688504959138993&g_mp=CiVnb29nbGUubWFwcy5wbGFjZXMudjEuUGxhY2VzLkdldFBsYWNlEAIYBCAA,2026-09-16,,,,,
ChIJRcoj20fVG5URBISzTJ70bH0,Masmorra Board Games,"Av. Brasilia, 258 - Coronel Nassuca, Guaíba - RS, 92701-710, Brazil",Porto Alegre,busca_automatica,nome+avaliacao,loja,store;point_of_interest;establishment,4.9,87,OPERATIONAL,2025-12-16,inconclusivo,https://www.masmorra.com.br/,,+55 51 2929-0151,https://maps.google.com/?cid=9037867512954586116&g_mp=CiVnb29nbGUubWFwcy5wbGFjZXMudjEuUGxhY2VzLkdldFBsYWNlEAIYBCAA,2026-09-01,,,,,
ChIJkbDJNsB5GZURMq9njXiOzvg,Mint & Hood Card Games,"Rua Tenente Coronel Fabricio Pillar, 681 - 2° andar - Mont'Serrat, Porto Alegre - RS, 90450-040, Brazil",Porto Alegre,busca_automatica,nome,loja,store;point_of_interest;establishment,4.8,50,OPERATIONAL,,inconclusivo,https://www.minthood.com.br/,,+55 51 99525-4209,https://maps.google.com/?cid=17928423815028125490&g_mp=CiVnb29nbGUubWFwcy5wbGFjZXMudjEuUGxhY2VzLkdldFBsYWNlEAIYBCAA,2026-09-16,,,,,
ChIJlXnY2-95GZUR4OAvG0UtQnU,Multiverso Cultura Geek,"Shopping Total - Av. Cristóvão Colombo, 545 - Lj 2213 segundo andar - Independência, Porto Alegre - RS, 90560-003, Brazil",Porto Alegre,busca_automatica,nome,loja,store;point_of_interest;establishment,5,90,OPERATIONAL,,inconclusivo,https://www.instagram.com/_multiversopoa/?utm_source=ig_web_button_share_sheet&igshid=OGQ5ZDc2ODk2ZA==,_multiversopoa,+55 51 3018-7575,https://maps.google.com/?cid=8449365625732587744&g_mp=CiVnb29nbGUubWFwcy5wbGFjZXMudjEuUGxhY2VzLkdldFBsYWNlEAIYBCAA,2026-09-16,,,,,
ChIJ5zKpvKN5GZUR6AxgANEs1ak,Nerdz Cards,"R. Sarmento Leite, 641 - Centro Histórico, Porto Alegre - RS, 90050-170, Brazil",Porto Alegre,busca_automatica,nome,loja,toy_store;point_of_interest;store;establishment,4.5,83,OPERATIONAL,2026-08-08,sim,https://www.nerdzcards.com.br/,,+55 51 99109-3873,https://maps.google.com/?cid=12237736838615272680&g_mp=CiVnb29nbGUubWFwcy5wbGFjZXMudjEuUGxhY2VzLkdldFBsYWNlEAIYBCAA,2026-09-01,,,,,
ChIJTXQ20_mDGZURZvGm6v61Yhg,Paladino Geek,"R. São Francisco, 30 - Santana, Porto Alegre - RS, 90620-070, Brazil",Porto Alegre,busca_automatica,nome,loja,store;point_of_interest;establishment,5,50,OPERATIONAL,,inconclusivo,http://www.paladinocards.com.br/,,+55 51 99589-1890,https://maps.google.com/?cid=1757166911091044710&g_mp=CiVnb29nbGUubWFwcy5wbGFjZXMudjEuUGxhY2VzLkdldFBsYWNlEAIYBCAA,2026-09-16,,,,,
ChIJsQAebvp4GZURq9U8W7FqO1c,Ri Happy Toys,"Av. Borges de Medeiros, 1181 - Piso 1 - Praia de Belas, Porto Alegre - RS, 90110-001, Brazil",Porto Alegre,busca_automatica,avaliacao,loja,toy_store;store;point_of_interest;establishment,4.4,1308,OPERATIONAL,2023-08-08,inconclusivo,http://rihappy.com.br/,,+55 51 3084-5499,https://maps.google.com/?cid=6285735014898128299&g_mp=CiVnb29nbGUubWFwcy5wbGFjZXMudjEuUGxhY2VzLkdldFBsYWNlEAIYBCAA,2026-09-01,,,,,
ChIJgdgE5CRzGZURnSZMmKHgiJ8,Tartaleiro Board Games,"R. Esperança, 235 - Barnabé, Gravataí - RS, 94150-050, Brazil",Porto Alegre,busca_automatica,nome,outro,association_or_organization;point_of_interest;establishment,5,2,OPERATIONAL,,inconclusivo,https://tartaleiro.lends.com.br/,,+55 51 99790-9857,https://maps.google.com/?cid=11495685033512674973&g_mp=CiVnb29nbGUubWFwcy5wbGFjZXMudjEuUGxhY2VzLkdldFBsYWNlEAIYBCAA,2026-09-16,,,,,
ChIJMxLojXp3GZURO6vAFudn0Xk,Tondin Games,"Av. Assis Brasil, 3535 - Sl 1215 - Jardim Lindóia, Porto Alegre - RS, 91010-007, Brazil",Porto Alegre,busca_automatica,nome,loja,store;point_of_interest;establishment,4.9,455,OPERATIONAL,,inconclusivo,http://www.tondingames.com.br/,,+55 51 98596-2603,https://maps.google.com/?cid=8777911390938639163&g_mp=CiVnb29nbGUubWFwcy5wbGFjZXMudjEuUGxhY2VzLkdldFBsYWNlEAIYBCAA,2026-09-16,,,,,
ChIJ0wN_xE15GZUR6XmCUCQxtnU,Twin Games,"Rua Jaime Telles, 62 - Sl 101 - Petrópolis, Porto Alegre - RS, 90460-030, Brazil",Porto Alegre,busca_automatica,nome,outro,point_of_interest;association_or_organization;establishment,5,1,OPERATIONAL,2026-06-28,sim,https://twingames.com.br/,,,https://maps.google.com/?cid=8482020980238219753&g_mp=CiVnb29nbGUubWFwcy5wbGFjZXMudjEuUGxhY2VzLkdldFBsYWNlEAIYBCAA,2026-09-01,,,,,
ChIJQZTAXgh5GZUREobgHwJtGJ4,Vídeo Game Porto Alegre,"Av. Alberto Bins, 308 - Sl 12 - Centro Histórico, Porto Alegre - RS, 90030-140, Brazil",Porto Alegre,busca_automatica,nome,loja,store;point_of_interest;establishment,4.5,156,OPERATIONAL,,inconclusivo,https://www.videogameportoalegre.com.br/,,+55 51 98299-2876,https://maps.google.com/?cid=11391975113325839890&g_mp=CiVnb29nbGUubWFwcy5wbGFjZXMudjEuUGxhY2VzLkdldFBsYWNlEAIYBCAA,2026-09-16,,,,,
ChIJBWiCAwBfzpQR3y8JZajZyuI,Lendario Card Games,"Av. Celso Garcia, 4367 - Tatuapé, São Paulo - SP, 03063-000, Brazil",São Paulo,busca_automatica,nome,loja,point_of_interest;store;establishment,4.9,70,OPERATIONAL,,inconclusivo,http://lendariocardgames.com.br/,,,https://maps.google.com/?cid=16342113515140100063&g_mp=CiVnb29nbGUubWFwcy5wbGFjZXMudjEuUGxhY2VzLkdldFBsYWNlEAIYBCAA,2026-09-16,,,,,
ChIJU7q_hVEfqwcRxNkeHJ-woKI,Caverna do Dragão Card Shop,"Av. Conselheiro Aguiar, 4880 - loja 35 - térreo - Boa Viagem, Recife - PE, 51021-020, Brazil",Recife,busca_automatica,nome,loja,toy_store;point_of_interest;store;establishment,4.9,96,OPERATIONAL,,inconclusivo,https://www.cavernadodragaocardshop.com.br/,,+55 81 98977-5504,https://maps.google.com/?cid=11718560427836103108&g_mp=CiVnb29nbGUubWFwcy5wbGFjZXMudjEuUGxhY2VzLkdldFBsYWNlEAIYBCAA,2026-09-16,,,,,
ChIJrU2D9bkYqwcRMw5QIH_W93Y,Doutor Game,"R. Ijuí, 293 - Torrões, Recife - PE, 50640-070, Brazil",Recife,busca_automatica,nome,loja,electronics_store;store;service;point_of_interest;establishment,4.8,1369,OPERATIONAL,,inconclusivo,http://www.doutorgame.com.br/,,+55 81 98676-3169,https://maps.google.com/?cid=8572556257214336563&g_mp=CiVnb29nbGUubWFwcy5wbGFjZXMudjEuUGxhY2VzLkdldFBsYWNlEAIYBCAA,2026-09-16,,,,,
ChIJk41d7DsfqwcR5-mZtALjDGI,Game Station - RioMar Shopping,"Av. República do Líbano, 251 - Pina, Recife - PE, 51110-160, Brazil",Recife,busca_automatica,nome,loja,video_arcade;bowling_alley;department_store;amusement_park;park;sports_complex;amusement_center;store;sports_activity_location;point_of_interest;establishment,4.4,3301,OPERATIONAL,2022-08-19,inconclusivo,http://gamestation.com.br/bowling.php,,+55 81 3032-3981,https://maps.google.com/?cid=7065271516196891111&g_mp=CiVnb29nbGUubWFwcy5wbGFjZXMudjEuUGxhY2VzLkdldFBsYWNlEAIYBCAA,2026-09-01,,,,,
ChIJNeYc0h4fqwcR4F0JqfKlFeI,Game Station - Shopping Recife,"R. Padre Carapuceiro, 777 - Boa Viagem, Recife - PE, 51020-900, Brazil",Recife,busca_automatica,nome,outro,shopping_mall;amusement_center;point_of_interest;establishment,4.4,2505,OPERATIONAL,2024-12-01,inconclusivo,http://www.shoppingrecife.com.br/,,+55 81 3326-8420,https://maps.google.com/?cid=16291109688719269344&g_mp=CiVnb29nbGUubWFwcy5wbGFjZXMudjEuUGxhY2VzLkdldFBsYWNlEAIYBCAA,2026-09-01,,,,,
ChIJ_a-TajsfqwcRYx_m7yVBtUg,GameBox - RioMar Recife,"Av. República Árabe Unida, 251 - Pina, Recife - PE, 51110-160, Brazil",Recife,busca_automatica,nome,outro,point_of_interest;service;establishment,4.5,52,OPERATIONAL,2026-06-15,sim,https://www.gamestation.com.br/index.php,,,https://maps.google.com/?cid=5239165372709871459&g_mp=CiVnb29nbGUubWFwcy5wbGFjZXMudjEuUGxhY2VzLkdldFBsYWNlEAIYBCAA,2026-09-01,,,,,
ChIJNZezaecZqwcRheMGrY5Eh20,Geek Shop Brasil,"Rua Conselheiro Portela, 655 - Sl 108 - Aflitos, Recife - PE, 52020-512, Brazil",Recife,busca_automatica,nome,loja,store;point_of_interest;establishment,5,23,OPERATIONAL,,inconclusivo,http://mypcards.com/geek,,+55 81 99667-3749,https://maps.google.com/?cid=7892352251569038213&g_mp=CiVnb29nbGUubWFwcy5wbGFjZXMudjEuUGxhY2VzLkdldFBsYWNlEAIYBCAA,2026-09-16,,,,,
ChIJXTlPZ08aqwcRxSWVMwAP0ug,Império dos Games,"Av. Dr. Belminio Correia, 924 - Bairro Novo do Carmelo, Camaragibe - PE, 54762-303, Brazil",Recife,busca_automatica,nome,loja,store;point_of_interest;establishment,4.3,211,OPERATIONAL,,inconclusivo,,,+55 81 3456-1291,https://maps.google.com/?cid=16776488055448348101&g_mp=CiVnb29nbGUubWFwcy5wbGFjZXMudjEuUGxhY2VzLkdldFBsYWNlEAIYBCAA,2026-09-16,,,,,
ChIJ3aOySD8fqwcRM5jPRigh9jk,L.B GAMES,"R. Padre Carapuceiro, 800 - Boa Viagem, Recife - PE, 51020-000, Brazil",Recife,busca_automatica,nome,loja,store;point_of_interest;establishment,4.5,112,OPERATIONAL,,inconclusivo,https://www.instagram.com/l_b_games?igsh=MXRyZnp6a3Vza3pteg==,l_b_games,+55 81 99926-2692,https://maps.google.com/?cid=4176562161303132211&g_mp=CiVnb29nbGUubWFwcy5wbGFjZXMudjEuUGxhY2VzLkdldFBsYWNlEAIYBCAA,2026-09-16,,,,,
ChIJO2IblLgZqwcRLC2EATBjs64,Loja UltraCombo Games,"Av. Dantas Barreto, 897 - São José, Recife - PE, 50020-000, Brazil",Recife,busca_automatica,nome,loja,video_arcade;store;point_of_interest;establishment,4.7,29,OPERATIONAL,,inconclusivo,http://www.instagram.com/ultracombogames,ultracombogames,+55 81 98400-3741,https://maps.google.com/?cid=12588514441265687852&g_mp=CiVnb29nbGUubWFwcy5wbGFjZXMudjEuUGxhY2VzLkdldFBsYWNlEAIYBCAA,2026-09-16,,,,,
ChIJATzw3kMVqwcRdQoRnaNMsVE,Loja dos games,"R. MANOEL DE BARROS, 1215 - Planalto, Abreu e Lima - PE, 53550-725, Brazil",Recife,busca_automatica,nome,outro,association_or_organization;point_of_interest;establishment,,0,OPERATIONAL,,inconclusivo,,,,https://maps.google.com/?cid=5886570453548468853&g_mp=CiVnb29nbGUubWFwcy5wbGFjZXMudjEuUGxhY2VzLkdldFBsYWNlEAIYBCAA,2026-09-16,,,,,
ChIJeSyfsJEYqwcR69zU77zoFkE,Magic Center Recife,"Condomínio do Edificio Pessoa de Melo - Av. Conde da Boa Vista, 50 - Sl 105 - Boa Vista, Recife - PE, 50060-004, Brazil",Recife,busca_automatica,nome,loja,movie_rental;book_store;toy_store;clothing_store;service;point_of_interest;store;establishment,4.1,415,OPERATIONAL,,inconclusivo,https://www.instagram.com/magiccenterrecife/,magiccenterrecife,+55 81 98470-3176,https://maps.google.com/?cid=4690191960128150763&g_mp=CiVnb29nbGUubWFwcy5wbGFjZXMudjEuUGxhY2VzLkdldFBsYWNlEAIYBCAA,2026-09-16,,,,,
ChIJV6LiHPcYqwcRlz0JRjCWbnE,Mano's Games,"frente ao china 48 delivery - Rua Conselheiro Portela, 665 - Lj 05 De - Espinheiro, Recife - PE, 52020-020, Brazil",Recife,busca_automatica,nome,loja,store;point_of_interest;establishment,4.7,66,OPERATIONAL,2026-08-07,sim,,,+55 81 3427-2326,https://maps.google.com/?cid=8173635507801636247&g_mp=CiVnb29nbGUubWFwcy5wbGFjZXMudjEuUGxhY2VzLkdldFBsYWNlEAIYBCAA,2026-09-01,,,,,
ChIJoc8aVEcZqwcRMQnI0iA1_XY,Mesa RPG,"R. Hermílio Gomes, 189 - casa B - Campo Grande, Recife - PE, 52031-020, Brazil",Recife,busca_automatica,nome,outro,association_or_organization;point_of_interest;establishment,,0,OPERATIONAL,,inconclusivo,http://www.mesarpg.com.br/,,+55 81 99728-1949,https://maps.google.com/?cid=8574067680674842929&g_mp=CiVnb29nbGUubWFwcy5wbGFjZXMudjEuUGxhY2VzLkdldFBsYWNlEAIYBCAA,2026-09-16,,,,,
ChIJJ216gWsbqwcRgjCwj5wYp-0,Mochila Geek,"Av. Dr. Belmino Correia, 2318 - Timbi, Camaragibe - PE, 54762-303, Brazil",Recife,busca_automatica,nome,loja,toy_store;store;point_of_interest;establishment,4.9,147,OPERATIONAL,2026-05-19,sim,http://www.mochilageek.com.br/,,+55 81 99798-2885,https://maps.google.com/?cid=17124683168804253826&g_mp=CiVnb29nbGUubWFwcy5wbGFjZXMudjEuUGxhY2VzLkdldFBsYWNlEAIYBCAA,2026-09-01,,,,,
ChIJ-duHVp-ExIsR5QYbFeGBcLU,Pyro Geek Store - Loja Geek,"Av. Dezessete de Agosto, 1161 - Lj 03 - Casa Forte, Recife - PE, 52061-080, Brazil",Recife,busca_automatica,nome,loja,store;point_of_interest;establishment,5,5,OPERATIONAL,,inconclusivo,http://instagram.com/pyrogeekstore,pyrogeekstore,+55 81 99987-6076,https://maps.google.com/?cid=13074092521978267365&g_mp=CiVnb29nbGUubWFwcy5wbGFjZXMudjEuUGxhY2VzLkdldFBsYWNlEAIYBCAA,2026-09-16,,,,,
ChIJa3u7y6YZqwcRNXudThA0wVc,QBGEEK,"R. da Hora, 345 - Lj 14 - Espinheiro, Recife - PE, 52020-010, Brazil",Recife,busca_automatica,nome,outro,shopping_mall;point_of_interest;establishment,5,48,OPERATIONAL,,inconclusivo,,,+55 81 98263-7882,https://maps.google.com/?cid=6323392596447951669&g_mp=CiVnb29nbGUubWFwcy5wbGFjZXMudjEuUGxhY2VzLkdldFBsYWNlEAIYBCAA,2026-09-16,,,,,
ChIJT2cQ8WwfqwcRt0YgYzfsFlY,RPG & Coffee,"Av. Conselheiro Aguiar, 4880 - sala 22 - Boa Viagem, Recife - PE, 51021-020, Brazil",Recife,busca_automatica,nome,alimentos_bebidas,coffee_shop;food_store;cafe;store;food;point_of_interest;establishment,5,73,OPERATIONAL,2026-05-24,sim,http://rpgecoffee.com.br/,,+55 81 99541-8897,https://maps.google.com/?cid=6203405259379852983&g_mp=CiVnb29nbGUubWFwcy5wbGFjZXMudjEuUGxhY2VzLkdldFBsYWNlEAIYBCAA,2026-09-01,,,,,
ChIJeUSEjrkYqwcRl3gXQXsmECQ,Top Games,"R. Camboa do Carmo, 43 - Santo Antônio, Recife - PE, 50010-390, Brazil",Recife,busca_automatica,nome,loja,store;service;point_of_interest;establishment,4.1,141,OPERATIONAL,,inconclusivo,,,+55 81 3037-0224,https://maps.google.com/?cid=2598619295807666327&g_mp=CiVnb29nbGUubWFwcy5wbGFjZXMudjEuUGxhY2VzLkdldFBsYWNlEAIYBCAA,2026-09-16,,,,,
ChIJhea7H1MZqwcRqVxPaqvCs1k,Top Games - Shopping Plaza Casa Forte,"R. Dr. João Santos Filho - Parnamirim, Recife - PE, 52060-615, Brazil",Recife,busca_automatica,nome,loja,store;point_of_interest;establishment,4.3,29,OPERATIONAL,,inconclusivo,,,+55 81 3299-4139,https://maps.google.com/?cid=6463723931685575849&g_mp=CiVnb29nbGUubWFwcy5wbGFjZXMudjEuUGxhY2VzLkdldFBsYWNlEAIYBCAA,2026-09-16,,,,,
ChIJhWa9WcY9qwcRWkOkmgNvWfM,Torres do Dragão,"R. Sessenta e Quatro, 156 - Maranguape I, Paulista - PE, 53441-240, Brazil",Recife,busca_automatica,avaliacao,loja,store;point_of_interest;establishment,4.2,5,OPERATIONAL,2026-08-30,sim,,,+55 81 99763-3141,https://maps.google.com/?cid=17535168685413778266&g_mp=CiVnb29nbGUubWFwcy5wbGFjZXMudjEuUGxhY2VzLkdldFBsYWNlEAIYBCAA,2026-09-01,,,,,
ChIJt8GjZMcYqwcRUtE5E44Yhwg,Trade Games,"R. Imperatriz Teresa Cristina, 254 - Boa Vista, Recife - PE, 50060-120, Brazil",Recife,busca_automatica,nome,loja,store;point_of_interest;establishment,4.9,37,OPERATIONAL,,inconclusivo,,,+55 81 98706-2227,https://maps.google.com/?cid=614486872646340946&g_mp=CiVnb29nbGUubWFwcy5wbGFjZXMudjEuUGxhY2VzLkdldFBsYWNlEAIYBCAA,2026-09-16,,,,,
ChIJSTIV-KIfqwcROAjEHdlnidY,UNIGAMES,"R. Padre Carapuceiro, 777 - Lj PC159 - Boa Viagem, Recife - PE, 51020-280, Brazil",Recife,busca_automatica,nome,loja,electronics_store;store;point_of_interest;establishment,4.6,376,OPERATIONAL,,inconclusivo,https://lojasunigames.com.br/lojas-fisicas/,,+55 81 98891-2358,https://maps.google.com/?cid=15459001378130888760&g_mp=CiVnb29nbGUubWFwcy5wbGFjZXMudjEuUGxhY2VzLkdldFBsYWNlEAIYBCAA,2026-09-16,,,,,
ChIJ-wTWYac9qwcRyXowXrwQI8U,UNIGAMES PATTEO,"R. Carmelita Muniz de Araújo, 225 - Lj 1085 - Casa Caiada, Olinda - PE, 53130-645, Brazil",Recife,busca_automatica,nome,loja,cell_phone_store;electronics_store;store;point_of_interest;service;establishment,4.4,243,OPERATIONAL,,inconclusivo,https://lojasunigames.com.br/,,+55 81 3431-1481,https://maps.google.com/?cid=14205216050876807881&g_mp=CiVnb29nbGUubWFwcy5wbGFjZXMudjEuUGxhY2VzLkdldFBsYWNlEAIYBCAA,2026-09-16,,,,,
ChIJlcJzpK0ZqwcRsxKaaA1uaek,UNIGAMES TACARUNA,"Av. Gov. Agamenon Magalhães, 153 - Lj 346A - Santo Amaro, Recife - PE, 50110-000, Brazil",Recife,busca_automatica,nome,loja,store;point_of_interest;establishment,4.6,354,OPERATIONAL,,inconclusivo,http://instagram.com/unigames_lojas/,unigames_lojas,+55 81 3221-0255,https://maps.google.com/?cid=16819095287260385971&g_mp=CiVnb29nbGUubWFwcy5wbGFjZXMudjEuUGxhY2VzLkdldFBsYWNlEAIYBCAA,2026-09-16,,,,,
ChIJUy7C57UYqwcRp40EuKppzF8,Uniao Dos Games,"R. Josefa Paes de Carvalho, N° 40 - Santo Antônio, Recife - PE, 50010-370, Brazil",Recife,busca_automatica,nome,loja,store;point_of_interest;establishment,4.6,85,OPERATIONAL,,inconclusivo,https://www.instagram.com/uniaodosgames?igsh=OWcweGxiZHczajc3,uniaodosgames,+55 81 98523-3871,https://maps.google.com/?cid=6903008510804790695&g_mp=CiVnb29nbGUubWFwcy5wbGFjZXMudjEuUGxhY2VzLkdldFBsYWNlEAIYBCAA,2026-09-16,,,,,
ChIJq6qRzLnhqgcRSK28MQl1DPU,Unigames Guararapes,"Av. Barreto de Menezes, 800 - 240 - Piedade, Jaboatão dos Guararapes - PE, 54410-100, Brazil",Recife,busca_automatica,nome,loja,store;point_of_interest;establishment,4.5,213,OPERATIONAL,,inconclusivo,http://lojasunigames.com.br/,,+55 81 3080-2343,https://maps.google.com/?cid=17657616921362476360&g_mp=CiVnb29nbGUubWFwcy5wbGFjZXMudjEuUGxhY2VzLkdldFBsYWNlEAIYBCAA,2026-09-16,,,,,
ChIJvW6OLYR_mQARfQmlE90hmt0,ANCIENT GAMES,"STAND 3 & 4 - Av. Rio Branco, 156 - 2° ANDAR LOJA 221 - Centro, Rio de Janeiro - RJ, 20040-003, Brazil",Rio de Janeiro,busca_automatica,nome,loja,electronics_store;point_of_interest;store;establishment,5,225,OPERATIONAL,,inconclusivo,,,+55 21 97721-4286,https://maps.google.com/?cid=15968112662196586877&g_mp=CiVnb29nbGUubWFwcy5wbGFjZXMudjEuUGxhY2VzLkdldFBsYWNlEAIYBCAA,2026-09-16,,,,,
ChIJAWisXifZmwARK6etc2ICR9Y,Arcadia Games,"Estr. do Gabinal, 313 - Lj 170 - Freguesia (Jacarepaguá), Rio de Janeiro - RJ, 22760-151, Brazil",Rio de Janeiro,busca_automatica,nome,loja,store;point_of_interest;establishment,5,11,OPERATIONAL,,inconclusivo,http://www.arcadiagames.com.br/,,+55 21 96604-6403,https://maps.google.com/?cid=15440312469333845803&g_mp=CiVnb29nbGUubWFwcy5wbGFjZXMudjEuUGxhY2VzLkdldFBsYWNlEAIYBCAA,2026-09-16,,,,,
ChIJ7UwihgtwmQARd_GtVTEV5Zw,Bar Do K.B. Ludo,"R. Lêda - Jardim Leal, Duque de Caxias - RJ, 25035-550, Brazil",Rio de Janeiro,busca_automatica,nome+avaliacao,alimentos_bebidas,bar;point_of_interest;establishment,5,17,OPERATIONAL,2023-10-13,inconclusivo,,,,https://maps.google.com/?cid=11305465741218541943&g_mp=CiVnb29nbGUubWFwcy5wbGFjZXMudjEuUGxhY2VzLkdldFBsYWNlEAIYBCAA,2026-09-01,,,,,
ChIJA7jlA899mQARAEFLCN4b2oI,Bolsa do Infinito,"Rua Conde de Bonfim, 685 - Lj D Galeria - Tijuca, Rio de Janeiro - RJ, 20520-052, Brazil",Rio de Janeiro,lista_manual,,loja,store;point_of_interest;establishment,4.8,221,OPERATIONAL,2026-03-22,sim,http://www.bolsadoinfinito.com.br/,,+55 21 3082-5091,https://maps.google.com/?cid=9428879410289393920&g_mp=CiVnb29nbGUubWFwcy5wbGFjZXMudjEuUGxhY2VzLkdldFBsYWNlEAIYBCAA,2026-09-01,,,,,
ChIJGTvSWgCDmQARyu8hVg-kaSw,Bubble Planet - Lanchonete e Cardgames,"Av. Roberto Silveira, 349 - loja 103 - Icaraí, Niterói - RJ, 24230-152, Brazil",Rio de Janeiro,busca_automatica,nome,alimentos_bebidas,snack_bar;meal_takeaway;toy_store;store;restaurant;food;point_of_interest;establishment,4.6,28,OPERATIONAL,2026-08-03,sim,https://www.instagram.com/bubbleplanetofficial,bubbleplanetofficial,+55 21 97404-4276,https://maps.google.com/?cid=3200269395999977418&g_mp=CiVnb29nbGUubWFwcy5wbGFjZXMudjEuUGxhY2VzLkdldFBsYWNlEAIYBCAA,2026-09-01,,,,,
ChIJP3B-ZrJkmQARg8kuYENy-5c,CARDS OF PARADISE,"Av. Meriti, 908 - Vila da Penha, Rio de Janeiro - RJ, 21211-006, Brazil",Rio de Janeiro,busca_automatica,nome,loja,toy_store;store;point_of_interest;establishment,4.7,507,OPERATIONAL,2025-04-01,inconclusivo,https://www.cardsofparadise.com.br/,,+55 21 99985-8001,https://maps.google.com/?cid=10951472552583547267&g_mp=CiVnb29nbGUubWFwcy5wbGFjZXMudjEuUGxhY2VzLkdldFBsYWNlEAIYBCAA,2026-09-01,,,,,
ChIJZU59azp9mQAR8Eb3G_GlySg,Dom Luderia,"Rua Tompson Flores, 148 - Méier, Rio de Janeiro - RJ, 20710-090, Brazil",Rio de Janeiro,busca_automatica,nome,loja,store;point_of_interest;establishment,,0,OPERATIONAL,,inconclusivo,https://dom-luderia-elxy1.lojaintegrada.com.br/,,+55 21 2147-0827,https://maps.google.com/?cid=2939062686810851056&g_mp=CiVnb29nbGUubWFwcy5wbGFjZXMudjEuUGxhY2VzLkdldFBsYWNlEAIYBCAA,2026-09-01,,,,,
ChIJk4ZqIH1_mQARrByPymrpe7E,Donna Gastrobar,"R. Dezenove de Fevereiro, 165 - Botafogo, Rio de Janeiro - RJ, 22280-030, Brazil",Rio de Janeiro,busca_automatica,avaliacao,alimentos_bebidas,gastropub;bar;restaurant;point_of_interest;food;establishment,4.5,99,OPERATIONAL,2026-07-25,sim,http://www.donnagastrobar.com/,,+55 21 98384-8831,https://maps.google.com/?cid=12789072211722837164&g_mp=CiVnb29nbGUubWFwcy5wbGFjZXMudjEuUGxhY2VzLkdldFBsYWNlEAIYBCAA,2026-09-01,,,,,
ChIJhQ1Ksl1_mQARKDcGcKyiysE,Fan Games,"Av: presidente Vargas, 633 - sala 1002 - Centro, Rio de Janeiro - RJ, 20071-004, Brazil",Rio de Janeiro,busca_automatica,nome,loja,store;point_of_interest;establishment,4.7,44,OPERATIONAL,,inconclusivo,https://www.fangamesrj.com.br/,,,https://maps.google.com/?cid=13964152456113174312&g_mp=CiVnb29nbGUubWFwcy5wbGFjZXMudjEuUGxhY2VzLkdldFBsYWNlEAIYBCAA,2026-09-16,,,,,
ChIJNZEzHZfhmwARJ9z8yFGQ9TY,GOOD GAMË,"Estr. do Mendanha, 646 - Lj B - Campo Grande, Rio de Janeiro - RJ, 23087-285, Brazil",Rio de Janeiro,busca_automatica,nome,loja,store;point_of_interest;establishment,4.3,28,OPERATIONAL,,inconclusivo,http://www.ggtcg.com.br/,,+55 21 3268-7959,https://maps.google.com/?cid=3960230128280984615&g_mp=CiVnb29nbGUubWFwcy5wbGFjZXMudjEuUGxhY2VzLkdldFBsYWNlEAIYBCAA,2026-09-16,,,,,
ChIJ-Ycyz4V_mQARA1w6hmRwoYs,Gamelândia,"Laranjeiras Mall - R. das Laranjeiras, 29 - 109 - Laranjeiras, Rio de Janeiro - RJ, 22240-000, Brazil",Rio de Janeiro,busca_automatica,nome,loja,toy_store;store;point_of_interest;establishment,3.3,135,OPERATIONAL,,inconclusivo,,,+55 21 2225-5909,https://maps.google.com/?cid=10061446619573410819&g_mp=CiVnb29nbGUubWFwcy5wbGFjZXMudjEuUGxhY2VzLkdldFBsYWNlEAIYBCAA,2026-09-16,,,,,
ChIJB8cDIEV_mQARrPUJZvnve2I,Gamelândia,"Rua Lauro Müller, 116 - Piso 3, C49 - Botafogo, Rio de Janeiro - RJ, 22290-160, Brazil",Rio de Janeiro,busca_automatica,nome,loja,toy_store;store;point_of_interest;establishment,2.7,23,OPERATIONAL,,inconclusivo,https://www.instagram.com/gamelandiabrinquedos/?hl=en,gamelandiabrinquedos,+55 21 98299-2743,https://maps.google.com/?cid=7096529492290172332&g_mp=CiVnb29nbGUubWFwcy5wbGFjZXMudjEuUGxhY2VzLkdldFBsYWNlEAIYBCAA,2026-09-16,,,,,
ChIJdxW77h3ZmwARRryMjduYQU0,Games Xbox vendas,"Av. das Lagoas, Apto 303 - Gardênia Azul, Rio de Janeiro - RJ, 22765-451, Brazil",Rio de Janeiro,busca_automatica,nome,outro,association_or_organization;point_of_interest;establishment,5,1,OPERATIONAL,,inconclusivo,,,+55 21 96821-4000,https://maps.google.com/?cid=5566898683146714182&g_mp=CiVnb29nbGUubWFwcy5wbGFjZXMudjEuUGxhY2VzLkdldFBsYWNlEAIYBCAA,2026-09-16,,,,,
ChIJ-Zxhm_N_mQARzLleIr1gixE,Geek Beer Commerce,"R. Barão de Itapagipe - Rio Comprido, Rio de Janeiro - RJ, 20261-005, Brazil",Rio de Janeiro,busca_automatica,nome,loja,store;point_of_interest;establishment,4.9,17,OPERATIONAL,,inconclusivo,,,+55 21 99116-5101,https://maps.google.com/?cid=1264210485849274828&g_mp=CiVnb29nbGUubWFwcy5wbGFjZXMudjEuUGxhY2VzLkdldFBsYWNlEAIYBCAA,2026-09-16,,,,,
ChIJ_20ww0LZmwARHjZmY0uwR9I,Goblin Hero Store,"Estr. do Gabinal, 313 - Lj 176 A - Freguesia (Jacarepaguá), Rio de Janeiro - RJ, 22760-151, Brazil",Rio de Janeiro,ambas,avaliacao,loja,store;point_of_interest;establishment,5,59,OPERATIONAL,2026-07-04,sim,https://www.goblinherostore.com.br/,,+55 21 99331-0182,https://maps.google.com/?cid=15152273309148001822&g_mp=CiVnb29nbGUubWFwcy5wbGFjZXMudjEuUGxhY2VzLkdldFBsYWNlEAIYBCAA,2026-09-01,,,,,
ChIJU1AIvR3ZmwARX3zXn0JdzWg,In Bar Ludus Garage,"Estr. dos Três Rios, 506 - Freguesia (Jacarepaguá), Rio de Janeiro - RJ, 22745-005, Brazil",Rio de Janeiro,busca_automatica,avaliacao,loja,store;point_of_interest;establishment,5,8,OPERATIONAL,2026-04-13,sim,,,+55 21 99309-4473,https://maps.google.com/?cid=7551794690901113951&g_mp=CiVnb29nbGUubWFwcy5wbGFjZXMudjEuUGxhY2VzLkdldFBsYWNlEAIYBCAA,2026-09-01,,,,,
ChIJacpesF1_mQARYkxnwkecPwQ,Jiraya Games - Animes & Colecionáveis,"Mercado Popular Uruguaiana - R. Uruguaiana, S/N - Quadra B, BOX-103 - Centro, Rio de Janeiro - RJ, 20050-094, Brazil",Rio de Janeiro,busca_automatica,nome,loja,toy_store;store;point_of_interest;establishment,4.8,101,OPERATIONAL,,inconclusivo,https://www.instagram.com/jiraya_games/,jiraya_games,+55 21 98524-5207,https://maps.google.com/?cid=306135131702643810&g_mp=CiVnb29nbGUubWFwcy5wbGFjZXMudjEuUGxhY2VzLkdldFBsYWNlEAIYBCAA,2026-09-16,,,,,
ChIJ90Gs_9rVmwAReA7MnIyPLTE,Luderia Carioca,"R. do Catete, 62 - Catete, Rio de Janeiro - RJ, 22220-000, Brazil",Rio de Janeiro,busca_automatica,nome,loja,point_of_interest;store;establishment,4.7,212,OPERATIONAL,2026-07-19,sim,http://www.luderiacarioca.com/,,+55 21 97354-8602,https://maps.google.com/?cid=3543646315899260536&g_mp=CiVnb29nbGUubWFwcy5wbGFjZXMudjEuUGxhY2VzLkdldFBsYWNlEAIYBCAA,2026-09-01,,,,,
ChIJKxJKAE9_mQARtFODs33OfmA,Luderia Carioca,"R. do Catete, 62 - Catete, Rio de Janeiro - RJ, 22220-000, Brazil",Rio de Janeiro,busca_automatica,nome,loja,store;point_of_interest;establishment,4,1,OPERATIONAL,2026-07-23,sim,http://luderiacarioca.acervodejogos.com.br/,,+55 21 98388-3621,https://maps.google.com/?cid=6953221913984586676&g_mp=CiVnb29nbGUubWFwcy5wbGFjZXMudjEuUGxhY2VzLkdldFBsYWNlEAIYBCAA,2026-09-01,,,,,
ChIJYzHxUhR-mQARpqVtYD9th0c,Magic Store Brazil,"R. Teodoro da Silva, 240 - Vila Isabel, Rio de Janeiro - RJ, 20520-051, Brazil",Rio de Janeiro,busca_automatica,nome,loja,book_store;toy_store;point_of_interest;store;establishment,4.7,465,OPERATIONAL,,inconclusivo,http://www.magicstorebrasil.com.br/,,+55 21 3570-0076,https://maps.google.com/?cid=5154208417516987814&g_mp=CiVnb29nbGUubWFwcy5wbGFjZXMudjEuUGxhY2VzLkdldFBsYWNlEAIYBCAA,2026-09-16,,,,,
ChIJfQ_RV2CDmQARVhMDnz-4tkk,Mana Tap Jogos,"Av. Ernani do Amaral Peixoto, 370/110 - Centro, Niterói - RJ, 24020-076, Brazil",Rio de Janeiro,busca_automatica,nome,loja,store;point_of_interest;establishment,4.5,54,OPERATIONAL,,inconclusivo,https://www.manatap.com.br/?view=ecom/home,,+55 21 99502-2240,https://maps.google.com/?cid=5311635393920308054&g_mp=CiVnb29nbGUubWFwcy5wbGFjZXMudjEuUGxhY2VzLkdldFBsYWNlEAIYBCAA,2026-09-16,,,,,
ChIJGYdpMY-BmQARDlBzJxdvyv0,Mundo Mágico Store,"Praça Sen. Salgado Filho, s/n - Centro, Rio de Janeiro - RJ, 20021-340, Brazil",Rio de Janeiro,busca_automatica,nome,loja,toy_store;store;point_of_interest;establishment,4.3,12,OPERATIONAL,,inconclusivo,,,+55 21 99769-4112,https://maps.google.com/?cid=18287551382128119822&g_mp=CiVnb29nbGUubWFwcy5wbGFjZXMudjEuUGxhY2VzLkdldFBsYWNlEAIYBCAA,2026-09-16,,,,,
ChIJ-ZRKtFiDmQARX4W1txy7eik,Nikiti Jogos,"Alameda João Batista, 30 - Icaraí, Niterói - RJ, 24230-330, Brazil",Rio de Janeiro,busca_automatica,nome+avaliacao,loja,store;point_of_interest;establishment,4.9,31,OPERATIONAL,2026-04-18,sim,http://nikitijogos.com/,,+55 21 98108-5882,https://maps.google.com/?cid=2988907034729350495&g_mp=CiVnb29nbGUubWFwcy5wbGFjZXMudjEuUGxhY2VzLkdldFBsYWNlEAIYBCAA,2026-09-01,,,,,
ChIJmVSogGB_mQARDPgisDzxnhw,Planeta dos Games,"Av. Rio Branco 156 - Loja 224 Stand 03 - Centro, Rio de Janeiro - RJ, 20040-003, Brazil",Rio de Janeiro,busca_automatica,nome,loja,cell_phone_store;electronics_store;point_of_interest;store;establishment,5,4,OPERATIONAL,,inconclusivo,https://www.boadica.com.br/planetagames,,+55 21 96580-2450,https://maps.google.com/?cid=2062350922337679372&g_mp=CiVnb29nbGUubWFwcy5wbGFjZXMudjEuUGxhY2VzLkdldFBsYWNlEAIYBCAA,2026-09-16,,,,,
ChIJTf-5Vgt_mQAR7vMwKeg0jFA,Play Games 156,"Av. Rio Branco, 156 - Lj 214 - stand 09 - Centro, Rio de Janeiro - RJ, 20040-003, Brazil",Rio de Janeiro,busca_automatica,nome,loja,electronics_store;store;point_of_interest;establishment,4.7,23,OPERATIONAL,,inconclusivo,,,+55 21 99514-7406,https://maps.google.com/?cid=5804072191501857774&g_mp=CiVnb29nbGUubWFwcy5wbGFjZXMudjEuUGxhY2VzLkdldFBsYWNlEAIYBCAA,2026-09-16,,,,,
ChIJvXtOFNqDmQARo9nf7HpT6Z4,Player 2 - Jogos de Tabuleiro e Videogame Retrô,"R. Dr. Paulo César, 333 - Sl 301 - Santa Rosa, Niterói - RJ, 24240-000, Brazil",Rio de Janeiro,ambas,nome,outro,point_of_interest;association_or_organization;establishment,5,13,OPERATIONAL,2026-08-08,sim,https://www.player2niteroi.com/,,+55 21 99884-2182,https://maps.google.com/?cid=11450775314991405475&g_mp=CiVnb29nbGUubWFwcy5wbGFjZXMudjEuUGxhY2VzLkdldFBsYWNlEAIYBCAA,2026-09-01,,,,,
ChIJR027YxB-mQARNQF8yHujAtI,Point HQ,"Rua Conde de Bonfim, 685 - Sl 214 - Tijuca, Rio de Janeiro - RJ, 20520-052, Brazil",Rio de Janeiro,busca_automatica,avaliacao,loja,book_store;store;point_of_interest;establishment,4.5,203,OPERATIONAL,2026-03-17,sim,,,+55 21 99437-0280,https://maps.google.com/?cid=15132837449958162741&g_mp=CiVnb29nbGUubWFwcy5wbGFjZXMudjEuUGxhY2VzLkdldFBsYWNlEAIYBCAA,2026-09-01,,,,,
ChIJ1SAzAGF_mQARQgP-yrPBxbQ,RED jogos,"Av. Treze de Maio, 23 - sala 533 - Centro, Rio de Janeiro - RJ, 20031-902, Brazil",Rio de Janeiro,ambas,nome+avaliacao,loja,point_of_interest;association_or_organization;store;establishment,4.7,800,OPERATIONAL,2025-10-01,inconclusivo,http://www.redjogos.com.br/,,+55 21 3174-2222,https://maps.google.com/?cid=13026030475187979074&g_mp=CiVnb29nbGUubWFwcy5wbGFjZXMudjEuUGxhY2VzLkdldFBsYWNlEAIYBCAA,2026-09-01,,,,,
ChIJVVXxbmF_mQARw6gi7RmipBk,Rio Games,"R. Sen. Dantas, 71 - Sl 1205 - Centro, Rio de Janeiro - RJ, 20031-202, Brazil",Rio de Janeiro,busca_automatica,nome,loja,store;point_of_interest;establishment,,0,OPERATIONAL,,inconclusivo,,,+55 13 2398-6202,https://maps.google.com/?cid=1847779979365099715&g_mp=CiVnb29nbGUubWFwcy5wbGFjZXMudjEuUGxhY2VzLkdldFBsYWNlEAIYBCAA,2026-09-16,,,,,
ChIJl4L7Lg2DmQAR4gBZHrupFC4,TabuLoja,"R. Newton Prado, 29 - Santa Rosa, Niterói - RJ, 24240-004, Brazil",Rio de Janeiro,triagem_manual,,outro,point_of_interest;association_or_organization;establishment,5,12,OPERATIONAL,,inconclusivo,https://www.tabuloja.com/,,+55 21 98027-0536,https://maps.google.com/?cid=3320465446412026082&g_mp=CiVnb29nbGUubWFwcy5wbGFjZXMudjEuUGxhY2VzLkdldFBsYWNlEAIYBCAA,2026-09-16,sim,,,,
ChIJwfCNegCPmQARqfRes6rIOB4,Taverna de Avalon Geek Store,"Av. Carlos Mariguella - Inoã, Maricá - RJ, 24942-395, Brazil",Rio de Janeiro,busca_automatica,nome,loja,toy_store;store;point_of_interest;establishment,5,53,OPERATIONAL,,inconclusivo,https://tavernadeavalon.com.br/,,+55 21 96981-5030,https://maps.google.com/?cid=2177711055312975017&g_mp=CiVnb29nbGUubWFwcy5wbGFjZXMudjEuUGxhY2VzLkdldFBsYWNlEAIYBCAA,2026-09-16,,,,,
ChIJUwuKe0TRmwARHR_JRwG9Nwk,Universal Card Shop - Downtown Barra,"Av. das Américas, 500 - Bloco 20, Loja 125 - Barra da Tijuca, Rio de Janeiro - RJ, 22640-100, Brazil",Rio de Janeiro,busca_automatica,nome,loja,toy_store;store;point_of_interest;establishment,4.5,41,OPERATIONAL,,inconclusivo,https://www.universalcardshop.com.br/,,+55 21 97665-7147,https://maps.google.com/?cid=664207283257417501&g_mp=CiVnb29nbGUubWFwcy5wbGFjZXMudjEuUGxhY2VzLkdldFBsYWNlEAIYBCAA,2026-09-16,,,,,
ChIJ_cv0FwB_mQARkbW8bdLx99w,Vinoteca do Visconde Restaurante,"R. Visc. de Caravelas, 121 - Botafogo, Rio de Janeiro - RJ, 22271-041, Brazil",Rio de Janeiro,busca_automatica,avaliacao,alimentos_bebidas,restaurant;food;point_of_interest;establishment,4.9,546,OPERATIONAL,2026-08-08,sim,http://www.vinotecadovisconde.com.br/,,+55 21 97447-4565,https://maps.google.com/?cid=15922460893678187921&g_mp=CiVnb29nbGUubWFwcy5wbGFjZXMudjEuUGxhY2VzLkdldFBsYWNlEAIYBCAA,2026-09-01,,,,,
ChIJcSAAO0nhmwARkq55-ID_q2I,Xadrez Botticelli / Jaehrig / Chess King,"R. Mirtes Gomes, 14 - Senador Camará, Rio de Janeiro - RJ, 23010-050, Brazil",Rio de Janeiro,busca_automatica,avaliacao,loja,store;point_of_interest;establishment,4.8,22,OPERATIONAL,2024-03-13,inconclusivo,http://www.chessking.com.br/,,+55 21 99043-4130,https://maps.google.com/?cid=7110057366124080786&g_mp=CiVnb29nbGUubWFwcy5wbGFjZXMudjEuUGxhY2VzLkdldFBsYWNlEAIYBCAA,2026-09-01,,,,,
ChIJI4Fkbz0bFgcRokxrQ1W40FI,Bahia Games,"Av. Tancredo Neves, 274 - Bloco A Sala 209 - Caminho das Árvores, Salvador - BA, 41820-020, Brazil",Salvador,busca_automatica,nome,loja,store;service;point_of_interest;establishment,4.5,1068,OPERATIONAL,,inconclusivo,http://bahiagames.com.br/,,+55 71 98270-7021,https://maps.google.com/?cid=5967472182608743586&g_mp=CiVnb29nbGUubWFwcy5wbGFjZXMudjEuUGxhY2VzLkdldFBsYWNlEAIYBCAA,2026-09-16,,,,,
ChIJiUmqX5wbFgcRXN1MqVacj28,CasadoGamer,"iguatemi Shopping da Gente no téreo loja128 - Av. Antônio Carlos Magalhães, 4591 - Brotas, Salvador - BA, 40280-901, Brazil",Salvador,busca_automatica,nome,loja,electronics_store;store;point_of_interest;establishment,5,53,OPERATIONAL,,inconclusivo,https://www.instagram.com/casa_dogamer_/,casa_dogamer_,+55 71 99377-4551,https://maps.google.com/?cid=8038815755901132124&g_mp=CiVnb29nbGUubWFwcy5wbGFjZXMudjEuUGxhY2VzLkdldFBsYWNlEAIYBCAA,2026-09-16,,,,,
ChIJ1wYyoJwbFgcRGp5ymEMevGw,FIRE - Games e Festa Gamer,"Shopping da Bahia - Av. Tancredo Neves, 148 - 4º Piso - Caminho das Árvores, Salvador - BA, 41820-020, Brazil",Salvador,busca_automatica,nome,loja,banquet_hall;event_venue;association_or_organization;store;service;point_of_interest;establishment,4.5,99,OPERATIONAL,,inconclusivo,https://www.instagram.com/fire.salvador/,fire.salvador,+55 71 99962-0180,https://maps.google.com/?cid=7835170727387110938&g_mp=CiVnb29nbGUubWFwcy5wbGFjZXMudjEuUGxhY2VzLkdldFBsYWNlEAIYBCAA,2026-09-16,,,,,
ChIJwSZdhRwbFgcRLKgYBABeJEQ,Game Station,"Av. Tancredo Neves, 3133 - Loja 3001, Piso L3 - Caminho das Árvores, Salvador - BA, 41820-021, Brazil",Salvador,busca_automatica,nome,outro,amusement_park;point_of_interest;establishment,4.2,1219,OPERATIONAL,,inconclusivo,https://www.gamestation.com.br/,,+55 71 3342-7691,https://maps.google.com/?cid=4910152847902418988&g_mp=CiVnb29nbGUubWFwcy5wbGFjZXMudjEuUGxhY2VzLkdldFBsYWNlEAIYBCAA,2026-09-16,,,,,
ChIJ_YOROK8QFgcR4-vk3gUcjaw,Gamepólitan,"Av. Luís Viana Filho, 1590 - Itapuã, Salvador - BA, 41730-101, Brazil",Salvador,busca_automatica,nome,outro,event_venue;hotel;lodging;point_of_interest;establishment,4.2,222,OPERATIONAL,2018-12-27,inconclusivo,http://gamepolitan.com.br/,,+55 71 98815-8997,https://maps.google.com/?cid=12433624957779766243&g_mp=CiVnb29nbGUubWFwcy5wbGFjZXMudjEuUGxhY2VzLkdldFBsYWNlEAIYBCAA,2026-09-01,,,,,
ChIJnaSy0Z0bFgcREAL6m7PrajA,Marcos Brito Game Designer,"R. Eugênio Ribeiro - Doron, Salvador - BA, 41194-120, Brazil",Salvador,busca_automatica,nome,outro,association_or_organization;point_of_interest;establishment,,0,OPERATIONAL,,inconclusivo,,,+55 71 99163-0951,https://maps.google.com/?cid=3488860018000396816&g_mp=CiVnb29nbGUubWFwcy5wbGFjZXMudjEuUGxhY2VzLkdldFBsYWNlEAIYBCAA,2026-09-01,,,,,
ChIJV1s3wNMaFgcRYPQGS1HoO9Y,Soft & Games,"R. Marquês de Maricá - Pau Miúdo, Salvador - BA, 40310-000, Brazil",Salvador,busca_automatica,nome,loja,store;point_of_interest;establishment,4.7,247,OPERATIONAL,,inconclusivo,https://www.instagram.com/softgamesba/,softgamesba,+55 71 99201-5686,https://maps.google.com/?cid=15437187583591248992&g_mp=CiVnb29nbGUubWFwcy5wbGFjZXMudjEuUGxhY2VzLkdldFBsYWNlEAIYBCAA,2026-09-16,,,,,
ChIJ-UmVDcEXFgcRnbCBRUGrDVs,São Jogue - Paralela,"Av. Luís Viana Filho, 8544 - Alphaville, Salvador - BA, 41730-101, Brazil",Salvador,busca_automatica,nome,alimentos_bebidas,snack_bar;meal_takeaway;restaurant;food;point_of_interest;establishment,4.8,16,OPERATIONAL,2026-04-05,sim,,,+55 71 99298-5046,https://maps.google.com/?cid=6561088528976031901&g_mp=CiVnb29nbGUubWFwcy5wbGFjZXMudjEuUGxhY2VzLkdldFBsYWNlEAIYBCAA,2026-09-01,,,,,
ChIJ91iE_UsbFgcRIoJGpNT8QNg,Vix Games Toys Rental,"Condomínio Edifício Jardim Versailes - Alameda dos Jasmins, 176 - Candeal, Salvador - BA, 40296-200, Brazil",Salvador,busca_automatica,nome,loja,toy_store;store;point_of_interest;establishment,4.4,9,OPERATIONAL,,inconclusivo,https://vixgames.com.br/,,+55 71 3351-4267,https://maps.google.com/?cid=15582732700921266722&g_mp=CiVnb29nbGUubWFwcy5wbGFjZXMudjEuUGxhY2VzLkdldFBsYWNlEAIYBCAA,2026-09-16,,,,,
ChIJyzOdkZBnzpQRgrkQrV8p52s,Arcade 80 - Game Lounge,"R. Fontoura Xavier, 1314 - Itaquera, São Paulo - SP, 08295-300, Brazil",São Paulo,busca_automatica,nome,alimentos_bebidas,video_arcade;snack_bar;meal_takeaway;association_or_organization;restaurant;point_of_interest;food;establishment,5,60,OPERATIONAL,2026-08-02,sim,http://www.arcade80.com.br/,,+55 11 92472-7575,https://maps.google.com/?cid=7775228772580637058&g_mp=CiVnb29nbGUubWFwcy5wbGFjZXMudjEuUGxhY2VzLkdldFBsYWNlEAIYBCAA,2026-09-01,,,,,
ChIJoXwLEp1fzpQR4DU1dGki6VQ,Arcade Haus - Tatuapé,"R. Euclides Pacheco, 483 - Vila Gomes Cardim, São Paulo - SP, 03321-000, Brazil",São Paulo,busca_automatica,avaliacao,outro,amusement_park;amusement_center;point_of_interest;establishment,4.9,88,OPERATIONAL,2026-07-23,sim,,,+55 11 5641-1720,https://maps.google.com/?cid=6118459405076084192&g_mp=CiVnb29nbGUubWFwcy5wbGFjZXMudjEuUGxhY2VzLkdldFBsYWNlEAIYBCAA,2026-09-01,,,,,
ChIJYTHwWgBbzpQRFenbJdM5cxU,Arena BG | Jogos de Tabuleiro | Hamburgueria,"R. Lino Coutinho, 1791 - Ipiranga, São Paulo - SP, 04207-002, Brazil",São Paulo,busca_automatica,nome+avaliacao,alimentos_bebidas,hamburger_restaurant;cocktail_bar;bar;american_restaurant;restaurant;point_of_interest;association_or_organization;store;food;establishment,4.8,145,OPERATIONAL,2026-08-08,sim,https://arenabg.com.br/,,+55 11 91504-1212,https://maps.google.com/?cid=1545642676154263829&g_mp=CiVnb29nbGUubWFwcy5wbGFjZXMudjEuUGxhY2VzLkdldFBsYWNlEAIYBCAA,2026-09-01,,,,,
ChIJP8bhwsRZzpQRO4LP-se7Y6k,Barba Games,"Av. Paulista, 726 - Sl 1202 - Bela Vista, São Paulo - SP, 01310-910, Brazil",São Paulo,busca_automatica,nome,loja,point_of_interest;store;establishment,4.9,831,OPERATIONAL,,inconclusivo,https://barbagames.com/,,+55 53 99924-2158,https://maps.google.com/?cid=12205805882684965435&g_mp=CiVnb29nbGUubWFwcy5wbGFjZXMudjEuUGxhY2VzLkdldFBsYWNlEAIYBCAA,2026-09-16,,,,,
ChIJq3IYM2VZzpQRi5svNs0EGg0,Berserkrjogos,"R. Cel. Frias, 304 - Vila Monumento, São Paulo - SP, 01552-010, Brazil",São Paulo,busca_automatica,nome,loja,point_of_interest;store;establishment,4.5,11,OPERATIONAL,,inconclusivo,https://www.berserkrjogos.com/,,+55 11 94844-9585,https://maps.google.com/?cid=944072351311436683&g_mp=CiVnb29nbGUubWFwcy5wbGFjZXMudjEuUGxhY2VzLkdldFBsYWNlEAIYBCAA,2026-09-16,,,,,
ChIJgQ8cOR-gVyYR79Nr8ppdhEw,Cabo de Guerra Jogos,"R. Miraguai, 521 - Granja Carolina, Cotia - SP, 06700-190, Brazil",São Paulo,busca_automatica,nome,outro,association_or_organization;point_of_interest;establishment,5,12,OPERATIONAL,,inconclusivo,https://www.cabodeguerrajogos.com.br/,,+55 11 91512-9730,https://maps.google.com/?cid=5513634763881829359&g_mp=CiVnb29nbGUubWFwcy5wbGFjZXMudjEuUGxhY2VzLkdldFBsYWNlEAIYBCAA,2026-09-16,,,,,
ChIJrT_EWwBZzpQRGAZzptZbtsY,Cartola Luderia Bar,"R. Dr. Siqueira Campos, 42 - Liberdade, São Paulo - SP, 01153-000, Brazil",São Paulo,busca_automatica,nome+avaliacao,alimentos_bebidas,bar;point_of_interest;establishment,4.7,242,OPERATIONAL,2026-08-04,sim,,,+55 11 98818-6051,https://maps.google.com/?cid=14318733042744755736&g_mp=CiVnb29nbGUubWFwcy5wbGFjZXMudjEuUGxhY2VzLkdldFBsYWNlEAIYBCAA,2026-09-01,,,,,
ChIJF9j3OCRbzpQRkk74_QtOk_0,Coletivo Geek,"Alameda dos Nhambiquaras, 2013 - Moema, São Paulo - SP, 04090-013, Brazil",São Paulo,busca_automatica,nome+avaliacao,alimentos_bebidas,business_center;hamburger_restaurant;cocktail_bar;coffee_shop;cafe;bar;food_store;american_restaurant;restaurant;food;store;point_of_interest;service;establishment,4.7,477,OPERATIONAL,2024-11-30,inconclusivo,https://linktr.ee/coletivogeekbr,,+55 11 91332-5962,https://maps.google.com/?cid=18272033926584749714&g_mp=CiVnb29nbGUubWFwcy5wbGFjZXMudjEuUGxhY2VzLkdldFBsYWNlEAIYBCAA,2026-09-01,,,,,
ChIJ7_DDAlH1zpQRJVJ0UHnItH8,Covil Game Bar,"Rua do Saboó, 12 - Jardim Barbosa, Guarulhos - SP, 07111-030, Brazil",São Paulo,busca_automatica,nome,alimentos_bebidas,bar;point_of_interest;establishment,4.6,1714,OPERATIONAL,2024-07-15,inconclusivo,https://www.facebook.com/covilgb/,,+55 11 95021-1461,https://maps.google.com/?cid=9202200361991164453&g_mp=CiVnb29nbGUubWFwcy5wbGFjZXMudjEuUGxhY2VzLkdldFBsYWNlEAIYBCAA,2026-09-01,,,,,
ChIJ3SSHFIVZzpQROFCQyQ174H0,Domain Games,"R. Domingos de Morais, 1837 - Vila Mariana, São Paulo - SP, 04009-003, Brazil",São Paulo,busca_automatica,nome+avaliacao,loja,toy_store;store;point_of_interest;establishment,4.4,2052,OPERATIONAL,2022-10-03,inconclusivo,http://www.magicdomain.com.br/,,+55 11 5084-9864,https://maps.google.com/?cid=9070384948670648376&g_mp=CiVnb29nbGUubWFwcy5wbGFjZXMudjEuUGxhY2VzLkdldFBsYWNlEAIYBCAA,2026-09-01,,,,,
ChIJ5fezD7BZzpQRrccO-Yml3V0,Dominaria Cards & Games,"R. Dr. Siqueira Campos, 307 - Liberdade, São Paulo - SP, 01509-020, Brazil",São Paulo,busca_automatica,nome,loja,store;point_of_interest;establishment,4.7,68,OPERATIONAL,,inconclusivo,https://www.dominariacgsp.com.br/,,+55 11 3208-4004,https://maps.google.com/?cid=6763744227387951021&g_mp=CiVnb29nbGUubWFwcy5wbGFjZXMudjEuUGxhY2VzLkdldFBsYWNlEAIYBCAA,2026-09-16,,,,,
ChIJ9SkRAaNZzpQRvKN5crM-sQk,Duel Shop Games,"R. Castro Alves, 31 - Loja14 - Liberdade, São Paulo - SP, 01532-000, Brazil",São Paulo,busca_automatica,nome,loja,toy_store;store;point_of_interest;establishment,4.4,605,OPERATIONAL,,inconclusivo,http://duelshop.com.br/,,+55 11 2495-8207,https://maps.google.com/?cid=698408357659780028&g_mp=CiVnb29nbGUubWFwcy5wbGFjZXMudjEuUGxhY2VzLkdldFBsYWNlEAIYBCAA,2026-09-16,,,,,
ChIJiZJ_DnIDz5QRaVafFCXGkUE,Dungeon Games Store,"R. Duque de Caxias, 317 - Loja 4, 2º Subsolo - Centro, Barueri - SP, 06401-010, Brazil",São Paulo,busca_automatica,nome,alimentos_bebidas,hamburger_restaurant;toy_store;coffee_shop;cafe;food_store;american_restaurant;restaurant;food;store;point_of_interest;association_or_organization;establishment,4.9,217,OPERATIONAL,,inconclusivo,https://www.dungeongamesstore.com.br/,,+55 11 97062-0040,https://maps.google.com/?cid=4724775346650437225&g_mp=CiVnb29nbGUubWFwcy5wbGFjZXMudjEuUGxhY2VzLkdldFBsYWNlEAIYBCAA,2026-09-16,,,,,
ChIJN3xqoKlZzpQR-64Cv9fqOdo,Epic Game,"R. da Glória, 117 - Liberdade, São Paulo - SP, 01510-001, Brazil",São Paulo,busca_automatica,nome+avaliacao,loja,toy_store;store;association_or_organization;point_of_interest;establishment,4.5,3460,OPERATIONAL,2026-01-18,inconclusivo,http://www.epicgame.com.br/,,+55 11 3101-5259,https://maps.google.com/?cid=15724857786284289787&g_mp=CiVnb29nbGUubWFwcy5wbGFjZXMudjEuUGxhY2VzLkdldFBsYWNlEAIYBCAA,2026-09-01,,,,,
ChIJXbP37X1RzpQRZPCh6OsX9IM,"Expresso Board Games | Jogos de Tabuleiro - Board Games, Card Games & Acessórios","Rua Euclides Stoffel de Lima, 56 - Vila Cruzeiro, São Paulo - SP, 04726-050, Brazil",São Paulo,busca_automatica,nome,loja,association_or_organization;store;point_of_interest;establishment,5,208,OPERATIONAL,2024-11-22,inconclusivo,https://www.expressoboardgames.com.br/,,+55 11 99293-0446,https://maps.google.com/?cid=9508251015273640036&g_mp=CiVnb29nbGUubWFwcy5wbGFjZXMudjEuUGxhY2VzLkdldFBsYWNlEAIYBCAA,2026-09-01,,,,,
ChIJ_aN4OAxXzpQR0UH63sAeVCA,Fan Hour Games and Burgers,"R. Artur de Azevedo, 898 - Pinheiros, São Paulo - SP, 05404-002, Brazil",São Paulo,busca_automatica,nome,alimentos_bebidas,hamburger_restaurant;american_restaurant;restaurant;food;point_of_interest;establishment,4.5,2363,OPERATIONAL,2026-02-27,inconclusivo,http://www.fanhour.com.br/,,+55 11 3063-2070,https://maps.google.com/?cid=2329520720980885969&g_mp=CiVnb29nbGUubWFwcy5wbGFjZXMudjEuUGxhY2VzLkdldFBsYWNlEAIYBCAA,2026-09-01,,,,,
ChIJa3UsDhRczpQRPPSuDl6acO8,"Flow Games - Burgers, Cards & Comunidade","Rua Dona Genoveva D'Ascoli, 17 - Vila Prudente, São Paulo - SP, 03132-070, Brazil",São Paulo,busca_automatica,nome+avaliacao,alimentos_bebidas,hamburger_restaurant;american_restaurant;toy_store;restaurant;point_of_interest;association_or_organization;store;food;establishment,4.6,503,OPERATIONAL,2024-03-20,inconclusivo,https://www.flowstore.com.br/,,+55 11 91475-3637,https://maps.google.com/?cid=17253459901220320316&g_mp=CiVnb29nbGUubWFwcy5wbGFjZXMudjEuUGxhY2VzLkdldFBsYWNlEAIYBCAA,2026-09-01,,,,,
ChIJU4gvvaJXzpQR1SPX6E4t1jQ,Good Game E-Sports Bar,"R. Mourato Coelho, 992 - Pinheiros, São Paulo - SP, 05417-001, Brazil",São Paulo,busca_automatica,nome,alimentos_bebidas,sports_bar;juice_shop;hookah_bar;hamburger_restaurant;car_repair;american_restaurant;bar;restaurant;service;store;point_of_interest;food;establishment,4.2,1104,OPERATIONAL,2023-09-01,inconclusivo,http://www.ggesportsbar.com.br/,,+55 11 99933-2828,https://maps.google.com/?cid=3807280351925445589&g_mp=CiVnb29nbGUubWFwcy5wbGFjZXMudjEuUGxhY2VzLkdldFBsYWNlEAIYBCAA,2026-09-01,,,,,
ChIJYWaY5qhZzpQRmmO3L2JjaoE,Hotyugioh Cards & Toys,"R. Galvão Bueno, 40/44 - Lj 220 - Liberdade, São Paulo - SP, 01506-000, Brazil",São Paulo,busca_automatica,nome,loja,toy_store;store;point_of_interest;establishment,4.3,206,OPERATIONAL,,inconclusivo,https://www.instagram.com/lojahotyugioh?igsh=aTkyeWxscGt1eWoy,lojahotyugioh,+55 11 98352-0667,https://maps.google.com/?cid=9325375251782525850&g_mp=CiVnb29nbGUubWFwcy5wbGFjZXMudjEuUGxhY2VzLkdldFBsYWNlEAIYBCAA,2026-09-16,,,,,
ChIJw81FIxpdzpQRPUHcMmebUY0,Itabuleiros,"Av. Dr. Eduardo Cotching, 1495 - Vila Formosa, São Paulo - SP, 03356-001, Brazil",São Paulo,busca_automatica,nome+avaliacao,loja,point_of_interest;store;establishment,5,82,OPERATIONAL,2026-05-24,sim,http://www.itabuleiros.com.br/,,+55 11 99356-2991,https://maps.google.com/?cid=10183091099998634301&g_mp=CiVnb29nbGUubWFwcy5wbGFjZXMudjEuUGxhY2VzLkdldFBsYWNlEAIYBCAA,2026-09-01,,,,,
ChIJn7uU0RNbzpQRI4GI9KHOo_s,Jogasampa,"Alameda dos Anapurus, 1664 - Moema, São Paulo - SP, 04087-006, Brazil",São Paulo,busca_automatica,avaliacao,loja,store;point_of_interest;establishment,4.7,402,OPERATIONAL,2026-07-20,sim,https://www.jogasampa.com.br/,,+55 11 5096-6548,https://maps.google.com/?cid=18132563719711392035&g_mp=CiVnb29nbGUubWFwcy5wbGFjZXMudjEuUGxhY2VzLkdldFBsYWNlEAIYBCAA,2026-09-01,,,,,
ChIJdfJPFaVRzpQRy3NieWEkGLo,Jogos Bonitos,"Av. Rouxinol, 431 - Moema, São Paulo - SP, 04516-000, Brazil",São Paulo,busca_automatica,nome,loja,store;point_of_interest;establishment,5,51,OPERATIONAL,,inconclusivo,https://jogosbonitos.acervodejogos.com.br/,,+55 11 91310-7659,https://maps.google.com/?cid=13409507891562574795&g_mp=CiVnb29nbGUubWFwcy5wbGFjZXMudjEuUGxhY2VzLkdldFBsYWNlEAIYBCAA,2026-09-16,,,,,
ChIJO8W2hThfzpQRjeWplqhAyKQ,Lendário Game Bar,"No mesmo prédio da Lendário Card Games - Av. Celso Garcia, 4367 - Tatuapé, São Paulo - SP, 03063-000, Brazil",São Paulo,busca_automatica,nome+avaliacao,alimentos_bebidas,hamburger_restaurant;american_restaurant;restaurant;food;point_of_interest;establishment,5,88,OPERATIONAL,2026-08-23,sim,,,,https://maps.google.com/?cid=11873811510388712845&g_mp=CiVnb29nbGUubWFwcy5wbGFjZXMudjEuUGxhY2VzLkdldFBsYWNlEAIYBCAA,2026-09-01,,,,,
ChIJ5a8Oem5XzpQRsTG-a8fQi0I,Ludoverso,"Praça Professora Emília Barbosa Lima, 32 - Vila Madalena, São Paulo - SP, 05448-070, Brazil",São Paulo,busca_automatica,nome+avaliacao,outro,association_or_organization;point_of_interest;establishment,4.9,36,OPERATIONAL,2025-01-18,inconclusivo,https://www.ludoverso.com.br/,,+55 11 91050-1337,https://maps.google.com/?cid=4795155783190720945&g_mp=CiVnb29nbGUubWFwcy5wbGFjZXMudjEuUGxhY2VzLkdldFBsYWNlEAIYBCAA,2026-09-01,,,,,
ChIJEbaEK_X1zpQR5zMLUPhrkUE,Légola Board Games,"Rua Thomaz Cyro Pozzi, pozzy, 564 - Vila Nova Carolina, São Paulo - SP, 02263-030, Brazil",São Paulo,busca_automatica,nome+avaliacao,outro,association_or_organization;point_of_interest;establishment,5,16,OPERATIONAL,2026-06-29,sim,http://legola.lends.com.br/,,+55 11 99690-4942,https://maps.google.com/?cid=4724676198327333863&g_mp=CiVnb29nbGUubWFwcy5wbGFjZXMudjEuUGxhY2VzLkdldFBsYWNlEAIYBCAA,2026-09-01,,,,,
ChIJAfog1rL5zpQRrkw6_F9zX3k,MTG Cards Games,"R. Valentim de Barros, 142 - Freguesia do Ó, São Paulo - SP, 02733-070, Brazil",São Paulo,busca_automatica,nome,loja,toy_store;store;point_of_interest;establishment,4.6,138,OPERATIONAL,,inconclusivo,https://www.mtgcardsgames.com.br/,,+55 11 2614-4238,https://maps.google.com/?cid=8745835857467559086&g_mp=CiVnb29nbGUubWFwcy5wbGFjZXMudjEuUGxhY2VzLkdldFBsYWNlEAIYBCAA,2026-09-16,,,,,
ChIJH_2Y3hhZzpQRugQWaocGzpU,MainDeck Card Games e Acessórios,"R. Galvão Bueno, 714 - 2º Andar - Liberdade, São Paulo - SP, 01506-000, Brazil",São Paulo,busca_automatica,nome,loja,toy_store;store;point_of_interest;establishment,4.7,137,OPERATIONAL,,inconclusivo,http://www.maindeck.com.br/,,+55 11 3796-6913,https://maps.google.com/?cid=10794572535523837114&g_mp=CiVnb29nbGUubWFwcy5wbGFjZXMudjEuUGxhY2VzLkdldFBsYWNlEAIYBCAA,2026-09-16,,,,,
ChIJyY3PwpX7zpQRxfkKlHJ59Jk,Nerdev - Jogos de Tabuleiro,"Rua Antônio Nápoli, 564 - Parada, São Paulo - SP, 02987-030, Brazil",São Paulo,busca_automatica,nome+avaliacao,loja,store;point_of_interest;establishment,5,2,OPERATIONAL,2026-03-03,inconclusivo,https://nerdev.com.br/,,+55 11 98975-2492,https://maps.google.com/?cid=11093625315137354181&g_mp=CiVnb29nbGUubWFwcy5wbGFjZXMudjEuUGxhY2VzLkdldFBsYWNlEAIYBCAA,2026-09-01,,,,,
ChIJST8r-n9bzpQRA5qbMN8HZ1w,Nerdforge,"R. Cuminapanema, 26 - Vila da Saúde, São Paulo - SP, 04145-060, Brazil",São Paulo,busca_automatica,nome,outro,association_or_organization;point_of_interest;establishment,5,22,OPERATIONAL,,inconclusivo,https://nerdforge.com.br/,,+55 11 99959-6193,https://maps.google.com/?cid=6658299229265172995&g_mp=CiVnb29nbGUubWFwcy5wbGFjZXMudjEuUGxhY2VzLkdldFBsYWNlEAIYBCAA,2026-09-16,,,,,
ChIJE43rt29ZzpQRnvADt6pXfto,OMNIVERSE,"Rua Comendador Eduardo Saccab, 180 - Brooklin, São Paulo - SP, 04601-070, Brazil",São Paulo,busca_automatica,avaliacao,loja,book_store;store;point_of_interest;establishment,4.8,1145,OPERATIONAL,2026-01-30,inconclusivo,https://www.omniverse.com.br/,,+55 11 93028-2784,https://maps.google.com/?cid=15744117738060378270&g_mp=CiVnb29nbGUubWFwcy5wbGFjZXMudjEuUGxhY2VzLkdldFBsYWNlEAIYBCAA,2026-09-01,,,,,
ChIJkWsGmd1czpQRGLydxc29vbw,Place Games,"R. Martim Francisco, 554 - Santa Paula, São Caetano do Sul - SP, 09541-330, Brazil",São Paulo,busca_automatica,nome+avaliacao,alimentos_bebidas,hamburger_restaurant;barbecue_restaurant;american_restaurant;restaurant;point_of_interest;association_or_organization;store;food;establishment,4.8,572,OPERATIONAL,2026-07-17,sim,http://www.placegames.com.br/,,+55 11 2311-2231,https://maps.google.com/?cid=13600235141210160152&g_mp=CiVnb29nbGUubWFwcy5wbGFjZXMudjEuUGxhY2VzLkdldFBsYWNlEAIYBCAA,2026-09-01,,,,,
ChIJO7xc2qZbzpQRfyZR6yK538I,Polar Jogos,"Alameda dos Nhambiquaras, 2013 - Moema, São Paulo - SP, 04090-013, Brazil",São Paulo,busca_automatica,nome+avaliacao,loja,toy_store;event_venue;service;store;point_of_interest;establishment,4.8,189,OPERATIONAL,2026-04-17,sim,http://polarjogos.com.br/,,+55 11 97677-7824,https://maps.google.com/?cid=14042145722792486527&g_mp=CiVnb29nbGUubWFwcy5wbGFjZXMudjEuUGxhY2VzLkdldFBsYWNlEAIYBCAA,2026-09-01,,,,,
ChIJZeLd3Nn3zpQRUACWDZ_zURE,Polvo Ludoteca,"R. Pedro Doll, 71 - Santana, São Paulo - SP, 02404-000, Brazil",São Paulo,busca_automatica,nome+avaliacao,outro,association_or_organization;point_of_interest;establishment,5,8,OPERATIONAL,2026-03-13,inconclusivo,https://www.polvoludoteca.com.br/,,+55 11 92018-3736,https://maps.google.com/?cid=1248046436211621968&g_mp=CiVnb29nbGUubWFwcy5wbGFjZXMudjEuUGxhY2VzLkdldFBsYWNlEAIYBCAA,2026-09-01,,,,,
ChIJxdfaXGNZzpQRhb1uhFqtZGU,Quiz Eventos,"R. Caiacanga, 168 - Mirandópolis, São Paulo - SP, 04051-040, Brazil",São Paulo,busca_automatica,nome+avaliacao,outro,point_of_interest;service;establishment,4.8,16,OPERATIONAL,2026-06-30,sim,http://www.quizeventos.com.br/,,+55 11 94035-3742,https://maps.google.com/?cid=7306155099782299013&g_mp=CiVnb29nbGUubWFwcy5wbGFjZXMudjEuUGxhY2VzLkdldFBsYWNlEAIYBCAA,2026-09-01,,,,,
ChIJQSTYYLVVzpQRYvXUW9v8NhU,Thutti Jogos,"R. Alfredo Xavier de Andrade, 152 - Jardim Esmeralda, São Paulo - SP, 05596-030, Brazil",São Paulo,busca_automatica,nome,outro,association_or_organization;point_of_interest;establishment,5,62,OPERATIONAL,,inconclusivo,http://www.thuttijogos.com.br/,,+55 11 91977-4500,https://maps.google.com/?cid=1528687142607582562&g_mp=CiVnb29nbGUubWFwcy5wbGFjZXMudjEuUGxhY2VzLkdldFBsYWNlEAIYBCAA,2026-09-16,,,,,
ChIJsU5BAwBRzpQRAgLVvqg68os,Tubaleria - Clube de Jogos de Tabuleiro e Hamburgueria,"R. Paul Valery, 76 - Chácara Santo Antônio (Zona Sul), São Paulo - SP, 04719-050, Brazil",São Paulo,busca_automatica,nome+avaliacao,alimentos_bebidas,hamburger_restaurant;coffee_shop;cafe;american_restaurant;food_store;association_or_organization;toy_store;store;restaurant;food;point_of_interest;establishment,5,99,OPERATIONAL,2026-08-08,sim,https://tubaleria.store/,,+55 11 93900-1667,https://maps.google.com/?cid=10084187012066509314&g_mp=CiVnb29nbGUubWFwcy5wbGFjZXMudjEuUGxhY2VzLkdldFBsYWNlEAIYBCAA,2026-09-01,,,,,
ChIJCx56LglXzpQRjsVd_C36FN4,UZ Games,"Av. Rebouças, 3970 - Pinheiros, São Paulo - SP, 05402-600, Brazil",São Paulo,busca_automatica,nome,loja,store;point_of_interest;establishment,4.1,251,OPERATIONAL,,inconclusivo,,,+55 11 3031-2721,https://maps.google.com/?cid=16002690451368691086&g_mp=CiVnb29nbGUubWFwcy5wbGFjZXMudjEuUGxhY2VzLkdldFBsYWNlEAIYBCAA,2026-09-16,,,,,
ChIJlStZGcJVzpQRxJQ6eTrWC84,Vaca Voadora Jogos,"Estr. Velha de Sorocaba, 763 - Cs 105 - Granja Viana, Cotia - SP, 06709-320, Brazil",São Paulo,busca_automatica,nome,outro,association_or_organization;point_of_interest;establishment,5,11,OPERATIONAL,,inconclusivo,https://vacavoadora.com.br/,,+55 11 92138-7045,https://maps.google.com/?cid=14847196143187301572&g_mp=CiVnb29nbGUubWFwcy5wbGFjZXMudjEuUGxhY2VzLkdldFBsYWNlEAIYBCAA,2026-09-16,,,,,
ChIJlQWSbbYHz5QRnKXlq0UOMGk,Vidabgames,"R. Ver. Nelson Joaquim da Silva, 204 - Lajeado, Cotia - SP, 06702-675, Brazil",São Paulo,busca_automatica,nome,outro,association_or_organization;point_of_interest;establishment,5,17,OPERATIONAL,,inconclusivo,http://vidabgames.lends.com.br/,,+55 11 94778-3456,https://maps.google.com/?cid=7579573865264031132&g_mp=CiVnb29nbGUubWFwcy5wbGFjZXMudjEuUGxhY2VzLkdldFBsYWNlEAIYBCAA,2026-09-16,,,,,
ChIJi5zbZadgzpQRIYeuK_eqQio,XPlace,"R. Jordânia, 32 - Vila Guilhermina, São Paulo - SP, 03543-000, Brazil",São Paulo,triagem_manual,,loja,toy_store;store;point_of_interest;establishment,4.7,795,OPERATIONAL,,inconclusivo,http://www.xplace.com.br/,,+55 11 3798-0230,https://maps.google.com/?cid=3045184276622378785&g_mp=CiVnb29nbGUubWFwcy5wbGFjZXMudjEuUGxhY2VzLkdldFBsYWNlEAIYBCAA,2026-09-16,sim,,,,
ChIJ7XGi3xIXuAARiTdzjnTSM8Q,A Rainha dos Dados,"R. Antônio Ataíde, 323 - Centro de Vila Velha, Vila Velha - ES, 29100-295, Brazil",Vitória,busca_automatica,avaliacao,alimentos_bebidas,association_or_organization;restaurant;food;point_of_interest;establishment,5,28,OPERATIONAL,2026-06-10,sim,https://www.instagram.com/arainhadosdados/,arainhadosdados,+55 27 99205-7387,https://maps.google.com/?cid=14137875053294073737&g_mp=CiVnb29nbGUubWFwcy5wbGFjZXMudjEuUGxhY2VzLkdldFBsYWNlEAIYBCAA,2026-09-01,,,,,
ChIJJSXMmvYXuAAR1_m2nqHu9zw,Cafezinho Lúdico - Board Games (somente jogos de tabuleiro),"R. Gelu Vervloet dos Santos, 280 - Jardim Camburi, Vitória - ES, 29090-100, Brazil",Vitória,busca_automatica,nome,loja,store;point_of_interest;establishment,,0,OPERATIONAL,,inconclusivo,,,,https://maps.google.com/?cid=4393242339443145175&g_mp=CiVnb29nbGUubWFwcy5wbGFjZXMudjEuUGxhY2VzLkdldFBsYWNlEAIYBCAA,2026-09-01,,,,,
ChIJ8UAbVQAXuAAR0qU-Q5RO4OU,Game Point - Shopping Vitória,"Av. Américo Buaiz, 200 - Enseada do Suá, Vitória - ES, 29050-420, Brazil",Vitória,busca_automatica,nome,outro,playground;point_of_interest;establishment,2,4,OPERATIONAL,2025-11-12,inconclusivo,https://www.instagram.com/gpplayvitoria?igsh=MXI2b3dqbjR2eDJmaA==,gpplayvitoria,,https://maps.google.com/?cid=16564325828158989778&g_mp=CiVnb29nbGUubWFwcy5wbGFjZXMudjEuUGxhY2VzLkdldFBsYWNlEAIYBCAA,2026-09-01,,,,,
ChIJm7OxcRAXuAAREcnuTC-9PtQ,Level 1 Games,"Masterplace mall - Av. Nossa Sra. da Penha, 2150 - Lj 57 C - Barro Vermelho, Vitória - ES, 29057-565, Brazil",Vitória,busca_automatica,nome,loja,point_of_interest;store;establishment,5,49,OPERATIONAL,,inconclusivo,https://www.level1games.com.br/,,+55 27 2142-2840,https://maps.google.com/?cid=15293869395448613137&g_mp=CiVnb29nbGUubWFwcy5wbGFjZXMudjEuUGxhY2VzLkdldFBsYWNlEAIYBCAA,2026-09-16,,,,,
ChIJ9_R9fMQXuAAROpd9sDcyE9k,MR Games Technical Assistance,"Avenida Nossa Senhora da Penha, 356 - Loja 11 - Piso 1 - Praia do Canto, Vitória - ES, 29055-131, Brazil",Vitória,busca_automatica,nome,loja,store;point_of_interest;service;establishment,4.6,296,OPERATIONAL,,inconclusivo,http://wa.me/5527988483506,,+55 27 3019-6299,https://maps.google.com/?cid=15641901145553475386&g_mp=CiVnb29nbGUubWFwcy5wbGFjZXMudjEuUGxhY2VzLkdldFBsYWNlEAIYBCAA,2026-09-16,,,,,
ChIJ7_r9xnMZuAARN1VAw1KnCcI,Machado Games,"Ed. Tropical Center, Torre B - Av. Des. Dermeval Lyrio, 640 - Sala 210 - Mata da Praia, Vitória - ES, 29065-340, Brazil",Vitória,busca_automatica,nome,loja,toy_store;electronics_store;store;point_of_interest;establishment,5,497,OPERATIONAL,,inconclusivo,http://www.machadogames.com.br/,,+55 27 98158-1200,https://maps.google.com/?cid=13981890492053345591&g_mp=CiVnb29nbGUubWFwcy5wbGFjZXMudjEuUGxhY2VzLkdldFBsYWNlEAIYBCAA,2026-09-16,,,,,
ChIJ9_R9fMQXuAARxW6KKJ-e1AU,Mario Games e Celulares,"Shopping Boulevard da Praia - Av. Nossa Sra. da Penha, 356 - Lj 35 Terreo - Praia do Canto, Vitória - ES, 29055-131, Brazil",Vitória,busca_automatica,nome,loja,electronics_store;store;point_of_interest;establishment,4.4,234,OPERATIONAL,,inconclusivo,http://www.olx.com.br/perfil/mario-games-blvd-7bbf3fb6,,+55 27 99271-9386,https://maps.google.com/?cid=420135071669448389&g_mp=CiVnb29nbGUubWFwcy5wbGFjZXMudjEuUGxhY2VzLkdldFBsYWNlEAIYBCAA,2026-09-16,,,,,
ChIJCQjbhkDWASUR619JgvbzdFs,Mesa & Dados RPG,"R. Basílio da Gama, 430 - Jardim Limoeiro, Serra - ES, 29164-355, Brazil",Vitória,busca_automatica,nome+avaliacao,outro,association_or_organization;point_of_interest;establishment,5,15,OPERATIONAL,2026-03-21,sim,https://www.instagram.com/mesaedados/,mesaedados,+55 27 99753-3183,https://maps.google.com/?cid=6590160394823229419&g_mp=CiVnb29nbGUubWFwcy5wbGFjZXMudjEuUGxhY2VzLkdldFBsYWNlEAIYBCAA,2026-09-01,,,,,
ChIJI00DNeIXuAAR6zsaUxQnV5s,Mito Games LTDA,"Condomínio do Edifício Nacap - Alameda Mari Ubirajara, 40 - sala 208 - Santa Lucia, Vitória - ES, 29056-030, Brazil",Vitória,busca_automatica,nome,outro,point_of_interest;service;establishment,4.8,19,OPERATIONAL,2018-08-26,inconclusivo,http://www.mitogames.com.br/,,+55 27 3025-1504,https://maps.google.com/?cid=11193458367099714539&g_mp=CiVnb29nbGUubWFwcy5wbGFjZXMudjEuUGxhY2VzLkdldFBsYWNlEAIYBCAA,2026-09-01,,,,,
ChIJr_hM6WQXuAARt-tsDdE1B7U,Mundo Geek Vitoria,"Shopping Vitória Shopping Vitória, 200 - Enseada do Suá, Vitória - ES, 29050-902, Brazil",Vitória,busca_automatica,nome,loja,point_of_interest;association_or_organization;service;store;establishment,4.8,13,OPERATIONAL,2026-04-11,sim,,,+55 27 99652-8158,https://maps.google.com/?cid=13044454017691610039&g_mp=CiVnb29nbGUubWFwcy5wbGFjZXMudjEuUGxhY2VzLkdldFBsYWNlEAIYBCAA,2026-09-01,,,,,
ChIJwdTqoR8YuAARAAa5RuP5_dM,Power Games Ltd.,"R. Cândido Ramos, 30 - Lj 03 - Jardim da Penha, Vitória - ES, 29060-090, Brazil",Vitória,busca_automatica,nome,loja,store;point_of_interest;establishment,4.3,167,OPERATIONAL,,inconclusivo,https://www.instagram.com/powershakeclub/,powershakeclub,+55 27 98822-6181,https://maps.google.com/?cid=15275640265650013696&g_mp=CiVnb29nbGUubWFwcy5wbGFjZXMudjEuUGxhY2VzLkdldFBsYWNlEAIYBCAA,2026-09-16,,,,,
ChIJqZUpBqMVuAAR6sqHOUcnhvM,Vila Geek,"Av. Saturnino Rangel Mauro, 1955 - Lj 4 - Praia de Itaparica, Vila Velha - ES, 29102-037, Brazil",Vitória,busca_automatica,nome,loja,toy_store;point_of_interest;store;establishment,4.8,72,OPERATIONAL,,inconclusivo,https://www.vilageekgames.com.br/,,+55 27 99713-2492,https://maps.google.com/?cid=17547756184957078250&g_mp=CiVnb29nbGUubWFwcy5wbGFjZXMudjEuUGxhY2VzLkdldFBsYWNlEAIYBCAA,2026-09-16,,,,,
ChIJbbYt8cwZuAAR2YTmcGXhsRw,Vila Geek Vitória,"R. Milton Ramalho Simões, 130 - Jardim Camburi, Vitória - ES, 29090-770, Brazil",Vitória,busca_automatica,nome,loja,point_of_interest;store;establishment,5,1,OPERATIONAL,,inconclusivo,http://www.vilageekvix.com.br/,,+55 27 99590-4572,https://maps.google.com/?cid=2067681529741870297&g_mp=CiVnb29nbGUubWFwcy5wbGFjZXMudjEuUGxhY2VzLkdldFBsYWNlEAIYBCAA,2026-09-16,,,,,
ChIJ2Rw1_KI9uAARzFm94YVkElk,Vitória Games,"Av. Jerônimo Monteiro, 793 - Centro, Vitória - ES, 29010-004, Brazil",Vitória,busca_automatica,nome,loja,store;point_of_interest;establishment,3.8,174,OPERATIONAL,,inconclusivo,https://vitoriagames.com.br/,,+55 27 3025-2146,https://maps.google.com/?cid=6418302945137088972&g_mp=CiVnb29nbGUubWFwcy5wbGFjZXMudjEuUGxhY2VzLkdldFBsYWNlEAIYBCAA,2026-09-16,,,,,
