place_id,nome,endereco,municipio,uf,capital_referencia,recorte_ibge,situacao
ChIJq92vt8sxpJQR-lNNTdp0RLQ,TABLE GAMES (Burgers),"Av. Cel. Belchior de Godói, 1330 - Santa Terezinha, Araguari - MG, 38447-218, Brazil",Araguari,MG,Belo Horizonte,Região Metropolitana de Belo Horizonte,fora_da_rm
ChIJCdEZv21PpJQRg6vLc_9tIcc,Mestre dos Jogos LudoBar,"R. João Balbino, 537 - Santa Mônica, Uberlândia - MG, 38408-265, Brazil",Uberlândia,MG,Belo Horizonte,Região Metropolitana de Belo Horizonte,fora_da_rm
ChIJzcQ9t_ND65QRqkeUm-aANaE,BoardGame in Box,"R. Raja Gabaglia, 326 - Quebec, Londrina - PR, 86060-190, Brazil",Londrina,PR,Curitiba,Região Metropolitana de Curitiba,fora_da_rm
ChIJN40KG6z645QR2XQSR2syQMY,Loja Happy Nerd,"R. Frei Edgar, 89 - Sl 05 - Centro, Joaçaba - SC, 89600-000, Brazil",Joaçaba,SC,Florianópolis,Região Metropolitana de Florianópolis,fora_da_rm
ChIJbd5rjOCx3pQRXkBpFSLvsOk,Grãomestre Boards & Brew,"R. Gothard Kaesemodel, 928 - Sala 2 - Anita Garibaldi, Joinville - SC, 89203-522, Brazil",Joinville,SC,Florianópolis,Região Metropolitana de Florianópolis,fora_da_rm
ChIJJe6LbmTP2JQRekuDVD0eEVA,Ludonave - Jogos e Drinks,"R. Osvaldo Schimitz, 26 - Gravatá, Navegantes - SC, 88372-706, Brazil",Navegantes,SC,Florianópolis,Região Metropolitana de Florianópolis,fora_da_rm
ChIJlR3mn93bYZMRP6xg5L4vg_M,Loja Fantasma Card Game Center,"Av. Jk, 140 - Q.02 L.35 SALA 2 - Res. Tocantins, Rio Verde - GO, 75909-456, Brazil",Rio Verde,GO,Goiânia,Região Metropolitana de Goiânia,fora_da_rm
ChIJpZbpu_zVBQcRuPFD4K5R8Co,Taverna: Game & Café,"R. Srg. Benevides Montes, 214 - Primavera, Arapiraca - AL, 57300-230, Brazil",Arapiraca,AL,Maceió,Região Metropolitana de Maceió,fora_da_rm
ChIJO9bPE0GdEZURRD6c41YpCRI,Beer & Boards,"R. Gen. Abreu, 342 - Cidade Nova, Rio Grande - RS, 96202-570, Brazil",Rio Grande,RS,Porto Alegre,Região Metropolitana de Porto Alegre,fora_da_rm
ChIJqUbogQucEZURHO-GUHAfDs4,Stop Games,"R. Dom Bosco, 484 - Cidade Nova, Rio Grande - RS, 96211-090, Brazil",Rio Grande,RS,Porto Alegre,Região Metropolitana de Porto Alegre,fora_da_rm
ChIJaWBHOg21lwARHT8gg8Y7xEg,Armazém dos Jogos,"R. Niterói, 580 - Jardim Mariléa, Rio das Ostras - RJ, 28895-547, Brazil",Rio das Ostras,RJ,Rio de Janeiro,Região Metropolitana do Rio de Janeiro,fora_da_rm
ChIJOxz30nqrOQcRX7Hke7sTIqQ,Brinquedoteca Sonho de Criança,"R. Pernambuco, 314 - Jardim Vitoria, Itabuna - BA, 45605-510, Brazil",Itabuna,BA,Salvador,Região Metropolitana de Salvador,fora_da_rm
ChIJ73mEeqQdzpQRKti9DbyjiWM,House Rules Ludobar,"Av. São Paulo, 614 - Boqueirão, Praia Grande - SP, 11701-380, Brazil",Praia Grande,SP,São Paulo,Região Metropolitana de São Paulo,fora_da_rm
ChIJ-emmf1YDzpQRC8b--AztRFM,Coala Games Locadora de Jogos de Tabuleiro,"Av. Mal. Deodoro, 73 - Gonzaga, Santos - SP, 11060-401, Brazil",Santos,SP,São Paulo,Região Metropolitana de São Paulo,fora_da_rm
ChIJ5xTjWy-zvZQRuKHrl2Evgl4,PlayCards,"R. Independência, 3861 - Vila Santo Antonio, São José do Rio Preto - SP, 15014-400, Brazil",São José do Rio Preto,SP,São Paulo,Região Metropolitana de São Paulo,fora_da_rm
ChIJfbpAYqzLyZQRNv5blbdB9Kk,Bardos Game Store,"R. Cel. Ernesto de Oliveira, 440 - Centro, São João da Boa Vista - SP, 13870-249, Brazil",São João da Boa Vista,SP,São Paulo,Região Metropolitana de São Paulo,fora_da_rm
ChIJKUt41jAltgARthoxe_e-_pY,Toca do Lobo - Locadora de Jogos Lúdicos,"R. Carlos Almeida Neto, nº 14 - quadra 15 - Juparanã, Linhares - ES, 29900-600, Brazil",Linhares,ES,Vitória,Região Metropolitana da Grande Vitória,fora_da_rm
ChIJlf0bweWtGgcRGD25GVdiVF4,"Jully Festas, Aluguel de Brinquedos Infláveis em Aracaju, Futebol de Sabão, Touro Mecânico, Tobogã, Escorrega…","Av. Boa Viagem, 809 - Santa Cecília, Nossa Sra. do Socorro - SE, 49160-000, Brazil",Nossa Sra. do Socorro,SE,Aracaju,Região Metropolitana de Aracaju,dentro_da_rm
ChIJjZAoSWazGgcRC0eKTbZyZp8,World Of Games,"Av. Moacir Oliveira - Marcos Freire I, Nossa Sra. do Socorro - SE, 49152-378, Brazil",Nossa Sra. do Socorro,SE,Aracaju,Região Metropolitana de Aracaju,dentro_da_rm
ChIJC0KRp9upGgcRKiF8-jF8FoY,Loja Geek Of Thrones,"R. Jose Manuel Xavier da Silva, 580 - Rosa Maria, São Cristóvão - SE, 49107-006, Brazil",São Cristóvão,SE,Aracaju,Região Metropolitana de Aracaju,dentro_da_rm
ChIJK-IiTfuVpgARx8rVtqv8c3g,Massula Nerd House,"R. Manoel João Diniz Camargos, 524 - Alvorada, Contagem - MG, 32042-220, Brazil",Contagem,MG,Belo Horizonte,Região Metropolitana de Belo Horizonte,dentro_da_rm
ChIJ_1Yngo-LpJIRj6otOv7kRn8,FANTASY GAMES - Assistência Técnica Especializada,"Passagem Jarbas Passarinho, 120 A - Atalaia, Ananindeua - PA, 66645-410, Brazil",Ananindeua,PA,Belém,Região Metropolitana de Belém,dentro_da_rm
ChIJld4etAH_3JQRw27WmOOZBgE,PsZ3D,"R. Goiabeira, 75 - Sobreloja - Eucaliptos, Fazenda Rio Grande - PR, 83820-527, Brazil",Fazenda Rio Grande,PR,Curitiba,Região Metropolitana de Curitiba,dentro_da_rm
ChIJrcZiZzfx3JQRojjx3qhX5xc,Modo Avião Board Games,"R. Anneliese Gellert Krigsner, 3202 - Iná, São José dos Pinhais - PR, 83065-470, Brazil",São José dos Pinhais,PR,Curitiba,Região Metropolitana de Curitiba,dentro_da_rm
ChIJ_S4eaAzx3JQRmGn0sZGSqts,SJPlay Board Games (Aluguel de Jogos de Tabuleiro em São José dos Pinhais),"Rua: Profª Lourdes Grutter Bonin, 1182 - Parque da Fonte, São José dos Pinhais - PR, 83050-140, Brazil",São José dos Pinhais,PR,Curitiba,Região Metropolitana de Curitiba,dentro_da_rm
ChIJoSChlA1JJ5URNj9RlBZxa6U,Caverna do Coelho | Aluguel de Jogos de Tabuleiro,"R. César Zuchinali, 12 - Serraria, São José - SC, 88115-210, Brazil",São José,SC,Florianópolis,Região Metropolitana de Florianópolis,dentro_da_rm
ChIJZyPjxFc3J5URCNnFhJDfz20,BRINCADICA BRINQUEDOTECA e CONTRATURNO,"R. Victor Meirelles, 600 - Sl 12 - TÉRREO, São José - SC, 88101-170, Brazil",São José,SC,Florianópolis,Região Metropolitana de Florianópolis,dentro_da_rm
ChIJJz8-gcY3J5URYdZrEXdHaAk,Cineplay- Restaurante e Jogos,"R. Getúlio Vargas, 362 - Centro, São José - SC, 88103-400, Brazil",São José,SC,Florianópolis,Região Metropolitana de Florianópolis,dentro_da_rm
ChIJ186St8s5J5URi82koubWJyU,De Casa Boardgames,"R. Pedro Gregório, 157 - Barreiros, São José - SC, 88117-335, Brazil",São José,SC,Florianópolis,Região Metropolitana de Florianópolis,dentro_da_rm
ChIJK8OwZi82J5UR5WnZNxqg1zQ,Loja Game e Cia - Informática,"R. Wanderlei Júnior, 256 - Shopping Camelão - Loja 167 - Campinas, São José - SC, 88101-010, Brazil",São José,SC,Florianópolis,Região Metropolitana de Florianópolis,dentro_da_rm
ChIJOV7SZY9JJ5URac0ZlEu2HYo,Offline Club - Aluguel de Jogos,"R. Ver. Mário Coelho Pires, 736 - Campinas, São José - SC, 88101-280, Brazil",São José,SC,Florianópolis,Região Metropolitana de Florianópolis,dentro_da_rm
ChIJK3WLgIJJJ5UR0l6znL1hD4w,Play Up Kids - Contraturno e Brinquedoteca,"R. Dom Pedro II, nº494 - Campinas, São José - SC, 88101-320, Brazil",São José,SC,Florianópolis,Região Metropolitana de Florianópolis,dentro_da_rm
ChIJISNOxQxJJ5UR1zgCl3TFoYM,Prime Games Shopping Itaguaçu,"R. Gerôncio Thives, 1079 - Barreiros, São José - SC, 88117-292, Brazil",São José,SC,Florianópolis,Região Metropolitana de Florianópolis,dentro_da_rm
ChIJnT4SINE3J5UR9ZzTUW8OnwM,Storm Card Games,"R. Ver. Arthur Manoel Mariano, 362 - Lj 01 - Forquilhinhas, São José - SC, 88106-500, Brazil",São José,SC,Florianópolis,Região Metropolitana de Florianópolis,dentro_da_rm
ChIJYaaRQxY3J5URP4z5l1MMX6c,Taberna dos Heróis,"R. Francisco Silveira Matos, 62 - Flor de Nápolis, São José - SC, 88106-505, Brazil",São José,SC,Florianópolis,Região Metropolitana de Florianópolis,dentro_da_rm
ChIJu_Xu7PpLxwcRc40wGJaXD_0,Game House SK,"R. Lindomar Castilho - Parque Soledade, Caucaia - CE, 61690, Brazil",Caucaia,CE,Fortaleza,Região Metropolitana de Fortaleza,dentro_da_rm
ChIJTauec15bxwcRgonUqiXj7JE,Jogai tabuleiria - Jogos de tabuleiro,"R. Ceará - Lot. Recanto do Eusébio, Eusébio - CE, 61777-288, Brazil",Eusébio,CE,Fortaleza,Região Metropolitana de Fortaleza,dentro_da_rm
ChIJ541nyd1JxwcRNzn2zaGyLWI,Up Serviços E Games,"Av. Padre José Holanda do Vale, 1590 - Piratininga, Maracanaú - CE, 61905-292, Brazil",Maracanaú,CE,Fortaleza,Região Metropolitana de Fortaleza,dentro_da_rm
ChIJtVrjGWdNxwcRpE1jKUW2pyw,Hack Cards&Games,"Praça Loteamento Mãe Rainha Pacatuba - Monguba, Pacatuba - CE, 61814-901, Brazil",Pacatuba,CE,Fortaleza,Região Metropolitana de Fortaleza,dentro_da_rm
ChIJGbkGXUL3XpMRfX0hiruyMDQ,RPG Alforts,"R. Doná Gercina Borges Teixeira, qd 27 - lt 21 - Bairro Ilda, Aparecida de Goiânia - GO, 74935-610, Brazil",Aparecida de Goiânia,GO,Goiânia,Região Metropolitana de Goiânia,dentro_da_rm
ChIJsT8pxUPxXpMReGQSBqX-LSI,Solo Sacred Cards,"R. H-34, Qd 172 - Lt 2A - Conj. Estrela do Sul, Aparecida de Goiânia - GO, 74936-020, Brazil",Aparecida de Goiânia,GO,Goiânia,Região Metropolitana de Goiânia,dentro_da_rm
ChIJL4AmPTr7XpMRKeZpbdZE0QU,Xerife Board Games - Aluguel de Jogos de Tabuleiro,"R. 506 - Jardim Mont Serrat, Aparecida de Goiânia - GO, 74917-350, Brazil",Aparecida de Goiânia,GO,Goiânia,Região Metropolitana de Goiânia,dentro_da_rm
ChIJnXpytm35sgcR4Va4hKRdd_Y,Diversão na Mesa - Aluguel de Jogos de Tabuleiro,"Av. Abel Cabral - Nova Parnamirim, Parnamirim - RN, 59151-250, Brazil",Parnamirim,RN,Natal,Região Metropolitana de Natal,dentro_da_rm
ChIJgdgE5CRzGZURnSZMmKHgiJ8,Tartaleiro Board Games,"R. Esperança, 235 - Barnabé, Gravataí - RS, 94150-050, Brazil",Gravataí,RS,Porto Alegre,Região Metropolitana de Porto Alegre,dentro_da_rm
ChIJRcoj20fVG5URBISzTJ70bH0,Masmorra Board Games,"Av. Brasilia, 258 - Coronel Nassuca, Guaíba - RS, 92701-710, Brazil",Guaíba,RS,Porto Alegre,Região Metropolitana de Porto Alegre,dentro_da_rm
ChIJATzw3kMVqwcRdQoRnaNMsVE,Loja dos games,"R. MANOEL DE BARROS, 1215 - Planalto, Abreu e Lima - PE, 53550-725, Brazil",Abreu e Lima,PE,Recife,Região Metropolitana de Recife,dentro_da_rm
ChIJXTlPZ08aqwcRxSWVMwAP0ug,Império dos Games,"Av. Dr. Belminio Correia, 924 - Bairro Novo do Carmelo, Camaragibe - PE, 54762-303, Brazil",Camaragibe,PE,Recife,Região Metropolitana de Recife,dentro_da_rm
ChIJJ216gWsbqwcRgjCwj5wYp-0,Mochila Geek,"Av. Dr. Belmino Correia, 2318 - Timbi, Camaragibe - PE, 54762-303, Brazil",Camaragibe,PE,Recife,Região Metropolitana de Recife,dentro_da_rm
ChIJq6qRzLnhqgcRSK28MQl1DPU,Unigames Guararapes,"Av. Barreto de Menezes, 800 - 240 - Piedade, Jaboatão dos Guararapes - PE, 54410-100, Brazil",Jaboatão dos Guararapes,PE,Recife,Região Metropolitana de Recife,dentro_da_rm
ChIJ-wTWYac9qwcRyXowXrwQI8U,UNIGAMES PATTEO,"R. Carmelita Muniz de Araújo, 225 - Lj 1085 - Casa Caiada, Olinda - PE, 53130-645, Brazil",Olinda,PE,Recife,Região Metropolitana de Recife,dentro_da_rm
ChIJhWa9WcY9qwcRWkOkmgNvWfM,Torres do Dragão,"R. Sessenta e Quatro, 156 - Maranguape I, Paulista - PE, 53441-240, Brazil",Paulista,PE,Recife,Região Metropolitana de Recife,dentro_da_rm
ChIJ7UwihgtwmQARd_GtVTEV5Zw,Bar Do K.B. Ludo,"R. Lêda - Jardim Leal, Duque de Caxias - RJ, 25035-550, Brazil",Duque de Caxias,RJ,Rio de Janeiro,Região Metropolitana do Rio de Janeiro,dentro_da_rm
ChIJwfCNegCPmQARqfRes6rIOB4,Taverna de Avalon Geek Store,"Av. Carlos Mariguella - Inoã, Maricá - RJ, 24942-395, Brazil",Maricá,RJ,Rio de Janeiro,Região Metropolitana do Rio de Janeiro,dentro_da_rm
ChIJsRiZZzJnmQARnGdvsJXmUNA,Ápice Lúdico - Aluguel de Jogos de Tabuleiro em Mesquita,"R. Carlos Pinto, 172 - Cosmorama, Mesquita - RJ, 26582-420, Brazil",Mesquita,RJ,Rio de Janeiro,Região Metropolitana do Rio de Janeiro,dentro_da_rm
ChIJOcVssmeDmQARZZrnWu2mnwA,TabuClub,"R. Newton Prado, 29 - Santa Rosa, Niterói - RJ, 24240-004, Brazil",Niterói,RJ,Rio de Janeiro,Região Metropolitana do Rio de Janeiro,dentro_da_rm
ChIJGTvSWgCDmQARyu8hVg-kaSw,Bubble Planet - Lanchonete e Cardgames,"Av. Roberto Silveira, 349 - loja 103 - Icaraí, Niterói - RJ, 24230-152, Brazil",Niterói,RJ,Rio de Janeiro,Região Metropolitana do Rio de Janeiro,dentro_da_rm
ChIJfQ_RV2CDmQARVhMDnz-4tkk,Mana Tap Jogos,"Av. Ernani do Amaral Peixoto, 370/110 - Centro, Niterói - RJ, 24020-076, Brazil",Niterói,RJ,Rio de Janeiro,Região Metropolitana do Rio de Janeiro,dentro_da_rm
ChIJ-ZRKtFiDmQARX4W1txy7eik,Nikiti Jogos,"Alameda João Batista, 30 - Icaraí, Niterói - RJ, 24230-330, Brazil",Niterói,RJ,Rio de Janeiro,Região Metropolitana do Rio de Janeiro,dentro_da_rm
ChIJvXtOFNqDmQARo9nf7HpT6Z4,Player 2 - Jogos de Tabuleiro e Videogame Retrô,"R. Dr. Paulo César, 333 - Sl 301 - Santa Rosa, Niterói - RJ, 24240-000, Brazil",Niterói,RJ,Rio de Janeiro,Região Metropolitana do Rio de Janeiro,dentro_da_rm
ChIJl4L7Lg2DmQAR4gBZHrupFC4,TabuLoja,"R. Newton Prado, 29 - Santa Rosa, Niterói - RJ, 24240-004, Brazil",Niterói,RJ,Rio de Janeiro,Região Metropolitana do Rio de Janeiro,dentro_da_rm
ChIJOTGZVvyQ9gcRDNXzjH9fHls,Action Games,"Rua Trinta e Um jardim aracagy 3 - Cohatrac, São José de Ribamar - MA, 65120-755, Brazil",São José de Ribamar,MA,São Luís,Região Metropolitana da Grande São Luís,dentro_da_rm
ChIJE91FzOyR9gcRLHn_-Fy1kaM,O Mundo Divertido - Brinquedoteca,"Av. Contorno Sul, 50 b - Cohatrac V, São José de Ribamar - MA, 65110-000, Brazil",São José de Ribamar,MA,São Luís,Região Metropolitana da Grande São Luís,dentro_da_rm
ChIJiZJ_DnIDz5QRaVafFCXGkUE,Dungeon Games Store,"R. Duque de Caxias, 317 - Loja 4, 2º Subsolo - Centro, Barueri - SP, 06401-010, Brazil",Barueri,SP,São Paulo,Região Metropolitana de São Paulo,dentro_da_rm
ChIJgQ8cOR-gVyYR79Nr8ppdhEw,Cabo de Guerra Jogos,"R. Miraguai, 521 - Granja Carolina, Cotia - SP, 06700-190, Brazil",Cotia,SP,São Paulo,Região Metropolitana de São Paulo,dentro_da_rm
ChIJlStZGcJVzpQRxJQ6eTrWC84,Vaca Voadora Jogos,"Estr. Velha de Sorocaba, 763 - Cs 105 - Granja Viana, Cotia - SP, 06709-320, Brazil",Cotia,SP,São Paulo,Região Metropolitana de São Paulo,dentro_da_rm
ChIJlQWSbbYHz5QRnKXlq0UOMGk,Vidabgames,"R. Ver. Nelson Joaquim da Silva, 204 - Lajeado, Cotia - SP, 06702-675, Brazil",Cotia,SP,São Paulo,Região Metropolitana de São Paulo,dentro_da_rm
ChIJ7_DDAlH1zpQRJVJ0UHnItH8,Covil Game Bar,"Rua do Saboó, 12 - Jardim Barbosa, Guarulhos - SP, 07111-030, Brazil",Guarulhos,SP,São Paulo,Região Metropolitana de São Paulo,dentro_da_rm
ChIJ__9TTnxCzpQRwVSzrOijkRY,Bravo Jogos,"Rua Coronel Alfredo Flaquer, 411 - Centro, Santo André - SP, 09020-030, Brazil",Santo André,SP,São Paulo,Região Metropolitana de São Paulo,dentro_da_rm
ChIJkWsGmd1czpQRGLydxc29vbw,Place Games,"R. Martim Francisco, 554 - Santa Paula, São Caetano do Sul - SP, 09541-330, Brazil",São Caetano do Sul,SP,São Paulo,Região Metropolitana de São Paulo,dentro_da_rm
ChIJCQjbhkDWASUR619JgvbzdFs,Mesa & Dados RPG,"R. Basílio da Gama, 430 - Jardim Limoeiro, Serra - ES, 29164-355, Brazil",Serra,ES,Vitória,Região Metropolitana da Grande Vitória,dentro_da_rm
ChIJfyav9YI9uAARjwbBqcRm2_k,Café Geek Cafeteria e Ludoteca,"R. São Marcos, 127 - Santa Inês, Vila Velha - ES, 29108-050, Brazil",Vila Velha,ES,Vitória,Região Metropolitana da Grande Vitória,dentro_da_rm
ChIJ7XGi3xIXuAARiTdzjnTSM8Q,A Rainha dos Dados,"R. Antônio Ataíde, 323 - Centro de Vila Velha, Vila Velha - ES, 29100-295, Brazil",Vila Velha,ES,Vitória,Região Metropolitana da Grande Vitória,dentro_da_rm
ChIJqZUpBqMVuAAR6sqHOUcnhvM,Vila Geek,"Av. Saturnino Rangel Mauro, 1955 - Lj 4 - Praia de Itaparica, Vila Velha - ES, 29102-037, Brazil",Vila Velha,ES,Vitória,Região Metropolitana da Grande Vitória,dentro_da_rm
ChIJr-agjM2zGgcRUxwiaZwGD04,Arte Em Cards,"R. Lindalva Silva Dantas, 47 - Ponto Novo, Aracaju - SE, 49047-456, Brazil",Aracaju,SE,Aracaju,Região Metropolitana de Aracaju,municipio_da_capital
ChIJyxR13o-zGgcR7PIPDruoLcY,Barreto Games & Assistência.,"Av. Franklin de Campos Sobral, 2238 - Grageru, Aracaju - SE, 49027-000, Brazil",Aracaju,SE,Aracaju,Região Metropolitana de Aracaju,municipio_da_capital
ChIJU2O7Ds6xGgcR4QyZYEDOjC8,Encanta Brinquedos,"Shopping Praia Sul - Av. Melício Machado, 4880 - Aruana, Aracaju - SE, 49038-445, Brazil",Aracaju,SE,Aracaju,Região Metropolitana de Aracaju,municipio_da_capital
ChIJL4dRqGGzGgcRPMR_LXvl-B8,Estacao Jogos,"Av. Ministro Geraldo Barreto Sobral, 215 - Jardins, Aracaju - SE, 49026-010, Brazil",Aracaju,SE,Aracaju,Região Metropolitana de Aracaju,municipio_da_capital
ChIJl-nNCfGzGgcRh2XJP5ca7ZM,Game Station - Shopping RioMar Aracaju,"R. Delmiro Gouvêia, 400 - Coroa do Meio, Aracaju - SE, 49035-500, Brazil",Aracaju,SE,Aracaju,Região Metropolitana de Aracaju,municipio_da_capital
ChIJAWKaZByzGgcRZ-R91C0S2jE,Jogos Aju,"Av. Prof. Acrísio Cruz, 549 - 13 de Julho, Aracaju - SE, 49020-210, Brazil",Aracaju,SE,Aracaju,Região Metropolitana de Aracaju,municipio_da_capital
ChIJ_2rRoVuxGgcRJ4HRTiX5Tpg,"Misael fest kids locação de brinquedos em Aracaju, aluguel de futebol de sabão, touro mecânico p festas e eventos","R. Ferroviário José Matias de Siqueira - São Conrado, Aracaju - SE, 49042-720, Brazil",Aracaju,SE,Aracaju,Região Metropolitana de Aracaju,municipio_da_capital
ChIJa6-7T2uxGgcR4K-1owvXsuI,Multiverso Game Point,"Tv. 5 Cj Jorn O Dantas, 37 - São Conrado, Aracaju - SE, 49042-971, Brazil",Aracaju,SE,Aracaju,Região Metropolitana de Aracaju,municipio_da_capital
ChIJ5yyvSiKxGgcRGRWdYwkSrIQ,Nakamura Games,"Av. Prof. José Freitas de Andrade, 3749 - Coroa do Meio, Aracaju - SE, 49035-680, Brazil",Aracaju,SE,Aracaju,Região Metropolitana de Aracaju,municipio_da_capital
ChIJHzzj8P2xGgcRciRc3tdR4-8,"Nanda brinquedos - Aluguel de Inflaveis, touro mecanico, futebol de sabão, tobogã","Av. Silvério Leite Fontes - Aruana, Aracaju - SE, 49038-260, Brazil",Aracaju,SE,Aracaju,Região Metropolitana de Aracaju,municipio_da_capital
ChIJgUmct368AyERlF3sHZlR6xw,Nyquist Games,"R. Euclídes Góis - Coroa do Meio, Aracaju - SE, 49035-310, Brazil",Aracaju,SE,Aracaju,Região Metropolitana de Aracaju,municipio_da_capital
ChIJk5_aLwCzGgcRm3096HT42cs,Play Games Aracaju | Parque Shopping,"Av. João Rodrigues, 42 - Industrial, Aracaju - SE, 49065-450, Brazil",Aracaju,SE,Aracaju,Região Metropolitana de Aracaju,municipio_da_capital
ChIJVdzA2r6xGgcRSlifGZ6sFcQ,RPG Comando,"rua, 98 - Aruana, Aracaju - SE, 49000-689, Brazil",Aracaju,SE,Aracaju,Região Metropolitana de Aracaju,municipio_da_capital
ChIJWRzlpWmzGgcR_Jo6zSBwWGk,Sandro games oficial,"Avenida Mascarenhas de Morais - Centro, Aracaju - SE, 49010-010, Brazil",Aracaju,SE,Aracaju,Região Metropolitana de Aracaju,municipio_da_capital
ChIJU4Wj-2mzGgcR0Jw7mlyGN-Q,Tabuleiro do Acarajé,"R. Rio Grande do Sul, 197 - Siqueira Campos, Aracaju - SE, 49075-510, Brazil",Aracaju,SE,Aracaju,Região Metropolitana de Aracaju,municipio_da_capital
ChIJ7RCGLeuJf00RljVImieDL5Y,Tabulendário - Jogos de Tabuleiro / Boardgames em Aracaju,"Av. Conselheiro João Moreira Filho, 2151 - Coroa do Meio, Aracaju - SE, 49035-655, Brazil",Aracaju,SE,Aracaju,Região Metropolitana de Aracaju,municipio_da_capital
ChIJ13nDt46zGgcRRUaT9vaaEek,True King's Card Shop,"R. Gen. Chaves, 107 - Sala 2 - São José, Aracaju - SE, 49015-310, Brazil",Aracaju,SE,Aracaju,Região Metropolitana de Aracaju,municipio_da_capital
ChIJD5tSQNebpgARQ1brfo_AqeM,Abelha Lunar Brinquedos,"R. Geraldo Faria de Souza, 872 - Sagrada Família, Belo Horizonte - MG, 31035-510, Brazil",Belo Horizonte,MG,Belo Horizonte,Região Metropolitana de Belo Horizonte,municipio_da_capital
ChIJ2eMCGACRpgARoWEjX5VaIkI,Arcade Save Point,"Av. Sebastião de Brito, 287 - Sl 3 - Dona Clara, Belo Horizonte - MG, 31260-000, Brazil",Belo Horizonte,MG,Belo Horizonte,Região Metropolitana de Belo Horizonte,municipio_da_capital
ChIJDTIXkfuZpgAR4Wd-CrQu2Ik,BH Games,"R. Curvelo, 32 - Lj 15 - Floresta, Belo Horizonte - MG, 31015-172, Brazil",Belo Horizonte,MG,Belo Horizonte,Região Metropolitana de Belo Horizonte,municipio_da_capital
ChIJ_fSU_we_pgARXrRXapfLc9k,Brinquedolândia Casa de Brincar,"Av. Sinfrônio Brochado, 1420 - Barreiro, Belo Horizonte - MG, 30640-000, Brazil",Belo Horizonte,MG,Belo Horizonte,Região Metropolitana de Belo Horizonte,municipio_da_capital
ChIJQ-UyX32bpgARJcyelgu6UGk,"Clube Mineiro de Wargames: Warhammer, Age of Sigmar, One Page Rules, Senhor dos Anéis, FrostGrave e muito mais.","R. Padre Júlio Maria, 93 - Vera Cruz, Belo Horizonte - MG, 30285-360, Brazil",Belo Horizonte,MG,Belo Horizonte,Região Metropolitana de Belo Horizonte,municipio_da_capital
ChIJpzB8zc2XpgARoJTUu90J6Pw,Comdado Bar e Jogos,"Av. Amazonas, 2310 - Santo Agostinho, Belo Horizonte - MG, 30180-012, Brazil",Belo Horizonte,MG,Belo Horizonte,Região Metropolitana de Belo Horizonte,municipio_da_capital
ChIJbUrly6CZpgARus1v7UATQH8,DayTrade Magic,"Av. Prudente de Morais, 621 - Lj 10 - Santo Antônio, Belo Horizonte - MG, 30350-143, Brazil",Belo Horizonte,MG,Belo Horizonte,Região Metropolitana de Belo Horizonte,municipio_da_capital
ChIJccry2YO9pgARysaQPaSV1JI,Dimensão Alternativa,"R. Aurora, 11 - Miramar (Barreiro), Belo Horizonte - MG, 30644-080, Brazil",Belo Horizonte,MG,Belo Horizonte,Região Metropolitana de Belo Horizonte,municipio_da_capital
ChIJAVe-obmWpgARQx8-GQoKutU,Elite Games BH,"Xingu Mall - Av. Abílio Machado, 1664 - Box 97/98 - Alípio de Melo, Belo Horizonte - MG, 30830-000, Brazil",Belo Horizonte,MG,Belo Horizonte,Região Metropolitana de Belo Horizonte,municipio_da_capital
ChIJw_XYxmaZpgARvqB0k8rFBs8,Game X,"Av. Augusto de Lima, 479 - Sl 1511 - Centro, Belo Horizonte - MG, 30190-000, Brazil",Belo Horizonte,MG,Belo Horizonte,Região Metropolitana de Belo Horizonte,municipio_da_capital
ChIJsUAT-dObpgARCT2C5QpnVKU,Garagem do Nerd,"R. Padre Júlio Maria, 93 - Vera Cruz, Belo Horizonte - MG, 30285-360, Brazil",Belo Horizonte,MG,Belo Horizonte,Região Metropolitana de Belo Horizonte,municipio_da_capital
ChIJT0SWTE6RpgARR_MPTjPyxTk,Hango jogos,"R. Cerqueira Leite, 18 - Universitário, Belo Horizonte - MG, 31255-440, Brazil",Belo Horizonte,MG,Belo Horizonte,Região Metropolitana de Belo Horizonte,municipio_da_capital
ChIJ03bxSvSXpgARB1Fujm1ryEA,JogArtClub • Comes & Jogas,"R. Nadir, 450 - Caiçara-Adelaide, Belo Horizonte - MG, 30770-420, Brazil",Belo Horizonte,MG,Belo Horizonte,Região Metropolitana de Belo Horizonte,municipio_da_capital
ChIJPUgkC_KXpgARgDePGmyys7o,Kairós Ludo - Aluguel de jogos de tabuleiro em BH,"Rua Platano, 121 - Marajó, Belo Horizonte - MG, 30570-160, Brazil",Belo Horizonte,MG,Belo Horizonte,Região Metropolitana de Belo Horizonte,municipio_da_capital
ChIJM0tqs8-ZpgARGlhNEPVUppw,Kinde Brinquedos | Mangabeiras,"Av. dos Bandeirantes, 506 - Mangabeiras, Belo Horizonte - MG, 30315-382, Brazil",Belo Horizonte,MG,Belo Horizonte,Região Metropolitana de Belo Horizonte,municipio_da_capital
ChIJS8UKmRubpgARAQYQ48_VuI8,Ludo 3D,"R. Herval, 481 - Serra, Belo Horizonte - MG, 30240-010, Brazil",Belo Horizonte,MG,Belo Horizonte,Região Metropolitana de Belo Horizonte,municipio_da_capital
ChIJW3LzC-OZpgARnd4gdGxlzeA,MK Games BH,"R. da Bahia, 1032 - Sl 606 - Centro, Belo Horizonte - MG, 30160-010, Brazil",Belo Horizonte,MG,Belo Horizonte,Região Metropolitana de Belo Horizonte,municipio_da_capital
ChIJBWgPzv6ZpgAR6hEFczprqRk,MUNDO DOS GAMES,"Avenida Oiapoque, 156 Portaria 2, box pi34/35 - Mundo dos Games - Centro, Belo Horizonte - MG, 30111-070, Brazil",Belo Horizonte,MG,Belo Horizonte,Região Metropolitana de Belo Horizonte,municipio_da_capital
ChIJodgIpnqXpgARiTbkZYfHB9o,Mesa de jogos de tabuleiro,"Rua Dr. Juvenal dos Santos, 149 - Luxemburgo, Belo Horizonte - MG, 30380-530, Brazil",Belo Horizonte,MG,Belo Horizonte,Região Metropolitana de Belo Horizonte,municipio_da_capital
ChIJHRqnsI2ZpgARvAr4gsrTa94,RPG VENDA ATACADISTA,"R. Sebastião Froes, 36 - Copacabana, Belo Horizonte - MG, 31550-570, Brazil",Belo Horizonte,MG,Belo Horizonte,Região Metropolitana de Belo Horizonte,municipio_da_capital
ChIJd3ynKDCbpgARrK9b9Ya4nG8,Rooftop Games,"Centro, Belo Horizonte - Minas Gerais, 30110-002, Brazil",Belo Horizonte,MG,Belo Horizonte,Região Metropolitana de Belo Horizonte,municipio_da_capital
ChIJUxnUuJ-WpgAROa_q4X_wM9w,SMILE RECREAÇÔES | Locação de brinquedos e Recreação infantil BH,"R. Dorvalina de Carvalho Rezende, 130 - São João Batista, Belo Horizonte - MG, 31510-510, Brazil",Belo Horizonte,MG,Belo Horizonte,Região Metropolitana de Belo Horizonte,municipio_da_capital
ChIJwaTDkNuZpgARtBvCnEZjrUY,Savassi Games,"Rua Antônio de Albuquerque, 606 - sala 203 - Praça da Savassi, Edifício Fraternia, mesmo prédio da Melissa Calçados - 2º andar - Savassi, Belo Horizonte - MG, 30112-010, Brazil",Belo Horizonte,MG,Belo Horizonte,Região Metropolitana de Belo Horizonte,municipio_da_capital
ChIJieP16UCZpgAR8zqQEUSe5oM,Stone Games,"Antônio Braga - Av. Afonso Pena, 578 - Sala 302 Ed - Centro, Belo Horizonte - MG, 30130-002, Brazil",Belo Horizonte,MG,Belo Horizonte,Região Metropolitana de Belo Horizonte,municipio_da_capital
ChIJ-TwfHyaapgARy0qIc8g0r28,Taberna Santê,"R. Salinas, 2113 - Santa Tereza, Belo Horizonte - MG, 31015-115, Brazil",Belo Horizonte,MG,Belo Horizonte,Região Metropolitana de Belo Horizonte,municipio_da_capital
ChIJIcauleSZpgARDghXUEZX9gI,Taberna dos Games,"Av. Mem de Sá, 521 - Santa Efigênia, Belo Horizonte - MG, 30260-270, Brazil",Belo Horizonte,MG,Belo Horizonte,Região Metropolitana de Belo Horizonte,municipio_da_capital
ChIJz539XYObpgARV5NhbSNRRHM,Totus Ludus,"R. Quaquarema, 31 - Fernão Dias, Belo Horizonte - MG, 31170-535, Brazil",Belo Horizonte,MG,Belo Horizonte,Região Metropolitana de Belo Horizonte,municipio_da_capital
ChIJKURw7A2apgARheRIbSu9Pgo,UGCardShop,"R. dos Pampas, 17 - Prado, Belo Horizonte - MG, 30411-073, Brazil",Belo Horizonte,MG,Belo Horizonte,Região Metropolitana de Belo Horizonte,municipio_da_capital
ChIJrRfqRPSRpgARWfVpA_8eK7E,VAULT of cards,"Av. Augusto de Lima, 527 - Centro, Belo Horizonte - MG, 30190-000, Brazil",Belo Horizonte,MG,Belo Horizonte,Região Metropolitana de Belo Horizonte,municipio_da_capital
ChIJM71EkmeXpgAR-81Om8EYtkE,Vespa TCG Card Store,"Av. Raja Gabáglia, 3950 - Lj 13B/14B - Estoril, Belo Horizonte - MG, 30494-310, Brazil",Belo Horizonte,MG,Belo Horizonte,Região Metropolitana de Belo Horizonte,municipio_da_capital
ChIJtwr4B2uapgARmoNuWVdPSUY,ZEUS GAMES BH,"Av. Cristiano Machado, 1682 - Lj 12 - Cidade Nova, Belo Horizonte - MG, 31170-024, Brazil",Belo Horizonte,MG,Belo Horizonte,Região Metropolitana de Belo Horizonte,municipio_da_capital
ChIJVVWJxOaZpgARwOi0SIWndOw,Brechó Lúdico,"Av. Brasil, 1843 - Lourdes, Belo Horizonte - MG, 30140-008, Brazil",Belo Horizonte,MG,Belo Horizonte,Região Metropolitana de Belo Horizonte,municipio_da_capital
ChIJ6ZLMZw-XpgAR_OR6SwY5xKo,Shelf Bar e Jogos,"Av. do Contorno, 7287 - Lourdes, Belo Horizonte - MG, 30110-047, Brazil",Belo Horizonte,MG,Belo Horizonte,Região Metropolitana de Belo Horizonte,municipio_da_capital
ChIJx5jr3zGXpgARQGx9eX7TDmY,LudoCafé,"R. Antônio Dias, 201 - Santo Antônio, Belo Horizonte - MG, 30350-150, Brazil",Belo Horizonte,MG,Belo Horizonte,Região Metropolitana de Belo Horizonte,municipio_da_capital
ChIJiY9zEsyNpJIR_mfO_JdbZqY,EXP CARD STORE,"R. Bernal do Couto, 1296 - Umarizal, Belém - PA, 66055-080, Brazil",Belém,PA,Belém,Região Metropolitana de Belém,municipio_da_capital
ChIJW6B6GACPpJIRB--XoYN1boE,Exp Card Store,"R. Bernal do Couto, 1296 - Umarizal, Belém - PA, 66055-080, Brazil",Belém,PA,Belém,Região Metropolitana de Belém,municipio_da_capital
ChIJxxdXpZCPpJIRXqtxBwCGhgY,GAME HOUSE BELÉM,"Rua dos Quarenta e Oito Center 47 - Batista Campos, Belém - PA, 66025-230, Brazil",Belém,PA,Belém,Região Metropolitana de Belém,municipio_da_capital
ChIJFfONwXGLpJIRBoRsNv3aQfI,Hey! Hero Geek Store,"Tv. Mauriti - Pedreira, Belém - PA, 66087-680, Brazil",Belém,PA,Belém,Região Metropolitana de Belém,municipio_da_capital
ChIJyW-C2YuOpJIRrMyg3yhcl5E,J M Games,"Galeria Center 48 - R. dos 48, 42 - Lj 8 - Batista Campos, Belém - PA, 66015-200, Brazil",Belém,PA,Belém,Região Metropolitana de Belém,municipio_da_capital
ChIJ6dpuPeiLpJIR8PJ20jZ5U-k,Loja de Brinquedos da Alice,"Próximo ao Shopping Grão Pará, Conjunto Catalina - Tv. Dois, 232 - Mangueirão, Belém - PA, 66640-270, Brazil",Belém,PA,Belém,Região Metropolitana de Belém,municipio_da_capital
ChIJJVS7kJGJpJIRg5mWMBLgzr4,Lontra Oriental Card Games TCG,"R. Doze, N° 01 - Box C - Maracangalha, Belém - PA, 66110-053, Brazil",Belém,PA,Belém,Região Metropolitana de Belém,municipio_da_capital
ChIJy4yXvUOLpJIRoATvyfXMr5o,Ludamigos - Jogos de tabuleiro,"Av. Marquês de Herval, 1776 - Pedreira, Belém - PA, 66085-313, Brazil",Belém,PA,Belém,Região Metropolitana de Belém,municipio_da_capital
ChIJVRustamNpJIRE4QX47Z1-vw,Ludorim Boardgames - Jogos de Tabuleiro,"Tv. Timbó, 1269 - Pedreira, Belém - PA, 66083-049, Brazil",Belém,PA,Belém,Região Metropolitana de Belém,municipio_da_capital
ChIJ-97tiEeNpJIRb_eV7a-sxBs,Ludoteca Sidequest,"Av. Visc. de Souza Franco, 1313 - Umarizal, Belém - PA, 66053-000, Brazil",Belém,PA,Belém,Região Metropolitana de Belém,municipio_da_capital
ChIJVe4Y9ziPpJIR4LDvs8gUPlc,Martins Loja de Variedades O Rei dos Brinquedos,"R. Treze de Maio, N° 462 - Campina, Belém - PA, 66019-020, Brazil",Belém,PA,Belém,Região Metropolitana de Belém,municipio_da_capital
ChIJeVxl1I5hpJIRPDXL-aFbMFw,Mestre Dos Games E Tecnologia,"Passagem Primeiro de Julho, 32 - Benguí, Belém - PA, 66630-735, Brazil",Belém,PA,Belém,Região Metropolitana de Belém,municipio_da_capital
ChIJ9arjXI5-L4kRvQ_arqNVNG0,Nerdices | A sua loja geek em Belém,"R. dos Mundurucus, 3284 - Cremação, Belém - PA, 66040-033, Brazil",Belém,PA,Belém,Região Metropolitana de Belém,municipio_da_capital
ChIJv3fk2nqOpJIRhyuz_OgElJg,Oriental Video e Game,"R. dos Timbiras, 1354 - Batista Campos, Belém - PA, 66033-331, Brazil",Belém,PA,Belém,Região Metropolitana de Belém,municipio_da_capital
ChIJ6S1J8O2JpJIRCNzqFrfvwfE,PIXXELS Gamer Club®︎,"Av. Sen. Lemos, 3153 - Sacramenta, Belém - PA, 66120-000, Brazil",Belém,PA,Belém,Região Metropolitana de Belém,municipio_da_capital
ChIJQ-IrKgmLpJIRuWxTFSFu_hk,Play Action Games - Loja de games em belém,"R. Padre Eutíquio - B.Campos - Belém, PA, 68530-000, Brazil",Belém,PA,Belém,Região Metropolitana de Belém,municipio_da_capital
ChIJ-ZF-kTuKpJIRNW1TcmIqv1w,Play Games,"Av. Centenário, 1052 - Val-de-Cans, Belém - PA, 66617-418, Brazil",Belém,PA,Belém,Região Metropolitana de Belém,municipio_da_capital
ChIJFQHtdQ6LpJIR2TFPBl5fXys,Smart Geek Brasil,"Edifício Lomas Center - Tv. Lomas Valentinas, 2625 - Sl 01 - Sacramenta, Belém - PA, 66093-677, Brazil",Belém,PA,Belém,Região Metropolitana de Belém,municipio_da_capital
ChIJB3QNOfeLpJIRXZnnxwGI70M,Supra Cards,"38A - Marambaia, Belém - PA, 66620-760, Brazil",Belém,PA,Belém,Região Metropolitana de Belém,municipio_da_capital
ChIJxxbPw4uOpJIRWWSrQJ2cQiU,Tsunami Games,"Galeria Portuense, Loja 30 - Tv. Padre Eutíquio, 1055 - Batista Campos, Belém - PA, 66023-710, Brazil",Belém,PA,Belém,Região Metropolitana de Belém,municipio_da_capital
ChIJxdjX24uOpJIR8qZK9s7LF4s,Tsunami Games & Computers,"Galeria Center 48 - R. dos 48, 42 - Lj 4 - Batista Campos, Belém - PA, 66015-200, Brazil",Belém,PA,Belém,Região Metropolitana de Belém,municipio_da_capital
ChIJfTUN-duJpJIRgfzVfddwDHY,Universo Geek Store,"Conjunto Providência Avenida norte entre Rua 12 e - Al. Providência - Val-de-Cans, Belém - PA, 66110-053, Brazil",Belém,PA,Belém,Região Metropolitana de Belém,municipio_da_capital
ChIJudT16IuOpJIRfxPVGu_j4a4,Via Bella Games Informática,"Galeria Portuense - Tv. Padre Eutíquio, 1055 - Campina, Belém - PA, 66013-090, Brazil",Belém,PA,Belém,Região Metropolitana de Belém,municipio_da_capital
ChIJMYNbjXyOpJIRWBmqMSlEcBQ,Mago Jogos,"Condomínio do Edifício Francisca Julia - Av. Serzedelo Corrêa, 1157 - Batista Campos, Belém - PA, 66033-770, Brazil",Belém,PA,Belém,Região Metropolitana de Belém,municipio_da_capital
ChIJyTGQlRoFk40Rdizfin314QI,1001 brinquedos e papelaria,"Avenidas - Av. Carlos Pereira de Melo, 473 - sala 7 - Jardim Floresta, Boa Vista - RR, 69312-005, Brazil",Boa Vista,RR,Boa Vista,Região Metropolitana da Capital,municipio_da_capital
ChIJB_zo5UAFk40RKz8bUNhtO2Q,Elenda Games,"R. Nilo Brandão, 368 - Calunga, Boa Vista - RR, 69303-240, Brazil",Boa Vista,RR,Boa Vista,Região Metropolitana da Capital,municipio_da_capital
ChIJy9pOFzAFk40RXZ1DcdoCKV0,Elenda Games Alvorada - Filial,"R. Z-3, 1132 - Alvorada, Boa Vista - RR, 69317-192, Brazil",Boa Vista,RR,Boa Vista,Região Metropolitana da Capital,municipio_da_capital
ChIJay9eGwAPk40RPwVNydQC4tM,Ensino e Afeto Brinquedos,"R. Iuguslavia, 105 - Cauamé, Boa Vista - RR, 69311-087, Brazil",Boa Vista,RR,Boa Vista,Região Metropolitana da Capital,municipio_da_capital
ChIJuX7PULsFk40RW3zyoKu8ng4,Mania Games Technology,"AV: Mario homem de melo, 5662 - Tancredo Neves, Boa Vista - RR, 69313-522, Brazil",Boa Vista,RR,Boa Vista,Região Metropolitana da Capital,municipio_da_capital
ChIJnQ5RFfsFk40RBiwSV0NJNQk,Mimosa Geek,"Av. Maj. Williams, 1009 - Centro, Boa Vista - RR, 69305-085, Brazil",Boa Vista,RR,Boa Vista,Região Metropolitana da Capital,municipio_da_capital
ChIJ8VbDMiwEk40RzQJ0VIHWlKE,Seven Games RR,"R. Peixe Boi, 38 - Santa Tereza, Boa Vista - RR, 69314-074, Brazil",Boa Vista,RR,Boa Vista,Região Metropolitana da Capital,municipio_da_capital
ChIJW4Rfhh4Hk40Rn9xq1cgWVus,Style Geek Centro,"Av. Silvio Botelho - Centro, Boa Vista - RR, 69301-330, Brazil",Boa Vista,RR,Boa Vista,Região Metropolitana da Capital,municipio_da_capital
ChIJ-ze0ZB4Gk40Rl-E6SQT03Ps,Sukatinha Brinquedos,"Av. Ville Roy, 5196 - Centro, Boa Vista - RR, 69301-000, Brazil",Boa Vista,RR,Boa Vista,Região Metropolitana da Capital,municipio_da_capital
ChIJsV5jFFoHk40RhlJyuhqYhfc,TidiPlay Jogos e Games,"R. Mte. Diogo, 157/2 - Trinta e Um de Março, Boa Vista - RR, 69305-410, Brazil",Boa Vista,RR,Boa Vista,Região Metropolitana da Capital,municipio_da_capital
ChIJx7e4SEkHk40R6zBFjMi-fi0,Zeca Formiga - Brinquedos,"Centro Comercial Lucena - Av. Ville Roy, 4430 - Sl 06 - Aparecida, Boa Vista - RR, 69306-405, Brazil",Boa Vista,RR,Boa Vista,Região Metropolitana da Capital,municipio_da_capital
ChIJufQc34syWpMRI_AHegkG710,60 Minutos Escape Game - Píer 21,"St. de Clubes Esportivos Sul Trecho 2 - Asa Sul, Brasília - DF, 70200-002, Brazil",Brasília,DF,Brasília,Região Integrada de Desenvolvimento do Distrito Federal e Entorno,municipio_da_capital
ChIJK47VO3wzWpMRn9vTU1jaads,"BEM ALUGUÉIS - Video Games, Boardgames e eletrônicos","R. 20 Norte, 4 - Águas Claras, Brasília - DF, 71915-750, Brazil",Brasília,DF,Brasília,Região Integrada de Desenvolvimento do Distrito Federal e Entorno,municipio_da_capital
ChIJyXjE650xWpMRJL-J6QbGkt4,FORTALÚDICA - BURGERS & JOGOS,"Guará II QE 26 BLOCO B Lj 31 - Guará, Brasília - DF, 71060-621, Brazil",Brasília,DF,Brasília,Região Integrada de Desenvolvimento do Distrito Federal e Entorno,municipio_da_capital
ChIJAX_vMigzWpMReKd3r4qK7nk,Game on Board,"Max Mall - Av 07 Norte - Águas Claras, Brasília - DF, 71908-180, Brazil",Brasília,DF,Brasília,Região Integrada de Desenvolvimento do Distrito Federal e Entorno,municipio_da_capital
ChIJm4MGYtgxWpMRnX8U36Dff8A,Games,"Quadra - SHCES Q.1207 B.B, A - Cruzeiro Novo, Brasília - DF, 70658-271, Brazil",Brasília,DF,Brasília,Região Integrada de Desenvolvimento do Distrito Federal e Entorno,municipio_da_capital
ChIJ172cu2U7WpMR-GxnGmUHCkc,Gruta BSB,"SHCN CLN 406 Bloco E Lj 16/22 subsolo - Asa Norte, Brasília - DF, 70847-550, Brazil",Brasília,DF,Brasília,Região Integrada de Desenvolvimento do Distrito Federal e Entorno,municipio_da_capital
ChIJdUv4La46WpMRnBvNknmOqWo,Inside Games,"SHCS CRS 513 BL B Loja 07 - Asa Sul, Brasília - DF, 70380-520, Brazil",Brasília,DF,Brasília,Região Integrada de Desenvolvimento do Distrito Federal e Entorno,municipio_da_capital
ChIJvV5UnYQzWpMRnrmkZtF6lB4,Javali jogos,"Rua das Paineira LT06 - shopping one park mall - Lj 31 - Águas Claras, Brasília - DF, 71918-000, Brazil",Brasília,DF,Brasília,Região Integrada de Desenvolvimento do Distrito Federal e Entorno,municipio_da_capital
ChIJzdFNP3AyWpMRH2P6HEuhE-I,Loja de Jogos - Asgard,"Rua 25 Sul, Lote 30 Bloco A loja 1 - Águas Claras, Brasília - DF, 71928-720, Brazil",Brasília,DF,Brasília,Região Integrada de Desenvolvimento do Distrito Federal e Entorno,municipio_da_capital
ChIJU6yV-SgxWpMRFNG15fHv0H0,Loja de Jogos - Fortaleza Jogos,"QE 36 BLOCO A LOJA 11 - Guará II QE 36 - Guará, Brasília - DF, 71065-613, Brazil",Brasília,DF,Brasília,Região Integrada de Desenvolvimento do Distrito Federal e Entorno,municipio_da_capital
ChIJB4pD0AEzWpMRFwENrAJmWwQ,Loop Gamelab,"R. 30 Sul - Águas Claras, Brasília - DF, 71929-360, Brazil",Brasília,DF,Brasília,Região Integrada de Desenvolvimento do Distrito Federal e Entorno,municipio_da_capital
ChIJjx1cbu_NW5MRoO9MdnYOVOs,Luderion Jogos,"02 - Taguatinga Norte QNJ 5 - Taguatinga, Brasília - DF, 72140-050, Brazil",Brasília,DF,Brasília,Região Integrada de Desenvolvimento do Distrito Federal e Entorno,municipio_da_capital
ChIJRcG14YMlWpMR9go04dPbNic,Ludocando,"SHCS SQS 412 BL N - Plano Piloto, Brasília - DF, 70278-140, Brazil",Brasília,DF,Brasília,Região Integrada de Desenvolvimento do Distrito Federal e Entorno,municipio_da_capital
ChIJgZzxubI7WpMRXg4ZeAainQc,Quadrado ao Cubo,"SEPN 509, Bloco D - Edifício Isis - Sobreloja 45 - Asa Norte, Brasília - DF, 70750-500, Brazil",Brasília,DF,Brasília,Região Integrada de Desenvolvimento do Distrito Federal e Entorno,municipio_da_capital
ChIJq2VyFsQzWpMRUAhbckp2F98,Refúgio Lúdico,"QS 1 - Rua 212 19 - Sala, 532 - 21 e 23 - Águas Claras, Brasília - DF, 71950-550, Brazil",Brasília,DF,Brasília,Região Integrada de Desenvolvimento do Distrito Federal e Entorno,municipio_da_capital
ChIJbY1Qc90zWpMRLdrHxi9QMko,República Ludovico,"Max Mall - R. 7 Norte, Lotes 3/5/7 Quiosque 02 - Águas Claras, Brasília - DF, 71908-180, Brazil",Brasília,DF,Brasília,Região Integrada de Desenvolvimento do Distrito Federal e Entorno,municipio_da_capital
ChIJ85OcFlgwWpMRk4N7_rQjh5A,TAVERNA DOS GAMES - Loja de Video Game,"Feira dos Importados - Sia Trecho 7, 438 - Bloco C - SIA, Brasília - DF, 71208-900, Brazil",Brasília,DF,Brasília,Região Integrada de Desenvolvimento do Distrito Federal e Entorno,municipio_da_capital
ChIJa0CP91MzWpMRz6oEQwlR2TA,Tem Mesa - Pizza & Luderia,"R. das Paineiras, 06 - Lj 25, térreo - Norte, Brasília - DF, 71918-000, Brazil",Brasília,DF,Brasília,Região Integrada de Desenvolvimento do Distrito Federal e Entorno,municipio_da_capital
ChIJN8BZeb85WpMRgVKT05caxB4,Utopia Games & Food,"SHCN CL QD 116 CLN 116 BLOCO I Lojas 31 e 35 subsolo - Asa Norte, Brasília - DF, 70773-590, Brazil",Brasília,DF,Brasília,Região Integrada de Desenvolvimento do Distrito Federal e Entorno,municipio_da_capital
ChIJOUXU1akzWpMRC7rrq4o9GZc,game food,"SHA conjunto 5 chácara 109 lote 09 loja 3 - buteco do val - Arniqueira, Brasília - DF, 71995-450, Brazil",Brasília,DF,Brasília,Região Integrada de Desenvolvimento do Distrito Federal e Entorno,municipio_da_capital
ChIJ15nLgwAwWpMRY1whwD29ZSo,Ludoteca BGC,"BLOCO C - LOJA 02 - Asa Sul, Brasília - DF, 70254-530, Brazil",Brasília,DF,Brasília,Região Integrada de Desenvolvimento do Distrito Federal e Entorno,municipio_da_capital
ChIJye7AnK07WpMRC94S9hM95Y4,Orgutal Casa de Jogos,"CLN 205, bloco B, loja 11, 2º andar - Asa Norte, Brasília - DF, 70843-520, Brazil",Brasília,DF,Brasília,Região Integrada de Desenvolvimento do Distrito Federal e Entorno,municipio_da_capital
ChIJk7PCx-07WpMRpKWoFqgjTgs,Toca do Tabuleiro,"SHCGN SCRN 708/709 subindo do Pão de Açúcar para o CEUB, Bloco G Loja 10 - Asa Norte, Brasília - DF, 70741-670, Brazil",Brasília,DF,Brasília,Região Integrada de Desenvolvimento do Distrito Federal e Entorno,municipio_da_capital
ChIJxe7p5Eo7WpMRd0sHLko77kU,Mercado RPG,"SCLRN 714 B. F, 34 - Asa Norte, Brasília - DF, 70760-556, Brazil",Brasília,DF,Brasília,Região Integrada de Desenvolvimento do Distrito Federal e Entorno,municipio_da_capital
ChIJLczTCwDnhpQRBxX3z2r6ni4,Caverna Board Games,"R. Sen. Queirós, 370 - Jardim Leblon, Campo Grande - MS, 79092-265, Brazil",Campo Grande,MS,Campo Grande,sem recorte,municipio_da_capital
ChIJDWxbmU7phpQRJ12eAtIDuLQ,Multiverso Tabuleiros - Aluguel de Jogos de Tabuleiro em Campo Grande,"R. Sebastião Lima, 1388 - Jardim Sao Bento, Campo Grande - MS, 79004-600, Brazil",Campo Grande,MS,Campo Grande,sem recorte,municipio_da_capital
ChIJdzGM0NrnhpQR60PoBjLfnGQ,103 Games & Eletrônicos,"Av. Noroeste, 5089 - Centro, Campo Grande - MS, 79002-011, Brazil",Campo Grande,MS,Campo Grande,sem recorte,municipio_da_capital
ChIJKdXhPGvvhpQRufmyrVkb4RU,Aldryon RPG,"R. Cel. Bento - Vila Vilas Boas, Campo Grande - MS, 79051-110, Brazil",Campo Grande,MS,Campo Grande,sem recorte,municipio_da_capital
ChIJHa61aLjlhpQR0BqpEeLowC0,Anubis Games,"Av. Ezequiel Ferreira Lima, 1478 - Guanandi II, Campo Grande - MS, 79082-161, Brazil",Campo Grande,MS,Campo Grande,sem recorte,municipio_da_capital
ChIJAZZH7afphpQR6juwbzUq9ic,Boards em Casa - Locação de Jogos de Tabuleiro,"R. Barão de Melgaço, 177 - Centro, Campo Grande - MS, 79002-090, Brazil",Campo Grande,MS,Campo Grande,sem recorte,municipio_da_capital
ChIJ845mvEXnhpQRxfrSOd6O8Lo,Brinquedoteca Joy Kids,"Esquina com a Tamoio - R. Sen. Queirós, 315 - Jardim Leblon, Campo Grande - MS, 79092-265, Brazil",Campo Grande,MS,Campo Grande,sem recorte,municipio_da_capital
ChIJs67sKkrphpQR_6KUaGwypy0,Casa Lúdica Campo Grande - Loja de Brinquedos Educativos,"R. Eduardo Santos Pereira, 1330 - Sl 3 - São Francisco, Campo Grande - MS, 79010-030, Brazil",Campo Grande,MS,Campo Grande,sem recorte,municipio_da_capital
ChIJR7TrDNHphpQRQBMeDVgKQRU,Casa da Tia Paula - Brinquedoteca,"Av. Cônsul Assaf Trad - Shopping Bosque dos Ipês, Campo Grande - MS, 79035-490, Brazil",Campo Grande,MS,Campo Grande,sem recorte,municipio_da_capital
ChIJDQJ_J5zphpQRo01JmsrUHGQ,Deck Lab Game Store,"R. 13 de Junho, 85 - Centro, Campo Grande - MS, 79002-420, Brazil",Campo Grande,MS,Campo Grande,sem recorte,municipio_da_capital
ChIJmWEV9JrvhpQRH_gs4CW-RiY,Deck Store,"R. Epitácio Pessoa, 740 - Sl 5 - Vila Vilas Boas, Campo Grande - MS, 79051-090, Brazil",Campo Grande,MS,Campo Grande,sem recorte,municipio_da_capital
ChIJ616D9cvvhpQRbPPZ580dXG4,Diverkids Presentes | Loja de Brinquedos | Campo Grande MS,"R. Pontalina, 280 - Universitário, Campo Grande - MS, 79060-540, Brazil",Campo Grande,MS,Campo Grande,sem recorte,municipio_da_capital
ChIJkS8my4LohpQRpMYWK5scvPg,"DuoFisio Pilates, RPG e Fisioterapia Pelvica.","R. Abrão Júlio Rahe, 611 - Centro, Campo Grande - MS, 79010-010, Brazil",Campo Grande,MS,Campo Grande,sem recorte,municipio_da_capital
ChIJBXKfy4jnhpQRTfctOG9Vlmk,Falcão Games,"R. Rui Barbosa, 1710 - Vila Gloria, Campo Grande - MS, 79004-441, Brazil",Campo Grande,MS,Campo Grande,sem recorte,municipio_da_capital
ChIJte_rSADphpQR4KnxdCZwpcY,Grid Game Center - Campo Grande MS,"R. Joaquim Murtinho, 1679 - Itanhangá Park, Campo Grande - MS, 79003-020, Brazil",Campo Grande,MS,Campo Grande,sem recorte,municipio_da_capital
ChIJb-fwV4XohpQRBvhhFEcIjcE,Happy Kids Brinquedoteca,"R. das Garças, 1600 - Centro, Campo Grande - MS, 79020-180, Brazil",Campo Grande,MS,Campo Grande,sem recorte,municipio_da_capital
ChIJFXw-sPbohpQR5eMb1gcDtNs,Joga Burger,"Av. Nelly Martins, 76 - Portal Itayara, Campo Grande - MS, 79032-295, Brazil",Campo Grande,MS,Campo Grande,sem recorte,municipio_da_capital
ChIJ-VrxLhvnhpQR2mKesaDPzqk,Jogos Aurora,"Av. Afonso Pena, segundo piso, sala 109 - Centro, Campo Grande - MS, 79118-737, Brazil",Campo Grande,MS,Campo Grande,sem recorte,municipio_da_capital
ChIJAR0X1w3mhpQRNkcz7rqI-_s,MAGIC GAMES,"R. Quitanda - Jardim Joquei Club, Campo Grande - MS, 79080-105, Brazil",Campo Grande,MS,Campo Grande,sem recorte,municipio_da_capital
ChIJleY4oWfphpQRvVHngIcsHdk,Meninus Games,"R. Marquês de Lavradio, 626 - Sl 04 - Jardim Sao Lourenco, Campo Grande - MS, 79041-340, Brazil",Campo Grande,MS,Campo Grande,sem recorte,municipio_da_capital
ChIJn0T8FpvnhpQR19Mlnj2G2rQ,Mundo CJ - Aluguel de Jogos de Tabuleiro,"R. Barão de Mauá, 300 - Santo Antonio, Campo Grande - MS, 79100-630, Brazil",Campo Grande,MS,Campo Grande,sem recorte,municipio_da_capital
ChIJud1petjphpQRP-zWwQwiPgo,Mundo encantado brinquedos,"R. Júlio Prestes, 1269 - Nova Lima, Campo Grande - MS, 79017-024, Brazil",Campo Grande,MS,Campo Grande,sem recorte,municipio_da_capital
ChIJkb-xXLTohpQRV2uA3ZMrc-M,Mystical Space - Seu jogo começa aqui,"Av. Três Barras, 17 - Vila Vilas Boas, Campo Grande - MS, 79051-290, Brazil",Campo Grande,MS,Campo Grande,sem recorte,municipio_da_capital
ChIJt_x38pHohpQReRSrHC2YOgo,Pirlimpimpim Brinquedos,"Av. Ceará, 1768 - Santa Fe, Campo Grande - MS, 79021-000, Brazil",Campo Grande,MS,Campo Grande,sem recorte,municipio_da_capital
ChIJaX9ow6PvhpQRs_j2-_dt4y4,Play Games,"R. Sizuo Nakazato, 1429 - Jardim Itamaraca, Campo Grande - MS, 79062-140, Brazil",Campo Grande,MS,Campo Grande,sem recorte,municipio_da_capital
ChIJqQR_cdHphpQRKRAe24390ow,Play Games / Campo Grande-MS,"Avenida Cônsul Assaf - Tradicional Shopping - Bosque dos Ipês, N° 4796 - Loja 216 - Coronel Antonino, Campo Grande - MS, 79013-545, Brazil",Campo Grande,MS,Campo Grande,sem recorte,municipio_da_capital
ChIJg5kpMQ_vhpQRPBmmZMk2ff8,PokeDez Cards e Acessórios,"R. Barão de Melgaço, 571 - Sl 1 e 2 Terreo - Centro, Campo Grande - MS, 79002-080, Brazil",Campo Grande,MS,Campo Grande,sem recorte,municipio_da_capital
ChIJ8VQodY3ohpQRjYawVc0O-7Y,Retro Gamers: Vídeo Games Concept,"R. Antônio Maria Coelho, 4919 - Santa Fe, Campo Grande - MS, 79021-170, Brazil",Campo Grande,MS,Campo Grande,sem recorte,municipio_da_capital
ChIJcaEgFGTvhpQRFFP1penRu8Y,Sparta Games,"R. Frederico Fellini, 31 - Res. Betaville, Campo Grande - MS, 79060-332, Brazil",Campo Grande,MS,Campo Grande,sem recorte,municipio_da_capital
ChIJ-_ohMrTohpQR1luFD81Hkno,TR8 Jogos e Acessórios,"Av. Eduardo Elias Zahran, 2757 - Vila Antonio Vendas, Campo Grande - MS, 79003-000, Brazil",Campo Grande,MS,Campo Grande,sem recorte,municipio_da_capital
ChIJVRF6tXXnhpQRZIYV0HvJFfU,V2 Imports Camelôdromo Box 106 games e Eletrônicos,"Av. Noroeste, 5199 - BOX 106 - Centro, Campo Grande - MS, 79002-011, Brazil",Campo Grande,MS,Campo Grande,sem recorte,municipio_da_capital
ChIJPYMeL3OxnZMRm-iPrOiCLD0,Bear Brothers Cards And Games,"Rua Desembargador Trigo de Loureiro, 694 - Consil, Cuiabá - MT, 78048-455, Brazil",Cuiabá,MT,Cuiabá,Região Metropolitana do Vale do Rio Cuiabá,municipio_da_capital
ChIJvaDwqtaxnZMRUQ9d7__9NQU,GGC - Grid Game Center - Shopping Estação Cuiabá MT,"COND SHOP ESTACAO CUIABA - Av. Miguel Sutil, 9300 - Lj SECG002B - Jardim das Américas, Cuiabá - MT, 78040-365, Brazil",Cuiabá,MT,Cuiabá,Região Metropolitana do Vale do Rio Cuiabá,municipio_da_capital
ChIJkZq7FRaznZMR-qHvmCV-kIs,Ludoria Cuiabana,"Av. Jose Monteiro de Figueiredo, 500 - Duque de Caxias, Cuiabá - MT, 78043-300, Brazil",Cuiabá,MT,Cuiabá,Região Metropolitana do Vale do Rio Cuiabá,municipio_da_capital
ChIJaUVdt1CxnZMRdiQQYXjQgYs,MT Figurinhas & Cards,"R. A, Quadra 03 - Lote 24 - Primeiro de Março, Cuiabá - MT, 78058-602, Brazil",Cuiabá,MT,Cuiabá,Região Metropolitana do Vale do Rio Cuiabá,municipio_da_capital
ChIJ2c96mKaznZMRwPkjJRz8nIU,Mario Rosa - Quiropraxia e RPG,"R. das Violetas, 303 - Jardim Cuiaba, Cuiabá - MT, 78043-142, Brazil",Cuiabá,MT,Cuiabá,Região Metropolitana do Vale do Rio Cuiabá,municipio_da_capital
ChIJV-ILP3axnZMRXR-ujzUSeoM,Mister Game Drinks,"R. canario da terra, 15 - Morada da Serra, Cuiabá - MT, 78058-208, Brazil",Cuiabá,MT,Cuiabá,Região Metropolitana do Vale do Rio Cuiabá,municipio_da_capital
ChIJTYuVzPGvnZMRw44sFdDZiJs,Mordrade Card Shop | Card Games,"Av. Gen. Mello, 2410 - Primeiro Andar - Campo Velho, Cuiabá - MT, 78065-290, Brazil",Cuiabá,MT,Cuiabá,Região Metropolitana do Vale do Rio Cuiabá,municipio_da_capital
ChIJ5R9cFzaxnZMR_6N3XtvjafU,NEW GAMES CELL,"shopping popular - Av. Tenente Coronel Duarte, Box 222, 274, 275, 384, 445 - Dom Aquino, Cuiabá - MT, 78015-500, Brazil",Cuiabá,MT,Cuiabá,Região Metropolitana do Vale do Rio Cuiabá,municipio_da_capital
ChIJOYrvIR-ynZMRvSyEqdAeNJY,"POSTURA SEM DOR - Pilates, Fisioterapia, RPG Souchard, Treinamento Funcional","Av. Sen. Filinto Müller, 263 - Popular, Cuiabá - MT, 78040-030, Brazil",Cuiabá,MT,Cuiabá,Região Metropolitana do Vale do Rio Cuiabá,municipio_da_capital
ChIJGblFlCeynZMRF_hZvjwxFHw,Pilates & RPG Fisioterapeuta: Izabella Amaral de Assis,"Rua Dos Girassóis, 39 Jardim Cuiabá - Goiabeiras, Cuiabá - MT, 78043-132, Brazil",Cuiabá,MT,Cuiabá,Região Metropolitana do Vale do Rio Cuiabá,municipio_da_capital
ChIJARvKn9ixnZMR-qHHZX56vO4,"Poltrona Nerd - Bar, Games & Burger","R. Managua, 132 - Jardim das Américas, Cuiabá - MT, 78060-604, Brazil",Cuiabá,MT,Cuiabá,Região Metropolitana do Vale do Rio Cuiabá,municipio_da_capital
ChIJ0zqPqgaxnZMR7MKDk0M5WuA,Popular Geek - Colecionáveis | Nerd | Games | Funko,"Shopping Popular - Av. Manoel José de Arruda, 207 - Box C17 - Dom Aquino, Cuiabá - MT, 78005-500, Brazil",Cuiabá,MT,Cuiabá,Região Metropolitana do Vale do Rio Cuiabá,municipio_da_capital
ChIJcT699EaxnZMRtogopeEELcM,Primula - Pilates & RPG,"R. Topázio, 170 - Bosque da Saude, Cuiabá - MT, 78060-594, Brazil",Cuiabá,MT,Cuiabá,Região Metropolitana do Vale do Rio Cuiabá,municipio_da_capital
ChIJ_7It53SxnZMR5jQGel6QYpA,R4GAMES - Loja de Vídeo Game,"Shopping Feirão dos Importados - Loja e Assistência Técnica no - Av. XV de Novembro, 851 - Box 49 - Subsolo - Porto, Cuiabá - MT, 78025-032, Brazil",Cuiabá,MT,Cuiabá,Região Metropolitana do Vale do Rio Cuiabá,municipio_da_capital
ChIJAduIQlexnZMRYetFcvIlvUg,RG Games,"Av. Historiador Rubens de Mendonça, 10 - 208 - Morada da Serra, Cuiabá - MT, 78057-620, Brazil",Cuiabá,MT,Cuiabá,Região Metropolitana do Vale do Rio Cuiabá,municipio_da_capital
ChIJP68pS8SxnZMRlpyXWcPOU3E,Real Brinquedos Av. Fernando Corrêa,"Av. Fernando Corrêa da Costa, 629 - Areão, Cuiabá - MT, 78010-400, Brazil",Cuiabá,MT,Cuiabá,Região Metropolitana do Vale do Rio Cuiabá,municipio_da_capital
ChIJCxwjcNOznZMRWI5dfGfXE5E,Rejane Caldas Pilates e RPG,"R. Itália, 100 - Santa Rosa, Cuiabá - MT, 78040-240, Brazil",Cuiabá,MT,Cuiabá,Região Metropolitana do Vale do Rio Cuiabá,municipio_da_capital
ChIJA5QM9SmznZMR4oyqem28VEI,Saloon Geek,"ao lado da Lupo, Goiabeiras Shopping - Av. Jose Monteiro de Figueiredo, 500 - 1° piso - Duque de Caxias, Cuiabá - MT, 78043-300, Brazil",Cuiabá,MT,Cuiabá,Região Metropolitana do Vale do Rio Cuiabá,municipio_da_capital
ChIJ8SI6Ur-xnZMROgZTG7dv0hY,Stop Game MT,"Shopping popular - Terceiro, Cuiabá - MT, 78015-900, Brazil",Cuiabá,MT,Cuiabá,Região Metropolitana do Vale do Rio Cuiabá,municipio_da_capital
ChIJQz1rdNKxnZMRK3eFsf0zTU8,Street Games,"Rua - Shopping Popular - Av. Manoel José de Arruda, 207 - Dom Aquino, Cuiabá - MT, 78015-000, Brazil",Cuiabá,MT,Cuiabá,Região Metropolitana do Vale do Rio Cuiabá,municipio_da_capital
ChIJCRYPCyaynZMRVzgrFLpODyg,Studio Leve - RPG e Pilates,"Rua: das Orquídeas, 74 - Jardim Cuiaba, Cuiabá - MT, 78043-148, Brazil",Cuiabá,MT,Cuiabá,Região Metropolitana do Vale do Rio Cuiabá,municipio_da_capital
ChIJmzi9dZ2lnZMRrNnpun3IhRk,Super Games store,"Av. Espigão, 425 - Tijucal, Cuiabá - MT, 78088-000, Brazil",Cuiabá,MT,Cuiabá,Região Metropolitana do Vale do Rio Cuiabá,municipio_da_capital
ChIJ8wtxLMSvnZMRyoW2i__eYGA,Tatehira Card Games & Cyber Café,"Av. Fernando Corrêa da Costa, 4620-A - Jardim Alencastro, Cuiabá - MT, 78085-000, Brazil",Cuiabá,MT,Cuiabá,Região Metropolitana do Vale do Rio Cuiabá,municipio_da_capital
ChIJY_lqHVLl3JQRvDHacOMDKuc,BoardZ Game Pub,"R. Chile, 2077 - Rebouças, Curitiba - PR, 80220-181, Brazil",Curitiba,PR,Curitiba,Região Metropolitana de Curitiba,municipio_da_capital
ChIJOczn8z7l3JQRNBEL_ZJ3iQo,Joyjoy Café,"Av. Presidente Affonso Camargo, 1939 - Lj 02 - Cristo Rei, Curitiba - PR, 80050-370, Brazil",Curitiba,PR,Curitiba,Região Metropolitana de Curitiba,municipio_da_capital
ChIJ1wjBJD7k3JQRQi7trfp_0aQ,Vila Celta Hobby Store - Jogos e Café,"Av. Pres. Getúlio Vargas, 659 - Rebouças, Curitiba - PR, 80240-040, Brazil",Curitiba,PR,Curitiba,Região Metropolitana de Curitiba,municipio_da_capital
ChIJc66HomXk3JQRNl28jz_VsPc,Taverna Game House,"R. Alferes Poli, 589 - Centro, Curitiba - PR, 80220-050, Brazil",Curitiba,PR,Curitiba,Região Metropolitana de Curitiba,municipio_da_capital
ChIJV5xi80_l3JQRyRgvZvdRi8I,Alba - Café e jogos de tabuleiro,"R. Nilo Peçanha, 16 - São Francisco, Curitiba - PR, 80520-000, Brazil",Curitiba,PR,Curitiba,Região Metropolitana de Curitiba,municipio_da_capital
ChIJtUtmZB3l3JQRYb3sZEFlMXI,AC Games,"Av. Nossa Sra. de Lourdes, 63 - Lj 3C - Jardim das Américas, Curitiba - PR, 81530-020, Brazil",Curitiba,PR,Curitiba,Região Metropolitana de Curitiba,municipio_da_capital
ChIJ3ekLtDjl3JQRHwtNgmINgLo,Alçapão Jogos,"R. Mal. Hermes, 104 - Centro Cívico, Curitiba - PR, 80530-230, Brazil",Curitiba,PR,Curitiba,Região Metropolitana de Curitiba,municipio_da_capital
ChIJ0Q_qUPzl3JQRGum2ROsTfJk,Arena Cajuru,"R. Filipinas, 130 - Cajuru, Curitiba - PR, 82960-180, Brazil",Curitiba,PR,Curitiba,Região Metropolitana de Curitiba,municipio_da_capital
ChIJcT2Umb7j3JQR7939BdNxnFE,Borba Games | Venda e Aluguel de Jogos de Tabuleiros,"R. Icaraima - Fazendinha, Curitiba - PR, 81320-060, Brazil",Curitiba,PR,Curitiba,Região Metropolitana de Curitiba,municipio_da_capital
ChIJLVw9dV3j3JQRrIogSaHoM-c,Brasil Games,"Av. Pres. Kennedy, 4121 - L3 - Portão, Curitiba - PR, 80610-905, Brazil",Curitiba,PR,Curitiba,Região Metropolitana de Curitiba,municipio_da_capital
ChIJlaSMln_j3JQRaMmW9Ztt91c,Casa Meeple - Aluguel de Jogos de Tabuleiro,"R. Herculano Carlos Franco de Souza, 459 - Água Verde, Curitiba - PR, 80240-290, Brazil",Curitiba,PR,Curitiba,Região Metropolitana de Curitiba,municipio_da_capital
ChIJZaTDQ_7n3JQRkEOI_veMDEM,Cidadela Card Games,"Av. Anita Garibaldi, 2480 - Lj 06 - Boa Vista, Curitiba - PR, 82200-550, Brazil",Curitiba,PR,Curitiba,Região Metropolitana de Curitiba,municipio_da_capital
ChIJ9dvEFhDl3JQRG18RpIu6HwM,Color Geek TCG ( Loja e escritório),"R. Riachuelo, 20 - Centro, Curitiba - PR, 80020-250, Brazil",Curitiba,PR,Curitiba,Região Metropolitana de Curitiba,municipio_da_capital
ChIJR86F0NDl3JQR7VY64mnQmro,Dexter Boardgames e TCG - Loja Virtual,"Av. Sete de Setembro, 3293 - Sala 107 - Centro, Curitiba - PR, 80230-085, Brazil",Curitiba,PR,Curitiba,Região Metropolitana de Curitiba,municipio_da_capital
ChIJU1Fzv23k3JQRcTMPX2STXfs,Donkey Kong Games,"R. Pedro Ivo, 43 - Box 22 - Centro, Curitiba - PR, 80010-020, Brazil",Curitiba,PR,Curitiba,Região Metropolitana de Curitiba,municipio_da_capital
ChIJz3_DIkjl3JQRt5LRvGkn6T0,Eleucards - Hobby Store,"Rua 24 de Maio, 593 - Centro, Curitiba - PR, 80220-060, Brazil",Curitiba,PR,Curitiba,Região Metropolitana de Curitiba,municipio_da_capital
ChIJeZDmeBzj3JQRpoWPbG-p7ek,Espião Games,"R. Prof. Pedro Viriato Parigot de Souza, 600 - Lj 2031 - Mossunguê, Curitiba - PR, 81200-100, Brazil",Curitiba,PR,Curitiba,Região Metropolitana de Curitiba,municipio_da_capital
ChIJocsYG1Tl3JQR9Vyr3FONktI,Estação Games Curitiba,"Centro de Curitiba, Shopping Estação - Rebouças, Curitiba - PR, 80230-010, Brazil",Curitiba,PR,Curitiba,Região Metropolitana de Curitiba,municipio_da_capital
ChIJHaOH0obj3JQRjGKYgAfmeWo,Fora da Caixa - Biblioteca de Jogos de Mesa,"R. Profa. Maria José Godoy, 274 - Bom Retiro, Curitiba - PR, 80520-220, Brazil",Curitiba,PR,Curitiba,Região Metropolitana de Curitiba,municipio_da_capital
ChIJ0ftSGFzw3JQRtoakn1mqyOs,Geek Burguer,"Alameda Dr. Carlos de Carvalho, 805 - Centro, Curitiba - PR, 80410-180, Brazil",Curitiba,PR,Curitiba,Região Metropolitana de Curitiba,municipio_da_capital
ChIJLwJRHfP93JQRwsN6fIcfeNg,O Gatão Jogos,"R. Izaac Ferreira da Cruz, 1787 - Pinheirinho, Curitiba - PR, 81870-000, Brazil",Curitiba,PR,Curitiba,Região Metropolitana de Curitiba,municipio_da_capital
ChIJK5Dhtunj3JQRniPWHB3haDU,Paladino Hobbies,"R. Padre Anchieta, 2454 - Lj 24 - Bigorrilho, Curitiba - PR, 80730-000, Brazil",Curitiba,PR,Curitiba,Região Metropolitana de Curitiba,municipio_da_capital
ChIJTdymzWTm3JQRSjlSLQyY1ts,Planeta Games,"anexo merc. atacadao - Av. Paraná, 3220 - Lj 21 - Boa Vista, Curitiba - PR, 82510-000, Brazil",Curitiba,PR,Curitiba,Região Metropolitana de Curitiba,municipio_da_capital
ChIJvdKeBx7n3JQRxBzRBy23XWM,RaXaKuKa Jogos & Desafios Cognitivos,"R. Dr. Bezerra de Menezes, 68 - Lj 04 - Ahú, Curitiba - PR, 80540-190, Brazil",Curitiba,PR,Curitiba,Região Metropolitana de Curitiba,municipio_da_capital
ChIJv_pNE3Pl3JQRCVM-2vFQX6s,Start Games Sales and Service,"Av. Nossa Sra. de Lourdes, 63 - Centro, Curitiba - PR, 80230-010, Brazil",Curitiba,PR,Curitiba,Região Metropolitana de Curitiba,municipio_da_capital
ChIJ4UTOWgrj3JQRsm3e18EhfHA,Toka Brinquedos e Colecionáveis,"R. João Alencar Guimarães, 1219 - Santa Quiteria, Curitiba - PR, 80310-420, Brazil",Curitiba,PR,Curitiba,Região Metropolitana de Curitiba,municipio_da_capital
ChIJE-mLUmDk3JQR7SwYcySFa70,Tropas Polares - Associação de Tabletop Games & Miniaturismo,"R. Mal. Deodoro, 2413 - sobreloja - Alto da XV, Curitiba - PR, 80045-235, Brazil",Curitiba,PR,Curitiba,Região Metropolitana de Curitiba,municipio_da_capital
ChIJa3nvk47j3JQR2yMtZEUhr6I,Vila Vilô Brinquedoteca,"Shopping Pátio Batel - Av. do Batel, 1868 - Batel, Curitiba - PR, 80420-090, Brazil",Curitiba,PR,Curitiba,Região Metropolitana de Curitiba,municipio_da_capital
ChIJpyf58vL93JQRzjPTFDFE4xg,WeCaos RPG Hobby Store,"R. Des. Ernâni Guaritá Cartaxo, 1 - Lj Térreo - Capão Raso, Curitiba - PR, 81130-120, Brazil",Curitiba,PR,Curitiba,Região Metropolitana de Curitiba,municipio_da_capital
ChIJm6MFYxXk3JQRdlRAZV1Dtt4,XPlace Games,"R. Fernando de Noronha, 1069 - Boa Vista, Curitiba - PR, 82650-145, Brazil",Curitiba,PR,Curitiba,Região Metropolitana de Curitiba,municipio_da_capital
ChIJpdHXvOJBJ5UR0psgDWi1jJc,Atelier Alfredo Larre Jogos de Tabuleiro,"Manoel - Servidão Manoel Amaro Nunes Pinheiro, 727 - Ratones, Florianópolis - SC, 88052-250, Brazil",Florianópolis,SC,Florianópolis,Região Metropolitana de Florianópolis,municipio_da_capital
ChIJWZCzZhA5J5URlScOX13XlWs,Berçário Mágico Florianópolis,"SC-401 - Saco Grande, Florianópolis - SC, 88032-005, Brazil",Florianópolis,SC,Florianópolis,Região Metropolitana de Florianópolis,municipio_da_capital
ChIJ-4RQ4kk5J5URdwADbX8za7M,Box 117 - BRINQUEDOS,"camelódromo municipal de Florianópolis - R. Francisco Tolentino, 315 - Centro, Florianópolis - SC, 88010-913, Brazil",Florianópolis,SC,Florianópolis,Região Metropolitana de Florianópolis,municipio_da_capital
ChIJQ40ebT1JJ5URTdocEku1P0I,Brinkidiss,"R. Cel. Pedro Demoro, 1955 - Estreito, Florianópolis - SC, 88075-300, Brazil",Florianópolis,SC,Florianópolis,Região Metropolitana de Florianópolis,municipio_da_capital
ChIJUyXE3OBDJ5UR-QHJbZzz4K0,Brinquedoteca Mamãe Ursa,"Servidão - R. Antenor de Souza Conceição, 818 - São João do Rio Vermelho, Florianópolis - SC, 88060-220, Brazil",Florianópolis,SC,Florianópolis,Região Metropolitana de Florianópolis,municipio_da_capital
ChIJawIVeV0JM0oR5BtnD_poQeA,CCG Floripa,"R. Lauro Linhares, 245 - Trindade, Florianópolis - SC, 88036-000, Brazil",Florianópolis,SC,Florianópolis,Região Metropolitana de Florianópolis,municipio_da_capital
ChIJ5y2CaytJJ5UR84Op92X8Xgg,CNeutral RPG e Hobbies,"R. Felipe Schmidt, 249 - Sl 308 - Centro, Florianópolis - SC, 88010-000, Brazil",Florianópolis,SC,Florianópolis,Região Metropolitana de Florianópolis,municipio_da_capital
ChIJc3F7ka83J5URQZ1XTl-_iak,Chef on Play,"Rua kk - atrás do bem bolado bar - Praça Atílio ferreira, 07 - Trindade, Florianópolis - SC, 88080-701, Brazil",Florianópolis,SC,Florianópolis,Região Metropolitana de Florianópolis,municipio_da_capital
ChIJ7ZioVfU3J5URMq3PGrI4mFw,Dragon's House Hobby Store,"R. Conselheiro Mafra, 246 - sobreloja - Centro, Florianópolis - SC, 88010-100, Brazil",Florianópolis,SC,Florianópolis,Região Metropolitana de Florianópolis,municipio_da_capital
ChIJ_Qdle005J5URXK4SqE4NiOY,Elemental Geek,"Edifício Joana de Gusmão - Calçadão João Pinto, 30 - Lj 11 - Centro, Florianópolis - SC, 88010-420, Brazil",Florianópolis,SC,Florianópolis,Região Metropolitana de Florianópolis,municipio_da_capital
ChIJ5cVikgzL2JQRfcOg3KSl_DA,Game Mania,"Av. Gov. Ivo Silveira, 2445 - Sl 03 - Capoeiras, Florianópolis - SC, 88085-001, Brazil",Florianópolis,SC,Florianópolis,Região Metropolitana de Florianópolis,municipio_da_capital
ChIJ62cIJ6A4J5URgMYeNA2aqJY,Game Mania,"Rod. Virgílio Várzea, 587 - Lj 2 - Saco Grande, Florianópolis - SC, 88032-005, Brazil",Florianópolis,SC,Florianópolis,Região Metropolitana de Florianópolis,municipio_da_capital
ChIJk3dvafk4J5URzKOq9gwfq40,Game Mania,"Av. Me. Benvenuta, 687 - Lj 123 - Trindade, Florianópolis - SC, 88035-000, Brazil",Florianópolis,SC,Florianópolis,Região Metropolitana de Florianópolis,municipio_da_capital
ChIJY6jHpII7J5URz-TdE62Igr4,Honeys Board Games - Aluguel de Jogos de Tabuleiro,"R. Recanto do Beija-Flor, 123 - Campeche, Florianópolis - SC, 88063-710, Brazil",Florianópolis,SC,Florianópolis,Região Metropolitana de Florianópolis,municipio_da_capital
ChIJNVQ5QaVDJ5URKr7f3iismtY,Jogoteka,"local de coleta e devolução dos jogos - R. Clorinda Ventimiglia, 541 - Cachoeira do Bom Jesus, Florianópolis - SC, 88056-020, Brazil",Florianópolis,SC,Florianópolis,Região Metropolitana de Florianópolis,municipio_da_capital
ChIJlcd23aQ5J5URTLDMAG1QSa8,Ludique Brinquedoteca,"R. São João Batista, 218 - Agronômica, Florianópolis - SC, 88010-400, Brazil",Florianópolis,SC,Florianópolis,Região Metropolitana de Florianópolis,municipio_da_capital
ChIJn2Kr8VhDJ5URitVmcmBml7U,Maré de Jogos,"R. Abel Álvares Cabral Júnior, 646 - Ingleses do Rio Vermelho, Florianópolis - SC, 88058-580, Brazil",Florianópolis,SC,Florianópolis,Região Metropolitana de Florianópolis,municipio_da_capital
ChIJm5mbNH45J5UREKQRJ27HXdM,Nerdz Cards Floripa,"R. Felipe Schmidt, 752 - Lj 10 - Centro, Florianópolis - SC, 88010-001, Brazil",Florianópolis,SC,Florianópolis,Região Metropolitana de Florianópolis,municipio_da_capital
ChIJ4b2SSrM3J5URkj_5Y-whCXQ,Refúgio Floripa,"Av. Santa Catarina, 1481 - Lj 1 - Canto, Florianópolis - SC, 88075-500, Brazil",Florianópolis,SC,Florianópolis,Região Metropolitana de Florianópolis,municipio_da_capital
ChIJhej1ia83J5URA3lrBNoiQGs,Tabuleiro Viajante,"Tv. das Crianças - Capoeiras, Florianópolis - SC, 88085-020, Brazil",Florianópolis,SC,Florianópolis,Região Metropolitana de Florianópolis,municipio_da_capital
ChIJSRvZCyQ4J5URqYmD8UBSHUg,World Games,"lado esquerdo - R. Jerônimo Coelho, 95 - 1º andar - Centro, Florianópolis - SC, 88010-030, Brazil",Florianópolis,SC,Florianópolis,Região Metropolitana de Florianópolis,municipio_da_capital
ChIJ0yXbI35IxwcR0_jLi-uINUU,Balboa's Hobby Games,"R. Maria Tomásia, 208 - Aldeota, Fortaleza - CE, 60150-170, Brazil",Fortaleza,CE,Fortaleza,Região Metropolitana de Fortaleza,municipio_da_capital
ChIJhfCGPXFHxwcRF-NFOui-kNI,Boliche Game Station Riomar Fortaleza,"R. Des. Lauro Nogueira, 1500 - Papicu, Fortaleza - CE, 60175-055, Brazil",Fortaleza,CE,Fortaleza,Região Metropolitana de Fortaleza,municipio_da_capital
ChIJ5ZEd4ydJxwcR1kf_zfHv9RQ,"Casa Lúdica Fortaleza | Brinquedos Educativos, Inteligentes e Mobiliário Infantil","Av. Des. Moreira, 177 - Meireles, Fortaleza - CE, 60170-000, Brazil",Fortaleza,CE,Fortaleza,Região Metropolitana de Fortaleza,municipio_da_capital
ChIJW-6v5ntJxwcRHtk7AWID5E8,"Casa de Brinquedos: Brinquedos, Jogos e Diversão para Crianças em Fortaleza.","Av. Dom Luís, 251 - Aldeota, Fortaleza - CE, 60160-230, Brazil",Fortaleza,CE,Fortaleza,Região Metropolitana de Fortaleza,municipio_da_capital
ChIJHTxWLOtOxwcRjzMfL9ObZog,City Game Locadora,"Tv. Iturama, 40 - Serrinha, Fortaleza - CE, 60741-540, Brazil",Fortaleza,CE,Fortaleza,Região Metropolitana de Fortaleza,municipio_da_capital
ChIJQURqeMZJxwcR95O-XLbS2mk,Dominaria Cards & Games,"R. Juvenal Galeno, 512 - Benfica, Fortaleza - CE, 60015-340, Brazil",Fortaleza,CE,Fortaleza,Região Metropolitana de Fortaleza,municipio_da_capital
ChIJ8w4EBYlIxwcRygbgrjihtr0,Eu Quero Saber Brinquedos Inteligentes,"R. Tibúrcio Cavalcante, 1919 B - Aldeota, Fortaleza - CE, 60125-045, Brazil",Fortaleza,CE,Fortaleza,Região Metropolitana de Fortaleza,municipio_da_capital
ChIJa8c6S8ZIxwcRVlVKn1apExA,Fada Madrinha Locação de Brinquedos,"R. José Justa, 4153 A - Tauape, Fortaleza - CE, 60120-290, Brazil",Fortaleza,CE,Fortaleza,Região Metropolitana de Fortaleza,municipio_da_capital
ChIJ3dFu-KtJxwcR_qIwvUJ2cIE,"Fort Tudo | Artigos de Decoração, Brinquedos, Utilidades, Bebê, Caça e Pesca em Fortaleza","R. Gen. Sampaio, 1300 - Centro, Fortaleza - CE, 60020-031, Brazil",Fortaleza,CE,Fortaleza,Região Metropolitana de Fortaleza,municipio_da_capital
ChIJa6y5bxtLxwcRdE7i7-Gk8lo,Game & Steak,"R. Rui Monte, 1070 - Dom Lustosa, Fortaleza - CE, 60360-640, Brazil",Fortaleza,CE,Fortaleza,Região Metropolitana de Fortaleza,municipio_da_capital
ChIJqYAh1TNGxwcRmyIPj0gMwpE,Game Station | Shopping RioMar Fortaleza,"R. Des. Lauro Nogueira, 1500 - Papicu, Fortaleza - CE, 60176-065, Brazil",Fortaleza,CE,Fortaleza,Região Metropolitana de Fortaleza,municipio_da_capital
ChIJf7M23upJxwcR2zCGv181EBs,Game mania,"Shopping Center Um - Av. Santos Dumont, 3130 - Lj 236 - Aldeota, Fortaleza - CE, 60150-162, Brazil",Fortaleza,CE,Fortaleza,Região Metropolitana de Fortaleza,municipio_da_capital
ChIJsTy8gUxLxwcRCKRfkhIP8zM,Games bar,"R. Coelho Neto, 1767 - Barra do Ceará, Fortaleza - CE, 60336-210, Brazil",Fortaleza,CE,Fortaleza,Região Metropolitana de Fortaleza,municipio_da_capital
ChIJ9QktIwBLxwcRxh5o-yafmc4,Geek Barra,"Av. Mozart Pinheiro de Lucena, 1460 - de Pinheiro, Fortaleza - CE, 60347-452, Brazil",Fortaleza,CE,Fortaleza,Região Metropolitana de Fortaleza,municipio_da_capital
ChIJIXxKE9ZJxwcRJJN63tNslYg,Geek Bunker Burger (Parquelândia),"Av. Jovita Feitosa, 2802 - Parquelândia, Fortaleza - CE, 60455-410, Brazil",Fortaleza,CE,Fortaleza,Região Metropolitana de Fortaleza,municipio_da_capital
ChIJrwA8RSpMxwcRgAAzTLpu0fo,Impacto Game Store,"Av. Benjamim Brasil, 1685 - Sl 34 - Maraponga, Fortaleza - CE, 60711-442, Brazil",Fortaleza,CE,Fortaleza,Região Metropolitana de Fortaleza,municipio_da_capital
ChIJm9__7XBNxwcRKXldb7eugVw,"InfoRed distribuidora de produtos de informática, atacadista de produtos gamer e fornecedor de eletrônicos","R. Dom Aureliano, 1290 - Siqueira, Fortaleza - CE, 60732-200, Brazil",Fortaleza,CE,Fortaleza,Região Metropolitana de Fortaleza,municipio_da_capital
ChIJpd6kO-xIxwcRDV3Ucwnw_oc,JRGAMES,"Iguatemi - Aldeota, Fortaleza - CE, 60811-341, Brazil",Fortaleza,CE,Fortaleza,Região Metropolitana de Fortaleza,municipio_da_capital
ChIJlTAVLhZJxwcRCuaHGtXrDcs,Kingmaker Boardgames,"R. Sen. Pompeu, 2920 - Benfica, Fortaleza - CE, 60025-002, Brazil",Fortaleza,CE,Fortaleza,Região Metropolitana de Fortaleza,municipio_da_capital
ChIJ4ZrqWABNxwcRZpkHkF2e_tE,Loc Fest - Locação de brinquedos,"Rua Ribeiro Júnior, 229 - Jóquei Clube, Fortaleza - CE, 60520-020, Brazil",Fortaleza,CE,Fortaleza,Região Metropolitana de Fortaleza,municipio_da_capital
ChIJ__-_Hu1PxwcRP9BFqxzYghQ,"Loucos por Games - Messejana - PS4, PS5, Xbox, Nintendo, PC Gamer, Assistência Técnica Videogames e Pc Gamer.","Av. Frei Cirilo, 3840 - Loja 38 - Messejana, Fortaleza - CE, 60840-285, Brazil",Fortaleza,CE,Fortaleza,Região Metropolitana de Fortaleza,municipio_da_capital
ChIJZaPxBvRJxwcRZDfjrzdCKc8,"Loucos por Games - North Shopping Bezerra - PS4, PS5, Xbox, Nintendo, PC Gamer, Assistência Técnica Videogames e Pc Gamer.","Av. Bezerra de Menezes, 450 - Lj 245 - São Gerardo, Fortaleza - CE, 60325-902, Brazil",Fortaleza,CE,Fortaleza,Região Metropolitana de Fortaleza,municipio_da_capital
ChIJhz6MIwtNxwcRmCh0D8IgkVM,"Loucos por Games - North Shopping Joquei - PS4, PS5, Xbox, Nintendo, PC Gamer, Assistência Técnica Videogames e Pc Gamer.","Av. Lineu Machado, 419 - Lj 2078 - Jóquei, Fortaleza - CE, 60520-102, Brazil",Fortaleza,CE,Fortaleza,Região Metropolitana de Fortaleza,municipio_da_capital
ChIJ0y9ONzVJxwcRuceoosBZVJE,"Loucos por Games - Riomar Kennedy - PS4, PS5, Xbox, Nintendo, PC Gamer, Assistência Técnica Videogames e Pc Gamer.","2º Piso - Av. Srg. Hermínio Sampaio, 3100 - Lj 2113B - Presidente Kennedy, Fortaleza - CE, 60355-512, Brazil",Fortaleza,CE,Fortaleza,Região Metropolitana de Fortaleza,municipio_da_capital
ChIJf8ySSKpHxwcR0Vki78LwTtM,"Loucos por Games - Via Sul Shopping -PS4, PS5, Xbox, Nintendo, PC Gamer, Assistência Técnica Videogames e Pc Gamer.","Av. Washington Soares, 335 - Lj 313 - Sapiranga-Coité, Fortaleza - CE, 60833-005, Brazil",Fortaleza,CE,Fortaleza,Região Metropolitana de Fortaleza,municipio_da_capital
ChIJs03GzbBPxwcRoVDXbnq6vJs,Nerds a Bordo,"Maraponga, Fortaleza - Ceará, 60712-165, Brazil",Fortaleza,CE,Fortaleza,Região Metropolitana de Fortaleza,municipio_da_capital
ChIJN1CQUH5JxwcR5RJbouX65_Y,Poppe Games | Loja de Videogames e Artigos de Jogos,"Av. Bezerra de Menezes, 2510 - Lj 10 - São Gerardo, Fortaleza - CE, 60325-902, Brazil",Fortaleza,CE,Fortaleza,Região Metropolitana de Fortaleza,municipio_da_capital
ChIJQ16a-_RFxwcRHvNLAXXnKHo,Power Games FILIAL - W.Soares,"Av. Washington Soares, 3000 - Loja 41 - Engenheiro Luciano Cavalcante, Fortaleza - CE, 60811-341, Brazil",Fortaleza,CE,Fortaleza,Região Metropolitana de Fortaleza,municipio_da_capital
ChIJvw-FWIlFxwcRSDuLMm65KxI,Power Games Matriz,"R. Dr. Gilberto Studart, 155 - Lj 26 - Cocó, Fortaleza - CE, 60190-750, Brazil",Fortaleza,CE,Fortaleza,Região Metropolitana de Fortaleza,municipio_da_capital
ChIJy9s6rA1JxwcR2ZFE4y9mcpU,R.v brinquedos,"R. Carlos Câmara, 1739 - Jardim América, Fortaleza - CE, 60040-531, Brazil",Fortaleza,CE,Fortaleza,Região Metropolitana de Fortaleza,municipio_da_capital
ChIJTwniujxHxwcR5sSBECd-9dU,RPG A Queda de Agatha,"Lugaar Nenhum - De Lourdes, Fortaleza - CE, 60177-240, Brazil",Fortaleza,CE,Fortaleza,Região Metropolitana de Fortaleza,municipio_da_capital
ChIJg8nBQmtJxwcRNmLMketFjys,Redzone Cards e Games,"Av. Edilson Brasil Soares, 770 - Segundo piso, Sala 3 - Edson Queiroz, Fortaleza - CE, 60821-775, Brazil",Fortaleza,CE,Fortaleza,Região Metropolitana de Fortaleza,municipio_da_capital
ChIJs8NH6jtPxwcRYsvQ8e4vGiI,Sentinela Boardgames,"Rua das Gaivotas, 180 - Jardim das Oliveiras, Fortaleza - CE, 60821-160, Brazil",Fortaleza,CE,Fortaleza,Região Metropolitana de Fortaleza,municipio_da_capital
ChIJnxsnImNIxwcRr4T3wONrZIA,Shark Games,"Quiosque 11 - Shopping Aldeota - - Avenida Dom Luís, 500 - Aldeota, Fortaleza - CE, 60160-230, Brazil",Fortaleza,CE,Fortaleza,Região Metropolitana de Fortaleza,municipio_da_capital
ChIJvSrPaZ5JxwcRKAsZMUurQhA,Shark Games,"R. Padre Anchieta, 1295 - Monte Castelo, Fortaleza - CE, 60325-520, Brazil",Fortaleza,CE,Fortaleza,Região Metropolitana de Fortaleza,municipio_da_capital
ChIJDzdBh7JJxwcRrLtzKCo6J4Y,Smart Games,"R. Sen. Pompeu, 1099 - Centro, Fortaleza - CE, 60025-000, Brazil",Fortaleza,CE,Fortaleza,Região Metropolitana de Fortaleza,municipio_da_capital
ChIJ224aM91JxwcRE9nLHao0irc,SpellCard,"Av. João Pessoa, 5834 - Lj 14 - Couto Fernandes, Fortaleza - CE, 60442-057, Brazil",Fortaleza,CE,Fortaleza,Região Metropolitana de Fortaleza,municipio_da_capital
ChIJs9icn11JxwcR2ZrJkI7U5NY,Studio Games,"Av. Washington Soares, 85 - Edson Queiroz, Fortaleza - CE, 60811-341, Brazil",Fortaleza,CE,Fortaleza,Região Metropolitana de Fortaleza,municipio_da_capital
ChIJnaxY_-VJxwcRIFqOxIx5a74,jogo iracema,"2828 - jj, Fortaleza - CE, 60025-060, Brazil",Fortaleza,CE,Fortaleza,Região Metropolitana de Fortaleza,municipio_da_capital
ChIJhSTdlebzXpMRf01LEaFa--8,Ludris Casa de Boardgames,"R. 6-A, 830 - Qd 58 Lt 12 - St. Aeroporto, Goiânia - GO, 74070-070, Brazil",Goiânia,GO,Goiânia,Região Metropolitana de Goiânia,municipio_da_capital
ChIJX0sGb3bxXpMRIGplcKaQaeQ,Reino Lúdico - Aluguel de Jogos de Tabuleiro,"Av. 136, 62 - St. Marista, Goiânia - GO, 74840-540, Brazil",Goiânia,GO,Goiânia,Região Metropolitana de Goiânia,municipio_da_capital
ChIJLR49WfHxXpMRrSDkf1ExRR4,Bacon Arcano,"R. 84, 604 - Mezanino 1 - St. Sul, Goiânia - GO, 74080-410, Brazil",Goiânia,GO,Goiânia,Região Metropolitana de Goiânia,municipio_da_capital
ChIJvT1MC_L2XpMRCR2DAPE81YM,Bilhar Cidade,"R. Dinamarca, 701 - Qd 97 Lt 32 - Jardim Europa, Goiânia - GO, 74330-050, Brazil",Goiânia,GO,Goiânia,Região Metropolitana de Goiânia,municipio_da_capital
ChIJzfCiDjLxXpMR1ssGD0_sMw4,Board Game Barato - Jogos de Tabuleiro,"Edif. Lourenço Office - Av. T-7, º 371 - sala 1102 - Goiânia, GO, 74140-110, Brazil",Goiânia,GO,Goiânia,Região Metropolitana de Goiânia,municipio_da_capital
ChIJr6qqsmnxXpMRferkB7-_NP8,Cine Games,"Cine Games - R. 18, 155 - St. Oeste, Goiânia - GO, 74120-080, Brazil",Goiânia,GO,Goiânia,Região Metropolitana de Goiânia,municipio_da_capital
ChIJ-fG3ziHxXpMR2l4W06mI1Vk,Cirandê Club - Brinquedoteca e Festas Infantis - Piso G1 Goiânia Shopping,"Av. T-10, 1300 Piso G1, Cirandê Club - Shopping, Goiânia - GO, 74223-060, Brazil",Goiânia,GO,Goiânia,Região Metropolitana de Goiânia,municipio_da_capital
ChIJDTeCBpPzXpMRVZqZdNeockg,Domus Board Games - Aluguel de jogos de tabuleiro,"Rua L11, Residencial alegria, 100 - Feliz, Goiânia - GO, 74703-110, Brazil",Goiânia,GO,Goiânia,Região Metropolitana de Goiânia,municipio_da_capital
ChIJHSp7iEfxXpMRVtA99lT7tUk,Eduque Brinquedos,"R. 83, 55 - St. Sul, Goiânia - GO, 74083-195, Brazil",Goiânia,GO,Goiânia,Região Metropolitana de Goiânia,municipio_da_capital
ChIJzy5cbGL1XpMRFoZpuRA5QII,Faturando com rpg,"R. Cláudio da Costa - Goiânia, GO, 74423-420, Brazil",Goiânia,GO,Goiânia,Região Metropolitana de Goiânia,municipio_da_capital
ChIJ28YWgrb1XpMRMv6SpzX6y9s,Fire games,"Mega lojas Stand E1034/C1033 - Av. Anhanguera, quadra 83A - Campinas, Goiânia - GO, 74503-100, Brazil",Goiânia,GO,Goiânia,Região Metropolitana de Goiânia,municipio_da_capital
ChIJVa4pFt7zXpMRsc2v1w_5XYc,GamerSurvivall,"Rua Colonia, Qd. 240A, Lt. 7, S/N - Novo Mundo, Goiânia - GO, 74713-200, Brazil",Goiânia,GO,Goiânia,Região Metropolitana de Goiânia,municipio_da_capital
ChIJQa_8W7f3XpMR16MqXb3u21Q,Garagem Board Game,"Av. da Liberdade - St. Garavelo B, Goiânia - GO, 74354-060, Brazil",Goiânia,GO,Goiânia,Região Metropolitana de Goiânia,municipio_da_capital
ChIJq6rqcQf0XpMRvbIPAPinCfU,Guerra Games,"Av Anhanguera 8044, 74523-605 camelódromo de campinas 1 , Stand 128 e 129 - Coimbra, Goiânia - GO, 74523-605, Brazil",Goiânia,GO,Goiânia,Região Metropolitana de Goiânia,municipio_da_capital
ChIJ3_UG5sHxXpMRSp0s6aJUNZs,Guilda Dos Jogos - Jogos de Tabuleiro,"Av. T-7, 302 - St. Oeste, Goiânia - GO, 74140-110, Brazil",Goiânia,GO,Goiânia,Região Metropolitana de Goiânia,municipio_da_capital
ChIJz8V7Ga3zXpMRP5m_dQimpZY,Loja Life Games,"R. 24, 802 - St. Central, Goiânia - GO, 74030-060, Brazil",Goiânia,GO,Goiânia,Região Metropolitana de Goiânia,municipio_da_capital
ChIJj9-M-7L1XpMR7EXrwZ8hQoY,LudoNorte - Jogos de Tabuleiro,"Condomínio Alto da Boa Vista - Ac. 5 - St. Vila João Vaz, Goiânia - GO, 74445-500, Brazil",Goiânia,GO,Goiânia,Região Metropolitana de Goiânia,municipio_da_capital
ChIJoYv18631XpMRRuQ1YPAdNho,Ludoteca Club,"Av. Maria Pestana, Qd 1 - Lt 13 - Goiânia, GO, 74595-331, Brazil",Goiânia,GO,Goiânia,Região Metropolitana de Goiânia,municipio_da_capital
ChIJXXKw4GLxXpMRKvxFi_qgAFw,MARIO GAMES,"Av. Assis Chateaubriand, 365 - St. Oeste, Goiânia - GO, 74130-010, Brazil",Goiânia,GO,Goiânia,Região Metropolitana de Goiânia,municipio_da_capital
ChIJiddkAN_zXpMRamo8ROrdmZw,Mais Uma Mesa RPG,"Rua Fn-27 - Av. Fonte Nova - Vila Finsocial, Goiânia - GO, 74594-023, Brazil",Goiânia,GO,Goiânia,Região Metropolitana de Goiânia,municipio_da_capital
ChIJk7mYt4TxXpMRbJ00zDYXB5E,Melhor Quintal - Brinquedoteca e Espaço Infantil,"Rua 1141, qd 246 - Lt 46 - St. Marista, Goiânia - GO, 74180-081, Brazil",Goiânia,GO,Goiânia,Região Metropolitana de Goiânia,municipio_da_capital
ChIJXVVVLTnxXpMRByNuMFiFypM,Mundo Girafa Brinquedos,"Av. Castelo Branco, 633 - R26 - St. Bueno, Goiânia - GO, 74210-185, Brazil",Goiânia,GO,Goiânia,Região Metropolitana de Goiânia,municipio_da_capital
ChIJp_9nKvvwXpMRHgJXGPtBPIo,Nitroxx Games,"Alameda João Elías da Silva Caldas, 474 - quadra 88a, lote 16 - St. Pedro Ludovico, Goiânia - GO, 74825-060, Brazil",Goiânia,GO,Goiânia,Região Metropolitana de Goiânia,municipio_da_capital
ChIJIWtBxwf0XpMRr8gIsppriLg,Planet games,"Av. São Paulo, 867 - St. Campinas, Goiânia - GO, 74510-030, Brazil",Goiânia,GO,Goiânia,Região Metropolitana de Goiânia,municipio_da_capital
ChIJaeJg_T3xXpMRocZQEDZSdK8,Play Jogos & Brinquedos - Sinuca em Goiânia - Bilhar em Goiânia - Taco - Pinpolim - Xadrez,"Av. 85, 2064 - St. Marista, Goiânia - GO, 74160-010, Brazil",Goiânia,GO,Goiânia,Região Metropolitana de Goiânia,municipio_da_capital
ChIJRVvvBMX2XpMRiSJiRcjnVL4,Playn'joy Toyteca Brinquedos,"Av. Milão, 1808 - QD CP17 - LT 16 Loja 01 - Eldorado, Goiânia - GO, 74373-270, Brazil",Goiânia,GO,Goiânia,Região Metropolitana de Goiânia,municipio_da_capital
ChIJ3Z1tm_j1XpMRtMNMJofeUaA,Primo Games,"Av Anhanguera 8044 - Camelódromo de Campinas, 1 - stand 221 a 223 - St. Campinas, Goiânia - GO, 74523-605, Brazil",Goiânia,GO,Goiânia,Região Metropolitana de Goiânia,municipio_da_capital
ChIJr9taRxP3XpMRMWejEKnwePQ,Rock And Axe Geek Store,"Av. Itália, 1510 - QD 49 LT06 - Jardim Europa, Goiânia - GO, 74325-110, Brazil",Goiânia,GO,Goiânia,Região Metropolitana de Goiânia,municipio_da_capital
ChIJveqgLrLzXpMRCdIw_IiqVBA,Storm Acessórios,"R. Quatro, 1565 - Setor Aeroporto, Goiânia - GO, 74075-050, Brazil",Goiânia,GO,Goiânia,Região Metropolitana de Goiânia,municipio_da_capital
ChIJJ3wfdDyLXpMRmWw2LP3gJC8,Talismã Board Games,"rua 05 - Jardim Maria Helena, Goiânia - GO, 74769-778, Brazil",Goiânia,GO,Goiânia,Região Metropolitana de Goiânia,municipio_da_capital
ChIJAUSDHR3xXpMRlqsVb58UP_4,Turno 42,"Av. 85, 1445 - St. Marista, Goiânia - GO, 74160-010, Brazil",Goiânia,GO,Goiânia,Região Metropolitana de Goiânia,municipio_da_capital
ChIJ89uEICDxXpMRdaEvN0XiWK0,Paladins Game Store,"Galeria Free Shop - R. S-1, 54 - St. Bueno, Goiânia - GO, 74230-020, Brazil",Goiânia,GO,Goiânia,Região Metropolitana de Goiânia,municipio_da_capital
ChIJhe2rxenDrAcRUShNxuX6jqI,3R Games,"R. Orlando Falcone de Oliveira, 1789 - Portal do Sol, João Pessoa - PB, 58046-528, Brazil",João Pessoa,PB,João Pessoa,Região Metropolitana de João Pessoa,municipio_da_capital
ChIJDQ9TzKjDrAcRRG562PfeoZM,Arena Gamer PB,"R. Etelvina Macedo de Mendonça - Torre, João Pessoa - PB, 58033-455, Brazil",João Pessoa,PB,João Pessoa,Região Metropolitana de João Pessoa,municipio_da_capital
ChIJUTd2BQDprAcRRn2cH33kv2A,Atendimento 24h Vídeos e Jogos,"R. Morise de Miranda Gusmão, 980 - Cristo Redentor, João Pessoa - PB, 58070-540, Brazil",João Pessoa,PB,João Pessoa,Região Metropolitana de João Pessoa,municipio_da_capital
ChIJUar1aVHdrAcRxAgXQs_cG0Q,Brinquedos e Presentes - Estados,"Av. Maranhão, 109 - Estados, João Pessoa - PB, 58030-261, Brazil",João Pessoa,PB,João Pessoa,Região Metropolitana de João Pessoa,municipio_da_capital
ChIJH1m6ryXdrAcRBgt4C40dxNM,Brinquedos e Presentes Tambaú,"Av. Profa. Maria Sales, 554 - Tambaú, João Pessoa - PB, 58039-130, Brazil",João Pessoa,PB,João Pessoa,Região Metropolitana de João Pessoa,municipio_da_capital
ChIJvdcJ_uPdrAcRXZ6O1gwC2qM,Brinquedos e Travessuras,"R. Bacharel José de Oliveira Curchatuz, 850 - Jardim Oceania, João Pessoa - PB, 58037-432, Brazil",João Pessoa,PB,João Pessoa,Região Metropolitana de João Pessoa,municipio_da_capital
ChIJX7Xzo1zdrAcRINbR27-sD8Q,Cayuca Brinquedos - Miramar,"Empresarial Oliver Cruz - R. Pref. José Leite, 474 - Lj 5 - Miramar, João Pessoa - PB, 58032-101, Brazil",João Pessoa,PB,João Pessoa,Região Metropolitana de João Pessoa,municipio_da_capital
ChIJYyAqHcDdrAcRkDDFCTn9gXY,Covil do Calango,"Av. Júlia Freire, 1129 - Torre, João Pessoa - PB, 58040-040, Brazil",João Pessoa,PB,João Pessoa,Região Metropolitana de João Pessoa,municipio_da_capital
ChIJDYRjwm3drAcRjcIBqg6cWZM,Game Station - Shopping Manaira,"Av. Gov. Flávio Ribeiro Coutinho, 805 - Manaíra, João Pessoa - PB, 58037-900, Brazil",João Pessoa,PB,João Pessoa,Região Metropolitana de João Pessoa,municipio_da_capital
ChIJX_VJwpvnrAcR2CqmSSJJbdE,Gamers Electronic Shop,"Av. Beaurepaire Rohan, 66-100 - Centro, João Pessoa - PB, 58010-080, Brazil",João Pessoa,PB,João Pessoa,Região Metropolitana de João Pessoa,municipio_da_capital
ChIJB1qBHwndrAcRMAIBxvMl3aI,Garden Maker - Brinquedoteca Educativa,"Mezanino Superior Externo - no TechneMall - R. Cassimiro de Abreu, 56 - Sala 16A - Brisamar, João Pessoa - PB, 58033-330, Brazil",João Pessoa,PB,João Pessoa,Região Metropolitana de João Pessoa,municipio_da_capital
ChIJb0TXDUndrAcRi0y4ut782Hw,Grão-Mestre Luderia,"R. Antônio Gama, 669 - Expedicionários, João Pessoa - PB, 58041-110, Brazil",João Pessoa,PB,João Pessoa,Região Metropolitana de João Pessoa,municipio_da_capital
ChIJewOopODnrAcRG7UA-VNlOx8,"Loja de Presentes, Brinquedos e Utilidades do Lar | Top Brasil Presentes","R. Duque de Caxias, 275 - Centro, João Pessoa - PB, 58010-820, Brazil",João Pessoa,PB,João Pessoa,Região Metropolitana de João Pessoa,municipio_da_capital
ChIJMwO7YgDdrAcRiYUURL8xCls,Mokuzai café e jogos,"R. Funcionário Odon Almeida, 271 - Mangabeira, João Pessoa - PB, 58058-520, Brazil",João Pessoa,PB,João Pessoa,Região Metropolitana de João Pessoa,municipio_da_capital
ChIJ6Z1Gd2zdrAcRfu8-ixl29zs,"Mundo Nerd - Cards Pokémon, Universo Geek - Loja Geek","R. Severino Nicolau de Melo, 302 - Jardim Oceania, João Pessoa - PB, 58037-700, Brazil",João Pessoa,PB,João Pessoa,Região Metropolitana de João Pessoa,municipio_da_capital
ChIJ85vQQj7CrAcR5VnMKrj0Vo0,Mundo da diversão Locações de Brinquedos,"Osorio Muniz Brito Brasil - Mangabeira, João Pessoa - PB, 58056-100, Brazil",João Pessoa,PB,João Pessoa,Região Metropolitana de João Pessoa,municipio_da_capital
ChIJ3aUXP2rdrAcRamOHbgvNi1U,Psi Com Jogos | Loja de Jogos Educativos,"Av. Pres. Epitácio Pessoa, 2400 - sala 1 - Estados, João Pessoa - PB, 58042-006, Brazil",João Pessoa,PB,João Pessoa,Região Metropolitana de João Pessoa,municipio_da_capital
ChIJSQ7pMgDorAcR2tW4krOfXOI,Serviços Games,"604-686 - Av. Carneiro da Cunha - Torre, João Pessoa - PB, 58040-243, Brazil",João Pessoa,PB,João Pessoa,Região Metropolitana de João Pessoa,municipio_da_capital
ChIJGX48aCPdrAcRGKdjxcowZII,Super Games,"Condomínio Empresarial Kairos - Av. Sen. Ruy Carneiro, 525 - Tambaú, João Pessoa - PB, 58039-181, Brazil",João Pessoa,PB,João Pessoa,Região Metropolitana de João Pessoa,municipio_da_capital
ChIJ60hdgwzdrAcR2pQumgexCZo,Super Games Pirâmide Shopping,"Av. Antônio Lira, 300 - Térreo, Loja 1 e 2 - Tambaú, João Pessoa - PB, 58039-050, Brazil",João Pessoa,PB,João Pessoa,Região Metropolitana de João Pessoa,municipio_da_capital
ChIJOUFiKVTprAcRKmexVNh5B1Q,TABERNA GAMES,"R. Clóvis Santana do Rosário - Lot. Jardim Itabaiana, João Pessoa - PB, 58071-686, Brazil",João Pessoa,PB,João Pessoa,Região Metropolitana de João Pessoa,municipio_da_capital
ChIJqQGLHGfnrAcR7cbxZrSPynE,Taverna Mestre Ogro,"R. Alfredo José Athaíde, 189 - ap106 - Alto do Céu, João Pessoa - PB, 58027-740, Brazil",João Pessoa,PB,João Pessoa,Região Metropolitana de João Pessoa,municipio_da_capital
ChIJoVvy7ALnrAcRk0TFojnHe3o,Teck Games,"R. Des. Souto Maior, 288 - Centro, João Pessoa - PB, 58013-190, Brazil",João Pessoa,PB,João Pessoa,Região Metropolitana de João Pessoa,municipio_da_capital
ChIJi7nmsuDnrAcRL7YqefCGlzk,Thiago & Arione Games & Assistencia Técnica,"Av. Dom Pedro II, 292 - Centro, João Pessoa - PB, 58013-420, Brazil",João Pessoa,PB,João Pessoa,Região Metropolitana de João Pessoa,municipio_da_capital
ChIJdfQn3dHdrAcREWGvHlJbjkU,Tiffy Toys - Cabo Branco - Loja de Brinquedos em João Pessoa,"Loja 2: - Av. Cairu, 222 - Loja nº 103, Akrópolis - Cabo Branco, João Pessoa - PB, 58045-100, Brazil",João Pessoa,PB,João Pessoa,Região Metropolitana de João Pessoa,municipio_da_capital
ChIJYfcfaFjCrAcRJyDjj-zjdYg,Toinho games,"R. Administrador Manoel Ângelo de Oliveira, 1 - Mangabeira VII, João Pessoa - PB, 58058-200, Brazil",João Pessoa,PB,João Pessoa,Região Metropolitana de João Pessoa,municipio_da_capital
ChIJvRi2jWzdrAcRjX2hXYewzPM,Turma do Jardim Brinquedoteca,"Mag Shopping - Av. Gov. Flávio Ribeiro Coutinho, 115 - Lot. Oceania II, João Pessoa - PB, 58037-000, Brazil",João Pessoa,PB,João Pessoa,Região Metropolitana de João Pessoa,municipio_da_capital
ChIJqfgNxtPCrAcROvivIK8e9DM,Vida Toys Brinquedos - Unidade Shopping Pátio Altiplano,"Shopping Altiplano - R. Poe. Targino Teixeira, 251 - Loja 51 - Piso L1 - Térreo - Altiplano Cabo Branco, João Pessoa - PB, 58046-090, Brazil",João Pessoa,PB,João Pessoa,Região Metropolitana de João Pessoa,municipio_da_capital
ChIJg7vckuDnrAcRvUcVzd2PRLw,Vip Games,"R. Duque de Caxias, 312 - Centro, João Pessoa - PB, 58010-820, Brazil",João Pessoa,PB,João Pessoa,Região Metropolitana de João Pessoa,municipio_da_capital
ChIJnyqy8QHhYY0RIHJp_Ofb4v8,4 Fun Geek Store,"Acelino de Leão, 1503 - Buritizal, Macapá - AP, 68901-092, Brazil",Macapá,AP,Macapá,Região Metropolitana de Macapá,municipio_da_capital
ChIJR0RVu7PhYY0RHoVScsHyiNU,Arena Underground Games,"R. Gen. Rondon, 1467 - Centro, Macapá - AP, 68900-082, Brazil",Macapá,AP,Macapá,Região Metropolitana de Macapá,municipio_da_capital
ChIJbSfwVQDhYY0Rx5aY3a7TZzQ,Board House - Jogos de Tabuleiro,"Av. Desidério Antônio Coelho, 1189 - Trem, Macapá - AP, 68901-080, Brazil",Macapá,AP,Macapá,Região Metropolitana de Macapá,municipio_da_capital
ChIJB_gogvfhYY0Rakpj0BQUbTI,Brinquedoteca Brincar e aprender,"R. José Luís Barata, 332 - Jardim Marco Zero, Macapá - AP, 68903-364, Brazil",Macapá,AP,Macapá,Região Metropolitana de Macapá,municipio_da_capital
ChIJtQemUefnYY0RBM5_s0hukys,C.A Play Games,"Av. Álvaro Carvalho Barbosa - Novo Horizonte, Macapá - AP, 68909-812, Brazil",Macapá,AP,Macapá,Região Metropolitana de Macapá,municipio_da_capital
ChIJk-w24F0fnpIRQE5x0l1Uy0c,Espaço Criança Brinquedoteca & Play Park,"Rodovia Juscelino Kubitschek, 2141 - Jardim Equatorial, Macapá - AP, 68903-419, Brazil",Macapá,AP,Macapá,Região Metropolitana de Macapá,municipio_da_capital
ChIJu8UNtRvhYY0R8iv23rNIXZg,Inforgame Produtos Eletrônicos,"Av. Profa. Cora de Carvalho, 1439 - Central, Macapá - AP, 68900-040, Brazil",Macapá,AP,Macapá,Região Metropolitana de Macapá,municipio_da_capital
ChIJu0RxYZbhYY0RQjos4linbLY,Leo Games,"R. Tiradentes, 755 - Sl 2 - Central, Macapá - AP, 68900-098, Brazil",Macapá,AP,Macapá,Região Metropolitana de Macapá,municipio_da_capital
ChIJWQOhHWvhYY0RPdlAV_VRTKc,Pro Game,"R. Tiradentes, 795 - Centro, Macapá - AP, 68900-098, Brazil",Macapá,AP,Macapá,Região Metropolitana de Macapá,municipio_da_capital
ChIJv_K76-LgYY0RtrLQsaziXTs,"Saint Collection - Cartas de Pokémon, Cards Colecionáveis, Figurinha Copa e TCG em Macapá","Av. Pres. Vargas, 341 - Central, Macapá - AP, 68900-070, Brazil",Macapá,AP,Macapá,Região Metropolitana de Macapá,municipio_da_capital
ChIJv0yHrjfnYY0Ray_j0S-ur7A,Servinorte games,"R. Tiradentes, 752 - Centro, Macapá - AP, 68900-098, Brazil",Macapá,AP,Macapá,Região Metropolitana de Macapá,municipio_da_capital
ChIJhUqpPe3nYY0RoXzwAvFh7HU,Tabuleiroca,"Rua Vila dos Oliveiras, 471 E - Pedrinhas, Macapá - AP, 68903-121, Brazil",Macapá,AP,Macapá,Região Metropolitana de Macapá,municipio_da_capital
ChIJU6yWSf3gYY0RsPQhZgRzVmA,Top Game Games,"R. Tiradentes, 795 - Central, Macapá - AP, 68900-098, Brazil",Macapá,AP,Macapá,Região Metropolitana de Macapá,municipio_da_capital
ChIJ8Sm3w0FJAQcRBgwyl8PaDn8,AL RPG CLUB,"R. Alm. Tamandaré, 59 - Prado, Maceió - AL, 57010-030, Brazil",Maceió,AL,Maceió,Região Metropolitana de Maceió,municipio_da_capital
ChIJPxbr071FAQcROLAjKHLWfFs,Blue Games & Informática,"R. José Cabral Acioli, n° 475 - Lj 06 - Jatiúca, Maceió - AL, 57035-677, Brazil",Maceió,AL,Maceió,Região Metropolitana de Maceió,municipio_da_capital
ChIJEfaZjehHAQcR2k1ZOn1NkyM,Brincadeira de criança - Aluguel de brinquedos,"R. Olavo Bilac - São Jorge, Maceió - AL, 57025-650, Brazil",Maceió,AL,Maceió,Região Metropolitana de Maceió,municipio_da_capital
ChIJG9OXnepFAQcRrkVLt1ivtFE,Brinquedolandia,"Av. Silvio Carlos Viana, 634 - Ponta Verde, Maceió - AL, 57035-160, Brazil",Maceió,AL,Maceió,Região Metropolitana de Maceió,municipio_da_capital
ChIJzy7aZ3pFAQcRPpJiEcMgEGM,Casa Kids Brinquedoteca,"Rua Paulina Maria de Mendonça, nº 303 - Mangabeiras, Maceió - AL, 57035-557, Brazil",Maceió,AL,Maceió,Região Metropolitana de Maceió,municipio_da_capital
ChIJzf0e5GdFAQcRfkS0E5O8q2A,Casa da cultura Nerd,"R. Santos Pacheco, 28A - Centro, Maceió - AL, 57020-290, Brazil",Maceió,AL,Maceió,Região Metropolitana de Maceió,municipio_da_capital
ChIJ_12HTYdPAQcRHgk1LSYJNy4,Daniel Games,"Rua do Livramento, 180 - Centro, Maceió - AL, 57020-030, Brazil",Maceió,AL,Maceió,Região Metropolitana de Maceió,municipio_da_capital
ChIJe0EtdLFFAQcRuWhZCvcN_kk,Fantástica Fábrica de Diversão - Salão de Festa e Brinquedoteca,"Lot. Pratagy - Av. Empresário Carlos da Silva Nogueira, 648 A - quadra d 16 - Jatiúca, Maceió - AL, 57036-540, Brazil",Maceió,AL,Maceió,Região Metropolitana de Maceió,municipio_da_capital
ChIJ25Hb_fNIAQcR3B7zZiGGEi8,Feirinha do Tabuleiro,"84 - Av. Maceió, 50 - Tabuleiro do Martins, Maceió - AL, 57061-110, Brazil",Maceió,AL,Maceió,Região Metropolitana de Maceió,municipio_da_capital
ChIJfSQNreJJAQcR6NgXUUHgDnM,Fênix Games,"Feirinha do - Tabuleiro do Martins, Maceió - AL, 57061-110, Brazil",Maceió,AL,Maceió,Região Metropolitana de Maceió,municipio_da_capital
ChIJA7N9Wc5FAQcRVkg5NfmQvwE,Game Station - Maceió Shopping,"Shopping Maceió - Av. Comendador Gustavo Paiva, 2990 - 2º Piso, Loja 277 - Mangabeiras, Maceió - AL, 57031-530, Brazil",Maceió,AL,Maceió,Região Metropolitana de Maceió,municipio_da_capital
ChIJqUF-J7FFAQcRkGihIryuA2o,Game Store,"R. Sen. Firmino de Vasconcelos, 784 - Ponta da Terra, Maceió - AL, 57030-680, Brazil",Maceió,AL,Maceió,Região Metropolitana de Maceió,municipio_da_capital
ChIJgZEe0LZJAQcRLT0lGFQ0NtE,Geeks Mcz,"Av. Ver. Dário Marsíglia, 159 b - Tabuleiro do Martins, Maceió - AL, 57081-015, Brazil",Maceió,AL,Maceió,Região Metropolitana de Maceió,municipio_da_capital
ChIJ6Yn7M71FAQcRM-u_TrNWSkQ,HomeVR,"Av. Dr. Júlio Marques Luz, 1599 - Jatiúca, Maceió - AL, 57035-700, Brazil",Maceió,AL,Maceió,Região Metropolitana de Maceió,municipio_da_capital
ChIJ6eF2ec1FAQcRFbBMOaeT_zQ,Loja Online RPG Taverna de Ferro,"R. Rio Largo, 92 - Cruz das Almas, Maceió - AL, 57038-470, Brazil",Maceió,AL,Maceió,Região Metropolitana de Maceió,municipio_da_capital
ChIJq5XJzgk3AQcR3Aumtapg7C8,Ludoteco,"Av. Frei Damião de Bozano, 310 - Cidade Universitária, Maceió - AL, 57073-610, Brazil",Maceió,AL,Maceió,Região Metropolitana de Maceió,municipio_da_capital
ChIJnXkS431FAQcROUxKASeZrKk,Matrix Games,"Rua do Livramento, 245 - Sl 10 - Centro, Maceió - AL, 57020-030, Brazil",Maceió,AL,Maceió,Região Metropolitana de Maceió,municipio_da_capital
ChIJT7cPKnxFAQcRg2W4bSnQKLE,Matriz Game,"Rua do Livramento, 2 - Centro, Maceió - AL, 57020-030, Brazil",Maceió,AL,Maceió,Região Metropolitana de Maceió,municipio_da_capital
ChIJfbK0zIpFAQcRcHb7WtfE01E,Mininice Brinquedos,"Av. Dr. Antônio Gomes de Barros, 546 - Jatiúca, Maceió - AL, 57035-700, Brazil",Maceió,AL,Maceió,Região Metropolitana de Maceió,municipio_da_capital
ChIJFwbfbrdFAQcRpl7Uf70zEK8,Multibrinque Maceió - Aluguel de Brinquedos e Acessórios para o dia a dia,"R. Antônia Alves Carvalho Leite, 1118 A - Jatiúca, Maceió - AL, 57036-040, Brazil",Maceió,AL,Maceió,Região Metropolitana de Maceió,municipio_da_capital
ChIJPzFX2EVFAQcRERBfWGSTHis,Mundo kids aluguel de brinquedos,"R. São Jorge, 63 - Barro Duro, Maceió - AL, 57045-620, Brazil",Maceió,AL,Maceió,Região Metropolitana de Maceió,municipio_da_capital
ChIJ-5chtYBPAQcRN4Sg3nCqlZg,Paulo Games,"Shopping Popular Nossa Senhora de Fátima, Box 209, Próximo ao Teatro Deodoro - R. Barão de Maceió, S/N - Centro, Maceió - AL, 57020-360, Brazil",Maceió,AL,Maceió,Região Metropolitana de Maceió,municipio_da_capital
ChIJe0C4Xy5HAQcRytrRQJpZuEg,Play Games / Maceió-AL,"Av. Comendador Gustavo Paiva, 5945 - Loja 3031 - Cruz das Almas, Maceió - AL, 57038-000, Brazil",Maceió,AL,Maceió,Região Metropolitana de Maceió,municipio_da_capital
ChIJm3gtAgtFAQcR0tE5OIh7HnA,Psicojogos,"Av. Dr. Antônio Gomes de Barros, 1560 - Lj 2 - Jatiúca, Maceió - AL, 57036-000, Brazil",Maceió,AL,Maceió,Região Metropolitana de Maceió,municipio_da_capital
ChIJ3SukOn9PAQcRb_Lb03rPwwY,RPG de Mesa Paga - TD Santos,"R. Dr. Virgílio Guedes, 1142B - Ponta Grossa, Maceió - AL, 57014-002, Brazil",Maceió,AL,Maceió,Região Metropolitana de Maceió,municipio_da_capital
ChIJa2IS9T5JAQcRhLCVnkXC7aw,Sonic games,"Av. Maceió - Tabuleiro do Martins, Maceió - AL, 57061-060, Brazil",Maceió,AL,Maceió,Região Metropolitana de Maceió,municipio_da_capital
ChIJL48M4dNFAQcRst9EFDPtboU,Terra Média Geek Store,"R. Clementino do Monte, 58 - Farol, Maceió - AL, 57055-612, Brazil",Maceió,AL,Maceió,Região Metropolitana de Maceió,municipio_da_capital
ChIJx0dAuxQbbJIRxH8szrAawXE,ALEXANDRE GAMES & MANUTENÇÃO,"Rua j 24 São jose 3 - São José Operário, Manaus - AM, 69086-390, Brazil",Manaus,AM,Manaus,Região Metropolitana de Manaus,municipio_da_capital
ChIJvXuPLAAFbJIRncOH-f4lasQ,Acerola: A Casa do Acy,"Av. Maués, 700 - Cachoeirinha, Manaus - AM, 69065-070, Brazil",Manaus,AM,Manaus,Região Metropolitana de Manaus,municipio_da_capital
ChIJAao-fLQFbJIRV1arL20t6eQ,Aventura Cards by Mao TCG,"R. Saldanha Marinho, 745 - Centro, Manaus - AM, 69010-040, Brazil",Manaus,AM,Manaus,Região Metropolitana de Manaus,municipio_da_capital
ChIJryYmaX0FbJIRY1Msjnb-rVE,Beco Mágico Manaus,"R. Rio Purús, 629 - Nossa Sra. das Gracas, Manaus - AM, 69053-050, Brazil",Manaus,AM,Manaus,Região Metropolitana de Manaus,municipio_da_capital
ChIJ-RJZFQAbbJIRIU-dCP-2r_o,Café Cartoon Animation,"R. Francisco Filho, 841 - Parque Dez de Novembro, Manaus - AM, 69055-400, Brazil",Manaus,AM,Manaus,Região Metropolitana de Manaus,municipio_da_capital
ChIJh8R0pn8FbJIRrG0Lag8Cp2s,Game Center,"R. Marcílio Dias, 256 - Centro, Manaus - AM, 69005-270, Brazil",Manaus,AM,Manaus,Região Metropolitana de Manaus,municipio_da_capital
ChIJXcXD0JAFbJIRQmdQjmspPjQ,JG GAMES,"R. 13 de Maio, 381 - Colônia Oliveira Machado, Manaus - AM, 69070-770, Brazil",Manaus,AM,Manaus,Região Metropolitana de Manaus,municipio_da_capital
ChIJpwS271sbbJIRDzSHeBJFQbg,KAZUMA GAMES,"R. Des. Filismino Soares, 50 B - Colônia Oliveira Machado, Manaus - AM, 69070-620, Brazil",Manaus,AM,Manaus,Região Metropolitana de Manaus,municipio_da_capital
ChIJ105u2bcZbJIRW2QgRQzW4uk,Lago Nerd Luderia - Jogos de Tabuleiro,"Cond Reserva da Cidade, 381 - Cidade Nova, Manaus - AM, 69090-299, Brazil",Manaus,AM,Manaus,Região Metropolitana de Manaus,municipio_da_capital
ChIJ5XUdKqYabJIRR6AMN_zwMQA,Livraria Leitura Amazonas,"Amazonas Shopping LOJA 420 PQR 2 PISO 482 - Av. Djalma Batista - Parque Dez de Novembro, Manaus - AM, 69055-038, Brazil",Manaus,AM,Manaus,Região Metropolitana de Manaus,municipio_da_capital
ChIJM0kf_VMFbJIR3npiNtCefVE,Locomotiva Brinquedos - João Valério - Nossa Senhora Das Graças,"Av. João Valério, 885 - Nossa Sra. das Graças, Manaus - AM, 69053-140, Brazil",Manaus,AM,Manaus,Região Metropolitana de Manaus,municipio_da_capital
ChIJE1I36GEFbJIRMxvlDnsif8U,Loja Calabouço,"R. 7 Cj. Shangrila IV, 21 - Quadra 7 - Parque 10 de Novembro, Manaus - AM, 69054-738, Brazil",Manaus,AM,Manaus,Região Metropolitana de Manaus,municipio_da_capital
ChIJMZANeqQabJIRWOafgRjXIMM,Loja Daisuki Card Game Shop,"R. Wilson de Castro, 42 - Conjunto Eldorado, Manaus - AM, 69050-160, Brazil",Manaus,AM,Manaus,Região Metropolitana de Manaus,municipio_da_capital
ChIJwSmuT9cFbJIR5I53d9m7HgE,Mercadia Game Store,"R. Rio Jutaí, 90 - Vieiralves - Nossa Sra. das Gracas, Manaus - AM, 69053-020, Brazil",Manaus,AM,Manaus,Região Metropolitana de Manaus,municipio_da_capital
ChIJpaSYMAAbbJIR8NzZUEQKuhE,Mimiso Arena Games,"Beco São Pedro, 162 - Parque 10 de Novembro, Manaus - AM, 69055-151, Brazil",Manaus,AM,Manaus,Região Metropolitana de Manaus,municipio_da_capital
ChIJpxg9QwAFbJIRi3UNe7DkwH4,Oráculo Tabletop Games Store - Aluísio Brasil - Japiim,"R. Aluísio Brasil, 8b - Japiim, Manaus - AM, 69078-562, Brazil",Manaus,AM,Manaus,Região Metropolitana de Manaus,municipio_da_capital
ChIJf1eUzsUbbJIROHClUemcirk,Player Food,"R. Lapis Lazuli, 6 - Nossa Sra. das Graças, Manaus - AM, 69053-600, Brazil",Manaus,AM,Manaus,Região Metropolitana de Manaus,municipio_da_capital
ChIJcwXuqGQFbJIRGz1gIKriRCA,Player Games,"Av. Getúlio Vargas, 219 - Centro, Manaus - AM, 69020-010, Brazil",Manaus,AM,Manaus,Região Metropolitana de Manaus,municipio_da_capital
ChIJg0IM1HgbbJIRlRhtjzrsm0M,Player Games,"Av. Djalma Batista, 1929 - Lj 10 - Chapada, Manaus - AM, 69050-010, Brazil",Manaus,AM,Manaus,Região Metropolitana de Manaus,municipio_da_capital
ChIJJemnGQ0bbJIROuFyAZnZ_aA,Putiringa - Jogos de Tabuleiro,"R. Padre Monteiro de Noronha, 575 - Flores, Manaus - AM, 69028-140, Brazil",Manaus,AM,Manaus,Região Metropolitana de Manaus,municipio_da_capital
ChIJ134HVggZbJIRql9MOMgzwxw,"Sr.Araújo Games AM, MUNDO DIGITAL 2º","Av. Margarita, 1930 - Nova Cidade, Manaus - AM, 69097-305, Brazil",Manaus,AM,Manaus,Região Metropolitana de Manaus,municipio_da_capital
ChIJa7KqNmwFbJIRGaN10LCd-1I,Taverna Nerd Comic Shop,"R. Y 1, 7 - Flores, Manaus - AM, Brazil",Manaus,AM,Manaus,Região Metropolitana de Manaus,municipio_da_capital
ChIJweOclBAQbJIRztG7ZblPNSk,Tetris Game Burger,"Av. Djalma Batista, 31 - Chapada, Manaus - AM, 69053-000, Brazil",Manaus,AM,Manaus,Região Metropolitana de Manaus,municipio_da_capital
ChIJQag-ogcRbJIRfG_9p8YDiC4,Traveller Cards e Board Games,"R. Washington Luís, 315 - 2° Andar - Sala 3 - Dom Pedro, Manaus - AM, 69040-210, Brazil",Manaus,AM,Manaus,Região Metropolitana de Manaus,municipio_da_capital
ChIJDw-EeSsRbJIRkGQnagFlKoY,Ubaú Brinquedos Criativos,"Av. Jacira Reis, 5051 - Lj 04 - São Jorge, Manaus - AM, 69033-008, Brazil",Manaus,AM,Manaus,Região Metropolitana de Manaus,municipio_da_capital
ChIJd5jnFQAFbJIRyaRaoNBV_hg,Vezzo - Doces e Jogos,"Av. Visc. de Porto Alegre, 721 - Praça 14 de Janeiro, Manaus - AM, 69020-130, Brazil",Manaus,AM,Manaus,Região Metropolitana de Manaus,municipio_da_capital
ChIJKXmhK9CrswcRlsPXQsZ82yI,AJ Games e Brinquedos,"Av. Três Américas, 830 - Lagoa Azul, Natal - RN, 59129-690, Brazil",Natal,RN,Natal,Região Metropolitana de Natal,municipio_da_capital
ChIJbdArbQCrswcRlphOen982KA,Arte de Brincar - Locação de Brinquedos,"Rua Santo Inácio de Loyola, 46 - Igapó, Natal - RN, 59104-250, Brazil",Natal,RN,Natal,Região Metropolitana de Natal,municipio_da_capital
ChIJ9cHTelJVsgcRMIpoeRTXYFE,Beco Mágico Natal,"Av. Miguel Castro, 751 - Lagoa Nova, Natal - RN, 59075-740, Brazil",Natal,RN,Natal,Região Metropolitana de Natal,municipio_da_capital
ChIJdXLIl_OpswcRwcKolyjNjLM,Brinquedoteca Popular Itinerante,"R. Santa Vitória - Pajuçara, Natal - RN, 59129-495, Brazil",Natal,RN,Natal,Região Metropolitana de Natal,municipio_da_capital
ChIJEYzN_pqpswcRO9nRwhg35Zg,Brinquedotecar com Arte,"Rua: Roseiral, 87 - Pajuçara, Natal - RN, 59131-750, Brazil",Natal,RN,Natal,Região Metropolitana de Natal,municipio_da_capital
ChIJm9KV1Tj_sgcRBPgfLvT1u-k,Fábula Brinquedos Educativos,"Avenida Odilon Gomes de Lima, 1908, Loja 3 - 59078-400 - Capim Macio, Natal - RN, 59078-400, Brazil",Natal,RN,Natal,Região Metropolitana de Natal,municipio_da_capital
ChIJ1XMv0xYAswcReTglE_i75DE,Game Extreme,"Av. Hermes da Fonseca, 1596 - Lj 10 - Tirol, Natal - RN, 59014-555, Brazil",Natal,RN,Natal,Região Metropolitana de Natal,municipio_da_capital
ChIJe8aF0DP_sgcRRkGOX2jHvMk,Game Station Natal Shopping,"Avenida Senador Salgado Filho, 2234 - Av. das Brancas Dunas, 47 - Candelária, Natal - RN, 59064-900, Brazil",Natal,RN,Natal,Região Metropolitana de Natal,municipio_da_capital
ChIJ9bnWpaH4sgcRwZlibnpIPSI,Império Gamer - Natal/RN,"R. Camilo de Paula, 306 A - Tirol, Natal - RN, 59015-340, Brazil",Natal,RN,Natal,Região Metropolitana de Natal,municipio_da_capital
ChIJ4QcE28WrswcRWIASXglKYXk,Jplay Game house - Loja ¹ - Zona Norte,"Avenida dos Expedicionários, 15a NOSSA SENHORA DA APRESENTAÇÃO - LOJA 02 - EM LAGOA NOVA, Natal - RN, 59114-400, Brazil",Natal,RN,Natal,Região Metropolitana de Natal,municipio_da_capital
ChIJ2_9lOAkAswcRQungTOiq-AU,Magic Games,"Av. Roberto Freire, 340, Shopping Cidade Jardim - Capim Macio, Natal - RN, 59080-900, Brazil",Natal,RN,Natal,Região Metropolitana de Natal,municipio_da_capital
ChIJy89b82__sgcRbKh3ONEMeE8,Multiverse Geek,"Av. Engenheiro Roberto Freire, 481 - Bl 4 - Lj 11 - Capim Macio, Natal - RN, 59082-400, Brazil",Natal,RN,Natal,Região Metropolitana de Natal,municipio_da_capital
ChIJ6dOi7ZxVsgcRhpGaocWcu3o,On Play Brinquedos,"Av. Nevaldo Rocha, 1839 - B - Alecrim, Natal - RN, 59032-445, Brazil",Natal,RN,Natal,Região Metropolitana de Natal,municipio_da_capital
ChIJRwPtsnMAswcR1B4ALHVdF5c,"Plínio Games - Vendas e Assistência Técnica em Playstation, Xbox, Nintendo e Controles","Harmony Medical Center - Rua Coronel Joaquim Manoel, 615 - Sétimo andar, sala 703 - Petrópolis, Natal - RN, 59012-330, Brazil",Natal,RN,Natal,Região Metropolitana de Natal,municipio_da_capital
ChIJkaqD3eT_sgcR_MysgZPZmB0,Qi+4 Jogos Inteligentes,"Prédio do NIT, 1º - Av. Sen. Salgado Filho, 1559 - Andar, Sala 01 - Tirol, Natal - RN, 59015-000, Brazil",Natal,RN,Natal,Região Metropolitana de Natal,municipio_da_capital
ChIJXTiQvaurswcR6-9knn2nySU,Ribeiro Games & Acessórios,"Conj. Panatis 1 A - Av. Paulistana, 2195 - Potengi, Natal - RN, 59108-120, Brazil",Natal,RN,Natal,Região Metropolitana de Natal,municipio_da_capital
ChIJ4RK-sA5VsgcRPuipY3twpbM,Tech Shop Games - Loja de Games e Informática,"R. Dr. Manoel Miranda, 1510 - Primeiro andar - Alecrim, Natal - RN, 59035-250, Brazil",Natal,RN,Natal,Região Metropolitana de Natal,municipio_da_capital
ChIJ3XfHkjH5sgcRl222urfYAjY,"Torre do Papel - Geek, Cards e RPGs","Largo Interventor Ubaldo Bezerra., 1956 - Candelária, Natal - RN, 59064-620, Brazil",Natal,RN,Natal,Região Metropolitana de Natal,municipio_da_capital
ChIJTXNbNLb_sgcR9gkUZh880X4,Turno Extra Jogos de Mesa,"Praia Shopping - Av. Engenheiro Roberto Freire, 3132 - Capim Macio, Natal - RN, 59082-400, Brazil",Natal,RN,Natal,Região Metropolitana de Natal,municipio_da_capital
ChIJZbiRJbNVsgcRc9e4RRxErmM,Ultra Loot Cards e Games,"Av. Prudente de Morais, 6526 - Lj 02 - Candelária, Natal - RN, 59065-500, Brazil",Natal,RN,Natal,Região Metropolitana de Natal,municipio_da_capital
ChIJ1S2JbVz_sgcRhJDPIt6lg5c,Vem pra Mesa Game Center,"Shopping Via Direta - Av. Sen. Salgado Filho, 2233 - Loja 624 - Lagoa Nova, Natal - RN, 59076-000, Brazil",Natal,RN,Natal,Região Metropolitana de Natal,municipio_da_capital
ChIJoY6NAYL_sgcRlUz02gBueJQ,Virtual Games,"R. Aeroporto dos Guararapes, 85 - Neópolis, Natal - RN, 59080-510, Brazil",Natal,RN,Natal,Região Metropolitana de Natal,municipio_da_capital
ChIJl4G_d5g5O5MRjiApWZOPO4k,Adoleta Brinquedos PMW,"206 Sul - Av. LO 5 - Plano Diretor Sul, Palmas - TO, 77020-504, Brazil",Palmas,TO,Palmas,Região Metropolitana de Palmas,municipio_da_capital
ChIJseC8FHA0O5MRAQt7RmIvfDo,BRINQUEDOTECA E RECREAÇÃO CORUJINHA,"Q. 1004 Sul Alameda 6, 29 - Arse, Palmas - TO, 77023-516, Brazil",Palmas,TO,Palmas,Região Metropolitana de Palmas,municipio_da_capital
ChIJnXhD0zzNJJMRcEbo3WWxVZ4,Baroi Info Games,"Q. 108 Sul Alameda 5, 5 - Arse, Palmas - TO, 77020-103, Brazil",Palmas,TO,Palmas,Região Metropolitana de Palmas,municipio_da_capital
ChIJk_qnxNQ1O5MRRFSZ5WKAAh8,Brinquedoteca e Recreação Corujinha,"Q. 806 Sul Alameda 17, Lote 02 - Plano Diretor Sul, Palmas - TO, 77023-048, Brazil",Palmas,TO,Palmas,Região Metropolitana de Palmas,municipio_da_capital
ChIJC1fsQUPLJJMR68KUjtzhr7o,Brinquelândia - Brinquedos | Festa | Fantasia | Artigos de época,"Quadra 104 Sul Rua SE 1 (Acse 1 16 - conj 01 - Plano Diretor Sul, Palmas - TO, 77020-014, Brazil",Palmas,TO,Palmas,Região Metropolitana de Palmas,municipio_da_capital
ChIJee9o10TLJJMRvcb5aYDSXKg,Bruna Games,"Quadra 104 sul rua se 03 se 03 - Plano Diretor Sul, Palmas - TO, 77020-016, Brazil",Palmas,TO,Palmas,Região Metropolitana de Palmas,municipio_da_capital
ChIJTZ09lhs1O5MR-dGh24Q8ih0,CVI - Centro Vertebral Integrado - Fisioterapia - Quiropraxia - Escoliose - RPG,"Edificio Luman Center Quadra 110 Sul - Av. Juscelino Kubitscheck, 20 G - 1º Andar, Sala 106 - Plano Diretor Sul, Palmas - TO, 77020-124, Brazil",Palmas,TO,Palmas,Região Metropolitana de Palmas,municipio_da_capital
ChIJQyYl2J01O5MR0S-vZGvIEcg,Clínica de Fisioterapia RPG e Reabilitação Pulmonar e Cardíaca - Clínica FISIOCARE em Palmas - Tocantins,"Alameda 26 - ARSO 42, Lote 18-A, Sala 08 - Plano Diretor Sul, Palmas - TO, 77015-620, Brazil",Palmas,TO,Palmas,Região Metropolitana de Palmas,municipio_da_capital
ChIJddmkG_o1O5MRDw_0GIGLZQ8,Dr. Leonardo Passidonia - Fisioterapia RPG e Quiropraxia,"704 Sul - Av. Palmas Brasil Sul, 09 - Palmas, TO, 77022-322, Brazil",Palmas,TO,Palmas,Região Metropolitana de Palmas,municipio_da_capital
ChIJtxbh6bXLJJMRaxIJK5RoT7g,Enfant Brinquedoteca,"Quadra 206 Sul, LO 05, Lote 07, Sala 01-A - Palmas, TO, 77020-504, Brazil",Palmas,TO,Palmas,Região Metropolitana de Palmas,municipio_da_capital
ChIJGYrMRPs1O5MRhgEWc8zRMbM,Jadymon Card Games,"Q. 104 Norte Rua NE 5, 104 - Norte, Palmas - TO, 77006-020, Brazil",Palmas,TO,Palmas,Região Metropolitana de Palmas,municipio_da_capital
ChIJP4wgt2Y1O5MRN_WZZepJM0U,Ka Games,"Q. 108 Sul Alameda 5, 5 - Arse - Plano Diretor Sul, Palmas - TO, 77020-103, Brazil",Palmas,TO,Palmas,Região Metropolitana de Palmas,municipio_da_capital
ChIJ37eo5lrLJJMRyOFtRDNz0vQ,Kasa Do Vídeo Game,"Q. 104 Sul Rua Se 4, 24 - Sala 09 - Plano Diretor Sul, Palmas - TO, 77020-036, Brazil",Palmas,TO,Palmas,Região Metropolitana de Palmas,municipio_da_capital
ChIJOQ-7ohbNJJMRKTCOnXaPoGE,Leo Brinquedoteca,"106 Norte - Av. Juscelino Kubitscheck, 08 - Sala 02 - Plano Diretor Norte, Palmas - TO, 77006-044, Brazil",Palmas,TO,Palmas,Região Metropolitana de Palmas,municipio_da_capital
ChIJQbrqaADNJJMROFw2nI7hmSs,MiniHub - Espaço Infantil - Brinquedoteca,"Quadra 110N - Av. Juscelino Kubitscheck, LT 21 - Plano Diretor Norte, Palmas - TO, 77006-130, Brazil",Palmas,TO,Palmas,Região Metropolitana de Palmas,municipio_da_capital
ChIJXXRBLkTNJJMRv6wTla5OgIg,Na Toca Brinquedos,"110 N AV.JK, 0 LT 21 - 110 NORTE, PALMAS - CEP 77006-130 - Plano Diretor Norte, Palmas - TO, 77006-130, Brazil",Palmas,TO,Palmas,Região Metropolitana de Palmas,municipio_da_capital
ChIJuT0U5ZXLJJMROy7IrE_1ooc,NaToca Brinquedos - Aldeia Mall,"Aldeia Mall - AV. NS 01, 02 - Quadra 203 Sul - Plano Diretor Norte, Palmas - TO, 77015-216, Brazil",Palmas,TO,Palmas,Região Metropolitana de Palmas,municipio_da_capital
ChIJXcCmIRsxO5MRkPK_yPPXJOY,Palmas Games,"R. T 20, quadra 35 - lote 11 - Taquaralto, Palmas - TO, 77064-050, Brazil",Palmas,TO,Palmas,Região Metropolitana de Palmas,municipio_da_capital
ChIJ--PB7yDLJJMRXM-qVTiMOmU,Tindolelê Brinquedoteca,"Q. 104 Sul Avenida LO 1 - Plano Diretor Sul, Palmas - TO, 77020-020, Brazil",Palmas,TO,Palmas,Região Metropolitana de Palmas,municipio_da_capital
ChIJY0GN60bLJJMR4NHLWa5X6XM,Vitoria Geek,"Q. 104 Sul Avenida Ns 4, 158 - Arse - centro, Palmas - TO, 77020-032, Brazil",Palmas,TO,Palmas,Região Metropolitana de Palmas,municipio_da_capital
ChIJcRvp0r15GZURj1bFNF3n5jw,HEX Board Game Café,"R. Riachuelo, 1339 - Sala 1003 ( Cobertura - Centro Histórico, Porto Alegre - RS, 90010-270, Brazil",Porto Alegre,RS,Porto Alegre,Região Metropolitana de Porto Alegre,municipio_da_capital
ChIJc6LYVAd5GZURtPeFIuwNdAg,Nerdz,"R. Sarmento Leite, 627 - Centro Histórico, Porto Alegre - RS, 90050-170, Brazil",Porto Alegre,RS,Porto Alegre,Região Metropolitana de Porto Alegre,municipio_da_capital
ChIJHSDPTgF5GZURKmSqKITyoGM,Arcadea Gaming Pub,"R. Gen. Neto, 440 - Moinhos de Vento, Porto Alegre - RS, 90560-020, Brazil",Porto Alegre,RS,Porto Alegre,Região Metropolitana de Porto Alegre,municipio_da_capital
ChIJMyZxrKuDGZURY4QmuB42th4,B&B Games,"R. Cel. Aparício Borges, 250 - Teresópolis, Porto Alegre - RS, 90680-570, Brazil",Porto Alegre,RS,Porto Alegre,Região Metropolitana de Porto Alegre,municipio_da_capital
ChIJ4d68w215GZURtJ7UClWQ4o4,BeB Games Shop,"Av. Diário de Notícias, 300 - Cristal, Porto Alegre - RS, 90810-080, Brazil",Porto Alegre,RS,Porto Alegre,Região Metropolitana de Porto Alegre,municipio_da_capital
ChIJ4TDIw5iDGZURIJBiOafxUPw,Casa Lúdica | Loja de Brinquedos Educativos em Porto Alegre - Zona Sul,"Av. Wenceslau Escobar, 1437 - Vila Assunção, Porto Alegre - RS, 91900-605, Brazil",Porto Alegre,RS,Porto Alegre,Região Metropolitana de Porto Alegre,municipio_da_capital
ChIJN76CzJ53GZURfenXtnLLbOw,Checkpoint Games,"Bourbon Shopping Country - Av. Túlio de Rose, 80 - 77 - Passo d'Areia, Porto Alegre - RS, 91340-080, Brazil",Porto Alegre,RS,Porto Alegre,Região Metropolitana de Porto Alegre,municipio_da_capital
ChIJi1Cdehp5GZUR6TD0jnD1iq8,Checkpoint Games Total,"Av. Cristóvão Colombo, 545 - Lj 1106 - Floresta, Porto Alegre - RS, 90035-153, Brazil",Porto Alegre,RS,Porto Alegre,Região Metropolitana de Porto Alegre,municipio_da_capital
ChIJMaUOsUCCGZUR5eX8QrUL7Io,DM Games,"Rua Victor Silva, 229 - Lj 05 - Camaquã, Porto Alegre - RS, 91920-530, Brazil",Porto Alegre,RS,Porto Alegre,Região Metropolitana de Porto Alegre,municipio_da_capital
ChIJZeaWMGaCGZURbQaAIwBfxus,FM games,"Av. da Cavalhada, 2360 - Lj 105 - Cavalhada, Porto Alegre - RS, 91740-000, Brazil",Porto Alegre,RS,Porto Alegre,Região Metropolitana de Porto Alegre,municipio_da_capital
ChIJSTDJiAV5GZURG0iVNFCTGGM,Horda Nerd,"R. Riachuelo, 1320 - Centro Histórico, Porto Alegre - RS, 90010-273, Brazil",Porto Alegre,RS,Porto Alegre,Região Metropolitana de Porto Alegre,municipio_da_capital
ChIJV8oXhgV5GZURziXuQ4QUGCg,Ilusões Industriais,"R. Riachuelo, 1334 - Lj 6 - Centro Histórico, Porto Alegre - RS, 90010-273, Brazil",Porto Alegre,RS,Porto Alegre,Região Metropolitana de Porto Alegre,municipio_da_capital
ChIJE1UxnhN3GZURqblAoNB7yfo,Ilusões Industriais Bourbon Country,"Av. Túlio de Rose, 80 No 2o andar próximo as esdadas rolante - Passo d'Areia, Porto Alegre - RS, 91340-110, Brazil",Porto Alegre,RS,Porto Alegre,Região Metropolitana de Porto Alegre,municipio_da_capital
ChIJW5h5saN4GZURamqMy4PvK1U,Jogos Boole,"Av. Capivari, 165 - Cristal, Porto Alegre - RS, 90810-070, Brazil",Porto Alegre,RS,Porto Alegre,Região Metropolitana de Porto Alegre,municipio_da_capital
ChIJmyUFzQt5GZURq_vc-kMrlGI,Jogos Fantásticos e Onde Habitam - Aluguel de Jogos de Tabuleiro em Porto Alegre,"Av. Praia de Belas, 733 - Praia de Belas, Porto Alegre - RS, 90110-001, Brazil",Porto Alegre,RS,Porto Alegre,Região Metropolitana de Porto Alegre,municipio_da_capital
ChIJi8IQud95GZURGnZXARGazCw,LS Gamestore,"R. Riachuelo, 1038 - Sl 705 - Centro Histórico, Porto Alegre - RS, 90010-272, Brazil",Porto Alegre,RS,Porto Alegre,Região Metropolitana de Porto Alegre,municipio_da_capital
ChIJeQSBxIB5GZURF_5nVdRIpoA,Ludoteca Básica,"R. Dr. Júlio Bocaccio, 64 - Santo Antônio, Porto Alegre - RS, 90640-020, Brazil",Porto Alegre,RS,Porto Alegre,Região Metropolitana de Porto Alegre,municipio_da_capital
ChIJc5Ngqb93GZURsXxqn5PFaUQ,MTG Magic Combo,"R. Umbú, 99 - Passo d'Areia, Porto Alegre - RS, 91350-100, Brazil",Porto Alegre,RS,Porto Alegre,Região Metropolitana de Porto Alegre,municipio_da_capital
ChIJkbDJNsB5GZURMq9njXiOzvg,Mint & Hood Card Games,"Rua Tenente Coronel Fabricio Pillar, 681 - 2° andar - Mont'Serrat, Porto Alegre - RS, 90450-040, Brazil",Porto Alegre,RS,Porto Alegre,Região Metropolitana de Porto Alegre,municipio_da_capital
ChIJlXnY2-95GZUR4OAvG0UtQnU,Multiverso Cultura Geek,"Shopping Total - Av. Cristóvão Colombo, 545 - Lj 2213 segundo andar - Independência, Porto Alegre - RS, 90560-003, Brazil",Porto Alegre,RS,Porto Alegre,Região Metropolitana de Porto Alegre,municipio_da_capital
ChIJ5zKpvKN5GZUR6AxgANEs1ak,Nerdz Cards,"R. Sarmento Leite, 641 - Centro Histórico, Porto Alegre - RS, 90050-170, Brazil",Porto Alegre,RS,Porto Alegre,Região Metropolitana de Porto Alegre,municipio_da_capital
ChIJTXQ20_mDGZURZvGm6v61Yhg,Paladino Geek,"R. São Francisco, 30 - Santana, Porto Alegre - RS, 90620-070, Brazil",Porto Alegre,RS,Porto Alegre,Região Metropolitana de Porto Alegre,municipio_da_capital
ChIJNUqwIxR5GZUR0IdZDZeBNuc,Pimponeta Brinquedoteca,"R. Silveiro, 263 - Menino Deus, Porto Alegre - RS, 90850-000, Brazil",Porto Alegre,RS,Porto Alegre,Região Metropolitana de Porto Alegre,municipio_da_capital
ChIJsQAebvp4GZURq9U8W7FqO1c,Ri Happy Toys,"Av. Borges de Medeiros, 1181 - Piso 1 - Praia de Belas, Porto Alegre - RS, 90110-001, Brazil",Porto Alegre,RS,Porto Alegre,Região Metropolitana de Porto Alegre,municipio_da_capital
ChIJvfck8qB4GZURXlox7bJj4PA,Superlegal Brinquedos,"Cristal, Porto Alegre - RS, 90810-080, Brazil",Porto Alegre,RS,Porto Alegre,Região Metropolitana de Porto Alegre,municipio_da_capital
ChIJd0pkf695GZURLtfDyRQIo14,Superlegal Brinquedos Shopping Total,"Av. Cristóvão Colombo, 545 - Lj 2140 - Independência, Porto Alegre - RS, 90560-003, Brazil",Porto Alegre,RS,Porto Alegre,Região Metropolitana de Porto Alegre,municipio_da_capital
ChIJMxLojXp3GZURO6vAFudn0Xk,Tondin Games,"Av. Assis Brasil, 3535 - Sl 1215 - Jardim Lindóia, Porto Alegre - RS, 91010-007, Brazil",Porto Alegre,RS,Porto Alegre,Região Metropolitana de Porto Alegre,municipio_da_capital
ChIJ0wN_xE15GZUR6XmCUCQxtnU,Twin Games,"Rua Jaime Telles, 62 - Sl 101 - Petrópolis, Porto Alegre - RS, 90460-030, Brazil",Porto Alegre,RS,Porto Alegre,Região Metropolitana de Porto Alegre,municipio_da_capital
ChIJEbwbSLR5GZURBPqQavE4h3U,ViraLua Essência dos Brinquedos,"Av. Cristóvão Colombo, 1336 - Floresta, Porto Alegre - RS, 90560-001, Brazil",Porto Alegre,RS,Porto Alegre,Região Metropolitana de Porto Alegre,municipio_da_capital
ChIJQZTAXgh5GZUREobgHwJtGJ4,Vídeo Game Porto Alegre,"Av. Alberto Bins, 308 - Sl 12 - Centro Histórico, Porto Alegre - RS, 90030-140, Brazil",Porto Alegre,RS,Porto Alegre,Região Metropolitana de Porto Alegre,municipio_da_capital
ChIJPX9w-9BcMpIRGuHLC2Bokno,Forfun Club Store - Porto Velho,"Av. Calama, 4920 - Flodoaldo Pontes Pinto, Porto Velho - RO, 76820-442, Brazil",Porto Velho,RO,Porto Velho,Região Metropolitana de Porto Velho,municipio_da_capital
ChIJCaCJQjJdMpIRs9oyk55sC_o,HOG CYBER CAFE- House Of Gamers,"Av. Calama, 1789 - São João Bosco, Porto Velho - RO, 76803-745, Brazil",Porto Velho,RO,Porto Velho,Região Metropolitana de Porto Velho,municipio_da_capital
ChIJizeSopZbMpIR7amBZH6GBDI,LHPC Games,"R. Ivone Chakian - Juscelino Kubitschek, Porto Velho - RO, 76829-354, Brazil",Porto Velho,RO,Porto Velho,Região Metropolitana de Porto Velho,municipio_da_capital
ChIJdcnTAtldMpIR3EL-fla78Og,Lanna Brinquedos,"R: José Bonifácio, n° 108 - no camelô - Centro, Porto Velho - RO, 76801-074, Brazil",Porto Velho,RO,Porto Velho,Região Metropolitana de Porto Velho,municipio_da_capital
ChIJCaVRkapEMpIRjzPq0gKV8eg,POWER GAMES INFORMATICA - VENDAS E ASSISTENCIA TECNICA,"Av. Mamoré, 2309 - Três Marias, Porto Velho - RO, 76812-741, Brazil",Porto Velho,RO,Porto Velho,Região Metropolitana de Porto Velho,municipio_da_capital
ChIJb4vvqcddMpIRA2Kkkv7eTGg,SPACE GAMER & ESCOLA MEGAMENTE - LOJA E ESPAÇO GAMER,"Av. Rio Madeira, 3288 - (Shopping - Flodoaldo Pontes Pinto, Porto Velho - RO, 76820-408, Brazil",Porto Velho,RO,Porto Velho,Região Metropolitana de Porto Velho,municipio_da_capital
ChIJiYZ3WWZcMpIRgKNI1baLPD4,Só Games Cell Parts,"R. Tancredo Neves, 3373 - Caladinho, Porto Velho - RO, 76808-118, Brazil",Porto Velho,RO,Porto Velho,Região Metropolitana de Porto Velho,municipio_da_capital
ChIJAZ75nhbXxW8RjjpbdPYT_Z4,Ukai - Aluguel de Brinquedos para o dia a dia,"R. Jardins, 112 - Bairro Novo, Porto Velho - RO, 76817-001, Brazil",Porto Velho,RO,Porto Velho,Região Metropolitana de Porto Velho,municipio_da_capital
ChIJAQBJWMZcMpIR9ESAtZQwxFo,card ideal,"R. Dom Pedro II, 2195 - São Cristóvão, Porto Velho - RO, 76804-033, Brazil",Porto Velho,RO,Porto Velho,Região Metropolitana de Porto Velho,municipio_da_capital
ChIJRUjwU66WoGgRzc9yJU7jkwM,Nala Land - Bar de Jogos de Tabuleiro em Recife,"R. Raul Pompéia, 271 - Arruda, Recife - PE, 52120-150, Brazil",Recife,PE,Recife,Região Metropolitana de Recife,municipio_da_capital
ChIJN6oPbgAZqwcRaaXGaDZXc8Y,Brinquedoteca do Pedro,"R. do Espinheiro, 533 - Espinheiro, Recife - PE, 52020-025, Brazil",Recife,PE,Recife,Região Metropolitana de Recife,municipio_da_capital
ChIJU7q_hVEfqwcRxNkeHJ-woKI,Caverna do Dragão Card Shop,"Av. Conselheiro Aguiar, 4880 - loja 35 - térreo - Boa Viagem, Recife - PE, 51021-020, Brazil",Recife,PE,Recife,Região Metropolitana de Recife,municipio_da_capital
ChIJ_WS-gXIZqwcRJEm1exfeYNw,Criativa - Loja de Brinquedos em Recife,"Av. Conde da Boa Vista, 610, Loja 213C, 2 Andar Shopping Boa Vista - Soledade, Recife - PE, 50060-001, Brazil",Recife,PE,Recife,Região Metropolitana de Recife,municipio_da_capital
ChIJrU2D9bkYqwcRMw5QIH_W93Y,Doutor Game,"R. Ijuí, 293 - Torrões, Recife - PE, 50640-070, Brazil",Recife,PE,Recife,Região Metropolitana de Recife,municipio_da_capital
ChIJP0M935EZqwcRWkubiD8IYU8,GAMER PRO Info - Informática e Assistência Técnica,"R. Gen. Polidoro, 718 - Lj C - Várzea, Recife - PE, 50740-050, Brazil",Recife,PE,Recife,Região Metropolitana de Recife,municipio_da_capital
ChIJk41d7DsfqwcR5-mZtALjDGI,Game Station - RioMar Shopping,"Av. República do Líbano, 251 - Pina, Recife - PE, 51110-160, Brazil",Recife,PE,Recife,Região Metropolitana de Recife,municipio_da_capital
ChIJNeYc0h4fqwcR4F0JqfKlFeI,Game Station - Shopping Recife,"R. Padre Carapuceiro, 777 - Boa Viagem, Recife - PE, 51020-900, Brazil",Recife,PE,Recife,Região Metropolitana de Recife,municipio_da_capital
ChIJ_a-TajsfqwcRYx_m7yVBtUg,GameBox - RioMar Recife,"Av. República Árabe Unida, 251 - Pina, Recife - PE, 51110-160, Brazil",Recife,PE,Recife,Região Metropolitana de Recife,municipio_da_capital
ChIJNZezaecZqwcRheMGrY5Eh20,Geek Shop Brasil,"Rua Conselheiro Portela, 655 - Sl 108 - Aflitos, Recife - PE, 52020-512, Brazil",Recife,PE,Recife,Região Metropolitana de Recife,municipio_da_capital
ChIJ3aOySD8fqwcRM5jPRigh9jk,L.B GAMES,"R. Padre Carapuceiro, 800 - Boa Viagem, Recife - PE, 51020-000, Brazil",Recife,PE,Recife,Região Metropolitana de Recife,municipio_da_capital
ChIJO2IblLgZqwcRLC2EATBjs64,Loja UltraCombo Games,"Av. Dantas Barreto, 897 - São José, Recife - PE, 50020-000, Brazil",Recife,PE,Recife,Região Metropolitana de Recife,municipio_da_capital
ChIJeSyfsJEYqwcR69zU77zoFkE,Magic Center Recife,"Condomínio do Edificio Pessoa de Melo - Av. Conde da Boa Vista, 50 - Sl 105 - Boa Vista, Recife - PE, 50060-004, Brazil",Recife,PE,Recife,Região Metropolitana de Recife,municipio_da_capital
ChIJV6LiHPcYqwcRlz0JRjCWbnE,Mano's Games,"frente ao china 48 delivery - Rua Conselheiro Portela, 665 - Lj 05 De - Espinheiro, Recife - PE, 52020-020, Brazil",Recife,PE,Recife,Região Metropolitana de Recife,municipio_da_capital
ChIJoc8aVEcZqwcRMQnI0iA1_XY,Mesa RPG,"R. Hermílio Gomes, 189 - casa B - Campo Grande, Recife - PE, 52031-020, Brazil",Recife,PE,Recife,Região Metropolitana de Recife,municipio_da_capital
ChIJ-duHVp-ExIsR5QYbFeGBcLU,Pyro Geek Store - Loja Geek,"Av. Dezessete de Agosto, 1161 - Lj 03 - Casa Forte, Recife - PE, 52061-080, Brazil",Recife,PE,Recife,Região Metropolitana de Recife,municipio_da_capital
ChIJa3u7y6YZqwcRNXudThA0wVc,QBGEEK,"R. da Hora, 345 - Lj 14 - Espinheiro, Recife - PE, 52020-010, Brazil",Recife,PE,Recife,Região Metropolitana de Recife,municipio_da_capital
ChIJT2cQ8WwfqwcRt0YgYzfsFlY,RPG & Coffee,"Av. Conselheiro Aguiar, 4880 - sala 22 - Boa Viagem, Recife - PE, 51021-020, Brazil",Recife,PE,Recife,Região Metropolitana de Recife,municipio_da_capital
ChIJeUSEjrkYqwcRl3gXQXsmECQ,Top Games,"R. Camboa do Carmo, 43 - Santo Antônio, Recife - PE, 50010-390, Brazil",Recife,PE,Recife,Região Metropolitana de Recife,municipio_da_capital
ChIJhea7H1MZqwcRqVxPaqvCs1k,Top Games - Shopping Plaza Casa Forte,"R. Dr. João Santos Filho - Parnamirim, Recife - PE, 52060-615, Brazil",Recife,PE,Recife,Região Metropolitana de Recife,municipio_da_capital
ChIJt8GjZMcYqwcRUtE5E44Yhwg,Trade Games,"R. Imperatriz Teresa Cristina, 254 - Boa Vista, Recife - PE, 50060-120, Brazil",Recife,PE,Recife,Região Metropolitana de Recife,municipio_da_capital
ChIJSTIV-KIfqwcROAjEHdlnidY,UNIGAMES,"R. Padre Carapuceiro, 777 - Lj PC159 - Boa Viagem, Recife - PE, 51020-280, Brazil",Recife,PE,Recife,Região Metropolitana de Recife,municipio_da_capital
ChIJlcJzpK0ZqwcRsxKaaA1uaek,UNIGAMES TACARUNA,"Av. Gov. Agamenon Magalhães, 153 - Lj 346A - Santo Amaro, Recife - PE, 50110-000, Brazil",Recife,PE,Recife,Região Metropolitana de Recife,municipio_da_capital
ChIJUy7C57UYqwcRp40EuKppzF8,Uniao Dos Games,"R. Josefa Paes de Carvalho, N° 40 - Santo Antônio, Recife - PE, 50010-370, Brazil",Recife,PE,Recife,Região Metropolitana de Recife,municipio_da_capital
ChIJDSBqInUfqwcRe0yieFgjJdk,Zastras Brinquedos Recife,"Shopping Recife - R. Padre Carapuceiro, 777 - 5 Etapa, 2 andar - Boa Viagem, Recife - PE, 51020-280, Brazil",Recife,PE,Recife,Região Metropolitana de Recife,municipio_da_capital
ChIJl1RpPPAYqwcRUGyGuluwiOg,Zepelim Brinquedos Educativos | Atendimento Online e Presencial,"R. da Hora, 345 - Espinheiro, Recife - PE, 52020-015, Brazil",Recife,PE,Recife,Região Metropolitana de Recife,municipio_da_capital
ChIJT1ogVfKNf5ERX_7DdpLnx8o,Actions Geek,"R. Cedro, 117 - Novo Horizonte, Rio Branco - AC, 69921-120, Brazil",Rio Branco,AC,Rio Branco,sem recorte,municipio_da_capital
ChIJlx060F6Mf5ERsHd3kI2Kz50,Casa de Brinquedo,"Av. Nações Unidas, 357 - José Augusto, Rio Branco - AC, 69900-721, Brazil",Rio Branco,AC,Rio Branco,sem recorte,municipio_da_capital
ChIJ_fuVrJCNf5ER5VwqwmDWOQ0,Emporium Nerd,"R. Seis de Agosto, 931 - 6 de Agosto, Rio Branco - AC, 69905-684, Brazil",Rio Branco,AC,Rio Branco,sem recorte,municipio_da_capital
ChIJr7mTWeSNf5ER7u2wlBtUMq8,Fox Games - Via Verde Shopping - Floresta Sul,"Estr. da Floresta, 2320 - Pi 1 - Floresta Sul, Rio Branco - AC, 69912-443, Brazil",Rio Branco,AC,Rio Branco,sem recorte,municipio_da_capital
ChIJVS7xJ3aNf5ERC-4KJwU5WyQ,Geek_store.a,"Rua Amazonas, 51 - Aviário, Rio Branco - AC, 69905-074, Brazil",Rio Branco,AC,Rio Branco,sem recorte,municipio_da_capital
ChIJdxw4r3sdPoERpY-NVje3vx4,Hora da Diversão Brinquedos,"R. Sapolândia, 60 - Santa Quitéria, Rio Branco - AC, 69918-802, Brazil",Rio Branco,AC,Rio Branco,sem recorte,municipio_da_capital
ChIJ4fA6DUuNf5ER_yWsCSvWV2M,Jogos offline,"R. Dama da Noite, 908 - Jardim Tropical, Rio Branco - AC, 69901-248, Brazil",Rio Branco,AC,Rio Branco,sem recorte,municipio_da_capital
ChIJAST9A1qMf5ERea7KiThIpxo,Junior Games,"Posto Parati - R. Isaura Parente, 434 - sala"" 2 - Bosque, Rio Branco - AC, 69900-900, Brazil",Rio Branco,AC,Rio Branco,sem recorte,municipio_da_capital
ChIJZXKvt7ONf5ERFYb60yHYl6s,Luddu Us Play,"R. São Marcos, 54 - Casa 2 - Isaura Parente, Rio Branco - AC, 69918-274, Brazil",Rio Branco,AC,Rio Branco,sem recorte,municipio_da_capital
ChIJlYRHP5aNf5ERekyVRHNgmV0,"Plebeu Games e Informática - Rua Isaura Parente, Rio Branco - AC","R. Isaura Parente, 409 - Bosque, Rio Branco - AC, 69900-490, Brazil",Rio Branco,AC,Rio Branco,sem recorte,municipio_da_capital
ChIJK8ljwOWNf5ERjBqIzYMZ6_4,Tenpo Mokuzai,"Aquiri Shopping - loja 3100 - Centro, Rio Branco - AC, 69900-076, Brazil",Rio Branco,AC,Rio Branco,sem recorte,municipio_da_capital
ChIJu1yUroF_mQAR7qxqAfxKSw4,Game Of Boards,"Rua da Passagem, 142 - Botafogo, Rio de Janeiro - RJ, 22290-031, Brazil",Rio de Janeiro,RJ,Rio de Janeiro,Região Metropolitana do Rio de Janeiro,municipio_da_capital
ChIJv0v--orjmwARkmEpYSeGHyQ,Tiratela Ludus | Aluguel de jogos de tabuleiro,"R. Afonso Portugal - Campo Grande, Rio de Janeiro - RJ, 23073-090, Brazil",Rio de Janeiro,RJ,Rio de Janeiro,Região Metropolitana do Rio de Janeiro,municipio_da_capital
ChIJteQewk18mQARfLqshn97qxQ,Geek Shop Loja de Pokémon TCG,"Av. Nuta James, 65 - Lj B - Barra da Tijuca, Rio de Janeiro - RJ, 22640-030, Brazil",Rio de Janeiro,RJ,Rio de Janeiro,Região Metropolitana do Rio de Janeiro,municipio_da_capital
ChIJvW6OLYR_mQARfQmlE90hmt0,ANCIENT GAMES,"STAND 3 & 4 - Av. Rio Branco, 156 - 2° ANDAR LOJA 221 - Centro, Rio de Janeiro - RJ, 20040-003, Brazil",Rio de Janeiro,RJ,Rio de Janeiro,Região Metropolitana do Rio de Janeiro,municipio_da_capital
ChIJ47rkJ0XVmwARcl-kg5FuLUI,Alegria de Brincar Brinquedos Educativos,"Av. Nossa Sra. de Copacabana, 680 - Lj H - Copacabana, Rio de Janeiro - RJ, 22050-001, Brazil",Rio de Janeiro,RJ,Rio de Janeiro,Região Metropolitana do Rio de Janeiro,municipio_da_capital
ChIJAWisXifZmwARK6etc2ICR9Y,Arcadia Games,"Estr. do Gabinal, 313 - Lj 170 - Freguesia (Jacarepaguá), Rio de Janeiro - RJ, 22760-151, Brazil",Rio de Janeiro,RJ,Rio de Janeiro,Região Metropolitana do Rio de Janeiro,municipio_da_capital
ChIJbUJ2AoF_mQARMJs1lDL2CjU,Arte de Brincar Brinquedos Educativos,"R. do Catete, 228 - sobreloja 220 - Catete, Rio de Janeiro - RJ, 22220-001, Brazil",Rio de Janeiro,RJ,Rio de Janeiro,Região Metropolitana do Rio de Janeiro,municipio_da_capital
ChIJA7jlA899mQARAEFLCN4b2oI,Bolsa do Infinito,"Rua Conde de Bonfim, 685 - Lj D Galeria - Tijuca, Rio de Janeiro - RJ, 20520-052, Brazil",Rio de Janeiro,RJ,Rio de Janeiro,Região Metropolitana do Rio de Janeiro,municipio_da_capital
ChIJP3B-ZrJkmQARg8kuYENy-5c,CARDS OF PARADISE,"Av. Meriti, 908 - Vila da Penha, Rio de Janeiro - RJ, 21211-006, Brazil",Rio de Janeiro,RJ,Rio de Janeiro,Região Metropolitana do Rio de Janeiro,municipio_da_capital
ChIJ87vEIV9_mQARJytOMifw8z8,Dadomaniacos - Loja Online de Aluguel de Jogos de Tabuleiro,"R. Silva Teles - Andaraí, Rio de Janeiro - RJ, 20541-110, Brazil",Rio de Janeiro,RJ,Rio de Janeiro,Região Metropolitana do Rio de Janeiro,municipio_da_capital
ChIJZU59azp9mQAR8Eb3G_GlySg,Dom Luderia,"Rua Tompson Flores, 148 - Méier, Rio de Janeiro - RJ, 20710-090, Brazil",Rio de Janeiro,RJ,Rio de Janeiro,Região Metropolitana do Rio de Janeiro,municipio_da_capital
ChIJk4ZqIH1_mQARrByPymrpe7E,Donna Gastrobar,"R. Dezenove de Fevereiro, 165 - Botafogo, Rio de Janeiro - RJ, 22280-030, Brazil",Rio de Janeiro,RJ,Rio de Janeiro,Região Metropolitana do Rio de Janeiro,municipio_da_capital
ChIJhQ1Ksl1_mQARKDcGcKyiysE,Fan Games,"Av: presidente Vargas, 633 - sala 1002 - Centro, Rio de Janeiro - RJ, 20071-004, Brazil",Rio de Janeiro,RJ,Rio de Janeiro,Região Metropolitana do Rio de Janeiro,municipio_da_capital
ChIJNZEzHZfhmwARJ9z8yFGQ9TY,GOOD GAMË,"Estr. do Mendanha, 646 - Lj B - Campo Grande, Rio de Janeiro - RJ, 23087-285, Brazil",Rio de Janeiro,RJ,Rio de Janeiro,Região Metropolitana do Rio de Janeiro,municipio_da_capital
ChIJ-Ycyz4V_mQARA1w6hmRwoYs,Gamelândia,"Laranjeiras Mall - R. das Laranjeiras, 29 - 109 - Laranjeiras, Rio de Janeiro - RJ, 22240-000, Brazil",Rio de Janeiro,RJ,Rio de Janeiro,Região Metropolitana do Rio de Janeiro,municipio_da_capital
ChIJB8cDIEV_mQARrPUJZvnve2I,Gamelândia,"Rua Lauro Müller, 116 - Piso 3, C49 - Botafogo, Rio de Janeiro - RJ, 22290-160, Brazil",Rio de Janeiro,RJ,Rio de Janeiro,Região Metropolitana do Rio de Janeiro,municipio_da_capital
ChIJdxW77h3ZmwARRryMjduYQU0,Games Xbox vendas,"Av. das Lagoas, Apto 303 - Gardênia Azul, Rio de Janeiro - RJ, 22765-451, Brazil",Rio de Janeiro,RJ,Rio de Janeiro,Região Metropolitana do Rio de Janeiro,municipio_da_capital
ChIJ-Zxhm_N_mQARzLleIr1gixE,Geek Beer Commerce,"R. Barão de Itapagipe - Rio Comprido, Rio de Janeiro - RJ, 20261-005, Brazil",Rio de Janeiro,RJ,Rio de Janeiro,Região Metropolitana do Rio de Janeiro,municipio_da_capital
ChIJ_20ww0LZmwARHjZmY0uwR9I,Goblin Hero Store,"Estr. do Gabinal, 313 - Lj 176 A - Freguesia (Jacarepaguá), Rio de Janeiro - RJ, 22760-151, Brazil",Rio de Janeiro,RJ,Rio de Janeiro,Região Metropolitana do Rio de Janeiro,municipio_da_capital
ChIJU1AIvR3ZmwARX3zXn0JdzWg,In Bar Ludus Garage,"Estr. dos Três Rios, 506 - Freguesia (Jacarepaguá), Rio de Janeiro - RJ, 22745-005, Brazil",Rio de Janeiro,RJ,Rio de Janeiro,Região Metropolitana do Rio de Janeiro,municipio_da_capital
ChIJacpesF1_mQARYkxnwkecPwQ,Jiraya Games - Animes & Colecionáveis,"Mercado Popular Uruguaiana - R. Uruguaiana, S/N - Quadra B, BOX-103 - Centro, Rio de Janeiro - RJ, 20050-094, Brazil",Rio de Janeiro,RJ,Rio de Janeiro,Região Metropolitana do Rio de Janeiro,municipio_da_capital
ChIJ90Gs_9rVmwAReA7MnIyPLTE,Luderia Carioca,"R. do Catete, 62 - Catete, Rio de Janeiro - RJ, 22220-000, Brazil",Rio de Janeiro,RJ,Rio de Janeiro,Região Metropolitana do Rio de Janeiro,municipio_da_capital
ChIJKxJKAE9_mQARtFODs33OfmA,Luderia Carioca,"R. do Catete, 62 - Catete, Rio de Janeiro - RJ, 22220-000, Brazil",Rio de Janeiro,RJ,Rio de Janeiro,Região Metropolitana do Rio de Janeiro,municipio_da_capital
ChIJ4a_799PVmwARYNOCwgXazhE,Ludonexo - Aluguel de Jogos de Tabuleiro | On-line,"Av. Nossa Sra. de Copacabana, 534 - Copacabana, Rio de Janeiro - RJ, 22020-001, Brazil",Rio de Janeiro,RJ,Rio de Janeiro,Região Metropolitana do Rio de Janeiro,municipio_da_capital
ChIJYzHxUhR-mQARpqVtYD9th0c,Magic Store Brazil,"R. Teodoro da Silva, 240 - Vila Isabel, Rio de Janeiro - RJ, 20520-051, Brazil",Rio de Janeiro,RJ,Rio de Janeiro,Região Metropolitana do Rio de Janeiro,municipio_da_capital
ChIJGYdpMY-BmQARDlBzJxdvyv0,Mundo Mágico Store,"Praça Sen. Salgado Filho, s/n - Centro, Rio de Janeiro - RJ, 20021-340, Brazil",Rio de Janeiro,RJ,Rio de Janeiro,Região Metropolitana do Rio de Janeiro,municipio_da_capital
ChIJmVSogGB_mQARDPgisDzxnhw,Planeta dos Games,"Av. Rio Branco 156 - Loja 224 Stand 03 - Centro, Rio de Janeiro - RJ, 20040-003, Brazil",Rio de Janeiro,RJ,Rio de Janeiro,Região Metropolitana do Rio de Janeiro,municipio_da_capital
ChIJTf-5Vgt_mQAR7vMwKeg0jFA,Play Games 156,"Av. Rio Branco, 156 - Lj 214 - stand 09 - Centro, Rio de Janeiro - RJ, 20040-003, Brazil",Rio de Janeiro,RJ,Rio de Janeiro,Região Metropolitana do Rio de Janeiro,municipio_da_capital
ChIJR027YxB-mQARNQF8yHujAtI,Point HQ,"Rua Conde de Bonfim, 685 - Sl 214 - Tijuca, Rio de Janeiro - RJ, 20520-052, Brazil",Rio de Janeiro,RJ,Rio de Janeiro,Região Metropolitana do Rio de Janeiro,municipio_da_capital
ChIJmbgFPD55mQAR-cPX8PTm0y4,Quintal de Casa Brinquedoteca e Recreação,"Ilha do Governador - R. Gáspar Magalhães, 373 - Jardim Guanabara, Rio de Janeiro - RJ, 21940-120, Brazil",Rio de Janeiro,RJ,Rio de Janeiro,Região Metropolitana do Rio de Janeiro,municipio_da_capital
ChIJ1SAzAGF_mQARQgP-yrPBxbQ,RED jogos,"Av. Treze de Maio, 23 - sala 533 - Centro, Rio de Janeiro - RJ, 20031-902, Brazil",Rio de Janeiro,RJ,Rio de Janeiro,Região Metropolitana do Rio de Janeiro,municipio_da_capital
ChIJVVXxbmF_mQARw6gi7RmipBk,Rio Games,"R. Sen. Dantas, 71 - Sl 1205 - Centro, Rio de Janeiro - RJ, 20031-202, Brazil",Rio de Janeiro,RJ,Rio de Janeiro,Região Metropolitana do Rio de Janeiro,municipio_da_capital
ChIJ-bqxGV5_mQARoXiwMmZvhz4,Soninha Brinquedos - Aluguel de Brinquedos no Rio de Janeiro,"R. Haddock Lobo - Tijuca, Rio de Janeiro - RJ, 20260-141, Brazil",Rio de Janeiro,RJ,Rio de Janeiro,Região Metropolitana do Rio de Janeiro,municipio_da_capital
ChIJUwuKe0TRmwARHR_JRwG9Nwk,Universal Card Shop - Downtown Barra,"Av. das Américas, 500 - Bloco 20, Loja 125 - Barra da Tijuca, Rio de Janeiro - RJ, 22640-100, Brazil",Rio de Janeiro,RJ,Rio de Janeiro,Região Metropolitana do Rio de Janeiro,municipio_da_capital
ChIJ_cv0FwB_mQARkbW8bdLx99w,Vinoteca do Visconde Restaurante,"R. Visc. de Caravelas, 121 - Botafogo, Rio de Janeiro - RJ, 22271-041, Brazil",Rio de Janeiro,RJ,Rio de Janeiro,Região Metropolitana do Rio de Janeiro,municipio_da_capital
ChIJn-IBfmB_mQAR9tVYCLZRsaM,XT Gold Informática e Games,"Av. Rio Branco, 156 - Loja 319 - 3º Andar - Centro, Rio de Janeiro - RJ, 20040-003, Brazil",Rio de Janeiro,RJ,Rio de Janeiro,Região Metropolitana do Rio de Janeiro,municipio_da_capital
ChIJcSAAO0nhmwARkq55-ID_q2I,Xadrez Botticelli / Jaehrig / Chess King,"R. Mirtes Gomes, 14 - Senador Camará, Rio de Janeiro - RJ, 23010-050, Brazil",Rio de Janeiro,RJ,Rio de Janeiro,Região Metropolitana do Rio de Janeiro,municipio_da_capital
ChIJRwi-IMcEFgcR2QL8OciGdQ0,PlayGround Game Store,"Shopping Boulevard das Orquídeas - Av. Paulo VI, 1535 - Lj 101 - Pituba, Salvador - BA, 41810-000, Brazil",Salvador,BA,Salvador,Região Metropolitana de Salvador,municipio_da_capital
ChIJoTlvBfMbFgcRHvuCKHBQrXQ,São Jogue - Bela Vista,"Alameda Euvaldo Luz, 92 - Pernambués, Salvador - BA, 41098-020, Brazil",Salvador,BA,Salvador,Região Metropolitana de Salvador,municipio_da_capital
ChIJ-2rcJH4bFgcRPkW3X_tPP4Q,"Boar Games - Aluguel, Venda e Eventos de Jogos de Tabuleiro","Rua Tenente Fernando Tuy, 219 - Pituba, Salvador - BA, 41830-498, Brazil",Salvador,BA,Salvador,Região Metropolitana de Salvador,municipio_da_capital
ChIJd3SdTfYFFgcRo-JG2l_0Rzo,Invasion BG,"Av. Sete de Setembro, 624 Edf. Totônia - Sl 308 - Dois de Julho, Salvador - BA, 40060-001, Brazil",Salvador,BA,Salvador,Região Metropolitana de Salvador,municipio_da_capital
ChIJWaZ0iVobFgcRHQqoOsbwU7A,LR Games - Especialista em Desbloqueio de Switch,"Centro Empresarial Imbui - R. Padre Casemiro Quiroga, 236 - BOX 1 - Imbuí, Salvador - BA, 41720-400, Brazil",Salvador,BA,Salvador,Região Metropolitana de Salvador,municipio_da_capital
ChIJC2aGJPwQFgcRvo_o38trvU0,Cc Games e Informática,"via castelo branco segunda etapa - Castelo Branco, Salvador - BA, 41321-522, Brazil",Salvador,BA,Salvador,Região Metropolitana de Salvador,municipio_da_capital
ChIJF8PN3FjRek0RgesDgPMwU7s,Aluguel de Brinquedos Salvador - Magic Day Kids,"R. Nossa Sra. de Guadalupe, 27 - Acupe, Salvador - BA, 40290-250, Brazil",Salvador,BA,Salvador,Região Metropolitana de Salvador,municipio_da_capital
ChIJI4Fkbz0bFgcRokxrQ1W40FI,Bahia Games,"Av. Tancredo Neves, 274 - Bloco A Sala 209 - Caminho das Árvores, Salvador - BA, 41820-020, Brazil",Salvador,BA,Salvador,Região Metropolitana de Salvador,municipio_da_capital
ChIJf9lODBL_BqARVSCAIS0qsl8,Biduí Brincar I Aluguel de Brinquedos Lúdicos e Educativos para Eventos em Salvador,"Alameda Bosque Imperial, 45 - Apto 602 - São Rafael, Salvador - BA, 41250-580, Brazil",Salvador,BA,Salvador,Região Metropolitana de Salvador,municipio_da_capital
ChIJo4eHYEoRFgcRhg4vtzfqNwA,Brinquedoteca Casinha Feliz,"Rua Mauricio Grabois 02, 3 Etapa Tv. M - | 3ª Etapa - |, 02 - Castelo Branco, Salvador - BA, 41321-550, Brazil",Salvador,BA,Salvador,Região Metropolitana de Salvador,municipio_da_capital
ChIJe7ryVAARFgcRr8Fu5J7At7Q,Brinquedoteca e Playland Aprende e Diverte,"R. Albino Fernandes, 27 - Novo Horizonte, Salvador - BA, 41215-770, Brazil",Salvador,BA,Salvador,Região Metropolitana de Salvador,municipio_da_capital
ChIJoWVGf8AFFgcRPhADBEAJkKQ,Brothers Games Informática,"R. Demóstenes Paranhos, 159 - Lj 06 - Vila Ruy Barbosa, Salvador - BA, 40310-110, Brazil",Salvador,BA,Salvador,Região Metropolitana de Salvador,municipio_da_capital
ChIJiUmqX5wbFgcRXN1MqVacj28,CasadoGamer,"iguatemi Shopping da Gente no téreo loja128 - Av. Antônio Carlos Magalhães, 4591 - Brotas, Salvador - BA, 40280-901, Brazil",Salvador,BA,Salvador,Região Metropolitana de Salvador,municipio_da_capital
ChIJ1wYyoJwbFgcRGp5ymEMevGw,FIRE - Games e Festa Gamer,"Shopping da Bahia - Av. Tancredo Neves, 148 - 4º Piso - Caminho das Árvores, Salvador - BA, 41820-020, Brazil",Salvador,BA,Salvador,Região Metropolitana de Salvador,municipio_da_capital
ChIJwSZdhRwbFgcRLKgYBABeJEQ,Game Station,"Av. Tancredo Neves, 3133 - Loja 3001, Piso L3 - Caminho das Árvores, Salvador - BA, 41820-021, Brazil",Salvador,BA,Salvador,Região Metropolitana de Salvador,municipio_da_capital
ChIJ_YOROK8QFgcR4-vk3gUcjaw,Gamepólitan,"Av. Luís Viana Filho, 1590 - Itapuã, Salvador - BA, 41730-101, Brazil",Salvador,BA,Salvador,Região Metropolitana de Salvador,municipio_da_capital
ChIJL7lZWgAFFgcR318v2vNFS5c,Little Club Park - Aluguel de Brinquedos,"Blvd. Suíço, 211 - Nazaré, Salvador - BA, 40050-330, Brazil",Salvador,BA,Salvador,Região Metropolitana de Salvador,municipio_da_capital
ChIJnaSy0Z0bFgcREAL6m7PrajA,Marcos Brito Game Designer,"R. Eugênio Ribeiro - Doron, Salvador - BA, 41194-120, Brazil",Salvador,BA,Salvador,Região Metropolitana de Salvador,municipio_da_capital
ChIJw-9MRWYbFgcR-HRrfEVbZEY,Mundo Colorê - Aluguel de Brinquedos,"R. Elesbão do Carmo, 112 - Jardim Armação, Salvador - BA, 41750-260, Brazil",Salvador,BA,Salvador,Região Metropolitana de Salvador,municipio_da_capital
ChIJ1U_4x5oRFgcRNXdAsLSoQ9I,Mundo Gira Brinquedos,"R. Cecília Meireles, 13 - Castelo Branco, Salvador - BA, 41320-675, Brazil",Salvador,BA,Salvador,Região Metropolitana de Salvador,municipio_da_capital
ChIJf1BUo98bFgcRDe7TudKllvs,Pinus Jogos e Brinquedos de Madeira,"Pituaçu, Salvador - Bahia, 41741-170, Brazil",Salvador,BA,Salvador,Região Metropolitana de Salvador,municipio_da_capital
ChIJb9OniUUbFgcRAPVDD2gHRIo,Quintal dos Brinquedos,"R. Bicuíba, 1390 - Patamares, Salvador - BA, 41680-050, Brazil",Salvador,BA,Salvador,Região Metropolitana de Salvador,municipio_da_capital
ChIJMWXllGcbFgcR-wtedrpqLCg,Salvador Brinquedos - Aluguel de brinquedos infláveis,"R. Dr. Hosannah de Oliveira, 112 - Itaigara, Salvador - BA, 41815-215, Brazil",Salvador,BA,Salvador,Região Metropolitana de Salvador,municipio_da_capital
ChIJV1s3wNMaFgcRYPQGS1HoO9Y,Soft & Games,"R. Marquês de Maricá - Pau Miúdo, Salvador - BA, 40310-000, Brazil",Salvador,BA,Salvador,Região Metropolitana de Salvador,municipio_da_capital
ChIJ-UmVDcEXFgcRnbCBRUGrDVs,São Jogue - Paralela,"Av. Luís Viana Filho, 8544 - Alphaville, Salvador - BA, 41730-101, Brazil",Salvador,BA,Salvador,Região Metropolitana de Salvador,municipio_da_capital
ChIJ91iE_UsbFgcRIoJGpNT8QNg,Vix Games Toys Rental,"Condomínio Edifício Jardim Versailes - Alameda dos Jasmins, 176 - Candeal, Salvador - BA, 40296-200, Brazil",Salvador,BA,Salvador,Região Metropolitana de Salvador,municipio_da_capital
ChIJk_sxWACN9gcROBc9azPk-dA,Nexus Card Games,"R. Duque Bacelar, 3 - Recanto dos Nobres, São Luís - MA, 65074-261, Brazil",São Luís,MA,São Luís,Região Metropolitana da Grande São Luís,municipio_da_capital
ChIJm5LrB16N9gcRO48yrpu77wA,Adoleta Brinquedoteca SLZ,"R. Gerânios, 2 - Ponta D'areia, São Luís - MA, 65077-550, Brazil",São Luís,MA,São Luís,Região Metropolitana da Grande São Luís,municipio_da_capital
ChIJq-7Nul6P9gcRyp8U7LIxkIs,Alpha Arena Games,"Av. Gov. Luís Rocha, 1939 - Monte Castelo, São Luís - MA, 65037-270, Brazil",São Luís,MA,São Luís,Região Metropolitana da Grande São Luís,municipio_da_capital
ChIJPYCdggeN9gcR52LY52X6eZc,BeToys Brinquedos,"Golden - Av. dos Holandeses, 200 - Calhau, São Luís - MA, 65071-380, Brazil",São Luís,MA,São Luís,Região Metropolitana da Grande São Luís,municipio_da_capital
ChIJaQ8vDSCP9gcRXwhYo9WJkQk,Benjamin Brinquedoskids,"R. Nossa Sra. Aparecida - Areinha, São Luís - MA, 65032-540, Brazil",São Luís,MA,São Luís,Região Metropolitana da Grande São Luís,municipio_da_capital
ChIJ5dgqcIKT9gcRe-38gcAPJ3s,Casa de Brinquedo,"Ed. Comercial Bandeiras Plazza - Av. dos Holandeses, Lj 21 - Olho D'agua, São Luís - MA, 65065-180, Brazil",São Luís,MA,São Luís,Região Metropolitana da Grande São Luís,municipio_da_capital
ChIJoflM9MqR9gcRXi8dyXkeQdw,Claudio Games(EM BREVE 2024 ) NOVA LOJA SINCE 2003,"R. das Mangueiras, 279 - Centro, São Luís - MA, 65010-360, Brazil",São Luís,MA,São Luís,Região Metropolitana da Grande São Luís,municipio_da_capital
ChIJ0bOqWOmP9gcRXRizku0ZiN0,Coyote Games,"R. das Flôres - Centro, São Luís - MA, 65010-230, Brazil",São Luís,MA,São Luís,Região Metropolitana da Grande São Luís,municipio_da_capital
ChIJCRE2G5eO9gcRql4E24nqkpQ,"FISIOFIT - Fisioterapia, Rpg, Pilates, Osteopatia","Rua das Paparaubas casa 25 quadra 05 loja 03 - atrás da panificadora - Jardim Sao Francisco, São Luís - MA, 65076-000, Brazil",São Luís,MA,São Luís,Região Metropolitana da Grande São Luís,municipio_da_capital
ChIJuxDnf2OP9gcR1wYWWsfyTs4,ILHA GAMES STUDIO,"Rua Isaac Martins Barrocas, 132 - Centro, São Luís - MA, 65010-590, Brazil",São Luís,MA,São Luís,Região Metropolitana da Grande São Luís,municipio_da_capital
ChIJG0-06TuS9gcRIgBefwZqdLY,JR Games e Informática,"Rua Dezenove, N° 30A, Habitacional Turu - Turu, São Luís - MA, 65065-830, Brazil",São Luís,MA,São Luís,Região Metropolitana da Grande São Luís,municipio_da_capital
ChIJw2djmViP9gcR6Mbidwwftik,Jogos Play,"R. Alm. Tamandaré - Vila Palmeira, São Luís - MA, 65045-040, Brazil",São Luís,MA,São Luís,Região Metropolitana da Grande São Luís,municipio_da_capital
ChIJZ4VIP1CT9gcRLQRZJbjIE8Q,K.O Cardstore,"R. V Onze, 5 - Olho D'agua, São Luís - MA, 65073-030, Brazil",São Luís,MA,São Luís,Região Metropolitana da Grande São Luís,municipio_da_capital
ChIJoyaZBI6R9gcRJmATrDpHvHY,Leon Games,"R. Retiro Natal - Monte Castelo, São Luís - MA, 65031-540, Brazil",São Luís,MA,São Luís,Região Metropolitana da Grande São Luís,municipio_da_capital
ChIJnbTgfgeS9gcRP8n5nhD7iWs,Ludorama,"R. dos Bicudos, 8 - Jardim Renascença, São Luís - MA, 65075-090, Brazil",São Luís,MA,São Luís,Região Metropolitana da Grande São Luís,municipio_da_capital
ChIJkYFzpAWT9gcR4ZHFa9MyV4U,Ludotime - aluguel de jogos de tabuleiro,"R. 11, 15 - Araçagy, São Luís - MA, 65000-000, Brazil",São Luís,MA,São Luís,Região Metropolitana da Grande São Luís,municipio_da_capital
ChIJC6AAbZ2P9gcRoAIUU5hi-Qk,MAXIMUS GAMES,"Travessa da Rua 9, 35L - São Francisco, São Luís - MA, 65076-690, Brazil",São Luís,MA,São Luís,Região Metropolitana da Grande São Luís,municipio_da_capital
ChIJ7yzA_VCQ9gcRdhiVsB8Om60,Momentos Felizes_Buffet Infantil e Brinquedos,"R. Dez, 19C - Cohab Anil I, São Luís - MA, 65053-060, Brazil",São Luís,MA,São Luís,Região Metropolitana da Grande São Luís,municipio_da_capital
ChIJEcs_ECON9gcRmeIjXxkbzuU,PV Toys Locadora de Brinquedo,"Avenida Colares Moreira, Centro Comercial Atlanta Center - Loja 18 - Jardim Renascença, São Luís - MA, 65075-441, Brazil",São Luís,MA,São Luís,Região Metropolitana da Grande São Luís,municipio_da_capital
ChIJT4QZkwCX9gcRN9NWrbAr7Gc,Pule & Brinque - Aluguel de brinquedos infantis para festas,"Av. Dois, quadra 11, 23 - Conj. Hab. Turu, São Luís - MA, 65066-710, Brazil",São Luís,MA,São Luís,Região Metropolitana da Grande São Luís,municipio_da_capital
ChIJPU76dW-a9gcRIUjMZw-9yL0,Steniogames,"praça do viva - Unidade 205 - R. 205 NE, casa 59 - Cidade Operária, São Luís - MA, 65058-135, Brazil",São Luís,MA,São Luís,Região Metropolitana da Grande São Luís,municipio_da_capital
ChIJ-59d74eP9gcRwtjlwK_FRmI,Studio Games São Luis,"Av. Daniel de La Touche, 987 - Cohama, São Luís - MA, 65074-115, Brazil",São Luís,MA,São Luís,Região Metropolitana da Grande São Luís,municipio_da_capital
ChIJqcMfbJSR9gcRZdmEolmRSUw,Ultra Games Park - Aluguel de Brinquedos em São Luís,"Av. Um - Alto do Turu, São Luís - MA, 65110-000, Brazil",São Luís,MA,São Luís,Região Metropolitana da Grande São Luís,municipio_da_capital
ChIJyXqDuUiP9gcRE1ctmlE0_-g,Unidade D Gamer,"Av. dos Expedicionários - Apeadouro, São Luís - MA, 65040-120, Brazil",São Luís,MA,São Luís,Região Metropolitana da Grande São Luís,municipio_da_capital
ChIJNcHw7jNYzpQRKRHPOrb4jEw,Play Easy,"R. Pedro Taques, 47 - Cerqueira César, São Paulo - SP, 01415-010, Brazil",São Paulo,SP,São Paulo,Região Metropolitana de São Paulo,municipio_da_capital
ChIJmeoX-RpZzpQR4joLam_WngM,Akagami Card Games e Colecionáveis,"R. Antônio Carlos, 686 - Cerqueira César, São Paulo - SP, 01309-010, Brazil",São Paulo,SP,São Paulo,Região Metropolitana de São Paulo,municipio_da_capital
ChIJbZRHQPRfzpQRz97-ZOg0yXA,Castelos Bar & Boardgames,"R. Serra de Botucatu, 995 - Vila Gomes Cardim, São Paulo - SP, 03317-000, Brazil",São Paulo,SP,São Paulo,Região Metropolitana de São Paulo,municipio_da_capital
ChIJEXWGxDD5zpQRc6mmlhKeyuI,Meca dos Jogos - Loja de Boardgames!,"R. Jesuíno Antônio Batista, 417 - Jardim Guarani, São Paulo - SP, 02851-080, Brazil",São Paulo,SP,São Paulo,Região Metropolitana de São Paulo,municipio_da_capital
ChIJTaG5ALpZzpQRUDErQ-RkfTs,Ludus Luderia,"R. Treze de Maio, 972 - Bela Vista, São Paulo - SP, 01327-000, Brazil",São Paulo,SP,São Paulo,Região Metropolitana de São Paulo,municipio_da_capital
ChIJZz29dnVXzpQRvRh7_YKyUN4,Encounter | Jogos de Tabuleiro | Board Games,"Av. dos Eucaliptos, 204 - Moema, São Paulo - SP, 04517-050, Brazil",São Paulo,SP,São Paulo,Região Metropolitana de São Paulo,municipio_da_capital
ChIJo-6lZMlezpQRmgUpUPfmRIs,Pitta's Board Games,"R. Paraupava, 80 - Belenzinho, São Paulo - SP, 03171-060, Brazil",São Paulo,SP,São Paulo,Região Metropolitana de São Paulo,municipio_da_capital
ChIJKeHwNv5ZzpQRlmzx9rCTWdM,Bodogami Restaurante e Cafeteria,"Av. da Liberdade, 456 - Liberdade, São Paulo - SP, 01502-001, Brazil",São Paulo,SP,São Paulo,Região Metropolitana de São Paulo,municipio_da_capital
ChIJ12nmpudbzpQR2nKy8UViS0Q,Caffè Boardgames - Jogos e Tabuleiros 🎲 ☕️,"R. Tiquatira, 604 - Bosque da Saúde, São Paulo - SP, 04137-111, Brazil",São Paulo,SP,São Paulo,Região Metropolitana de São Paulo,municipio_da_capital
ChIJA9zBb5D3zpQRrh4mcYWHBRI,Loca Tabuleiro,"R. Reims, 120 - Jardim das Laranjeiras, São Paulo - SP, 02517-010, Brazil",São Paulo,SP,São Paulo,Região Metropolitana de São Paulo,municipio_da_capital
ChIJb5S1-l_J9QkR2Vc6LTSknZo,Visga Jogos Aluguel de Jogos de Tabuleiro,"Praça Dom Francisco de Sousa, 126 - 154A - Santo Amaro, São Paulo - SP, 04745-050, Brazil",São Paulo,SP,São Paulo,Região Metropolitana de São Paulo,municipio_da_capital
ChIJwxy21gBRzpQR_H0EEtBoaqw,LudoStation,"R. Joaquim Nabuco, 66 - Lj 02 - Brooklin, São Paulo - SP, 04621-000, Brazil",São Paulo,SP,São Paulo,Região Metropolitana de São Paulo,municipio_da_capital
ChIJBWiCAwBfzpQR3y8JZajZyuI,Lendario Card Games,"Av. Celso Garcia, 4367 - Tatuapé, São Paulo - SP, 03063-000, Brazil",São Paulo,SP,São Paulo,Região Metropolitana de São Paulo,municipio_da_capital
ChIJYTweKpBZzpQR1MoMaynUGOY,"ALUGUEL DE BRINQUEDOS PARA FESTAS, MESAS E CADEIRAS","R. José Bento, 293 - Cambuci, São Paulo - SP, 01523-030, Brazil",São Paulo,SP,São Paulo,Região Metropolitana de São Paulo,municipio_da_capital
ChIJyzOdkZBnzpQRgrkQrV8p52s,Arcade 80 - Game Lounge,"R. Fontoura Xavier, 1314 - Itaquera, São Paulo - SP, 08295-300, Brazil",São Paulo,SP,São Paulo,Região Metropolitana de São Paulo,municipio_da_capital
ChIJoXwLEp1fzpQR4DU1dGki6VQ,Arcade Haus - Tatuapé,"R. Euclides Pacheco, 483 - Vila Gomes Cardim, São Paulo - SP, 03321-000, Brazil",São Paulo,SP,São Paulo,Região Metropolitana de São Paulo,municipio_da_capital
ChIJYTHwWgBbzpQRFenbJdM5cxU,Arena BG | Jogos de Tabuleiro | Hamburgueria,"R. Lino Coutinho, 1791 - Ipiranga, São Paulo - SP, 04207-002, Brazil",São Paulo,SP,São Paulo,Região Metropolitana de São Paulo,municipio_da_capital
ChIJP8bhwsRZzpQRO4LP-se7Y6k,Barba Games,"Av. Paulista, 726 - Sl 1202 - Bela Vista, São Paulo - SP, 01310-910, Brazil",São Paulo,SP,São Paulo,Região Metropolitana de São Paulo,municipio_da_capital
ChIJq3IYM2VZzpQRi5svNs0EGg0,Berserkrjogos,"R. Cel. Frias, 304 - Vila Monumento, São Paulo - SP, 01552-010, Brazil",São Paulo,SP,São Paulo,Região Metropolitana de São Paulo,municipio_da_capital
ChIJrT_EWwBZzpQRGAZzptZbtsY,Cartola Luderia Bar,"R. Dr. Siqueira Campos, 42 - Liberdade, São Paulo - SP, 01153-000, Brazil",São Paulo,SP,São Paulo,Região Metropolitana de São Paulo,municipio_da_capital
ChIJ3f1Q4k5XzpQRxXbCl46NthA,Clube do Jacaré Itaim - Brinquedos Educativos e Brinquedoteca,"R. Pedroso Alvarenga, 387 - Itaim Bibi, São Paulo - SP, 04531-000, Brazil",São Paulo,SP,São Paulo,Região Metropolitana de São Paulo,municipio_da_capital
ChIJ5Y6lk2tZzpQR4cX6YPqm-_Y,Clube do Jacaré Jardins - Brinquedos Educativos e Brinquedoteca,"Alameda Lorena, 889 - Jardim Paulista, São Paulo - SP, 01424-005, Brazil",São Paulo,SP,São Paulo,Região Metropolitana de São Paulo,municipio_da_capital
ChIJ50EwkwD3zpQRzbm57--WeqE,"Clube do Jacaré Santana - Brinquedos Educativos, Jogos, Livros e Brinquedoteca","R. Ana Benvinda de Andrade, 79 - Santana, São Paulo - SP, 02403-030, Brazil",São Paulo,SP,São Paulo,Região Metropolitana de São Paulo,municipio_da_capital
ChIJF9j3OCRbzpQRkk74_QtOk_0,Coletivo Geek,"Alameda dos Nhambiquaras, 2013 - Moema, São Paulo - SP, 04090-013, Brazil",São Paulo,SP,São Paulo,Região Metropolitana de São Paulo,municipio_da_capital
ChIJ3SSHFIVZzpQROFCQyQ174H0,Domain Games,"R. Domingos de Morais, 1837 - Vila Mariana, São Paulo - SP, 04009-003, Brazil",São Paulo,SP,São Paulo,Região Metropolitana de São Paulo,municipio_da_capital
ChIJ5fezD7BZzpQRrccO-Yml3V0,Dominaria Cards & Games,"R. Dr. Siqueira Campos, 307 - Liberdade, São Paulo - SP, 01509-020, Brazil",São Paulo,SP,São Paulo,Região Metropolitana de São Paulo,municipio_da_capital
ChIJ9SkRAaNZzpQRvKN5crM-sQk,Duel Shop Games,"R. Castro Alves, 31 - Loja14 - Liberdade, São Paulo - SP, 01532-000, Brazil",São Paulo,SP,São Paulo,Região Metropolitana de São Paulo,municipio_da_capital
ChIJN3xqoKlZzpQR-64Cv9fqOdo,Epic Game,"R. da Glória, 117 - Liberdade, São Paulo - SP, 01510-001, Brazil",São Paulo,SP,São Paulo,Região Metropolitana de São Paulo,municipio_da_capital
ChIJXbP37X1RzpQRZPCh6OsX9IM,"Expresso Board Games | Jogos de Tabuleiro - Board Games, Card Games & Acessórios","Rua Euclides Stoffel de Lima, 56 - Vila Cruzeiro, São Paulo - SP, 04726-050, Brazil",São Paulo,SP,São Paulo,Região Metropolitana de São Paulo,municipio_da_capital
ChIJ_aN4OAxXzpQR0UH63sAeVCA,Fan Hour Games and Burgers,"R. Artur de Azevedo, 898 - Pinheiros, São Paulo - SP, 05404-002, Brazil",São Paulo,SP,São Paulo,Região Metropolitana de São Paulo,municipio_da_capital
ChIJa3UsDhRczpQRPPSuDl6acO8,"Flow Games - Burgers, Cards & Comunidade","Rua Dona Genoveva D'Ascoli, 17 - Vila Prudente, São Paulo - SP, 03132-070, Brazil",São Paulo,SP,São Paulo,Região Metropolitana de São Paulo,municipio_da_capital
ChIJU4gvvaJXzpQR1SPX6E4t1jQ,Good Game E-Sports Bar,"R. Mourato Coelho, 992 - Pinheiros, São Paulo - SP, 05417-001, Brazil",São Paulo,SP,São Paulo,Região Metropolitana de São Paulo,municipio_da_capital
ChIJYWaY5qhZzpQRmmO3L2JjaoE,Hotyugioh Cards & Toys,"R. Galvão Bueno, 40/44 - Lj 220 - Liberdade, São Paulo - SP, 01506-000, Brazil",São Paulo,SP,São Paulo,Região Metropolitana de São Paulo,municipio_da_capital
ChIJw81FIxpdzpQRPUHcMmebUY0,Itabuleiros,"Av. Dr. Eduardo Cotching, 1495 - Vila Formosa, São Paulo - SP, 03356-001, Brazil",São Paulo,SP,São Paulo,Região Metropolitana de São Paulo,municipio_da_capital
ChIJn7uU0RNbzpQRI4GI9KHOo_s,Jogasampa,"Alameda dos Anapurus, 1664 - Moema, São Paulo - SP, 04087-006, Brazil",São Paulo,SP,São Paulo,Região Metropolitana de São Paulo,municipio_da_capital
ChIJdfJPFaVRzpQRy3NieWEkGLo,Jogos Bonitos,"Av. Rouxinol, 431 - Moema, São Paulo - SP, 04516-000, Brazil",São Paulo,SP,São Paulo,Região Metropolitana de São Paulo,municipio_da_capital
ChIJO8W2hThfzpQRjeWplqhAyKQ,Lendário Game Bar,"No mesmo prédio da Lendário Card Games - Av. Celso Garcia, 4367 - Tatuapé, São Paulo - SP, 03063-000, Brazil",São Paulo,SP,São Paulo,Região Metropolitana de São Paulo,municipio_da_capital
ChIJ5a8Oem5XzpQRsTG-a8fQi0I,Ludoverso,"Praça Professora Emília Barbosa Lima, 32 - Vila Madalena, São Paulo - SP, 05448-070, Brazil",São Paulo,SP,São Paulo,Região Metropolitana de São Paulo,municipio_da_capital
ChIJEbaEK_X1zpQR5zMLUPhrkUE,Légola Board Games,"Rua Thomaz Cyro Pozzi, pozzy, 564 - Vila Nova Carolina, São Paulo - SP, 02263-030, Brazil",São Paulo,SP,São Paulo,Região Metropolitana de São Paulo,municipio_da_capital
ChIJAfog1rL5zpQRrkw6_F9zX3k,MTG Cards Games,"R. Valentim de Barros, 142 - Freguesia do Ó, São Paulo - SP, 02733-070, Brazil",São Paulo,SP,São Paulo,Região Metropolitana de São Paulo,municipio_da_capital
ChIJH_2Y3hhZzpQRugQWaocGzpU,MainDeck Card Games e Acessórios,"R. Galvão Bueno, 714 - 2º Andar - Liberdade, São Paulo - SP, 01506-000, Brazil",São Paulo,SP,São Paulo,Região Metropolitana de São Paulo,municipio_da_capital
ChIJyY3PwpX7zpQRxfkKlHJ59Jk,Nerdev - Jogos de Tabuleiro,"Rua Antônio Nápoli, 564 - Parada, São Paulo - SP, 02987-030, Brazil",São Paulo,SP,São Paulo,Região Metropolitana de São Paulo,municipio_da_capital
ChIJST8r-n9bzpQRA5qbMN8HZ1w,Nerdforge,"R. Cuminapanema, 26 - Vila da Saúde, São Paulo - SP, 04145-060, Brazil",São Paulo,SP,São Paulo,Região Metropolitana de São Paulo,municipio_da_capital
ChIJE43rt29ZzpQRnvADt6pXfto,OMNIVERSE,"Rua Comendador Eduardo Saccab, 180 - Brooklin, São Paulo - SP, 04601-070, Brazil",São Paulo,SP,São Paulo,Região Metropolitana de São Paulo,municipio_da_capital
ChIJrVmMsgNbzpQR1TR-vMoDB2s,Pac-Deck | Loja de Card Games e acessórios (TCG),"Av. Miguel Estefno, 413 - Vila da Saúde, São Paulo - SP, 04341-010, Brazil",São Paulo,SP,São Paulo,Região Metropolitana de São Paulo,municipio_da_capital
ChIJO7xc2qZbzpQRfyZR6yK538I,Polar Jogos,"Alameda dos Nhambiquaras, 2013 - Moema, São Paulo - SP, 04090-013, Brazil",São Paulo,SP,São Paulo,Região Metropolitana de São Paulo,municipio_da_capital
ChIJZeLd3Nn3zpQRUACWDZ_zURE,Polvo Ludoteca,"R. Pedro Doll, 71 - Santana, São Paulo - SP, 02404-000, Brazil",São Paulo,SP,São Paulo,Região Metropolitana de São Paulo,municipio_da_capital
ChIJxdfaXGNZzpQRhb1uhFqtZGU,Quiz Eventos,"R. Caiacanga, 168 - Mirandópolis, São Paulo - SP, 04051-040, Brazil",São Paulo,SP,São Paulo,Região Metropolitana de São Paulo,municipio_da_capital
ChIJQSTYYLVVzpQRYvXUW9v8NhU,Thutti Jogos,"R. Alfredo Xavier de Andrade, 152 - Jardim Esmeralda, São Paulo - SP, 05596-030, Brazil",São Paulo,SP,São Paulo,Região Metropolitana de São Paulo,municipio_da_capital
ChIJsU5BAwBRzpQRAgLVvqg68os,Tubaleria - Clube de Jogos de Tabuleiro e Hamburgueria,"R. Paul Valery, 76 - Chácara Santo Antônio (Zona Sul), São Paulo - SP, 04719-050, Brazil",São Paulo,SP,São Paulo,Região Metropolitana de São Paulo,municipio_da_capital
ChIJCx56LglXzpQRjsVd_C36FN4,UZ Games,"Av. Rebouças, 3970 - Pinheiros, São Paulo - SP, 05402-600, Brazil",São Paulo,SP,São Paulo,Região Metropolitana de São Paulo,municipio_da_capital
ChIJi5zbZadgzpQRIYeuK_eqQio,XPlace,"R. Jordânia, 32 - Vila Guilhermina, São Paulo - SP, 03543-000, Brazil",São Paulo,SP,São Paulo,Região Metropolitana de São Paulo,municipio_da_capital
ChIJEX85Lvg5jgcRQRphIoy9Q-k,AN GAMES,"R. Tersandro Paz, 2129 - Sl 103 - Centro (Sul), Teresina - PI, 64015-015, Brazil",Teresina,PI,Teresina,Região Integrada de Desenvolvimento da Grande Teresina,municipio_da_capital
ChIJlcgJwIA5jgcRrsd52w8J7TY,Alberto Games,"R. Areolino de Abreu, 1392 - Lj 02 - Centro (Sul), Teresina - PI, 64000-180, Brazil",Teresina,PI,Teresina,Região Integrada de Desenvolvimento da Grande Teresina,municipio_da_capital
ChIJQ1Cor745jgcRTrDBkoMKhb0,Arena Game Shop,"R. Otávio Falcão, 2042 - Primavera, Teresina - PI, 64002-590, Brazil",Teresina,PI,Teresina,Região Integrada de Desenvolvimento da Grande Teresina,municipio_da_capital
ChIJYS2aTSQ5jgcRx_62zgl8w6k,Casa Lúdica | Loja de Brinquedos Educativos em Teresina,"Av. Nossa Sra. de Fátima, 1050 - Fátima, Teresina - PI, 64049-290, Brazil",Teresina,PI,Teresina,Região Integrada de Desenvolvimento da Grande Teresina,municipio_da_capital
ChIJBY98DHw3jgcRtH5iqYsnDLQ,Cassio Games,"Shopping da Cidade - R. Areolino de Abreu, 300 - Box 59 - Centro (Sul), Teresina - PI, 64000-180, Brazil",Teresina,PI,Teresina,Região Integrada de Desenvolvimento da Grande Teresina,municipio_da_capital
ChIJGU_tMPA5jgcRNTMCDQiIXaU,Castelo da Alegria | Loja de Brinquedos,"Av. Nossa Sra. de Fátima, 1287 - Fátima, Teresina - PI, 64049-528, Brazil",Teresina,PI,Teresina,Região Integrada de Desenvolvimento da Grande Teresina,municipio_da_capital
ChIJO23CtJA5jgcRB1ZMVm4R8Ak,Espaco Caramelles,"R. João Emílio Falcão, 338 - Fátima, Teresina - PI, 64049-480, Brazil",Teresina,PI,Teresina,Região Integrada de Desenvolvimento da Grande Teresina,municipio_da_capital
ChIJu8jE2P05jgcRrxeCQiJI-rM,Fábrica de Sonhos Teresina | Loja de brinquedos em Teresina,"Rua Aviador Irapuã Rocha 677 - Galeria Irapua 2 - Jockey, Teresina - PI, 64048-323, Brazil",Teresina,PI,Teresina,Região Integrada de Desenvolvimento da Grande Teresina,municipio_da_capital
ChIJn-wDAKQ7jgcREAU2aZNvXfQ,Homo Ludicus,"Av. Gov. Gayoso e Almendra, 443 - São João, Teresina - PI, 64046-455, Brazil",Teresina,PI,Teresina,Região Integrada de Desenvolvimento da Grande Teresina,municipio_da_capital
ChIJAbAwCQw5jgcRWJtm-FEp-Yc,Hora de Brincar - Locações de Brinquedos,"Alameda Parnaíba - Marquês de Paranaguá, Teresina - PI, 64002-475, Brazil",Teresina,PI,Teresina,Região Integrada de Desenvolvimento da Grande Teresina,municipio_da_capital
ChIJlcpHapU9jgcRH8yYLpAWYPM,João Filho - GAMES,"R. São João Batista, 1640 - Tabajaras, Teresina - PI, 64067-530, Brazil",Teresina,PI,Teresina,Região Integrada de Desenvolvimento da Grande Teresina,municipio_da_capital
ChIJdTX4RXw3jgcRoOZ7vOYBZtA,Paulo Games,"R. Areolino de Abreu, 1392 - Centro (Sul), Teresina - PI, 64000-180, Brazil",Teresina,PI,Teresina,Região Integrada de Desenvolvimento da Grande Teresina,municipio_da_capital
ChIJawS-Cnw3jgcRjWBtxc8ykc4,Revolution Games,"Shop. da Cidade, Av Maranhão, 300 - Térreo - Box 42,43 - Centro (Norte), Teresina - PI, 64000-010, Brazil",Teresina,PI,Teresina,Região Integrada de Desenvolvimento da Grande Teresina,municipio_da_capital
ChIJu8ytMKM5jgcRYag1mOLKqXc,SMART&GAMES,"AV. MARECHAL CASTELO BRANCO Nº911 LOJA 413-C 4 PAVIMENTO SHOPPING RIO POTY - Porenquanto, Teresina - PI, 64003-087, Brazil",Teresina,PI,Teresina,Região Integrada de Desenvolvimento da Grande Teresina,municipio_da_capital
ChIJWePpXgA3jgcRZG7Uw_oeB74,Sword Luderia,"Av. Joaquim Ribeiro, 1188 - Centro (Sul), Teresina - PI, 64001-480, Brazil",Teresina,PI,Teresina,Região Integrada de Desenvolvimento da Grande Teresina,municipio_da_capital
ChIJXQreloA5jgcRIkUUeNJG8Lw,"SÓ CONTROLES E GAMES - Loja de jogos, Videogames e acessórios para videogames em Teresina PI","R. Areolino de Abreu, 1484 - Centro (Sul), Teresina - PI, 64000-180, Brazil",Teresina,PI,Teresina,Região Integrada de Desenvolvimento da Grande Teresina,municipio_da_capital
ChIJsR1HqFcxjgcRxQAlU9mCmf4,Tio Dos Brinquedos,"Redonda, Teresina - Piauí, 64080-010, Brazil",Teresina,PI,Teresina,Região Integrada de Desenvolvimento da Grande Teresina,municipio_da_capital
ChIJe9maHv03jgcRj0oKnQYXJfA,Urim & Tumim - Aluguel de Jogos de Tabuleiro,"R. Ercínio Fortes, 6228 - Bela Vista, Teresina - PI, 64023-265, Brazil",Teresina,PI,Teresina,Região Integrada de Desenvolvimento da Grande Teresina,municipio_da_capital
ChIJqUA_IaE5jgcRjnu2CBE7yTM,Xeque Mate: Restaurante e Jogos de Tabuleiro,"Av. Sen. Area Leão, 4041 - Morada do Sol, Teresina - PI, 64049-110, Brazil",Teresina,PI,Teresina,Região Integrada de Desenvolvimento da Grande Teresina,municipio_da_capital
ChIJg2Z3ZckxjgcRLTDHwxksHnA,outtime - loja nerd e geek,"dirceu - Av. José Francisco de Almeida Neto, 158 - Casa 09-5 - Itararé, Teresina - PI, 64077-175, Brazil",Teresina,PI,Teresina,Região Integrada de Desenvolvimento da Grande Teresina,municipio_da_capital
ChIJJSXMmvYXuAAR1_m2nqHu9zw,Cafezinho Lúdico - Board Games (somente jogos de tabuleiro),"R. Gelu Vervloet dos Santos, 280 - Jardim Camburi, Vitória - ES, 29090-100, Brazil",Vitória,ES,Vitória,Região Metropolitana da Grande Vitória,municipio_da_capital
ChIJb-fajK4ZuAARk8mlcefRJo8,Casa Lúdica | Loja de Brinquedos Educativos em Vitória,"EDIF IVARDE PEREIRA GOMES - R. Comissário Octávio Queiroz, 881 - Lj 02 - Jardim da Penha, Vitória - ES, 29060-270, Brazil",Vitória,ES,Vitória,Região Metropolitana da Grande Vitória,municipio_da_capital
ChIJ8UAbVQAXuAAR0qU-Q5RO4OU,Game Point - Shopping Vitória,"Av. Américo Buaiz, 200 - Enseada do Suá, Vitória - ES, 29050-420, Brazil",Vitória,ES,Vitória,Região Metropolitana da Grande Vitória,municipio_da_capital
ChIJBfbHGBAXuAARabgxg4BssgQ,Jardim dos Brinquedos,"R. Elesbão Linhares, 15 - lojas 20 e 21 - Praia do Canto, Vitória - ES, 29055-340, Brazil",Vitória,ES,Vitória,Região Metropolitana da Grande Vitória,municipio_da_capital
ChIJGwVljPkXuAARP7bicxRAsY0,Jardim dos Brinquedos,"R. Maria Eleonora Pereira, 520 - Lj 03 - Jardim da Penha, Vitória - ES, 29060-180, Brazil",Vitória,ES,Vitória,Região Metropolitana da Grande Vitória,municipio_da_capital
ChIJm7OxcRAXuAAREcnuTC-9PtQ,Level 1 Games,"Masterplace mall - Av. Nossa Sra. da Penha, 2150 - Lj 57 C - Barro Vermelho, Vitória - ES, 29057-565, Brazil",Vitória,ES,Vitória,Região Metropolitana da Grande Vitória,municipio_da_capital
ChIJEfNOc4UZuAARnwoxzE7NVto,"Lê Fiesta Brinquedos , Inflaveis e Recreaçao","Av. Dr. Herwan Modenese Wanderley - Jardim Camburi, Vitória - ES, 29090-640, Brazil",Vitória,ES,Vitória,Região Metropolitana da Grande Vitória,municipio_da_capital
ChIJ9_R9fMQXuAAROpd9sDcyE9k,MR Games Technical Assistance,"Avenida Nossa Senhora da Penha, 356 - Loja 11 - Piso 1 - Praia do Canto, Vitória - ES, 29055-131, Brazil",Vitória,ES,Vitória,Região Metropolitana da Grande Vitória,municipio_da_capital
ChIJ7_r9xnMZuAARN1VAw1KnCcI,Machado Games,"Ed. Tropical Center, Torre B - Av. Des. Dermeval Lyrio, 640 - Sala 210 - Mata da Praia, Vitória - ES, 29065-340, Brazil",Vitória,ES,Vitória,Região Metropolitana da Grande Vitória,municipio_da_capital
ChIJ9_R9fMQXuAARxW6KKJ-e1AU,Mario Games e Celulares,"Shopping Boulevard da Praia - Av. Nossa Sra. da Penha, 356 - Lj 35 Terreo - Praia do Canto, Vitória - ES, 29055-131, Brazil",Vitória,ES,Vitória,Região Metropolitana da Grande Vitória,municipio_da_capital
ChIJjXHndTsXuAARJ4EYkNCPOD8,Megamente Jogos e Brinquedos Educativos,"Shopping Triangulo - R. João da Cruz, 200 - Quiosque 2 - Praia do Canto, Vitória - ES, 29055-620, Brazil",Vitória,ES,Vitória,Região Metropolitana da Grande Vitória,municipio_da_capital
ChIJI00DNeIXuAAR6zsaUxQnV5s,Mito Games LTDA,"Condomínio do Edifício Nacap - Alameda Mari Ubirajara, 40 - sala 208 - Santa Lucia, Vitória - ES, 29056-030, Brazil",Vitória,ES,Vitória,Região Metropolitana da Grande Vitória,municipio_da_capital
ChIJr_hM6WQXuAARt-tsDdE1B7U,Mundo Geek Vitoria,"Shopping Vitória Shopping Vitória, 200 - Enseada do Suá, Vitória - ES, 29050-902, Brazil",Vitória,ES,Vitória,Região Metropolitana da Grande Vitória,municipio_da_capital
ChIJd50u8ZcXuAAR8XOv3fVgCr8,Palácio dos Brinquedos,"Av. Rio Branco, 1357 - Lj 2 - Praia do Canto, Vitória - ES, 29056-255, Brazil",Vitória,ES,Vitória,Região Metropolitana da Grande Vitória,municipio_da_capital
ChIJwdTqoR8YuAARAAa5RuP5_dM,Power Games Ltd.,"R. Cândido Ramos, 30 - Lj 03 - Jardim da Penha, Vitória - ES, 29060-090, Brazil",Vitória,ES,Vitória,Região Metropolitana da Grande Vitória,municipio_da_capital
ChIJRW0tKfAXuAARxELYUzaZNSg,Pra Brincar Brinquedoteca,"Poseidon Plaza - R. da Grécia, 320 - Lj 04 - Santa Luíza, Vitória - ES, 29045-225, Brazil",Vitória,ES,Vitória,Região Metropolitana da Grande Vitória,municipio_da_capital
ChIJu1ycbBwYuAAR4VoapgwGSBY,Quero Quero Brinquedos,"Av. Hugo Viola, 1001 - Lj 6 A - Mata da Praia, Vitória - ES, 29065-475, Brazil",Vitória,ES,Vitória,Região Metropolitana da Grande Vitória,municipio_da_capital
ChIJu0jcwX09uAARPf5TuhkqM-4,Sonho de Brincar - Brinquedoteca,"Av. Joubert de Barros, 685 - Bento Ferreira, Vitória - ES, 29050-720, Brazil",Vitória,ES,Vitória,Região Metropolitana da Grande Vitória,municipio_da_capital
ChIJf2QubrgXuAARQgoocE_Vf-c,Superkids Brinquedos,"Shopping Vitória - Av. Américo Buaiz, 200 - Lj 208 - Enseada do Suá, Vitória - ES, 29050-902, Brazil",Vitória,ES,Vitória,Região Metropolitana da Grande Vitória,municipio_da_capital
ChIJP-rZBxoYuAARoABHZZgnnY8,"Taberna Geek – Card Games, TCG e Eventos em Vitória","Av. Adalberto Simão Nader, 425 - Lj 5 - Mata da Praia, Vitória - ES, 29066-310, Brazil",Vitória,ES,Vitória,Região Metropolitana da Grande Vitória,municipio_da_capital
ChIJffwleigXuAAR-LDVO9VgcnY,Vem Brincar Brinquedoteca,"Poseidon Plaza - R. da Grécia, 320A - Santa Luíza, Vitória - ES, 29045-225, Brazil",Vitória,ES,Vitória,Região Metropolitana da Grande Vitória,municipio_da_capital
ChIJbbYt8cwZuAAR2YTmcGXhsRw,Vila Geek Vitória,"R. Milton Ramalho Simões, 130 - Jardim Camburi, Vitória - ES, 29090-770, Brazil",Vitória,ES,Vitória,Região Metropolitana da Grande Vitória,municipio_da_capital
ChIJ2Rw1_KI9uAARzFm94YVkElk,Vitória Games,"Av. Jerônimo Monteiro, 793 - Centro, Vitória - ES, 29010-004, Brazil",Vitória,ES,Vitória,Região Metropolitana da Grande Vitória,municipio_da_capital
